id,season,city,date,match_type,player_of_match,venue,team1,team2,toss_winner,toss_decision,winner,result,result_margin,target_runs,target_overs,super_over,method,umpire1,umpire2
335982,2007/08,Bangalore,2008-04-18,League,BB McCullum,m chinnaswamy stadium,Royal Challengers Bangalore,Kolkata Knight Riders,Royal Challengers Bangalore,field,Kolkata Knight Riders,runs,140.0,223.0,20.0,N,,Asad Rauf,RE Koertzen
335983,2007/08,Chandigarh,2008-04-19,League,MEK Hussey,"punjab cricket association stadium, mohali",Kings XI Punjab,Chennai Super Kings,Chennai Super Kings,bat,Chennai Super Kings,runs,33.0,241.0,20.0,N,,MR Benson,SL Shastri
335984,2007/08,Delhi,2008-04-19,League,MF Maharoof,feroz shah kotla,Delhi Daredevils,Rajasthan Royals,Rajasthan Royals,bat,Delhi Daredevils,wickets,9.0,130.0,20.0,N,,Aleem Dar,GA Pratapkumar
335985,2007/08,Mumbai,2008-04-20,League,MV Boucher,wankhede stadium,Mumbai Indians,Royal Challengers Bangalore,Mumbai Indians,bat,Royal Challengers Bangalore,wickets,5.0,166.0,20.0,N,,SJ Davis,DJ Harper
335986,2007/08,Kolkata,2008-04-20,League,DJ Hussey,eden gardens,Kolkata Knight Riders,Deccan Chargers,Deccan Chargers,bat,Kolkata Knight Riders,wickets,5.0,111.0,20.0,N,,BF Bowden,K Hariharan
335987,2007/08,Jaipur,2008-04-21,League,SR Watson,sawai mansingh stadium,Rajasthan Royals,Kings XI Punjab,Kings XI Punjab,bat,Rajasthan Royals,wickets,6.0,167.0,20.0,N,,Aleem Dar,RB Tiffin
335988,2007/08,Hyderabad,2008-04-22,League,V Sehwag,"rajiv gandhi international stadium, uppal",Deccan Chargers,Delhi Daredevils,Deccan Chargers,bat,Delhi Daredevils,wickets,9.0,143.0,20.0,N,,IL Howell,AM Saheba
335989,2007/08,Chennai,2008-04-23,League,ML Hayden,"ma chidambaram stadium, chepauk",Chennai Super Kings,Mumbai Indians,Mumbai Indians,field,Chennai Super Kings,runs,6.0,209.0,20.0,N,,DJ Harper,GA Pratapkumar
335990,2007/08,Hyderabad,2008-04-24,League,YK Pathan,"rajiv gandhi international stadium, uppal",Deccan Chargers,Rajasthan Royals,Rajasthan Royals,field,Rajasthan Royals,wickets,3.0,215.0,20.0,N,,Asad Rauf,MR Benson
335991,2007/08,Chandigarh,2008-04-25,League,KC Sangakkara,"punjab cricket association stadium, mohali",Kings XI Punjab,Mumbai Indians,Mumbai Indians,field,Kings XI Punjab,runs,66.0,183.0,20.0,N,,Aleem Dar,AM Saheba
335992,2007/08,Bangalore,2008-04-26,League,SR Watson,m chinnaswamy stadium,Royal Challengers Bangalore,Rajasthan Royals,Rajasthan Royals,field,Rajasthan Royals,wickets,7.0,136.0,20.0,N,,MR Benson,IL Howell
335993,2007/08,Chennai,2008-04-26,League,JDP Oram,"ma chidambaram stadium, chepauk",Chennai Super Kings,Kolkata Knight Riders,Kolkata Knight Riders,bat,Chennai Super Kings,wickets,9.0,148.0,20.0,N,,BF Bowden,AV Jayaprakash
335994,2007/08,Mumbai,2008-04-27,League,AC Gilchrist,dr dy patil sports academy,Mumbai Indians,Deccan Chargers,Deccan Chargers,field,Deccan Chargers,wickets,10.0,155.0,20.0,N,,Asad Rauf,SL Shastri
335995,2007/08,Chandigarh,2008-04-27,League,SM Katich,"punjab cricket association stadium, mohali",Kings XI Punjab,Delhi Daredevils,Delhi Daredevils,bat,Kings XI Punjab,wickets,4.0,159.0,20.0,N,,RE Koertzen,I Shivram
335996,2007/08,Bangalore,2008-04-28,League,MS Dhoni,m chinnaswamy stadium,Royal Challengers Bangalore,Chennai Super Kings,Chennai Super Kings,bat,Chennai Super Kings,runs,13.0,179.0,20.0,N,,BR Doctrove,RB Tiffin
335997,2007/08,Kolkata,2008-04-29,League,ST Jayasuriya,eden gardens,Kolkata Knight Riders,Mumbai Indians,Kolkata Knight Riders,bat,Mumbai Indians,wickets,7.0,138.0,20.0,N,,BF Bowden,AV Jayaprakash
335998,2007/08,Delhi,2008-04-30,League,GD McGrath,feroz shah kotla,Delhi Daredevils,Royal Challengers Bangalore,Royal Challengers Bangalore,field,Delhi Daredevils,runs,10.0,192.0,20.0,N,,Aleem Dar,I Shivram
335999,2007/08,Hyderabad,2008-05-01,League,SE Marsh,"rajiv gandhi international stadium, uppal",Deccan Chargers,Kings XI Punjab,Kings XI Punjab,field,Kings XI Punjab,wickets,7.0,165.0,20.0,N,,BR Doctrove,RB Tiffin
336000,2007/08,Jaipur,2008-05-01,League,SA Asnodkar,sawai mansingh stadium,Rajasthan Royals,Kolkata Knight Riders,Rajasthan Royals,bat,Rajasthan Royals,runs,45.0,197.0,20.0,N,,RE Koertzen,GA Pratapkumar
336001,2007/08,Chennai,2008-05-02,League,V Sehwag,"ma chidambaram stadium, chepauk",Chennai Super Kings,Delhi Daredevils,Chennai Super Kings,bat,Delhi Daredevils,wickets,8.0,170.0,20.0,N,,BF Bowden,K Hariharan
336003,2007/08,Chandigarh,2008-05-03,League,IK Pathan,"punjab cricket association stadium, mohali",Kings XI Punjab,Kolkata Knight Riders,Kings XI Punjab,bat,Kings XI Punjab,runs,9.0,179.0,20.0,N,,DJ Harper,I Shivram
336034,2007/08,Bangalore,2008-05-03,League,P Kumar,m chinnaswamy stadium,Royal Challengers Bangalore,Deccan Chargers,Deccan Chargers,field,Royal Challengers Bangalore,runs,3.0,157.0,20.0,N,,BR Doctrove,SL Shastri
336004,2007/08,Mumbai,2008-05-04,League,SM Pollock,dr dy patil sports academy,Mumbai Indians,Delhi Daredevils,Delhi Daredevils,field,Mumbai Indians,runs,29.0,163.0,20.0,N,,IL Howell,RE Koertzen
336005,2007/08,Jaipur,2008-05-04,League,Sohail Tanvir,sawai mansingh stadium,Rajasthan Royals,Chennai Super Kings,Chennai Super Kings,bat,Rajasthan Royals,wickets,8.0,110.0,20.0,N,,Asad Rauf,AV Jayaprakash
336006,2007/08,Bangalore,2008-05-05,League,S Sreesanth,m chinnaswamy stadium,Royal Challengers Bangalore,Kings XI Punjab,Kings XI Punjab,field,Kings XI Punjab,wickets,6.0,127.0,20.0,N,,SJ Davis,BR Doctrove
336007,2007/08,Chennai,2008-05-06,League,AC Gilchrist,"ma chidambaram stadium, chepauk",Chennai Super Kings,Deccan Chargers,Deccan Chargers,field,Deccan Chargers,wickets,7.0,145.0,20.0,N,,MR Benson,RB Tiffin
336008,2007/08,Mumbai,2008-05-07,League,A Nehra,dr dy patil sports academy,Mumbai Indians,Rajasthan Royals,Mumbai Indians,field,Mumbai Indians,wickets,7.0,104.0,20.0,N,,DJ Harper,RE Koertzen
336009,2007/08,Delhi,2008-05-08,League,MS Dhoni,feroz shah kotla,Delhi Daredevils,Chennai Super Kings,Chennai Super Kings,field,Chennai Super Kings,wickets,4.0,188.0,20.0,N,,Aleem Dar,RB Tiffin
336010,2007/08,Kolkata,2008-05-08,League,SC Ganguly,eden gardens,Kolkata Knight Riders,Royal Challengers Bangalore,Kolkata Knight Riders,bat,Kolkata Knight Riders,runs,5.0,130.0,16.0,N,,Asad Rauf,IL Howell
336011,2007/08,Jaipur,2008-05-09,League,YK Pathan,sawai mansingh stadium,Rajasthan Royals,Deccan Chargers,Rajasthan Royals,field,Rajasthan Royals,wickets,8.0,141.0,20.0,N,,MR Benson,AM Saheba
336013,2007/08,Chennai,2008-05-10,League,L Balaji,"ma chidambaram stadium, chepauk",Chennai Super Kings,Kings XI Punjab,Kings XI Punjab,field,Chennai Super Kings,runs,18.0,182.0,20.0,N,,AV Jayaprakash,BG Jerling
336014,2007/08,Hyderabad,2008-05-11,League,SC Ganguly,"rajiv gandhi international stadium, uppal",Deccan Chargers,Kolkata Knight Riders,Kolkata Knight Riders,bat,Kolkata Knight Riders,runs,23.0,205.0,20.0,N,,IL Howell,AM Saheba
336015,2007/08,Jaipur,2008-05-11,League,SR Watson,sawai mansingh stadium,Rajasthan Royals,Delhi Daredevils,Rajasthan Royals,field,Rajasthan Royals,wickets,3.0,157.0,20.0,N,,SJ Davis,RE Koertzen
336016,2007/08,Chandigarh,2008-05-12,League,SE Marsh,"punjab cricket association stadium, mohali",Kings XI Punjab,Royal Challengers Bangalore,Royal Challengers Bangalore,bat,Kings XI Punjab,wickets,9.0,144.0,20.0,N,,BR Doctrove,I Shivram
336017,2007/08,Kolkata,2008-05-13,League,Shoaib Akhtar,eden gardens,Kolkata Knight Riders,Delhi Daredevils,Kolkata Knight Riders,bat,Kolkata Knight Riders,runs,23.0,134.0,20.0,N,,Asad Rauf,IL Howell
336018,2007/08,Mumbai,2008-05-14,League,ST Jayasuriya,wankhede stadium,Mumbai Indians,Chennai Super Kings,Mumbai Indians,field,Mumbai Indians,wickets,9.0,157.0,20.0,N,,BR Doctrove,AM Saheba
336020,2007/08,Delhi,2008-05-15,League,A Mishra,feroz shah kotla,Delhi Daredevils,Deccan Chargers,Deccan Chargers,field,Delhi Daredevils,runs,12.0,195.0,20.0,N,,BG Jerling,GA Pratapkumar
336021,2007/08,Mumbai,2008-05-16,League,SM Pollock,wankhede stadium,Mumbai Indians,Kolkata Knight Riders,Mumbai Indians,field,Mumbai Indians,wickets,8.0,68.0,20.0,N,,BR Doctrove,DJ Harper
336022,2007/08,Delhi,2008-05-17,League,DPMD Jayawardene,feroz shah kotla,Delhi Daredevils,Kings XI Punjab,Delhi Daredevils,bat,Kings XI Punjab,runs,6.0,89.0,8.0,N,D/L,AV Jayaprakash,RE Koertzen
336023,2007/08,Jaipur,2008-05-17,League,GC Smith,sawai mansingh stadium,Rajasthan Royals,Royal Challengers Bangalore,Royal Challengers Bangalore,field,Rajasthan Royals,runs,65.0,198.0,20.0,N,,BF Bowden,SL Shastri
336024,2007/08,Hyderabad,2008-05-18,League,DJ Bravo,"rajiv gandhi international stadium, uppal",Deccan Chargers,Mumbai Indians,Deccan Chargers,field,Mumbai Indians,runs,25.0,179.0,20.0,N,,BR Doctrove,DJ Harper
336025,2007/08,Kolkata,2008-05-18,League,M Ntini,eden gardens,Kolkata Knight Riders,Chennai Super Kings,Kolkata Knight Riders,bat,Chennai Super Kings,runs,3.0,53.0,8.0,N,D/L,Asad Rauf,K Hariharan
336026,2007/08,Bangalore,2008-05-19,League,SP Goswami,m chinnaswamy stadium,Royal Challengers Bangalore,Delhi Daredevils,Delhi Daredevils,field,Delhi Daredevils,wickets,5.0,155.0,20.0,N,,SJ Davis,GA Pratapkumar
336027,2007/08,Kolkata,2008-05-20,League,YK Pathan,eden gardens,Kolkata Knight Riders,Rajasthan Royals,Rajasthan Royals,field,Rajasthan Royals,wickets,6.0,148.0,20.0,N,,BG Jerling,RE Koertzen
336028,2007/08,Mumbai,2008-05-21,League,SE Marsh,wankhede stadium,Mumbai Indians,Kings XI Punjab,Mumbai Indians,field,Kings XI Punjab,runs,1.0,190.0,20.0,N,,BF Bowden,GA Pratapkumar
336029,2007/08,Chennai,2008-05-21,League,A Kumble,"ma chidambaram stadium, chepauk",Chennai Super Kings,Royal Challengers Bangalore,Royal Challengers Bangalore,bat,Royal Challengers Bangalore,runs,14.0,127.0,20.0,N,,DJ Harper,I Shivram
336031,2007/08,Chandigarh,2008-05-23,League,SE Marsh,"punjab cricket association stadium, mohali",Kings XI Punjab,Deccan Chargers,Kings XI Punjab,field,Kings XI Punjab,wickets,6.0,176.0,20.0,N,,Asad Rauf,SJ Davis
336032,2007/08,Delhi,2008-05-24,League,KD Karthik,feroz shah kotla,Delhi Daredevils,Mumbai Indians,Delhi Daredevils,field,Delhi Daredevils,wickets,5.0,177.0,20.0,N,,BF Bowden,K Hariharan
336033,2007/08,Chennai,2008-05-24,League,JA Morkel,"ma chidambaram stadium, chepauk",Chennai Super Kings,Rajasthan Royals,Rajasthan Royals,bat,Rajasthan Royals,runs,10.0,212.0,20.0,N,,DJ Harper,SL Shastri
336002,2007/08,Hyderabad,2008-05-25,League,R Vinay Kumar,"rajiv gandhi international stadium, uppal",Deccan Chargers,Royal Challengers Bangalore,Deccan Chargers,bat,Royal Challengers Bangalore,wickets,5.0,166.0,20.0,N,,Asad Rauf,RE Koertzen
336035,2007/08,Kolkata,2008-05-25,League,Umar Gul,eden gardens,Kolkata Knight Riders,Kings XI Punjab,Kings XI Punjab,bat,Kolkata Knight Riders,wickets,3.0,175.0,20.0,N,,SJ Davis,I Shivram
336036,2007/08,Jaipur,2008-05-26,League,Sohail Tanvir,sawai mansingh stadium,Rajasthan Royals,Mumbai Indians,Rajasthan Royals,field,Rajasthan Royals,wickets,5.0,146.0,20.0,N,,BF Bowden,K Hariharan
336037,2007/08,Hyderabad,2008-05-27,League,SK Raina,"rajiv gandhi international stadium, uppal",Deccan Chargers,Chennai Super Kings,Deccan Chargers,bat,Chennai Super Kings,wickets,7.0,148.0,20.0,N,,BG Jerling,AM Saheba
336012,2007/08,Bangalore,2008-05-28,League,CRD Fernando,m chinnaswamy stadium,Royal Challengers Bangalore,Mumbai Indians,Mumbai Indians,field,Mumbai Indians,wickets,9.0,123.0,18.0,N,,BF Bowden,AV Jayaprakash
336019,2007/08,Chandigarh,2008-05-28,League,SE Marsh,"punjab cricket association stadium, mohali",Kings XI Punjab,Rajasthan Royals,Rajasthan Royals,field,Kings XI Punjab,runs,41.0,222.0,20.0,N,,SJ Davis,K Hariharan
336038,2007/08,Mumbai,2008-05-30,Semi Final,SR Watson,wankhede stadium,Delhi Daredevils,Rajasthan Royals,Delhi Daredevils,field,Rajasthan Royals,runs,105.0,193.0,20.0,N,,BF Bowden,RE Koertzen
336039,2007/08,Mumbai,2008-05-31,Semi Final,M Ntini,wankhede stadium,Chennai Super Kings,Kings XI Punjab,Kings XI Punjab,bat,Chennai Super Kings,wickets,9.0,113.0,20.0,N,,Asad Rauf,DJ Harper
336040,2007/08,Mumbai,2008-06-01,Final,YK Pathan,dr dy patil sports academy,Chennai Super Kings,Rajasthan Royals,Rajasthan Royals,field,Rajasthan Royals,wickets,3.0,164.0,20.0,N,,BF Bowden,RE Koertzen
392181,2009,Cape Town,2009-04-18,League,SR Tendulkar,newlands,Chennai Super Kings,Mumbai Indians,Chennai Super Kings,field,Mumbai Indians,runs,19.0,166.0,20.0,N,,BR Doctrove,K Hariharan
392182,2009,Cape Town,2009-04-18,League,R Dravid,newlands,Royal Challengers Bangalore,Rajasthan Royals,Royal Challengers Bangalore,bat,Royal Challengers Bangalore,runs,75.0,134.0,20.0,N,,BR Doctrove,RB Tiffin
392183,2009,Cape Town,2009-04-19,League,DL Vettori,newlands,Delhi Daredevils,Kings XI Punjab,Delhi Daredevils,field,Delhi Daredevils,wickets,10.0,54.0,6.0,N,D/L,MR Benson,SD Ranade
392184,2009,Cape Town,2009-04-19,League,RP Singh,newlands,Deccan Chargers,Kolkata Knight Riders,Kolkata Knight Riders,bat,Deccan Chargers,wickets,8.0,102.0,20.0,N,,MR Benson,BR Doctrove
392185,2009,Port Elizabeth,2009-04-20,League,M Muralitharan,st george's park,Royal Challengers Bangalore,Chennai Super Kings,Chennai Super Kings,bat,Chennai Super Kings,runs,92.0,180.0,20.0,N,,BG Jerling,SJA Taufel
392186,2009,Durban,2009-04-21,League,CH Gayle,kingsmead,Kings XI Punjab,Kolkata Knight Riders,Kolkata Knight Riders,field,Kolkata Knight Riders,runs,11.0,69.0,9.2,N,D/L,DJ Harper,SD Ranade
392188,2009,Cape Town,2009-04-22,League,AC Gilchrist,newlands,Royal Challengers Bangalore,Deccan Chargers,Deccan Chargers,bat,Deccan Chargers,runs,24.0,185.0,20.0,N,,M Erasmus,AM Saheba
392189,2009,Durban,2009-04-23,League,AB de Villiers,kingsmead,Chennai Super Kings,Delhi Daredevils,Delhi Daredevils,bat,Delhi Daredevils,runs,9.0,190.0,20.0,N,,BR Doctrove,SJA Taufel
392190,2009,Cape Town,2009-04-23,League,YK Pathan,newlands,Kolkata Knight Riders,Rajasthan Royals,Kolkata Knight Riders,field,Rajasthan Royals,tie,,151.0,20.0,Y,,MR Benson,M Erasmus
392191,2009,Durban,2009-04-24,League,RS Bopara,kingsmead,Royal Challengers Bangalore,Kings XI Punjab,Royal Challengers Bangalore,bat,Kings XI Punjab,wickets,7.0,169.0,20.0,N,,BR Doctrove,TH Wijewardene
392192,2009,Durban,2009-04-25,League,PP Ojha,kingsmead,Deccan Chargers,Mumbai Indians,Deccan Chargers,bat,Deccan Chargers,runs,12.0,169.0,20.0,N,,HDPK Dharmasena,SJA Taufel
392194,2009,Port Elizabeth,2009-04-26,League,TM Dilshan,st george's park,Royal Challengers Bangalore,Delhi Daredevils,Royal Challengers Bangalore,bat,Delhi Daredevils,wickets,6.0,150.0,20.0,N,,S Asnani,BG Jerling
392195,2009,Cape Town,2009-04-26,League,KC Sangakkara,newlands,Kings XI Punjab,Rajasthan Royals,Kings XI Punjab,bat,Kings XI Punjab,runs,27.0,140.0,20.0,N,,M Erasmus,K Hariharan
392196,2009,Durban,2009-04-27,League,HH Gibbs,kingsmead,Chennai Super Kings,Deccan Chargers,Deccan Chargers,field,Deccan Chargers,wickets,6.0,166.0,20.0,N,,IL Howell,TH Wijewardene
392197,2009,Port Elizabeth,2009-04-27,League,SR Tendulkar,st george's park,Kolkata Knight Riders,Mumbai Indians,Mumbai Indians,bat,Mumbai Indians,runs,92.0,188.0,20.0,N,,BG Jerling,RB Tiffin
392198,2009,Centurion,2009-04-28,League,YK Pathan,supersport park,Delhi Daredevils,Rajasthan Royals,Delhi Daredevils,bat,Rajasthan Royals,wickets,5.0,144.0,20.0,N,,GAV Baxter,RE Koertzen
392199,2009,Durban,2009-04-29,League,MV Boucher,kingsmead,Royal Challengers Bangalore,Kolkata Knight Riders,Kolkata Knight Riders,bat,Royal Challengers Bangalore,wickets,5.0,140.0,20.0,N,,MR Benson,TH Wijewardene
392200,2009,Durban,2009-04-29,League,KC Sangakkara,kingsmead,Kings XI Punjab,Mumbai Indians,Kings XI Punjab,bat,Kings XI Punjab,runs,3.0,120.0,20.0,N,,MR Benson,SL Shastri
392201,2009,Centurion,2009-04-30,League,DP Nannes,supersport park,Deccan Chargers,Delhi Daredevils,Delhi Daredevils,field,Delhi Daredevils,wickets,6.0,149.0,20.0,N,,GAV Baxter,AM Saheba
392202,2009,Centurion,2009-04-30,League,SK Raina,supersport park,Chennai Super Kings,Rajasthan Royals,Rajasthan Royals,field,Chennai Super Kings,runs,38.0,165.0,20.0,N,,GAV Baxter,RE Koertzen
392203,2009,East London,2009-05-01,League,JP Duminy,buffalo park,Kolkata Knight Riders,Mumbai Indians,Mumbai Indians,bat,Mumbai Indians,runs,9.0,149.0,20.0,N,,M Erasmus,SK Tarapore
392204,2009,Durban,2009-05-01,League,Yuvraj Singh,kingsmead,Royal Challengers Bangalore,Kings XI Punjab,Royal Challengers Bangalore,bat,Royal Challengers Bangalore,runs,8.0,146.0,20.0,N,,HDPK Dharmasena,S Ravi
392205,2009,Port Elizabeth,2009-05-02,League,YK Pathan,st george's park,Deccan Chargers,Rajasthan Royals,Deccan Chargers,bat,Rajasthan Royals,wickets,3.0,142.0,20.0,N,,S Asnani,BG Jerling
392206,2009,Johannesburg,2009-05-02,League,SB Jakati,new wanderers stadium,Chennai Super Kings,Delhi Daredevils,Delhi Daredevils,field,Chennai Super Kings,runs,18.0,164.0,20.0,N,,DJ Harper,RE Koertzen
392207,2009,Port Elizabeth,2009-05-03,League,DPMD Jayawardene,st george's park,Kings XI Punjab,Kolkata Knight Riders,Kolkata Knight Riders,bat,Kings XI Punjab,wickets,6.0,154.0,20.0,N,,S Asnani,MR Benson
392208,2009,Johannesburg,2009-05-03,League,JH Kallis,new wanderers stadium,Royal Challengers Bangalore,Mumbai Indians,Mumbai Indians,bat,Royal Challengers Bangalore,wickets,9.0,150.0,20.0,N,,RE Koertzen,TH Wijewardene
392209,2009,East London,2009-05-04,League,MS Dhoni,buffalo park,Chennai Super Kings,Deccan Chargers,Chennai Super Kings,bat,Chennai Super Kings,runs,78.0,179.0,20.0,N,,BR Doctrove,M Erasmus
392210,2009,Durban,2009-05-05,League,GC Smith,kingsmead,Kings XI Punjab,Rajasthan Royals,Kings XI Punjab,field,Rajasthan Royals,runs,78.0,212.0,20.0,N,,SS Hazare,IL Howell
392211,2009,Durban,2009-05-05,League,G Gambhir,kingsmead,Delhi Daredevils,Kolkata Knight Riders,Kolkata Knight Riders,bat,Delhi Daredevils,wickets,9.0,155.0,20.0,N,,GAV Baxter,IL Howell
392212,2009,Centurion,2009-05-06,League,RG Sharma,supersport park,Deccan Chargers,Mumbai Indians,Deccan Chargers,bat,Deccan Chargers,runs,19.0,146.0,20.0,N,,MR Benson,HDPK Dharmasena
392213,2009,Centurion,2009-05-07,League,A Singh,supersport park,Royal Challengers Bangalore,Rajasthan Royals,Rajasthan Royals,field,Rajasthan Royals,wickets,7.0,106.0,20.0,N,,K Hariharan,DJ Harper
392214,2009,Centurion,2009-05-07,League,ML Hayden,supersport park,Chennai Super Kings,Kings XI Punjab,Chennai Super Kings,bat,Chennai Super Kings,runs,12.0,187.0,18.0,N,D/L,DJ Harper,TH Wijewardene
392215,2009,East London,2009-05-08,League,A Nehra,buffalo park,Delhi Daredevils,Mumbai Indians,Mumbai Indians,bat,Delhi Daredevils,wickets,7.0,117.0,20.0,N,,M Erasmus,SK Tarapore
392216,2009,Kimberley,2009-05-09,League,DPMD Jayawardene,de beers diamond oval,Deccan Chargers,Kings XI Punjab,Kings XI Punjab,field,Kings XI Punjab,wickets,3.0,169.0,20.0,N,,GAV Baxter,AM Saheba
392217,2009,Kimberley,2009-05-09,League,S Badrinath,de beers diamond oval,Chennai Super Kings,Rajasthan Royals,Rajasthan Royals,bat,Chennai Super Kings,wickets,7.0,141.0,20.0,N,,GAV Baxter,HDPK Dharmasena
392218,2009,Port Elizabeth,2009-05-10,League,JP Duminy,st george's park,Royal Challengers Bangalore,Mumbai Indians,Mumbai Indians,bat,Mumbai Indians,runs,16.0,158.0,20.0,N,,BR Doctrove,BG Jerling
392219,2009,Johannesburg,2009-05-10,League,A Mishra,new wanderers stadium,Delhi Daredevils,Kolkata Knight Riders,Delhi Daredevils,field,Delhi Daredevils,wickets,7.0,124.0,20.0,N,,SL Shastri,RB Tiffin
392220,2009,Kimberley,2009-05-11,League,DR Smith,de beers diamond oval,Deccan Chargers,Rajasthan Royals,Deccan Chargers,bat,Deccan Chargers,runs,53.0,167.0,20.0,N,,GAV Baxter,HDPK Dharmasena
392221,2009,Centurion,2009-05-12,League,LRPL Taylor,supersport park,Royal Challengers Bangalore,Kolkata Knight Riders,Royal Challengers Bangalore,field,Royal Challengers Bangalore,wickets,6.0,174.0,20.0,N,,M Erasmus,SS Hazare
392222,2009,Centurion,2009-05-12,League,Harbhajan Singh,supersport park,Kings XI Punjab,Mumbai Indians,Kings XI Punjab,bat,Mumbai Indians,wickets,8.0,120.0,20.0,N,,SS Hazare,RE Koertzen
392223,2009,Durban,2009-05-13,League,R Bhatia,kingsmead,Deccan Chargers,Delhi Daredevils,Deccan Chargers,field,Delhi Daredevils,runs,12.0,174.0,20.0,N,,DJ Harper,SL Shastri
392224,2009,Durban,2009-05-14,League,LRPL Taylor,kingsmead,Royal Challengers Bangalore,Chennai Super Kings,Chennai Super Kings,bat,Royal Challengers Bangalore,wickets,2.0,130.0,20.0,N,,BR Doctrove,DJ Harper
392225,2009,Durban,2009-05-14,League,SK Warne,kingsmead,Mumbai Indians,Rajasthan Royals,Rajasthan Royals,bat,Rajasthan Royals,runs,2.0,146.0,20.0,N,,BR Doctrove,DJ Harper
392226,2009,Bloemfontein,2009-05-15,League,B Lee,outsurance oval,Delhi Daredevils,Kings XI Punjab,Kings XI Punjab,field,Kings XI Punjab,wickets,6.0,121.0,20.0,N,,HDPK Dharmasena,IL Howell
392227,2009,Port Elizabeth,2009-05-16,League,ML Hayden,st george's park,Chennai Super Kings,Mumbai Indians,Mumbai Indians,bat,Chennai Super Kings,wickets,7.0,148.0,20.0,N,,SK Tarapore,SJA Taufel
392228,2009,Johannesburg,2009-05-16,League,RG Sharma,new wanderers stadium,Deccan Chargers,Kolkata Knight Riders,Deccan Chargers,field,Deccan Chargers,wickets,6.0,161.0,20.0,N,,RE Koertzen,S Ravi
392229,2009,Johannesburg,2009-05-17,League,Yuvraj Singh,new wanderers stadium,Deccan Chargers,Kings XI Punjab,Deccan Chargers,field,Kings XI Punjab,runs,1.0,135.0,20.0,N,,S Ravi,RB Tiffin
392230,2009,Bloemfontein,2009-05-17,League,AB de Villiers,outsurance oval,Delhi Daredevils,Rajasthan Royals,Delhi Daredevils,bat,Delhi Daredevils,runs,14.0,151.0,20.0,N,,SS Hazare,IL Howell
392231,2009,Centurion,2009-05-18,League,BJ Hodge,supersport park,Chennai Super Kings,Kolkata Knight Riders,Chennai Super Kings,bat,Kolkata Knight Riders,wickets,7.0,189.0,20.0,N,,SJA Taufel,RB Tiffin
392232,2009,Johannesburg,2009-05-19,League,JH Kallis,new wanderers stadium,Royal Challengers Bangalore,Delhi Daredevils,Delhi Daredevils,bat,Royal Challengers Bangalore,wickets,7.0,135.0,20.0,N,,IL Howell,RB Tiffin
392233,2009,Durban,2009-05-20,League,LR Shukla,kingsmead,Kolkata Knight Riders,Rajasthan Royals,Kolkata Knight Riders,field,Kolkata Knight Riders,wickets,4.0,102.0,20.0,N,,BG Jerling,SJA Taufel
392234,2009,Durban,2009-05-20,League,M Muralitharan,kingsmead,Chennai Super Kings,Kings XI Punjab,Chennai Super Kings,bat,Chennai Super Kings,runs,24.0,117.0,20.0,N,,BG Jerling,SJA Taufel
392235,2009,Centurion,2009-05-21,League,V Sehwag,supersport park,Delhi Daredevils,Mumbai Indians,Delhi Daredevils,field,Delhi Daredevils,wickets,4.0,166.0,20.0,N,,IL Howell,S Ravi
392236,2009,Centurion,2009-05-21,League,MK Pandey,supersport park,Royal Challengers Bangalore,Deccan Chargers,Royal Challengers Bangalore,bat,Royal Challengers Bangalore,runs,12.0,171.0,20.0,N,,IL Howell,S Ravi
392237,2009,Centurion,2009-05-22,Semi Final,AC Gilchrist,supersport park,Delhi Daredevils,Deccan Chargers,Deccan Chargers,field,Deccan Chargers,wickets,6.0,154.0,20.0,N,,BR Doctrove,DJ Harper
392238,2009,Johannesburg,2009-05-23,Semi Final,MK Pandey,new wanderers stadium,Royal Challengers Bangalore,Chennai Super Kings,Royal Challengers Bangalore,field,Royal Challengers Bangalore,wickets,6.0,147.0,20.0,N,,RE Koertzen,SJA Taufel
392239,2009,Johannesburg,2009-05-24,Final,A Kumble,new wanderers stadium,Royal Challengers Bangalore,Deccan Chargers,Royal Challengers Bangalore,field,Deccan Chargers,runs,6.0,144.0,20.0,N,,RE Koertzen,SJA Taufel
419106,2009/10,Mumbai,2010-03-12,League,AD Mathews,dr dy patil sports academy,Deccan Chargers,Kolkata Knight Riders,Deccan Chargers,field,Kolkata Knight Riders,runs,11.0,162.0,20.0,N,,RE Koertzen,RB Tiffin
419107,2009/10,Mumbai,2010-03-13,League,YK Pathan,brabourne stadium,Mumbai Indians,Rajasthan Royals,Mumbai Indians,bat,Mumbai Indians,runs,4.0,213.0,20.0,N,,RE Koertzen,RB Tiffin
419108,2009/10,Chandigarh,2010-03-13,League,G Gambhir,"punjab cricket association stadium, mohali",Kings XI Punjab,Delhi Daredevils,Delhi Daredevils,field,Delhi Daredevils,wickets,5.0,143.0,20.0,N,,BR Doctrove,S Ravi
419109,2009/10,Kolkata,2010-03-14,League,MK Tiwary,eden gardens,Kolkata Knight Riders,Royal Challengers Bangalore,Kolkata Knight Riders,field,Kolkata Knight Riders,wickets,7.0,136.0,20.0,N,,HDPK Dharmasena,AM Saheba
419110,2009/10,Chennai,2010-03-14,League,WPUJC Vaas,"ma chidambaram stadium, chepauk",Chennai Super Kings,Deccan Chargers,Deccan Chargers,bat,Deccan Chargers,runs,31.0,191.0,20.0,N,,K Hariharan,DJ Harper
419111,2009/10,Ahmedabad,2010-03-15,League,V Sehwag,"sardar patel stadium, motera",Rajasthan Royals,Delhi Daredevils,Delhi Daredevils,field,Delhi Daredevils,wickets,6.0,142.0,20.0,N,,BG Jerling,RE Koertzen
419112,2009/10,Bangalore,2010-03-16,League,JH Kallis,m chinnaswamy stadium,Royal Challengers Bangalore,Kings XI Punjab,Kings XI Punjab,bat,Royal Challengers Bangalore,wickets,8.0,204.0,20.0,N,,S Das,DJ Harper
419113,2009/10,Kolkata,2010-03-16,League,MS Dhoni,eden gardens,Kolkata Knight Riders,Chennai Super Kings,Chennai Super Kings,bat,Chennai Super Kings,runs,55.0,165.0,20.0,N,,HDPK Dharmasena,AM Saheba
419114,2009/10,Delhi,2010-03-17,League,SR Tendulkar,feroz shah kotla,Delhi Daredevils,Mumbai Indians,Delhi Daredevils,field,Mumbai Indians,runs,98.0,219.0,20.0,N,,BR Doctrove,SK Tarapore
419115,2009/10,Bangalore,2010-03-18,League,JH Kallis,m chinnaswamy stadium,Royal Challengers Bangalore,Rajasthan Royals,Royal Challengers Bangalore,field,Royal Challengers Bangalore,wickets,10.0,93.0,20.0,N,,K Hariharan,DJ Harper
419116,2009/10,Delhi,2010-03-19,League,ML Hayden,feroz shah kotla,Delhi Daredevils,Chennai Super Kings,Delhi Daredevils,bat,Chennai Super Kings,wickets,5.0,186.0,20.0,N,,BR Doctrove,SK Tarapore
419117,2009/10,Cuttack,2010-03-19,League,A Symonds,barabati stadium,Deccan Chargers,Kings XI Punjab,Kings XI Punjab,field,Deccan Chargers,runs,6.0,171.0,20.0,N,,BF Bowden,M Erasmus
419118,2009/10,Ahmedabad,2010-03-20,League,AA Jhunjhunwala,"sardar patel stadium, motera",Rajasthan Royals,Kolkata Knight Riders,Rajasthan Royals,bat,Rajasthan Royals,runs,34.0,169.0,20.0,N,,RE Koertzen,RB Tiffin
419119,2009/10,Mumbai,2010-03-20,League,JH Kallis,brabourne stadium,Mumbai Indians,Royal Challengers Bangalore,Mumbai Indians,bat,Royal Challengers Bangalore,wickets,7.0,152.0,20.0,N,,HDPK Dharmasena,SS Hazare
419120,2009/10,Cuttack,2010-03-21,League,A Symonds,barabati stadium,Deccan Chargers,Delhi Daredevils,Deccan Chargers,bat,Deccan Chargers,runs,10.0,172.0,20.0,N,,BF Bowden,M Erasmus
419121,2009/10,Chennai,2010-03-21,League,J Theron,"ma chidambaram stadium, chepauk",Chennai Super Kings,Kings XI Punjab,Chennai Super Kings,field,Kings XI Punjab,tie,,137.0,20.0,Y,,K Hariharan,DJ Harper
419122,2009/10,Mumbai,2010-03-22,League,SR Tendulkar,brabourne stadium,Mumbai Indians,Kolkata Knight Riders,Kolkata Knight Riders,bat,Mumbai Indians,wickets,7.0,156.0,20.0,N,,SS Hazare,SJA Taufel
419123,2009/10,Bangalore,2010-03-23,League,RV Uthappa,m chinnaswamy stadium,Royal Challengers Bangalore,Chennai Super Kings,Chennai Super Kings,field,Royal Challengers Bangalore,runs,36.0,172.0,20.0,N,,RE Koertzen,RB Tiffin
419124,2009/10,Chandigarh,2010-03-24,League,AC Voges,"punjab cricket association stadium, mohali",Kings XI Punjab,Rajasthan Royals,Kings XI Punjab,field,Rajasthan Royals,runs,31.0,184.0,20.0,N,,BR Doctrove,SK Tarapore
419125,2009/10,Mumbai,2010-03-25,League,SR Tendulkar,"brabourne stadium, mumbai",Chennai Super Kings,Mumbai Indians,Mumbai Indians,field,Mumbai Indians,wickets,5.0,181.0,20.0,N,,AM Saheba,BF Bowden
419128,2009/10,Bangalore,2010-03-25,League,KM Jadhav,m chinnaswamy stadium,Royal Challengers Bangalore,Delhi Daredevils,Royal Challengers Bangalore,field,Delhi Daredevils,runs,17.0,184.0,20.0,N,,BG Jerling,RE Koertzen
419126,2009/10,Ahmedabad,2010-03-26,League,YK Pathan,"sardar patel stadium, motera",Rajasthan Royals,Deccan Chargers,Deccan Chargers,bat,Rajasthan Royals,wickets,8.0,149.0,20.0,N,,HDPK Dharmasena,SJA Taufel
419127,2009/10,Chandigarh,2010-03-27,League,MK Tiwary,"punjab cricket association stadium, mohali",Kings XI Punjab,Kolkata Knight Riders,Kolkata Knight Riders,bat,Kolkata Knight Riders,runs,39.0,184.0,20.0,N,,BR Doctrove,S Ravi
419129,2009/10,Ahmedabad,2010-03-28,League,NV Ojha,"sardar patel stadium, motera",Rajasthan Royals,Chennai Super Kings,Rajasthan Royals,bat,Rajasthan Royals,runs,17.0,178.0,20.0,N,,SS Hazare,SJA Taufel
419130,2009/10,Mumbai,2010-03-28,League,Harbhajan Singh,dr dy patil sports academy,Deccan Chargers,Mumbai Indians,Deccan Chargers,field,Mumbai Indians,runs,41.0,173.0,20.0,N,,S Das,K Hariharan
419131,2009/10,Delhi,2010-03-29,League,DA Warner,feroz shah kotla,Delhi Daredevils,Kolkata Knight Riders,Delhi Daredevils,bat,Delhi Daredevils,runs,40.0,178.0,20.0,N,,SS Hazare,SJA Taufel
419132,2009/10,Mumbai,2010-03-30,League,SL Malinga,brabourne stadium,Mumbai Indians,Kings XI Punjab,Mumbai Indians,field,Mumbai Indians,wickets,4.0,164.0,20.0,N,,BR Doctrove,SK Tarapore
419133,2009/10,Chennai,2010-03-31,League,M Vijay,"ma chidambaram stadium, chepauk",Chennai Super Kings,Royal Challengers Bangalore,Royal Challengers Bangalore,bat,Chennai Super Kings,wickets,5.0,162.0,20.0,N,,BG Jerling,RE Koertzen
419134,2009/10,Delhi,2010-03-31,League,KD Karthik,feroz shah kotla,Delhi Daredevils,Rajasthan Royals,Delhi Daredevils,bat,Delhi Daredevils,runs,67.0,189.0,20.0,N,,HDPK Dharmasena,SJA Taufel
419135,2009/10,Kolkata,2010-04-01,League,SC Ganguly,eden gardens,Kolkata Knight Riders,Deccan Chargers,Kolkata Knight Riders,bat,Kolkata Knight Riders,runs,24.0,182.0,20.0,N,,K Hariharan,DJ Harper
419136,2009/10,Chandigarh,2010-04-02,League,KP Pietersen,"punjab cricket association stadium, mohali",Kings XI Punjab,Royal Challengers Bangalore,Kings XI Punjab,bat,Royal Challengers Bangalore,wickets,6.0,182.0,20.0,N,,BF Bowden,M Erasmus
419137,2009/10,Chennai,2010-04-03,League,M Vijay,"ma chidambaram stadium, chepauk",Chennai Super Kings,Rajasthan Royals,Chennai Super Kings,bat,Chennai Super Kings,runs,23.0,247.0,20.0,N,,RE Koertzen,RB Tiffin
419138,2009/10,Mumbai,2010-04-03,League,AT Rayudu,brabourne stadium,Mumbai Indians,Deccan Chargers,Mumbai Indians,bat,Mumbai Indians,runs,63.0,179.0,20.0,N,,BR Doctrove,S Ravi
419139,2009/10,Kolkata,2010-04-04,League,DPMD Jayawardene,eden gardens,Kolkata Knight Riders,Kings XI Punjab,Kolkata Knight Riders,bat,Kings XI Punjab,wickets,8.0,201.0,20.0,N,,S Asnani,DJ Harper
419140,2009/10,Delhi,2010-04-04,League,PD Collingwood,feroz shah kotla,Delhi Daredevils,Royal Challengers Bangalore,Delhi Daredevils,bat,Delhi Daredevils,runs,37.0,185.0,20.0,N,,BF Bowden,M Erasmus
419141,2009/10,Nagpur,2010-04-05,League,SK Warne,"vidarbha cricket association stadium, jamtha",Deccan Chargers,Rajasthan Royals,Rajasthan Royals,bat,Rajasthan Royals,runs,2.0,160.0,20.0,N,,HDPK Dharmasena,SJA Taufel
419142,2009/10,Chennai,2010-04-06,League,SK Raina,"ma chidambaram stadium, chepauk",Chennai Super Kings,Mumbai Indians,Chennai Super Kings,bat,Chennai Super Kings,runs,24.0,166.0,20.0,N,,S Asnani,DJ Harper
419143,2009/10,Jaipur,2010-04-07,League,MJ Lumb,sawai mansingh stadium,Rajasthan Royals,Kings XI Punjab,Kings XI Punjab,bat,Rajasthan Royals,wickets,9.0,154.0,20.0,N,,S Ravi,SK Tarapore
419144,2009/10,Kolkata,2010-04-07,League,SC Ganguly,eden gardens,Kolkata Knight Riders,Delhi Daredevils,Kolkata Knight Riders,bat,Kolkata Knight Riders,runs,14.0,182.0,20.0,N,,BG Jerling,RE Koertzen
419145,2009/10,Bangalore,2010-04-08,League,TL Suman,m chinnaswamy stadium,Royal Challengers Bangalore,Deccan Chargers,Deccan Chargers,field,Deccan Chargers,wickets,7.0,185.0,20.0,N,,S Asnani,DJ Harper
419146,2009/10,Chandigarh,2010-04-09,League,KC Sangakkara,"punjab cricket association stadium, mohali",Kings XI Punjab,Mumbai Indians,Mumbai Indians,bat,Kings XI Punjab,wickets,6.0,155.0,20.0,N,,M Erasmus,AM Saheba
419147,2009/10,Nagpur,2010-04-10,League,RJ Harris,"vidarbha cricket association stadium, jamtha",Deccan Chargers,Chennai Super Kings,Chennai Super Kings,bat,Deccan Chargers,wickets,6.0,139.0,20.0,N,,HDPK Dharmasena,SJA Taufel
419148,2009/10,Bangalore,2010-04-10,League,R Vinay Kumar,m chinnaswamy stadium,Royal Challengers Bangalore,Kolkata Knight Riders,Royal Challengers Bangalore,field,Royal Challengers Bangalore,wickets,7.0,161.0,20.0,N,,K Hariharan,DJ Harper
419149,2009/10,Delhi,2010-04-11,League,PP Chawla,feroz shah kotla,Delhi Daredevils,Kings XI Punjab,Delhi Daredevils,bat,Kings XI Punjab,wickets,7.0,112.0,20.0,N,,BF Bowden,AM Saheba
419150,2009/10,Jaipur,2010-04-11,League,SR Tendulkar,sawai mansingh stadium,Rajasthan Royals,Mumbai Indians,Rajasthan Royals,field,Mumbai Indians,runs,37.0,175.0,20.0,N,,BR Doctrove,SK Tarapore
419151,2009/10,Nagpur,2010-04-12,League,Harmeet Singh,"vidarbha cricket association stadium, jamtha",Deccan Chargers,Royal Challengers Bangalore,Royal Challengers Bangalore,field,Deccan Chargers,runs,13.0,152.0,20.0,N,,RE Koertzen,RB Tiffin
419152,2009/10,Mumbai,2010-04-13,League,KA Pollard,brabourne stadium,Mumbai Indians,Delhi Daredevils,Mumbai Indians,bat,Mumbai Indians,runs,39.0,184.0,20.0,N,,S Asnani,DJ Harper
419153,2009/10,Chennai,2010-04-13,League,R Ashwin,"ma chidambaram stadium, chepauk",Chennai Super Kings,Kolkata Knight Riders,Kolkata Knight Riders,bat,Chennai Super Kings,wickets,9.0,140.0,20.0,N,,SS Hazare,SJA Taufel
419154,2009/10,Jaipur,2010-04-14,League,KP Pietersen,sawai mansingh stadium,Rajasthan Royals,Royal Challengers Bangalore,Rajasthan Royals,bat,Royal Challengers Bangalore,wickets,5.0,131.0,20.0,N,,BR Doctrove,S Ravi
419155,2009/10,Chennai,2010-04-15,League,G Gambhir,"ma chidambaram stadium, chepauk",Chennai Super Kings,Delhi Daredevils,Chennai Super Kings,bat,Delhi Daredevils,wickets,6.0,113.0,20.0,N,,HDPK Dharmasena,SS Hazare
419156,2009/10,Dharamsala,2010-04-16,League,RG Sharma,himachal pradesh cricket association stadium,Kings XI Punjab,Deccan Chargers,Deccan Chargers,field,Deccan Chargers,wickets,5.0,175.0,20.0,N,,M Erasmus,AM Saheba
419157,2009/10,Bangalore,2010-04-17,League,R McLaren,m chinnaswamy stadium,Royal Challengers Bangalore,Mumbai Indians,Royal Challengers Bangalore,field,Mumbai Indians,runs,57.0,192.0,20.0,N,,HDPK Dharmasena,SJA Taufel
419158,2009/10,Kolkata,2010-04-17,League,JD Unadkat,eden gardens,Kolkata Knight Riders,Rajasthan Royals,Rajasthan Royals,bat,Kolkata Knight Riders,wickets,8.0,133.0,20.0,N,,BG Jerling,RB Tiffin
419159,2009/10,Dharamsala,2010-04-18,League,MS Dhoni,himachal pradesh cricket association stadium,Kings XI Punjab,Chennai Super Kings,Chennai Super Kings,field,Chennai Super Kings,wickets,6.0,193.0,20.0,N,,BF Bowden,AM Saheba
419160,2009/10,Delhi,2010-04-18,League,A Symonds,feroz shah kotla,Delhi Daredevils,Deccan Chargers,Deccan Chargers,bat,Deccan Chargers,runs,11.0,146.0,20.0,N,,BR Doctrove,SK Tarapore
419161,2009/10,Kolkata,2010-04-19,League,M Kartik,eden gardens,Kolkata Knight Riders,Mumbai Indians,Mumbai Indians,bat,Kolkata Knight Riders,wickets,9.0,134.0,20.0,N,,BG Jerling,RE Koertzen
419162,2009/10,Mumbai,2010-04-21,Semi Final,KA Pollard,dr dy patil sports academy,Royal Challengers Bangalore,Mumbai Indians,Mumbai Indians,bat,Mumbai Indians,runs,35.0,185.0,20.0,N,,BR Doctrove,RB Tiffin
419163,2009/10,Mumbai,2010-04-22,Semi Final,DE Bollinger,dr dy patil sports academy,Chennai Super Kings,Deccan Chargers,Chennai Super Kings,bat,Chennai Super Kings,runs,38.0,143.0,20.0,N,,BR Doctrove,RB Tiffin
419164,2009/10,Mumbai,2010-04-24,3rd Place Play-Off,A Kumble,dr dy patil sports academy,Royal Challengers Bangalore,Deccan Chargers,Deccan Chargers,bat,Royal Challengers Bangalore,wickets,9.0,83.0,20.0,N,,RE Koertzen,SJA Taufel
419165,2009/10,Mumbai,2010-04-25,Final,SK Raina,dr dy patil sports academy,Chennai Super Kings,Mumbai Indians,Chennai Super Kings,bat,Chennai Super Kings,runs,22.0,169.0,20.0,N,,RE Koertzen,SJA Taufel
501198,2011,Chennai,2011-04-08,League,S Anirudha,"ma chidambaram stadium, chepauk",Chennai Super Kings,Kolkata Knight Riders,Chennai Super Kings,bat,Chennai Super Kings,runs,2.0,154.0,20.0,N,,BR Doctrove,PR Reiffel
501199,2011,Hyderabad,2011-04-09,League,SK Trivedi,"rajiv gandhi international stadium, uppal",Deccan Chargers,Rajasthan Royals,Rajasthan Royals,field,Rajasthan Royals,wickets,8.0,138.0,20.0,N,,RE Koertzen,SK Tarapore
501200,2011,Kochi,2011-04-09,League,AB de Villiers,nehru stadium,Kochi Tuskers Kerala,Royal Challengers Bangalore,Kochi Tuskers Kerala,bat,Royal Challengers Bangalore,wickets,6.0,162.0,20.0,N,,HDPK Dharmasena,K Hariharan
501201,2011,Delhi,2011-04-10,League,SL Malinga,feroz shah kotla,Delhi Daredevils,Mumbai Indians,Delhi Daredevils,bat,Mumbai Indians,wickets,8.0,96.0,20.0,N,,AM Saheba,RB Tiffin
501202,2011,Mumbai,2011-04-10,League,SB Wagh,dr dy patil sports academy,Pune Warriors,Kings XI Punjab,Kings XI Punjab,bat,Pune Warriors,wickets,7.0,113.0,20.0,N,,BR Doctrove,PR Reiffel
501203,2011,Kolkata,2011-04-11,League,JH Kallis,eden gardens,Kolkata Knight Riders,Deccan Chargers,Kolkata Knight Riders,bat,Kolkata Knight Riders,runs,9.0,164.0,20.0,N,,RE Koertzen,SK Tarapore
501204,2011,Jaipur,2011-04-12,League,SK Warne,sawai mansingh stadium,Rajasthan Royals,Delhi Daredevils,Delhi Daredevils,bat,Rajasthan Royals,wickets,6.0,152.0,20.0,N,,Aleem Dar,RB Tiffin
501205,2011,Bangalore,2011-04-12,League,SR Tendulkar,m chinnaswamy stadium,Royal Challengers Bangalore,Mumbai Indians,Mumbai Indians,field,Mumbai Indians,wickets,9.0,141.0,20.0,N,,HDPK Dharmasena,AL Hill
501206,2011,Chandigarh,2011-04-13,League,PC Valthaty,"punjab cricket association stadium, mohali",Kings XI Punjab,Chennai Super Kings,Kings XI Punjab,field,Kings XI Punjab,wickets,6.0,189.0,20.0,N,,Asad Rauf,SL Shastri
501207,2011,Mumbai,2011-04-13,League,MD Mishra,dr dy patil sports academy,Pune Warriors,Kochi Tuskers Kerala,Kochi Tuskers Kerala,bat,Pune Warriors,wickets,4.0,149.0,20.0,N,,S Asnani,PR Reiffel
501208,2011,Hyderabad,2011-04-14,League,DW Steyn,"rajiv gandhi international stadium, uppal",Deccan Chargers,Royal Challengers Bangalore,Royal Challengers Bangalore,field,Deccan Chargers,runs,33.0,176.0,20.0,N,,RE Koertzen,S Ravi
501209,2011,Jaipur,2011-04-15,League,G Gambhir,sawai mansingh stadium,Rajasthan Royals,Kolkata Knight Riders,Kolkata Knight Riders,field,Kolkata Knight Riders,wickets,9.0,160.0,20.0,N,,Aleem Dar,SS Hazare
501210,2011,Mumbai,2011-04-15,League,BB McCullum,wankhede stadium,Mumbai Indians,Kochi Tuskers Kerala,Kochi Tuskers Kerala,field,Kochi Tuskers Kerala,wickets,8.0,183.0,20.0,N,,BR Doctrove,PR Reiffel
501211,2011,Chennai,2011-04-16,League,MEK Hussey,"ma chidambaram stadium, chepauk",Chennai Super Kings,Royal Challengers Bangalore,Chennai Super Kings,bat,Chennai Super Kings,runs,21.0,184.0,20.0,N,,HDPK Dharmasena,AL Hill
501212,2011,Hyderabad,2011-04-16,League,PC Valthaty,"rajiv gandhi international stadium, uppal",Deccan Chargers,Kings XI Punjab,Kings XI Punjab,field,Kings XI Punjab,wickets,8.0,166.0,20.0,N,,RE Koertzen,S Ravi
501213,2011,Mumbai,2011-04-17,League,Yuvraj Singh,dr dy patil sports academy,Pune Warriors,Delhi Daredevils,Delhi Daredevils,field,Delhi Daredevils,wickets,3.0,188.0,20.0,N,,Asad Rauf,AM Saheba
501214,2011,Kolkata,2011-04-17,League,L Balaji,eden gardens,Kolkata Knight Riders,Rajasthan Royals,Kolkata Knight Riders,field,Kolkata Knight Riders,wickets,8.0,82.0,20.0,N,,Aleem Dar,RB Tiffin
501215,2011,Kochi,2011-04-18,League,BB McCullum,nehru stadium,Kochi Tuskers Kerala,Chennai Super Kings,Kochi Tuskers Kerala,field,Kochi Tuskers Kerala,wickets,7.0,135.0,17.0,N,D/L,K Hariharan,AL Hill
501216,2011,Delhi,2011-04-19,League,S Sohal,feroz shah kotla,Delhi Daredevils,Deccan Chargers,Deccan Chargers,bat,Deccan Chargers,runs,16.0,169.0,20.0,N,,PR Reiffel,RJ Tucker
501218,2011,Mumbai,2011-04-20,League,MM Patel,wankhede stadium,Mumbai Indians,Pune Warriors,Pune Warriors,bat,Mumbai Indians,wickets,7.0,119.0,20.0,N,,Asad Rauf,AM Saheba
501219,2011,Kolkata,2011-04-20,League,DPMD Jayawardene,eden gardens,Kolkata Knight Riders,Kochi Tuskers Kerala,Kolkata Knight Riders,field,Kochi Tuskers Kerala,runs,6.0,133.0,20.0,N,,Aleem Dar,RB Tiffin
501220,2011,Chandigarh,2011-04-21,League,SE Marsh,"punjab cricket association stadium, mohali",Kings XI Punjab,Rajasthan Royals,Rajasthan Royals,field,Kings XI Punjab,runs,48.0,196.0,20.0,N,,S Asnani,PR Reiffel
501221,2011,Mumbai,2011-04-22,League,Harbhajan Singh,wankhede stadium,Mumbai Indians,Chennai Super Kings,Chennai Super Kings,field,Mumbai Indians,runs,8.0,165.0,20.0,N,,Asad Rauf,AM Saheba
501222,2011,Kolkata,2011-04-22,League,CH Gayle,eden gardens,Kolkata Knight Riders,Royal Challengers Bangalore,Royal Challengers Bangalore,field,Royal Challengers Bangalore,wickets,9.0,172.0,20.0,N,,SS Hazare,RB Tiffin
501223,2011,Delhi,2011-04-23,League,DA Warner,feroz shah kotla,Delhi Daredevils,Kings XI Punjab,Kings XI Punjab,field,Delhi Daredevils,runs,29.0,232.0,20.0,N,,S Asnani,RE Koertzen
501224,2011,Hyderabad,2011-04-24,League,SL Malinga,"rajiv gandhi international stadium, uppal",Deccan Chargers,Mumbai Indians,Deccan Chargers,field,Mumbai Indians,runs,37.0,173.0,20.0,N,,HDPK Dharmasena,AL Hill
501225,2011,Jaipur,2011-04-24,League,SK Warne,sawai mansingh stadium,Rajasthan Royals,Kochi Tuskers Kerala,Rajasthan Royals,field,Rajasthan Royals,wickets,8.0,110.0,20.0,N,,BR Doctrove,SK Tarapore
501226,2011,Chennai,2011-04-25,League,MEK Hussey,"ma chidambaram stadium, chepauk",Chennai Super Kings,Pune Warriors,Pune Warriors,field,Chennai Super Kings,runs,25.0,143.0,20.0,N,,Aleem Dar,RB Tiffin
501227,2011,Delhi,2011-04-26,League,V Kohli,feroz shah kotla,Delhi Daredevils,Royal Challengers Bangalore,Royal Challengers Bangalore,field,Royal Challengers Bangalore,wickets,3.0,161.0,20.0,N,,S Asnani,RJ Tucker
501228,2011,Mumbai,2011-04-27,League,DE Bollinger,dr dy patil sports academy,Pune Warriors,Chennai Super Kings,Pune Warriors,bat,Chennai Super Kings,wickets,8.0,142.0,20.0,N,,Asad Rauf,SL Shastri
501229,2011,Kochi,2011-04-27,League,I Sharma,nehru stadium,Kochi Tuskers Kerala,Deccan Chargers,Kochi Tuskers Kerala,field,Deccan Chargers,runs,55.0,130.0,20.0,N,,HDPK Dharmasena,AL Hill
501230,2011,Delhi,2011-04-28,League,MK Tiwary,feroz shah kotla,Delhi Daredevils,Kolkata Knight Riders,Delhi Daredevils,field,Kolkata Knight Riders,runs,17.0,149.0,20.0,N,,PR Reiffel,RJ Tucker
501231,2011,Jaipur,2011-04-29,League,J Botha,sawai mansingh stadium,Rajasthan Royals,Mumbai Indians,Rajasthan Royals,field,Rajasthan Royals,wickets,7.0,95.0,20.0,N,,Asad Rauf,SK Tarapore
501232,2011,Bangalore,2011-04-29,League,V Kohli,m chinnaswamy stadium,Royal Challengers Bangalore,Pune Warriors,Pune Warriors,field,Royal Challengers Bangalore,runs,26.0,182.0,20.0,N,,Aleem Dar,SS Hazare
501233,2011,Kochi,2011-04-30,League,V Sehwag,nehru stadium,Kochi Tuskers Kerala,Delhi Daredevils,Delhi Daredevils,bat,Delhi Daredevils,runs,38.0,158.0,20.0,N,,HDPK Dharmasena,AL Hill
501234,2011,Kolkata,2011-04-30,League,Iqbal Abdulla,eden gardens,Kolkata Knight Riders,Kings XI Punjab,Kolkata Knight Riders,field,Kolkata Knight Riders,wickets,8.0,120.0,20.0,N,,AM Saheba,SL Shastri
501235,2011,Jaipur,2011-05-01,League,LRPL Taylor,sawai mansingh stadium,Rajasthan Royals,Pune Warriors,Rajasthan Royals,field,Rajasthan Royals,wickets,6.0,144.0,20.0,N,,SK Tarapore,SJA Taufel
501236,2011,Chennai,2011-05-01,League,JA Morkel,"ma chidambaram stadium, chepauk",Chennai Super Kings,Deccan Chargers,Chennai Super Kings,bat,Chennai Super Kings,runs,19.0,166.0,20.0,N,,Aleem Dar,RB Tiffin
501237,2011,Mumbai,2011-05-02,League,KA Pollard,wankhede stadium,Mumbai Indians,Kings XI Punjab,Kings XI Punjab,field,Mumbai Indians,runs,23.0,160.0,20.0,N,,HDPK Dharmasena,PR Reiffel
501238,2011,Delhi,2011-05-02,League,P Parameswaran,feroz shah kotla,Delhi Daredevils,Kochi Tuskers Kerala,Kochi Tuskers Kerala,field,Kochi Tuskers Kerala,wickets,7.0,141.0,20.0,N,,Asad Rauf,SL Shastri
501239,2011,Hyderabad,2011-05-03,League,YK Pathan,"rajiv gandhi international stadium, uppal",Deccan Chargers,Kolkata Knight Riders,Deccan Chargers,field,Kolkata Knight Riders,runs,20.0,170.0,20.0,N,,S Asnani,RJ Tucker
501240,2011,Chennai,2011-05-04,League,MEK Hussey,"ma chidambaram stadium, chepauk",Chennai Super Kings,Rajasthan Royals,Rajasthan Royals,bat,Chennai Super Kings,wickets,8.0,148.0,20.0,N,,SS Hazare,RB Tiffin
501241,2011,Mumbai,2011-05-04,League,R Sharma,dr dy patil sports academy,Pune Warriors,Mumbai Indians,Pune Warriors,field,Mumbai Indians,runs,21.0,161.0,20.0,N,,HDPK Dharmasena,SJA Taufel
501242,2011,Kochi,2011-05-05,League,BJ Hodge,nehru stadium,Kochi Tuskers Kerala,Kolkata Knight Riders,Kolkata Knight Riders,field,Kochi Tuskers Kerala,runs,17.0,157.0,20.0,N,,S Ravi,RJ Tucker
501243,2011,Hyderabad,2011-05-05,League,V Sehwag,"rajiv gandhi international stadium, uppal",Deccan Chargers,Delhi Daredevils,Delhi Daredevils,field,Delhi Daredevils,wickets,4.0,176.0,20.0,N,,Asad Rauf,AM Saheba
501244,2011,Bangalore,2011-05-06,League,CH Gayle,m chinnaswamy stadium,Royal Challengers Bangalore,Kings XI Punjab,Kings XI Punjab,field,Royal Challengers Bangalore,runs,85.0,206.0,20.0,N,,Aleem Dar,RB Tiffin
501245,2011,Kolkata,2011-05-07,League,Iqbal Abdulla,eden gardens,Kolkata Knight Riders,Chennai Super Kings,Chennai Super Kings,bat,Kolkata Knight Riders,runs,10.0,52.0,10.0,N,D/L,Asad Rauf,PR Reiffel
501246,2011,Mumbai,2011-05-07,League,AT Rayudu,wankhede stadium,Mumbai Indians,Delhi Daredevils,Delhi Daredevils,field,Mumbai Indians,runs,32.0,179.0,20.0,N,,K Hariharan,SJA Taufel
501247,2011,Bangalore,2011-05-08,League,CH Gayle,m chinnaswamy stadium,Royal Challengers Bangalore,Kochi Tuskers Kerala,Kochi Tuskers Kerala,bat,Royal Challengers Bangalore,wickets,9.0,126.0,20.0,N,,Aleem Dar,SS Hazare
501248,2011,Chandigarh,2011-05-08,League,R Sharma,"punjab cricket association stadium, mohali",Kings XI Punjab,Pune Warriors,Kings XI Punjab,bat,Pune Warriors,wickets,5.0,120.0,20.0,N,,SK Tarapore,RJ Tucker
501249,2011,Jaipur,2011-05-09,League,M Vijay,sawai mansingh stadium,Rajasthan Royals,Chennai Super Kings,Rajasthan Royals,field,Chennai Super Kings,runs,63.0,197.0,20.0,N,,K Hariharan,SJA Taufel
501250,2011,Hyderabad,2011-05-10,League,MR Marsh,"rajiv gandhi international stadium, uppal",Deccan Chargers,Pune Warriors,Deccan Chargers,bat,Pune Warriors,wickets,6.0,137.0,20.0,N,,Asad Rauf,AM Saheba
501251,2011,Chandigarh,2011-05-10,League,BA Bhatt,"punjab cricket association stadium, mohali",Kings XI Punjab,Mumbai Indians,Mumbai Indians,field,Kings XI Punjab,runs,76.0,164.0,20.0,N,,SK Tarapore,RJ Tucker
501252,2011,Jaipur,2011-05-11,League,S Aravind,sawai mansingh stadium,Rajasthan Royals,Royal Challengers Bangalore,Royal Challengers Bangalore,field,Royal Challengers Bangalore,wickets,9.0,147.0,20.0,N,,HDPK Dharmasena,K Hariharan
501253,2011,Chennai,2011-05-12,League,MS Dhoni,"ma chidambaram stadium, chepauk",Chennai Super Kings,Delhi Daredevils,Chennai Super Kings,bat,Chennai Super Kings,runs,18.0,177.0,20.0,N,,AM Saheba,SL Shastri
501254,2011,Indore,2011-05-13,League,KD Karthik,holkar cricket stadium,Kochi Tuskers Kerala,Kings XI Punjab,Kings XI Punjab,field,Kings XI Punjab,wickets,6.0,179.0,20.0,N,,S Asnani,RJ Tucker
501255,2011,Bangalore,2011-05-14,League,CH Gayle,m chinnaswamy stadium,Royal Challengers Bangalore,Kolkata Knight Riders,Royal Challengers Bangalore,field,Royal Challengers Bangalore,wickets,4.0,102.0,13.0,N,D/L,RE Koertzen,RB Tiffin
501256,2011,Mumbai,2011-05-14,League,A Mishra,wankhede stadium,Mumbai Indians,Deccan Chargers,Deccan Chargers,bat,Deccan Chargers,runs,10.0,136.0,20.0,N,,S Ravi,SK Tarapore
501257,2011,Dharamsala,2011-05-15,League,PP Chawla,himachal pradesh cricket association stadium,Kings XI Punjab,Delhi Daredevils,Delhi Daredevils,field,Kings XI Punjab,runs,29.0,171.0,20.0,N,,Asad Rauf,SL Shastri
501258,2011,Indore,2011-05-15,League,BJ Hodge,holkar cricket stadium,Kochi Tuskers Kerala,Rajasthan Royals,Kochi Tuskers Kerala,field,Kochi Tuskers Kerala,wickets,8.0,98.0,20.0,N,,PR Reiffel,RJ Tucker
501259,2011,Mumbai,2011-05-16,League,A Mishra,dr dy patil sports academy,Pune Warriors,Deccan Chargers,Deccan Chargers,field,Deccan Chargers,wickets,6.0,137.0,20.0,N,,S Ravi,SK Tarapore
501260,2011,Dharamsala,2011-05-17,League,AC Gilchrist,himachal pradesh cricket association stadium,Kings XI Punjab,Royal Challengers Bangalore,Kings XI Punjab,bat,Kings XI Punjab,runs,111.0,233.0,20.0,N,,Asad Rauf,AM Saheba
501261,2011,Chennai,2011-05-18,League,WP Saha,"ma chidambaram stadium, chepauk",Chennai Super Kings,Kochi Tuskers Kerala,Chennai Super Kings,bat,Chennai Super Kings,runs,11.0,153.0,20.0,N,,HDPK Dharmasena,RE Koertzen
501262,2011,Mumbai,2011-05-19,League,YK Pathan,dr dy patil sports academy,Pune Warriors,Kolkata Knight Riders,Kolkata Knight Riders,field,Kolkata Knight Riders,wickets,7.0,119.0,20.0,N,,S Ravi,SJA Taufel
501263,2011,Mumbai,2011-05-20,League,SR Watson,wankhede stadium,Mumbai Indians,Rajasthan Royals,Mumbai Indians,bat,Rajasthan Royals,wickets,10.0,134.0,20.0,N,,RE Koertzen,PR Reiffel
501264,2011,Dharamsala,2011-05-21,League,S Dhawan,himachal pradesh cricket association stadium,Kings XI Punjab,Deccan Chargers,Kings XI Punjab,field,Deccan Chargers,runs,82.0,199.0,20.0,N,,Asad Rauf,AM Saheba
501265,2011,Delhi,2011-05-21,League,,feroz shah kotla,Delhi Daredevils,Pune Warriors,Delhi Daredevils,bat,,no result,,,,N,,SS Hazare,RJ Tucker
501266,2011,Bangalore,2011-05-22,League,CH Gayle,m chinnaswamy stadium,Royal Challengers Bangalore,Chennai Super Kings,Royal Challengers Bangalore,field,Royal Challengers Bangalore,wickets,8.0,129.0,20.0,N,,K Hariharan,RE Koertzen
501267,2011,Kolkata,2011-05-22,League,JEC Franklin,eden gardens,Kolkata Knight Riders,Mumbai Indians,Mumbai Indians,field,Mumbai Indians,wickets,5.0,176.0,20.0,N,,SK Tarapore,SJA Taufel
501268,2011,Mumbai,2011-05-24,Qualifier 1,SK Raina,wankhede stadium,Royal Challengers Bangalore,Chennai Super Kings,Chennai Super Kings,field,Chennai Super Kings,wickets,6.0,176.0,20.0,N,,Asad Rauf,SJA Taufel
501269,2011,Mumbai,2011-05-25,Elimination Final,MM Patel,wankhede stadium,Mumbai Indians,Kolkata Knight Riders,Mumbai Indians,field,Mumbai Indians,wickets,4.0,148.0,20.0,N,,Asad Rauf,SJA Taufel
501270,2011,Chennai,2011-05-27,Qualifier 2,CH Gayle,"ma chidambaram stadium, chepauk",Royal Challengers Bangalore,Mumbai Indians,Mumbai Indians,field,Royal Challengers Bangalore,runs,43.0,186.0,20.0,N,,Asad Rauf,SJA Taufel
501271,2011,Chennai,2011-05-28,Final,M Vijay,"ma chidambaram stadium, chepauk",Chennai Super Kings,Royal Challengers Bangalore,Chennai Super Kings,bat,Chennai Super Kings,runs,58.0,206.0,20.0,N,,Asad Rauf,SJA Taufel
548306,2012,Chennai,2012-04-04,League,RE Levi,"ma chidambaram stadium, chepauk",Chennai Super Kings,Mumbai Indians,Mumbai Indians,field,Mumbai Indians,wickets,8.0,113.0,20.0,N,,JD Cloete,SJA Taufel
548307,2012,Kolkata,2012-04-05,League,IK Pathan,eden gardens,Kolkata Knight Riders,Delhi Daredevils,Delhi Daredevils,field,Delhi Daredevils,wickets,8.0,98.0,12.0,N,,S Asnani,HDPK Dharmasena
548308,2012,Mumbai,2012-04-06,League,SPD Smith,wankhede stadium,Mumbai Indians,Pune Warriors,Mumbai Indians,field,Pune Warriors,runs,28.0,130.0,20.0,N,,AK Chaudhary,SJA Taufel
548309,2012,Jaipur,2012-04-06,League,AM Rahane,sawai mansingh stadium,Rajasthan Royals,Kings XI Punjab,Kings XI Punjab,field,Rajasthan Royals,runs,31.0,192.0,20.0,N,,BF Bowden,SK Tarapore
548310,2012,Bangalore,2012-04-07,League,AB de Villiers,m chinnaswamy stadium,Royal Challengers Bangalore,Delhi Daredevils,Delhi Daredevils,field,Royal Challengers Bangalore,runs,20.0,158.0,20.0,N,,S Asnani,S Ravi
548311,2012,Visakhapatnam,2012-04-07,League,RA Jadeja,dr. y.s. rajasekhara reddy aca-vdca cricket stadium,Deccan Chargers,Chennai Super Kings,Deccan Chargers,field,Chennai Super Kings,runs,74.0,194.0,20.0,N,,JD Cloete,HDPK Dharmasena
548312,2012,Jaipur,2012-04-08,League,BJ Hodge,sawai mansingh stadium,Rajasthan Royals,Kolkata Knight Riders,Kolkata Knight Riders,field,Rajasthan Royals,runs,22.0,165.0,20.0,N,,BF Bowden,VA Kulkarni
548313,2012,Pune,2012-04-08,League,MN Samuels,subrata roy sahara stadium,Pune Warriors,Kings XI Punjab,Pune Warriors,bat,Pune Warriors,runs,22.0,167.0,20.0,N,,S Das,SJA Taufel
548314,2012,Visakhapatnam,2012-04-09,League,RG Sharma,dr. y.s. rajasekhara reddy aca-vdca cricket stadium,Deccan Chargers,Mumbai Indians,Deccan Chargers,bat,Mumbai Indians,wickets,5.0,139.0,20.0,N,,AK Chaudhary,JD Cloete
548315,2012,Bangalore,2012-04-10,League,L Balaji,m chinnaswamy stadium,Royal Challengers Bangalore,Kolkata Knight Riders,Royal Challengers Bangalore,field,Kolkata Knight Riders,runs,42.0,166.0,20.0,N,,S Ravi,RJ Tucker
548316,2012,Delhi,2012-04-10,League,M Morkel,feroz shah kotla,Delhi Daredevils,Chennai Super Kings,Delhi Daredevils,field,Delhi Daredevils,wickets,8.0,111.0,20.0,N,,Asad Rauf,SK Tarapore
548317,2012,Mumbai,2012-04-11,League,KA Pollard,wankhede stadium,Mumbai Indians,Rajasthan Royals,Rajasthan Royals,field,Mumbai Indians,runs,27.0,198.0,20.0,N,,Aleem Dar,BNJ Oxenford
548318,2012,Chennai,2012-04-12,League,F du Plessis,"ma chidambaram stadium, chepauk",Chennai Super Kings,Royal Challengers Bangalore,Royal Challengers Bangalore,bat,Chennai Super Kings,wickets,5.0,206.0,20.0,N,,HDPK Dharmasena,RJ Tucker
548319,2012,Chandigarh,2012-04-12,League,AD Mascarenhas,"punjab cricket association stadium, mohali",Kings XI Punjab,Pune Warriors,Kings XI Punjab,field,Kings XI Punjab,wickets,7.0,116.0,20.0,N,,VA Kulkarni,SK Tarapore
548320,2012,Kolkata,2012-04-13,League,Shakib Al Hasan,eden gardens,Kolkata Knight Riders,Rajasthan Royals,Rajasthan Royals,bat,Kolkata Knight Riders,wickets,5.0,132.0,20.0,N,,Asad Rauf,S Asnani
548322,2012,Pune,2012-04-14,League,JD Ryder,subrata roy sahara stadium,Pune Warriors,Chennai Super Kings,Chennai Super Kings,bat,Pune Warriors,wickets,7.0,156.0,20.0,N,,Aleem Dar,BNJ Oxenford
548323,2012,Kolkata,2012-04-15,League,SP Narine,eden gardens,Kolkata Knight Riders,Kings XI Punjab,Kolkata Knight Riders,field,Kings XI Punjab,runs,2.0,135.0,20.0,N,,Asad Rauf,S Asnani
548324,2012,Bangalore,2012-04-15,League,AM Rahane,m chinnaswamy stadium,Royal Challengers Bangalore,Rajasthan Royals,Rajasthan Royals,bat,Rajasthan Royals,runs,59.0,196.0,20.0,N,,JD Cloete,RJ Tucker
548325,2012,Mumbai,2012-04-16,League,S Nadeem,wankhede stadium,Mumbai Indians,Delhi Daredevils,Delhi Daredevils,field,Delhi Daredevils,wickets,7.0,93.0,20.0,N,,BF Bowden,SK Tarapore
548326,2012,Jaipur,2012-04-17,League,BJ Hodge,sawai mansingh stadium,Rajasthan Royals,Deccan Chargers,Deccan Chargers,bat,Rajasthan Royals,wickets,5.0,197.0,20.0,N,,Aleem Dar,BNJ Oxenford
548327,2012,Bangalore,2012-04-17,League,CH Gayle,m chinnaswamy stadium,Royal Challengers Bangalore,Pune Warriors,Pune Warriors,bat,Royal Challengers Bangalore,wickets,6.0,183.0,20.0,N,,S Asnani,S Das
548328,2012,Chandigarh,2012-04-18,League,G Gambhir,"punjab cricket association stadium, mohali",Kings XI Punjab,Kolkata Knight Riders,Kings XI Punjab,bat,Kolkata Knight Riders,wickets,8.0,125.0,20.0,N,,JD Cloete,RJ Tucker
548321,2012,Delhi,2012-04-19,League,KP Pietersen,feroz shah kotla,Delhi Daredevils,Deccan Chargers,Deccan Chargers,bat,Delhi Daredevils,wickets,5.0,158.0,20.0,N,,BF Bowden,SK Tarapore
548330,2012,Chennai,2012-04-19,League,KMDN Kulasekara,"ma chidambaram stadium, chepauk",Chennai Super Kings,Pune Warriors,Pune Warriors,field,Chennai Super Kings,runs,13.0,165.0,20.0,N,,Asad Rauf,S Das
548331,2012,Chandigarh,2012-04-20,League,CH Gayle,"punjab cricket association stadium, mohali",Kings XI Punjab,Royal Challengers Bangalore,Royal Challengers Bangalore,field,Royal Challengers Bangalore,wickets,5.0,164.0,20.0,N,,S Ravi,RJ Tucker
548332,2012,Chennai,2012-04-21,League,F du Plessis,"ma chidambaram stadium, chepauk",Chennai Super Kings,Rajasthan Royals,Rajasthan Royals,bat,Chennai Super Kings,wickets,7.0,147.0,20.0,N,,Aleem Dar,BNJ Oxenford
548333,2012,Delhi,2012-04-21,League,SC Ganguly,feroz shah kotla,Delhi Daredevils,Pune Warriors,Delhi Daredevils,field,Pune Warriors,runs,20.0,193.0,20.0,N,,Asad Rauf,S Das
548334,2012,Mumbai,2012-04-22,League,SE Marsh,wankhede stadium,Mumbai Indians,Kings XI Punjab,Mumbai Indians,bat,Kings XI Punjab,wickets,6.0,164.0,20.0,N,,S Ravi,RJ Tucker
548335,2012,Cuttack,2012-04-22,League,B Lee,barabati stadium,Deccan Chargers,Kolkata Knight Riders,Kolkata Knight Riders,field,Kolkata Knight Riders,wickets,5.0,127.0,20.0,N,,BF Bowden,SK Tarapore
548336,2012,Jaipur,2012-04-23,League,AB de Villiers,sawai mansingh stadium,Rajasthan Royals,Royal Challengers Bangalore,Rajasthan Royals,field,Royal Challengers Bangalore,runs,46.0,190.0,20.0,N,,Asad Rauf,S Asnani
548337,2012,Pune,2012-04-24,League,V Sehwag,subrata roy sahara stadium,Pune Warriors,Delhi Daredevils,Pune Warriors,bat,Delhi Daredevils,wickets,8.0,147.0,20.0,N,,S Ravi,RJ Tucker
548339,2012,Chandigarh,2012-04-25,League,AT Rayudu,"punjab cricket association stadium, mohali",Kings XI Punjab,Mumbai Indians,Kings XI Punjab,bat,Mumbai Indians,wickets,4.0,169.0,20.0,N,,Aleem Dar,BNJ Oxenford
548341,2012,Pune,2012-04-26,League,CL White,subrata roy sahara stadium,Pune Warriors,Deccan Chargers,Deccan Chargers,bat,Deccan Chargers,runs,18.0,178.0,20.0,N,,S Ravi,RJ Tucker
548342,2012,Delhi,2012-04-27,League,V Sehwag,feroz shah kotla,Delhi Daredevils,Mumbai Indians,Mumbai Indians,field,Delhi Daredevils,runs,37.0,208.0,20.0,N,,Aleem Dar,BNJ Oxenford
548343,2012,Chennai,2012-04-28,League,Mandeep Singh,"ma chidambaram stadium, chepauk",Chennai Super Kings,Kings XI Punjab,Kings XI Punjab,bat,Kings XI Punjab,runs,7.0,157.0,20.0,N,,BF Bowden,SK Tarapore
548344,2012,Kolkata,2012-04-28,League,G Gambhir,eden gardens,Kolkata Knight Riders,Royal Challengers Bangalore,Kolkata Knight Riders,bat,Kolkata Knight Riders,runs,47.0,191.0,20.0,N,,Asad Rauf,BR Doctrove
548345,2012,Delhi,2012-04-29,League,V Sehwag,feroz shah kotla,Delhi Daredevils,Rajasthan Royals,Delhi Daredevils,bat,Delhi Daredevils,runs,1.0,153.0,20.0,N,,S Ravi,RJ Tucker
548346,2012,Mumbai,2012-04-29,League,DW Steyn,wankhede stadium,Mumbai Indians,Deccan Chargers,Mumbai Indians,field,Mumbai Indians,wickets,5.0,101.0,20.0,N,,AK Chaudhary,BNJ Oxenford
548347,2012,Chennai,2012-04-30,League,G Gambhir,"ma chidambaram stadium, chepauk",Chennai Super Kings,Kolkata Knight Riders,Chennai Super Kings,bat,Kolkata Knight Riders,wickets,5.0,140.0,20.0,N,,BF Bowden,C Shamshuddin
548348,2012,Cuttack,2012-05-01,League,KC Sangakkara,barabati stadium,Deccan Chargers,Pune Warriors,Deccan Chargers,bat,Deccan Chargers,runs,13.0,187.0,20.0,N,,Aleem Dar,AK Chaudhary
548349,2012,Jaipur,2012-05-01,League,P Negi,sawai mansingh stadium,Rajasthan Royals,Delhi Daredevils,Rajasthan Royals,bat,Delhi Daredevils,wickets,6.0,142.0,20.0,N,,JD Cloete,SJA Taufel
548350,2012,Bangalore,2012-05-02,League,Azhar Mahmood,m chinnaswamy stadium,Royal Challengers Bangalore,Kings XI Punjab,Kings XI Punjab,field,Kings XI Punjab,wickets,4.0,159.0,20.0,N,,BF Bowden,C Shamshuddin
548351,2012,Pune,2012-05-03,League,SL Malinga,subrata roy sahara stadium,Pune Warriors,Mumbai Indians,Mumbai Indians,bat,Mumbai Indians,runs,1.0,121.0,20.0,N,,Asad Rauf,S Asnani
548352,2012,Chennai,2012-05-04,League,SK Raina,"ma chidambaram stadium, chepauk",Chennai Super Kings,Deccan Chargers,Chennai Super Kings,bat,Chennai Super Kings,runs,10.0,161.0,20.0,N,,HDPK Dharmasena,BNJ Oxenford
548353,2012,Kolkata,2012-05-05,League,SP Narine,eden gardens,Kolkata Knight Riders,Pune Warriors,Kolkata Knight Riders,bat,Kolkata Knight Riders,runs,7.0,151.0,20.0,N,,BF Bowden,SK Tarapore
548354,2012,Chandigarh,2012-05-05,League,SR Watson,"punjab cricket association stadium, mohali",Kings XI Punjab,Rajasthan Royals,Rajasthan Royals,bat,Rajasthan Royals,runs,43.0,178.0,20.0,N,,JD Cloete,SJA Taufel
548355,2012,Mumbai,2012-05-06,League,DR Smith,wankhede stadium,Mumbai Indians,Chennai Super Kings,Mumbai Indians,field,Mumbai Indians,wickets,2.0,174.0,20.0,N,,Asad Rauf,S Asnani
548356,2012,Bangalore,2012-05-06,League,AB de Villiers,m chinnaswamy stadium,Royal Challengers Bangalore,Deccan Chargers,Royal Challengers Bangalore,field,Royal Challengers Bangalore,wickets,5.0,182.0,20.0,N,,HDPK Dharmasena,BNJ Oxenford
548357,2012,Delhi,2012-05-07,League,JH Kallis,feroz shah kotla,Delhi Daredevils,Kolkata Knight Riders,Delhi Daredevils,bat,Kolkata Knight Riders,wickets,6.0,154.0,20.0,N,,JD Cloete,S Ravi
548358,2012,Pune,2012-05-08,League,SR Watson,subrata roy sahara stadium,Pune Warriors,Rajasthan Royals,Pune Warriors,bat,Rajasthan Royals,wickets,7.0,126.0,20.0,N,,Asad Rauf,BR Doctrove
548359,2012,Hyderabad,2012-05-08,League,Mandeep Singh,"rajiv gandhi international stadium, uppal",Deccan Chargers,Kings XI Punjab,Deccan Chargers,field,Kings XI Punjab,runs,25.0,171.0,20.0,N,,HDPK Dharmasena,BNJ Oxenford
548360,2012,Mumbai,2012-05-09,League,CH Gayle,wankhede stadium,Mumbai Indians,Royal Challengers Bangalore,Royal Challengers Bangalore,field,Royal Challengers Bangalore,wickets,9.0,142.0,20.0,N,,BF Bowden,VA Kulkarni
548329,2012,Hyderabad,2012-05-10,League,DA Warner,"rajiv gandhi international stadium, uppal",Deccan Chargers,Delhi Daredevils,Deccan Chargers,bat,Delhi Daredevils,wickets,9.0,188.0,20.0,N,,JD Cloete,SJA Taufel
548361,2012,Jaipur,2012-05-10,League,BW Hilfenhaus,sawai mansingh stadium,Rajasthan Royals,Chennai Super Kings,Chennai Super Kings,field,Chennai Super Kings,wickets,4.0,127.0,20.0,N,,BNJ Oxenford,C Shamshuddin
548362,2012,Pune,2012-05-11,League,CH Gayle,subrata roy sahara stadium,Pune Warriors,Royal Challengers Bangalore,Pune Warriors,field,Royal Challengers Bangalore,runs,35.0,174.0,20.0,N,,BF Bowden,SK Tarapore
548363,2012,Kolkata,2012-05-12,League,RG Sharma,eden gardens,Kolkata Knight Riders,Mumbai Indians,Mumbai Indians,bat,Mumbai Indians,runs,27.0,183.0,20.0,N,,S Ravi,SJA Taufel
548364,2012,Chennai,2012-05-12,League,BW Hilfenhaus,"ma chidambaram stadium, chepauk",Chennai Super Kings,Delhi Daredevils,Chennai Super Kings,field,Chennai Super Kings,wickets,9.0,115.0,20.0,N,,S Das,BR Doctrove
548365,2012,Jaipur,2012-05-13,League,A Chandila,sawai mansingh stadium,Rajasthan Royals,Pune Warriors,Rajasthan Royals,bat,Rajasthan Royals,runs,45.0,171.0,20.0,N,,BF Bowden,SK Tarapore
548366,2012,Chandigarh,2012-05-13,League,DJ Hussey,"punjab cricket association stadium, mohali",Kings XI Punjab,Deccan Chargers,Deccan Chargers,bat,Kings XI Punjab,wickets,4.0,191.0,20.0,N,,HDPK Dharmasena,BNJ Oxenford
548367,2012,Bangalore,2012-05-14,League,AT Rayudu,m chinnaswamy stadium,Royal Challengers Bangalore,Mumbai Indians,Mumbai Indians,field,Mumbai Indians,wickets,5.0,172.0,20.0,N,,S Das,BR Doctrove
548368,2012,Kolkata,2012-05-14,League,MEK Hussey,eden gardens,Kolkata Knight Riders,Chennai Super Kings,Chennai Super Kings,field,Chennai Super Kings,wickets,5.0,159.0,20.0,N,,JD Cloete,SJA Taufel
548369,2012,Delhi,2012-05-15,League,UT Yadav,feroz shah kotla,Delhi Daredevils,Kings XI Punjab,Kings XI Punjab,bat,Delhi Daredevils,wickets,5.0,137.0,20.0,N,,HDPK Dharmasena,BNJ Oxenford
548370,2012,Mumbai,2012-05-16,League,SP Narine,wankhede stadium,Mumbai Indians,Kolkata Knight Riders,Mumbai Indians,field,Kolkata Knight Riders,runs,32.0,141.0,20.0,N,,S Das,BR Doctrove
548371,2012,Dharamsala,2012-05-17,League,AC Gilchrist,himachal pradesh cricket association stadium,Kings XI Punjab,Chennai Super Kings,Kings XI Punjab,field,Kings XI Punjab,wickets,6.0,121.0,20.0,N,,VA Kulkarni,SK Tarapore
548372,2012,Delhi,2012-05-17,League,CH Gayle,feroz shah kotla,Delhi Daredevils,Royal Challengers Bangalore,Delhi Daredevils,field,Royal Challengers Bangalore,runs,21.0,216.0,20.0,N,,HDPK Dharmasena,C Shamshuddin
548373,2012,Hyderabad,2012-05-18,League,DW Steyn,"rajiv gandhi international stadium, uppal",Deccan Chargers,Rajasthan Royals,Rajasthan Royals,bat,Deccan Chargers,wickets,5.0,127.0,20.0,N,,S Ravi,SJA Taufel
548374,2012,Dharamsala,2012-05-19,League,UT Yadav,himachal pradesh cricket association stadium,Kings XI Punjab,Delhi Daredevils,Delhi Daredevils,field,Delhi Daredevils,wickets,6.0,142.0,20.0,N,,BF Bowden,VA Kulkarni
548375,2012,Pune,2012-05-19,League,Shakib Al Hasan,subrata roy sahara stadium,Pune Warriors,Kolkata Knight Riders,Kolkata Knight Riders,bat,Kolkata Knight Riders,runs,34.0,137.0,20.0,N,,S Asnani,BR Doctrove
548376,2012,Hyderabad,2012-05-20,League,DW Steyn,"rajiv gandhi international stadium, uppal",Deccan Chargers,Royal Challengers Bangalore,Royal Challengers Bangalore,field,Deccan Chargers,runs,9.0,133.0,20.0,N,,S Ravi,SJA Taufel
548377,2012,Jaipur,2012-05-20,League,DR Smith,sawai mansingh stadium,Rajasthan Royals,Mumbai Indians,Rajasthan Royals,bat,Mumbai Indians,wickets,10.0,163.0,20.0,N,,HDPK Dharmasena,C Shamshuddin
548378,2012,Pune,2012-05-22,Qualifier 1,YK Pathan,subrata roy sahara stadium,Delhi Daredevils,Kolkata Knight Riders,Kolkata Knight Riders,bat,Kolkata Knight Riders,runs,18.0,163.0,20.0,N,,BR Doctrove,SJA Taufel
548379,2012,Bangalore,2012-05-23,Elimination Final,MS Dhoni,m chinnaswamy stadium,Chennai Super Kings,Mumbai Indians,Mumbai Indians,field,Chennai Super Kings,runs,38.0,188.0,20.0,N,,BF Bowden,HDPK Dharmasena
548380,2012,Chennai,2012-05-25,Qualifier 2,M Vijay,"ma chidambaram stadium, chepauk",Delhi Daredevils,Chennai Super Kings,Delhi Daredevils,field,Chennai Super Kings,runs,86.0,223.0,20.0,N,,BR Doctrove,SJA Taufel
548381,2012,Chennai,2012-05-27,Final,MS Bisla,"ma chidambaram stadium, chepauk",Kolkata Knight Riders,Chennai Super Kings,Chennai Super Kings,bat,Kolkata Knight Riders,wickets,5.0,191.0,20.0,N,,BF Bowden,SJA Taufel
597998,2013,Kolkata,2013-04-03,League,SP Narine,eden gardens,Kolkata Knight Riders,Delhi Daredevils,Kolkata Knight Riders,field,Kolkata Knight Riders,wickets,6.0,129.0,20.0,N,,S Ravi,SJA Taufel
597999,2013,Bangalore,2013-04-04,League,CH Gayle,m chinnaswamy stadium,Royal Challengers Bangalore,Mumbai Indians,Mumbai Indians,field,Royal Challengers Bangalore,runs,2.0,157.0,20.0,N,,VA Kulkarni,C Shamshuddin
598000,2013,Hyderabad,2013-04-05,League,A Mishra,"rajiv gandhi international stadium, uppal",Sunrisers Hyderabad,Pune Warriors,Pune Warriors,field,Sunrisers Hyderabad,runs,22.0,127.0,20.0,N,,S Ravi,SJA Taufel
598001,2013,Delhi,2013-04-06,League,R Dravid,feroz shah kotla,Delhi Daredevils,Rajasthan Royals,Rajasthan Royals,bat,Rajasthan Royals,runs,5.0,166.0,20.0,N,,S Das,C Shamshuddin
598002,2013,Chennai,2013-04-06,League,KA Pollard,"ma chidambaram stadium, chepauk",Chennai Super Kings,Mumbai Indians,Mumbai Indians,bat,Mumbai Indians,runs,9.0,149.0,20.0,N,,M Erasmus,VA Kulkarni
598003,2013,Pune,2013-04-07,League,M Vohra,subrata roy sahara stadium,Pune Warriors,Kings XI Punjab,Pune Warriors,bat,Kings XI Punjab,wickets,8.0,100.0,20.0,N,,S Asnani,SJA Taufel
598004,2013,Hyderabad,2013-04-07,League,GH Vihari,"rajiv gandhi international stadium, uppal",Sunrisers Hyderabad,Royal Challengers Bangalore,Royal Challengers Bangalore,bat,Sunrisers Hyderabad,tie,,131.0,20.0,Y,,AK Chaudhary,S Ravi
598005,2013,Jaipur,2013-04-08,League,SK Trivedi,sawai mansingh stadium,Rajasthan Royals,Kolkata Knight Riders,Kolkata Knight Riders,field,Rajasthan Royals,runs,19.0,145.0,20.0,N,,Aleem Dar,S Das
598006,2013,Mumbai,2013-04-09,League,KD Karthik,wankhede stadium,Mumbai Indians,Delhi Daredevils,Mumbai Indians,bat,Mumbai Indians,runs,44.0,210.0,20.0,N,,M Erasmus,VA Kulkarni
598048,2013,Bangalore,2013-04-09,League,V Kohli,m chinnaswamy stadium,Royal Challengers Bangalore,Sunrisers Hyderabad,Sunrisers Hyderabad,bat,Royal Challengers Bangalore,wickets,7.0,162.0,20.0,N,,S Ravi,SJA Taufel
598007,2013,Chandigarh,2013-04-10,League,MEK Hussey,"punjab cricket association stadium, mohali",Kings XI Punjab,Chennai Super Kings,Chennai Super Kings,field,Chennai Super Kings,wickets,10.0,139.0,20.0,N,,Aleem Dar,C Shamshuddin
598008,2013,Bangalore,2013-04-11,League,CH Gayle,m chinnaswamy stadium,Royal Challengers Bangalore,Kolkata Knight Riders,Royal Challengers Bangalore,field,Royal Challengers Bangalore,wickets,8.0,155.0,20.0,N,,Asad Rauf,AK Chaudhary
598009,2013,Pune,2013-04-11,League,AJ Finch,subrata roy sahara stadium,Pune Warriors,Rajasthan Royals,Rajasthan Royals,bat,Pune Warriors,wickets,7.0,146.0,20.0,N,,M Erasmus,K Srinath
598010,2013,Delhi,2013-04-12,League,A Mishra,feroz shah kotla,Delhi Daredevils,Sunrisers Hyderabad,Delhi Daredevils,bat,Sunrisers Hyderabad,wickets,3.0,115.0,20.0,N,,Aleem Dar,Subroto Das
598011,2013,Mumbai,2013-04-13,League,RG Sharma,wankhede stadium,Mumbai Indians,Pune Warriors,Mumbai Indians,bat,Mumbai Indians,runs,41.0,184.0,20.0,N,,S Ravi,SJA Taufel
598012,2013,Chennai,2013-04-13,League,RA Jadeja,"ma chidambaram stadium, chepauk",Chennai Super Kings,Royal Challengers Bangalore,Chennai Super Kings,field,Chennai Super Kings,wickets,4.0,166.0,20.0,N,,Asad Rauf,AK Chaudhary
598013,2013,Kolkata,2013-04-14,League,G Gambhir,eden gardens,Kolkata Knight Riders,Sunrisers Hyderabad,Kolkata Knight Riders,bat,Kolkata Knight Riders,runs,48.0,181.0,20.0,N,,M Erasmus,VA Kulkarni
598014,2013,Jaipur,2013-04-14,League,JP Faulkner,sawai mansingh stadium,Rajasthan Royals,Kings XI Punjab,Rajasthan Royals,field,Rajasthan Royals,wickets,6.0,125.0,20.0,N,,Aleem Dar,C Shamshuddin
598015,2013,Chennai,2013-04-15,League,SPD Smith,"ma chidambaram stadium, chepauk",Chennai Super Kings,Pune Warriors,Pune Warriors,bat,Pune Warriors,runs,24.0,160.0,20.0,N,,Asad Rauf,AK Chaudhary
598016,2013,Chandigarh,2013-04-16,League,MS Gony,"punjab cricket association stadium, mohali",Kings XI Punjab,Kolkata Knight Riders,Kolkata Knight Riders,field,Kings XI Punjab,runs,4.0,158.0,20.0,N,,CK Nandan,SJA Taufel
598017,2013,Bangalore,2013-04-16,League,V Kohli,m chinnaswamy stadium,Royal Challengers Bangalore,Delhi Daredevils,Royal Challengers Bangalore,field,Royal Challengers Bangalore,tie,,153.0,20.0,Y,,M Erasmus,VA Kulkarni
598018,2013,Pune,2013-04-17,League,A Mishra,maharashtra cricket association stadium,Pune Warriors,Sunrisers Hyderabad,Pune Warriors,field,Sunrisers Hyderabad,runs,11.0,120.0,20.0,N,,Asad Rauf,AK Chaudhary
598019,2013,Jaipur,2013-04-17,League,AM Rahane,sawai mansingh stadium,Rajasthan Royals,Mumbai Indians,Rajasthan Royals,bat,Rajasthan Royals,runs,87.0,180.0,20.0,N,,Aleem Dar,C Shamshuddin
598020,2013,Delhi,2013-04-18,League,MEK Hussey,feroz shah kotla,Delhi Daredevils,Chennai Super Kings,Chennai Super Kings,bat,Chennai Super Kings,runs,86.0,170.0,20.0,N,,M Erasmus,VA Kulkarni
598021,2013,Hyderabad,2013-04-19,League,GH Vihari,"rajiv gandhi international stadium, uppal",Sunrisers Hyderabad,Kings XI Punjab,Kings XI Punjab,bat,Sunrisers Hyderabad,wickets,5.0,124.0,20.0,N,,HDPK Dharmasena,CK Nandan
598022,2013,Kolkata,2013-04-20,League,RA Jadeja,eden gardens,Kolkata Knight Riders,Chennai Super Kings,Kolkata Knight Riders,bat,Chennai Super Kings,wickets,4.0,120.0,20.0,N,,Asad Rauf,AK Chaudhary
598023,2013,Bangalore,2013-04-20,League,R Vinay Kumar,m chinnaswamy stadium,Royal Challengers Bangalore,Rajasthan Royals,Royal Challengers Bangalore,field,Royal Challengers Bangalore,wickets,7.0,118.0,20.0,N,,Aleem Dar,C Shamshuddin
598024,2013,Delhi,2013-04-21,League,V Sehwag,feroz shah kotla,Delhi Daredevils,Mumbai Indians,Mumbai Indians,bat,Delhi Daredevils,wickets,9.0,162.0,20.0,N,,HDPK Dharmasena,S Ravi
598025,2013,Chandigarh,2013-04-21,League,DA Miller,"punjab cricket association stadium, mohali",Kings XI Punjab,Pune Warriors,Kings XI Punjab,field,Kings XI Punjab,wickets,7.0,186.0,20.0,N,,M Erasmus,K Srinath
598026,2013,Chennai,2013-04-22,League,MEK Hussey,"ma chidambaram stadium, chepauk",Chennai Super Kings,Rajasthan Royals,Rajasthan Royals,bat,Chennai Super Kings,wickets,5.0,186.0,20.0,N,,S Asnani,AK Chaudhary
598027,2013,Bangalore,2013-04-23,League,CH Gayle,m chinnaswamy stadium,Royal Challengers Bangalore,Pune Warriors,Pune Warriors,field,Royal Challengers Bangalore,runs,130.0,264.0,20.0,N,,Aleem Dar,C Shamshuddin
598059,2013,Delhi,2013-04-23,League,Harmeet Singh,feroz shah kotla,Delhi Daredevils,Kings XI Punjab,Kings XI Punjab,field,Kings XI Punjab,wickets,5.0,121.0,20.0,N,,VA Kulkarni,K Srinath
598029,2013,Kolkata,2013-04-24,League,DR Smith,eden gardens,Kolkata Knight Riders,Mumbai Indians,Kolkata Knight Riders,bat,Mumbai Indians,wickets,5.0,160.0,20.0,N,,HDPK Dharmasena,S Ravi
598030,2013,Chennai,2013-04-25,League,MS Dhoni,"ma chidambaram stadium, chepauk",Chennai Super Kings,Sunrisers Hyderabad,Sunrisers Hyderabad,bat,Chennai Super Kings,wickets,5.0,160.0,20.0,N,,Aleem Dar,S Das
598031,2013,Kolkata,2013-04-26,League,JH Kallis,eden gardens,Kolkata Knight Riders,Kings XI Punjab,Kings XI Punjab,bat,Kolkata Knight Riders,wickets,6.0,150.0,20.0,N,,CK Nandan,S Ravi
598032,2013,Jaipur,2013-04-27,League,JP Faulkner,sawai mansingh stadium,Rajasthan Royals,Sunrisers Hyderabad,Sunrisers Hyderabad,bat,Rajasthan Royals,wickets,8.0,145.0,20.0,N,,VA Kulkarni,K Srinath
598033,2013,Mumbai,2013-04-27,League,DR Smith,wankhede stadium,Mumbai Indians,Royal Challengers Bangalore,Mumbai Indians,bat,Mumbai Indians,runs,58.0,195.0,20.0,N,,Asad Rauf,S Asnani
598034,2013,Chennai,2013-04-28,League,MEK Hussey,"ma chidambaram stadium, chepauk",Chennai Super Kings,Kolkata Knight Riders,Kolkata Knight Riders,field,Chennai Super Kings,runs,14.0,201.0,20.0,N,,Aleem Dar,SJA Taufel
598035,2013,Raipur,2013-04-28,League,DA Warner,shaheed veer narayan singh international stadium,Delhi Daredevils,Pune Warriors,Pune Warriors,field,Delhi Daredevils,runs,15.0,165.0,20.0,N,,CK Nandan,S Ravi
598036,2013,Jaipur,2013-04-29,League,SV Samson,sawai mansingh stadium,Rajasthan Royals,Royal Challengers Bangalore,Rajasthan Royals,field,Rajasthan Royals,wickets,4.0,172.0,20.0,N,,M Erasmus,K Srinath
598037,2013,Mumbai,2013-04-29,League,RG Sharma,wankhede stadium,Mumbai Indians,Kings XI Punjab,Mumbai Indians,bat,Mumbai Indians,runs,4.0,175.0,20.0,N,,Asad Rauf,AK Chaudhary
598038,2013,Pune,2013-04-30,League,MS Dhoni,subrata roy sahara stadium,Pune Warriors,Chennai Super Kings,Chennai Super Kings,bat,Chennai Super Kings,runs,37.0,165.0,20.0,N,,S Das,SJA Taufel
598039,2013,Hyderabad,2013-05-01,League,I Sharma,"rajiv gandhi international stadium, uppal",Sunrisers Hyderabad,Mumbai Indians,Mumbai Indians,bat,Sunrisers Hyderabad,wickets,7.0,130.0,20.0,N,,Asad Rauf,S Asnani
598040,2013,Raipur,2013-05-01,League,DA Warner,shaheed veer narayan singh international stadium,Delhi Daredevils,Kolkata Knight Riders,Kolkata Knight Riders,bat,Delhi Daredevils,wickets,7.0,137.0,20.0,N,,HDPK Dharmasena,CK Nandan
598041,2013,Chennai,2013-05-02,League,SK Raina,"ma chidambaram stadium, chepauk",Chennai Super Kings,Kings XI Punjab,Chennai Super Kings,bat,Chennai Super Kings,runs,15.0,187.0,20.0,N,,M Erasmus,VA Kulkarni
598042,2013,Pune,2013-05-02,League,AB de Villiers,subrata roy sahara stadium,Pune Warriors,Royal Challengers Bangalore,Royal Challengers Bangalore,bat,Royal Challengers Bangalore,runs,17.0,188.0,20.0,N,,Aleem Dar,C Shamshuddin
598043,2013,Kolkata,2013-05-03,League,YK Pathan,eden gardens,Kolkata Knight Riders,Rajasthan Royals,Rajasthan Royals,bat,Kolkata Knight Riders,wickets,8.0,133.0,20.0,N,,HDPK Dharmasena,CK Nandan
598044,2013,Hyderabad,2013-05-04,League,DJG Sammy,"rajiv gandhi international stadium, uppal",Sunrisers Hyderabad,Delhi Daredevils,Delhi Daredevils,bat,Sunrisers Hyderabad,wickets,6.0,81.0,20.0,N,,Asad Rauf,S Asnani
598046,2013,Mumbai,2013-05-05,League,MG Johnson,wankhede stadium,Mumbai Indians,Chennai Super Kings,Mumbai Indians,bat,Mumbai Indians,runs,60.0,140.0,20.0,N,,HDPK Dharmasena,CK Nandan
598047,2013,Jaipur,2013-05-05,League,AM Rahane,sawai mansingh stadium,Rajasthan Royals,Pune Warriors,Pune Warriors,bat,Rajasthan Royals,wickets,5.0,179.0,20.0,N,,C Shamshuddin,RJ Tucker
598064,2013,Chandigarh,2013-05-06,League,DA Miller,"punjab cricket association stadium, mohali",Kings XI Punjab,Royal Challengers Bangalore,Kings XI Punjab,field,Kings XI Punjab,wickets,6.0,191.0,20.0,N,,VA Kulkarni,NJ Llong
598049,2013,Jaipur,2013-05-07,League,AM Rahane,sawai mansingh stadium,Rajasthan Royals,Delhi Daredevils,Delhi Daredevils,bat,Rajasthan Royals,wickets,9.0,155.0,20.0,N,,Aleem Dar,RJ Tucker
598050,2013,Mumbai,2013-05-07,League,SR Tendulkar,wankhede stadium,Mumbai Indians,Kolkata Knight Riders,Mumbai Indians,bat,Mumbai Indians,runs,65.0,171.0,20.0,N,,HDPK Dharmasena,S Ravi
598051,2013,Hyderabad,2013-05-08,League,SK Raina,"rajiv gandhi international stadium, uppal",Sunrisers Hyderabad,Chennai Super Kings,Sunrisers Hyderabad,field,Chennai Super Kings,runs,77.0,224.0,20.0,N,,S Das,NJ Llong
598052,2013,Chandigarh,2013-05-09,League,KK Cooper,"punjab cricket association stadium, mohali",Kings XI Punjab,Rajasthan Royals,Rajasthan Royals,field,Rajasthan Royals,wickets,8.0,146.0,20.0,N,,HDPK Dharmasena,S Ravi
598053,2013,Pune,2013-05-09,League,G Gambhir,subrata roy sahara stadium,Pune Warriors,Kolkata Knight Riders,Kolkata Knight Riders,bat,Kolkata Knight Riders,runs,46.0,153.0,20.0,N,,Asad Rauf,S Asnani
598054,2013,Delhi,2013-05-10,League,JD Unadkat,feroz shah kotla,Delhi Daredevils,Royal Challengers Bangalore,Delhi Daredevils,field,Royal Challengers Bangalore,runs,4.0,184.0,20.0,N,,NJ Llong,K Srinath
598055,2013,Pune,2013-05-11,League,MG Johnson,subrata roy sahara stadium,Pune Warriors,Mumbai Indians,Pune Warriors,bat,Mumbai Indians,wickets,5.0,113.0,20.0,N,,Asad Rauf,AK Chaudhary
598056,2013,Chandigarh,2013-05-11,League,PA Patel,"punjab cricket association stadium, mohali",Kings XI Punjab,Sunrisers Hyderabad,Kings XI Punjab,field,Sunrisers Hyderabad,runs,30.0,151.0,20.0,N,,S Das,RJ Tucker
598057,2013,Ranchi,2013-05-12,League,JH Kallis,jsca international stadium complex,Kolkata Knight Riders,Royal Challengers Bangalore,Kolkata Knight Riders,field,Kolkata Knight Riders,wickets,5.0,116.0,20.0,N,,NJ Llong,K Srinath
598058,2013,Jaipur,2013-05-12,League,SR Watson,sawai mansingh stadium,Rajasthan Royals,Chennai Super Kings,Rajasthan Royals,field,Rajasthan Royals,wickets,5.0,142.0,20.0,N,,HDPK Dharmasena,CK Nandan
598060,2013,Mumbai,2013-05-13,League,KA Pollard,wankhede stadium,Mumbai Indians,Sunrisers Hyderabad,Sunrisers Hyderabad,bat,Mumbai Indians,wickets,7.0,179.0,20.0,N,,AK Chaudhary,SJA Taufel
598045,2013,Bangalore,2013-05-14,League,AC Gilchrist,m chinnaswamy stadium,Royal Challengers Bangalore,Kings XI Punjab,Kings XI Punjab,field,Kings XI Punjab,wickets,7.0,175.0,20.0,N,,HDPK Dharmasena,S Ravi
598062,2013,Chennai,2013-05-14,League,MS Dhoni,"ma chidambaram stadium, chepauk",Chennai Super Kings,Delhi Daredevils,Chennai Super Kings,bat,Chennai Super Kings,runs,33.0,169.0,20.0,N,,C Shamshuddin,RJ Tucker
598061,2013,Ranchi,2013-05-15,League,MK Pandey,jsca international stadium complex,Kolkata Knight Riders,Pune Warriors,Kolkata Knight Riders,field,Pune Warriors,runs,7.0,171.0,20.0,N,,NJ Llong,K Srinath
598063,2013,Mumbai,2013-05-15,League,AP Tare,wankhede stadium,Mumbai Indians,Rajasthan Royals,Rajasthan Royals,field,Mumbai Indians,runs,14.0,167.0,20.0,N,,Asad Rauf,S Asnani
598028,2013,Dharamsala,2013-05-16,League,DA Miller,himachal pradesh cricket association stadium,Kings XI Punjab,Delhi Daredevils,Delhi Daredevils,field,Kings XI Punjab,runs,7.0,172.0,20.0,N,,HDPK Dharmasena,S Ravi
598065,2013,Hyderabad,2013-05-17,League,A Mishra,"rajiv gandhi international stadium, uppal",Sunrisers Hyderabad,Rajasthan Royals,Sunrisers Hyderabad,bat,Sunrisers Hyderabad,runs,23.0,137.0,20.0,N,,Asad Rauf,AK Chaudhary
598066,2013,Dharamsala,2013-05-18,League,Azhar Mahmood,himachal pradesh cricket association stadium,Kings XI Punjab,Mumbai Indians,Mumbai Indians,field,Kings XI Punjab,runs,50.0,184.0,20.0,N,,HDPK Dharmasena,CK Nandan
598068,2013,Bangalore,2013-05-18,League,V Kohli,m chinnaswamy stadium,Royal Challengers Bangalore,Chennai Super Kings,Chennai Super Kings,field,Royal Challengers Bangalore,runs,24.0,107.0,8.0,N,,C Shamshuddin,RJ Tucker
598067,2013,Pune,2013-05-19,League,LJ Wright,subrata roy sahara stadium,Pune Warriors,Delhi Daredevils,Pune Warriors,bat,Pune Warriors,runs,38.0,173.0,20.0,N,,NJ Llong,SJA Taufel
598069,2013,Hyderabad,2013-05-19,League,PA Patel,"rajiv gandhi international stadium, uppal",Sunrisers Hyderabad,Kolkata Knight Riders,Kolkata Knight Riders,bat,Sunrisers Hyderabad,wickets,5.0,131.0,20.0,N,,Asad Rauf,S Asnani
598070,2013,Delhi,2013-05-21,Qualifier 1,MEK Hussey,feroz shah kotla,Chennai Super Kings,Mumbai Indians,Chennai Super Kings,bat,Chennai Super Kings,runs,48.0,193.0,20.0,N,,NJ Llong,RJ Tucker
598071,2013,Delhi,2013-05-22,Eliminator,BJ Hodge,feroz shah kotla,Rajasthan Royals,Sunrisers Hyderabad,Sunrisers Hyderabad,bat,Rajasthan Royals,wickets,4.0,133.0,20.0,N,,S Ravi,RJ Tucker
598072,2013,Kolkata,2013-05-24,Qualifier 2,Harbhajan Singh,eden gardens,Mumbai Indians,Rajasthan Royals,Rajasthan Royals,bat,Mumbai Indians,wickets,4.0,166.0,20.0,N,,C Shamshuddin,SJA Taufel
598073,2013,Kolkata,2013-05-26,Final,KA Pollard,eden gardens,Chennai Super Kings,Mumbai Indians,Mumbai Indians,bat,Mumbai Indians,runs,23.0,149.0,20.0,N,,HDPK Dharmasena,SJA Taufel
729279,2014,Abu Dhabi,2014-04-16,League,JH Kallis,sheikh zayed stadium,Mumbai Indians,Kolkata Knight Riders,Kolkata Knight Riders,bat,Kolkata Knight Riders,runs,41.0,164.0,20.0,N,,M Erasmus,RK Illingworth
729281,2014,,2014-04-17,League,YS Chahal,sharjah cricket stadium,Delhi Daredevils,Royal Challengers Bangalore,Royal Challengers Bangalore,field,Royal Challengers Bangalore,wickets,8.0,146.0,20.0,N,,Aleem Dar,S Ravi
729283,2014,Abu Dhabi,2014-04-18,League,GJ Maxwell,sheikh zayed stadium,Chennai Super Kings,Kings XI Punjab,Chennai Super Kings,bat,Kings XI Punjab,wickets,6.0,206.0,20.0,N,,RK Illingworth,C Shamshuddin
729285,2014,Abu Dhabi,2014-04-18,League,AM Rahane,sheikh zayed stadium,Sunrisers Hyderabad,Rajasthan Royals,Rajasthan Royals,field,Rajasthan Royals,wickets,4.0,134.0,20.0,N,,BF Bowden,RK Illingworth
729287,2014,,2014-04-19,League,PA Patel,dubai international cricket stadium,Royal Challengers Bangalore,Mumbai Indians,Royal Challengers Bangalore,field,Royal Challengers Bangalore,wickets,7.0,116.0,20.0,N,,Aleem Dar,AK Chaudhary
729289,2014,,2014-04-19,League,JP Duminy,dubai international cricket stadium,Kolkata Knight Riders,Delhi Daredevils,Kolkata Knight Riders,bat,Delhi Daredevils,wickets,4.0,167.0,20.0,N,,Aleem Dar,VA Kulkarni
729291,2014,,2014-04-20,League,GJ Maxwell,sharjah cricket stadium,Rajasthan Royals,Kings XI Punjab,Kings XI Punjab,field,Kings XI Punjab,wickets,7.0,192.0,20.0,N,,BF Bowden,M Erasmus
729293,2014,Abu Dhabi,2014-04-21,League,SK Raina,sheikh zayed stadium,Chennai Super Kings,Delhi Daredevils,Chennai Super Kings,bat,Chennai Super Kings,runs,93.0,178.0,20.0,N,,RK Illingworth,C Shamshuddin
729295,2014,,2014-04-22,League,GJ Maxwell,sharjah cricket stadium,Kings XI Punjab,Sunrisers Hyderabad,Sunrisers Hyderabad,field,Kings XI Punjab,runs,72.0,194.0,20.0,N,,M Erasmus,S Ravi
729297,2014,,2014-04-23,League,RA Jadeja,dubai international cricket stadium,Rajasthan Royals,Chennai Super Kings,Rajasthan Royals,field,Chennai Super Kings,runs,7.0,141.0,20.0,N,,HDPK Dharmasena,RK Illingworth
729299,2014,,2014-04-24,League,CA Lynn,sharjah cricket stadium,Royal Challengers Bangalore,Kolkata Knight Riders,Royal Challengers Bangalore,field,Kolkata Knight Riders,runs,2.0,151.0,20.0,N,,Aleem Dar,VA Kulkarni
729301,2014,,2014-04-25,League,AJ Finch,dubai international cricket stadium,Sunrisers Hyderabad,Delhi Daredevils,Sunrisers Hyderabad,bat,Sunrisers Hyderabad,runs,4.0,185.0,20.0,N,,M Erasmus,S Ravi
729303,2014,,2014-04-25,League,MM Sharma,dubai international cricket stadium,Chennai Super Kings,Mumbai Indians,Mumbai Indians,bat,Chennai Super Kings,wickets,7.0,142.0,20.0,N,,BF Bowden,M Erasmus
729305,2014,Abu Dhabi,2014-04-26,League,PV Tambe,sheikh zayed stadium,Rajasthan Royals,Royal Challengers Bangalore,Rajasthan Royals,field,Rajasthan Royals,wickets,6.0,71.0,20.0,N,,HDPK Dharmasena,C Shamshuddin
729307,2014,Abu Dhabi,2014-04-26,League,Sandeep Sharma,sheikh zayed stadium,Kolkata Knight Riders,Kings XI Punjab,Kolkata Knight Riders,field,Kings XI Punjab,runs,23.0,133.0,20.0,N,,HDPK Dharmasena,RK Illingworth
729309,2014,,2014-04-27,League,M Vijay,sharjah cricket stadium,Delhi Daredevils,Mumbai Indians,Mumbai Indians,bat,Delhi Daredevils,wickets,6.0,126.0,20.0,N,,Aleem Dar,VA Kulkarni
729311,2014,,2014-04-27,League,DR Smith,sharjah cricket stadium,Sunrisers Hyderabad,Chennai Super Kings,Sunrisers Hyderabad,bat,Chennai Super Kings,wickets,5.0,146.0,20.0,N,,AK Chaudhary,VA Kulkarni
729313,2014,,2014-04-28,League,Sandeep Sharma,dubai international cricket stadium,Kings XI Punjab,Royal Challengers Bangalore,Kings XI Punjab,field,Kings XI Punjab,wickets,5.0,125.0,20.0,N,,BF Bowden,S Ravi
729315,2014,Abu Dhabi,2014-04-29,League,JP Faulkner,sheikh zayed stadium,Kolkata Knight Riders,Rajasthan Royals,Rajasthan Royals,bat,Rajasthan Royals,tie,,153.0,20.0,Y,,Aleem Dar,AK Chaudhary
729317,2014,,2014-04-30,League,B Kumar,dubai international cricket stadium,Mumbai Indians,Sunrisers Hyderabad,Mumbai Indians,field,Sunrisers Hyderabad,runs,15.0,173.0,20.0,N,,HDPK Dharmasena,M Erasmus
733971,2014,Ranchi,2014-05-02,League,RA Jadeja,jsca international stadium complex,Chennai Super Kings,Kolkata Knight Riders,Chennai Super Kings,bat,Chennai Super Kings,runs,34.0,149.0,17.0,N,,AK Chaudhary,NJ Llong
733973,2014,Mumbai,2014-05-03,League,CJ Anderson,wankhede stadium,Mumbai Indians,Kings XI Punjab,Kings XI Punjab,bat,Mumbai Indians,wickets,5.0,169.0,20.0,N,,BNJ Oxenford,C Shamshuddin
733975,2014,Delhi,2014-05-03,League,KK Nair,feroz shah kotla,Delhi Daredevils,Rajasthan Royals,Rajasthan Royals,field,Rajasthan Royals,wickets,7.0,153.0,20.0,N,,SS Hazare,S Ravi
733977,2014,Bangalore,2014-05-04,League,AB de Villiers,m chinnaswamy stadium,Royal Challengers Bangalore,Sunrisers Hyderabad,Royal Challengers Bangalore,field,Royal Challengers Bangalore,wickets,4.0,156.0,20.0,N,,HDPK Dharmasena,VA Kulkarni
733979,2014,Ahmedabad,2014-05-05,League,PV Tambe,"sardar patel stadium, motera",Rajasthan Royals,Kolkata Knight Riders,Kolkata Knight Riders,field,Rajasthan Royals,runs,10.0,171.0,20.0,N,,NJ Llong,CK Nandan
733981,2014,Delhi,2014-05-05,League,DR Smith,feroz shah kotla,Delhi Daredevils,Chennai Super Kings,Chennai Super Kings,field,Chennai Super Kings,wickets,8.0,179.0,20.0,N,,RM Deshpande,BNJ Oxenford
733983,2014,Mumbai,2014-05-06,League,RG Sharma,wankhede stadium,Mumbai Indians,Royal Challengers Bangalore,Royal Challengers Bangalore,field,Mumbai Indians,runs,19.0,188.0,20.0,N,,S Ravi,K Srinath
733985,2014,Delhi,2014-05-07,League,G Gambhir,feroz shah kotla,Delhi Daredevils,Kolkata Knight Riders,Delhi Daredevils,bat,Kolkata Knight Riders,wickets,8.0,161.0,20.0,N,,BNJ Oxenford,C Shamshuddin
733987,2014,Cuttack,2014-05-07,League,GJ Maxwell,barabati stadium,Kings XI Punjab,Chennai Super Kings,Chennai Super Kings,field,Kings XI Punjab,runs,44.0,232.0,20.0,N,,HDPK Dharmasena,PG Pathak
733989,2014,Ahmedabad,2014-05-08,League,B Kumar,"sardar patel stadium, motera",Rajasthan Royals,Sunrisers Hyderabad,Rajasthan Royals,field,Sunrisers Hyderabad,runs,32.0,135.0,20.0,N,,AK Chaudhary,NJ Llong
733991,2014,Bangalore,2014-05-09,League,Sandeep Sharma,m chinnaswamy stadium,Royal Challengers Bangalore,Kings XI Punjab,Royal Challengers Bangalore,field,Kings XI Punjab,runs,32.0,199.0,20.0,N,,S Ravi,K Srinath
733993,2014,Delhi,2014-05-10,League,DW Steyn,feroz shah kotla,Delhi Daredevils,Sunrisers Hyderabad,Sunrisers Hyderabad,field,Sunrisers Hyderabad,wickets,8.0,43.0,5.0,N,D/L,RM Deshpande,BNJ Oxenford
733995,2014,Mumbai,2014-05-10,League,DR Smith,wankhede stadium,Mumbai Indians,Chennai Super Kings,Chennai Super Kings,field,Chennai Super Kings,wickets,4.0,158.0,20.0,N,,HDPK Dharmasena,VA Kulkarni
733997,2014,Cuttack,2014-05-11,League,G Gambhir,barabati stadium,Kings XI Punjab,Kolkata Knight Riders,Kolkata Knight Riders,field,Kolkata Knight Riders,wickets,9.0,150.0,20.0,N,,NJ Llong,CK Nandan
733999,2014,Bangalore,2014-05-11,League,JP Faulkner,m chinnaswamy stadium,Royal Challengers Bangalore,Rajasthan Royals,Royal Challengers Bangalore,bat,Rajasthan Royals,wickets,5.0,191.0,20.0,N,,S Ravi,RJ Tucker
734001,2014,Hyderabad,2014-05-12,League,AT Rayudu,"rajiv gandhi international stadium, uppal",Sunrisers Hyderabad,Mumbai Indians,Sunrisers Hyderabad,bat,Mumbai Indians,wickets,7.0,158.0,20.0,N,,HDPK Dharmasena,VA Kulkarni
734003,2014,Ranchi,2014-05-13,League,RA Jadeja,jsca international stadium complex,Chennai Super Kings,Rajasthan Royals,Rajasthan Royals,bat,Chennai Super Kings,wickets,5.0,149.0,20.0,N,,BNJ Oxenford,C Shamshuddin
734005,2014,Bangalore,2014-05-13,League,Yuvraj Singh,m chinnaswamy stadium,Royal Challengers Bangalore,Delhi Daredevils,Delhi Daredevils,field,Royal Challengers Bangalore,runs,16.0,187.0,20.0,N,,K Srinath,RJ Tucker
734007,2014,Hyderabad,2014-05-14,League,WP Saha,"rajiv gandhi international stadium, uppal",Sunrisers Hyderabad,Kings XI Punjab,Kings XI Punjab,field,Kings XI Punjab,wickets,6.0,206.0,20.0,N,,VA Kulkarni,PG Pathak
734009,2014,Cuttack,2014-05-14,League,RV Uthappa,barabati stadium,Kolkata Knight Riders,Mumbai Indians,Kolkata Knight Riders,field,Kolkata Knight Riders,wickets,6.0,142.0,20.0,N,,AK Chaudhary,NJ Llong
734011,2014,Ahmedabad,2014-05-15,League,AM Rahane,"sardar patel stadium, motera",Rajasthan Royals,Delhi Daredevils,Delhi Daredevils,field,Rajasthan Royals,runs,62.0,202.0,20.0,N,,S Ravi,RJ Tucker
734013,2014,Ranchi,2014-05-18,League,AB de Villiers,jsca international stadium complex,Chennai Super Kings,Royal Challengers Bangalore,Chennai Super Kings,bat,Royal Challengers Bangalore,wickets,5.0,139.0,20.0,N,,BNJ Oxenford,C Shamshuddin
734015,2014,Hyderabad,2014-05-18,League,UT Yadav,"rajiv gandhi international stadium, uppal",Sunrisers Hyderabad,Kolkata Knight Riders,Sunrisers Hyderabad,bat,Kolkata Knight Riders,wickets,7.0,143.0,20.0,N,,NJ Llong,CK Nandan
734017,2014,Ahmedabad,2014-05-19,League,MEK Hussey,"sardar patel stadium, motera",Rajasthan Royals,Mumbai Indians,Mumbai Indians,bat,Mumbai Indians,runs,25.0,179.0,20.0,N,,S Ravi,RJ Tucker
734019,2014,Delhi,2014-05-19,League,AR Patel,feroz shah kotla,Delhi Daredevils,Kings XI Punjab,Kings XI Punjab,field,Kings XI Punjab,wickets,4.0,165.0,20.0,N,,HDPK Dharmasena,PG Pathak
734021,2014,Hyderabad,2014-05-20,League,DA Warner,"rajiv gandhi international stadium, uppal",Sunrisers Hyderabad,Royal Challengers Bangalore,Royal Challengers Bangalore,bat,Sunrisers Hyderabad,wickets,7.0,161.0,20.0,N,,AK Chaudhary,NJ Llong
734023,2014,Kolkata,2014-05-20,League,RV Uthappa,eden gardens,Kolkata Knight Riders,Chennai Super Kings,Kolkata Knight Riders,field,Kolkata Knight Riders,wickets,8.0,155.0,20.0,N,,RM Deshpande,C Shamshuddin
734025,2014,Chandigarh,2014-05-21,League,LMP Simmons,"punjab cricket association stadium, mohali",Kings XI Punjab,Mumbai Indians,Mumbai Indians,field,Mumbai Indians,wickets,7.0,157.0,20.0,N,,HDPK Dharmasena,VA Kulkarni
734027,2014,Kolkata,2014-05-22,League,RV Uthappa,eden gardens,Kolkata Knight Riders,Royal Challengers Bangalore,Royal Challengers Bangalore,field,Kolkata Knight Riders,runs,30.0,196.0,20.0,N,,AK Chaudhary,CK Nandan
734029,2014,Ranchi,2014-05-22,League,DA Warner,jsca international stadium complex,Chennai Super Kings,Sunrisers Hyderabad,Sunrisers Hyderabad,field,Sunrisers Hyderabad,wickets,6.0,186.0,20.0,N,,BNJ Oxenford,C Shamshuddin
734031,2014,Mumbai,2014-05-23,League,MEK Hussey,wankhede stadium,Mumbai Indians,Delhi Daredevils,Delhi Daredevils,field,Mumbai Indians,runs,15.0,174.0,20.0,N,,S Ravi,RJ Tucker
734033,2014,Chandigarh,2014-05-23,League,SE Marsh,"punjab cricket association stadium, mohali",Kings XI Punjab,Rajasthan Royals,Rajasthan Royals,field,Kings XI Punjab,runs,16.0,180.0,20.0,N,,HDPK Dharmasena,PG Pathak
734035,2014,Bangalore,2014-05-24,League,MS Dhoni,m chinnaswamy stadium,Royal Challengers Bangalore,Chennai Super Kings,Chennai Super Kings,field,Chennai Super Kings,wickets,8.0,155.0,20.0,N,,AK Chaudhary,NJ Llong
734037,2014,Kolkata,2014-05-24,League,YK Pathan,eden gardens,Kolkata Knight Riders,Sunrisers Hyderabad,Kolkata Knight Riders,field,Kolkata Knight Riders,wickets,4.0,161.0,20.0,N,,RM Deshpande,BNJ Oxenford
734039,2014,Chandigarh,2014-05-25,League,M Vohra,"punjab cricket association stadium, mohali",Kings XI Punjab,Delhi Daredevils,Kings XI Punjab,field,Kings XI Punjab,wickets,7.0,116.0,20.0,N,,HDPK Dharmasena,VA Kulkarni
734041,2014,Mumbai,2014-05-25,League,CJ Anderson,wankhede stadium,Mumbai Indians,Rajasthan Royals,Mumbai Indians,field,Mumbai Indians,wickets,5.0,190.0,20.0,N,,K Srinath,RJ Tucker
734043,2014,Kolkata,2014-05-27,Qualifier 1,UT Yadav,eden gardens,Kings XI Punjab,Kolkata Knight Riders,Kings XI Punjab,field,Kolkata Knight Riders,runs,28.0,164.0,20.0,N,,NJ Llong,S Ravi
734045,2014,Mumbai,2014-05-28,Eliminator,SK Raina,brabourne stadium,Chennai Super Kings,Mumbai Indians,Chennai Super Kings,field,Chennai Super Kings,wickets,7.0,174.0,20.0,N,,VA Kulkarni,BNJ Oxenford
734047,2014,Mumbai,2014-05-30,Qualifier 2,V Sehwag,wankhede stadium,Chennai Super Kings,Kings XI Punjab,Chennai Super Kings,field,Kings XI Punjab,runs,24.0,227.0,20.0,N,,HDPK Dharmasena,RJ Tucker
734049,2014,Bangalore,2014-06-01,Final,MK Pandey,m chinnaswamy stadium,Kolkata Knight Riders,Kings XI Punjab,Kolkata Knight Riders,field,Kolkata Knight Riders,wickets,3.0,200.0,20.0,N,,HDPK Dharmasena,BNJ Oxenford
829705,2015,Kolkata,2015-04-08,League,M Morkel,eden gardens,Kolkata Knight Riders,Mumbai Indians,Kolkata Knight Riders,field,Kolkata Knight Riders,wickets,7.0,169.0,20.0,N,,S Ravi,C Shamshuddin
829707,2015,Chennai,2015-04-09,League,A Nehra,"ma chidambaram stadium, chepauk",Chennai Super Kings,Delhi Daredevils,Delhi Daredevils,field,Chennai Super Kings,runs,1.0,151.0,20.0,N,,RK Illingworth,VA Kulkarni
829709,2015,Pune,2015-04-10,League,JP Faulkner,maharashtra cricket association stadium,Kings XI Punjab,Rajasthan Royals,Kings XI Punjab,field,Rajasthan Royals,runs,26.0,163.0,20.0,N,,SD Fry,CB Gaffaney
829711,2015,Chennai,2015-04-11,League,BB McCullum,"ma chidambaram stadium, chepauk",Chennai Super Kings,Sunrisers Hyderabad,Chennai Super Kings,bat,Chennai Super Kings,runs,45.0,210.0,20.0,N,,RK Illingworth,VA Kulkarni
829713,2015,Kolkata,2015-04-11,League,CH Gayle,eden gardens,Kolkata Knight Riders,Royal Challengers Bangalore,Royal Challengers Bangalore,field,Royal Challengers Bangalore,wickets,3.0,178.0,20.0,N,,S Ravi,C Shamshuddin
829715,2015,Delhi,2015-04-12,League,DJ Hooda,feroz shah kotla,Delhi Daredevils,Rajasthan Royals,Rajasthan Royals,field,Rajasthan Royals,wickets,3.0,185.0,20.0,N,,SD Fry,CB Gaffaney
829717,2015,Mumbai,2015-04-12,League,GJ Bailey,wankhede stadium,Mumbai Indians,Kings XI Punjab,Mumbai Indians,field,Kings XI Punjab,runs,18.0,178.0,20.0,N,,AK Chaudhary,K Srinivasan
829719,2015,Bangalore,2015-04-13,League,DA Warner,m chinnaswamy stadium,Royal Challengers Bangalore,Sunrisers Hyderabad,Sunrisers Hyderabad,field,Sunrisers Hyderabad,wickets,8.0,167.0,20.0,N,,RM Deshpande,RK Illingworth
829721,2015,Ahmedabad,2015-04-14,League,SPD Smith,"sardar patel stadium, motera",Rajasthan Royals,Mumbai Indians,Mumbai Indians,bat,Rajasthan Royals,wickets,7.0,165.0,20.0,N,,AK Chaudhary,SD Fry
829725,2015,Pune,2015-04-15,League,MA Agarwal,maharashtra cricket association stadium,Kings XI Punjab,Delhi Daredevils,Kings XI Punjab,bat,Delhi Daredevils,wickets,5.0,166.0,20.0,N,,CB Gaffaney,K Srinath
829727,2015,Visakhapatnam,2015-04-16,League,AM Rahane,dr. y.s. rajasekhara reddy aca-vdca cricket stadium,Sunrisers Hyderabad,Rajasthan Royals,Rajasthan Royals,field,Rajasthan Royals,wickets,6.0,128.0,20.0,N,,PG Pathak,S Ravi
829729,2015,Mumbai,2015-04-17,League,A Nehra,wankhede stadium,Mumbai Indians,Chennai Super Kings,Mumbai Indians,bat,Chennai Super Kings,wickets,6.0,184.0,20.0,N,,AK Chaudhary,M Erasmus
829731,2015,Visakhapatnam,2015-04-18,League,JP Duminy,dr. y.s. rajasekhara reddy aca-vdca cricket stadium,Sunrisers Hyderabad,Delhi Daredevils,Delhi Daredevils,bat,Delhi Daredevils,runs,4.0,168.0,20.0,N,,PG Pathak,S Ravi
829733,2015,Pune,2015-04-18,League,AD Russell,maharashtra cricket association stadium,Kings XI Punjab,Kolkata Knight Riders,Kolkata Knight Riders,field,Kolkata Knight Riders,wickets,4.0,156.0,20.0,N,,SD Fry,CK Nandan
829735,2015,Ahmedabad,2015-04-19,League,AM Rahane,"sardar patel stadium, motera",Rajasthan Royals,Chennai Super Kings,Chennai Super Kings,bat,Rajasthan Royals,wickets,8.0,157.0,20.0,N,,AK Chaudhary,M Erasmus
829737,2015,Bangalore,2015-04-19,League,Harbhajan Singh,m chinnaswamy stadium,Royal Challengers Bangalore,Mumbai Indians,Royal Challengers Bangalore,field,Mumbai Indians,runs,18.0,210.0,20.0,N,,RK Illingworth,VA Kulkarni
829739,2015,Delhi,2015-04-20,League,UT Yadav,feroz shah kotla,Delhi Daredevils,Kolkata Knight Riders,Kolkata Knight Riders,field,Kolkata Knight Riders,wickets,6.0,147.0,20.0,N,,SD Fry,CB Gaffaney
829741,2015,Ahmedabad,2015-04-21,League,SE Marsh,"sardar patel stadium, motera",Rajasthan Royals,Kings XI Punjab,Kings XI Punjab,field,Kings XI Punjab,tie,,192.0,20.0,Y,,M Erasmus,S Ravi
829743,2015,Visakhapatnam,2015-04-22,League,DA Warner,dr. y.s. rajasekhara reddy aca-vdca cricket stadium,Sunrisers Hyderabad,Kolkata Knight Riders,Kolkata Knight Riders,field,Sunrisers Hyderabad,runs,16.0,118.0,12.0,N,D/L,RK Illingworth,VA Kulkarni
829745,2015,Bangalore,2015-04-22,League,SK Raina,m chinnaswamy stadium,Royal Challengers Bangalore,Chennai Super Kings,Royal Challengers Bangalore,field,Chennai Super Kings,runs,27.0,182.0,20.0,N,,JD Cloete,C Shamshuddin
829747,2015,Delhi,2015-04-23,League,SS Iyer,feroz shah kotla,Delhi Daredevils,Mumbai Indians,Mumbai Indians,field,Delhi Daredevils,runs,37.0,191.0,20.0,N,,SD Fry,CK Nandan
829749,2015,Ahmedabad,2015-04-24,League,MA Starc,"sardar patel stadium, motera",Rajasthan Royals,Royal Challengers Bangalore,Royal Challengers Bangalore,field,Royal Challengers Bangalore,wickets,9.0,131.0,20.0,N,,M Erasmus,S Ravi
829751,2015,Mumbai,2015-04-25,League,SL Malinga,wankhede stadium,Mumbai Indians,Sunrisers Hyderabad,Mumbai Indians,bat,Mumbai Indians,runs,20.0,158.0,20.0,N,,HDPK Dharmasena,CB Gaffaney
829753,2015,Chennai,2015-04-25,League,BB McCullum,"ma chidambaram stadium, chepauk",Chennai Super Kings,Kings XI Punjab,Chennai Super Kings,bat,Chennai Super Kings,runs,97.0,193.0,20.0,N,,JD Cloete,C Shamshuddin
829757,2015,Delhi,2015-04-26,League,VR Aaron,feroz shah kotla,Delhi Daredevils,Royal Challengers Bangalore,Royal Challengers Bangalore,field,Royal Challengers Bangalore,wickets,10.0,96.0,20.0,N,,M Erasmus,S Ravi
829759,2015,Chandigarh,2015-04-27,League,TA Boult,"punjab cricket association stadium, mohali",Kings XI Punjab,Sunrisers Hyderabad,Kings XI Punjab,field,Sunrisers Hyderabad,runs,20.0,151.0,20.0,N,,HDPK Dharmasena,CB Gaffaney
829765,2015,Chennai,2015-04-28,League,DJ Bravo,"ma chidambaram stadium, chepauk",Chennai Super Kings,Kolkata Knight Riders,Kolkata Knight Riders,field,Chennai Super Kings,runs,2.0,135.0,20.0,N,,RM Deshpande,VA Kulkarni
829763,2015,Bangalore,2015-04-29,League,,m chinnaswamy stadium,Royal Challengers Bangalore,Rajasthan Royals,Rajasthan Royals,field,,no result,,,,N,,JD Cloete,PG Pathak
829723,2015,Kolkata,2015-04-30,League,AD Russell,eden gardens,Kolkata Knight Riders,Chennai Super Kings,Kolkata Knight Riders,field,Kolkata Knight Riders,wickets,7.0,166.0,20.0,N,,AK Chaudhary,M Erasmus
829767,2015,Delhi,2015-05-01,League,NM Coulter-Nile,feroz shah kotla,Delhi Daredevils,Kings XI Punjab,Delhi Daredevils,field,Delhi Daredevils,wickets,9.0,119.0,20.0,N,,RK Illingworth,S Ravi
829769,2015,Mumbai,2015-05-01,League,AT Rayudu,wankhede stadium,Mumbai Indians,Rajasthan Royals,Rajasthan Royals,field,Mumbai Indians,runs,8.0,188.0,20.0,N,,HDPK Dharmasena,CK Nandan
829771,2015,Bangalore,2015-05-02,League,Mandeep Singh,m chinnaswamy stadium,Royal Challengers Bangalore,Kolkata Knight Riders,Royal Challengers Bangalore,field,Royal Challengers Bangalore,wickets,7.0,112.0,10.0,N,,JD Cloete,PG Pathak
829773,2015,Hyderabad,2015-05-02,League,DA Warner,"rajiv gandhi international stadium, uppal",Sunrisers Hyderabad,Chennai Super Kings,Chennai Super Kings,field,Sunrisers Hyderabad,runs,22.0,193.0,20.0,N,,AK Chaudhary,K Srinivasan
829775,2015,Chandigarh,2015-05-03,League,LMP Simmons,"punjab cricket association stadium, mohali",Kings XI Punjab,Mumbai Indians,Mumbai Indians,bat,Mumbai Indians,runs,23.0,173.0,20.0,N,,RK Illingworth,VA Kulkarni
829777,2015,Mumbai,2015-05-03,League,AM Rahane,brabourne stadium,Rajasthan Royals,Delhi Daredevils,Delhi Daredevils,field,Rajasthan Royals,runs,14.0,190.0,20.0,N,,HDPK Dharmasena,CB Gaffaney
829779,2015,Chennai,2015-05-04,League,SK Raina,"ma chidambaram stadium, chepauk",Chennai Super Kings,Royal Challengers Bangalore,Chennai Super Kings,bat,Chennai Super Kings,runs,24.0,149.0,20.0,N,,C Shamshuddin,K Srinath
829781,2015,Kolkata,2015-05-04,League,UT Yadav,eden gardens,Kolkata Knight Riders,Sunrisers Hyderabad,Sunrisers Hyderabad,field,Kolkata Knight Riders,runs,35.0,168.0,20.0,N,,AK Chaudhary,M Erasmus
829783,2015,Mumbai,2015-05-05,League,Harbhajan Singh,wankhede stadium,Mumbai Indians,Delhi Daredevils,Delhi Daredevils,bat,Mumbai Indians,wickets,5.0,153.0,20.0,N,,HDPK Dharmasena,CB Gaffaney
829785,2015,Bangalore,2015-05-06,League,CH Gayle,m chinnaswamy stadium,Royal Challengers Bangalore,Kings XI Punjab,Kings XI Punjab,field,Royal Challengers Bangalore,runs,138.0,227.0,20.0,N,,RK Illingworth,VA Kulkarni
829761,2015,Kolkata,2015-05-07,League,PP Chawla,eden gardens,Kolkata Knight Riders,Delhi Daredevils,Kolkata Knight Riders,bat,Kolkata Knight Riders,runs,13.0,172.0,20.0,N,,AK Chaudhary,M Erasmus
829787,2015,Mumbai,2015-05-07,League,EJG Morgan,brabourne stadium,Rajasthan Royals,Sunrisers Hyderabad,Rajasthan Royals,field,Sunrisers Hyderabad,runs,7.0,202.0,20.0,N,,JD Cloete,C Shamshuddin
829789,2015,Chennai,2015-05-08,League,HH Pandya,"ma chidambaram stadium, chepauk",Chennai Super Kings,Mumbai Indians,Chennai Super Kings,bat,Mumbai Indians,wickets,6.0,159.0,20.0,N,,CB Gaffaney,CK Nandan
829791,2015,Kolkata,2015-05-09,League,AD Russell,eden gardens,Kolkata Knight Riders,Kings XI Punjab,Kings XI Punjab,bat,Kolkata Knight Riders,wickets,1.0,184.0,20.0,N,,AK Chaudhary,HDPK Dharmasena
829793,2015,Raipur,2015-05-09,League,MC Henriques,shaheed veer narayan singh international stadium,Delhi Daredevils,Sunrisers Hyderabad,Sunrisers Hyderabad,bat,Sunrisers Hyderabad,runs,6.0,164.0,20.0,N,,VA Kulkarni,S Ravi
829795,2015,Mumbai,2015-05-10,League,AB de Villiers,wankhede stadium,Mumbai Indians,Royal Challengers Bangalore,Royal Challengers Bangalore,bat,Royal Challengers Bangalore,runs,39.0,236.0,20.0,N,,JD Cloete,C Shamshuddin
829797,2015,Chennai,2015-05-10,League,RA Jadeja,"ma chidambaram stadium, chepauk",Chennai Super Kings,Rajasthan Royals,Chennai Super Kings,bat,Chennai Super Kings,runs,12.0,158.0,20.0,N,,M Erasmus,CK Nandan
829799,2015,Hyderabad,2015-05-11,League,DA Warner,"rajiv gandhi international stadium, uppal",Sunrisers Hyderabad,Kings XI Punjab,Sunrisers Hyderabad,bat,Sunrisers Hyderabad,runs,5.0,186.0,20.0,N,,AK Chaudhary,HDPK Dharmasena
829801,2015,Raipur,2015-05-12,League,Z Khan,shaheed veer narayan singh international stadium,Delhi Daredevils,Chennai Super Kings,Chennai Super Kings,bat,Delhi Daredevils,wickets,6.0,120.0,20.0,N,,RK Illingworth,VA Kulkarni
829803,2015,Chandigarh,2015-05-13,League,AR Patel,"punjab cricket association stadium, mohali",Kings XI Punjab,Royal Challengers Bangalore,Royal Challengers Bangalore,field,Kings XI Punjab,runs,22.0,107.0,10.0,N,,JD Cloete,C Shamshuddin
829805,2015,Mumbai,2015-05-14,League,HH Pandya,wankhede stadium,Mumbai Indians,Kolkata Knight Riders,Kolkata Knight Riders,field,Mumbai Indians,runs,5.0,172.0,20.0,N,,RK Illingworth,VA Kulkarni
829807,2015,Hyderabad,2015-05-15,League,V Kohli,"rajiv gandhi international stadium, uppal",Sunrisers Hyderabad,Royal Challengers Bangalore,Sunrisers Hyderabad,bat,Royal Challengers Bangalore,wickets,6.0,81.0,6.0,N,D/L,AK Chaudhary,HDPK Dharmasena
829809,2015,Chandigarh,2015-05-16,League,P Negi,"punjab cricket association stadium, mohali",Kings XI Punjab,Chennai Super Kings,Kings XI Punjab,bat,Chennai Super Kings,wickets,7.0,131.0,20.0,N,,CK Nandan,C Shamshuddin
829811,2015,Mumbai,2015-05-16,League,SR Watson,brabourne stadium,Rajasthan Royals,Kolkata Knight Riders,Rajasthan Royals,bat,Rajasthan Royals,runs,9.0,200.0,20.0,N,,RM Deshpande,RK Illingworth
829813,2015,Bangalore,2015-05-17,League,,m chinnaswamy stadium,Royal Challengers Bangalore,Delhi Daredevils,Royal Challengers Bangalore,field,,no result,,188.0,20.0,N,,HDPK Dharmasena,K Srinivasan
829815,2015,Hyderabad,2015-05-17,League,MJ McClenaghan,"rajiv gandhi international stadium, uppal",Sunrisers Hyderabad,Mumbai Indians,Sunrisers Hyderabad,bat,Mumbai Indians,wickets,9.0,114.0,20.0,N,,CB Gaffaney,K Srinath
829817,2015,Mumbai,2015-05-19,Qualifier 1,KA Pollard,wankhede stadium,Chennai Super Kings,Mumbai Indians,Mumbai Indians,bat,Mumbai Indians,runs,25.0,188.0,20.0,N,,HDPK Dharmasena,RK Illingworth
829819,2015,Pune,2015-05-20,Eliminator,AB de Villiers,maharashtra cricket association stadium,Royal Challengers Bangalore,Rajasthan Royals,Royal Challengers Bangalore,bat,Royal Challengers Bangalore,runs,71.0,181.0,20.0,N,,AK Chaudhary,C Shamshuddin
829821,2015,Ranchi,2015-05-22,Qualifier 2,A Nehra,jsca international stadium complex,Chennai Super Kings,Royal Challengers Bangalore,Chennai Super Kings,field,Chennai Super Kings,wickets,3.0,140.0,20.0,N,,AK Chaudhary,CB Gaffaney
829823,2015,Kolkata,2015-05-24,Final,RG Sharma,eden gardens,Mumbai Indians,Chennai Super Kings,Chennai Super Kings,field,Mumbai Indians,runs,41.0,203.0,20.0,N,,HDPK Dharmasena,RK Illingworth
980901,2016,Mumbai,2016-04-09,League,AM Rahane,wankhede stadium,Mumbai Indians,Rising Pune Supergiants,Mumbai Indians,bat,Rising Pune Supergiants,wickets,9.0,122.0,20.0,N,,HDPK Dharmasena,CK Nandan
980903,2016,Kolkata,2016-04-10,League,AD Russell,eden gardens,Kolkata Knight Riders,Delhi Daredevils,Kolkata Knight Riders,field,Kolkata Knight Riders,wickets,9.0,99.0,20.0,N,,S Ravi,C Shamshuddin
980905,2016,Chandigarh,2016-04-11,League,AJ Finch,"punjab cricket association is bindra stadium, mohali",Kings XI Punjab,Gujarat Lions,Gujarat Lions,field,Gujarat Lions,wickets,5.0,162.0,20.0,N,,AK Chaudhary,VA Kulkarni
980907,2016,Bangalore,2016-04-12,League,AB de Villiers,m chinnaswamy stadium,Royal Challengers Bangalore,Sunrisers Hyderabad,Sunrisers Hyderabad,field,Royal Challengers Bangalore,runs,45.0,228.0,20.0,N,,HDPK Dharmasena,VK Sharma
980909,2016,Kolkata,2016-04-13,League,RG Sharma,eden gardens,Kolkata Knight Riders,Mumbai Indians,Mumbai Indians,field,Mumbai Indians,wickets,6.0,188.0,20.0,N,,Nitin Menon,S Ravi
980911,2016,Rajkot,2016-04-14,League,AJ Finch,saurashtra cricket association stadium,Gujarat Lions,Rising Pune Supergiants,Rising Pune Supergiants,bat,Gujarat Lions,wickets,7.0,164.0,20.0,N,,VA Kulkarni,CK Nandan
980913,2016,Delhi,2016-04-15,League,A Mishra,feroz shah kotla,Delhi Daredevils,Kings XI Punjab,Delhi Daredevils,field,Delhi Daredevils,wickets,8.0,112.0,20.0,N,,S Ravi,C Shamshuddin
980915,2016,Hyderabad,2016-04-16,League,G Gambhir,"rajiv gandhi international stadium, uppal",Sunrisers Hyderabad,Kolkata Knight Riders,Sunrisers Hyderabad,bat,Kolkata Knight Riders,wickets,8.0,143.0,20.0,N,,AK Chaudhary,CK Nandan
980917,2016,Mumbai,2016-04-16,League,AJ Finch,wankhede stadium,Mumbai Indians,Gujarat Lions,Gujarat Lions,field,Gujarat Lions,wickets,3.0,144.0,20.0,N,,HDPK Dharmasena,VK Sharma
980919,2016,Chandigarh,2016-04-17,League,M Vohra,"punjab cricket association is bindra stadium, mohali",Kings XI Punjab,Rising Pune Supergiants,Rising Pune Supergiants,bat,Kings XI Punjab,wickets,6.0,153.0,20.0,N,,S Ravi,C Shamshuddin
980921,2016,Bangalore,2016-04-17,League,Q de Kock,m chinnaswamy stadium,Royal Challengers Bangalore,Delhi Daredevils,Delhi Daredevils,field,Delhi Daredevils,wickets,7.0,192.0,20.0,N,,VA Kulkarni,A Nand Kishore
980923,2016,Hyderabad,2016-04-18,League,DA Warner,"rajiv gandhi international stadium, uppal",Sunrisers Hyderabad,Mumbai Indians,Sunrisers Hyderabad,field,Sunrisers Hyderabad,wickets,7.0,143.0,20.0,N,,HDPK Dharmasena,VK Sharma
980925,2016,Chandigarh,2016-04-19,League,RV Uthappa,"punjab cricket association is bindra stadium, mohali",Kings XI Punjab,Kolkata Knight Riders,Kolkata Knight Riders,field,Kolkata Knight Riders,wickets,6.0,139.0,20.0,N,,S Ravi,C Shamshuddin
980927,2016,Mumbai,2016-04-20,League,RG Sharma,wankhede stadium,Mumbai Indians,Royal Challengers Bangalore,Mumbai Indians,field,Mumbai Indians,wickets,6.0,171.0,20.0,N,,AK Chaudhary,CK Nandan
980929,2016,Rajkot,2016-04-21,League,B Kumar,saurashtra cricket association stadium,Gujarat Lions,Sunrisers Hyderabad,Sunrisers Hyderabad,field,Sunrisers Hyderabad,wickets,10.0,136.0,20.0,N,,K Bharatan,HDPK Dharmasena
980931,2016,Pune,2016-04-22,League,AB de Villiers,maharashtra cricket association stadium,Rising Pune Supergiants,Royal Challengers Bangalore,Rising Pune Supergiants,field,Royal Challengers Bangalore,runs,13.0,186.0,20.0,N,,CB Gaffaney,VK Sharma
980933,2016,Delhi,2016-04-23,League,SV Samson,feroz shah kotla,Delhi Daredevils,Mumbai Indians,Mumbai Indians,field,Delhi Daredevils,runs,10.0,165.0,20.0,N,,S Ravi,C Shamshuddin
980935,2016,Hyderabad,2016-04-23,League,Mustafizur Rahman,"rajiv gandhi international stadium, uppal",Sunrisers Hyderabad,Kings XI Punjab,Sunrisers Hyderabad,field,Sunrisers Hyderabad,wickets,5.0,144.0,20.0,N,,AK Chaudhary,CK Nandan
980937,2016,Rajkot,2016-04-24,League,V Kohli,saurashtra cricket association stadium,Gujarat Lions,Royal Challengers Bangalore,Royal Challengers Bangalore,bat,Gujarat Lions,wickets,6.0,181.0,20.0,N,,K Bharatan,BNJ Oxenford
980939,2016,Pune,2016-04-24,League,SA Yadav,maharashtra cricket association stadium,Rising Pune Supergiants,Kolkata Knight Riders,Kolkata Knight Riders,field,Kolkata Knight Riders,wickets,2.0,161.0,20.0,N,,CB Gaffaney,A Nand Kishore
980941,2016,Chandigarh,2016-04-25,League,PA Patel,"punjab cricket association is bindra stadium, mohali",Kings XI Punjab,Mumbai Indians,Kings XI Punjab,field,Mumbai Indians,runs,25.0,190.0,20.0,N,,Nitin Menon,RJ Tucker
980943,2016,Hyderabad,2016-04-26,League,AB Dinda,"rajiv gandhi international stadium, uppal",Sunrisers Hyderabad,Rising Pune Supergiants,Rising Pune Supergiants,field,Rising Pune Supergiants,runs,34.0,61.0,11.0,N,D/L,AY Dandekar,CK Nandan
980945,2016,Delhi,2016-04-27,League,CH Morris,feroz shah kotla,Delhi Daredevils,Gujarat Lions,Delhi Daredevils,field,Gujarat Lions,runs,1.0,173.0,20.0,N,,M Erasmus,S Ravi
980947,2016,Mumbai,2016-04-28,League,RG Sharma,wankhede stadium,Mumbai Indians,Kolkata Knight Riders,Mumbai Indians,field,Mumbai Indians,wickets,6.0,175.0,20.0,N,,Nitin Menon,RJ Tucker
980949,2016,Pune,2016-04-29,League,DR Smith,maharashtra cricket association stadium,Rising Pune Supergiants,Gujarat Lions,Gujarat Lions,field,Gujarat Lions,wickets,3.0,196.0,20.0,N,,CB Gaffaney,BNJ Oxenford
980951,2016,Delhi,2016-04-30,League,CR Brathwaite,feroz shah kotla,Delhi Daredevils,Kolkata Knight Riders,Kolkata Knight Riders,field,Delhi Daredevils,runs,27.0,187.0,20.0,N,,KN Ananthapadmanabhan,M Erasmus
980953,2016,Hyderabad,2016-04-30,League,DA Warner,"rajiv gandhi international stadium, uppal",Sunrisers Hyderabad,Royal Challengers Bangalore,Royal Challengers Bangalore,field,Sunrisers Hyderabad,runs,15.0,195.0,20.0,N,,AK Chaudhary,HDPK Dharmasena
980955,2016,Rajkot,2016-05-01,League,AR Patel,saurashtra cricket association stadium,Gujarat Lions,Kings XI Punjab,Gujarat Lions,field,Kings XI Punjab,runs,23.0,155.0,20.0,N,,BNJ Oxenford,VK Sharma
980957,2016,Pune,2016-05-01,League,RG Sharma,maharashtra cricket association stadium,Rising Pune Supergiants,Mumbai Indians,Mumbai Indians,field,Mumbai Indians,wickets,8.0,160.0,20.0,N,,AY Dandekar,RJ Tucker
980959,2016,Bangalore,2016-05-02,League,AD Russell,m chinnaswamy stadium,Royal Challengers Bangalore,Kolkata Knight Riders,Kolkata Knight Riders,field,Kolkata Knight Riders,wickets,5.0,186.0,20.0,N,,M Erasmus,S Ravi
980961,2016,Rajkot,2016-05-03,League,RR Pant,saurashtra cricket association stadium,Gujarat Lions,Delhi Daredevils,Delhi Daredevils,field,Delhi Daredevils,wickets,8.0,150.0,20.0,N,,CB Gaffaney,BNJ Oxenford
980963,2016,Kolkata,2016-05-04,League,AD Russell,eden gardens,Kolkata Knight Riders,Kings XI Punjab,Kings XI Punjab,field,Kolkata Knight Riders,runs,7.0,165.0,20.0,N,,AK Chaudhary,HDPK Dharmasena
980965,2016,Delhi,2016-05-05,League,AM Rahane,feroz shah kotla,Delhi Daredevils,Rising Pune Supergiants,Rising Pune Supergiants,field,Rising Pune Supergiants,wickets,7.0,163.0,20.0,N,,C Shamshuddin,RJ Tucker
980967,2016,Hyderabad,2016-05-06,League,B Kumar,"rajiv gandhi international stadium, uppal",Sunrisers Hyderabad,Gujarat Lions,Sunrisers Hyderabad,field,Sunrisers Hyderabad,wickets,5.0,127.0,20.0,N,,M Erasmus,S Ravi
980969,2016,Bangalore,2016-05-07,League,V Kohli,m chinnaswamy stadium,Royal Challengers Bangalore,Rising Pune Supergiants,Royal Challengers Bangalore,field,Royal Challengers Bangalore,wickets,7.0,192.0,20.0,N,,CB Gaffaney,BNJ Oxenford
980971,2016,Chandigarh,2016-05-07,League,MP Stoinis,"punjab cricket association is bindra stadium, mohali",Kings XI Punjab,Delhi Daredevils,Delhi Daredevils,field,Kings XI Punjab,runs,9.0,182.0,20.0,N,,HDPK Dharmasena,CK Nandan
980973,2016,Visakhapatnam,2016-05-08,League,A Nehra,dr. y.s. rajasekhara reddy aca-vdca cricket stadium,Mumbai Indians,Sunrisers Hyderabad,Mumbai Indians,field,Sunrisers Hyderabad,runs,85.0,178.0,20.0,N,,S Ravi,C Shamshuddin
980975,2016,Kolkata,2016-05-08,League,P Kumar,eden gardens,Kolkata Knight Riders,Gujarat Lions,Gujarat Lions,field,Gujarat Lions,wickets,5.0,159.0,20.0,N,,M Erasmus,RJ Tucker
980977,2016,Chandigarh,2016-05-09,League,SR Watson,"punjab cricket association is bindra stadium, mohali",Kings XI Punjab,Royal Challengers Bangalore,Kings XI Punjab,field,Royal Challengers Bangalore,runs,1.0,176.0,20.0,N,,AK Chaudhary,HDPK Dharmasena
980979,2016,Visakhapatnam,2016-05-10,League,A Zampa,dr. y.s. rajasekhara reddy aca-vdca cricket stadium,Rising Pune Supergiants,Sunrisers Hyderabad,Sunrisers Hyderabad,bat,Sunrisers Hyderabad,runs,4.0,138.0,20.0,N,,CB Gaffaney,VK Sharma
980981,2016,Bangalore,2016-05-11,League,KH Pandya,m chinnaswamy stadium,Royal Challengers Bangalore,Mumbai Indians,Mumbai Indians,field,Mumbai Indians,wickets,6.0,152.0,20.0,N,,AY Dandekar,C Shamshuddin
980983,2016,Hyderabad,2016-05-12,League,CH Morris,"rajiv gandhi international stadium, uppal",Sunrisers Hyderabad,Delhi Daredevils,Delhi Daredevils,field,Delhi Daredevils,wickets,7.0,147.0,20.0,N,,K Bharatan,M Erasmus
980985,2016,Visakhapatnam,2016-05-13,League,MP Stoinis,dr. y.s. rajasekhara reddy aca-vdca cricket stadium,Mumbai Indians,Kings XI Punjab,Mumbai Indians,bat,Kings XI Punjab,wickets,7.0,125.0,20.0,N,,HDPK Dharmasena,CK Nandan
980987,2016,Bangalore,2016-05-14,League,AB de Villiers,m chinnaswamy stadium,Royal Challengers Bangalore,Gujarat Lions,Gujarat Lions,field,Royal Challengers Bangalore,runs,144.0,249.0,20.0,N,,AY Dandekar,VK Sharma
980989,2016,Kolkata,2016-05-14,League,YK Pathan,eden gardens,Kolkata Knight Riders,Rising Pune Supergiants,Rising Pune Supergiants,bat,Kolkata Knight Riders,wickets,8.0,66.0,9.0,N,D/L,A Nand Kishore,BNJ Oxenford
980991,2016,Chandigarh,2016-05-15,League,HM Amla,"punjab cricket association is bindra stadium, mohali",Kings XI Punjab,Sunrisers Hyderabad,Kings XI Punjab,bat,Sunrisers Hyderabad,wickets,7.0,180.0,20.0,N,,KN Ananthapadmanabhan,M Erasmus
980993,2016,Visakhapatnam,2016-05-15,League,KH Pandya,dr. y.s. rajasekhara reddy aca-vdca cricket stadium,Mumbai Indians,Delhi Daredevils,Delhi Daredevils,field,Mumbai Indians,runs,80.0,207.0,20.0,N,,Nitin Menon,CK Nandan
980995,2016,Kolkata,2016-05-16,League,V Kohli,eden gardens,Kolkata Knight Riders,Royal Challengers Bangalore,Royal Challengers Bangalore,field,Royal Challengers Bangalore,wickets,9.0,184.0,20.0,N,,CB Gaffaney,A Nand Kishore
980997,2016,Visakhapatnam,2016-05-17,League,AB Dinda,dr. y.s. rajasekhara reddy aca-vdca cricket stadium,Rising Pune Supergiants,Delhi Daredevils,Rising Pune Supergiants,field,Rising Pune Supergiants,runs,19.0,58.0,11.0,N,D/L,Nitin Menon,C Shamshuddin
980999,2016,Bangalore,2016-05-18,League,V Kohli,m chinnaswamy stadium,Royal Challengers Bangalore,Kings XI Punjab,Kings XI Punjab,field,Royal Challengers Bangalore,runs,82.0,203.0,14.0,N,D/L,KN Ananthapadmanabhan,M Erasmus
981001,2016,Kanpur,2016-05-19,League,DR Smith,green park,Gujarat Lions,Kolkata Knight Riders,Gujarat Lions,field,Gujarat Lions,wickets,6.0,125.0,20.0,N,,AK Chaudhary,CK Nandan
981003,2016,Raipur,2016-05-20,League,KK Nair,shaheed veer narayan singh international stadium,Delhi Daredevils,Sunrisers Hyderabad,Delhi Daredevils,field,Delhi Daredevils,wickets,6.0,159.0,20.0,N,,A Nand Kishore,BNJ Oxenford
981005,2016,Visakhapatnam,2016-05-21,League,MS Dhoni,dr. y.s. rajasekhara reddy aca-vdca cricket stadium,Rising Pune Supergiants,Kings XI Punjab,Kings XI Punjab,bat,Rising Pune Supergiants,wickets,4.0,173.0,20.0,N,,HDPK Dharmasena,Nitin Menon
981007,2016,Kanpur,2016-05-21,League,SK Raina,green park,Gujarat Lions,Mumbai Indians,Gujarat Lions,field,Gujarat Lions,wickets,6.0,173.0,20.0,N,,AK Chaudhary,CK Nandan
981009,2016,Kolkata,2016-05-22,League,YK Pathan,eden gardens,Kolkata Knight Riders,Sunrisers Hyderabad,Sunrisers Hyderabad,field,Kolkata Knight Riders,runs,22.0,172.0,20.0,N,,KN Ananthapadmanabhan,M Erasmus
981011,2016,Raipur,2016-05-22,League,V Kohli,shaheed veer narayan singh international stadium,Delhi Daredevils,Royal Challengers Bangalore,Royal Challengers Bangalore,field,Royal Challengers Bangalore,wickets,6.0,139.0,20.0,N,,A Nand Kishore,BNJ Oxenford
981013,2016,Bangalore,2016-05-24,Qualifier 1,AB de Villiers,m chinnaswamy stadium,Gujarat Lions,Royal Challengers Bangalore,Royal Challengers Bangalore,field,Royal Challengers Bangalore,wickets,4.0,159.0,20.0,N,,AK Chaudhary,HDPK Dharmasena
981015,2016,Delhi,2016-05-25,Elimination Final,MC Henriques,feroz shah kotla,Sunrisers Hyderabad,Kolkata Knight Riders,Kolkata Knight Riders,field,Sunrisers Hyderabad,runs,22.0,163.0,20.0,N,,M Erasmus,C Shamshuddin
981017,2016,Delhi,2016-05-27,Qualifier 2,DA Warner,feroz shah kotla,Gujarat Lions,Sunrisers Hyderabad,Sunrisers Hyderabad,field,Sunrisers Hyderabad,wickets,4.0,163.0,20.0,N,,M Erasmus,CK Nandan
981019,2016,Bangalore,2016-05-29,Final,BCJ Cutting,m chinnaswamy stadium,Royal Challengers Bangalore,Sunrisers Hyderabad,Sunrisers Hyderabad,bat,Sunrisers Hyderabad,runs,8.0,209.0,20.0,N,,HDPK Dharmasena,BNJ Oxenford
1082591,2017,Hyderabad,2017-04-05,League,Yuvraj Singh,"rajiv gandhi international stadium, uppal",Sunrisers Hyderabad,Royal Challengers Bangalore,Royal Challengers Bangalore,field,Sunrisers Hyderabad,runs,35.0,208.0,20.0,N,,AY Dandekar,NJ Llong
1082592,2017,Pune,2017-04-06,League,SPD Smith,maharashtra cricket association stadium,Rising Pune Supergiant,Mumbai Indians,Rising Pune Supergiant,field,Rising Pune Supergiant,wickets,7.0,185.0,20.0,N,,A Nand Kishore,S Ravi
1082593,2017,Rajkot,2017-04-07,League,CA Lynn,saurashtra cricket association stadium,Gujarat Lions,Kolkata Knight Riders,Kolkata Knight Riders,field,Kolkata Knight Riders,wickets,10.0,184.0,20.0,N,,Nitin Menon,CK Nandan
1082594,2017,Indore,2017-04-08,League,GJ Maxwell,holkar cricket stadium,Kings XI Punjab,Rising Pune Supergiant,Kings XI Punjab,field,Kings XI Punjab,wickets,6.0,164.0,20.0,N,,AK Chaudhary,C Shamshuddin
1082595,2017,Bengaluru,2017-04-08,League,KM Jadhav,m.chinnaswamy stadium,Royal Challengers Bangalore,Delhi Daredevils,Royal Challengers Bangalore,bat,Royal Challengers Bangalore,runs,15.0,158.0,20.0,N,,S Ravi,VK Sharma
1082596,2017,Hyderabad,2017-04-09,League,Rashid Khan,"rajiv gandhi international stadium, uppal",Sunrisers Hyderabad,Gujarat Lions,Sunrisers Hyderabad,field,Sunrisers Hyderabad,wickets,9.0,136.0,20.0,N,,A Deshmukh,NJ Llong
1082597,2017,Mumbai,2017-04-09,League,N Rana,wankhede stadium,Mumbai Indians,Kolkata Knight Riders,Mumbai Indians,field,Mumbai Indians,wickets,4.0,179.0,20.0,N,,Nitin Menon,CK Nandan
1082598,2017,Indore,2017-04-10,League,AR Patel,holkar cricket stadium,Kings XI Punjab,Royal Challengers Bangalore,Royal Challengers Bangalore,bat,Kings XI Punjab,wickets,8.0,149.0,20.0,N,,AK Chaudhary,C Shamshuddin
1082599,2017,Pune,2017-04-11,League,SV Samson,maharashtra cricket association stadium,Rising Pune Supergiant,Delhi Daredevils,Rising Pune Supergiant,field,Delhi Daredevils,runs,97.0,206.0,20.0,N,,AY Dandekar,S Ravi
1082600,2017,Mumbai,2017-04-12,League,JJ Bumrah,wankhede stadium,Mumbai Indians,Sunrisers Hyderabad,Mumbai Indians,field,Mumbai Indians,wickets,4.0,159.0,20.0,N,,Nitin Menon,CK Nandan
1082601,2017,Kolkata,2017-04-13,League,SP Narine,eden gardens,Kolkata Knight Riders,Kings XI Punjab,Kolkata Knight Riders,field,Kolkata Knight Riders,wickets,8.0,171.0,20.0,N,,A Deshmukh,NJ Llong
1082602,2017,Bangalore,2017-04-14,League,KA Pollard,m chinnaswamy stadium,Royal Challengers Bangalore,Mumbai Indians,Mumbai Indians,field,Mumbai Indians,wickets,4.0,143.0,20.0,N,,KN Ananthapadmanabhan,AK Chaudhary
1082603,2017,Rajkot,2017-04-14,League,AJ Tye,saurashtra cricket association stadium,Gujarat Lions,Rising Pune Supergiant,Gujarat Lions,field,Gujarat Lions,wickets,7.0,172.0,20.0,N,,A Nand Kishore,S Ravi
1082604,2017,Kolkata,2017-04-15,League,RV Uthappa,eden gardens,Kolkata Knight Riders,Sunrisers Hyderabad,Sunrisers Hyderabad,field,Kolkata Knight Riders,runs,17.0,173.0,20.0,N,,AY Dandekar,NJ Llong
1082605,2017,Delhi,2017-04-15,League,CJ Anderson,feroz shah kotla,Delhi Daredevils,Kings XI Punjab,Delhi Daredevils,bat,Delhi Daredevils,runs,51.0,189.0,20.0,N,,YC Barde,Nitin Menon
1082606,2017,Mumbai,2017-04-16,League,N Rana,wankhede stadium,Mumbai Indians,Gujarat Lions,Mumbai Indians,field,Mumbai Indians,wickets,6.0,177.0,20.0,N,,A Nand Kishore,S Ravi
1082607,2017,Bangalore,2017-04-16,League,BA Stokes,m chinnaswamy stadium,Royal Challengers Bangalore,Rising Pune Supergiant,Royal Challengers Bangalore,field,Rising Pune Supergiant,runs,27.0,162.0,20.0,N,,KN Ananthapadmanabhan,C Shamshuddin
1082608,2017,Delhi,2017-04-17,League,NM Coulter-Nile,feroz shah kotla,Delhi Daredevils,Kolkata Knight Riders,Delhi Daredevils,bat,Kolkata Knight Riders,wickets,4.0,169.0,20.0,N,,Nitin Menon,CK Nandan
1082609,2017,Hyderabad,2017-04-17,League,B Kumar,"rajiv gandhi international stadium, uppal",Sunrisers Hyderabad,Kings XI Punjab,Kings XI Punjab,field,Sunrisers Hyderabad,runs,5.0,160.0,20.0,N,,AY Dandekar,A Deshmukh
1082610,2017,Rajkot,2017-04-18,League,CH Gayle,saurashtra cricket association stadium,Gujarat Lions,Royal Challengers Bangalore,Gujarat Lions,field,Royal Challengers Bangalore,runs,21.0,214.0,20.0,N,,S Ravi,VK Sharma
1082611,2017,Hyderabad,2017-04-19,League,KS Williamson,"rajiv gandhi international stadium, uppal",Sunrisers Hyderabad,Delhi Daredevils,Sunrisers Hyderabad,bat,Sunrisers Hyderabad,runs,15.0,192.0,20.0,N,,CB Gaffaney,NJ Llong
1082612,2017,Indore,2017-04-20,League,JC Buttler,holkar cricket stadium,Kings XI Punjab,Mumbai Indians,Mumbai Indians,field,Mumbai Indians,wickets,8.0,199.0,20.0,N,,M Erasmus,C Shamshuddin
1082613,2017,Kolkata,2017-04-21,League,SK Raina,eden gardens,Kolkata Knight Riders,Gujarat Lions,Gujarat Lions,field,Gujarat Lions,wickets,4.0,188.0,20.0,N,,CB Gaffaney,Nitin Menon
1082614,2017,Mumbai,2017-04-22,League,MJ McClenaghan,wankhede stadium,Mumbai Indians,Delhi Daredevils,Delhi Daredevils,field,Mumbai Indians,runs,14.0,143.0,20.0,N,,A Nand Kishore,S Ravi
1082615,2017,Pune,2017-04-22,League,MS Dhoni,maharashtra cricket association stadium,Rising Pune Supergiant,Sunrisers Hyderabad,Rising Pune Supergiant,field,Rising Pune Supergiant,wickets,6.0,177.0,20.0,N,,AY Dandekar,A Deshmukh
1082616,2017,Rajkot,2017-04-23,League,HM Amla,saurashtra cricket association stadium,Gujarat Lions,Kings XI Punjab,Gujarat Lions,field,Kings XI Punjab,runs,26.0,189.0,20.0,N,,AK Chaudhary,M Erasmus
1082617,2017,Kolkata,2017-04-23,League,NM Coulter-Nile,eden gardens,Kolkata Knight Riders,Royal Challengers Bangalore,Royal Challengers Bangalore,field,Kolkata Knight Riders,runs,82.0,132.0,20.0,N,,CB Gaffaney,CK Nandan
1082618,2017,Mumbai,2017-04-24,League,BA Stokes,wankhede stadium,Mumbai Indians,Rising Pune Supergiant,Mumbai Indians,field,Rising Pune Supergiant,runs,3.0,161.0,20.0,N,,A Nand Kishore,S Ravi
1082620,2017,Pune,2017-04-26,League,RV Uthappa,maharashtra cricket association stadium,Rising Pune Supergiant,Kolkata Knight Riders,Kolkata Knight Riders,field,Kolkata Knight Riders,wickets,7.0,183.0,20.0,N,,AY Dandekar,NJ Llong
1082621,2017,Bangalore,2017-04-27,League,AJ Tye,m chinnaswamy stadium,Royal Challengers Bangalore,Gujarat Lions,Gujarat Lions,field,Gujarat Lions,wickets,7.0,135.0,20.0,N,,AK Chaudhary,C Shamshuddin
1082622,2017,Kolkata,2017-04-28,League,G Gambhir,eden gardens,Kolkata Knight Riders,Delhi Daredevils,Kolkata Knight Riders,field,Kolkata Knight Riders,wickets,7.0,161.0,20.0,N,,NJ Llong,S Ravi
1082623,2017,Chandigarh,2017-04-28,League,Rashid Khan,"punjab cricket association is bindra stadium, mohali",Kings XI Punjab,Sunrisers Hyderabad,Kings XI Punjab,field,Sunrisers Hyderabad,runs,26.0,208.0,20.0,N,,Nitin Menon,CK Nandan
1082624,2017,Pune,2017-04-29,League,LH Ferguson,maharashtra cricket association stadium,Rising Pune Supergiant,Royal Challengers Bangalore,Royal Challengers Bangalore,field,Rising Pune Supergiant,runs,61.0,158.0,20.0,N,,KN Ananthapadmanabhan,M Erasmus
1082625,2017,Rajkot,2017-04-29,League,KH Pandya,saurashtra cricket association stadium,Gujarat Lions,Mumbai Indians,Gujarat Lions,bat,Mumbai Indians,tie,,154.0,20.0,Y,,AK Chaudhary,CB Gaffaney
1082626,2017,Chandigarh,2017-04-30,League,Sandeep Sharma,"punjab cricket association is bindra stadium, mohali",Kings XI Punjab,Delhi Daredevils,Kings XI Punjab,field,Kings XI Punjab,wickets,10.0,68.0,20.0,N,,YC Barde,CK Nandan
1082627,2017,Hyderabad,2017-04-30,League,DA Warner,"rajiv gandhi international stadium, uppal",Sunrisers Hyderabad,Kolkata Knight Riders,Kolkata Knight Riders,field,Sunrisers Hyderabad,runs,48.0,210.0,20.0,N,,AY Dandekar,S Ravi
1082628,2017,Mumbai,2017-05-01,League,RG Sharma,wankhede stadium,Mumbai Indians,Royal Challengers Bangalore,Royal Challengers Bangalore,bat,Mumbai Indians,wickets,5.0,163.0,20.0,N,,AK Chaudhary,CB Gaffaney
1082629,2017,Pune,2017-05-01,League,BA Stokes,maharashtra cricket association stadium,Rising Pune Supergiant,Gujarat Lions,Rising Pune Supergiant,field,Rising Pune Supergiant,wickets,5.0,162.0,20.0,N,,M Erasmus,C Shamshuddin
1082630,2017,Delhi,2017-05-02,League,Mohammed Shami,feroz shah kotla,Delhi Daredevils,Sunrisers Hyderabad,Delhi Daredevils,field,Delhi Daredevils,wickets,6.0,186.0,20.0,N,,YC Barde,Nitin Menon
1082631,2017,Kolkata,2017-05-03,League,RA Tripathi,eden gardens,Kolkata Knight Riders,Rising Pune Supergiant,Rising Pune Supergiant,field,Rising Pune Supergiant,wickets,4.0,156.0,20.0,N,,KN Ananthapadmanabhan,A Nand Kishore
1082632,2017,Delhi,2017-05-04,League,RR Pant,feroz shah kotla,Delhi Daredevils,Gujarat Lions,Delhi Daredevils,field,Delhi Daredevils,wickets,7.0,209.0,20.0,N,,M Erasmus,Nitin Menon
1082633,2017,Bangalore,2017-05-05,League,Sandeep Sharma,m chinnaswamy stadium,Royal Challengers Bangalore,Kings XI Punjab,Royal Challengers Bangalore,field,Kings XI Punjab,runs,19.0,139.0,20.0,N,,CB Gaffaney,C Shamshuddin
1082634,2017,Hyderabad,2017-05-06,League,JD Unadkat,"rajiv gandhi international stadium, uppal",Sunrisers Hyderabad,Rising Pune Supergiant,Sunrisers Hyderabad,field,Rising Pune Supergiant,runs,12.0,149.0,20.0,N,,KN Ananthapadmanabhan,AK Chaudhary
1082635,2017,Delhi,2017-05-06,League,LMP Simmons,feroz shah kotla,Delhi Daredevils,Mumbai Indians,Delhi Daredevils,field,Mumbai Indians,runs,146.0,213.0,20.0,N,,Nitin Menon,CK Nandan
1082636,2017,Bangalore,2017-05-07,League,SP Narine,m chinnaswamy stadium,Royal Challengers Bangalore,Kolkata Knight Riders,Kolkata Knight Riders,field,Kolkata Knight Riders,wickets,6.0,159.0,20.0,N,,AY Dandekar,C Shamshuddin
1082637,2017,Chandigarh,2017-05-07,League,DR Smith,"punjab cricket association is bindra stadium, mohali",Kings XI Punjab,Gujarat Lions,Gujarat Lions,field,Gujarat Lions,wickets,6.0,190.0,20.0,N,,A Nand Kishore,VK Sharma
1082638,2017,Hyderabad,2017-05-08,League,S Dhawan,"rajiv gandhi international stadium, uppal",Sunrisers Hyderabad,Mumbai Indians,Mumbai Indians,bat,Sunrisers Hyderabad,wickets,7.0,139.0,20.0,N,,KN Ananthapadmanabhan,M Erasmus
1082639,2017,Chandigarh,2017-05-09,League,MM Sharma,"punjab cricket association is bindra stadium, mohali",Kings XI Punjab,Kolkata Knight Riders,Kolkata Knight Riders,field,Kings XI Punjab,runs,14.0,168.0,20.0,N,,A Nand Kishore,S Ravi
1082640,2017,Kanpur,2017-05-10,League,SS Iyer,green park,Gujarat Lions,Delhi Daredevils,Delhi Daredevils,field,Delhi Daredevils,wickets,2.0,196.0,20.0,N,,YC Barde,AK Chaudhary
1082641,2017,Mumbai,2017-05-11,League,WP Saha,wankhede stadium,Mumbai Indians,Kings XI Punjab,Mumbai Indians,field,Kings XI Punjab,runs,7.0,231.0,20.0,N,,A Deshmukh,A Nand Kishore
1082642,2017,Delhi,2017-05-12,League,KK Nair,feroz shah kotla,Delhi Daredevils,Rising Pune Supergiant,Delhi Daredevils,bat,Delhi Daredevils,runs,7.0,169.0,20.0,N,,KN Ananthapadmanabhan,CK Nandan
1082643,2017,Kanpur,2017-05-13,League,Mohammed Siraj,green park,Gujarat Lions,Sunrisers Hyderabad,Sunrisers Hyderabad,field,Sunrisers Hyderabad,wickets,8.0,155.0,20.0,N,,AK Chaudhary,Nitin Menon
1082644,2017,Kolkata,2017-05-13,League,AT Rayudu,eden gardens,Kolkata Knight Riders,Mumbai Indians,Kolkata Knight Riders,field,Mumbai Indians,runs,9.0,174.0,20.0,N,,A Nand Kishore,S Ravi
1082645,2017,Pune,2017-05-14,League,JD Unadkat,maharashtra cricket association stadium,Rising Pune Supergiant,Kings XI Punjab,Rising Pune Supergiant,field,Rising Pune Supergiant,wickets,9.0,74.0,20.0,N,,AY Dandekar,A Deshmukh
1082646,2017,Delhi,2017-05-14,League,HV Patel,feroz shah kotla,Delhi Daredevils,Royal Challengers Bangalore,Royal Challengers Bangalore,bat,Royal Challengers Bangalore,runs,10.0,162.0,20.0,N,,CK Nandan,C Shamshuddin
1082647,2017,Mumbai,2017-05-16,Qualifier 1,Washington Sundar,wankhede stadium,Mumbai Indians,Rising Pune Supergiant,Mumbai Indians,field,Rising Pune Supergiant,runs,20.0,163.0,20.0,N,,S Ravi,C Shamshuddin
1082648,2017,Bangalore,2017-05-17,Eliminator,NM Coulter-Nile,m chinnaswamy stadium,Sunrisers Hyderabad,Kolkata Knight Riders,Kolkata Knight Riders,field,Kolkata Knight Riders,wickets,7.0,48.0,6.0,N,D/L,AK Chaudhary,Nitin Menon
1082649,2017,Bangalore,2017-05-19,Qualifier 2,KV Sharma,m chinnaswamy stadium,Mumbai Indians,Kolkata Knight Riders,Mumbai Indians,field,Mumbai Indians,wickets,6.0,108.0,20.0,N,,NJ Llong,Nitin Menon
1082650,2017,Hyderabad,2017-05-21,Final,KH Pandya,"rajiv gandhi international stadium, uppal",Mumbai Indians,Rising Pune Supergiant,Mumbai Indians,bat,Mumbai Indians,runs,1.0,130.0,20.0,N,,NJ Llong,S Ravi
1136561,2018,Mumbai,2018-04-07,League,DJ Bravo,wankhede stadium,Mumbai Indians,Chennai Super Kings,Chennai Super Kings,field,Chennai Super Kings,wickets,1.0,166.0,20.0,N,,CB Gaffaney,A Nand Kishore
1136562,2018,Chandigarh,2018-04-08,League,KL Rahul,punjab cricket association is bindra stadium,Delhi Daredevils,Kings XI Punjab,Kings XI Punjab,field,Kings XI Punjab,wickets,6.0,167.0,20.0,N,,KN Ananthapadmanabhan,RJ Tucker
1136563,2018,Kolkata,2018-04-08,League,SP Narine,eden gardens,Royal Challengers Bangalore,Kolkata Knight Riders,Kolkata Knight Riders,field,Kolkata Knight Riders,wickets,4.0,177.0,20.0,N,,A Deshmukh,C Shamshuddin
1136564,2018,Hyderabad,2018-04-09,League,S Dhawan,rajiv gandhi international stadium,Rajasthan Royals,Sunrisers Hyderabad,Sunrisers Hyderabad,field,Sunrisers Hyderabad,wickets,9.0,126.0,20.0,N,,NJ Llong,VA Kulkarni
1136565,2018,Chennai,2018-04-10,League,SW Billings,ma chidambaram stadium,Kolkata Knight Riders,Chennai Super Kings,Chennai Super Kings,field,Chennai Super Kings,wickets,5.0,203.0,20.0,N,,AK Chaudhary,CB Gaffaney
1136566,2018,Jaipur,2018-04-11,League,SV Samson,sawai mansingh stadium,Rajasthan Royals,Delhi Daredevils,Delhi Daredevils,field,Rajasthan Royals,runs,10.0,71.0,6.0,N,D/L,KN Ananthapadmanabhan,Nitin Menon
1136567,2018,Hyderabad,2018-04-12,League,Rashid Khan,rajiv gandhi international stadium,Mumbai Indians,Sunrisers Hyderabad,Sunrisers Hyderabad,field,Sunrisers Hyderabad,wickets,1.0,148.0,20.0,N,,CK Nandan,NJ Llong
1136568,2018,Bengaluru,2018-04-13,League,UT Yadav,m.chinnaswamy stadium,Kings XI Punjab,Royal Challengers Bangalore,Royal Challengers Bangalore,field,Royal Challengers Bangalore,wickets,4.0,156.0,20.0,N,,A Deshmukh,S Ravi
1136569,2018,Mumbai,2018-04-14,League,JJ Roy,wankhede stadium,Mumbai Indians,Delhi Daredevils,Delhi Daredevils,field,Delhi Daredevils,wickets,7.0,195.0,20.0,N,,KN Ananthapadmanabhan,Nitin Menon
1136570,2018,Kolkata,2018-04-14,League,B Stanlake,eden gardens,Kolkata Knight Riders,Sunrisers Hyderabad,Sunrisers Hyderabad,field,Sunrisers Hyderabad,wickets,5.0,139.0,20.0,N,,AK Chaudhary,A Nand Kishore
1136571,2018,Bengaluru,2018-04-15,League,SV Samson,m.chinnaswamy stadium,Rajasthan Royals,Royal Challengers Bangalore,Royal Challengers Bangalore,field,Rajasthan Royals,runs,19.0,218.0,20.0,N,,C Shamshuddin,S Ravi
1136572,2018,Chandigarh,2018-04-15,League,CH Gayle,punjab cricket association is bindra stadium,Kings XI Punjab,Chennai Super Kings,Chennai Super Kings,field,Kings XI Punjab,runs,4.0,198.0,20.0,N,,CK Nandan,VA Kulkarni
1136573,2018,Kolkata,2018-04-16,League,N Rana,eden gardens,Kolkata Knight Riders,Delhi Daredevils,Delhi Daredevils,field,Kolkata Knight Riders,runs,71.0,201.0,20.0,N,,AK Chaudhary,A Nand Kishore
1136574,2018,Mumbai,2018-04-17,League,RG Sharma,wankhede stadium,Mumbai Indians,Royal Challengers Bangalore,Royal Challengers Bangalore,field,Mumbai Indians,runs,46.0,214.0,20.0,N,,Nitin Menon,RJ Tucker
1136575,2018,Jaipur,2018-04-18,League,N Rana,sawai mansingh stadium,Rajasthan Royals,Kolkata Knight Riders,Kolkata Knight Riders,field,Kolkata Knight Riders,wickets,7.0,161.0,20.0,N,,A Deshmukh,S Ravi
1136576,2018,Chandigarh,2018-04-19,League,CH Gayle,punjab cricket association is bindra stadium,Kings XI Punjab,Sunrisers Hyderabad,Kings XI Punjab,bat,Kings XI Punjab,runs,15.0,194.0,20.0,N,,AK Chaudhary,NJ Llong
1136577,2018,Pune,2018-04-20,League,SR Watson,maharashtra cricket association stadium,Chennai Super Kings,Rajasthan Royals,Rajasthan Royals,field,Chennai Super Kings,runs,64.0,205.0,20.0,N,,KN Ananthapadmanabhan,Nitin Menon
1136578,2018,Kolkata,2018-04-21,League,KL Rahul,eden gardens,Kolkata Knight Riders,Kings XI Punjab,Kings XI Punjab,field,Kings XI Punjab,wickets,9.0,125.0,13.0,N,D/L,A Deshmukh,C Shamshuddin
1136579,2018,Bengaluru,2018-04-21,League,AB de Villiers,m.chinnaswamy stadium,Delhi Daredevils,Royal Challengers Bangalore,Royal Challengers Bangalore,field,Royal Challengers Bangalore,wickets,6.0,175.0,20.0,N,,CB Gaffaney,CK Nandan
1136580,2018,Hyderabad,2018-04-22,League,AT Rayudu,rajiv gandhi international stadium,Chennai Super Kings,Sunrisers Hyderabad,Sunrisers Hyderabad,field,Chennai Super Kings,runs,4.0,183.0,20.0,N,,AK Chaudhary,VA Kulkarni
1136581,2018,Jaipur,2018-04-22,League,JC Archer,sawai mansingh stadium,Mumbai Indians,Rajasthan Royals,Mumbai Indians,bat,Rajasthan Royals,wickets,3.0,168.0,20.0,N,,KN Ananthapadmanabhan,RJ Tucker
1136582,2018,Delhi,2018-04-23,League,AS Rajpoot,arun jaitley stadium,Kings XI Punjab,Delhi Daredevils,Delhi Daredevils,field,Kings XI Punjab,runs,4.0,144.0,20.0,N,,A Nand Kishore,CK Nandan
1136583,2018,Mumbai,2018-04-24,League,Rashid Khan,wankhede stadium,Sunrisers Hyderabad,Mumbai Indians,Mumbai Indians,field,Sunrisers Hyderabad,runs,31.0,119.0,20.0,N,,C Shamshuddin,S Ravi
1136584,2018,Bengaluru,2018-04-25,League,MS Dhoni,m.chinnaswamy stadium,Royal Challengers Bangalore,Chennai Super Kings,Chennai Super Kings,field,Chennai Super Kings,wickets,5.0,206.0,20.0,N,,NJ Llong,VK Sharma
1136585,2018,Hyderabad,2018-04-26,League,AS Rajpoot,rajiv gandhi international stadium,Sunrisers Hyderabad,Kings XI Punjab,Kings XI Punjab,field,Sunrisers Hyderabad,runs,13.0,133.0,20.0,N,,CK Nandan,YC Barde
1136586,2018,Delhi,2018-04-27,League,SS Iyer,arun jaitley stadium,Delhi Daredevils,Kolkata Knight Riders,Kolkata Knight Riders,field,Delhi Daredevils,runs,55.0,220.0,20.0,N,,C Shamshuddin,S Ravi
1136587,2018,Pune,2018-04-28,League,RG Sharma,maharashtra cricket association stadium,Chennai Super Kings,Mumbai Indians,Mumbai Indians,field,Mumbai Indians,wickets,8.0,170.0,20.0,N,,CB Gaffaney,Nitin Menon
1136588,2018,Jaipur,2018-04-29,League,KS Williamson,sawai mansingh stadium,Sunrisers Hyderabad,Rajasthan Royals,Sunrisers Hyderabad,bat,Sunrisers Hyderabad,runs,11.0,152.0,20.0,N,,BNJ Oxenford,A Nand Kishore
1136589,2018,Bengaluru,2018-04-29,League,CA Lynn,m.chinnaswamy stadium,Royal Challengers Bangalore,Kolkata Knight Riders,Kolkata Knight Riders,field,Kolkata Knight Riders,wickets,6.0,176.0,20.0,N,,AK Chaudhary,NJ Llong
1136590,2018,Pune,2018-04-30,League,SR Watson,maharashtra cricket association stadium,Chennai Super Kings,Delhi Daredevils,Delhi Daredevils,field,Chennai Super Kings,runs,13.0,212.0,20.0,N,,AY Dandekar,C Shamshuddin
1136591,2018,Bengaluru,2018-05-01,League,TG Southee,m.chinnaswamy stadium,Royal Challengers Bangalore,Mumbai Indians,Mumbai Indians,field,Royal Challengers Bangalore,runs,14.0,168.0,20.0,N,,M Erasmus,Nitin Menon
1136592,2018,Delhi,2018-05-02,League,RR Pant,arun jaitley stadium,Delhi Daredevils,Rajasthan Royals,Rajasthan Royals,field,Delhi Daredevils,runs,4.0,151.0,12.0,N,D/L,CK Nandan,VK Sharma
1136593,2018,Kolkata,2018-05-03,League,SP Narine,eden gardens,Chennai Super Kings,Kolkata Knight Riders,Kolkata Knight Riders,field,Kolkata Knight Riders,wickets,6.0,178.0,20.0,N,,A Deshmukh,HDPK Dharmasena
1136594,2018,Indore,2018-05-04,League,SA Yadav,holkar cricket stadium,Kings XI Punjab,Mumbai Indians,Mumbai Indians,field,Mumbai Indians,wickets,6.0,175.0,20.0,N,,AY Dandekar,S Ravi
1136595,2018,Pune,2018-05-05,League,RA Jadeja,maharashtra cricket association stadium,Royal Challengers Bangalore,Chennai Super Kings,Chennai Super Kings,field,Chennai Super Kings,wickets,6.0,128.0,20.0,N,,Nitin Menon,YC Barde
1136596,2018,Hyderabad,2018-05-05,League,Rashid Khan,rajiv gandhi international stadium,Delhi Daredevils,Sunrisers Hyderabad,Delhi Daredevils,bat,Sunrisers Hyderabad,wickets,7.0,164.0,20.0,N,,BNJ Oxenford,CK Nandan
1136597,2018,Mumbai,2018-05-06,League,HH Pandya,wankhede stadium,Mumbai Indians,Kolkata Knight Riders,Kolkata Knight Riders,field,Mumbai Indians,runs,13.0,182.0,20.0,N,,A Deshmukh,HDPK Dharmasena
1136598,2018,Indore,2018-05-06,League,Mujeeb Ur Rahman,holkar cricket stadium,Rajasthan Royals,Kings XI Punjab,Kings XI Punjab,field,Kings XI Punjab,wickets,6.0,153.0,20.0,N,,C Shamshuddin,S Ravi
1136599,2018,Hyderabad,2018-05-07,League,KS Williamson,rajiv gandhi international stadium,Sunrisers Hyderabad,Royal Challengers Bangalore,Royal Challengers Bangalore,field,Sunrisers Hyderabad,runs,5.0,147.0,20.0,N,,BNJ Oxenford,VK Sharma
1136600,2018,Jaipur,2018-05-08,League,JC Buttler,sawai mansingh stadium,Rajasthan Royals,Kings XI Punjab,Rajasthan Royals,bat,Rajasthan Royals,runs,15.0,159.0,20.0,N,,M Erasmus,Nitin Menon
1136601,2018,Kolkata,2018-05-09,League,Ishan Kishan,eden gardens,Mumbai Indians,Kolkata Knight Riders,Kolkata Knight Riders,field,Mumbai Indians,runs,102.0,211.0,20.0,N,,KN Ananthapadmanabhan,AK Chaudhary
1136602,2018,Delhi,2018-05-10,League,S Dhawan,arun jaitley stadium,Delhi Daredevils,Sunrisers Hyderabad,Delhi Daredevils,bat,Sunrisers Hyderabad,wickets,9.0,188.0,20.0,N,,AY Dandekar,C Shamshuddin
1136603,2018,Jaipur,2018-05-11,League,JC Buttler,sawai mansingh stadium,Chennai Super Kings,Rajasthan Royals,Chennai Super Kings,bat,Rajasthan Royals,wickets,4.0,177.0,20.0,N,,M Erasmus,YC Barde
1136604,2018,Indore,2018-05-12,League,SP Narine,holkar cricket stadium,Kolkata Knight Riders,Kings XI Punjab,Kings XI Punjab,field,Kolkata Knight Riders,runs,31.0,246.0,20.0,N,,CK Nandan,VK Sharma
1136605,2018,Delhi,2018-05-12,League,AB de Villiers,arun jaitley stadium,Delhi Daredevils,Royal Challengers Bangalore,Royal Challengers Bangalore,field,Royal Challengers Bangalore,wickets,5.0,182.0,20.0,N,,KN Ananthapadmanabhan,HDPK Dharmasena
1136606,2018,Pune,2018-05-13,League,AT Rayudu,maharashtra cricket association stadium,Sunrisers Hyderabad,Chennai Super Kings,Chennai Super Kings,field,Chennai Super Kings,wickets,8.0,180.0,20.0,N,,M Erasmus,YC Barde
1136607,2018,Mumbai,2018-05-13,League,JC Buttler,wankhede stadium,Mumbai Indians,Rajasthan Royals,Rajasthan Royals,field,Rajasthan Royals,wickets,7.0,169.0,20.0,N,,Nitin Menon,S Ravi
1136608,2018,Indore,2018-05-14,League,UT Yadav,holkar cricket stadium,Kings XI Punjab,Royal Challengers Bangalore,Royal Challengers Bangalore,field,Royal Challengers Bangalore,wickets,10.0,89.0,20.0,N,,BNJ Oxenford,VK Sharma
1136609,2018,Kolkata,2018-05-15,League,Kuldeep Yadav,eden gardens,Rajasthan Royals,Kolkata Knight Riders,Kolkata Knight Riders,field,Kolkata Knight Riders,wickets,6.0,143.0,20.0,N,,AK Chaudhary,HDPK Dharmasena
1136610,2018,Mumbai,2018-05-16,League,JJ Bumrah,wankhede stadium,Mumbai Indians,Kings XI Punjab,Kings XI Punjab,field,Mumbai Indians,runs,3.0,187.0,20.0,N,,M Erasmus,Nitin Menon
1136611,2018,Bengaluru,2018-05-17,League,AB de Villiers,m.chinnaswamy stadium,Royal Challengers Bangalore,Sunrisers Hyderabad,Sunrisers Hyderabad,field,Royal Challengers Bangalore,runs,14.0,219.0,20.0,N,,AY Dandekar,S Ravi
1136612,2018,Delhi,2018-05-18,League,HV Patel,arun jaitley stadium,Delhi Daredevils,Chennai Super Kings,Chennai Super Kings,field,Delhi Daredevils,runs,34.0,163.0,20.0,N,,HDPK Dharmasena,VA Kulkarni
1136613,2018,Jaipur,2018-05-19,League,S Gopal,sawai mansingh stadium,Rajasthan Royals,Royal Challengers Bangalore,Rajasthan Royals,bat,Rajasthan Royals,runs,30.0,165.0,20.0,N,,BNJ Oxenford,VK Sharma
1136614,2018,Hyderabad,2018-05-19,League,CA Lynn,rajiv gandhi international stadium,Sunrisers Hyderabad,Kolkata Knight Riders,Sunrisers Hyderabad,bat,Kolkata Knight Riders,wickets,5.0,173.0,20.0,N,,AK Chaudhary,S Ravi
1136615,2018,Delhi,2018-05-20,League,A Mishra,arun jaitley stadium,Delhi Daredevils,Mumbai Indians,Delhi Daredevils,bat,Delhi Daredevils,runs,11.0,175.0,20.0,N,,HDPK Dharmasena,CK Nandan
1136616,2018,Pune,2018-05-20,League,L Ngidi,maharashtra cricket association stadium,Kings XI Punjab,Chennai Super Kings,Chennai Super Kings,field,Chennai Super Kings,wickets,5.0,154.0,20.0,N,,Nitin Menon,YC Barde
1136617,2018,Mumbai,2018-05-22,Qualifier 1,F du Plessis,wankhede stadium,Sunrisers Hyderabad,Chennai Super Kings,Chennai Super Kings,field,Chennai Super Kings,wickets,2.0,140.0,20.0,N,,C Shamshuddin,M Erasmus
1136618,2018,Kolkata,2018-05-23,Eliminator,AD Russell,eden gardens,Kolkata Knight Riders,Rajasthan Royals,Rajasthan Royals,field,Kolkata Knight Riders,runs,25.0,170.0,20.0,N,,AK Chaudhary,Nitin Menon
1136619,2018,Kolkata,2018-05-25,Qualifier 2,Rashid Khan,eden gardens,Sunrisers Hyderabad,Kolkata Knight Riders,Kolkata Knight Riders,field,Sunrisers Hyderabad,runs,14.0,175.0,20.0,N,,HDPK Dharmasena,Nitin Menon
1136620,2018,Mumbai,2018-05-27,Final,SR Watson,wankhede stadium,Sunrisers Hyderabad,Chennai Super Kings,Chennai Super Kings,field,Chennai Super Kings,wickets,8.0,179.0,20.0,N,,M Erasmus,S Ravi
1175356,2019,Chennai,2019-03-23,League,Harbhajan Singh,ma chidambaram stadium,Royal Challengers Bangalore,Chennai Super Kings,Chennai Super Kings,field,Chennai Super Kings,wickets,7.0,71.0,20.0,N,,AY Dandekar,BNJ Oxenford
1175357,2019,Kolkata,2019-03-24,League,AD Russell,eden gardens,Sunrisers Hyderabad,Kolkata Knight Riders,Kolkata Knight Riders,field,Kolkata Knight Riders,wickets,6.0,182.0,20.0,N,,AK Chaudhary,CB Gaffaney
1175358,2019,Mumbai,2019-03-24,League,RR Pant,wankhede stadium,Delhi Capitals,Mumbai Indians,Mumbai Indians,field,Delhi Capitals,runs,37.0,214.0,20.0,N,,S Ravi,YC Barde
1175359,2019,Jaipur,2019-03-25,League,CH Gayle,sawai mansingh stadium,Kings XI Punjab,Rajasthan Royals,Rajasthan Royals,field,Kings XI Punjab,runs,14.0,185.0,20.0,N,,C Shamshuddin,KN Ananthapadmanabhan
1175360,2019,Delhi,2019-03-26,League,SR Watson,arun jaitley stadium,Delhi Capitals,Chennai Super Kings,Delhi Capitals,bat,Chennai Super Kings,wickets,6.0,148.0,20.0,N,,M Erasmus,Nitin Menon
1175361,2019,Kolkata,2019-03-27,League,AD Russell,eden gardens,Kolkata Knight Riders,Kings XI Punjab,Kings XI Punjab,field,Kolkata Knight Riders,runs,28.0,219.0,20.0,N,,AK Chaudhary,VA Kulkarni
1175362,2019,Bengaluru,2019-03-28,League,JJ Bumrah,m.chinnaswamy stadium,Mumbai Indians,Royal Challengers Bangalore,Royal Challengers Bangalore,field,Mumbai Indians,runs,6.0,188.0,20.0,N,,CK Nandan,S Ravi
1175363,2019,Hyderabad,2019-03-29,League,Rashid Khan,rajiv gandhi international stadium,Rajasthan Royals,Sunrisers Hyderabad,Rajasthan Royals,bat,Sunrisers Hyderabad,wickets,5.0,199.0,20.0,N,,BNJ Oxenford,C Shamshuddin
1175364,2019,Chandigarh,2019-03-30,League,MA Agarwal,punjab cricket association is bindra stadium,Mumbai Indians,Kings XI Punjab,Kings XI Punjab,field,Kings XI Punjab,wickets,8.0,177.0,20.0,N,,CB Gaffaney,VA Kulkarni
1175365,2019,Delhi,2019-03-30,League,PP Shaw,arun jaitley stadium,Kolkata Knight Riders,Delhi Capitals,Delhi Capitals,field,Delhi Capitals,tie,,186.0,20.0,Y,,AY Dandekar,Nitin Menon
1175366,2019,Hyderabad,2019-03-31,League,JM Bairstow,rajiv gandhi international stadium,Sunrisers Hyderabad,Royal Challengers Bangalore,Royal Challengers Bangalore,field,Sunrisers Hyderabad,runs,118.0,232.0,20.0,N,,KN Ananthapadmanabhan,S Ravi
1175367,2019,Chennai,2019-03-31,League,MS Dhoni,ma chidambaram stadium,Chennai Super Kings,Rajasthan Royals,Rajasthan Royals,field,Chennai Super Kings,runs,8.0,176.0,20.0,N,,CK Nandan,YC Barde
1175368,2019,Chandigarh,2019-04-01,League,SM Curran,punjab cricket association is bindra stadium,Kings XI Punjab,Delhi Capitals,Delhi Capitals,field,Kings XI Punjab,runs,14.0,167.0,20.0,N,,AK Chaudhary,CB Gaffaney
1175369,2019,Jaipur,2019-04-02,League,S Gopal,sawai mansingh stadium,Royal Challengers Bangalore,Rajasthan Royals,Rajasthan Royals,field,Rajasthan Royals,wickets,7.0,159.0,20.0,N,,AY Dandekar,M Erasmus
1175370,2019,Mumbai,2019-04-03,League,HH Pandya,wankhede stadium,Mumbai Indians,Chennai Super Kings,Chennai Super Kings,field,Mumbai Indians,runs,37.0,171.0,20.0,N,,BNJ Oxenford,RJ Tucker
1175371,2019,Delhi,2019-04-04,League,JM Bairstow,arun jaitley stadium,Delhi Capitals,Sunrisers Hyderabad,Sunrisers Hyderabad,field,Sunrisers Hyderabad,wickets,5.0,130.0,20.0,N,,C Shamshuddin,KN Ananthapadmanabhan
1175372,2019,Bengaluru,2019-04-05,League,AD Russell,m.chinnaswamy stadium,Royal Challengers Bangalore,Kolkata Knight Riders,Kolkata Knight Riders,field,Kolkata Knight Riders,wickets,5.0,206.0,20.0,N,,AK Chaudhary,CB Gaffaney
1178393,2019,Chennai,2019-04-06,League,Harbhajan Singh,ma chidambaram stadium,Chennai Super Kings,Kings XI Punjab,Chennai Super Kings,bat,Chennai Super Kings,runs,22.0,161.0,20.0,N,,KN Ananthapadmanabhan,RJ Tucker
1178394,2019,Hyderabad,2019-04-06,League,AS Joseph,rajiv gandhi international stadium,Mumbai Indians,Sunrisers Hyderabad,Sunrisers Hyderabad,field,Mumbai Indians,runs,40.0,137.0,20.0,N,,AY Dandekar,Nitin Menon
1178395,2019,Bengaluru,2019-04-07,League,K Rabada,m.chinnaswamy stadium,Royal Challengers Bangalore,Delhi Capitals,Delhi Capitals,field,Delhi Capitals,wickets,4.0,150.0,20.0,N,,S Ravi,YC Barde
1178396,2019,Jaipur,2019-04-07,League,HF Gurney,sawai mansingh stadium,Rajasthan Royals,Kolkata Knight Riders,Kolkata Knight Riders,field,Kolkata Knight Riders,wickets,8.0,140.0,20.0,N,,AK Chaudhary,CB Gaffaney
1178397,2019,Chandigarh,2019-04-08,League,KL Rahul,punjab cricket association is bindra stadium,Sunrisers Hyderabad,Kings XI Punjab,Kings XI Punjab,field,Kings XI Punjab,wickets,6.0,151.0,20.0,N,,AY Dandekar,M Erasmus
1178398,2019,Chennai,2019-04-09,League,DL Chahar,ma chidambaram stadium,Kolkata Knight Riders,Chennai Super Kings,Chennai Super Kings,field,Chennai Super Kings,wickets,7.0,109.0,20.0,N,,C Shamshuddin,RJ Tucker
1178399,2019,Mumbai,2019-04-10,League,KA Pollard,wankhede stadium,Kings XI Punjab,Mumbai Indians,Mumbai Indians,field,Mumbai Indians,wickets,3.0,198.0,20.0,N,,S Ravi,YC Barde
1178400,2019,Jaipur,2019-04-11,League,MS Dhoni,sawai mansingh stadium,Rajasthan Royals,Chennai Super Kings,Chennai Super Kings,field,Chennai Super Kings,wickets,4.0,152.0,20.0,N,,BNJ Oxenford,UV Gandhe
1178401,2019,Kolkata,2019-04-12,League,S Dhawan,eden gardens,Kolkata Knight Riders,Delhi Capitals,Delhi Capitals,field,Delhi Capitals,wickets,7.0,179.0,20.0,N,,CK Nandan,YC Barde
1178402,2019,Mumbai,2019-04-13,League,JC Buttler,wankhede stadium,Mumbai Indians,Rajasthan Royals,Rajasthan Royals,field,Rajasthan Royals,wickets,4.0,188.0,20.0,N,,A Nand Kishore,Nitin Menon
1178403,2019,Chandigarh,2019-04-13,League,AB de Villiers,punjab cricket association is bindra stadium,Kings XI Punjab,Royal Challengers Bangalore,Royal Challengers Bangalore,field,Royal Challengers Bangalore,wickets,8.0,174.0,20.0,N,,S Ravi,UV Gandhe
1178404,2019,Kolkata,2019-04-14,League,Imran Tahir,eden gardens,Kolkata Knight Riders,Chennai Super Kings,Chennai Super Kings,field,Chennai Super Kings,wickets,5.0,162.0,20.0,N,,CK Nandan,RJ Tucker
1178405,2019,Hyderabad,2019-04-14,League,KMA Paul,rajiv gandhi international stadium,Delhi Capitals,Sunrisers Hyderabad,Sunrisers Hyderabad,field,Delhi Capitals,runs,39.0,156.0,20.0,N,,AK Chaudhary,BNJ Oxenford
1178406,2019,Mumbai,2019-04-15,League,SL Malinga,wankhede stadium,Royal Challengers Bangalore,Mumbai Indians,Mumbai Indians,field,Mumbai Indians,wickets,5.0,172.0,20.0,N,,M Erasmus,Nitin Menon
1178407,2019,Chandigarh,2019-04-16,League,R Ashwin,punjab cricket association is bindra stadium,Kings XI Punjab,Rajasthan Royals,Rajasthan Royals,field,Kings XI Punjab,runs,12.0,183.0,20.0,N,,AK Chaudhary,VA Kulkarni
1178408,2019,Hyderabad,2019-04-17,League,DA Warner,rajiv gandhi international stadium,Chennai Super Kings,Sunrisers Hyderabad,Chennai Super Kings,bat,Sunrisers Hyderabad,wickets,6.0,133.0,20.0,N,,IJ Gould,UV Gandhe
1178409,2019,Delhi,2019-04-18,League,HH Pandya,arun jaitley stadium,Mumbai Indians,Delhi Capitals,Mumbai Indians,bat,Mumbai Indians,runs,40.0,169.0,20.0,N,,BNJ Oxenford,NJ Llong
1178410,2019,Kolkata,2019-04-19,League,V Kohli,eden gardens,Royal Challengers Bangalore,Kolkata Knight Riders,Kolkata Knight Riders,field,Royal Challengers Bangalore,runs,10.0,214.0,20.0,N,,IJ Gould,Nitin Menon
1178411,2019,Jaipur,2019-04-20,League,SPD Smith,sawai mansingh stadium,Mumbai Indians,Rajasthan Royals,Rajasthan Royals,field,Rajasthan Royals,wickets,5.0,162.0,20.0,N,,S Ravi,YC Barde
1178412,2019,Delhi,2019-04-20,League,SS Iyer,arun jaitley stadium,Kings XI Punjab,Delhi Capitals,Delhi Capitals,field,Delhi Capitals,wickets,5.0,164.0,20.0,N,,C Shamshuddin,UV Gandhe
1178413,2019,Hyderabad,2019-04-21,League,KK Ahmed,rajiv gandhi international stadium,Kolkata Knight Riders,Sunrisers Hyderabad,Sunrisers Hyderabad,field,Sunrisers Hyderabad,wickets,9.0,160.0,20.0,N,,NJ Llong,Nitin Menon
1178414,2019,Bengaluru,2019-04-21,League,PA Patel,m.chinnaswamy stadium,Royal Challengers Bangalore,Chennai Super Kings,Chennai Super Kings,field,Royal Challengers Bangalore,runs,1.0,162.0,20.0,N,,RJ Tucker,VA Kulkarni
1178415,2019,Jaipur,2019-04-22,League,RR Pant,sawai mansingh stadium,Rajasthan Royals,Delhi Capitals,Delhi Capitals,field,Delhi Capitals,wickets,6.0,192.0,20.0,N,,A Nand Kishore,S Ravi
1178416,2019,Chennai,2019-04-23,League,SR Watson,ma chidambaram stadium,Sunrisers Hyderabad,Chennai Super Kings,Chennai Super Kings,field,Chennai Super Kings,wickets,6.0,176.0,20.0,N,,AK Chaudhary,NJ Llong
1178417,2019,Bengaluru,2019-04-24,League,AB de Villiers,m.chinnaswamy stadium,Royal Challengers Bangalore,Kings XI Punjab,Kings XI Punjab,field,Royal Challengers Bangalore,runs,17.0,203.0,20.0,N,,BNJ Oxenford,C Shamshuddin
1178418,2019,Kolkata,2019-04-25,League,VR Aaron,eden gardens,Kolkata Knight Riders,Rajasthan Royals,Rajasthan Royals,field,Rajasthan Royals,wickets,3.0,176.0,20.0,N,,AY Dandekar,IJ Gould
1178419,2019,Chennai,2019-04-26,League,RG Sharma,ma chidambaram stadium,Mumbai Indians,Chennai Super Kings,Chennai Super Kings,field,Mumbai Indians,runs,46.0,156.0,20.0,N,,AK Chaudhary,NJ Llong
1178420,2019,Jaipur,2019-04-27,League,JD Unadkat,sawai mansingh stadium,Sunrisers Hyderabad,Rajasthan Royals,Rajasthan Royals,field,Rajasthan Royals,wickets,7.0,161.0,20.0,N,,A Nand Kishore,YC Barde
1178421,2019,Delhi,2019-04-28,League,S Dhawan,arun jaitley stadium,Delhi Capitals,Royal Challengers Bangalore,Delhi Capitals,bat,Delhi Capitals,runs,16.0,188.0,20.0,N,,BNJ Oxenford,KN Ananthapadmanabhan
1178422,2019,Kolkata,2019-04-28,League,AD Russell,eden gardens,Kolkata Knight Riders,Mumbai Indians,Mumbai Indians,field,Kolkata Knight Riders,runs,34.0,233.0,20.0,N,,IJ Gould,Nitin Menon
1178423,2019,Hyderabad,2019-04-29,League,DA Warner,rajiv gandhi international stadium,Sunrisers Hyderabad,Kings XI Punjab,Kings XI Punjab,field,Sunrisers Hyderabad,runs,45.0,213.0,20.0,N,,CK Nandan,S Ravi
1178424,2019,Bengaluru,2019-04-30,League,,m.chinnaswamy stadium,Royal Challengers Bangalore,Rajasthan Royals,Rajasthan Royals,field,,no result,,63.0,5.0,N,,NJ Llong,UV Gandhe
1178425,2019,Chennai,2019-05-01,League,MS Dhoni,ma chidambaram stadium,Chennai Super Kings,Delhi Capitals,Delhi Capitals,field,Chennai Super Kings,runs,80.0,180.0,20.0,N,,AY Dandekar,Nitin Menon
1178426,2019,Mumbai,2019-05-02,League,JJ Bumrah,wankhede stadium,Mumbai Indians,Sunrisers Hyderabad,Mumbai Indians,bat,Mumbai Indians,tie,,163.0,20.0,Y,,CK Nandan,S Ravi
1178427,2019,Chandigarh,2019-05-03,League,Shubman Gill,punjab cricket association is bindra stadium,Kings XI Punjab,Kolkata Knight Riders,Kolkata Knight Riders,field,Kolkata Knight Riders,wickets,7.0,184.0,20.0,N,,BNJ Oxenford,C Shamshuddin
1178428,2019,Delhi,2019-05-04,League,A Mishra,arun jaitley stadium,Rajasthan Royals,Delhi Capitals,Rajasthan Royals,bat,Delhi Capitals,wickets,5.0,116.0,20.0,N,,AY Dandekar,IJ Gould
1178429,2019,Bengaluru,2019-05-04,League,SO Hetmyer,m.chinnaswamy stadium,Sunrisers Hyderabad,Royal Challengers Bangalore,Royal Challengers Bangalore,field,Royal Challengers Bangalore,wickets,4.0,176.0,20.0,N,,AK Chaudhary,NJ Llong
1178430,2019,Chandigarh,2019-05-05,League,KL Rahul,punjab cricket association is bindra stadium,Chennai Super Kings,Kings XI Punjab,Kings XI Punjab,field,Kings XI Punjab,wickets,6.0,171.0,20.0,N,,C Shamshuddin,KN Ananthapadmanabhan
1178431,2019,Mumbai,2019-05-05,League,HH Pandya,wankhede stadium,Kolkata Knight Riders,Mumbai Indians,Mumbai Indians,field,Mumbai Indians,wickets,9.0,134.0,20.0,N,,A Nand Kishore,CK Nandan
1181764,2019,Chennai,2019-05-07,Qualifier 1,SA Yadav,ma chidambaram stadium,Chennai Super Kings,Mumbai Indians,Chennai Super Kings,bat,Mumbai Indians,wickets,6.0,132.0,20.0,N,,NJ Llong,Nitin Menon
1181766,2019,Visakhapatnam,2019-05-08,Eliminator,RR Pant,dr. y.s. rajasekhara reddy aca-vdca cricket stadium,Sunrisers Hyderabad,Delhi Capitals,Delhi Capitals,field,Delhi Capitals,wickets,2.0,163.0,20.0,N,,BNJ Oxenford,S Ravi
1181767,2019,Visakhapatnam,2019-05-10,Qualifier 2,F du Plessis,dr. y.s. rajasekhara reddy aca-vdca cricket stadium,Delhi Capitals,Chennai Super Kings,Chennai Super Kings,field,Chennai Super Kings,wickets,6.0,148.0,20.0,N,,BNJ Oxenford,S Ravi
1181768,2019,Hyderabad,2019-05-12,Final,JJ Bumrah,rajiv gandhi international stadium,Mumbai Indians,Chennai Super Kings,Mumbai Indians,bat,Mumbai Indians,runs,1.0,150.0,20.0,N,,IJ Gould,Nitin Menon
1216492,2020/21,Abu Dhabi,2020-09-19,League,AT Rayudu,sheikh zayed stadium,Mumbai Indians,Chennai Super Kings,Chennai Super Kings,field,Chennai Super Kings,wickets,5.0,163.0,20.0,N,,CB Gaffaney,VK Sharma
1216493,2020/21,,2020-09-20,League,MP Stoinis,dubai international cricket stadium,Delhi Capitals,Kings XI Punjab,Kings XI Punjab,field,Delhi Capitals,tie,,158.0,20.0,Y,,AK Chaudhary,Nitin Menon
1216534,2020/21,,2020-09-21,League,YS Chahal,dubai international cricket stadium,Royal Challengers Bangalore,Sunrisers Hyderabad,Sunrisers Hyderabad,field,Royal Challengers Bangalore,runs,10.0,164.0,20.0,N,,AY Dandekar,Nitin Menon
1216496,2020/21,,2020-09-22,League,SV Samson,sharjah cricket stadium,Rajasthan Royals,Chennai Super Kings,Chennai Super Kings,field,Rajasthan Royals,runs,16.0,217.0,20.0,N,,C Shamshuddin,VA Kulkarni
1216508,2020/21,Abu Dhabi,2020-09-23,League,RG Sharma,sheikh zayed stadium,Mumbai Indians,Kolkata Knight Riders,Kolkata Knight Riders,field,Mumbai Indians,runs,49.0,196.0,20.0,N,,CB Gaffaney,S Ravi
1216510,2020/21,,2020-09-24,League,KL Rahul,dubai international cricket stadium,Kings XI Punjab,Royal Challengers Bangalore,Royal Challengers Bangalore,field,Kings XI Punjab,runs,97.0,207.0,20.0,N,,AK Chaudhary,PR Reiffel
1216539,2020/21,,2020-09-25,League,PP Shaw,dubai international cricket stadium,Delhi Capitals,Chennai Super Kings,Chennai Super Kings,field,Delhi Capitals,runs,44.0,176.0,20.0,N,,KN Ananthapadmanabhan,RK Illingworth
1216545,2020/21,Abu Dhabi,2020-09-26,League,Shubman Gill,sheikh zayed stadium,Sunrisers Hyderabad,Kolkata Knight Riders,Sunrisers Hyderabad,bat,Kolkata Knight Riders,wickets,7.0,143.0,20.0,N,,CB Gaffaney,VK Sharma
1216527,2020/21,,2020-09-27,League,SV Samson,sharjah cricket stadium,Kings XI Punjab,Rajasthan Royals,Rajasthan Royals,field,Rajasthan Royals,wickets,4.0,224.0,20.0,N,,RK Illingworth,K Srinivasan
1216547,2020/21,,2020-09-28,League,AB de Villiers,dubai international cricket stadium,Royal Challengers Bangalore,Mumbai Indians,Mumbai Indians,field,Royal Challengers Bangalore,tie,,202.0,20.0,Y,,Nitin Menon,PR Reiffel
1216532,2020/21,Abu Dhabi,2020-09-29,League,Rashid Khan,sheikh zayed stadium,Sunrisers Hyderabad,Delhi Capitals,Delhi Capitals,field,Sunrisers Hyderabad,runs,15.0,163.0,20.0,N,,VK Sharma,S Ravi
1216504,2020/21,,2020-09-30,League,Shivam Mavi,dubai international cricket stadium,Kolkata Knight Riders,Rajasthan Royals,Rajasthan Royals,field,Kolkata Knight Riders,runs,37.0,175.0,20.0,N,,KN Ananthapadmanabhan,C Shamshuddin
1216503,2020/21,Abu Dhabi,2020-10-01,League,KA Pollard,sheikh zayed stadium,Mumbai Indians,Kings XI Punjab,Kings XI Punjab,field,Mumbai Indians,runs,48.0,192.0,20.0,N,,VK Sharma,S Ravi
1216516,2020/21,,2020-10-02,League,PK Garg,dubai international cricket stadium,Sunrisers Hyderabad,Chennai Super Kings,Sunrisers Hyderabad,bat,Sunrisers Hyderabad,runs,7.0,165.0,20.0,N,,AK Chaudhary,PR Reiffel
1216514,2020/21,Abu Dhabi,2020-10-03,League,YS Chahal,sheikh zayed stadium,Rajasthan Royals,Royal Challengers Bangalore,Rajasthan Royals,bat,Royal Challengers Bangalore,wickets,8.0,155.0,20.0,N,,CB Gaffaney,S Ravi
1216515,2020/21,,2020-10-03,League,SS Iyer,sharjah cricket stadium,Delhi Capitals,Kolkata Knight Riders,Kolkata Knight Riders,field,Delhi Capitals,runs,18.0,229.0,20.0,N,,VA Kulkarni,RK Illingworth
1216513,2020/21,,2020-10-04,League,SR Watson,dubai international cricket stadium,Kings XI Punjab,Chennai Super Kings,Kings XI Punjab,bat,Chennai Super Kings,wickets,10.0,179.0,20.0,N,,AY Dandekar,Nitin Menon
1216538,2020/21,,2020-10-04,League,TA Boult,sharjah cricket stadium,Mumbai Indians,Sunrisers Hyderabad,Mumbai Indians,bat,Mumbai Indians,runs,34.0,209.0,20.0,N,,KN Ananthapadmanabhan,RK Illingworth
1216519,2020/21,,2020-10-05,League,AR Patel,dubai international cricket stadium,Delhi Capitals,Royal Challengers Bangalore,Royal Challengers Bangalore,field,Delhi Capitals,runs,59.0,197.0,20.0,N,,Nitin Menon,YC Barde
1216511,2020/21,Abu Dhabi,2020-10-06,League,SA Yadav,sheikh zayed stadium,Mumbai Indians,Rajasthan Royals,Mumbai Indians,bat,Mumbai Indians,runs,57.0,194.0,20.0,N,,VK Sharma,S Ravi
1216501,2020/21,Abu Dhabi,2020-10-07,League,RA Tripathi,sheikh zayed stadium,Kolkata Knight Riders,Chennai Super Kings,Kolkata Knight Riders,bat,Kolkata Knight Riders,runs,10.0,168.0,20.0,N,,KN Ananthapadmanabhan,RK Illingworth
1216542,2020/21,,2020-10-08,League,JM Bairstow,dubai international cricket stadium,Sunrisers Hyderabad,Kings XI Punjab,Sunrisers Hyderabad,bat,Sunrisers Hyderabad,runs,69.0,202.0,20.0,N,,AK Chaudhary,Nitin Menon
1216500,2020/21,,2020-10-09,League,R Ashwin,sharjah cricket stadium,Delhi Capitals,Rajasthan Royals,Rajasthan Royals,field,Delhi Capitals,runs,46.0,185.0,20.0,N,,KN Ananthapadmanabhan,C Shamshuddin
1216523,2020/21,Abu Dhabi,2020-10-10,League,KD Karthik,sheikh zayed stadium,Kolkata Knight Riders,Kings XI Punjab,Kolkata Knight Riders,bat,Kolkata Knight Riders,runs,2.0,165.0,20.0,N,,UV Gandhe,CB Gaffaney
1216525,2020/21,,2020-10-10,League,V Kohli,dubai international cricket stadium,Royal Challengers Bangalore,Chennai Super Kings,Royal Challengers Bangalore,bat,Royal Challengers Bangalore,runs,37.0,170.0,20.0,N,,AK Chaudhary,PR Reiffel
1216507,2020/21,,2020-10-11,League,R Tewatia,dubai international cricket stadium,Sunrisers Hyderabad,Rajasthan Royals,Sunrisers Hyderabad,bat,Rajasthan Royals,wickets,5.0,159.0,20.0,N,,YC Barde,PR Reiffel
1216529,2020/21,Abu Dhabi,2020-10-11,League,Q de Kock,sheikh zayed stadium,Delhi Capitals,Mumbai Indians,Delhi Capitals,bat,Mumbai Indians,wickets,5.0,163.0,20.0,N,,CB Gaffaney,S Ravi
1216540,2020/21,,2020-10-12,League,AB de Villiers,sharjah cricket stadium,Royal Challengers Bangalore,Kolkata Knight Riders,Royal Challengers Bangalore,bat,Royal Challengers Bangalore,runs,82.0,195.0,20.0,N,,RK Illingworth,K Srinivasan
1216528,2020/21,,2020-10-13,League,RA Jadeja,dubai international cricket stadium,Chennai Super Kings,Sunrisers Hyderabad,Chennai Super Kings,bat,Chennai Super Kings,runs,20.0,168.0,20.0,N,,AK Chaudhary,PR Reiffel
1216543,2020/21,,2020-10-14,League,A Nortje,dubai international cricket stadium,Delhi Capitals,Rajasthan Royals,Delhi Capitals,bat,Delhi Capitals,runs,13.0,162.0,20.0,N,,AK Chaudhary,Nitin Menon
1216531,2020/21,,2020-10-15,League,KL Rahul,sharjah cricket stadium,Royal Challengers Bangalore,Kings XI Punjab,Royal Challengers Bangalore,bat,Kings XI Punjab,wickets,8.0,172.0,20.0,N,,KN Ananthapadmanabhan,C Shamshuddin
1216526,2020/21,Abu Dhabi,2020-10-16,League,Q de Kock,sheikh zayed stadium,Kolkata Knight Riders,Mumbai Indians,Kolkata Knight Riders,bat,Mumbai Indians,wickets,8.0,149.0,20.0,N,,CB Gaffaney,VK Sharma
1216509,2020/21,,2020-10-17,League,S Dhawan,sharjah cricket stadium,Chennai Super Kings,Delhi Capitals,Chennai Super Kings,bat,Delhi Capitals,wickets,5.0,180.0,20.0,N,,KN Ananthapadmanabhan,RK Illingworth
1216522,2020/21,,2020-10-17,League,AB de Villiers,dubai international cricket stadium,Rajasthan Royals,Royal Challengers Bangalore,Rajasthan Royals,bat,Royal Challengers Bangalore,wickets,7.0,178.0,20.0,N,,AK Chaudhary,Nitin Menon
1216512,2020/21,Abu Dhabi,2020-10-18,League,LH Ferguson,sheikh zayed stadium,Kolkata Knight Riders,Sunrisers Hyderabad,Sunrisers Hyderabad,field,Kolkata Knight Riders,tie,,164.0,20.0,Y,,PG Pathak,S Ravi
1216517,2020/21,,2020-10-18,League,KL Rahul,dubai international cricket stadium,Mumbai Indians,Kings XI Punjab,Mumbai Indians,bat,Kings XI Punjab,tie,,177.0,20.0,Y,,Nitin Menon,PR Reiffel
1216533,2020/21,Abu Dhabi,2020-10-19,League,JC Buttler,sheikh zayed stadium,Chennai Super Kings,Rajasthan Royals,Chennai Super Kings,bat,Rajasthan Royals,wickets,7.0,126.0,20.0,N,,CB Gaffaney,VK Sharma
1216546,2020/21,,2020-10-20,League,S Dhawan,dubai international cricket stadium,Delhi Capitals,Kings XI Punjab,Delhi Capitals,bat,Kings XI Punjab,wickets,5.0,165.0,20.0,N,,C Shamshuddin,RK Illingworth
1216494,2020/21,Abu Dhabi,2020-10-21,League,Mohammed Siraj,sheikh zayed stadium,Kolkata Knight Riders,Royal Challengers Bangalore,Kolkata Knight Riders,bat,Royal Challengers Bangalore,wickets,8.0,85.0,20.0,N,,VK Sharma,S Ravi
1216518,2020/21,,2020-10-22,League,MK Pandey,dubai international cricket stadium,Rajasthan Royals,Sunrisers Hyderabad,Sunrisers Hyderabad,field,Sunrisers Hyderabad,wickets,8.0,155.0,20.0,N,,Nitin Menon,PR Reiffel
1216521,2020/21,,2020-10-23,League,TA Boult,sharjah cricket stadium,Chennai Super Kings,Mumbai Indians,Mumbai Indians,field,Mumbai Indians,wickets,10.0,115.0,20.0,N,,C Shamshuddin,VA Kulkarni
1216497,2020/21,Abu Dhabi,2020-10-24,League,CV Varun,sheikh zayed stadium,Kolkata Knight Riders,Delhi Capitals,Delhi Capitals,field,Kolkata Knight Riders,runs,59.0,195.0,20.0,N,,CB Gaffaney,PG Pathak
1216498,2020/21,,2020-10-24,League,CJ Jordan,dubai international cricket stadium,Kings XI Punjab,Sunrisers Hyderabad,Sunrisers Hyderabad,field,Kings XI Punjab,runs,12.0,127.0,20.0,N,,AY Dandekar,PR Reiffel
1216541,2020/21,Abu Dhabi,2020-10-25,League,BA Stokes,sheikh zayed stadium,Mumbai Indians,Rajasthan Royals,Mumbai Indians,bat,Rajasthan Royals,wickets,8.0,196.0,20.0,N,,UV Gandhe,VK Sharma
1216544,2020/21,,2020-10-25,League,RD Gaikwad,dubai international cricket stadium,Royal Challengers Bangalore,Chennai Super Kings,Royal Challengers Bangalore,bat,Chennai Super Kings,wickets,8.0,146.0,20.0,N,,C Shamshuddin,RK Illingworth
1216520,2020/21,,2020-10-26,League,CH Gayle,sharjah cricket stadium,Kolkata Knight Riders,Kings XI Punjab,Kings XI Punjab,field,Kings XI Punjab,wickets,8.0,150.0,20.0,N,,KN Ananthapadmanabhan,RK Illingworth
1216524,2020/21,,2020-10-27,League,WP Saha,dubai international cricket stadium,Sunrisers Hyderabad,Delhi Capitals,Delhi Capitals,field,Sunrisers Hyderabad,runs,88.0,220.0,20.0,N,,AK Chaudhary,Nitin Menon
1216499,2020/21,Abu Dhabi,2020-10-28,League,SA Yadav,sheikh zayed stadium,Royal Challengers Bangalore,Mumbai Indians,Mumbai Indians,field,Mumbai Indians,wickets,5.0,165.0,20.0,N,,UV Gandhe,CB Gaffaney
1216536,2020/21,,2020-10-29,League,RD Gaikwad,dubai international cricket stadium,Kolkata Knight Riders,Chennai Super Kings,Chennai Super Kings,field,Chennai Super Kings,wickets,6.0,173.0,20.0,N,,C Shamshuddin,RK Illingworth
1216537,2020/21,Abu Dhabi,2020-10-30,League,BA Stokes,sheikh zayed stadium,Kings XI Punjab,Rajasthan Royals,Rajasthan Royals,field,Rajasthan Royals,wickets,7.0,186.0,20.0,N,,CB Gaffaney,S Ravi
1216502,2020/21,,2020-10-31,League,Sandeep Sharma,sharjah cricket stadium,Royal Challengers Bangalore,Sunrisers Hyderabad,Sunrisers Hyderabad,field,Sunrisers Hyderabad,wickets,5.0,121.0,20.0,N,,KN Ananthapadmanabhan,K Srinivasan
1216535,2020/21,,2020-10-31,League,Ishan Kishan,dubai international cricket stadium,Delhi Capitals,Mumbai Indians,Mumbai Indians,field,Mumbai Indians,wickets,9.0,111.0,20.0,N,,YC Barde,PR Reiffel
1216506,2020/21,Abu Dhabi,2020-11-01,League,RD Gaikwad,sheikh zayed stadium,Kings XI Punjab,Chennai Super Kings,Chennai Super Kings,field,Chennai Super Kings,wickets,9.0,154.0,20.0,N,,PG Pathak,VK Sharma
1216530,2020/21,,2020-11-01,League,PJ Cummins,dubai international cricket stadium,Kolkata Knight Riders,Rajasthan Royals,Rajasthan Royals,field,Kolkata Knight Riders,runs,60.0,192.0,20.0,N,,Nitin Menon,PR Reiffel
1216505,2020/21,Abu Dhabi,2020-11-02,League,A Nortje,sheikh zayed stadium,Royal Challengers Bangalore,Delhi Capitals,Delhi Capitals,field,Delhi Capitals,wickets,6.0,153.0,20.0,N,,CB Gaffaney,S Ravi
1216495,2020/21,,2020-11-03,League,S Nadeem,sharjah cricket stadium,Mumbai Indians,Sunrisers Hyderabad,Sunrisers Hyderabad,field,Sunrisers Hyderabad,wickets,10.0,150.0,20.0,N,,C Shamshuddin,RK Illingworth
1237177,2020/21,,2020-11-05,Qualifier 1,JJ Bumrah,dubai international cricket stadium,Mumbai Indians,Delhi Capitals,Delhi Capitals,field,Mumbai Indians,runs,57.0,201.0,20.0,N,,CB Gaffaney,Nitin Menon
1237178,2020/21,Abu Dhabi,2020-11-06,Eliminator,KS Williamson,sheikh zayed stadium,Royal Challengers Bangalore,Sunrisers Hyderabad,Sunrisers Hyderabad,field,Sunrisers Hyderabad,wickets,6.0,132.0,20.0,N,,PR Reiffel,S Ravi
1237180,2020/21,Abu Dhabi,2020-11-08,Qualifier 2,MP Stoinis,sheikh zayed stadium,Delhi Capitals,Sunrisers Hyderabad,Delhi Capitals,bat,Delhi Capitals,runs,17.0,190.0,20.0,N,,PR Reiffel,S Ravi
1237181,2020/21,,2020-11-10,Final,TA Boult,dubai international cricket stadium,Delhi Capitals,Mumbai Indians,Delhi Capitals,bat,Mumbai Indians,wickets,5.0,157.0,20.0,N,,CB Gaffaney,Nitin Menon
1254058,2021,Chennai,2021-04-09,League,HV Patel,"ma chidambaram stadium, chepauk, chennai",Mumbai Indians,Royal Challengers Bangalore,Royal Challengers Bangalore,field,Royal Challengers Bangalore,wickets,2.0,160.0,20.0,N,,KN Ananthapadmanabhan,Nitin Menon
1254059,2021,Mumbai,2021-04-10,League,S Dhawan,"wankhede stadium, mumbai",Chennai Super Kings,Delhi Capitals,Delhi Capitals,field,Delhi Capitals,wickets,7.0,189.0,20.0,N,,AK Chaudhary,VK Sharma
1254060,2021,Chennai,2021-04-11,League,N Rana,"ma chidambaram stadium, chepauk, chennai",Kolkata Knight Riders,Sunrisers Hyderabad,Sunrisers Hyderabad,field,Kolkata Knight Riders,runs,10.0,188.0,20.0,N,,KN Ananthapadmanabhan,Nitin Menon
1254061,2021,Mumbai,2021-04-12,League,SV Samson,"wankhede stadium, mumbai",Punjab Kings,Rajasthan Royals,Rajasthan Royals,field,Punjab Kings,runs,4.0,222.0,20.0,N,,AK Chaudhary,S Ravi
1254062,2021,Chennai,2021-04-13,League,RD Chahar,"ma chidambaram stadium, chepauk, chennai",Mumbai Indians,Kolkata Knight Riders,Kolkata Knight Riders,field,Mumbai Indians,runs,10.0,153.0,20.0,N,,C Shamshuddin,CB Gaffaney
1254063,2021,Chennai,2021-04-14,League,GJ Maxwell,"ma chidambaram stadium, chepauk, chennai",Royal Challengers Bangalore,Sunrisers Hyderabad,Sunrisers Hyderabad,field,Royal Challengers Bangalore,runs,6.0,150.0,20.0,N,,Nitin Menon,UV Gandhe
1254064,2021,Mumbai,2021-04-15,League,JD Unadkat,"wankhede stadium, mumbai",Delhi Capitals,Rajasthan Royals,Rajasthan Royals,field,Rajasthan Royals,wickets,3.0,148.0,20.0,N,,S Ravi,VK Sharma
1254065,2021,Mumbai,2021-04-16,League,DL Chahar,"wankhede stadium, mumbai",Punjab Kings,Chennai Super Kings,Chennai Super Kings,field,Chennai Super Kings,wickets,6.0,107.0,20.0,N,,AK Chaudhary,AY Dandekar
1254066,2021,Chennai,2021-04-17,League,KA Pollard,"ma chidambaram stadium, chepauk, chennai",Mumbai Indians,Sunrisers Hyderabad,Mumbai Indians,bat,Mumbai Indians,runs,13.0,151.0,20.0,N,,CB Gaffaney,K Srinivasan
1254067,2021,Chennai,2021-04-18,League,AB de Villiers,"ma chidambaram stadium, chepauk, chennai",Royal Challengers Bangalore,Kolkata Knight Riders,Royal Challengers Bangalore,bat,Royal Challengers Bangalore,runs,38.0,205.0,20.0,N,,C Shamshuddin,Nitin Menon
1254068,2021,Mumbai,2021-04-18,League,S Dhawan,"wankhede stadium, mumbai",Punjab Kings,Delhi Capitals,Delhi Capitals,field,Delhi Capitals,wickets,6.0,196.0,20.0,N,,AK Chaudhary,PR Reiffel
1254069,2021,Mumbai,2021-04-19,League,MM Ali,"wankhede stadium, mumbai",Chennai Super Kings,Rajasthan Royals,Rajasthan Royals,field,Chennai Super Kings,runs,45.0,189.0,20.0,N,,PR Reiffel,VK Sharma
1254070,2021,Chennai,2021-04-20,League,A Mishra,"ma chidambaram stadium, chepauk, chennai",Mumbai Indians,Delhi Capitals,Mumbai Indians,bat,Delhi Capitals,wickets,6.0,138.0,20.0,N,,C Shamshuddin,CB Gaffaney
1254071,2021,Chennai,2021-04-21,League,JM Bairstow,"ma chidambaram stadium, chepauk, chennai",Punjab Kings,Sunrisers Hyderabad,Punjab Kings,bat,Sunrisers Hyderabad,wickets,9.0,121.0,20.0,N,,K Srinivasan,Nitin Menon
1254072,2021,Mumbai,2021-04-21,League,F du Plessis,"wankhede stadium, mumbai",Chennai Super Kings,Kolkata Knight Riders,Kolkata Knight Riders,field,Chennai Super Kings,runs,18.0,221.0,20.0,N,,AY Dandekar,PR Reiffel
1254073,2021,Mumbai,2021-04-22,League,D Padikkal,"wankhede stadium, mumbai",Rajasthan Royals,Royal Challengers Bangalore,Royal Challengers Bangalore,field,Royal Challengers Bangalore,wickets,10.0,178.0,20.0,N,,J Madanagopal,S Ravi
1254074,2021,Chennai,2021-04-23,League,KL Rahul,"ma chidambaram stadium, chepauk, chennai",Mumbai Indians,Punjab Kings,Punjab Kings,field,Punjab Kings,wickets,9.0,132.0,20.0,N,,C Shamshuddin,Nitin Menon
1254075,2021,Mumbai,2021-04-24,League,CH Morris,"wankhede stadium, mumbai",Kolkata Knight Riders,Rajasthan Royals,Rajasthan Royals,field,Rajasthan Royals,wickets,6.0,134.0,20.0,N,,Navdeep Singh,S Ravi
1254076,2021,Mumbai,2021-04-25,League,RA Jadeja,"wankhede stadium, mumbai",Chennai Super Kings,Royal Challengers Bangalore,Chennai Super Kings,bat,Chennai Super Kings,runs,69.0,192.0,20.0,N,,AK Chaudhary,VK Sharma
1254077,2021,Chennai,2021-04-25,League,PP Shaw,"ma chidambaram stadium, chepauk, chennai",Delhi Capitals,Sunrisers Hyderabad,Delhi Capitals,bat,Delhi Capitals,tie,,160.0,20.0,Y,,CB Gaffaney,KN Ananthapadmanabhan
1254078,2021,Ahmedabad,2021-04-26,League,EJG Morgan,"narendra modi stadium, ahmedabad",Punjab Kings,Kolkata Knight Riders,Kolkata Knight Riders,field,Kolkata Knight Riders,wickets,5.0,124.0,20.0,N,,PR Reiffel,YC Barde
1254079,2021,Ahmedabad,2021-04-27,League,AB de Villiers,"narendra modi stadium, ahmedabad",Royal Challengers Bangalore,Delhi Capitals,Delhi Capitals,field,Royal Challengers Bangalore,runs,1.0,172.0,20.0,N,,S Ravi,VK Sharma
1254080,2021,Delhi,2021-04-28,League,RD Gaikwad,"arun jaitley stadium, delhi",Sunrisers Hyderabad,Chennai Super Kings,Sunrisers Hyderabad,bat,Chennai Super Kings,wickets,7.0,172.0,20.0,N,,C Shamshuddin,CK Nandan
1254081,2021,Delhi,2021-04-29,League,Q de Kock,"arun jaitley stadium, delhi",Rajasthan Royals,Mumbai Indians,Mumbai Indians,field,Mumbai Indians,wickets,7.0,172.0,20.0,N,,CB Gaffaney,KN Ananthapadmanabhan
1254082,2021,Ahmedabad,2021-04-29,League,PP Shaw,"narendra modi stadium, ahmedabad",Kolkata Knight Riders,Delhi Capitals,Delhi Capitals,field,Delhi Capitals,wickets,7.0,155.0,20.0,N,,AK Chaudhary,YC Barde
1254083,2021,Ahmedabad,2021-04-30,League,Harpreet Brar,"narendra modi stadium, ahmedabad",Punjab Kings,Royal Challengers Bangalore,Royal Challengers Bangalore,field,Punjab Kings,runs,34.0,180.0,20.0,N,,S Ravi,VK Sharma
1254084,2021,Delhi,2021-05-01,League,KA Pollard,"arun jaitley stadium, delhi",Chennai Super Kings,Mumbai Indians,Mumbai Indians,field,Mumbai Indians,wickets,4.0,219.0,20.0,N,,KN Ananthapadmanabhan,CK Nandan
1254085,2021,Delhi,2021-05-02,League,JC Buttler,"arun jaitley stadium, delhi",Rajasthan Royals,Sunrisers Hyderabad,Sunrisers Hyderabad,field,Rajasthan Royals,runs,55.0,221.0,20.0,N,,C Shamshuddin,CB Gaffaney
1254086,2021,Ahmedabad,2021-05-02,League,MA Agarwal,"narendra modi stadium, ahmedabad",Punjab Kings,Delhi Capitals,Delhi Capitals,field,Delhi Capitals,wickets,7.0,167.0,20.0,N,,AK Chaudhary,AY Dandekar
1254104,2021,Dubai,2021-09-19,League,RD Gaikwad,dubai international cricket stadium,Chennai Super Kings,Mumbai Indians,Chennai Super Kings,bat,Chennai Super Kings,runs,20.0,157.0,20.0,N,,Nitin Menon,RK Illingworth
1254087,2021,Abu Dhabi,2021-09-20,League,CV Varun,"zayed cricket stadium, abu dhabi",Royal Challengers Bangalore,Kolkata Knight Riders,Royal Challengers Bangalore,bat,Kolkata Knight Riders,wickets,9.0,93.0,20.0,N,,CB Gaffaney,S Ravi
1254111,2021,Dubai,2021-09-21,League,Kartik Tyagi,dubai international cricket stadium,Rajasthan Royals,Punjab Kings,Punjab Kings,field,Rajasthan Royals,runs,2.0,186.0,20.0,N,,AK Chaudhary,MA Gough
1254105,2021,Dubai,2021-09-22,League,A Nortje,dubai international cricket stadium,Sunrisers Hyderabad,Delhi Capitals,Sunrisers Hyderabad,bat,Delhi Capitals,wickets,8.0,135.0,20.0,N,,KN Ananthapadmanabhan,RK Illingworth
1254096,2021,Abu Dhabi,2021-09-23,League,SP Narine,"zayed cricket stadium, abu dhabi",Mumbai Indians,Kolkata Knight Riders,Kolkata Knight Riders,field,Kolkata Knight Riders,wickets,7.0,156.0,20.0,N,,S Ravi,VK Sharma
1254113,2021,Sharjah,2021-09-24,League,DJ Bravo,sharjah cricket stadium,Royal Challengers Bangalore,Chennai Super Kings,Chennai Super Kings,field,Chennai Super Kings,wickets,6.0,157.0,20.0,N,,AK Chaudhary,Nitin Menon
1254097,2021,Abu Dhabi,2021-09-25,League,SS Iyer,"zayed cricket stadium, abu dhabi",Delhi Capitals,Rajasthan Royals,Rajasthan Royals,field,Delhi Capitals,runs,33.0,155.0,20.0,N,,CB Gaffaney,UV Gandhe
1254107,2021,Sharjah,2021-09-25,League,JO Holder,sharjah cricket stadium,Punjab Kings,Sunrisers Hyderabad,Sunrisers Hyderabad,field,Punjab Kings,runs,5.0,126.0,20.0,N,,RK Illingworth,YC Barde
1254098,2021,Abu Dhabi,2021-09-26,League,RA Jadeja,"zayed cricket stadium, abu dhabi",Kolkata Knight Riders,Chennai Super Kings,Kolkata Knight Riders,bat,Chennai Super Kings,wickets,2.0,172.0,20.0,N,,CB Gaffaney,Tapan Sharma
1254108,2021,Dubai,2021-09-26,League,GJ Maxwell,dubai international cricket stadium,Royal Challengers Bangalore,Mumbai Indians,Mumbai Indians,field,Royal Challengers Bangalore,runs,54.0,166.0,20.0,N,,AK Chaudhary,MA Gough
1254100,2021,Dubai,2021-09-27,League,JJ Roy,dubai international cricket stadium,Rajasthan Royals,Sunrisers Hyderabad,Rajasthan Royals,bat,Sunrisers Hyderabad,wickets,7.0,165.0,20.0,N,,KN Ananthapadmanabhan,Navdeep Singh
1254092,2021,Sharjah,2021-09-28,League,SP Narine,sharjah cricket stadium,Delhi Capitals,Kolkata Knight Riders,Kolkata Knight Riders,field,Kolkata Knight Riders,wickets,3.0,128.0,20.0,N,,Nitin Menon,HAS Khalid
1254099,2021,Abu Dhabi,2021-09-28,League,KA Pollard,"zayed cricket stadium, abu dhabi",Punjab Kings,Mumbai Indians,Mumbai Indians,field,Mumbai Indians,wickets,6.0,136.0,20.0,N,,S Ravi,VK Sharma
1254103,2021,Dubai,2021-09-29,League,YS Chahal,dubai international cricket stadium,Rajasthan Royals,Royal Challengers Bangalore,Royal Challengers Bangalore,field,Royal Challengers Bangalore,wickets,7.0,150.0,20.0,N,,AY Dandekar,KN Ananthapadmanabhan
1254091,2021,Sharjah,2021-09-30,League,JR Hazlewood,sharjah cricket stadium,Sunrisers Hyderabad,Chennai Super Kings,Chennai Super Kings,field,Chennai Super Kings,wickets,6.0,135.0,20.0,N,,Nitin Menon,YC Barde
1254102,2021,Dubai,2021-10-01,League,KL Rahul,dubai international cricket stadium,Kolkata Knight Riders,Punjab Kings,Punjab Kings,field,Punjab Kings,wickets,5.0,166.0,20.0,N,,KN Ananthapadmanabhan,RK Illingworth
1254089,2021,Abu Dhabi,2021-10-02,League,RD Gaikwad,"zayed cricket stadium, abu dhabi",Chennai Super Kings,Rajasthan Royals,Rajasthan Royals,field,Rajasthan Royals,wickets,7.0,190.0,20.0,N,,CB Gaffaney,VK Sharma
1254112,2021,Sharjah,2021-10-02,League,AR Patel,sharjah cricket stadium,Mumbai Indians,Delhi Capitals,Delhi Capitals,field,Delhi Capitals,wickets,4.0,130.0,20.0,N,,AK Chaudhary,MA Gough
1254090,2021,Sharjah,2021-10-03,League,GJ Maxwell,sharjah cricket stadium,Royal Challengers Bangalore,Punjab Kings,Royal Challengers Bangalore,bat,Royal Challengers Bangalore,runs,6.0,165.0,20.0,N,,KN Ananthapadmanabhan,RK Illingworth
1254109,2021,Dubai,2021-10-03,League,Shubman Gill,dubai international cricket stadium,Sunrisers Hyderabad,Kolkata Knight Riders,Sunrisers Hyderabad,bat,Kolkata Knight Riders,wickets,6.0,116.0,20.0,N,,J Madanagopal,MA Gough
1254110,2021,Dubai,2021-10-04,League,AR Patel,dubai international cricket stadium,Chennai Super Kings,Delhi Capitals,Delhi Capitals,field,Delhi Capitals,wickets,3.0,137.0,20.0,N,,AK Chaudhary,Nitin Menon
1254093,2021,Sharjah,2021-10-05,League,NM Coulter-Nile,sharjah cricket stadium,Rajasthan Royals,Mumbai Indians,Mumbai Indians,field,Mumbai Indians,wickets,8.0,91.0,20.0,N,,AK Chaudhary,MA Gough
1254095,2021,Abu Dhabi,2021-10-06,League,KS Williamson,"zayed cricket stadium, abu dhabi",Sunrisers Hyderabad,Royal Challengers Bangalore,Royal Challengers Bangalore,field,Sunrisers Hyderabad,runs,4.0,142.0,20.0,N,,S Ravi,UV Gandhe
1254094,2021,Dubai,2021-10-07,League,KL Rahul,dubai international cricket stadium,Chennai Super Kings,Punjab Kings,Punjab Kings,field,Punjab Kings,wickets,6.0,135.0,20.0,N,,K Srinivasan,RK Illingworth
1254106,2021,Sharjah,2021-10-07,League,Shivam Mavi,sharjah cricket stadium,Kolkata Knight Riders,Rajasthan Royals,Rajasthan Royals,field,Kolkata Knight Riders,runs,86.0,172.0,20.0,N,,MA Gough,HAS Khalid
1254088,2021,Abu Dhabi,2021-10-08,League,Ishan Kishan,"zayed cricket stadium, abu dhabi",Mumbai Indians,Sunrisers Hyderabad,Mumbai Indians,bat,Mumbai Indians,runs,42.0,236.0,20.0,N,,Tapan Sharma,VK Sharma
1254101,2021,Dubai,2021-10-08,League,KS Bharat,dubai international cricket stadium,Delhi Capitals,Royal Challengers Bangalore,Royal Challengers Bangalore,field,Royal Challengers Bangalore,wickets,7.0,165.0,20.0,N,,KN Ananthapadmanabhan,Nitin Menon
1254114,2021,Dubai,2021-10-10,Qualifier 1,RD Gaikwad,dubai international cricket stadium,Delhi Capitals,Chennai Super Kings,Chennai Super Kings,field,Chennai Super Kings,wickets,4.0,173.0,20.0,N,,Nitin Menon,RK Illingworth
1254115,2021,Sharjah,2021-10-11,Eliminator,SP Narine,sharjah cricket stadium,Royal Challengers Bangalore,Kolkata Knight Riders,Royal Challengers Bangalore,bat,Kolkata Knight Riders,wickets,4.0,139.0,20.0,N,,CB Gaffaney,VK Sharma
1254116,2021,Sharjah,2021-10-13,Qualifier 2,VR Iyer,sharjah cricket stadium,Delhi Capitals,Kolkata Knight Riders,Kolkata Knight Riders,field,Kolkata Knight Riders,wickets,3.0,136.0,20.0,N,,KN Ananthapadmanabhan,MA Gough
1254117,2021,Dubai,2021-10-15,Final,F du Plessis,dubai international cricket stadium,Chennai Super Kings,Kolkata Knight Riders,Kolkata Knight Riders,field,Chennai Super Kings,runs,27.0,193.0,20.0,N,,Nitin Menon,RK Illingworth
1304047,2022,Mumbai,2022-03-26,League,UT Yadav,"wankhede stadium, mumbai",Chennai Super Kings,Kolkata Knight Riders,Kolkata Knight Riders,field,Kolkata Knight Riders,wickets,6.0,132.0,20.0,N,,AK Chaudhary,Nitin Menon
1304048,2022,Mumbai,2022-03-27,League,Kuldeep Yadav,"brabourne stadium, mumbai",Mumbai Indians,Delhi Capitals,Delhi Capitals,field,Delhi Capitals,wickets,4.0,178.0,20.0,N,,RJ Tucker,HAS Khalid
1304049,2022,Mumbai,2022-03-27,League,OF Smith,"dr dy patil sports academy, mumbai",Royal Challengers Bangalore,Punjab Kings,Punjab Kings,field,Punjab Kings,wickets,5.0,206.0,20.0,N,,Nitin Menon,YC Barde
1304050,2022,Mumbai,2022-03-28,League,Mohammed Shami,"wankhede stadium, mumbai",Lucknow Super Giants,Gujarat Titans,Gujarat Titans,field,Gujarat Titans,wickets,5.0,159.0,20.0,N,,PG Pathak,VK Sharma
1304051,2022,Pune,2022-03-29,League,SV Samson,"maharashtra cricket association stadium, pune",Rajasthan Royals,Sunrisers Hyderabad,Sunrisers Hyderabad,field,Rajasthan Royals,runs,61.0,211.0,20.0,N,,BNJ Oxenford,UV Gandhe
1304052,2022,Mumbai,2022-03-30,League,PWH de Silva,"dr dy patil sports academy, mumbai",Kolkata Knight Riders,Royal Challengers Bangalore,Royal Challengers Bangalore,field,Royal Challengers Bangalore,wickets,3.0,129.0,20.0,N,,J Madanagopal,Navdeep Singh
1304053,2022,Mumbai,2022-03-31,League,E Lewis,"brabourne stadium, mumbai",Chennai Super Kings,Lucknow Super Giants,Lucknow Super Giants,field,Lucknow Super Giants,wickets,6.0,211.0,20.0,N,,RJ Tucker,VK Sharma
1304054,2022,Mumbai,2022-04-01,League,UT Yadav,"wankhede stadium, mumbai",Punjab Kings,Kolkata Knight Riders,Kolkata Knight Riders,field,Kolkata Knight Riders,wickets,6.0,138.0,20.0,N,,AK Chaudhary,HAS Khalid
1304055,2022,Mumbai,2022-04-02,League,JC Buttler,"dr dy patil sports academy, mumbai",Rajasthan Royals,Mumbai Indians,Mumbai Indians,field,Rajasthan Royals,runs,23.0,194.0,20.0,N,,Nitin Menon,PG Pathak
1304056,2022,Pune,2022-04-02,League,LH Ferguson,"maharashtra cricket association stadium, pune",Gujarat Titans,Delhi Capitals,Delhi Capitals,field,Gujarat Titans,runs,14.0,172.0,20.0,N,,KN Ananthapadmanabhan,UV Gandhe
1304057,2022,Mumbai,2022-04-03,League,LS Livingstone,"brabourne stadium, mumbai",Punjab Kings,Chennai Super Kings,Chennai Super Kings,field,Punjab Kings,runs,54.0,181.0,20.0,N,,RJ Tucker,YC Barde
1304058,2022,Mumbai,2022-04-04,League,Avesh Khan,"dr dy patil sports academy, mumbai",Lucknow Super Giants,Sunrisers Hyderabad,Sunrisers Hyderabad,field,Lucknow Super Giants,runs,12.0,170.0,20.0,N,,J Madanagopal,Navdeep Singh
1304059,2022,Mumbai,2022-04-05,League,KD Karthik,"wankhede stadium, mumbai",Rajasthan Royals,Royal Challengers Bangalore,Royal Challengers Bangalore,field,Royal Challengers Bangalore,wickets,4.0,170.0,20.0,N,,AK Chaudhary,HAS Khalid
1304060,2022,Pune,2022-04-06,League,PJ Cummins,"maharashtra cricket association stadium, pune",Mumbai Indians,Kolkata Knight Riders,Kolkata Knight Riders,field,Kolkata Knight Riders,wickets,5.0,162.0,20.0,N,,BNJ Oxenford,KN Ananthapadmanabhan
1304061,2022,Mumbai,2022-04-07,League,Q de Kock,"dr dy patil sports academy, mumbai",Delhi Capitals,Lucknow Super Giants,Lucknow Super Giants,field,Lucknow Super Giants,wickets,6.0,150.0,20.0,N,,RJ Tucker,Tapan Sharma
1304062,2022,Mumbai,2022-04-08,League,Shubman Gill,"brabourne stadium, mumbai",Punjab Kings,Gujarat Titans,Gujarat Titans,field,Gujarat Titans,wickets,6.0,190.0,20.0,N,,AK Chaudhary,VK Sharma
1304063,2022,Mumbai,2022-04-09,League,Abhishek Sharma,"dr dy patil sports academy, mumbai",Chennai Super Kings,Sunrisers Hyderabad,Sunrisers Hyderabad,field,Sunrisers Hyderabad,wickets,8.0,155.0,20.0,N,,Navdeep Singh,Nitin Menon
1304064,2022,Pune,2022-04-09,League,Anuj Rawat,"maharashtra cricket association stadium, pune",Mumbai Indians,Royal Challengers Bangalore,Royal Challengers Bangalore,field,Royal Challengers Bangalore,wickets,7.0,152.0,20.0,N,,BNJ Oxenford,KN Ananthapadmanabhan
1304065,2022,Mumbai,2022-04-10,League,Kuldeep Yadav,"brabourne stadium, mumbai",Delhi Capitals,Kolkata Knight Riders,Kolkata Knight Riders,field,Delhi Capitals,runs,44.0,216.0,20.0,N,,CB Gaffaney,J Madanagopal
1304066,2022,Mumbai,2022-04-10,League,YS Chahal,"wankhede stadium, mumbai",Rajasthan Royals,Lucknow Super Giants,Lucknow Super Giants,field,Rajasthan Royals,runs,3.0,166.0,20.0,N,,AK Chaudhary,Tapan Sharma
1304067,2022,Mumbai,2022-04-11,League,KS Williamson,"dr dy patil sports academy, mumbai",Gujarat Titans,Sunrisers Hyderabad,Sunrisers Hyderabad,field,Sunrisers Hyderabad,wickets,8.0,163.0,20.0,N,,Chirra Ravikanthreddy,RJ Tucker
1304068,2022,Mumbai,2022-04-12,League,S Dube,"dr dy patil sports academy, mumbai",Chennai Super Kings,Royal Challengers Bangalore,Royal Challengers Bangalore,field,Chennai Super Kings,runs,23.0,217.0,20.0,N,,Nitin Menon,N Pandit
1304069,2022,Pune,2022-04-13,League,MA Agarwal,"maharashtra cricket association stadium, pune",Punjab Kings,Mumbai Indians,Mumbai Indians,field,Punjab Kings,runs,12.0,199.0,20.0,N,,BNJ Oxenford,UV Gandhe
1304070,2022,Mumbai,2022-04-14,League,HH Pandya,"dr dy patil sports academy, mumbai",Gujarat Titans,Rajasthan Royals,Rajasthan Royals,field,Gujarat Titans,runs,37.0,193.0,20.0,N,,CB Gaffaney,R Pandit
1304071,2022,Mumbai,2022-04-15,League,RA Tripathi,"brabourne stadium, mumbai",Kolkata Knight Riders,Sunrisers Hyderabad,Sunrisers Hyderabad,field,Sunrisers Hyderabad,wickets,7.0,176.0,20.0,N,,GR Sadashiv Iyer,VK Sharma
1304072,2022,Mumbai,2022-04-16,League,KL Rahul,"brabourne stadium, mumbai",Lucknow Super Giants,Mumbai Indians,Mumbai Indians,field,Lucknow Super Giants,runs,18.0,200.0,20.0,N,,AK Chaudhary,NA Patwardhan
1304073,2022,Mumbai,2022-04-16,League,KD Karthik,"wankhede stadium, mumbai",Royal Challengers Bangalore,Delhi Capitals,Delhi Capitals,field,Royal Challengers Bangalore,runs,16.0,190.0,20.0,N,,Chirra Ravikanthreddy,J Madanagopal
1304074,2022,Mumbai,2022-04-17,League,Umran Malik,"dr dy patil sports academy, mumbai",Punjab Kings,Sunrisers Hyderabad,Sunrisers Hyderabad,field,Sunrisers Hyderabad,wickets,7.0,152.0,20.0,N,,PG Pathak,R Pandit
1304075,2022,Pune,2022-04-17,League,DA Miller,"maharashtra cricket association stadium, pune",Chennai Super Kings,Gujarat Titans,Gujarat Titans,field,Gujarat Titans,wickets,3.0,170.0,20.0,N,,KN Ananthapadmanabhan,UV Gandhe
1304076,2022,Mumbai,2022-04-18,League,YS Chahal,"brabourne stadium, mumbai",Rajasthan Royals,Kolkata Knight Riders,Kolkata Knight Riders,field,Rajasthan Royals,runs,7.0,218.0,20.0,N,,GR Sadashiv Iyer,VK Sharma
1304077,2022,Mumbai,2022-04-19,League,F du Plessis,"dr dy patil sports academy, mumbai",Royal Challengers Bangalore,Lucknow Super Giants,Lucknow Super Giants,field,Royal Challengers Bangalore,runs,18.0,182.0,20.0,N,,CB Gaffaney,N Pandit
1304078,2022,Mumbai,2022-04-20,League,Kuldeep Yadav,"brabourne stadium, mumbai",Punjab Kings,Delhi Capitals,Delhi Capitals,field,Delhi Capitals,wickets,9.0,116.0,20.0,N,,RJ Tucker,Tapan Sharma
1304079,2022,Navi Mumbai,2022-04-21,League,Mukesh Choudhary,"dr dy patil sports academy, mumbai",Mumbai Indians,Chennai Super Kings,Chennai Super Kings,field,Chennai Super Kings,wickets,3.0,156.0,20.0,N,,BNJ Oxenford,UV Gandhe
1304080,2022,Mumbai,2022-04-22,League,JC Buttler,"wankhede stadium, mumbai",Rajasthan Royals,Delhi Capitals,Delhi Capitals,field,Rajasthan Royals,runs,15.0,223.0,20.0,N,,NA Patwardhan,Nitin Menon
1304081,2022,Navi Mumbai,2022-04-23,League,Rashid Khan,"dr dy patil sports academy, mumbai",Gujarat Titans,Kolkata Knight Riders,Gujarat Titans,bat,Gujarat Titans,runs,8.0,157.0,20.0,N,,KN Ananthapadmanabhan,UV Gandhe
1304082,2022,Mumbai,2022-04-23,League,M Jansen,"brabourne stadium, mumbai",Royal Challengers Bangalore,Sunrisers Hyderabad,Sunrisers Hyderabad,field,Sunrisers Hyderabad,wickets,9.0,69.0,20.0,N,,Chirra Ravikanthreddy,J Madanagopal
1304083,2022,Mumbai,2022-04-24,League,KL Rahul,"wankhede stadium, mumbai",Lucknow Super Giants,Mumbai Indians,Mumbai Indians,field,Lucknow Super Giants,runs,36.0,169.0,20.0,N,,M Erasmus,HAS Khalid
1304084,2022,Mumbai,2022-04-25,League,S Dhawan,"wankhede stadium, mumbai",Punjab Kings,Chennai Super Kings,Chennai Super Kings,field,Punjab Kings,runs,11.0,188.0,20.0,N,,M Erasmus,Tapan Sharma
1304085,2022,Pune,2022-04-26,League,R Parag,"maharashtra cricket association stadium, pune",Rajasthan Royals,Royal Challengers Bangalore,Royal Challengers Bangalore,field,Rajasthan Royals,runs,29.0,145.0,20.0,N,,BNJ Oxenford,KN Ananthapadmanabhan
1304086,2022,Mumbai,2022-04-27,League,Umran Malik,"wankhede stadium, mumbai",Sunrisers Hyderabad,Gujarat Titans,Gujarat Titans,field,Gujarat Titans,wickets,5.0,196.0,20.0,N,,CB Gaffaney,Navdeep Singh
1304087,2022,Mumbai,2022-04-28,League,Kuldeep Yadav,"wankhede stadium, mumbai",Kolkata Knight Riders,Delhi Capitals,Delhi Capitals,field,Delhi Capitals,wickets,4.0,147.0,20.0,N,,AK Chaudhary,PG Pathak
1304088,2022,Pune,2022-04-29,League,KH Pandya,"maharashtra cricket association stadium, pune",Lucknow Super Giants,Punjab Kings,Punjab Kings,field,Lucknow Super Giants,runs,20.0,154.0,20.0,N,,MA Gough,UV Gandhe
1304089,2022,Mumbai,2022-04-30,League,R Tewatia,"brabourne stadium, mumbai",Royal Challengers Bangalore,Gujarat Titans,Royal Challengers Bangalore,bat,Gujarat Titans,wickets,6.0,171.0,20.0,N,,HAS Khalid,VK Sharma
1304090,2022,Navi Mumbai,2022-04-30,League,SA Yadav,"dr dy patil sports academy, mumbai",Rajasthan Royals,Mumbai Indians,Mumbai Indians,field,Mumbai Indians,wickets,5.0,159.0,20.0,N,,BNJ Oxenford,YC Barde
1304091,2022,Mumbai,2022-05-01,League,Mohsin Khan,"wankhede stadium, mumbai",Lucknow Super Giants,Delhi Capitals,Lucknow Super Giants,bat,Lucknow Super Giants,runs,6.0,196.0,20.0,N,,Chirra Ravikanthreddy,CB Gaffaney
1304092,2022,Pune,2022-05-01,League,RD Gaikwad,"maharashtra cricket association stadium, pune",Chennai Super Kings,Sunrisers Hyderabad,Sunrisers Hyderabad,field,Chennai Super Kings,runs,13.0,203.0,20.0,N,,AK Chaudhary,KN Ananthapadmanabhan
1304093,2022,Mumbai,2022-05-02,League,RK Singh,"wankhede stadium, mumbai",Rajasthan Royals,Kolkata Knight Riders,Kolkata Knight Riders,field,Kolkata Knight Riders,wickets,7.0,153.0,20.0,N,,J Madanagopal,N Pandit
1304094,2022,Navi Mumbai,2022-05-03,League,K Rabada,"dr dy patil sports academy, mumbai",Gujarat Titans,Punjab Kings,Gujarat Titans,bat,Punjab Kings,wickets,8.0,144.0,20.0,N,,R Pandit,VK Sharma
1304095,2022,Pune,2022-05-04,League,HV Patel,"maharashtra cricket association stadium, pune",Royal Challengers Bangalore,Chennai Super Kings,Chennai Super Kings,field,Royal Challengers Bangalore,runs,13.0,174.0,20.0,N,,KN Ananthapadmanabhan,MA Gough
1304096,2022,Mumbai,2022-05-05,League,DA Warner,"brabourne stadium, mumbai",Delhi Capitals,Sunrisers Hyderabad,Sunrisers Hyderabad,field,Delhi Capitals,runs,21.0,208.0,20.0,N,,Navdeep Singh,NA Patwardhan
1304097,2022,Mumbai,2022-05-06,League,TH David,"brabourne stadium, mumbai",Mumbai Indians,Gujarat Titans,Gujarat Titans,field,Mumbai Indians,runs,5.0,178.0,20.0,N,,J Madanagopal,GR Sadashiv Iyer
1304098,2022,Mumbai,2022-05-07,League,YBK Jaiswal,"wankhede stadium, mumbai",Punjab Kings,Rajasthan Royals,Punjab Kings,bat,Rajasthan Royals,wickets,6.0,190.0,20.0,N,,Chirra Ravikanthreddy,YC Barde
1304099,2022,Pune,2022-05-07,League,Avesh Khan,"maharashtra cricket association stadium, pune",Lucknow Super Giants,Kolkata Knight Riders,Kolkata Knight Riders,field,Lucknow Super Giants,runs,75.0,177.0,20.0,N,,AK Chaudhary,MA Gough
1304100,2022,Mumbai,2022-05-08,League,PWH de Silva,"wankhede stadium, mumbai",Royal Challengers Bangalore,Sunrisers Hyderabad,Royal Challengers Bangalore,bat,Royal Challengers Bangalore,runs,67.0,193.0,20.0,N,,BNJ Oxenford,N Pandit
1304101,2022,Navi Mumbai,2022-05-08,League,DP Conway,"dr dy patil sports academy, mumbai",Chennai Super Kings,Delhi Capitals,Delhi Capitals,field,Chennai Super Kings,runs,91.0,209.0,20.0,N,,Nitin Menon,R Pandit
1304102,2022,Navi Mumbai,2022-05-09,League,JJ Bumrah,"dr dy patil sports academy, mumbai",Kolkata Knight Riders,Mumbai Indians,Mumbai Indians,field,Kolkata Knight Riders,runs,52.0,166.0,20.0,N,,CB Gaffaney,GR Sadashiv Iyer
1304103,2022,Pune,2022-05-10,League,Shubman Gill,"maharashtra cricket association stadium, pune",Gujarat Titans,Lucknow Super Giants,Gujarat Titans,bat,Gujarat Titans,runs,62.0,145.0,20.0,N,,KN Ananthapadmanabhan,MA Gough
1304104,2022,Navi Mumbai,2022-05-11,League,MR Marsh,"dr dy patil sports academy, mumbai",Rajasthan Royals,Delhi Capitals,Delhi Capitals,field,Delhi Capitals,wickets,8.0,161.0,20.0,N,,NA Patwardhan,Nitin Menon
1304105,2022,Mumbai,2022-05-12,League,DR Sams,"wankhede stadium, mumbai",Chennai Super Kings,Mumbai Indians,Mumbai Indians,field,Mumbai Indians,wickets,5.0,98.0,20.0,N,,Chirra Ravikanthreddy,CB Gaffaney
1304106,2022,Mumbai,2022-05-13,League,JM Bairstow,"brabourne stadium, mumbai",Punjab Kings,Royal Challengers Bangalore,Royal Challengers Bangalore,field,Punjab Kings,runs,54.0,210.0,20.0,N,,J Madanagopal,N Pandit
1304107,2022,Pune,2022-05-14,League,AD Russell,"maharashtra cricket association stadium, pune",Kolkata Knight Riders,Sunrisers Hyderabad,Kolkata Knight Riders,bat,Kolkata Knight Riders,runs,54.0,178.0,20.0,N,,AK Chaudhary,KN Ananthapadmanabhan
1304108,2022,Mumbai,2022-05-15,League,WP Saha,"wankhede stadium, mumbai",Chennai Super Kings,Gujarat Titans,Chennai Super Kings,bat,Gujarat Titans,wickets,7.0,134.0,20.0,N,,R Pandit,VK Sharma
1304109,2022,Mumbai,2022-05-15,League,TA Boult,"brabourne stadium, mumbai",Rajasthan Royals,Lucknow Super Giants,Rajasthan Royals,bat,Rajasthan Royals,runs,24.0,179.0,20.0,N,,PG Pathak,Tapan Sharma
1304110,2022,Navi Mumbai,2022-05-16,League,SN Thakur,"dr dy patil sports academy, mumbai",Delhi Capitals,Punjab Kings,Punjab Kings,field,Delhi Capitals,runs,17.0,160.0,20.0,N,,GR Sadashiv Iyer,Nitin Menon
1304111,2022,Mumbai,2022-05-17,League,RA Tripathi,"wankhede stadium, mumbai",Sunrisers Hyderabad,Mumbai Indians,Mumbai Indians,field,Sunrisers Hyderabad,runs,3.0,194.0,20.0,N,,CB Gaffaney,N Pandit
1304112,2022,Navi Mumbai,2022-05-18,League,Q de Kock,"dr dy patil sports academy, mumbai",Lucknow Super Giants,Kolkata Knight Riders,Lucknow Super Giants,bat,Lucknow Super Giants,runs,2.0,211.0,20.0,N,,R Pandit,YC Barde
1304113,2022,Mumbai,2022-05-19,League,V Kohli,"wankhede stadium, mumbai",Gujarat Titans,Royal Challengers Bangalore,Gujarat Titans,bat,Royal Challengers Bangalore,wickets,8.0,169.0,20.0,N,,KN Ananthapadmanabhan,GR Sadashiv Iyer
1304114,2022,Mumbai,2022-05-20,League,R Ashwin,"brabourne stadium, mumbai",Chennai Super Kings,Rajasthan Royals,Chennai Super Kings,bat,Rajasthan Royals,wickets,5.0,151.0,20.0,N,,CB Gaffaney,NA Patwardhan
1304115,2022,Mumbai,2022-05-21,League,JJ Bumrah,"wankhede stadium, mumbai",Delhi Capitals,Mumbai Indians,Mumbai Indians,field,Mumbai Indians,wickets,5.0,160.0,20.0,N,,Nitin Menon,Tapan Sharma
1304116,2022,Mumbai,2022-05-22,League,Harpreet Brar,"wankhede stadium, mumbai",Sunrisers Hyderabad,Punjab Kings,Sunrisers Hyderabad,bat,Punjab Kings,wickets,5.0,158.0,20.0,N,,AK Chaudhary,NA Patwardhan
1312197,2022,Kolkata,2022-05-24,Qualifier 1,DA Miller,"eden gardens, kolkata",Rajasthan Royals,Gujarat Titans,Gujarat Titans,field,Gujarat Titans,wickets,7.0,189.0,20.0,N,,BNJ Oxenford,VK Sharma
1312198,2022,Kolkata,2022-05-25,Eliminator,RM Patidar,"eden gardens, kolkata",Royal Challengers Bangalore,Lucknow Super Giants,Lucknow Super Giants,field,Royal Challengers Bangalore,runs,14.0,208.0,20.0,N,,J Madanagopal,MA Gough
1312199,2022,Ahmedabad,2022-05-27,Qualifier 2,JC Buttler,"narendra modi stadium, ahmedabad",Royal Challengers Bangalore,Rajasthan Royals,Rajasthan Royals,field,Rajasthan Royals,wickets,7.0,158.0,20.0,N,,CB Gaffaney,Nitin Menon
1312200,2022,Ahmedabad,2022-05-29,Final,HH Pandya,"narendra modi stadium, ahmedabad",Rajasthan Royals,Gujarat Titans,Rajasthan Royals,bat,Gujarat Titans,wickets,7.0,131.0,20.0,N,,CB Gaffaney,Nitin Menon
1359475,2023,Ahmedabad,2023-03-31,League,Rashid Khan,"narendra modi stadium, ahmedabad",Chennai Super Kings,Gujarat Titans,Gujarat Titans,field,Gujarat Titans,wickets,5.0,179.0,20.0,N,,Nitin Menon,HAS Khalid
1359476,2023,Chandigarh,2023-04-01,League,Arshdeep Singh,"punjab cricket association is bindra stadium, mohali, chandigarh",Punjab Kings,Kolkata Knight Riders,Kolkata Knight Riders,field,Punjab Kings,runs,7.0,154.0,16.0,N,D/L,BNJ Oxenford,YC Barde
1359477,2023,Lucknow,2023-04-01,League,MA Wood,"bharat ratna shri atal bihari vajpayee ekana cricket stadium, lucknow",Lucknow Super Giants,Delhi Capitals,Delhi Capitals,field,Lucknow Super Giants,runs,50.0,194.0,20.0,N,,AK Chaudhary,NA Patwardhan
1359478,2023,Hyderabad,2023-04-02,League,JC Buttler,"rajiv gandhi international stadium, uppal, hyderabad",Rajasthan Royals,Sunrisers Hyderabad,Sunrisers Hyderabad,field,Rajasthan Royals,runs,72.0,204.0,20.0,N,,KN Ananthapadmanabhan,R Pandit
1359479,2023,Bengaluru,2023-04-02,League,F du Plessis,"m chinnaswamy stadium, bengaluru",Mumbai Indians,Royal Challengers Bangalore,Royal Challengers Bangalore,field,Royal Challengers Bangalore,wickets,8.0,172.0,20.0,N,,Nitin Menon,Tapan Sharma
1359480,2023,Chennai,2023-04-03,League,MM Ali,"ma chidambaram stadium, chepauk, chennai",Chennai Super Kings,Lucknow Super Giants,Lucknow Super Giants,field,Chennai Super Kings,runs,12.0,218.0,20.0,N,,A Totre,BNJ Oxenford
1359481,2023,Delhi,2023-04-04,League,B Sai Sudharsan,"arun jaitley stadium, delhi",Delhi Capitals,Gujarat Titans,Gujarat Titans,field,Gujarat Titans,wickets,6.0,163.0,20.0,N,,A Nand Kishore,GR Sadashiv Iyer
1359482,2023,Guwahati,2023-04-05,League,NT Ellis,"barsapara cricket stadium, guwahati",Punjab Kings,Rajasthan Royals,Rajasthan Royals,field,Punjab Kings,runs,5.0,198.0,20.0,N,,KN Ananthapadmanabhan,MV Saidharshan Kumar
1359483,2023,Kolkata,2023-04-06,League,SN Thakur,"eden gardens, kolkata",Kolkata Knight Riders,Royal Challengers Bangalore,Royal Challengers Bangalore,field,Kolkata Knight Riders,runs,81.0,205.0,20.0,N,,Vinod Seshan,VK Sharma
1359484,2023,Lucknow,2023-04-07,League,KH Pandya,"bharat ratna shri atal bihari vajpayee ekana cricket stadium, lucknow",Sunrisers Hyderabad,Lucknow Super Giants,Sunrisers Hyderabad,bat,Lucknow Super Giants,wickets,5.0,122.0,20.0,N,,J Madanagopal,YC Barde
1359485,2023,Guwahati,2023-04-08,League,YBK Jaiswal,"barsapara cricket stadium, guwahati",Rajasthan Royals,Delhi Capitals,Delhi Capitals,field,Rajasthan Royals,runs,57.0,200.0,20.0,N,,Navdeep Singh,MV Saidharshan Kumar
1359486,2023,Mumbai,2023-04-08,League,RA Jadeja,"wankhede stadium, mumbai",Mumbai Indians,Chennai Super Kings,Chennai Super Kings,field,Chennai Super Kings,wickets,7.0,158.0,20.0,N,,CB Gaffaney,NA Patwardhan
1359487,2023,Ahmedabad,2023-04-09,League,RK Singh,"narendra modi stadium, ahmedabad",Gujarat Titans,Kolkata Knight Riders,Gujarat Titans,bat,Kolkata Knight Riders,wickets,3.0,205.0,20.0,N,,Nitin Menon,Tapan Sharma
1359488,2023,Hyderabad,2023-04-09,League,S Dhawan,"rajiv gandhi international stadium, uppal, hyderabad",Punjab Kings,Sunrisers Hyderabad,Sunrisers Hyderabad,field,Sunrisers Hyderabad,wickets,8.0,144.0,20.0,N,,BNJ Oxenford,UV Gandhe
1359489,2023,Bengaluru,2023-04-10,League,N Pooran,"m chinnaswamy stadium, bengaluru",Royal Challengers Bangalore,Lucknow Super Giants,Lucknow Super Giants,field,Lucknow Super Giants,wickets,1.0,213.0,20.0,N,,AK Chaudhary,A Nand Kishore
1359490,2023,Delhi,2023-04-11,League,RG Sharma,"arun jaitley stadium, delhi",Delhi Capitals,Mumbai Indians,Mumbai Indians,field,Mumbai Indians,wickets,6.0,173.0,20.0,N,,MA Gough,R Pandit
1359491,2023,Chennai,2023-04-12,League,R Ashwin,"ma chidambaram stadium, chepauk, chennai",Rajasthan Royals,Chennai Super Kings,Chennai Super Kings,field,Rajasthan Royals,runs,3.0,176.0,20.0,N,,Vinod Seshan,VK Sharma
1359492,2023,Chandigarh,2023-04-13,League,MM Sharma,"punjab cricket association is bindra stadium, mohali, chandigarh",Punjab Kings,Gujarat Titans,Gujarat Titans,field,Gujarat Titans,wickets,6.0,154.0,20.0,N,,A Totre,J Madanagopal
1359493,2023,Kolkata,2023-04-14,League,HC Brook,"eden gardens, kolkata",Sunrisers Hyderabad,Kolkata Knight Riders,Kolkata Knight Riders,field,Sunrisers Hyderabad,runs,23.0,229.0,20.0,N,,CB Gaffaney,GR Sadashiv Iyer
1359494,2023,Bengaluru,2023-04-15,League,V Kohli,"m chinnaswamy stadium, bengaluru",Royal Challengers Bangalore,Delhi Capitals,Delhi Capitals,field,Royal Challengers Bangalore,runs,23.0,175.0,20.0,N,,KN Ananthapadmanabhan,MV Saidharshan Kumar
1359495,2023,Lucknow,2023-04-15,League,Sikandar Raza,"bharat ratna shri atal bihari vajpayee ekana cricket stadium, lucknow",Lucknow Super Giants,Punjab Kings,Punjab Kings,field,Punjab Kings,wickets,2.0,160.0,20.0,N,,HAS Khalid,VK Sharma
1359496,2023,Mumbai,2023-04-16,League,VR Iyer,"wankhede stadium, mumbai",Kolkata Knight Riders,Mumbai Indians,Mumbai Indians,field,Mumbai Indians,wickets,5.0,186.0,20.0,N,,BNJ Oxenford,UV Gandhe
1359497,2023,Ahmedabad,2023-04-16,League,SO Hetmyer,"narendra modi stadium, ahmedabad",Gujarat Titans,Rajasthan Royals,Rajasthan Royals,field,Rajasthan Royals,wickets,3.0,178.0,20.0,N,,AK Chaudhary,CB Gaffaney
1359498,2023,Bengaluru,2023-04-17,League,DP Conway,"m chinnaswamy stadium, bengaluru",Chennai Super Kings,Royal Challengers Bangalore,Royal Challengers Bangalore,field,Chennai Super Kings,runs,8.0,227.0,20.0,N,,KN Ananthapadmanabhan,Navdeep Singh
1359499,2023,Hyderabad,2023-04-18,League,C Green,"rajiv gandhi international stadium, uppal, hyderabad",Mumbai Indians,Sunrisers Hyderabad,Sunrisers Hyderabad,field,Mumbai Indians,runs,14.0,193.0,20.0,N,,Nitin Menon,Vinod Seshan
1359500,2023,Jaipur,2023-04-19,League,MP Stoinis,"sawai mansingh stadium, jaipur",Lucknow Super Giants,Rajasthan Royals,Rajasthan Royals,field,Lucknow Super Giants,runs,10.0,155.0,20.0,N,,J Madanagopal,YC Barde
1359501,2023,Chandigarh,2023-04-20,League,Mohammed Siraj,"punjab cricket association is bindra stadium, mohali, chandigarh",Royal Challengers Bangalore,Punjab Kings,Punjab Kings,field,Royal Challengers Bangalore,runs,24.0,175.0,20.0,N,,AK Chaudhary,GR Sadashiv Iyer
1359502,2023,Delhi,2023-04-20,League,I Sharma,"arun jaitley stadium, delhi",Kolkata Knight Riders,Delhi Capitals,Delhi Capitals,field,Delhi Capitals,wickets,4.0,128.0,20.0,N,,MA Gough,R Pandit
1359503,2023,Chennai,2023-04-21,League,RA Jadeja,"ma chidambaram stadium, chepauk, chennai",Sunrisers Hyderabad,Chennai Super Kings,Chennai Super Kings,field,Chennai Super Kings,wickets,7.0,135.0,20.0,N,,HAS Khalid,VK Sharma
1359504,2023,Lucknow,2023-04-22,League,MM Sharma,"bharat ratna shri atal bihari vajpayee ekana cricket stadium, lucknow",Gujarat Titans,Lucknow Super Giants,Gujarat Titans,bat,Gujarat Titans,runs,7.0,136.0,20.0,N,,A Totre,RJ Tucker
1359505,2023,Mumbai,2023-04-22,League,SM Curran,"wankhede stadium, mumbai",Punjab Kings,Mumbai Indians,Mumbai Indians,field,Punjab Kings,runs,13.0,215.0,20.0,N,,CB Gaffaney,GR Sadashiv Iyer
1359506,2023,Bengaluru,2023-04-23,League,GJ Maxwell,"m chinnaswamy stadium, bengaluru",Royal Challengers Bangalore,Rajasthan Royals,Rajasthan Royals,field,Royal Challengers Bangalore,runs,7.0,190.0,20.0,N,,MA Gough,MV Saidharshan Kumar
1359507,2023,Kolkata,2023-04-23,League,AM Rahane,"eden gardens, kolkata",Chennai Super Kings,Kolkata Knight Riders,Kolkata Knight Riders,field,Chennai Super Kings,runs,49.0,236.0,20.0,N,,Nitin Menon,Tapan Sharma
1359508,2023,Hyderabad,2023-04-24,League,AR Patel,"rajiv gandhi international stadium, uppal, hyderabad",Delhi Capitals,Sunrisers Hyderabad,Delhi Capitals,bat,Delhi Capitals,runs,7.0,145.0,20.0,N,,J Madanagopal,RJ Tucker
1359509,2023,Ahmedabad,2023-04-25,League,A Manohar,"narendra modi stadium, ahmedabad",Gujarat Titans,Mumbai Indians,Mumbai Indians,field,Gujarat Titans,runs,55.0,208.0,20.0,N,,AK Chaudhary,A Nand Kishore
1359510,2023,Bengaluru,2023-04-26,League,CV Varun,"m chinnaswamy stadium, bengaluru",Kolkata Knight Riders,Royal Challengers Bangalore,Royal Challengers Bangalore,field,Kolkata Knight Riders,runs,21.0,201.0,20.0,N,,KN Ananthapadmanabhan,R Pandit
1359511,2023,Jaipur,2023-04-27,League,YBK Jaiswal,"sawai mansingh stadium, jaipur",Rajasthan Royals,Chennai Super Kings,Rajasthan Royals,bat,Rajasthan Royals,runs,32.0,203.0,20.0,N,,A Totre,YC Barde
1359512,2023,Chandigarh,2023-04-28,League,MP Stoinis,"punjab cricket association is bindra stadium, mohali, chandigarh",Lucknow Super Giants,Punjab Kings,Punjab Kings,field,Lucknow Super Giants,runs,56.0,258.0,20.0,N,,Nitin Menon,Vinod Seshan
1359513,2023,Kolkata,2023-04-29,League,J Little,"eden gardens, kolkata",Kolkata Knight Riders,Gujarat Titans,Gujarat Titans,field,Gujarat Titans,wickets,7.0,180.0,20.0,N,,NA Patwardhan,GR Sadashiv Iyer
1359514,2023,Delhi,2023-04-29,League,MR Marsh,"arun jaitley stadium, delhi",Sunrisers Hyderabad,Delhi Capitals,Sunrisers Hyderabad,bat,Sunrisers Hyderabad,runs,9.0,198.0,20.0,N,,MA Gough,Navdeep Singh
1359515,2023,Chennai,2023-04-30,League,DP Conway,"ma chidambaram stadium, chepauk, chennai",Chennai Super Kings,Punjab Kings,Chennai Super Kings,bat,Punjab Kings,wickets,4.0,201.0,20.0,N,,RJ Tucker,UV Gandhe
1359516,2023,Mumbai,2023-04-30,League,YBK Jaiswal,"wankhede stadium, mumbai",Rajasthan Royals,Mumbai Indians,Rajasthan Royals,bat,Mumbai Indians,wickets,6.0,213.0,20.0,N,,Vinod Seshan,VK Sharma
1359517,2023,Lucknow,2023-05-01,League,F du Plessis,"bharat ratna shri atal bihari vajpayee ekana cricket stadium, lucknow",Royal Challengers Bangalore,Lucknow Super Giants,Royal Challengers Bangalore,bat,Royal Challengers Bangalore,runs,18.0,127.0,20.0,N,,AK Chaudhary,GR Sadashiv Iyer
1359518,2023,Ahmedabad,2023-05-02,League,Mohammed Shami,"narendra modi stadium, ahmedabad",Delhi Capitals,Gujarat Titans,Delhi Capitals,bat,Delhi Capitals,runs,5.0,131.0,20.0,N,,MA Gough,R Pandit
1359519,2023,Lucknow,2023-05-03,League,,"bharat ratna shri atal bihari vajpayee ekana cricket stadium, lucknow",Lucknow Super Giants,Chennai Super Kings,Chennai Super Kings,field,,no result,,,,N,,AK Chaudhary,NA Patwardhan
1359520,2023,Chandigarh,2023-05-03,League,Ishan Kishan,"punjab cricket association is bindra stadium, mohali, chandigarh",Punjab Kings,Mumbai Indians,Mumbai Indians,field,Mumbai Indians,wickets,6.0,215.0,20.0,N,,J Madanagopal,RJ Tucker
1359521,2023,Hyderabad,2023-05-04,League,CV Varun,"rajiv gandhi international stadium, uppal, hyderabad",Kolkata Knight Riders,Sunrisers Hyderabad,Kolkata Knight Riders,bat,Kolkata Knight Riders,runs,5.0,172.0,20.0,N,,KN Ananthapadmanabhan,MA Gough
1359522,2023,Jaipur,2023-05-05,League,Rashid Khan,"sawai mansingh stadium, jaipur",Rajasthan Royals,Gujarat Titans,Rajasthan Royals,bat,Gujarat Titans,wickets,9.0,119.0,20.0,N,,HAS Khalid,VK Sharma
1359523,2023,Chennai,2023-05-06,League,M Pathirana,"ma chidambaram stadium, chepauk, chennai",Mumbai Indians,Chennai Super Kings,Chennai Super Kings,field,Chennai Super Kings,wickets,6.0,140.0,20.0,N,,BNJ Oxenford,Navdeep Singh
1359524,2023,Delhi,2023-05-06,League,PD Salt,"arun jaitley stadium, delhi",Royal Challengers Bangalore,Delhi Capitals,Royal Challengers Bangalore,bat,Delhi Capitals,wickets,7.0,182.0,20.0,N,,RJ Tucker,YC Barde
1359525,2023,Ahmedabad,2023-05-07,League,Shubman Gill,"narendra modi stadium, ahmedabad",Gujarat Titans,Lucknow Super Giants,Lucknow Super Giants,field,Gujarat Titans,runs,56.0,228.0,20.0,N,,AK Chaudhary,A Nand Kishore
1359526,2023,Jaipur,2023-05-07,League,GD Phillips,"sawai mansingh stadium, jaipur",Rajasthan Royals,Sunrisers Hyderabad,Rajasthan Royals,bat,Sunrisers Hyderabad,wickets,4.0,215.0,20.0,N,,Nitin Menon,Vinod Seshan
1359527,2023,Kolkata,2023-05-08,League,AD Russell,"eden gardens, kolkata",Punjab Kings,Kolkata Knight Riders,Punjab Kings,bat,Kolkata Knight Riders,wickets,5.0,180.0,20.0,N,,A Totre,J Madanagopal
1359528,2023,Mumbai,2023-05-09,League,SA Yadav,"wankhede stadium, mumbai",Royal Challengers Bangalore,Mumbai Indians,Mumbai Indians,field,Mumbai Indians,wickets,6.0,200.0,20.0,N,,HAS Khalid,VK Sharma
1359529,2023,Chennai,2023-05-10,League,RA Jadeja,"ma chidambaram stadium, chepauk, chennai",Chennai Super Kings,Delhi Capitals,Chennai Super Kings,bat,Chennai Super Kings,runs,27.0,168.0,20.0,N,,CB Gaffaney,NA Patwardhan
1359530,2023,Kolkata,2023-05-11,League,YBK Jaiswal,"eden gardens, kolkata",Kolkata Knight Riders,Rajasthan Royals,Rajasthan Royals,field,Rajasthan Royals,wickets,9.0,150.0,20.0,N,,RJ Tucker,MV Saidharshan Kumar
1359531,2023,Mumbai,2023-05-12,League,SA Yadav,"wankhede stadium, mumbai",Mumbai Indians,Gujarat Titans,Gujarat Titans,field,Mumbai Indians,runs,27.0,219.0,20.0,N,,Nitin Menon,Tapan Sharma
1359532,2023,Hyderabad,2023-05-13,League,PN Mankad,"rajiv gandhi international stadium, uppal, hyderabad",Sunrisers Hyderabad,Lucknow Super Giants,Sunrisers Hyderabad,bat,Lucknow Super Giants,wickets,7.0,183.0,20.0,N,,A Totre,J Madanagopal
1359533,2023,Delhi,2023-05-13,League,P Simran Singh,"arun jaitley stadium, delhi",Punjab Kings,Delhi Capitals,Delhi Capitals,field,Punjab Kings,runs,31.0,168.0,20.0,N,,CB Gaffaney,NA Patwardhan
1359534,2023,Jaipur,2023-05-14,League,WD Parnell,"sawai mansingh stadium, jaipur",Royal Challengers Bangalore,Rajasthan Royals,Royal Challengers Bangalore,bat,Royal Challengers Bangalore,runs,112.0,172.0,20.0,N,,KN Ananthapadmanabhan,Navdeep Singh
1359535,2023,Chennai,2023-05-14,League,RK Singh,"ma chidambaram stadium, chepauk, chennai",Chennai Super Kings,Kolkata Knight Riders,Chennai Super Kings,bat,Kolkata Knight Riders,wickets,6.0,145.0,20.0,N,,Tapan Sharma,Vinod Seshan
1359536,2023,Ahmedabad,2023-05-15,League,Shubman Gill,"narendra modi stadium, ahmedabad",Gujarat Titans,Sunrisers Hyderabad,Sunrisers Hyderabad,field,Gujarat Titans,runs,34.0,189.0,20.0,N,,J Madanagopal,UV Gandhe
1359537,2023,Lucknow,2023-05-16,League,MP Stoinis,"bharat ratna shri atal bihari vajpayee ekana cricket stadium, lucknow",Lucknow Super Giants,Mumbai Indians,Mumbai Indians,field,Lucknow Super Giants,runs,5.0,178.0,20.0,N,,AK Chaudhary,A Nand Kishore
1359538,2023,Dharamsala,2023-05-17,League,RR Rossouw,"himachal pradesh cricket association stadium, dharamsala",Delhi Capitals,Punjab Kings,Punjab Kings,field,Delhi Capitals,runs,15.0,214.0,20.0,N,,KN Ananthapadmanabhan,MV Saidharshan Kumar
1359539,2023,Hyderabad,2023-05-18,League,V Kohli,"rajiv gandhi international stadium, uppal, hyderabad",Sunrisers Hyderabad,Royal Challengers Bangalore,Royal Challengers Bangalore,field,Royal Challengers Bangalore,wickets,8.0,187.0,20.0,N,,BNJ Oxenford,VK Sharma
1359540,2023,Dharamsala,2023-05-19,League,D Padikkal,"himachal pradesh cricket association stadium, dharamsala",Punjab Kings,Rajasthan Royals,Rajasthan Royals,field,Rajasthan Royals,wickets,4.0,188.0,20.0,N,,A Nand Kishore,RJ Tucker
1359541,2023,Delhi,2023-05-20,League,RD Gaikwad,"arun jaitley stadium, delhi",Chennai Super Kings,Delhi Capitals,Chennai Super Kings,bat,Chennai Super Kings,runs,77.0,224.0,20.0,N,,CB Gaffaney,NA Patwardhan
1359542,2023,Kolkata,2023-05-20,League,N Pooran,"eden gardens, kolkata",Lucknow Super Giants,Kolkata Knight Riders,Kolkata Knight Riders,field,Lucknow Super Giants,runs,1.0,177.0,20.0,N,,J Madanagopal,UV Gandhe
1359543,2023,Mumbai,2023-05-21,League,C Green,"wankhede stadium, mumbai",Sunrisers Hyderabad,Mumbai Indians,Mumbai Indians,field,Mumbai Indians,wickets,8.0,201.0,20.0,N,,KN Ananthapadmanabhan,RJ Tucker
1359544,2023,Bengaluru,2023-05-21,League,Shubman Gill,"m chinnaswamy stadium, bengaluru",Royal Challengers Bangalore,Gujarat Titans,Gujarat Titans,field,Gujarat Titans,wickets,6.0,198.0,20.0,N,,Nitin Menon,VK Sharma
1370350,2023,Chennai,2023-05-23,Qualifier 1,RD Gaikwad,"ma chidambaram stadium, chepauk, chennai",Chennai Super Kings,Gujarat Titans,Gujarat Titans,field,Chennai Super Kings,runs,15.0,173.0,20.0,N,,AK Chaudhary,CB Gaffaney
1370351,2023,Chennai,2023-05-24,Eliminator,Akash Madhwal,"ma chidambaram stadium, chepauk, chennai",Mumbai Indians,Lucknow Super Giants,Mumbai Indians,bat,Mumbai Indians,runs,81.0,183.0,20.0,N,,BNJ Oxenford,VK Sharma
1370352,2023,Ahmedabad,2023-05-26,Qualifier 2,Shubman Gill,"narendra modi stadium, ahmedabad",Gujarat Titans,Mumbai Indians,Mumbai Indians,field,Gujarat Titans,runs,62.0,234.0,20.0,N,,Nitin Menon,RJ Tucker
1370353,2023,Ahmedabad,2023-05-29,Final,DP Conway,"narendra modi stadium, ahmedabad",Gujarat Titans,Chennai Super Kings,Chennai Super Kings,field,Chennai Super Kings,wickets,5.0,171.0,15.0,N,D/L,Nitin Menon,RJ Tucker
1422119,2024,Chennai,2024-03-22,League,Mustafizur Rahman,"ma chidambaram stadium, chepauk, chennai",Royal Challengers Bengaluru,Chennai Super Kings,Royal Challengers Bengaluru,bat,Chennai Super Kings,wickets,6.0,174.0,20.0,N,,HAS Khalid,VK Sharma
1422120,2024,Mohali,2024-03-23,League,SM Curran,"maharaja yadavindra singh international cricket stadium, mullanpur",Delhi Capitals,Punjab Kings,Punjab Kings,field,Punjab Kings,wickets,4.0,175.0,20.0,N,,J Madanagopal,NA Patwardhan
1422121,2024,Kolkata,2024-03-23,League,AD Russell,"eden gardens, kolkata",Kolkata Knight Riders,Sunrisers Hyderabad,Sunrisers Hyderabad,field,Kolkata Knight Riders,runs,4.0,209.0,20.0,N,,R Pandit,YC Barde
1422122,2024,Jaipur,2024-03-24,League,SV Samson,"sawai mansingh stadium, jaipur",Rajasthan Royals,Lucknow Super Giants,Rajasthan Royals,bat,Rajasthan Royals,runs,20.0,194.0,20.0,N,,A Totre,HDPK Dharmasena
1422123,2024,Ahmedabad,2024-03-24,League,B Sai Sudharsan,"narendra modi stadium, ahmedabad",Gujarat Titans,Mumbai Indians,Mumbai Indians,field,Gujarat Titans,runs,6.0,169.0,20.0,N,,VA Kulkarni,VK Sharma
1422124,2024,Bengaluru,2024-03-25,League,V Kohli,"m chinnaswamy stadium, bengaluru",Punjab Kings,Royal Challengers Bengaluru,Royal Challengers Bengaluru,field,Royal Challengers Bengaluru,wickets,4.0,177.0,20.0,N,,AK Chaudhary,MV Saidharshan Kumar
1422125,2024,Chennai,2024-03-26,League,S Dube,"ma chidambaram stadium, chepauk, chennai",Chennai Super Kings,Gujarat Titans,Gujarat Titans,field,Chennai Super Kings,runs,63.0,207.0,20.0,N,,AG Wharf,Tapan Sharma
1422126,2024,Hyderabad,2024-03-27,League,Abhishek Sharma,"rajiv gandhi international stadium, uppal, hyderabad",Sunrisers Hyderabad,Mumbai Indians,Mumbai Indians,field,Sunrisers Hyderabad,runs,31.0,278.0,20.0,N,,KN Ananthapadmanabhan,UV Gandhe
1422127,2024,Jaipur,2024-03-28,League,R Parag,"sawai mansingh stadium, jaipur",Rajasthan Royals,Delhi Capitals,Delhi Capitals,field,Rajasthan Royals,runs,12.0,186.0,20.0,N,,A Nand Kishore,Nitin Menon
1422128,2024,Bengaluru,2024-03-29,League,SP Narine,"m chinnaswamy stadium, bengaluru",Royal Challengers Bengaluru,Kolkata Knight Riders,Kolkata Knight Riders,field,Kolkata Knight Riders,wickets,7.0,183.0,20.0,N,,AK Chaudhary,R Pandit
1422129,2024,Lucknow,2024-03-30,League,MP Yadav,"bharat ratna shri atal bihari vajpayee ekana cricket stadium, lucknow",Lucknow Super Giants,Punjab Kings,Lucknow Super Giants,bat,Lucknow Super Giants,runs,21.0,200.0,20.0,N,,J Madanagopal,Navdeep Singh
1422130,2024,Ahmedabad,2024-03-31,League,MM Sharma,"narendra modi stadium, ahmedabad",Sunrisers Hyderabad,Gujarat Titans,Sunrisers Hyderabad,bat,Gujarat Titans,wickets,7.0,163.0,20.0,N,,HAS Khalid,VK Sharma
1422131,2024,Visakhapatnam,2024-03-31,League,KK Ahmed,"dr. y.s. rajasekhara reddy aca-vdca cricket stadium, visakhapatnam",Delhi Capitals,Chennai Super Kings,Delhi Capitals,bat,Delhi Capitals,runs,20.0,192.0,20.0,N,,HDPK Dharmasena,Vinod Seshan
1422132,2024,Mumbai,2024-04-01,League,TA Boult,"wankhede stadium, mumbai",Mumbai Indians,Rajasthan Royals,Rajasthan Royals,field,Rajasthan Royals,wickets,6.0,126.0,20.0,N,,MV Saidharshan Kumar,YC Barde
1422133,2024,Bengaluru,2024-04-02,League,MP Yadav,"m chinnaswamy stadium, bengaluru",Lucknow Super Giants,Royal Challengers Bengaluru,Royal Challengers Bengaluru,field,Lucknow Super Giants,runs,28.0,182.0,20.0,N,,J Madanagopal,NA Patwardhan
1422134,2024,Visakhapatnam,2024-04-03,League,SP Narine,"dr. y.s. rajasekhara reddy aca-vdca cricket stadium, visakhapatnam",Kolkata Knight Riders,Delhi Capitals,Kolkata Knight Riders,bat,Kolkata Knight Riders,runs,106.0,273.0,20.0,N,,A Totre,UV Gandhe
1422135,2024,Ahmedabad,2024-04-04,League,Shashank Singh,"narendra modi stadium, ahmedabad",Gujarat Titans,Punjab Kings,Punjab Kings,field,Punjab Kings,wickets,3.0,200.0,20.0,N,,Nitin Menon,VA Kulkarni
1422136,2024,Hyderabad,2024-04-05,League,Abhishek Sharma,"rajiv gandhi international stadium, uppal, hyderabad",Chennai Super Kings,Sunrisers Hyderabad,Sunrisers Hyderabad,field,Sunrisers Hyderabad,wickets,6.0,166.0,20.0,N,,R Pandit,YC Barde
1422137,2024,Jaipur,2024-04-06,League,JC Buttler,"sawai mansingh stadium, jaipur",Royal Challengers Bengaluru,Rajasthan Royals,Rajasthan Royals,field,Rajasthan Royals,wickets,6.0,184.0,20.0,N,,AG Wharf,Tapan Sharma
1422138,2024,Mumbai,2024-04-07,League,R Shepherd,"wankhede stadium, mumbai",Mumbai Indians,Delhi Capitals,Delhi Capitals,field,Mumbai Indians,runs,29.0,235.0,20.0,N,,HDPK Dharmasena,UV Gandhe
1422139,2024,Lucknow,2024-04-07,League,Yash Thakur,"bharat ratna shri atal bihari vajpayee ekana cricket stadium, lucknow",Lucknow Super Giants,Gujarat Titans,Lucknow Super Giants,bat,Lucknow Super Giants,runs,33.0,164.0,20.0,N,,A Nand Kishore,VK Sharma
1426260,2024,Chennai,2024-04-08,League,RA Jadeja,"ma chidambaram stadium, chepauk, chennai",Kolkata Knight Riders,Chennai Super Kings,Chennai Super Kings,field,Chennai Super Kings,wickets,7.0,138.0,20.0,N,,AK Chaudhary,MV Saidharshan Kumar
1426261,2024,Mohali,2024-04-09,League,Nithish Kumar Reddy,"maharaja yadavindra singh international cricket stadium, mullanpur",Sunrisers Hyderabad,Punjab Kings,Punjab Kings,field,Sunrisers Hyderabad,runs,2.0,183.0,20.0,N,,Navdeep Singh,NA Patwardhan
1426262,2024,Jaipur,2024-04-10,League,Rashid Khan,"sawai mansingh stadium, jaipur",Rajasthan Royals,Gujarat Titans,Gujarat Titans,field,Gujarat Titans,wickets,3.0,197.0,20.0,N,,HDPK Dharmasena,Vinod Seshan
1426263,2024,Mumbai,2024-04-11,League,JJ Bumrah,"wankhede stadium, mumbai",Royal Challengers Bengaluru,Mumbai Indians,Mumbai Indians,field,Mumbai Indians,wickets,7.0,197.0,20.0,N,,Nitin Menon,VA Kulkarni
1426264,2024,Lucknow,2024-04-12,League,Kuldeep Yadav,"bharat ratna shri atal bihari vajpayee ekana cricket stadium, lucknow",Lucknow Super Giants,Delhi Capitals,Lucknow Super Giants,bat,Delhi Capitals,wickets,6.0,168.0,20.0,N,,R Pandit,YC Barde
1426265,2024,Mohali,2024-04-13,League,SO Hetmyer,"maharaja yadavindra singh international cricket stadium, mullanpur",Punjab Kings,Rajasthan Royals,Rajasthan Royals,field,Rajasthan Royals,wickets,3.0,148.0,20.0,N,,AK Chaudhary,Tapan Sharma
1426266,2024,Kolkata,2024-04-14,League,PD Salt,"eden gardens, kolkata",Lucknow Super Giants,Kolkata Knight Riders,Kolkata Knight Riders,field,Kolkata Knight Riders,wickets,8.0,162.0,20.0,N,,A Totre,Vinod Seshan
1426267,2024,Mumbai,2024-04-14,League,M Pathirana,"wankhede stadium, mumbai",Chennai Super Kings,Mumbai Indians,Mumbai Indians,field,Chennai Super Kings,runs,20.0,207.0,20.0,N,,Nitin Menon,HAS Khalid
1426268,2024,Bengaluru,2024-04-15,League,TM Head,"m chinnaswamy stadium, bengaluru",Sunrisers Hyderabad,Royal Challengers Bengaluru,Royal Challengers Bengaluru,field,Sunrisers Hyderabad,runs,25.0,288.0,20.0,N,,AK Chaudhary,R Pandit
1426269,2024,Kolkata,2024-04-16,League,JC Buttler,"eden gardens, kolkata",Kolkata Knight Riders,Rajasthan Royals,Rajasthan Royals,field,Rajasthan Royals,wickets,2.0,224.0,20.0,N,,MA Gough,UV Gandhe
1426270,2024,Ahmedabad,2024-04-17,League,RR Pant,"narendra modi stadium, ahmedabad",Gujarat Titans,Delhi Capitals,Delhi Capitals,field,Delhi Capitals,wickets,6.0,90.0,20.0,N,,NA Patwardhan,VK Sharma
1426271,2024,Mohali,2024-04-18,League,JJ Bumrah,"maharaja yadavindra singh international cricket stadium, mullanpur",Mumbai Indians,Punjab Kings,Punjab Kings,field,Mumbai Indians,runs,9.0,193.0,20.0,N,,A Nand Kishore,VA Kulkarni
1426272,2024,Lucknow,2024-04-19,League,KL Rahul,"bharat ratna shri atal bihari vajpayee ekana cricket stadium, lucknow",Chennai Super Kings,Lucknow Super Giants,Lucknow Super Giants,field,Lucknow Super Giants,wickets,8.0,177.0,20.0,N,,AK Chaudhary,R Pandit
1426273,2024,Delhi,2024-04-20,League,TM Head,"arun jaitley stadium, delhi",Sunrisers Hyderabad,Delhi Capitals,Delhi Capitals,field,Sunrisers Hyderabad,runs,67.0,267.0,20.0,N,,J Madanagopal,Navdeep Singh
1426274,2024,Kolkata,2024-04-21,League,AD Russell,"eden gardens, kolkata",Kolkata Knight Riders,Royal Challengers Bengaluru,Royal Challengers Bengaluru,field,Kolkata Knight Riders,runs,1.0,223.0,20.0,N,,A Totre,Vinod Seshan
1426275,2024,Mohali,2024-04-21,League,R Sai Kishore,"maharaja yadavindra singh international cricket stadium, mullanpur",Punjab Kings,Gujarat Titans,Punjab Kings,bat,Gujarat Titans,wickets,3.0,143.0,20.0,N,,A Nand Kishore,VA Kulkarni
1426276,2024,Jaipur,2024-04-22,League,Sandeep Sharma,"sawai mansingh stadium, jaipur",Mumbai Indians,Rajasthan Royals,Mumbai Indians,bat,Rajasthan Royals,wickets,9.0,180.0,20.0,N,,AK Chaudhary,MV Saidharshan Kumar
1426277,2024,Chennai,2024-04-23,League,MP Stoinis,"ma chidambaram stadium, chepauk, chennai",Chennai Super Kings,Lucknow Super Giants,Lucknow Super Giants,field,Lucknow Super Giants,wickets,6.0,211.0,20.0,N,,NA Patwardhan,Tapan Sharma
1426278,2024,Delhi,2024-04-24,League,RR Pant,"arun jaitley stadium, delhi",Delhi Capitals,Gujarat Titans,Gujarat Titans,field,Delhi Capitals,runs,4.0,225.0,20.0,N,,KN Ananthapadmanabhan,UV Gandhe
1426279,2024,Hyderabad,2024-04-25,League,RM Patidar,"rajiv gandhi international stadium, uppal, hyderabad",Royal Challengers Bengaluru,Sunrisers Hyderabad,Royal Challengers Bengaluru,bat,Royal Challengers Bengaluru,runs,35.0,207.0,20.0,N,,Nitin Menon,HAS Khalid
1426280,2024,Kolkata,2024-04-26,League,JM Bairstow,"eden gardens, kolkata",Kolkata Knight Riders,Punjab Kings,Punjab Kings,field,Punjab Kings,wickets,8.0,262.0,20.0,N,,AK Chaudhary,YC Barde
1426281,2024,Delhi,2024-04-27,League,J Fraser-McGurk,"arun jaitley stadium, delhi",Delhi Capitals,Mumbai Indians,Mumbai Indians,field,Delhi Capitals,runs,10.0,258.0,20.0,N,,Navdeep Singh,NA Patwardhan
1426282,2024,Lucknow,2024-04-27,League,SV Samson,"bharat ratna shri atal bihari vajpayee ekana cricket stadium, lucknow",Lucknow Super Giants,Rajasthan Royals,Rajasthan Royals,field,Rajasthan Royals,wickets,7.0,197.0,20.0,N,,KN Ananthapadmanabhan,MA Gough
1426283,2024,Ahmedabad,2024-04-28,League,WG Jacks,"narendra modi stadium, ahmedabad",Gujarat Titans,Royal Challengers Bengaluru,Royal Challengers Bengaluru,field,Royal Challengers Bengaluru,wickets,9.0,201.0,20.0,N,,Nitin Menon,VK Sharma
1426284,2024,Chennai,2024-04-28,League,RD Gaikwad,"ma chidambaram stadium, chepauk, chennai",Chennai Super Kings,Sunrisers Hyderabad,Sunrisers Hyderabad,field,Chennai Super Kings,runs,78.0,213.0,20.0,N,,R Pandit,MV Saidharshan Kumar
1426285,2024,Kolkata,2024-04-29,League,CV Varun,"eden gardens, kolkata",Delhi Capitals,Kolkata Knight Riders,Delhi Capitals,bat,Kolkata Knight Riders,wickets,7.0,154.0,20.0,N,,Navdeep Singh,Tapan Sharma
1426286,2024,Lucknow,2024-04-30,League,MP Stoinis,"bharat ratna shri atal bihari vajpayee ekana cricket stadium, lucknow",Mumbai Indians,Lucknow Super Giants,Lucknow Super Giants,field,Lucknow Super Giants,wickets,4.0,145.0,20.0,N,,MA Gough,UV Gandhe
1426287,2024,Chennai,2024-05-01,League,Harpreet Brar,"ma chidambaram stadium, chepauk, chennai",Chennai Super Kings,Punjab Kings,Punjab Kings,field,Punjab Kings,wickets,7.0,163.0,20.0,N,,HAS Khalid,VK Sharma
1426288,2024,Hyderabad,2024-05-02,League,B Kumar,"rajiv gandhi international stadium, uppal, hyderabad",Sunrisers Hyderabad,Rajasthan Royals,Sunrisers Hyderabad,bat,Sunrisers Hyderabad,runs,1.0,202.0,20.0,N,,AK Chaudhary,YC Barde
1426289,2024,Mumbai,2024-05-03,League,VR Iyer,"wankhede stadium, mumbai",Kolkata Knight Riders,Mumbai Indians,Mumbai Indians,field,Kolkata Knight Riders,runs,24.0,170.0,20.0,N,,J Madanagopal,Tapan Sharma
1426290,2024,Bengaluru,2024-05-04,League,Mohammed Siraj,"m chinnaswamy stadium, bengaluru",Gujarat Titans,Royal Challengers Bengaluru,Royal Challengers Bengaluru,field,Royal Challengers Bengaluru,wickets,4.0,148.0,20.0,N,,A Totre,Vinod Seshan
1426291,2024,Dharamsala,2024-05-05,League,RA Jadeja,"himachal pradesh cricket association stadium, dharamsala",Chennai Super Kings,Punjab Kings,Punjab Kings,field,Chennai Super Kings,runs,28.0,168.0,20.0,N,,A Nand Kishore,VA Kulkarni
1426292,2024,Lucknow,2024-05-05,League,SP Narine,"bharat ratna shri atal bihari vajpayee ekana cricket stadium, lucknow",Kolkata Knight Riders,Lucknow Super Giants,Lucknow Super Giants,field,Kolkata Knight Riders,runs,98.0,236.0,20.0,N,,MV Saidharshan Kumar,YC Barde
1426293,2024,Mumbai,2024-05-06,League,SA Yadav,"wankhede stadium, mumbai",Sunrisers Hyderabad,Mumbai Indians,Mumbai Indians,field,Mumbai Indians,wickets,7.0,174.0,20.0,N,,Navdeep Singh,Tapan Sharma
1426294,2024,Delhi,2024-05-07,League,Kuldeep Yadav,"arun jaitley stadium, delhi",Delhi Capitals,Rajasthan Royals,Rajasthan Royals,field,Delhi Capitals,runs,20.0,222.0,20.0,N,,KN Ananthapadmanabhan,UV Gandhe
1426295,2024,Hyderabad,2024-05-08,League,TM Head,"rajiv gandhi international stadium, uppal, hyderabad",Lucknow Super Giants,Sunrisers Hyderabad,Lucknow Super Giants,bat,Sunrisers Hyderabad,wickets,10.0,166.0,20.0,N,,MV Saidharshan Kumar,YC Barde
1426296,2024,Dharamsala,2024-05-09,League,V Kohli,"himachal pradesh cricket association stadium, dharamsala",Royal Challengers Bengaluru,Punjab Kings,Punjab Kings,field,Royal Challengers Bengaluru,runs,60.0,242.0,20.0,N,,Nitin Menon,HAS Khalid
1426297,2024,Ahmedabad,2024-05-10,League,Shubman Gill,"narendra modi stadium, ahmedabad",Gujarat Titans,Chennai Super Kings,Chennai Super Kings,field,Gujarat Titans,runs,35.0,232.0,20.0,N,,KN Ananthapadmanabhan,NA Patwardhan
1426298,2024,Kolkata,2024-05-11,League,CV Varun,"eden gardens, kolkata",Kolkata Knight Riders,Mumbai Indians,Mumbai Indians,field,Kolkata Knight Riders,runs,18.0,158.0,16.0,N,,UV Gandhe,Vinod Seshan
1426299,2024,Chennai,2024-05-12,League,Simarjeet Singh,"ma chidambaram stadium, chepauk, chennai",Rajasthan Royals,Chennai Super Kings,Rajasthan Royals,bat,Chennai Super Kings,wickets,5.0,142.0,20.0,N,,R Pandit,YC Barde
1426300,2024,Bengaluru,2024-05-12,League,C Green,"m chinnaswamy stadium, bengaluru",Royal Challengers Bengaluru,Delhi Capitals,Delhi Capitals,field,Royal Challengers Bengaluru,runs,47.0,188.0,20.0,N,,A Nand Kishore,VA Kulkarni
1426302,2024,Delhi,2024-05-14,League,I Sharma,"arun jaitley stadium, delhi",Delhi Capitals,Lucknow Super Giants,Lucknow Super Giants,field,Delhi Capitals,runs,19.0,209.0,20.0,N,,A Totre,Vinod Seshan
1426303,2024,Guwahati,2024-05-15,League,SM Curran,"barsapara cricket stadium, guwahati",Rajasthan Royals,Punjab Kings,Rajasthan Royals,bat,Punjab Kings,wickets,5.0,145.0,20.0,N,,R Pandit,MV Saidharshan Kumar
1426305,2024,Mumbai,2024-05-17,League,N Pooran,"wankhede stadium, mumbai",Lucknow Super Giants,Mumbai Indians,Mumbai Indians,field,Lucknow Super Giants,runs,18.0,215.0,20.0,N,,Navdeep Singh,R Pandit
1426306,2024,Bengaluru,2024-05-18,League,F du Plessis,"m chinnaswamy stadium, bengaluru",Royal Challengers Bengaluru,Chennai Super Kings,Chennai Super Kings,field,Royal Challengers Bengaluru,runs,27.0,219.0,20.0,N,,A Totre,KN Ananthapadmanabhan
1426307,2024,Hyderabad,2024-05-19,League,Abhishek Sharma,"rajiv gandhi international stadium, uppal, hyderabad",Punjab Kings,Sunrisers Hyderabad,Punjab Kings,bat,Sunrisers Hyderabad,wickets,4.0,215.0,20.0,N,,Nitin Menon,VK Sharma
1426309,2024,Ahmedabad,2024-05-21,Qualifier 1,MA Starc,"narendra modi stadium, ahmedabad",Sunrisers Hyderabad,Kolkata Knight Riders,Sunrisers Hyderabad,bat,Kolkata Knight Riders,wickets,8.0,160.0,20.0,N,,AK Chaudhary,R Pandit
1426310,2024,Ahmedabad,2024-05-22,Eliminator,R Ashwin,"narendra modi stadium, ahmedabad",Royal Challengers Bengaluru,Rajasthan Royals,Rajasthan Royals,field,Rajasthan Royals,wickets,4.0,173.0,20.0,N,,KN Ananthapadmanabhan,MV Saidharshan Kumar
1426311,2024,Chennai,2024-05-24,Qualifier 2,Shahbaz Ahmed,"ma chidambaram stadium, chepauk, chennai",Sunrisers Hyderabad,Rajasthan Royals,Rajasthan Royals,field,Sunrisers Hyderabad,runs,36.0,176.0,20.0,N,,Nitin Menon,VK Sharma
1426312,2024,Chennai,2024-05-26,Final,MA Starc,"ma chidambaram stadium, chepauk, chennai",Sunrisers Hyderabad,Kolkata Knight Riders,Sunrisers Hyderabad,bat,Kolkata Knight Riders,wickets,8.0,114.0,20.0,N,,J Madanagopal,Nitin Menon
