player,match_id,date,team,opponent,venue,city,season,runs,balls_faced,boundaries,got_out,innings,strike_rate,batting_first,target_runs,target_balls_faced,target_strike_rate,next_opponent,next_venue,runs_last_3,runs_last_5,runs_last_10,balls_faced_last_3,balls_faced_last_5,balls_faced_last_10,strike_rate_last_3,strike_rate_last_5,strike_rate_last_10,boundaries_last_3,boundaries_last_5,boundaries_last_10,career_runs,career_matches,career_avg_runs,career_total_balls,career_strike_rate,career_boundaries,career_boundary_percentage,career_dismissals,venue_runs_avg,venue_strike_rate_avg,venue_matches_played,venue_familiar,vs_opponent_runs_avg,vs_opponent_strike_rate_avg,vs_opponent_matches,is_home_match,days_since_last_match,season_matches,form_indicator,performance_trend,runs_std_last_10,consistency_score,boundary_dependency,momentum_score,experience_level
ST Jayasuriya,419150,2010-04-11,Mumbai Indians,Rajasthan Royals,Sawai Mansingh Stadium,Jaipur,2009/10,1,2,0,1,1,50.0,1,0.0,0.0,0.0,unknown,unknown,10.666666666666666,12.4,16.8,9.666666666666666,9.2,15.0,91.4285714285714,92.35714285714286,89.86947828226899,1.6666666666666667,2.0,2.3,767.0,29,26.448275862068964,527.0,145.54079696394686,123.0,23.33965844402277,28.0,63.66666666666666,239.5833333333333,3.0,1,41.0,138.88339647787322,4.0,0,22.0,3,-12.942601855360476,-3.8133333333333326,16.67199914693961,0.0117358590922844,0.253416149068323,15.097333333333333,intermediate
ML Hayden,419165,2010-04-25,Chennai Super Kings,Mumbai Indians,Dr DY Patil Sports Academy,Mumbai,2009/10,17,31,2,1,1,54.83870967741935,1,0.0,0.0,0.0,unknown,unknown,4.666666666666667,6.6,15.3,7.333333333333333,8.4,13.4,57.129629629629626,55.38888888888889,93.9847670250896,1.0,1.2,2.2,1090.0,31,35.16129032258065,768.0,141.92708333333331,163.0,21.223958333333336,27.0,0.0,0.0,0.0,0,39.2,132.6315789473684,5.0,0,3.0,15,-21.289262260830675,-10.466666666666665,12.454807193297766,0.22569609664338905,0.4541176470588235,15.398666666666667,intermediate
VVS Laxman,501225,2011-04-24,Kochi Tuskers Kerala,Rajasthan Royals,Sawai Mansingh Stadium,Jaipur,2011,8,10,1,0,1,80.0,1,0.0,0.0,0.0,unknown,unknown,14.0,11.2,10.4,13.333333333333334,11.8,10.3,65.07936507936508,67.14285714285714,82.48051948051948,1.6666666666666667,1.2,1.2,274.0,19,14.421052631578949,256.0,107.03125,37.0,14.453125,16.0,0.0,0.0,0.0,0,28.5,84.0909090909091,2.0,0,11.0,2,-3.628654970760234,1.2733333333333334,11.107554986484544,0.0486473172210995,0.32222222222222224,10.710666666666667,rookie
GC Smith,501241,2011-05-04,Pune Warriors,Mumbai Indians,Dr DY Patil Sports Academy,Mumbai,2011,6,12,1,1,2,50.0,0,0.0,0.0,0.0,unknown,unknown,12.0,16.0,15.0,13.0,15.6,15.9,61.90476190476189,81.95569136745607,72.49299719887956,1.6666666666666667,2.4,2.1,733.0,28,26.178571428571427,652.0,112.4233128834356,102.0,15.644171779141104,29.0,0.0,0.0,0.0,0,42.0,97.03282828282828,3.0,0,17.0,3,-13.132326821326822,-5.293333333333334,11.21506922750713,0.05046574363323828,0.5,15.117333333333331,intermediate
MV Boucher,501255,2011-05-14,Kolkata Knight Riders,Royal Challengers Bangalore,M Chinnaswamy Stadium,Bangalore,2011,1,2,0,0,1,50.0,1,0.0,0.0,0.0,unknown,unknown,6.0,6.6,10.7,4.666666666666667,5.6,8.7,116.26984126984124,111.42857142857142,107.2041847041847,0.3333333333333333,0.6,0.8,393.0,22,17.863636363636363,305.0,128.85245901639342,45.0,14.754098360655735,15.0,0.0,0.0,0.0,0,0.0,0.0,0.0,0,9.0,1,-8.266444900129112,-7.526666666666666,13.614126650080948,0.06564517175265058,0.23272727272727273,9.914666666666665,intermediate
A Symonds,501256,2011-05-14,Mumbai Indians,Deccan Chargers,Wankhede Stadium,Mumbai,2011,8,19,0,1,2,42.10526315789473,0,0.0,0.0,0.0,unknown,unknown,5.0,7.2,15.2,4.333333333333333,9.0,14.9,111.1111111111111,93.07692307692308,95.4160839160839,0.3333333333333333,0.4,1.5,966.0,36,26.83333333333333,726.0,133.05785123966942,115.0,15.84022038567493,25.0,13.75,98.14102564102564,4.0,1,30.75,148.24404761904762,4.0,1,4.0,8,-10.975103450471098,-6.179999999999999,14.02220461347724,0.14670959851157242,0.1,16.044,intermediate
SK Warne,501258,2011-05-15,Rajasthan Royals,Kochi Tuskers Kerala,Holkar Cricket Stadium,Indore,2011,2,9,0,1,1,22.22222222222222,1,0.0,0.0,0.0,unknown,unknown,2.6666666666666665,2.4,3.6,3.6666666666666665,3.8,5.9,72.22222222222223,63.33333333333335,58.58784893267652,0.3333333333333333,0.2,0.2,196.0,27,7.2592592592592595,204.0,96.07843137254902,20.0,9.803921568627452,18.0,0.0,0.0,0.0,0,3.0,33.33333333333333,1.0,0,6.0,3,-5.7429064783847386,-2.7266666666666666,5.337498373666154,0.0,0.16,2.6146666666666665,intermediate
JR Hopes,501257,2011-05-15,Delhi Daredevils,Kings XI Punjab,Himachal Pradesh Cricket Association Stadium,Dharamsala,2011,7,7,1,1,2,100.0,0,0.0,0.0,0.0,unknown,unknown,26.666666666666668,21.0,24.2,20.0,18.0,19.0,142.77777777777774,159.23809523809524,155.69047619047618,4.0,2.8,3.2,410.0,19,21.57894736842105,298.0,137.58389261744966,59.0,19.798657718120804,16.0,1.0,20.0,2.0,0,16.0,133.55263157894737,2.0,0,3.0,8,3.253048061329796,3.9666666666666672,20.810253882801785,0.07175640268251773,0.4871912401324166,24.133333333333333,rookie
S Sohal,501259,2011-05-16,Deccan Chargers,Pune Warriors,Dr DY Patil Sports Academy,Mumbai,2011,34,28,4,1,2,121.42857142857142,0,0.0,0.0,0.0,unknown,unknown,15.333333333333334,20.6,21.8,14.333333333333334,15.4,17.1,73.63636363636364,86.5151515151515,102.93508253264352,1.6666666666666667,3.0,3.1,334.0,19,17.57894736842105,261.0,127.96934865900384,48.0,18.39080459770115,17.0,0.0,0.0,0.0,0,0.0,0.0,0.0,0,2.0,9,6.007870657034745,1.4733333333333338,23.169903850565376,0.0,0.40928248222365865,22.638666666666666,rookie
M Kaif,548324,2012-04-15,Royal Challengers Bangalore,Rajasthan Royals,M Chinnaswamy Stadium,Bangalore,2012,14,16,1,1,2,87.5,0,0.0,0.0,0.0,unknown,unknown,11.0,9.8,9.4,9.333333333333334,8.2,8.8,108.91608391608392,117.34965034965036,103.66724941724942,1.3333333333333333,1.2,0.9,245.0,21,11.666666666666666,233.0,105.15021459227466,27.0,11.587982832618025,15.0,0.0,0.0,0.0,0,0.0,0.0,0.0,1,90.0,0,-2.212046783625731,-0.8933333333333332,4.993328882953067,0.37422539742022687,0.3704761904761905,9.357333333333333,intermediate
Y Nagar,548364,2012-05-12,Delhi Daredevils,Chennai Super Kings,"MA Chidambaram Stadium, Chepauk",Chennai,2012,44,47,2,0,1,93.61702127659576,1,0.0,0.0,0.0,unknown,unknown,15.333333333333334,14.0,12.0,12.0,11.2,9.6,125.95238095238096,100.8345864661654,95.703007518797,2.0,1.8,1.6,241.0,19,12.68421052631579,212.0,113.67924528301889,27.0,12.735849056603774,15.0,0.0,0.0,0.0,0,10.0,50.0,2.0,0,5.0,7,2.8472265221878232,3.72,10.176225014982498,0.2003778268820037,0.32377104377104376,15.276,rookie
HH Gibbs,548370,2012-05-16,Mumbai Indians,Kolkata Knight Riders,Wankhede Stadium,Mumbai,2012,13,24,1,1,2,54.16666666666666,0,0.0,0.0,0.0,unknown,unknown,28.666666666666668,23.0,27.1,30.0,23.0,23.9,72.11906867079281,89.93810786914236,112.73538482590206,3.333333333333333,3.0,3.6,873.0,36,24.25,781.0,111.7797695262484,113.0,14.468629961587707,31.0,0.0,0.0,0.0,0,31.666666666666668,127.5549502746835,6.0,1,2.0,2,3.144116055513115,-2.0799999999999996,18.609734609129227,0.4538867911029102,0.34840714840714837,27.372000000000003,intermediate
SC Ganguly,548375,2012-05-19,Pune Warriors,Kolkata Knight Riders,Subrata Roy Sahara Stadium,Pune,2012,5,8,0,1,2,62.5,0,0.0,0.0,0.0,unknown,unknown,17.333333333333332,22.6,20.8,19.0,24.2,21.4,76.87830687830687,81.96031746031744,83.42521367521367,2.0,2.6,2.7,1344.0,55,24.43636363636364,1249.0,107.60608486789432,179.0,14.331465172137712,53.0,15.0,75.0,1.0,0,15.166666666666666,76.84659090909092,6.0,1,6.0,14,0.2778838097817008,3.393333333333333,15.894093941531326,0.30257243599473327,0.21825396825396828,24.03066666666667,experienced
JD Ryder,548375,2012-05-19,Pune Warriors,Kolkata Knight Riders,Subrata Roy Sahara Stadium,Pune,2012,22,24,2,1,2,91.66666666666666,0,0.0,0.0,0.0,unknown,unknown,5.666666666666667,20.6,23.4,7.0,16.0,18.7,78.63247863247864,77.3549257759784,92.5313589918853,0.6666666666666666,2.6,2.9,582.0,28,20.785714285714285,431.0,135.03480278422273,86.0,19.95359628770301,28.0,0.0,0.0,0.0,0,51.0,150.0,1.0,1,6.0,10,8.350820105820105,-2.026666666666666,31.145536509176463,0.0,0.27590187590187587,25.870666666666665,intermediate
RP Singh,548379,2012-05-23,Mumbai Indians,Chennai Super Kings,M Chinnaswamy Stadium,Bangalore,2012,1,1,0,0,2,100.0,0,0.0,0.0,0.0,unknown,unknown,1.6666666666666667,1.2,1.0,2.333333333333333,2.4,2.3,86.66666666666667,72.0,52.0,0.0,0.0,0.0,51.0,27,1.8888888888888888,75.0,68.0,3.0,4.0,15.0,0.5,50.0,2.0,0,0.0,0.0,0.0,0,7.0,4,-1.2663418803418804,-0.16000000000000006,1.1547005383792506,0.0,0.0,0.784,intermediate
AL Menaria,598001,2013-04-06,Rajasthan Royals,Delhi Daredevils,Feroz Shah Kotla,Delhi,2013,1,2,0,1,1,50.0,1,0.0,0.0,0.0,unknown,unknown,15.666666666666666,19.8,18.0,13.333333333333334,17.6,16.7,118.1045751633987,113.19078742608156,98.18362900715844,1.6666666666666667,1.8,1.7,400.0,22,18.181818181818183,352.0,113.63636363636364,42.0,11.931818181818182,21.0,0.0,0.0,0.0,0,0.0,0.0,0.0,0,90.0,0,1.0061008582061213,-0.786666666666666,12.02774570177914,0.24627883806821962,0.3339682539682539,18.77466666666667,intermediate
RJ Harris,598014,2013-04-14,Kings XI Punjab,Rajasthan Royals,Sawai Mansingh Stadium,Jaipur,2013,2,3,0,0,1,66.66666666666666,1,0.0,0.0,0.0,unknown,unknown,6.0,4.0,4.9,4.333333333333333,3.2,5.1,103.33333333333331,82.0,88.08333333333334,0.6666666666666666,0.4,0.5,115.0,20,5.75,108.0,106.4814814814815,9.0,8.333333333333332,12.0,0.0,0.0,0.0,0,7.25,121.94444444444444,4.0,0,4.0,1,-1.0253138974888203,-1.4933333333333334,6.154492487425568,0.00087253963390362,0.10666666666666666,4.585333333333333,rookie
DB Ravi Teja,598013,2013-04-14,Sunrisers Hyderabad,Kolkata Knight Riders,Eden Gardens,Kolkata,2013,10,13,0,1,2,76.92307692307693,0,0.0,0.0,0.0,unknown,unknown,2.6666666666666665,19.6,14.9,2.6666666666666665,15.2,12.1,100.0,111.49051490514906,107.4198606271777,0.3333333333333333,2.4,1.7,365.0,24,15.208333333333334,302.0,120.86092715231788,44.0,14.56953642384106,19.0,0.0,0.0,0.0,0,7.0,100.0,1.0,0,9.0,1,4.883748353096179,4.186666666666666,19.38183571170584,0.06779654516981579,0.29333333333333333,20.113333333333333,intermediate
PC Valthaty,598021,2013-04-19,Kings XI Punjab,Sunrisers Hyderabad,"Rajiv Gandhi International Stadium, Uppal",Hyderabad,2013,6,17,0,1,1,35.294117647058826,1,0.0,0.0,0.0,unknown,unknown,5.333333333333333,3.4,13.4,10.0,7.2,13.4,56.66666666666665,38.0,77.16470588235293,0.6666666666666666,0.4,2.1,499.0,22,22.681818181818183,397.0,125.6926952141058,81.0,20.40302267002519,21.0,0.0,0.0,0.0,0,0.0,0.0,0.0,0,90.0,0,-16.150574162679426,-11.76,18.367846302105697,0.036886465937555304,0.2333333333333333,8.256,intermediate
TM Dilshan,598033,2013-04-27,Royal Challengers Bangalore,Mumbai Indians,Wankhede Stadium,Mumbai,2013,13,18,2,1,2,72.22222222222221,0,0.0,0.0,0.0,unknown,unknown,21.0,13.4,26.7,22.0,17.2,26.5,87.8258778258778,59.362193362193366,86.35225039510753,3.333333333333333,2.0,3.7,1140.0,49,23.26530612244898,983.0,115.97151576805696,162.0,16.480162767039673,40.0,26.0,113.0,2.0,0,0.0,0.0,0.0,0,4.0,4,-6.379091905957572,-16.119999999999997,23.912107579401862,0.044052576249692645,0.40428904428904433,16.572000000000003,intermediate
TL Suman,598042,2013-05-02,Pune Warriors,Royal Challengers Bangalore,Subrata Roy Sahara Stadium,Pune,2013,11,14,1,1,2,78.57142857142857,0,0.0,0.0,0.0,unknown,unknown,11.666666666666666,10.2,8.1,10.0,10.8,9.3,79.6825396825397,76.38095238095238,75.70573870573871,2.0,1.6,1.3,665.0,38,17.5,559.0,118.96243291592128,80.0,14.311270125223611,29.0,7.75,79.8992673992674,4.0,1,0.0,0.0,0.0,1,2.0,4,-9.752960607666491,1.1199999999999999,6.822348894951398,0.08233761419759564,0.44664031620553357,9.388,intermediate
OA Shah,598043,2013-05-03,Rajasthan Royals,Kolkata Knight Riders,Eden Gardens,Kolkata,2013,24,22,2,1,1,109.09090909090908,1,0.0,0.0,0.0,unknown,unknown,19.0,12.4,19.7,18.666666666666668,13.2,16.2,102.32974910394266,79.49308755760369,102.49224768729644,1.0,0.6,2.2,482.0,21,22.95238095238096,366.0,131.69398907103823,55.0,15.027322404371583,12.0,0.0,0.0,0.0,0,24.0,112.47863247863248,3.0,0,4.0,1,-11.364060641800581,-13.780000000000001,21.74115401209829,0.03302659832107948,0.15238095238095237,14.34,intermediate
KC Sangakkara,598051,2013-05-08,Sunrisers Hyderabad,Chennai Super Kings,"Rajiv Gandhi International Stadium, Uppal",Hyderabad,2013,3,9,0,1,2,33.33333333333333,0,0.0,0.0,0.0,unknown,unknown,11.0,12.6,13.3,13.0,14.0,15.3,85.71428571428571,84.76190476190474,80.06923223834988,1.3333333333333333,1.6,1.4,1684.0,67,25.13432835820896,1376.0,122.38372093023256,222.0,16.13372093023256,68.0,3.0,75.0,1.0,0,23.571428571428573,146.379564737621,7.0,1,4.0,8,-9.792256877657996,2.086666666666667,9.28619046398108,0.22533533897037303,0.3142857142857143,14.309333333333333,experienced
SR Tendulkar,598060,2013-05-13,Mumbai Indians,Sunrisers Hyderabad,Wankhede Stadium,Mumbai,2013,38,31,4,1,2,122.58064516129032,0,0.0,0.0,0.0,unknown,unknown,26.0,20.2,22.5,19.666666666666668,16.2,17.9,123.38217338217338,115.36263736263736,108.70206853552412,4.333333333333333,3.4,3.6,2296.0,77,29.818181818181817,1910.0,120.20942408376962,321.0,16.80628272251309,70.0,31.27272727272728,108.25519747013546,22.0,1,14.0,116.66666666666669,1.0,1,2.0,13,-11.393885368228554,-0.5600000000000005,19.306015182378307,0.035143275525089,0.5984962406015037,18.419999999999998,experienced
DB Das,598061,2013-05-15,Kolkata Knight Riders,Pune Warriors,JSCA International Stadium Complex,Ranchi,2013,8,6,1,0,2,133.33333333333331,0,0.0,0.0,0.0,unknown,unknown,15.666666666666666,13.4,10.8,16.666666666666668,13.6,10.2,96.74639086403792,90.04783451842276,122.8474466709761,2.333333333333333,1.8,1.4,296.0,21,14.095238095238097,254.0,116.53543307086612,38.0,14.960629921259844,12.0,2.0,66.66666666666666,1.0,0,21.0,119.8076923076923,2.0,0,8.0,5,-4.425807164971252,0.34666666666666635,8.766096305907464,0.1366688290104859,0.5455631833206204,10.181333333333333,intermediate
AC Gilchrist,598066,2013-05-18,Kings XI Punjab,Mumbai Indians,Himachal Pradesh Cricket Association Stadium,Dharamsala,2013,5,7,1,1,1,71.42857142857143,1,0.0,0.0,0.0,unknown,unknown,51.0,44.4,26.5,34.0,32.2,20.6,145.70922904256238,133.6755374255374,116.40443537943538,8.0,6.8,4.1,2064.0,79,26.126582278481013,1476.0,139.83739837398377,330.0,22.35772357723577,75.0,0.0,0.0,0.0,0,26.0,104.0,1.0,0,2.0,12,2.0659519600985283,14.780000000000001,25.63092749871616,0.059262057888418665,0.6530489118724413,29.24,experienced
B Chipli,598067,2013-05-19,Delhi Daredevils,Pune Warriors,Subrata Roy Sahara Stadium,Pune,2013,16,17,2,1,2,94.11764705882352,0,0.0,0.0,0.0,unknown,unknown,9.0,8.4,10.0,8.666666666666666,7.8,8.8,65.68627450980392,86.63398692810458,98.74123588829472,1.3333333333333333,1.2,1.1,264.0,20,13.2,233.0,113.30472103004293,33.0,14.163090128755366,15.0,10.0,90.9090909090909,1.0,0,0.0,0.0,0.0,0,90.0,0,-4.59860079119367,-0.206666666666667,8.232726023485643,0.2818261576897966,0.308,9.158666666666665,rookie
DPMD Jayawardene,598067,2013-05-19,Delhi Daredevils,Pune Warriors,Subrata Roy Sahara Stadium,Pune,2013,14,13,3,1,2,107.6923076923077,0,0.0,0.0,0.0,unknown,unknown,30.666666666666668,21.6,21.7,28.33333333333333,21.0,21.1,116.98440557606568,101.02397667897272,95.77854562051785,4.333333333333333,3.0,3.0,1794.0,77,23.2987012987013,1449.0,123.8095238095238,237.0,16.35610766045549,63.0,20.5,92.63888888888889,4.0,1,12.0,85.71428571428571,1.0,0,3.0,14,-5.860371358033939,-2.079999999999999,18.06193049851909,0.052633068102638736,0.6850025103895072,17.5,experienced
CL White,598071,2013-05-22,Sunrisers Hyderabad,Rajasthan Royals,Feroz Shah Kotla,Delhi,2013,31,28,5,1,1,110.71428571428572,1,0.0,0.0,0.0,unknown,unknown,15.0,11.4,16.3,9.333333333333334,7.8,13.6,78.9855072463768,85.72463768115942,81.08070016225284,2.0,1.6,1.9,940.0,44,21.363636363636363,729.0,128.9437585733882,109.0,14.9519890260631,34.0,0.0,0.0,1.0,0,22.666666666666668,121.54761904761904,3.0,0,3.0,12,-9.213038295604942,-3.3733333333333335,19.528042514405914,0.012574917549558102,0.40066016504126034,13.765333333333334,intermediate
R Dravid,598072,2013-05-24,Rajasthan Royals,Mumbai Indians,Eden Gardens,Kolkata,2013,43,37,7,1,1,116.2162162162162,1,0.0,0.0,0.0,unknown,unknown,13.666666666666666,13.4,24.2,13.0,14.8,21.7,101.3888888888889,87.97619047619048,112.75665266106444,2.333333333333333,2.0,3.7,2131.0,81,26.30864197530864,1841.0,115.75230852797394,290.0,15.752308527973929,76.0,26.0,97.11489898989898,3.0,1,30.5,103.51190476190476,2.0,0,2.0,16,-2.5108971482494686,-4.093333333333333,19.48674763354145,0.1929073273460343,0.6989598308668076,22.78933333333333,experienced
S Badrinath,598073,2013-05-26,Chennai Super Kings,Mumbai Indians,Eden Gardens,Kolkata,2013,0,3,0,1,2,0.0,0,0.0,0.0,0.0,unknown,unknown,13.333333333333334,21.6,19.8,15.666666666666666,20.2,17.6,51.94375516956163,81.60581354129741,96.74307771081963,0.6666666666666666,2.0,2.2,1441.0,64,22.515625,1205.0,119.5850622406639,182.0,15.103734439834025,47.0,39.75,128.6931818181818,4.0,1,10.125,90.93647875816993,8.0,0,21.0,6,1.2334528583599833,2.04,17.24206741921885,0.20658758815139783,0.1411764705882353,24.012,experienced
AM Nayar,729305,2014-04-26,Rajasthan Royals,Royal Challengers Bangalore,Sheikh Zayed Stadium,Abu Dhabi,2014,11,17,1,0,2,64.70588235294117,0,0.0,0.0,0.0,unknown,unknown,10.666666666666666,8.8,5.4,9.666666666666666,9.2,6.2,108.6048454469507,87.5438596491228,67.34335839598997,1.6666666666666667,1.0,0.5,661.0,49,13.489795918367347,556.0,118.88489208633092,74.0,13.309352517985612,39.0,20.33333333333333,149.47089947089947,3.0,1,9.5,67.85714285714286,2.0,0,3.0,3,-8.566358813645717,0.21999999999999975,7.026932316294065,0.0,0.5370750988142292,6.367999999999999,intermediate
CA Pujara,733973,2014-05-03,Kings XI Punjab,Mumbai Indians,Wankhede Stadium,Mumbai,2014,19,18,4,1,1,105.55555555555556,1,0.0,0.0,0.0,unknown,unknown,17.666666666666668,21.2,19.8,19.0,21.0,20.5,93.07208994708996,102.89588554720132,85.14437134502924,2.6666666666666665,2.6,2.7,371.0,21,17.666666666666668,372.0,99.73118279569891,50.0,13.440860215053762,17.0,0.0,0.0,0.0,0,0.0,0.0,0.0,0,5.0,5,3.616955624355005,4.420000000000001,16.711938513795726,0.0919471076927323,0.545563909774436,21.04,intermediate
JH Kallis,733985,2014-05-07,Kolkata Knight Riders,Delhi Daredevils,Feroz Shah Kotla,Delhi,2014,10,6,2,0,2,166.66666666666669,0,0.0,0.0,0.0,unknown,unknown,8.666666666666666,13.8,20.9,11.0,15.2,20.9,76.57828282828284,66.42316017316017,71.01263194160495,1.3333333333333333,1.4,2.1,2417.0,94,25.71276595744681,2207.0,109.5151789759855,297.0,13.457181694608064,89.0,10.666666666666666,68.05555555555556,3.0,1,41.0,151.85185185185185,1.0,0,5.0,6,-0.7419146403879765,0.26000000000000123,24.020593017011223,0.03697737655954938,0.6551301928046114,24.052,experienced
LR Shukla,733993,2014-05-10,Delhi Daredevils,Sunrisers Hyderabad,Feroz Shah Kotla,Delhi,2014,21,22,2,1,1,95.45454545454544,1,0.0,0.0,0.0,unknown,unknown,3.6666666666666665,3.2,6.2,6.333333333333333,6.8,6.8,34.92063492063492,35.3968253968254,70.76659451659452,0.3333333333333333,0.2,0.7,384.0,32,12.0,328.0,117.07317073170732,47.0,14.329268292682926,28.0,0.0,0.0,0.0,0,0.0,0.0,0.0,1,3.0,2,-5.968650352243234,-3.6333333333333337,7.269418439218127,0.08798388490106632,0.15619047619047616,6.661333333333333,intermediate
M Manhas,733995,2014-05-10,Chennai Super Kings,Mumbai Indians,Wankhede Stadium,Mumbai,2014,1,1,0,1,2,100.0,0,0.0,0.0,0.0,unknown,unknown,7.0,7.2,10.8,5.666666666666667,5.2,8.9,147.2222222222222,150.33333333333331,129.0367018602313,0.6666666666666666,0.8,1.2,513.0,37,13.864864864864863,469.0,109.38166311300638,53.0,11.300639658848617,23.0,0.0,0.0,1.0,0,0.0,0.0,0.0,0,3.0,4,-5.164247907189084,-4.546666666666667,11.717034133640178,0.027739080409590916,0.3030769230769231,9.326666666666664,intermediate
LRPL Taylor,734011,2014-05-15,Delhi Daredevils,Rajasthan Royals,"Sardar Patel Stadium, Motera",Ahmedabad,2014,4,5,0,1,2,80.0,0,0.0,0.0,0.0,unknown,unknown,18.33333333333333,13.4,15.3,18.0,14.4,15.2,92.30769230769228,83.6923076923077,99.13374783111624,2.0,1.4,1.3,1013.0,53,19.11320754716981,813.0,124.60024600246004,112.0,13.776137761377614,40.0,17.0,150.83333333333334,2.0,0,0.0,0.0,0.0,0,24.0,3,-4.37075964899748,-2.2733333333333334,11.700427342623003,0.14300426723382526,0.34108527131782945,15.769333333333332,experienced
Y Venugopal Rao,734037,2014-05-24,Sunrisers Hyderabad,Kolkata Knight Riders,Eden Gardens,Kolkata,2014,27,26,4,1,1,103.84615384615384,1,0.0,0.0,0.0,unknown,unknown,9.333333333333334,10.8,15.8,8.333333333333334,8.8,14.0,202.96296296296296,177.015873015873,141.71965899597478,1.0,1.0,1.6,958.0,52,18.423076923076923,806.0,118.85856079404466,110.0,13.647642679900745,41.0,0.0,0.0,0.0,0,15.571428571428571,97.37615041962869,7.0,0,2.0,4,-3.9540435558838936,-4.086666666666666,9.715966241192891,0.3971227126495506,0.513973063973064,14.042666666666667,experienced
BJ Hodge,734041,2014-05-25,Rajasthan Royals,Mumbai Indians,Wankhede Stadium,Mumbai,2014,29,16,3,0,1,181.25,1,0.0,0.0,0.0,unknown,unknown,24.0,29.0,22.8,18.666666666666668,21.0,16.3,106.01851851851852,119.85249042145593,111.57703886152164,2.333333333333333,3.2,2.7,1371.0,62,22.11290322580645,1096.0,125.09124087591242,162.0,14.78102189781022,46.0,25.0,150.79365079365078,2.0,0,31.0,150.2463054187192,2.0,0,2.0,3,2.553460464597805,5.486666666666666,19.048476171191336,0.10505929830348204,0.3301949534570575,24.365333333333332,experienced
DJ Hussey,734047,2014-05-30,Chennai Super Kings,Kings XI Punjab,Wankhede Stadium,Mumbai,2014,1,3,0,1,2,33.33333333333333,0,0.0,0.0,0.0,unknown,unknown,38.333333333333336,25.8,24.8,30.33333333333333,21.6,20.7,125.21769418321144,100.3687117480221,112.01372095337612,4.666666666666667,3.0,2.9,1321.0,60,22.016666666666666,1067.0,123.80506091846296,150.0,14.058106841611998,48.0,14.5,86.99665831244779,4.0,1,22.0,91.66666666666666,1.0,0,2.0,3,-0.08568417683601197,-0.46666666666666606,13.782436488355598,0.4495190625082425,0.276,22.15866666666667,experienced
DJG Sammy,829719,2015-04-13,Royal Challengers Bangalore,Sunrisers Hyderabad,M Chinnaswamy Stadium,Bangalore,2015,6,9,0,1,1,66.66666666666666,1,0.0,0.0,0.0,unknown,unknown,12.0,10.6,11.5,10.333333333333334,10.2,10.0,76.80311890838207,104.83187134502926,121.84017809675704,1.3333333333333333,1.0,1.2,289.0,19,15.210526315789474,232.0,124.56896551724137,33.0,14.224137931034484,14.0,0.0,0.0,0.0,0,0.0,0.0,0.0,1,2.0,1,-5.034409184726522,-3.793333333333333,8.63133825081603,0.32448432389002374,0.1903448275862069,10.541333333333334,rookie
MS Bisla,829745,2015-04-22,Royal Challengers Bangalore,Chennai Super Kings,M Chinnaswamy Stadium,Bangalore,2015,17,14,3,1,2,121.42857142857142,0,0.0,0.0,0.0,unknown,unknown,12.666666666666666,7.8,19.3,14.333333333333334,9.8,17.3,80.55555555555559,53.333333333333336,77.49242336610759,2.333333333333333,1.4,3.4,781.0,38,20.55263157894737,686.0,113.84839650145771,113.0,16.472303206997086,36.0,0.0,0.0,0.0,0,28.0,116.66666666666669,1.0,1,3.0,1,-11.605571108481325,-14.453333333333333,27.2113130068278,0.0,0.46117647058823535,11.089333333333332,intermediate
V Sehwag,829775,2015-05-03,Kings XI Punjab,Mumbai Indians,"Punjab Cricket Association Stadium, Mohali",Chandigarh,2015,2,5,0,1,2,40.0,0,0.0,0.0,0.0,unknown,unknown,1.0,12.2,22.8,2.6666666666666665,11.8,14.9,41.66666666666668,69.92682926829268,88.98095849379547,0.0,1.6,3.6,2726.0,103,26.466019417475728,1735.0,157.11815561959654,440.0,25.36023054755044,97.0,32.0,95.58479532163742,5.0,1,16.666666666666668,101.14081996434938,3.0,0,2.0,7,-4.35518842312558,-8.540000000000001,38.53944588196472,0.0,0.14545454545454545,20.247999999999998,veteran
RN ten Doeschate,829781,2015-05-04,Kolkata Knight Riders,Sunrisers Hyderabad,Eden Gardens,Kolkata,2015,8,7,0,1,1,114.28571428571428,1,0.0,0.0,0.0,unknown,unknown,17.666666666666668,11.4,10.5,12.333333333333334,8.2,7.1,152.38095238095238,118.09523809523807,112.71428571428572,2.333333333333333,1.6,1.4,318.0,20,15.9,228.0,139.4736842105263,41.0,17.982456140350877,16.0,0.0,0.0,0.0,0,8.666666666666666,62.22222222222223,3.0,1,2.0,4,-6.928977468180254,-1.2666666666666664,12.738829529347576,0.0,0.23859649122807017,9.590666666666667,rookie
RS Bopara,829793,2015-05-09,Sunrisers Hyderabad,Delhi Daredevils,Shaheed Veer Narayan Singh International Stadium,Raipur,2015,17,11,1,0,1,154.54545454545453,1,0.0,0.0,0.0,unknown,unknown,13.333333333333334,16.6,17.9,13.666666666666666,15.0,15.7,75.61728395061729,82.7037037037037,90.62378167641326,1.0,1.4,1.4,514.0,21,24.476190476190474,442.0,116.289592760181,54.0,12.217194570135746,19.0,0.0,0.0,0.0,0,80.5,148.18644067796612,2.0,0,2.0,7,-5.316424885743771,0.9866666666666675,15.42328686687042,0.09428669471440758,0.17595907928388743,19.18933333333333,intermediate
J Botha,829791,2015-05-09,Kolkata Knight Riders,Kings XI Punjab,Eden Gardens,Kolkata,2015,2,4,0,1,2,50.0,0,0.0,0.0,0.0,unknown,unknown,17.333333333333332,10.8,8.2,10.333333333333334,8.0,7.0,218.3333333333333,143.85714285714283,127.52380952380952,3.333333333333333,2.0,1.3,407.0,27,15.074074074074074,354.0,114.97175141242936,44.0,12.429378531073446,21.0,0.0,0.0,0.0,0,5.0,39.28571428571429,2.0,1,2.0,2,-7.955409017713366,1.4066666666666667,7.33030240394851,0.19335148415155973,0.4606990622335891,8.201333333333334,intermediate
Azhar Mahmood,829811,2015-05-16,Kolkata Knight Riders,Rajasthan Royals,Brabourne Stadium,Mumbai,2015,6,7,1,1,2,85.71428571428571,0,0.0,0.0,0.0,unknown,unknown,50.0,32.2,19.6,32.666666666666664,23.6,15.4,133.276479617943,99.52632733120538,82.69173509417412,7.333333333333333,4.6,2.7,382.0,20,19.1,296.0,129.05405405405406,51.0,17.22972972972973,18.0,10.0,142.85714285714286,1.0,0,0.0,0.0,0.0,0,90.0,0,-1.2914146886824909,6.76,27.996825216838825,0.0,0.549143897996357,17.832,rookie
MEK Hussey,829823,2015-05-24,Chennai Super Kings,Mumbai Indians,Eden Gardens,Kolkata,2015,4,9,1,1,2,44.44444444444444,0,0.0,0.0,0.0,unknown,unknown,24.33333333333333,26.8,26.3,20.33333333333333,21.0,21.5,97.39789196310936,122.07509881422924,103.96573233529756,2.333333333333333,3.0,2.9,1973.0,57,34.6140350877193,1601.0,123.23547782635852,249.0,15.552779512804497,51.0,28.2,115.7109557109557,5.0,1,45.0,173.0769230769231,1.0,0,2.0,3,-5.901641408170703,2.8733333333333335,23.30974998674256,0.03475259363632482,0.473992673992674,26.370666666666665,experienced
KP Pietersen,980931,2016-04-22,Rising Pune Supergiants,Royal Challengers Bangalore,Maharashtra Cricket Association Stadium,Pune,2016,0,1,0,1,2,0.0,0,0.0,0.0,0.0,unknown,unknown,24.33333333333333,35.0,31.1,20.0,26.4,24.2,123.11827956989248,130.5507474429583,122.6104589201079,2.333333333333333,4.6,4.1,1001.0,35,28.6,741.0,135.08771929824562,131.0,17.67881241565452,28.0,26.5,127.21774193548389,2.0,0,16.0,94.11764705882352,1.0,0,5.0,3,8.915581622678394,10.053333333333331,16.940746408847783,0.3419331340589601,0.3718599387564905,35.82266666666667,intermediate
JA Morkel,980939,2016-04-24,Rising Pune Supergiants,Kolkata Knight Riders,Maharashtra Cricket Association Stadium,Pune,2016,16,9,2,1,1,177.77777777777777,1,0.0,0.0,0.0,unknown,unknown,28.666666666666668,20.6,16.4,21.666666666666668,14.8,13.2,160.9090909090909,156.54545454545456,130.74662837162836,3.6666666666666665,2.6,1.9,959.0,66,14.530303030303031,674.0,142.28486646884272,114.0,16.913946587537094,39.0,12.0,168.33333333333334,3.0,1,9.9,106.42740429505136,10.0,0,90.0,0,2.5872037505505245,7.186666666666667,20.881677242128912,0.15536003848814434,0.4586301369863014,18.817333333333334,experienced
A Ashish Reddy,980953,2016-04-30,Sunrisers Hyderabad,Royal Challengers Bangalore,"Rajiv Gandhi International Stadium, Uppal",Hyderabad,2016,2,3,0,0,1,66.66666666666666,1,0.0,0.0,0.0,unknown,unknown,20.666666666666668,18.0,17.3,13.666666666666666,11.0,10.5,151.2037037037037,165.72222222222223,159.6161616161616,2.333333333333333,2.2,2.1,278.0,22,12.636363636363637,190.0,146.31578947368422,31.0,16.315789473684212,15.0,0.0,0.0,0.0,0,13.25,117.36111111111111,4.0,1,14.0,2,3.4119002050580995,1.2800000000000005,10.111050060865752,0.373390504327366,0.3669306184012066,16.264,intermediate
UBT Chand,980985,2016-05-13,Mumbai Indians,Kings XI Punjab,Dr. Y.S. Rajasekhara Reddy ACA-VDCA Cricket Stadium,Visakhapatnam,2016,0,4,0,1,1,0.0,1,0.0,0.0,0.0,unknown,unknown,10.666666666666666,20.4,18.5,9.666666666666666,16.6,17.0,115.04329004329004,114.49497243614891,100.65863183574182,1.3333333333333333,3.0,2.7,300.0,19,15.789473684210526,295.0,101.69491525423727,41.0,13.898305084745765,19.0,2.5,62.5,2.0,0,17.0,73.91304347826086,1.0,0,90.0,0,2.545569315445476,-0.8133333333333329,17.494443562330172,0.13894519297934244,0.4737552103069344,19.017333333333333,rookie
M Morkel,981001,2016-05-19,Kolkata Knight Riders,Gujarat Lions,Green Park,Kanpur,2016,1,1,0,0,1,100.0,1,0.0,0.0,0.0,unknown,unknown,2.6666666666666665,8.0,6.6,2.333333333333333,4.2,3.7,88.88888888888887,156.33333333333331,118.7222222222222,0.0,1.0,0.9,125.0,19,6.578947368421052,88.0,142.04545454545453,16.0,18.181818181818183,11.0,10.0,125.0,1.0,0,0.0,0.0,0.0,0,90.0,0,1.634128826969384,0.046666666666666766,8.566082989195108,0.0,0.12307692307692308,7.773333333333333,rookie
GJ Bailey,981005,2016-05-21,Rising Pune Supergiants,Kings XI Punjab,Dr. Y.S. Rajasekhara Reddy ACA-VDCA Cricket Stadium,Visakhapatnam,2016,9,11,2,1,2,81.81818181818183,0,0.0,0.0,0.0,unknown,unknown,25.0,17.4,14.7,28.0,18.6,15.1,84.76034858387798,85.14192343604108,90.38661828367712,3.0,2.2,1.6,654.0,35,18.685714285714287,530.0,123.39622641509432,76.0,14.339622641509434,28.0,8.0,78.57142857142857,2.0,0,18.25,125.313995215311,4.0,0,4.0,4,-5.366528243262115,0.9466666666666669,11.860766323378,0.12797897569947053,0.4688651218062983,15.169333333333332,intermediate
NLTC Perera,981005,2016-05-21,Rising Pune Supergiants,Kings XI Punjab,Dr. Y.S. Rajasekhara Reddy ACA-VDCA Cricket Stadium,Visakhapatnam,2016,23,14,3,1,2,164.28571428571428,0,0.0,0.0,0.0,unknown,unknown,14.666666666666666,14.0,13.0,10.666666666666666,9.0,8.5,141.3170163170163,181.45687645687647,158.39022089022086,1.3333333333333333,1.4,1.5,401.0,29,13.827586206896552,292.0,137.32876712328766,46.0,15.753424657534246,23.0,4.0,80.0,1.0,0,0.0,0.0,0.0,0,7.0,9,-0.6152478071098759,0.35333333333333317,8.730533902472525,0.25481174124182004,0.4415165397262584,12.510666666666665,intermediate
R Sathish,981015,2016-05-25,Kolkata Knight Riders,Sunrisers Hyderabad,Feroz Shah Kotla,Delhi,2016,8,9,0,1,2,88.88888888888889,0,0.0,0.0,0.0,unknown,unknown,12.666666666666666,15.0,12.5,9.333333333333334,10.4,9.1,126.64835164835164,143.76678876678878,123.55006105006105,1.6666666666666667,2.0,1.6,262.0,23,11.391304347826088,221.0,118.55203619909504,28.0,12.669683257918551,15.0,0.0,0.0,0.0,0,25.0,138.88888888888889,1.0,0,25.0,2,3.5000303129364916,3.4866666666666672,9.168181692983376,0.24277127636828064,0.45575757575757575,14.885333333333332,intermediate
R Bhatia,1082599,2017-04-11,Rising Pune Supergiant,Delhi Daredevils,Maharashtra Cricket Association Stadium,Pune,2017,16,17,1,1,2,94.11764705882352,0,0.0,0.0,0.0,unknown,unknown,4.333333333333333,6.8,5.7,2.333333333333333,4.0,3.8,158.33333333333334,133.1818181818182,164.0909090909091,0.3333333333333333,0.6,0.6,326.0,46,7.086956521739131,267.0,122.09737827715357,36.0,13.48314606741573,28.0,7.0,119.04761904761904,2.0,0,4.0,133.33333333333331,1.0,1,90.0,0,-1.5798430644740051,-1.6400000000000001,6.18331087147762,0.019394825288590718,0.21507936507936506,6.0440000000000005,intermediate
AD Mathews,1082611,2017-04-19,Delhi Daredevils,Sunrisers Hyderabad,"Rajiv Gandhi International Stadium, Uppal",Hyderabad,2017,31,23,3,1,2,134.7826086956522,0,0.0,0.0,0.0,unknown,unknown,8.0,10.4,11.8,7.333333333333333,9.8,9.3,68.33333333333331,83.82352941176471,110.13146167557936,1.0,1.2,1.4,693.0,40,17.325,550.0,126.0,70.0,12.727272727272728,30.0,19.0,105.55555555555556,1.0,0,14.333333333333334,117.67676767676768,3.0,0,2.0,1,-5.156776270197324,-3.9666666666666663,9.589345939924964,0.29299441033865203,0.2531769305962854,12.554666666666666,intermediate
AP Tare,1082614,2017-04-22,Delhi Daredevils,Mumbai Indians,Wankhede Stadium,Mumbai,2017,0,1,0,1,2,0.0,0,0.0,0.0,0.0,unknown,unknown,8.666666666666666,6.6,6.2,12.0,9.4,6.7,54.34173669467788,46.60504201680673,117.46918767507002,1.3333333333333333,0.8,0.9,339.0,26,13.038461538461538,271.0,125.09225092250922,51.0,18.81918819188192,23.0,18.5,241.8543543543544,6.0,1,0.0,0.0,0.0,0,11.0,2,-7.601885983581636,-0.5866666666666667,6.124631508189794,0.2012580586667366,0.2333333333333333,6.338666666666667,intermediate
IK Pathan,1082625,2017-04-29,Gujarat Lions,Mumbai Indians,Saurashtra Cricket Association Stadium,Rajkot,2017,2,3,0,1,1,66.66666666666666,1,0.0,0.0,0.0,unknown,unknown,3.6666666666666665,7.0,9.0,4.333333333333333,6.8,9.5,84.72222222222224,85.04385964912281,96.64891395154552,0.0,0.4,0.7,1148.0,81,14.17283950617284,944.0,121.61016949152544,126.0,13.347457627118644,52.0,11.666666666666666,110.92592592592592,3.0,1,23.0,76.66666666666667,1.0,1,90.0,0,-5.512003313923145,-0.046666666666666856,9.63788819653398,0.005457663876990459,0.06956521739130433,9.206666666666667,experienced
DR Smith,1082643,2017-05-13,Gujarat Lions,Sunrisers Hyderabad,Green Park,Kanpur,2017,54,33,9,1,1,163.63636363636363,1,0.0,0.0,0.0,unknown,unknown,30.33333333333333,19.0,18.5,17.0,11.2,12.3,171.58119658119654,122.94871794871791,105.84472934472932,5.0,3.2,3.1,2331.0,87,26.79310344827586,1722.0,135.3658536585366,353.0,20.499419279907087,80.0,26.53846153846154,107.18590145412357,13.0,1,28.77777777777778,103.58983446647407,9.0,0,3.0,10,-15.863634671711988,-5.2666666666666675,25.42636427018223,0.0,0.5408408408408408,13.942666666666664,experienced
JP Faulkner,1082643,2017-05-13,Gujarat Lions,Sunrisers Hyderabad,Green Park,Kanpur,2017,8,10,1,1,1,80.0,1,0.0,0.0,0.0,unknown,unknown,7.0,9.2,12.3,6.0,9.2,10.4,98.015873015873,114.96336996336996,125.92328042328045,0.3333333333333333,0.6,1.0,519.0,44,11.795454545454543,375.0,138.39999999999998,58.0,15.466666666666669,27.0,17.5,141.9871794871795,2.0,0,10.833333333333334,174.093567251462,6.0,0,3.0,5,0.15780358892383833,-2.046666666666667,9.79852596624161,0.19296773235536005,0.2333333333333333,11.266666666666667,intermediate
P Kumar,1082643,2017-05-13,Gujarat Lions,Sunrisers Hyderabad,Green Park,Kanpur,2017,1,2,0,1,1,50.0,1,0.0,0.0,0.0,unknown,unknown,3.0,6.0,4.7,4.333333333333333,6.0,5.7,58.333333333333336,88.07692307692307,68.2051282051282,0.0,0.6,0.4,339.0,56,6.053571428571429,310.0,109.3548387096774,39.0,12.580645161290322,33.0,8.666666666666666,79.36507936507935,3.0,1,3.6,86.66666666666666,5.0,0,34.0,1,-0.7353498039347095,1.0533333333333332,5.2925524193068805,0.0,0.13333333333333333,5.002666666666667,experienced
SE Marsh,1082645,2017-05-14,Kings XI Punjab,Rising Pune Supergiant,Maharashtra Cricket Association Stadium,Pune,2017,10,13,2,1,1,76.92307692307693,1,0.0,0.0,0.0,unknown,unknown,31.33333333333333,39.6,34.0,22.666666666666668,26.8,25.0,137.18346253229973,140.12520356980002,123.27688749918572,3.333333333333333,5.8,4.8,2479.0,68,36.45588235294117,1853.0,133.78305450620616,345.0,18.6184565569347,64.0,48.6,132.6115084331605,5.0,1,19.666666666666668,77.54901960784314,3.0,0,3.0,7,1.8913335535915679,7.306666666666667,24.055491403558296,0.2499591886358393,0.5722131661442006,39.01733333333333,experienced
Z Khan,1082646,2017-05-14,Delhi Daredevils,Royal Challengers Bangalore,Feroz Shah Kotla,Delhi,2017,1,1,0,0,2,100.0,0,0.0,0.0,0.0,unknown,unknown,1.6666666666666667,2.0,1.8,5.333333333333333,5.4,4.2,56.06060606060606,52.525252525252526,52.92929292929292,0.0,0.2,0.2,116.0,26,4.461538461538462,139.0,83.45323741007195,13.0,9.352517985611511,15.0,0.0,0.0,0.0,0,0.0,0.0,0.0,1,8.0,2,-2.2839190230059794,-0.9800000000000001,2.201009869229225,0.0,0.2,2.7359999999999998,intermediate
SL Malinga,1082647,2017-05-16,Mumbai Indians,Rising Pune Supergiant,Wankhede Stadium,Mumbai,2017,7,2,1,0,2,350.0,0,0.0,0.0,0.0,unknown,unknown,2.6666666666666665,1.6,3.4,5.0,3.8,4.9,36.66666666666666,22.0,47.98863636363636,0.3333333333333333,0.2,0.4,81.0,19,4.2631578947368425,97.0,83.50515463917526,10.0,10.309278350515465,12.0,2.8,80.0,5.0,1,3.5,70.0,2.0,1,17.0,1,-3.2408178534571723,-2.98,5.420127099780759,0.0,0.24761904761904763,1.9600000000000002,rookie
LMP Simmons,1082650,2017-05-21,Mumbai Indians,Rising Pune Supergiant,"Rajiv Gandhi International Stadium, Uppal",Hyderabad,2017,3,8,0,1,1,37.5,1,0.0,0.0,0.0,unknown,unknown,2.6666666666666665,13.6,32.3,8.0,12.2,25.0,29.48717948717949,58.56730769230769,93.99612741909252,0.0,1.8,4.4,1076.0,28,38.42857142857143,840.0,128.09523809523807,153.0,18.21428571428571,26.0,32.75,109.04008126476552,12.0,1,55.66666666666666,122.17316017316016,3.0,0,2.0,6,-11.081580382580382,-15.1,31.012721404109136,0.19867863801298352,0.12203389830508475,27.476,intermediate
R Vinay Kumar,1136563,2018-04-08,Kolkata Knight Riders,Royal Challengers Bangalore,Eden Gardens,Kolkata,2018,6,3,1,0,2,200.0,0,0.0,0.0,0.0,unknown,unknown,4.333333333333333,2.6,8.0,4.333333333333333,3.0,6.0,69.69696969696969,41.81818181818181,99.34498834498832,0.3333333333333333,0.2,0.9,304.0,41,7.414634146341464,271.0,112.1771217712177,29.0,10.70110701107011,26.0,8.666666666666666,43.333333333333336,3.0,1,7.0,175.0,1.0,1,90.0,0,-1.474786441917379,-5.086666666666667,9.877021593352705,0.0,0.2,5.046666666666667,intermediate
G Gambhir,1136582,2018-04-23,Delhi Daredevils,Kings XI Punjab,Arun Jaitley Stadium,Delhi,2018,4,13,0,1,2,30.76923076923077,0,0.0,0.0,0.0,unknown,unknown,8.666666666666666,18.6,19.2,11.0,18.0,17.8,79.34523809523809,89.79761904761905,100.69193817878028,1.0,2.2,2.3,4213.0,150,28.086666666666662,3381.0,124.60810411120973,551.0,16.296953564034308,134.0,22.571428571428573,92.71772538639104,7.0,1,26.545454545454547,104.25459841380558,11.0,1,2.0,4,-5.703591035179629,-1.3466666666666662,15.208184930782798,0.2233274182183289,0.29393939393939394,23.382666666666665,veteran
CJ Anderson,1136584,2018-04-25,Royal Challengers Bangalore,Chennai Super Kings,M.Chinnaswamy Stadium,Bengaluru,2018,2,8,0,1,1,25.0,1,0.0,0.0,0.0,unknown,unknown,6.0,5.4,11.6,7.666666666666667,6.8,10.8,49.57264957264957,61.74358974358972,86.6551282051282,0.3333333333333333,0.4,1.2,536.0,28,19.142857142857142,413.0,129.78208232445522,71.0,17.191283292978206,21.0,23.285714285714285,129.78664192949907,7.0,1,1.0,12.5,1.0,0,4.0,2,-9.73118966218966,-6.786666666666667,12.321616055624457,0.0,0.05333333333333332,8.630666666666666,intermediate
MG Johnson,1136586,2018-04-27,Kolkata Knight Riders,Delhi Daredevils,Arun Jaitley Stadium,Delhi,2018,12,6,2,0,2,200.0,0,0.0,0.0,0.0,unknown,unknown,8.0,5.8,5.6,7.0,7.0,5.8,142.06349206349205,101.90476190476188,103.6904761904762,0.6666666666666666,0.4,0.4,155.0,27,5.7407407407407405,157.0,98.72611464968152,15.0,9.554140127388536,14.0,4.166666666666667,86.34920634920634,6.0,1,4.0,66.66666666666666,2.0,0,13.0,1,-1.1557880589619718,0.5866666666666667,4.575295983139596,0.0712006037234161,0.3091575091575091,4.773333333333333,intermediate
NV Ojha,1136596,2018-05-05,Delhi Daredevils,Sunrisers Hyderabad,Rajiv Gandhi International Stadium,Hyderabad,2018,1,4,0,1,1,25.0,1,0.0,0.0,0.0,unknown,unknown,19.666666666666668,15.8,13.4,15.0,13.0,12.5,123.33333333333331,114.0,112.2063492063492,1.6666666666666667,1.0,0.9,1553.0,93,16.698924731182796,1304.0,119.09509202453988,200.0,15.337423312883436,73.0,7.666666666666667,66.98412698412699,3.0,1,0.0,0.0,0.0,0,90.0,0,-4.211915321967327,3.306666666666666,8.016649341630664,0.44865329598334236,0.2094771241830065,13.349333333333334,experienced
BB McCullum,1136595,2018-05-05,Royal Challengers Bangalore,Chennai Super Kings,Maharashtra Cricket Association Stadium,Pune,2018,5,3,1,1,1,166.66666666666669,1,0.0,0.0,0.0,unknown,unknown,26.33333333333333,24.4,18.4,18.666666666666668,16.8,13.3,129.96031746031747,109.82804232804232,99.91402116402116,4.333333333333333,4.2,3.0,2877.0,108,26.63888888888889,2173.0,132.3976069949379,422.0,19.420156465715603,105.0,26.33333333333333,122.33951355661884,6.0,1,34.833333333333336,133.82677538094688,6.0,0,4.0,5,-6.793274485854278,-3.4333333333333322,19.47191710016131,0.03609709716635358,0.616045519203414,20.685333333333332,veteran
JP Duminy,1136597,2018-05-06,Mumbai Indians,Kolkata Knight Riders,Wankhede Stadium,Mumbai,2018,13,11,1,0,1,118.1818181818182,1,0.0,0.0,0.0,unknown,unknown,18.0,19.4,28.1,19.33333333333333,19.8,22.7,97.54789272030654,99.77873563218392,125.53831576736548,1.6666666666666667,1.4,2.6,2016.0,74,27.24324324324324,1620.0,124.44444444444444,204.0,12.592592592592592,49.0,26.5,123.062343358396,4.0,1,22.5,155.01016260162604,4.0,1,5.0,1,-3.264572073520559,-7.126666666666665,20.458358791565967,0.21998235585238524,0.35897685718657585,22.790666666666667,experienced
MK Tiwary,1136616,2018-05-20,Kings XI Punjab,Chennai Super Kings,Maharashtra Cricket Association Stadium,Pune,2018,35,30,4,1,1,116.66666666666669,1,0.0,0.0,0.0,unknown,unknown,4.0,15.4,19.8,4.666666666666667,13.8,16.5,169.16666666666666,143.68085106382978,124.63407632556569,0.3333333333333333,1.6,2.3,1660.0,82,20.24390243902439,1414.0,117.3974540311174,192.0,13.578500707213578,60.0,27.666666666666668,96.23079723636778,6.0,1,16.333333333333332,189.8076923076923,3.0,0,4.0,3,4.239986416879748,1.4999999999999993,24.12836044528882,0.01827858769497872,0.4057142857142857,23.264000000000003,experienced
GH Vihari,1175368,2019-04-01,Delhi Capitals,Kings XI Punjab,Punjab Cricket Association IS Bindra Stadium,Chandigarh,2019,2,5,0,1,2,40.0,0,0.0,0.0,0.0,unknown,unknown,5.333333333333333,8.2,11.3,6.666666666666667,7.4,13.0,92.2222222222222,113.38888888888889,87.56948156948155,0.3333333333333333,1.2,1.1,282.0,22,12.818181818181818,314.0,89.80891719745223,24.0,7.643312101910828,19.0,41.0,110.8108108108108,1.0,0,44.0,95.65217391304348,1.0,0,2.0,1,-3.425858585858586,-4.193333333333333,11.87013058057914,0.03311540670607126,0.2777777777777778,9.545333333333334,intermediate
Yuvraj Singh,1175370,2019-04-03,Mumbai Indians,Chennai Super Kings,Wankhede Stadium,Mumbai,2019,4,6,0,1,1,66.66666666666666,1,0.0,0.0,0.0,unknown,unknown,31.33333333333333,21.8,16.8,23.0,17.2,15.1,141.63780663780665,111.64935064935068,104.8991302814832,4.333333333333333,2.8,2.3,2750.0,125,22.0,2109.0,130.39355144618304,367.0,17.401612138454244,108.0,17.444444444444443,84.71139971139971,9.0,1,11.5,70.1826923076923,4.0,1,4.0,3,-4.633857774405566,2.7666666666666666,14.428367120980058,0.0520563244685325,0.3139914319569775,19.389333333333333,veteran
P Negi,1178424,2019-04-30,Royal Challengers Bangalore,Rajasthan Royals,M.Chinnaswamy Stadium,Bengaluru,2019,4,3,1,1,1,133.33333333333331,1,0.0,0.0,0.0,unknown,unknown,1.6666666666666667,1.6,8.5,3.0,2.8,7.5,27.777777777777786,31.666666666666668,87.13354037267081,0.0,0.0,1.0,361.0,34,10.617647058823527,285.0,126.66666666666666,42.0,14.736842105263156,25.0,19.0,126.08695652173914,2.0,0,0.0,0.0,0.0,0,9.0,3,-4.616212696222183,-8.440000000000001,11.452801695072983,0.024675645445115017,0.2,5.756,intermediate
STR Binny,1178428,2019-05-04,Rajasthan Royals,Delhi Capitals,Arun Jaitley Stadium,Delhi,2019,0,1,0,1,1,0.0,1,0.0,0.0,0.0,unknown,unknown,12.333333333333334,14.0,11.5,9.333333333333334,8.4,8.5,140.3846153846154,144.23076923076923,117.19941822883,1.3333333333333333,1.8,1.3,880.0,65,13.538461538461538,681.0,129.22173274596182,101.0,14.831130690161526,43.0,23.0,153.79310344827587,2.0,0,13.375,97.41854636591478,8.0,0,9.0,4,-1.3368225497327164,2.0066666666666673,10.564615994493645,0.07900350472386881,0.39243563454089764,12.253333333333334,experienced
C de Grandhomme,1178429,2019-05-04,Royal Challengers Bangalore,Sunrisers Hyderabad,M.Chinnaswamy Stadium,Bengaluru,2019,3,4,0,0,2,75.0,0,0.0,0.0,0.0,unknown,unknown,14.333333333333334,17.0,16.3,15.0,13.0,12.1,70.28769841269842,102.56477591036416,124.05058718889856,2.0,2.2,1.9,300.0,20,15.0,220.0,136.36363636363637,36.0,16.363636363636363,15.0,0.0,0.0,0.0,0,25.6,116.94244421906694,5.0,0,34.0,3,1.5605495356037142,-0.7466666666666661,15.449199907366651,0.07362336548838398,0.3081081081081081,15.254666666666665,rookie
PA Patel,1178429,2019-05-04,Royal Challengers Bangalore,Sunrisers Hyderabad,M.Chinnaswamy Stadium,Bengaluru,2019,0,3,0,1,2,0.0,0,0.0,0.0,0.0,unknown,unknown,30.0,30.8,23.5,15.666666666666666,19.0,15.7,183.4848484848485,158.73955773955774,140.89755664755666,6.0,5.2,3.9,2848.0,136,20.94117647058824,2347.0,121.34639965913934,414.0,17.63953983809118,126.0,21.347826086956523,105.4664192849834,23.0,1,16.272727272727273,99.57376751494398,11.0,0,4.0,14,4.777907014012092,5.22,17.1221104618171,0.22862406390015533,0.5221104623035295,28.195999999999998,veteran
YK Pathan,1178429,2019-05-04,Sunrisers Hyderabad,Royal Challengers Bangalore,M.Chinnaswamy Stadium,Bengaluru,2019,3,4,0,1,1,75.0,1,0.0,0.0,0.0,unknown,unknown,4.666666666666667,7.2,11.1,6.333333333333333,7.4,10.6,68.93939393939394,88.03030303030303,82.07672786983132,0.3333333333333333,0.4,1.1,3219.0,152,21.17763157894737,2229.0,144.41453566621803,424.0,19.02198295199641,110.0,26.11111111111111,132.59360569705396,9.0,1,28.6,139.77151834678256,10.0,0,11.0,6,-9.202799687298677,-3.633333333333333,14.066903631495428,0.019879597463837002,0.08888888888888888,11.153333333333332,veteran
DW Steyn,1216510,2020-09-24,Royal Challengers Bangalore,Kings XI Punjab,Dubai International Cricket Stadium,Unknown,2020/21,1,2,0,0,2,50.0,0,0.0,0.0,0.0,unknown,unknown,7.0,4.4,4.8,4.666666666666667,3.4,4.7,107.57575757575758,74.54545454545455,79.3560606060606,1.0,0.6,0.4,166.0,32,5.1875,158.0,105.0632911392405,17.0,10.759493670886076,22.0,3.0,60.0,1.0,0,0.0,0.0,0.0,0,90.0,0,-0.031063748079876975,-1.0799999999999998,6.460134157533676,0.02886644367188266,0.12631578947368421,5.24,intermediate
M Vijay,1216539,2020-09-25,Chennai Super Kings,Delhi Capitals,Dubai International Cricket Stadium,Unknown,2020/21,10,15,1,1,2,66.66666666666666,0,0.0,0.0,0.0,unknown,unknown,16.0,19.6,32.2,18.0,19.8,26.9,71.4285714285714,88.57142857142857,109.674608660488,2.0,2.2,4.0,2609.0,104,25.08653846153846,2132.0,122.3733583489681,337.0,15.806754221388369,96.0,13.6,98.27586206896552,5.0,1,22.83333333333333,105.3030303030303,6.0,0,3.0,2,1.2876134409249906,-7.9333333333333345,27.78408817210952,0.17486278362495958,0.370803932909196,27.50933333333333,veteran
SR Watson,1216536,2020-10-29,Chennai Super Kings,Kolkata Knight Riders,Dubai International Cricket Stadium,Unknown,2020/21,14,19,2,1,2,73.68421052631578,0,0.0,0.0,0.0,unknown,unknown,28.666666666666668,30.0,28.5,23.0,25.4,22.8,168.5881370091897,141.70843776106935,120.64554861997765,4.0,4.4,4.4,3866.0,140,27.61428571428572,2782.0,138.9647735442128,565.0,20.309130122214235,125.0,33.7,108.3154494014924,10.0,1,30.823529411764707,114.19876773197971,17.0,0,10.0,10,8.650449816369472,3.9866666666666655,25.57885411385304,0.131440491874574,0.6952380952380952,36.465333333333334,veteran
Gurkeerat Singh,1216502,2020-10-31,Royal Challengers Bangalore,Sunrisers Hyderabad,Sharjah Cricket Stadium,Unknown,2020/21,15,24,1,0,1,62.5,1,0.0,0.0,0.0,unknown,unknown,12.333333333333334,24.2,25.0,13.0,20.8,19.4,102.6806526806527,111.04466611819552,130.23285937488723,2.0,3.2,3.2,496.0,31,16.0,398.0,124.62311557788944,65.0,16.331658291457288,27.0,0.0,0.0,0.0,0,28.0,118.02083333333334,4.0,0,3.0,4,12.018491151249773,0.82,19.425069712444618,0.16097124882281313,0.3621052631578947,25.68,intermediate
DS Kulkarni,1216495,2020-11-03,Mumbai Indians,Sunrisers Hyderabad,Sharjah Cricket Stadium,Unknown,2020/21,3,2,0,0,1,150.0,1,0.0,0.0,0.0,unknown,unknown,3.6666666666666665,3.0,4.2,3.333333333333333,2.8,3.7,113.8888888888889,108.33333333333331,124.16666666666669,0.3333333333333333,0.2,0.4,101.0,19,5.315789473684211,106.0,95.28301886792453,9.0,8.49056603773585,9.0,0.0,0.0,0.0,0,3.5,97.91666666666669,4.0,0,90.0,0,-1.4156088751289988,-1.7,2.616188916046483,0.1892303285517516,0.16,4.096,rookie
SP Goswami,1237180,2020-11-08,Sunrisers Hyderabad,Delhi Capitals,Sheikh Zayed Stadium,Abu Dhabi,2020/21,0,1,0,1,2,0.0,0,0.0,0.0,0.0,unknown,unknown,5.666666666666667,11.0,12.1,5.333333333333333,8.8,10.8,86.1111111111111,99.66666666666666,87.09163059163059,0.6666666666666666,1.4,1.2,293.0,20,14.65,292.0,100.34246575342463,35.0,11.986301369863012,19.0,4.0,44.44444444444444,3.0,1,1.0,50.0,1.0,0,2.0,1,-2.513769349845201,1.7733333333333334,12.332882874656676,0.0,0.24761904761904763,12.726666666666667,rookie
CA Lynn,1254058,2021-04-09,Mumbai Indians,Royal Challengers Bangalore,"MA Chidambaram Stadium, Chepauk, Chennai",Chennai,2021,49,35,7,2,1,140.0,1,0.0,0.0,0.0,unknown,unknown,47.0,38.4,36.8,26.33333333333333,25.8,24.9,180.57545902373488,130.0474030738154,116.06046624279006,8.0,5.8,5.7,1280.0,41,31.21951219512195,906.0,141.280353200883,191.0,21.08167770419426,37.0,19.666666666666668,125.4079254079254,3.0,1,33.0,158.0999394233585,5.0,0,90.0,0,3.291655244164871,3.4266666666666667,27.57938038140492,0.12785842474139325,0.5186374679481784,34.34133333333334,intermediate
S Nadeem,1254063,2021-04-14,Sunrisers Hyderabad,Royal Challengers Bangalore,"MA Chidambaram Stadium, Chepauk, Chennai",Chennai,2021,0,1,0,1,2,0.0,0,0.0,0.0,0.0,unknown,unknown,4.333333333333333,3.0,2.2,5.333333333333333,4.6,4.8,80.55555555555556,55.0,39.14285714285714,0.3333333333333333,0.2,0.1,39.0,19,2.0526315789473686,86.0,45.34883720930232,2.0,2.3255813953488373,15.0,0.0,0.0,1.0,0,0.0,0.0,1.0,0,90.0,0,0.0768919848641211,0.36666666666666653,1.9888578520235063,0.06416453445968243,0.16,2.229333333333333,rookie
Harbhajan Singh,1254067,2021-04-18,Kolkata Knight Riders,Royal Challengers Bangalore,"MA Chidambaram Stadium, Chepauk, Chennai",Chennai,2021,2,2,0,0,2,100.0,0,0.0,0.0,0.0,unknown,unknown,1.6666666666666667,6.4,4.4,4.666666666666667,8.0,5.2,51.85185185185185,81.2063492063492,93.93650793650792,0.0,0.8,0.5,831.0,87,9.551724137931034,597.0,139.19597989949747,121.0,20.268006700167504,56.0,12.0,138.8547828982611,30.0,1,4.5,49.24242424242424,6.0,0,5.0,1,-3.9377320783677185,1.9799999999999998,5.758086101783771,0.0,0.12631578947368421,5.811999999999999,experienced
CH Gayle,1254099,2021-09-28,Punjab Kings,Mumbai Indians,"Zayed Cricket Stadium, Abu Dhabi",Abu Dhabi,2021,1,4,0,1,1,25.0,1,0.0,0.0,0.0,unknown,unknown,24.33333333333333,23.2,20.4,16.666666666666668,17.2,16.9,139.4880174291939,108.26423902894491,105.77937490785789,3.6666666666666665,3.6,2.9,4996.0,140,35.68571428571428,3327.0,150.16531409678387,767.0,23.05380222422603,127.0,0.0,0.0,0.0,0,27.466666666666665,136.4143584600241,15.0,0,3.0,9,-14.093504652467738,-5.82,16.187786891494625,0.09863980534942299,0.3193502150023889,23.955999999999996,veteran
SPD Smith,1254112,2021-10-02,Delhi Capitals,Mumbai Indians,Sharjah Cricket Stadium,Sharjah,2021,9,8,1,1,2,112.5,0,0.0,0.0,0.0,unknown,unknown,22.33333333333333,26.8,20.8,20.33333333333333,23.0,17.4,101.26559714795007,110.71797897842524,114.77565615587928,2.0,2.8,2.4,2486.0,92,27.02173913043478,1923.0,129.27717108684348,285.0,14.82059282371295,77.0,0.0,0.0,0.0,0,27.3,112.569536019536,10.0,0,4.0,6,-6.183223850187698,0.42666666666666603,13.2144701831826,0.27456009006097937,0.4983911513323277,21.193333333333335,experienced
SS Tiwary,1254112,2021-10-02,Mumbai Indians,Delhi Capitals,Sharjah Cricket Stadium,Sharjah,2021,15,18,1,1,1,83.33333333333334,1,0.0,0.0,0.0,unknown,unknown,33.333333333333336,21.2,27.2,26.33333333333333,18.0,21.7,165.54054054054055,118.49099099099098,125.97408533526314,3.6666666666666665,2.2,3.3,1479.0,72,20.541666666666668,1217.0,121.52834839769926,160.0,13.147082990961382,49.0,5.0,250.0,1.0,0,17.5,97.0,2.0,0,4.0,3,2.4793302783452633,-4.56,19.80908882306301,0.2549934588501326,0.3822222222222222,22.3,experienced
SK Raina,1254089,2021-10-02,Chennai Super Kings,Rajasthan Royals,"Zayed Cricket Stadium, Abu Dhabi",Abu Dhabi,2021,3,5,0,1,1,60.0,1,0.0,0.0,0.0,unknown,unknown,10.0,7.2,15.7,6.333333333333333,5.8,12.2,140.0,107.33333333333334,114.2222222222222,1.3333333333333333,1.0,2.2,5533.0,199,27.804020100502512,4020.0,137.636815920398,710.0,17.66169154228856,167.0,11.0,183.3333333333333,1.0,0,25.05555555555556,117.7986156696827,18.0,0,2.0,10,-16.607039743123757,-6.613333333333332,15.413197807939374,0.048951231447847,0.413903743315508,11.789333333333335,veteran
CH Morris,1254106,2021-10-07,Rajasthan Royals,Kolkata Knight Riders,Sharjah Cricket Stadium,Sharjah,2021,0,2,0,1,2,0.0,0,0.0,0.0,0.0,unknown,unknown,9.666666666666666,13.0,7.6,7.666666666666667,8.6,6.0,123.3766233766234,114.02597402597402,93.512987012987,1.0,1.4,0.8,618.0,48,12.875,395.0,156.45569620253164,76.0,19.240506329113924,28.0,12.666666666666666,83.33333333333333,3.0,1,14.0,137.34199134199133,5.0,0,8.0,6,-2.9646110970949087,2.7666666666666666,10.915839663331251,0.0,0.19428571428571428,10.217333333333332,intermediate
MC Henriques,1254094,2021-10-07,Punjab Kings,Chennai Super Kings,Dubai International Cricket Stadium,Dubai,2021,3,3,0,0,2,100.0,0,0.0,0.0,0.0,unknown,unknown,9.333333333333334,15.2,17.9,9.666666666666666,13.2,13.0,94.1176470588235,121.61344537815124,132.671802054155,0.3333333333333333,1.6,2.0,997.0,53,18.81132075471698,782.0,127.4936061381074,115.0,14.705882352941178,38.0,0.0,0.0,0.0,0,25.5,93.88888888888889,2.0,0,4.0,3,-1.0604031603933297,-5.133333333333333,18.10739566524624,0.07796494620212906,0.26666666666666666,17.441333333333333,experienced
DT Christian,1254115,2021-10-11,Royal Challengers Bangalore,Kolkata Knight Riders,Sharjah Cricket Stadium,Sharjah,2021,9,7,1,0,1,128.57142857142858,1,0.0,0.0,0.0,unknown,unknown,0.6666666666666666,0.8,3.5,2.6666666666666665,2.6,5.0,19.444444444444443,28.33333333333333,61.56565656565656,0.0,0.0,0.1,451.0,40,11.275,387.0,116.5374677002584,41.0,10.594315245478036,28.0,0.0,0.0,0.0,0,4.0,109.25925925925924,3.0,0,5.0,6,-9.327029276239802,-3.2733333333333334,4.116363011742847,0.0932425761791068,0.08888888888888888,2.2973333333333334,intermediate
AB de Villiers,1254115,2021-10-11,Royal Challengers Bangalore,Kolkata Knight Riders,Sharjah Cricket Stadium,Sharjah,2021,11,9,1,1,1,122.22222222222224,1,0.0,0.0,0.0,unknown,unknown,22.666666666666668,16.6,17.7,19.0,12.8,13.6,124.64387464387464,191.45299145299143,132.27050727050727,2.6666666666666665,2.2,2.0,5170.0,169,30.59171597633136,3391.0,152.4624004718372,666.0,19.64022412267768,124.0,0.0,0.0,1.0,0,32.5625,115.00937244621112,16.0,0,3.0,13,-17.38625916117517,-9.193333333333332,22.0204450454572,0.0,0.553593317437711,15.261333333333335,veteran
EJG Morgan,1254117,2021-10-15,Kolkata Knight Riders,Chennai Super Kings,Dubai International Cricket Stadium,Dubai,2021,4,8,0,1,2,50.0,0,0.0,0.0,0.0,unknown,unknown,6.0,4.4,8.4,7.0,5.0,9.1,63.20346320346321,77.92207792207793,65.17532467532467,0.6666666666666666,0.4,0.9,1402.0,73,19.2054794520548,1139.0,123.09043020193153,176.0,15.452151009657594,60.0,7.0,87.5,1.0,0,24.857142857142858,125.083412675415,7.0,0,2.0,14,-15.430834418196024,-5.56,14.21423386765692,0.0,0.12307692307692308,5.5920000000000005,experienced
Shakib Al Hasan,1254117,2021-10-15,Kolkata Knight Riders,Chennai Super Kings,Dubai International Cricket Stadium,Dubai,2021,0,1,0,1,2,0.0,0,0.0,0.0,0.0,unknown,unknown,11.666666666666666,9.4,12.9,11.0,9.4,11.3,84.66666666666667,82.8,103.68571428571428,1.0,0.8,1.5,795.0,51,15.588235294117649,634.0,125.39432176656152,94.0,14.826498422712934,39.0,13.666666666666666,124.02777777777776,6.0,1,4.0,45.0,2.0,0,2.0,5,-3.068221671647383,-3.1466666666666674,9.550450832872295,0.3076708872391659,0.2393162393162393,12.542666666666666,experienced
S Gopal,1304096,2022-05-05,Sunrisers Hyderabad,Delhi Capitals,"Brabourne Stadium, Mumbai",Mumbai,2022,9,7,2,0,2,128.57142857142858,0,0.0,0.0,0.0,unknown,unknown,10.0,7.6,7.4,9.333333333333334,7.0,7.2,91.66666666666669,98.33333333333331,87.97619047619048,1.0,0.8,0.8,171.0,21,8.142857142857142,162.0,105.55555555555556,19.0,11.728395061728394,13.0,0.0,0.0,0.0,0,0.0,0.0,0.0,0,90.0,0,-1.0997891788294267,-0.5399999999999998,7.919034733546196,0.06440003942724251,0.4949620427881297,7.564,intermediate
AJ Finch,1304099,2022-05-07,Kolkata Knight Riders,Lucknow Super Giants,"Maharashtra Cricket Association Stadium, Pune",Pune,2022,14,14,1,1,2,100.0,0,0.0,0.0,0.0,unknown,unknown,21.666666666666668,20.8,21.6,14.0,15.4,17.5,102.3809523809524,110.76190476190476,113.1774501774502,3.6666666666666665,3.2,3.1,2078.0,89,23.34831460674157,1612.0,128.90818858560792,291.0,18.05210918114144,83.0,3.0,42.85714285714285,1.0,0,20.5,118.34221611721613,10.0,0,5.0,4,-2.4256141740517725,2.1933333333333347,18.506455330205416,0.1913842374629687,0.3231527093596059,22.090666666666664,experienced
KA Pollard,1304102,2022-05-09,Mumbai Indians,Kolkata Knight Riders,"Dr DY Patil Sports Academy, Mumbai",Navi Mumbai,2022,15,16,1,1,2,93.75,0,0.0,0.0,0.0,unknown,unknown,11.0,14.4,12.9,16.0,14.2,11.7,65.0,105.82539682539684,120.56882489491186,0.3333333333333333,1.2,1.4,3422.0,167,20.49101796407185,2299.0,148.84732492387997,444.0,19.312744671596345,128.0,18.0,182.1428571428572,2.0,0,28.0,136.30355480607196,15.0,0,3.0,10,-5.901216096626909,1.4533333333333325,8.887569346502405,0.3433194194857315,0.20972431077694234,14.298666666666668,veteran
RV Uthappa,1304105,2022-05-12,Chennai Super Kings,Mumbai Indians,"Wankhede Stadium, Mumbai",Mumbai,2022,1,6,0,1,1,16.666666666666664,1,0.0,0.0,0.0,unknown,unknown,0.6666666666666666,7.0,22.9,3.6666666666666665,9.2,16.4,15.873015873015817,39.523809523809526,96.20930392358964,0.0,0.8,3.3,4953.0,196,25.270408163265305,3778.0,131.1011116993118,663.0,17.548967707781895,183.0,14.5,73.8095238095238,2.0,0,28.27777777777778,123.187551071538,18.0,0,4.0,10,-0.9758478866815139,-9.253333333333332,28.06520186201332,0.07883208474595489,0.10666666666666666,22.973333333333336,veteran
DJ Bravo,1304105,2022-05-12,Chennai Super Kings,Mumbai Indians,"Wankhede Stadium, Mumbai",Mumbai,2022,12,15,1,1,1,80.0,1,0.0,0.0,0.0,unknown,unknown,3.333333333333333,2.2,6.5,2.333333333333333,1.8,3.3,120.0,92.0,133.75,0.3333333333333333,0.2,0.8,1548.0,109,14.20183486238532,1181.0,131.0753598645216,185.0,15.664690939881456,68.0,20.0,250.0,1.0,0,12.142857142857142,84.15043290043289,7.0,0,4.0,5,-8.146312015436743,-3.6133333333333333,8.422852512328848,0.0,0.16666666666666666,5.453333333333333,veteran
SW Billings,1304112,2022-05-18,Kolkata Knight Riders,Lucknow Super Giants,"Dr DY Patil Sports Academy, Mumbai",Navi Mumbai,2022,36,23,5,1,2,156.52173913043478,0,0.0,0.0,0.0,unknown,unknown,17.666666666666668,18.8,13.4,14.0,15.4,12.4,127.9693486590038,125.98450774612692,85.68922357003316,2.333333333333333,2.2,1.4,467.0,26,17.96153846153846,362.0,129.00552486187846,55.0,15.193370165745856,25.0,25.0,113.63636363636364,1.0,0,6.5,72.22222222222221,2.0,0,4.0,7,-1.6003986013986011,5.273333333333334,11.964763079792071,0.09795730311110558,0.6060130718954249,16.090666666666667,intermediate
E Lewis,1312198,2022-05-25,Lucknow Super Giants,Royal Challengers Bangalore,"Eden Gardens, Kolkata",Kolkata,2022,2,6,0,0,2,33.33333333333333,0,0.0,0.0,0.0,unknown,unknown,20.33333333333333,19.0,22.3,13.666666666666666,13.8,14.9,99.19732441471574,107.00377476578848,125.48708686809373,3.0,3.0,3.6,652.0,25,26.08,471.0,138.4288747346072,98.0,20.8067940552017,24.0,0.0,0.0,0.0,0,10.25,98.20261437908496,4.0,0,48.0,4,-0.6511185770750991,1.0733333333333335,21.55123095221142,0.19225139883316045,0.2909090909090909,25.74266666666667,intermediate
BA Stokes,1359480,2023-04-03,Chennai Super Kings,Lucknow Super Giants,"MA Chidambaram Stadium, Chepauk, Chennai",Chennai,2023,8,8,1,1,1,100.0,1,0.0,0.0,0.0,unknown,unknown,8.333333333333334,36.4,29.2,6.666666666666667,21.2,20.9,93.43434343434342,130.1888111888112,119.6844887568572,1.3333333333333333,6.0,4.4,927.0,42,22.071428571428573,687.0,134.93449781659388,112.0,16.302765647743815,40.0,0.0,0.0,0.0,0,12.5,98.4537037037037,6.0,1,3.0,1,19.148057855708693,11.893333333333334,31.60098451349613,0.0,0.49161904761904757,38.66266666666667,intermediate
Mandeep Singh,1359502,2023-04-20,Kolkata Knight Riders,Delhi Capitals,"Arun Jaitley Stadium, Delhi",Delhi,2023,12,11,1,1,1,109.09090909090908,1,0.0,0.0,0.0,unknown,unknown,0.6666666666666666,4.0,13.2,3.333333333333333,5.6,12.7,16.666666666666668,32.499999999999986,61.05036630036629,0.0,0.8,1.8,1694.0,96,17.645833333333332,1374.0,123.2896652110626,213.0,15.502183406113538,84.0,0.0,0.0,0.0,0,8.5,72.03086768304159,10.0,0,14.0,2,-8.213322568342315,-7.58,20.14282337045465,0.0,0.2444444444444444,9.204,experienced
SN Khan,1359514,2023-04-29,Delhi Capitals,Sunrisers Hyderabad,"Arun Jaitley Stadium, Delhi",Delhi,2023,9,10,1,1,2,90.0,0,0.0,0.0,0.0,unknown,unknown,14.666666666666666,17.2,13.5,17.0,14.8,12.2,83.11546840958606,118.4407096171802,84.64160022983552,1.3333333333333333,2.2,1.5,576.0,35,16.457142857142856,434.0,132.7188940092166,76.0,17.51152073732719,28.0,1.0,33.33333333333333,1.0,0,22.33333333333333,245.37037037037035,3.0,1,5.0,3,-0.8020671201031735,1.94,13.978157564174507,0.00560642625488536,0.5022222222222222,14.7,intermediate
JO Holder,1359516,2023-04-30,Rajasthan Royals,Mumbai Indians,"Wankhede Stadium, Mumbai",Mumbai,2023,11,9,1,1,1,122.22222222222224,1,0.0,0.0,0.0,unknown,unknown,0.6666666666666666,3.2,5.9,1.3333333333333333,2.0,4.6,50.0,104.99999999999996,116.40873015873017,0.0,0.4,0.8,248.0,26,9.538461538461538,200.0,124.0,30.0,15.0,20.0,16.0,123.07692307692308,1.0,0,4.5,92.85714285714286,2.0,0,18.0,2,-3.9964288030809767,-2.4,6.045200116161942,0.11562722914563983,0.07272727272727272,5.596,intermediate
A Mishra,1359517,2023-05-01,Lucknow Super Giants,Royal Challengers Bangalore,"Bharat Ratna Shri Atal Bihari Vajpayee Ekana Cricket Stadium, Lucknow",Lucknow,2023,19,30,2,1,2,63.33333333333333,0,0.0,0.0,0.0,unknown,unknown,5.0,4.4,6.3,5.333333333333333,5.2,6.4,107.57575757575758,89.54545454545455,127.59018759018758,0.6666666666666666,0.4,0.6,362.0,54,6.703703703703703,387.0,93.54005167958655,34.0,8.785529715762273,30.0,10.0,170.0,2.0,0,0.0,0.0,0.0,1,90.0,0,-0.6543058962659407,-0.8266666666666665,3.6530048514126654,0.3806241867829813,0.3175438596491228,5.734666666666667,experienced
M Vohra,1359519,2023-05-03,Lucknow Super Giants,Chennai Super Kings,"Bharat Ratna Shri Atal Bihari Vajpayee Ekana Cricket Stadium, Lucknow",Lucknow,2023,10,11,1,1,1,90.9090909090909,1,0.0,0.0,0.0,unknown,unknown,13.333333333333334,12.2,14.1,10.333333333333334,10.0,11.3,125.92592592592594,121.91919191919192,103.10072499185404,2.0,2.0,2.0,1073.0,50,21.46,817.0,131.33414932680537,146.0,17.870257037943695,47.0,11.666666666666666,119.6969696969697,3.0,1,27.857142857142858,110.36922015182884,7.0,1,90.0,0,-8.204459410221073,-2.313333333333333,13.169408997116498,0.0350626197462655,0.6126649958228906,13.829333333333333,intermediate
R Dhawan,1359527,2023-05-08,Punjab Kings,Kolkata Knight Riders,"Eden Gardens, Kolkata",Kolkata,2023,19,11,2,1,1,172.72727272727272,1,0.0,0.0,0.0,unknown,unknown,4.0,7.6,8.2,5.666666666666667,8.2,7.4,121.36752136752136,141.91142191142188,142.6223776223776,0.3333333333333333,1.2,1.0,191.0,21,9.095238095238097,176.0,108.52272727272728,23.0,13.068181818181818,9.0,0.0,0.0,0.0,0,4.0,66.66666666666666,1.0,0,25.0,1,0.6471099316919753,-0.6733333333333329,8.377217782639878,0.1474535398358308,0.35849624060150376,9.449333333333334,intermediate
KM Jadhav,1359528,2023-05-09,Royal Challengers Bangalore,Mumbai Indians,"Wankhede Stadium, Mumbai",Mumbai,2023,12,10,1,0,1,120.0,1,0.0,0.0,0.0,unknown,unknown,11.333333333333334,11.0,11.7,13.0,10.4,11.7,79.16666666666667,127.5,105.3452380952381,0.3333333333333333,0.8,1.1,1196.0,80,14.95,959.0,124.71324296141816,141.0,14.70281543274244,54.0,0.0,0.0,0.0,0,19.6,131.53100666103762,10.0,0,90.0,0,-5.58017109029101,-0.3399999999999993,8.192815280611576,0.1912160985679238,0.24210526315789468,10.052000000000001,experienced
JJ Roy,1359542,2023-05-20,Kolkata Knight Riders,Lucknow Super Giants,"Eden Gardens, Kolkata",Kolkata,2023,45,28,8,1,2,160.71428571428572,0,0.0,0.0,0.0,unknown,unknown,20.0,27.2,32.8,15.666666666666666,18.8,23.0,121.11111111111111,133.5095785440613,137.3447256514407,3.6666666666666665,4.8,5.3,569.0,20,28.45,413.0,137.772397094431,88.0,21.307506053268767,18.0,44.0,115.78947368421052,1.0,0,21.0,116.11721611721612,2.0,1,6.0,7,9.908329033367732,2.1533333333333347,18.93732352319678,0.379211900312304,0.6973099415204679,36.614666666666665,rookie
K Gowtham,1370351,2023-05-24,Lucknow Super Giants,Mumbai Indians,"MA Chidambaram Stadium, Chepauk, Chennai",Chennai,2023,2,3,0,1,2,66.66666666666666,0,0.0,0.0,0.0,unknown,unknown,11.666666666666666,10.6,10.7,6.666666666666667,6.4,6.7,161.75213675213675,141.05128205128204,171.73443223443223,1.6666666666666667,1.2,1.3,245.0,26,9.423076923076923,144.0,170.13888888888889,32.0,22.22222222222222,17.0,0.0,0.0,0.0,0,0.0,0.0,1.0,0,4.0,6,0.9356309921962094,0.20666666666666686,9.14148055112883,0.07853415215924067,0.24980237154150195,9.973333333333333,intermediate
AT Rayudu,1370353,2023-05-29,Chennai Super Kings,Gujarat Titans,"Narendra Modi Stadium, Ahmedabad",Ahmedabad,2023,19,8,3,1,2,237.5,0,0.0,0.0,0.0,unknown,unknown,14.666666666666666,11.2,12.7,11.0,9.2,9.3,127.10862122626828,98.08335455394278,119.16072489601902,1.3333333333333333,1.0,1.5,4329.0,184,23.52717391304348,3383.0,127.96334614247708,529.0,15.637008572273132,151.0,10.0,111.11111111111111,1.0,0,31.764705882352946,109.4551391410494,17.0,0,6.0,11,-13.954653430297592,-0.7799999999999999,9.26222915333491,0.22547937117291844,0.35666532059047873,10.620000000000001,veteran
KS Williamson,1422139,2024-04-07,Gujarat Titans,Lucknow Super Giants,"Bharat Ratna Shri Atal Bihari Vajpayee Ekana Cricket Stadium, Lucknow",Lucknow,2024,1,5,0,1,2,20.0,0,0.0,0.0,0.0,unknown,unknown,14.333333333333334,18.8,19.2,15.333333333333334,18.8,19.0,95.13623631270688,89.75987446575682,86.89133961992017,2.0,2.2,2.3,2131.0,75,28.41333333333333,1687.0,126.31890930646117,251.0,14.878482513337286,58.0,0.0,0.0,0.0,0,43.875,121.46281325047204,8.0,0,3.0,1,-12.347483870519179,-3.886666666666666,18.81961152037353,0.06739773133463192,0.5119658119658119,17.282666666666664,experienced
UT Yadav,1422139,2024-04-07,Gujarat Titans,Lucknow Super Giants,"Bharat Ratna Shri Atal Bihari Vajpayee Ekana Cricket Stadium, Lucknow",Lucknow,2024,2,4,0,1,2,50.0,0,0.0,0.0,0.0,unknown,unknown,5.666666666666667,4.6,6.5,6.666666666666667,5.4,5.5,83.63636363636364,86.84848484848484,106.75757575757576,0.3333333333333333,0.2,0.7,206.0,47,4.382978723404255,197.0,104.56852791878173,25.0,12.690355329949238,20.0,0.0,0.0,0.0,0,6.4,128.11111111111111,5.0,0,12.0,1,-0.5156125047997346,-2.32,6.916164640415477,0.0,0.08,4.264,intermediate
S Dhawan,1426261,2024-04-09,Punjab Kings,Sunrisers Hyderabad,"Maharaja Yadavindra Singh International Cricket Stadium, Mullanpur",Mohali,2024,14,16,2,1,2,87.5,0,0.0,0.0,0.0,unknown,unknown,38.66666666666666,31.0,27.7,29.666666666666668,23.2,20.3,103.87387387387388,120.73341523341524,120.42467863120036,5.333333333333333,4.6,4.4,6755.0,220,30.704545454545453,5288.0,127.74205748865354,919.0,17.37897125567322,193.0,0.0,0.0,0.0,0,33.09090909090909,100.58556043448166,11.0,1,5.0,4,-6.126801573401017,-0.7533333333333342,23.589310196687727,0.08333822553945626,0.4806926406926407,26.185333333333336,veteran
Anuj Rawat,1426268,2024-04-15,Royal Challengers Bengaluru,Sunrisers Hyderabad,"M Chinnaswamy Stadium, Bengaluru",Bengaluru,2024,25,14,5,0,2,178.57142857142858,0,0.0,0.0,0.0,unknown,unknown,8.333333333333334,19.2,16.3,12.666666666666666,15.6,12.9,76.98412698412699,115.25714285714288,140.65887445887446,0.3333333333333333,2.0,1.8,293.0,20,14.65,253.0,115.81027667984188,35.0,13.83399209486166,14.0,13.0,52.0,2.0,0,0.0,0.0,1.0,1,13.0,4,5.7386377708978324,7.719999999999999,13.63858904399979,0.04786351560753323,0.3493939393939394,19.907999999999998,rookie
Lalit Yadav,1426273,2024-04-20,Delhi Capitals,Sunrisers Hyderabad,"Arun Jaitley Stadium, Delhi",Delhi,2024,7,8,1,1,2,87.5,0,0.0,0.0,0.0,unknown,unknown,7.0,5.8,11.8,7.0,7.0,11.5,121.66666666666669,95.85714285714286,96.11904761904762,1.0,0.6,1.2,298.0,20,14.9,277.0,107.5812274368231,33.0,11.913357400722022,14.0,0.0,0.0,0.0,0,0.0,0.0,0.0,1,13.0,1,-5.567697798417613,-6.3999999999999995,12.227473619317731,0.02385085614790168,0.3142857142857143,9.86,rookie
PP Shaw,1426285,2024-04-29,Delhi Capitals,Kolkata Knight Riders,"Eden Gardens, Kolkata",Kolkata,2024,13,7,3,1,1,185.7142857142857,1,0.0,0.0,0.0,unknown,unknown,11.333333333333334,26.4,25.7,6.0,16.0,16.9,197.93650793650795,180.85281385281388,154.99143059669376,2.333333333333333,4.8,4.3,1879.0,78,24.08974358974359,1272.0,147.72012578616352,296.0,23.270440251572328,76.0,0.0,0.0,0.0,0,26.375,112.8924492904756,8.0,0,5.0,7,5.836419019576914,4.086666666666666,21.756480516031168,0.0602311537842789,0.7943556443556444,27.889333333333333,experienced
WP Saha,1426290,2024-05-04,Gujarat Titans,Royal Challengers Bengaluru,"M Chinnaswamy Stadium, Bengaluru",Bengaluru,2024,1,7,0,1,1,14.285714285714285,1,0.0,0.0,0.0,unknown,unknown,19.0,14.0,20.7,13.333333333333334,12.6,16.3,133.0606060606061,100.75944055944056,119.7262511997806,2.6666666666666665,2.0,3.0,2933.0,142,20.654929577464788,2289.0,128.13455657492355,383.0,16.73219746614242,120.0,10.0,125.0,1.0,0,24.75,91.4129634667392,8.0,0,6.0,8,-3.1146671497047422,-3.6533333333333315,15.713051899615175,0.210877993186245,0.34461538461538466,16.837333333333333,veteran
RD Chahar,1426296,2024-05-09,Punjab Kings,Royal Challengers Bengaluru,"Himachal Pradesh Cricket Association Stadium, Dharamsala",Dharamsala,2024,5,5,1,0,2,100.0,0,0.0,0.0,0.0,unknown,unknown,5.333333333333333,8.6,9.3,6.333333333333333,9.0,8.5,53.333333333333336,72.83333333333334,87.13095238095238,1.0,1.2,1.4,124.0,21,5.904761904761905,119.0,104.20168067226892,17.0,14.285714285714285,16.0,0.0,0.0,0.0,0,5.0,71.42857142857143,2.0,0,4.0,1,2.425734925549167,0.15999999999999986,9.47569991551489,0.0,0.406,7.828,intermediate
PP Chawla,1426298,2024-05-11,Mumbai Indians,Kolkata Knight Riders,"Eden Gardens, Kolkata",Kolkata,2024,1,2,0,0,2,50.0,0,0.0,0.0,0.0,unknown,unknown,3.6666666666666665,2.8,3.9,2.0,2.6,3.7,116.66666666666669,80.0,73.33333333333334,0.6666666666666666,0.4,0.4,623.0,85,7.329411764705882,559.0,111.4490161001789,76.0,13.595706618962431,57.0,0.0,0.0,0.0,0,9.6,90.66666666666669,5.0,0,8.0,5,-4.142710750542422,-2.2133333333333334,5.877452206904314,0.0,0.16,3.013333333333333,experienced
DA Warner,1426300,2024-05-12,Delhi Capitals,Royal Challengers Bengaluru,"M Chinnaswamy Stadium, Bengaluru",Bengaluru,2024,1,2,0,1,2,50.0,0,0.0,0.0,0.0,unknown,unknown,6.333333333333333,17.8,35.3,6.666666666666667,13.4,23.8,82.40740740740739,107.7249874308698,131.75007811515695,1.0,2.8,5.7,6566.0,183,35.87978142076503,4678.0,140.359127832407,899.0,19.2176143651133,163.0,28.8,138.71120107962216,5.0,1,24.2,63.39080459770115,5.0,0,22.0,7,-1.004962377325586,-9.78,26.671041307838824,0.2406047335762979,0.39333333333333337,30.436,veteran
I Sharma,1426300,2024-05-12,Delhi Capitals,Royal Challengers Bengaluru,"M Chinnaswamy Stadium, Bengaluru",Bengaluru,2024,0,4,0,0,2,0.0,0,0.0,0.0,0.0,unknown,unknown,4.0,3.6,2.4,2.333333333333333,2.8,2.4,155.55555555555557,147.33333333333334,112.66666666666669,0.6666666666666666,0.6,0.3,57.0,20,2.85,65.0,87.6923076923077,6.0,9.230769230769232,7.0,0.0,0.0,0.0,0,3.5,145.0,2.0,0,39.0,1,0.19000343997248023,1.2733333333333334,2.951459149490488,0.013499397090531402,0.16,3.270666666666666,rookie
RR Rossouw,1426307,2024-05-19,Punjab Kings,Sunrisers Hyderabad,"Rajiv Gandhi International Stadium, Uppal, Hyderabad",Hyderabad,2024,49,23,7,1,1,213.0434782608696,1,0.0,0.0,0.0,unknown,unknown,27.666666666666668,30.4,24.9,14.333333333333334,16.4,13.5,131.71889838556504,148.92264337916512,122.8139600422209,5.666666666666667,5.4,4.2,424.0,21,20.19047619047619,283.0,149.8233215547703,63.0,22.261484098939928,20.0,0.0,0.0,0.0,0,14.0,60.86956521739131,1.0,0,4.0,7,3.7376598358641706,0.5466666666666669,28.598562512437194,0.0,0.5837135034237588,23.961333333333336,intermediate
C Green,1426310,2024-05-22,Royal Challengers Bengaluru,Rajasthan Royals,"Narendra Modi Stadium, Ahmedabad",Ahmedabad,2024,27,21,3,1,1,128.57142857142858,1,0.0,0.0,0.0,unknown,unknown,38.66666666666666,30.8,21.0,22.666666666666668,18.0,13.5,175.74437182280317,152.44662309368192,131.27093059446,5.0,4.0,2.8,680.0,27,25.185185185185187,436.0,155.96330275229357,91.0,20.871559633027523,19.0,21.5,122.3559386350084,6.0,1,82.0,191.11111111111111,2.0,0,4.0,11,-3.6911507494116194,3.673333333333332,17.587874611030575,0.11448956122783108,0.3945525044495296,22.806666666666665,intermediate
MK Lomror,1426310,2024-05-22,Royal Challengers Bengaluru,Rajasthan Royals,"Narendra Modi Stadium, Ahmedabad",Ahmedabad,2024,32,17,4,1,1,188.23529411764704,1,0.0,0.0,0.0,unknown,unknown,4.333333333333333,4.8,9.4,3.6666666666666665,3.6,5.4,54.16666666666666,94.16666666666666,114.32400932400932,0.3333333333333333,0.6,1.4,495.0,34,14.558823529411764,355.0,139.43661971830986,59.0,16.619718309859156,29.0,0.0,0.0,0.0,0,19.666666666666668,122.65512265512264,3.0,0,4.0,9,-5.8806087919038585,-4.373333333333333,11.0070684360349,0.0,0.27582417582417584,8.197333333333333,intermediate
KD Karthik,1426310,2024-05-22,Royal Challengers Bengaluru,Rajasthan Royals,"Narendra Modi Stadium, Ahmedabad",Ahmedabad,2024,11,13,1,1,1,84.61538461538461,1,0.0,0.0,0.0,unknown,unknown,10.666666666666666,12.8,24.9,4.666666666666667,6.4,12.4,177.77777777777774,178.33333333333331,179.81331953071083,1.6666666666666667,2.0,3.8,4832.0,232,20.82758620689655,3557.0,135.8448130447006,626.0,17.599100365476524,188.0,0.0,0.0,0.0,0,17.91304347826087,113.90294479837809,23.0,0,4.0,12,5.729243968651654,-7.360000000000001,24.99088722803664,0.0837869268924563,0.4346320346320346,23.323999999999998,veteran
JD Unadkat,1426312,2024-05-26,Sunrisers Hyderabad,Kolkata Knight Riders,"MA Chidambaram Stadium, Chepauk, Chennai",Chennai,2024,4,11,0,1,1,36.36363636363637,1,0.0,0.0,0.0,unknown,unknown,4.666666666666667,5.8,8.8,4.666666666666667,4.4,5.9,126.66666666666669,221.7142857142857,191.7301587301588,0.6666666666666666,0.8,1.1,193.0,26,7.423076923076923,155.0,124.51612903225806,23.0,14.838709677419354,13.0,17.5,149.15966386554624,2.0,0,1.0,100.0,1.0,0,2.0,4,0.36380227019357453,-3.9733333333333336,5.80804040389987,0.3935354736539213,0.39333333333333337,7.7333333333333325,intermediate
Shahbaz Ahmed,1473441,2025-03-24,Lucknow Super Giants,Delhi Capitals,"Dr. Y.S. Rajasekhara Reddy ACA-VDCA Cricket Stadium, Visakhapatnam",Visakhapatnam,2025,9,8,1,1,1,112.5,1,0.0,0.0,0.0,unknown,unknown,8.666666666666666,7.8,17.7,8.666666666666666,8.8,14.1,71.42857142857143,69.52380952380952,109.3912273694488,0.6666666666666666,0.4,1.5,536.0,37,14.486486486486486,438.0,122.37442922374429,53.0,12.100456621004566,29.0,0.0,0.0,0.0,0,14.0,147.77777777777777,2.0,0,90.0,0,0.6223563823563827,-9.626666666666667,18.30027322200409,0.04553439832884158,0.2333333333333333,12.950666666666667,intermediate
Mohammed Shami,1473457,2025-04-06,Sunrisers Hyderabad,Gujarat Titans,"Rajiv Gandhi International Stadium, Uppal, Hyderabad",Hyderabad,2025,6,2,1,0,1,300.0,1,0.0,0.0,0.0,unknown,unknown,1.3333333333333333,1.8,2.4,2.6666666666666665,2.8,3.4,61.11111111111111,56.66666666666666,60.833333333333336,0.0,0.2,0.1,78.0,26,3.0,87.0,89.65517241379311,8.0,9.195402298850574,14.0,0.0,0.0,0.0,0,1.3333333333333333,66.66666666666667,3.0,1,3.0,3,-0.7837509881422925,-1.0200000000000002,2.756809750418043,0.0,0.29333333333333333,2.16,intermediate
JJ Bumrah,1473458,2025-04-07,Mumbai Indians,Royal Challengers Bengaluru,"Wankhede Stadium, Mumbai",Mumbai,2025,0,1,0,0,2,0.0,0,0.0,0.0,0.0,unknown,unknown,3.6666666666666665,2.4,1.8,3.6666666666666665,3.2,2.3,129.62962962962965,97.7777777777778,83.88888888888889,0.3333333333333333,0.2,0.2,68.0,26,2.6153846153846154,77.0,88.31168831168831,6.0,7.792207792207792,8.0,0.0,0.0,0.0,0,5.25,134.16666666666666,4.0,1,90.0,0,-1.0854866727475423,0.29333333333333317,2.658320271650249,0.0,0.1,1.8906666666666667,intermediate
TA Boult,1473458,2025-04-07,Mumbai Indians,Royal Challengers Bengaluru,"Wankhede Stadium, Mumbai",Mumbai,2025,1,1,0,0,2,100.0,0,0.0,0.0,0.0,unknown,unknown,4.333333333333333,3.0,5.9,4.666666666666667,3.6,4.8,61.11111111111111,49.99999999999999,78.23953823953823,0.6666666666666666,0.4,0.7,84.0,22,3.8181818181818175,80.0,105.0,8.0,10.0,8.0,2.0,200.0,1.0,0,0.0,0.0,0.0,1,15.0,1,0.30185235816814765,-1.8399999999999999,6.967384333050995,0.0,0.13333333333333333,4.428,intermediate
RD Gaikwad,1473459,2025-04-08,Chennai Super Kings,Punjab Kings,"Maharaja Yadavindra Singh International Cricket Stadium, Mullanpur",Mohali,2025,1,3,0,1,2,33.33333333333333,0,0.0,0.0,0.0,unknown,unknown,22.666666666666668,24.2,35.5,17.333333333333332,15.8,24.5,89.39393939393942,94.4055944055944,104.02443238976711,3.0,3.6,4.6,2501.0,69,36.2463768115942,1808.0,138.32964601769913,326.0,18.03097345132744,60.0,40.0,142.85714285714286,1.0,0,49.333333333333336,137.6854870275923,6.0,0,3.0,4,-11.068942595875452,-19.086666666666666,34.05306316781372,0.13724445545007685,0.3974363581910752,28.914666666666665,experienced
Sandeep Sharma,1473460,2025-04-09,Rajasthan Royals,Gujarat Titans,"Narendra Modi Stadium, Ahmedabad",Ahmedabad,2025,6,5,0,0,2,120.0,0,0.0,0.0,0.0,unknown,unknown,0.6666666666666666,2.4,2.3,2.333333333333333,3.4,2.9,13.333333333333334,44.66666666666666,52.33333333333333,0.0,0.2,0.2,54.0,25,2.16,69.0,78.26086956521739,4.0,5.797101449275362,5.0,0.0,0.0,0.0,0,0.5,50.0,2.0,0,90.0,0,0.09405119518162994,-0.08666666666666659,3.368151487751767,0.0,0.1,2.3466666666666667,intermediate
MM Sharma,1473466,2025-04-13,Delhi Capitals,Mumbai Indians,"Arun Jaitley Stadium, Delhi",Delhi,2025,0,1,0,1,2,0.0,0,0.0,0.0,0.0,unknown,unknown,1.0,0.6,1.9,5.666666666666667,4.0,4.5,21.428571428571427,12.857142857142856,42.42857142857143,0.0,0.0,0.1,125.0,29,4.310344827586207,135.0,92.5925925925926,13.0,9.62962962962963,16.0,1.3333333333333333,44.44444444444444,3.0,1,6.0,125.0,2.0,1,20.0,1,-3.260763308211584,-1.7666666666666664,1.969207398365581,0.12802707311249759,0.0,1.4026666666666667,intermediate
RA Tripathi,1473467,2025-04-14,Chennai Super Kings,Lucknow Super Giants,"Bharat Ratna Shri Atal Bihari Vajpayee Ekana Cricket Stadium, Lucknow",Lucknow,2025,9,10,1,1,2,90.0,0,0.0,0.0,0.0,unknown,unknown,14.666666666666666,11.0,21.1,14.666666666666666,12.0,16.0,120.1488569909623,99.26880137406452,127.74644550495944,2.0,1.4,3.0,2282.0,97,23.52577319587629,1645.0,138.72340425531914,313.0,19.027355623100306,85.0,74.0,176.19047619047618,1.0,0,26.166666666666668,114.79073217456312,6.0,0,3.0,4,-2.9183975138636953,-5.266666666666668,16.488716680741952,0.18975240296520884,0.4380193236714976,18.446666666666665,experienced
V Shankar,1473467,2025-04-14,Chennai Super Kings,Lucknow Super Giants,"Bharat Ratna Shri Atal Bihari Vajpayee Ekana Cricket Stadium, Lucknow",Lucknow,2025,9,8,1,1,2,112.5,0,0.0,0.0,0.0,unknown,unknown,33.333333333333336,23.8,18.6,25.33333333333333,17.8,14.9,122.76130578017371,132.22821203953282,122.84137874703912,3.0,2.4,1.9,1224.0,62,19.741935483870968,939.0,130.3514376996805,135.0,14.376996805111824,45.0,4.0,66.66666666666666,1.0,0,23.0,176.9230769230769,1.0,0,3.0,4,-0.6580836280584265,5.826666666666666,19.07994875371641,0.07528066157973484,0.33010161585873726,20.633333333333333,experienced
MM Ali,1473476,2025-04-21,Kolkata Knight Riders,Gujarat Titans,"Eden Gardens, Kolkata",Kolkata,2025,0,2,0,1,2,0.0,0,0.0,0.0,0.0,unknown,unknown,23.666666666666668,20.6,16.0,20.33333333333333,18.0,13.3,91.3817663817664,105.16239316239316,125.08119658119658,2.6666666666666665,2.4,1.8,1167.0,58,20.120689655172413,829.0,140.77201447527142,162.0,19.5416164053076,50.0,32.0,114.28571428571428,1.0,0,22.428571428571427,111.95378151260503,7.0,1,26.0,1,-0.5173674695271785,8.346666666666668,16.145174717749796,0.16932202234169652,0.2084033613445378,20.941333333333333,experienced
HV Patel,1473478,2025-04-23,Sunrisers Hyderabad,Mumbai Indians,"Rajiv Gandhi International Stadium, Uppal, Hyderabad",Hyderabad,2025,1,1,0,0,1,100.0,1,0.0,0.0,0.0,unknown,unknown,6.666666666666667,6.4,4.0,8.333333333333334,7.8,5.2,74.8821548821549,63.39083139083139,54.19541569541569,0.0,0.4,0.3,269.0,40,6.725,228.0,117.98245614035088,31.0,13.596491228070176,28.0,0.0,0.0,0.0,0,9.0,97.05882352941175,3.0,1,20.0,3,-1.852066053908159,1.2333333333333336,4.714045207910323,0.0,0.0,5.254666666666667,intermediate
GJ Maxwell,1473481,2025-04-26,Punjab Kings,Kolkata Knight Riders,"Eden Gardens, Kolkata",Kolkata,2025,7,8,1,1,1,87.5,1,0.0,0.0,0.0,unknown,unknown,3.6666666666666665,8.2,6.2,6.333333333333333,8.2,5.7,54.285714285714256,61.142857142857146,79.23809523809523,0.3333333333333333,1.0,0.9,2813.0,133,21.150375939849624,1802.0,156.1043285238624,398.0,22.086570477247506,116.0,10.0,58.82352941176471,1.0,0,22.6,120.03766770521808,15.0,0,11.0,5,-13.689423301836058,1.5133333333333336,9.70452357294148,0.0,0.3352380952380952,7.694666666666666,veteran
VR Iyer,1473485,2025-04-29,Kolkata Knight Riders,Delhi Capitals,"Arun Jaitley Stadium, Delhi",Delhi,2025,7,5,1,1,1,140.0,1,0.0,0.0,0.0,unknown,unknown,22.0,25.8,28.1,17.333333333333332,18.0,17.3,134.61887477313977,128.81730187537812,141.19436522340334,2.333333333333333,3.4,4.2,1461.0,55,26.563636363636363,1063.0,137.4412041392286,200.0,18.814675446848543,49.0,47.0,164.25925925925924,2.0,0,18.5,126.00191475191475,8.0,0,8.0,6,2.9733724708308507,-4.866666666666668,23.77884213609514,0.23496301001834982,0.3720634920634921,29.29066666666667,experienced
R Powell,1473485,2025-04-29,Kolkata Knight Riders,Delhi Capitals,"Arun Jaitley Stadium, Delhi",Delhi,2025,5,5,1,1,1,100.0,1,0.0,0.0,0.0,unknown,unknown,8.666666666666666,13.2,11.0,8.333333333333334,10.0,7.7,110.0,128.0,129.33333333333331,1.3333333333333333,2.0,1.7,360.0,22,16.363636363636363,244.0,147.54098360655738,49.0,20.081967213114755,20.0,26.0,153.22916666666669,4.0,1,47.0,185.7142857142857,2.0,0,90.0,0,-1.7466119845067212,1.3733333333333326,9.510228411791417,0.04141691355232212,0.6330769230769231,15.206666666666667,intermediate
DJ Hooda,1473486,2025-04-30,Chennai Super Kings,Punjab Kings,"MA Chidambaram Stadium, Chepauk, Chennai",Chennai,2025,2,2,0,1,1,100.0,1,0.0,0.0,0.0,unknown,unknown,8.666666666666666,8.0,13.0,11.0,9.4,10.7,51.48148148148149,67.33333333333334,104.79569892473118,1.0,0.8,1.7,1495.0,100,14.95,1165.0,128.3261802575107,160.0,13.733905579399142,81.0,0.0,0.0,0.0,0,15.166666666666666,94.66750841750844,6.0,1,5.0,4,-6.974912670785278,-8.2,15.19502842672198,0.0277459013107204,0.2727272727272727,7.843999999999999,experienced
N Rana,1473487,2025-05-01,Rajasthan Royals,Mumbai Indians,"Sawai Mansingh Stadium, Jaipur",Jaipur,2025,9,11,2,1,2,81.81818181818183,0,0.0,0.0,0.0,unknown,unknown,13.333333333333334,19.0,20.8,10.333333333333334,12.0,12.3,147.1861471861472,204.7402597402597,167.98520923520925,2.0,3.0,3.4,2844.0,111,25.62162162162162,2068.0,137.52417794970987,400.0,19.342359767891683,103.0,5.0,250.0,1.0,0,34.125,132.933245832182,16.0,1,3.0,10,-5.06598070059958,-4.5666666666666655,25.91781883826905,0.0,0.7175536881419233,19.40266666666667,veteran
D Padikkal,1473489,2025-05-03,Royal Challengers Bengaluru,Chennai Super Kings,"M Chinnaswamy Stadium, Bengaluru",Bengaluru,2025,17,15,2,1,1,113.33333333333331,1,0.0,0.0,0.0,unknown,unknown,37.0,30.4,23.0,21.33333333333333,19.8,14.9,119.82363315696648,104.02380952380956,111.4491341991342,5.666666666666667,4.6,3.4,1789.0,73,24.506849315068493,1410.0,126.87943262411348,246.0,17.4468085106383,71.0,22.0,110.0,1.0,0,25.83333333333333,86.223474801061,6.0,1,6.0,9,2.568482342003846,13.886666666666667,22.96373953286643,0.020410925058859643,0.4572651880424301,27.873333333333335,experienced
SM Curran,1473489,2025-05-03,Chennai Super Kings,Royal Challengers Bengaluru,"M Chinnaswamy Stadium, Bengaluru",Bengaluru,2025,5,5,1,1,2,100.0,0,0.0,0.0,0.0,unknown,unknown,35.0,34.4,25.3,22.666666666666668,23.6,18.9,117.61426978818284,110.18915807887174,108.75040420841894,4.666666666666667,4.4,3.0,992.0,52,19.07692307692308,720.0,137.77777777777777,125.0,17.36111111111111,40.0,0.0,0.0,0.0,0,20.4,178.55411255411255,5.0,0,3.0,4,7.439942515467726,5.726666666666667,28.122944369322354,0.01714530791799076,0.36707070707070705,24.38533333333333,experienced
DA Miller,1473491,2025-05-04,Lucknow Super Giants,Punjab Kings,"Himachal Pradesh Cricket Association Stadium, Dharamsala",Dharamsala,2025,11,8,1,1,2,137.5,0,0.0,0.0,0.0,unknown,unknown,15.0,11.2,15.8,13.0,10.8,12.2,110.27777777777776,98.8939393939394,127.40512265512264,1.3333333333333333,0.8,1.7,3066.0,132,23.227272727272727,2204.0,139.11070780399274,357.0,16.1978221415608,88.0,0.0,0.0,0.0,0,18.2,116.99601697847312,15.0,0,7.0,9,-9.781286823308946,-6.926666666666667,8.390470785361222,0.40771867749995405,0.22987012987012986,13.806666666666667,veteran
JC Archer,1473490,2025-05-04,Rajasthan Royals,Kolkata Knight Riders,"Eden Gardens, Kolkata",Kolkata,2025,12,8,1,0,2,150.0,0,0.0,0.0,0.0,unknown,unknown,11.333333333333334,10.0,7.7,10.666666666666666,8.2,6.2,70.37037037037037,87.93650793650792,103.4920634920635,1.3333333333333333,1.2,0.8,250.0,29,8.620689655172415,165.0,151.5151515151515,31.0,18.787878787878785,18.0,0.0,0.0,0.0,0,8.5,164.28571428571428,2.0,0,3.0,6,-2.594734593631146,0.4133333333333333,9.900056116563738,0.0,0.17333333333333334,6.066666666666667,intermediate
MA Starc,1473492,2025-05-05,Delhi Capitals,Sunrisers Hyderabad,"Rajiv Gandhi International Stadium, Uppal, Hyderabad",Hyderabad,2025,1,1,0,0,1,100.0,1,0.0,0.0,0.0,unknown,unknown,1.0,1.4,1.5,1.3333333333333333,2.2,2.1,66.66666666666667,68.0,74.0,0.0,0.0,0.1,110.0,20,5.5,118.0,93.22033898305084,11.0,9.322033898305085,10.0,0.0,0.0,0.0,0,5.666666666666667,120.83333333333331,3.0,0,6.0,4,-4.70921826625387,-0.9733333333333334,1.7795130420052123,0.0,0.0,1.4773333333333334,rookie
KV Sharma,1473493,2025-05-06,Mumbai Indians,Gujarat Titans,"Wankhede Stadium, Mumbai",Mumbai,2025,1,1,0,0,1,100.0,1,0.0,0.0,0.0,unknown,unknown,10.333333333333334,6.8,7.2,5.0,4.0,5.1,186.90476190476195,138.8095238095238,130.03571428571428,1.6666666666666667,1.0,1.1,351.0,39,9.0,294.0,119.38775510204084,37.0,12.585034013605442,25.0,0.0,0.0,0.0,0,0.0,0.0,0.0,1,90.0,0,-3.09381110433742,-1.4266666666666663,6.92499498595888,0.07947329376127388,0.4133333333333333,6.366666666666667,intermediate
AR Patel,1473498,2025-05-18,Delhi Capitals,Gujarat Titans,"Arun Jaitley Stadium, Delhi",Delhi,2025,25,16,3,1,1,156.25,1,0.0,0.0,0.0,unknown,unknown,21.33333333333333,27.4,23.8,14.333333333333334,19.0,15.1,129.35180761267716,135.9860845676063,155.91512020588107,3.333333333333333,3.6,3.5,1891.0,122,15.5,1409.0,134.20865862313698,221.0,15.684882895670688,87.0,0.0,0.0,0.0,0,15.615384615384617,117.1083039635076,13.0,1,13.0,10,11.884726234519581,3.966666666666665,12.951190421476078,0.44272131207676385,0.5838796169630643,27.59733333333333,veteran
A Badoni,1473499,2025-05-19,Lucknow Super Giants,Sunrisers Hyderabad,"Bharat Ratna Shri Atal Bihari Vajpayee Ekana Cricket Stadium, Lucknow",Lucknow,2025,3,5,0,1,1,60.0,1,0.0,0.0,0.0,unknown,unknown,48.333333333333336,43.4,32.6,27.666666666666668,26.6,21.6,171.83982683982683,160.01566080977847,140.22154651334216,6.666666666666667,5.8,4.1,960.0,45,21.33333333333333,688.0,139.53488372093022,111.0,16.13372093023256,35.0,23.75,137.60215394361737,4.0,1,26.666666666666668,147.2222222222222,3.0,1,15.0,10,14.215261373151332,10.173333333333336,20.46786098578289,0.3591835645992804,0.4288700128700128,34.04266666666667,intermediate
SN Thakur,1473499,2025-05-19,Lucknow Super Giants,Sunrisers Hyderabad,"Bharat Ratna Shri Atal Bihari Vajpayee Ekana Cricket Stadium, Lucknow",Lucknow,2025,4,1,1,1,1,400.0,1,0.0,0.0,0.0,unknown,unknown,4.666666666666667,3.0,4.7,3.0,2.6,4.3,166.66666666666666,110.0,100.57359307359307,0.6666666666666666,0.4,0.6,320.0,38,8.421052631578947,231.0,138.52813852813853,42.0,18.181818181818183,25.0,0.0,0.0,0.0,0,8.75,151.19047619047618,4.0,1,35.0,4,-4.646745918851182,-1.6600000000000001,4.967673276069772,0.0,0.49333333333333335,3.9120000000000004,intermediate
SO Hetmyer,1473500,2025-05-20,Rajasthan Royals,Chennai Super Kings,"Arun Jaitley Stadium, Delhi",Delhi,2025,12,5,2,0,2,240.0,0,0.0,0.0,0.0,unknown,unknown,13.333333333333334,12.6,18.4,12.0,10.2,13.2,72.58454106280193,105.33643892339543,124.86373228221056,1.0,1.2,2.1,1476.0,77,19.16883116883117,970.0,152.16494845360825,185.0,19.072164948453608,53.0,0.0,0.0,0.0,0,22.0,138.19946601861494,11.0,0,2.0,12,-2.9835533951164814,-6.719999999999999,14.25326473323062,0.2121923535669894,0.3339602925809822,15.060000000000002,experienced
MS Dhoni,1473500,2025-05-20,Chennai Super Kings,Rajasthan Royals,"Arun Jaitley Stadium, Delhi",Delhi,2025,16,17,1,1,1,94.11764705882352,1,0.0,0.0,0.0,unknown,unknown,13.333333333333334,10.0,15.0,10.0,9.2,11.0,173.14814814814815,129.22222222222223,139.33139083139082,1.3333333333333333,1.0,1.8,5423.0,240,22.59583333333333,3918.0,138.41245533435426,638.0,16.283818274629912,157.0,0.0,0.0,0.0,0,24.7,140.6312506034838,20.0,0,13.0,12,-10.315184843067525,-5.8133333333333335,10.099504938362108,0.281033225588135,0.4425133689839572,12.197333333333335,veteran
Dhruv Jurel,1473500,2025-05-20,Rajasthan Royals,Chennai Super Kings,"Arun Jaitley Stadium, Delhi",Delhi,2025,31,12,5,0,2,258.33333333333337,0,0.0,0.0,0.0,unknown,unknown,21.33333333333333,23.4,19.9,14.333333333333334,16.4,13.8,90.3225806451613,105.8406072106262,126.217526842434,2.6666666666666665,2.8,2.3,649.0,34,19.08823529411765,430.0,150.93023255813952,84.0,19.53488372093023,22.0,0.0,0.0,0.0,0,28.5,96.66666666666666,2.0,0,2.0,12,2.924371514001494,-1.3866666666666667,19.20329832780469,0.1123133061010458,0.40954756772474743,22.202666666666666,intermediate
SV Samson,1473500,2025-05-20,Rajasthan Royals,Chennai Super Kings,"Arun Jaitley Stadium, Delhi",Delhi,2025,41,31,5,1,2,132.25806451612902,0,0.0,0.0,0.0,unknown,unknown,22.0,29.0,27.1,17.666666666666668,21.4,19.4,125.38986354775824,133.75040164513848,131.69454814191656,2.6666666666666665,4.0,3.7,4663.0,170,27.429411764705883,3337.0,139.736290080911,593.0,17.770452502247526,150.0,70.0,132.0754716981132,1.0,0,34.82608695652174,120.4018258100066,23.0,0,2.0,8,2.2144210523067045,-0.2,17.259136066958217,0.2532030652492622,0.4769997377393128,28.403999999999996,veteran
R Ashwin,1473500,2025-05-20,Chennai Super Kings,Rajasthan Royals,"Arun Jaitley Stadium, Delhi",Delhi,2025,13,7,2,1,1,185.7142857142857,1,0.0,0.0,0.0,unknown,unknown,6.666666666666667,9.6,7.7,7.333333333333333,8.8,7.7,88.69047619047619,82.68796992481202,85.28337890179994,0.6666666666666666,1.2,0.8,820.0,92,8.91304347826087,696.0,117.81609195402298,91.0,13.07471264367816,62.0,0.0,0.0,0.0,0,7.166666666666667,78.77777777777777,6.0,0,13.0,3,-0.7853809296603635,-0.6066666666666666,8.857514073122069,0.0,0.2958041958041958,8.694666666666667,experienced
YBK Jaiswal,1473500,2025-05-20,Rajasthan Royals,Chennai Super Kings,"Arun Jaitley Stadium, Delhi",Delhi,2025,36,19,7,1,2,189.4736842105263,0,0.0,0.0,0.0,unknown,unknown,32.333333333333336,43.2,48.9,17.333333333333332,22.2,29.9,192.8571428571429,202.2932330827068,168.5789338247345,6.0,7.8,7.6,2130.0,65,32.76923076923077,1393.0,152.90739411342426,344.0,24.694903086862887,61.0,5.0,125.0,1.0,0,38.0,157.69597664007603,7.0,0,2.0,13,18.936785661016227,3.6533333333333347,24.58748552504799,0.35445957251339155,0.7055232349349996,47.986666666666665,experienced
R Parag,1473500,2025-05-20,Rajasthan Royals,Chennai Super Kings,"Arun Jaitley Stadium, Delhi",Delhi,2025,3,4,0,1,2,75.0,0,0.0,0.0,0.0,unknown,unknown,41.333333333333336,35.6,32.8,21.0,17.6,18.7,178.03030303030303,193.4848484848485,171.15021645021645,6.0,5.2,4.7,1567.0,71,22.070422535211268,1097.0,142.84412032816775,199.0,18.14038286235187,59.0,0.0,0.0,0.0,0,22.375,123.26522435897436,8.0,0,2.0,13,9.140872040145084,4.013333333333333,24.2432121084095,0.44825171200719954,0.42943319838056676,31.874666666666666,experienced
Abishek Porel,1473501,2025-05-21,Delhi Capitals,Mumbai Indians,"Wankhede Stadium, Mumbai",Mumbai,2025,6,9,0,1,2,66.66666666666666,0,0.0,0.0,0.0,unknown,unknown,14.0,24.2,26.1,10.333333333333334,15.6,17.6,145.96491228070175,166.8213716108453,156.3539290486659,2.0,3.2,3.6,655.0,28,23.392857142857142,431.0,151.9721577726218,92.0,21.34570765661253,28.0,41.0,132.25806451612902,1.0,0,38.0,189.8989898989899,2.0,0,3.0,12,4.846645095645096,-2.2466666666666653,16.682992004500342,0.3372448676614176,0.520952380952381,26.78666666666667,intermediate
Kuldeep Yadav,1473501,2025-05-21,Delhi Capitals,Mumbai Indians,"Wankhede Stadium, Mumbai",Mumbai,2025,7,8,0,1,2,87.5,0,0.0,0.0,0.0,unknown,unknown,2.0,3.4,5.8,1.0,3.6,5.0,200.0,152.0,119.46153846153848,0.3333333333333333,0.4,0.9,194.0,36,5.388888888888889,224.0,86.60714285714286,21.0,9.375,12.0,6.75,110.71428571428572,4.0,1,2.0,66.66666666666666,2.0,0,22.0,4,1.9444564340887873,-0.21999999999999983,10.507140429250958,0.0,0.36,6.5,intermediate
AK Markram,1473502,2025-05-22,Lucknow Super Giants,Gujarat Titans,"Narendra Modi Stadium, Ahmedabad",Ahmedabad,2025,36,24,5,1,1,150.0,1,0.0,0.0,0.0,unknown,unknown,27.666666666666668,40.2,39.3,19.33333333333333,27.2,25.7,125.56101556101557,136.1850941850942,143.0908627742244,4.0,5.0,5.3,1404.0,54,26.0,1038.0,135.26011560693644,163.0,15.703275529865124,45.0,0.0,0.0,0.0,0,14.0,54.6875,2.0,0,3.0,12,14.240298699450753,1.8266666666666693,23.065366051964386,0.2872314690752729,0.5938069216757741,36.705333333333336,experienced
K Rabada,1473502,2025-05-22,Gujarat Titans,Lucknow Super Giants,"Narendra Modi Stadium, Ahmedabad",Ahmedabad,2025,2,3,0,1,2,66.66666666666666,0,0.0,0.0,0.0,unknown,unknown,6.333333333333333,5.4,3.7,5.333333333333333,4.0,3.5,116.66666666666669,123.33333333333331,99.0,0.6666666666666666,0.6,0.4,213.0,29,7.344827586206897,197.0,108.12182741116752,25.0,12.690355329949238,17.0,9.0,225.0,1.0,0,6.666666666666667,129.76190476190476,3.0,1,54.0,1,-4.005146225422087,-0.026666666666666748,3.9735234853828327,0.0,0.287012987012987,3.9066666666666663,intermediate
TH David,1473503,2025-05-23,Royal Challengers Bengaluru,Sunrisers Hyderabad,"Bharat Ratna Shri Atal Bihari Vajpayee Ekana Cricket Stadium, Lucknow",Lucknow,2025,1,5,0,1,2,20.0,0,0.0,0.0,0.0,unknown,unknown,14.666666666666666,26.2,21.0,7.333333333333333,13.4,11.7,231.66666666666663,216.0,175.27777777777777,2.333333333333333,4.2,3.2,845.0,43,19.65116279069768,478.0,176.77824267782427,114.0,23.84937238493724,25.0,25.0,190.3829717291256,13.0,1,34.666666666666664,197.3063973063973,3.0,0,20.0,8,5.699687481170748,3.733333333333332,16.45870252750468,0.3017688576761217,0.4007688787185355,25.762666666666668,intermediate
A Manohar,1473503,2025-05-23,Sunrisers Hyderabad,Royal Challengers Bengaluru,"Bharat Ratna Shri Atal Bihari Vajpayee Ekana Cricket Stadium, Lucknow",Lucknow,2025,12,11,1,1,1,109.09090909090908,1,0.0,0.0,0.0,unknown,unknown,16.333333333333332,11.4,13.1,16.333333333333332,12.8,12.8,72.07207207207206,54.67181467181466,72.88136188136187,1.6666666666666667,1.2,1.3,280.0,19,14.736842105263158,224.0,125.0,36.0,16.071428571428573,18.0,7.5,107.14285714285714,2.0,0,35.0,166.66666666666669,1.0,0,30.0,4,-6.249378224974199,-6.713333333333334,17.226916922846833,0.0,0.15968992248062014,7.721333333333334,rookie
Nithish Kumar Reddy,1473503,2025-05-23,Sunrisers Hyderabad,Royal Challengers Bengaluru,"Bharat Ratna Shri Atal Bihari Vajpayee Ekana Cricket Stadium, Lucknow",Lucknow,2025,4,7,0,1,1,57.14285714285714,1,0.0,0.0,0.0,unknown,unknown,15.0,13.2,17.8,8.0,10.2,14.5,206.11111111111111,148.42857142857142,127.42717086834732,2.0,1.4,2.0,481.0,21,22.904761904761905,357.0,134.733893557423,56.0,15.68627450980392,17.0,20.0,133.33333333333331,1.0,0,13.0,100.0,1.0,0,4.0,10,-7.280752862548529,-1.2466666666666673,11.877148928369412,0.3245432887470099,0.35849624060150376,16.862666666666666,intermediate
PJ Cummins,1473503,2025-05-23,Sunrisers Hyderabad,Royal Challengers Bengaluru,"Bharat Ratna Shri Atal Bihari Vajpayee Ekana Cricket Stadium, Lucknow",Lucknow,2025,13,6,1,0,1,216.66666666666663,1,0.0,0.0,0.0,unknown,unknown,9.333333333333334,12.8,11.3,5.333333333333333,8.0,7.6,146.66666666666666,155.55555555555557,148.26649958228907,1.0,1.8,1.6,599.0,47,12.74468085106383,394.0,152.03045685279187,79.0,20.050761421319795,33.0,37.0,193.17810457516345,3.0,1,0.0,0.0,0.0,0,21.0,8,-1.2329515515284502,-2.6133333333333333,9.177871939253311,0.19398525463134686,0.3912035333087965,12.157333333333332,intermediate
KL Rahul,1485779,2025-05-24,Delhi Capitals,Punjab Kings,"Sawai Mansingh Stadium, Jaipur",Jaipur,2025,35,21,7,1,2,166.66666666666669,0,0.0,0.0,0.0,unknown,unknown,44.333333333333336,36.2,41.9,28.33333333333333,25.8,28.6,142.35653235653237,134.43956043956044,142.73398299813394,7.0,5.0,5.5,5200.0,134,38.80597014925373,3815.0,136.3040629095675,654.0,17.142857142857142,114.0,0.0,0.0,0.0,0,33.714285714285715,125.92525687825012,14.0,0,3.0,12,-2.177119038282784,-6.386666666666665,36.31788662475956,0.26425405228356447,0.6283116883116884,37.97066666666667,veteran
T Stubbs,1485779,2025-05-24,Delhi Capitals,Punjab Kings,"Sawai Mansingh Stadium, Jaipur",Jaipur,2025,18,14,2,0,2,128.57142857142858,0,0.0,0.0,0.0,unknown,unknown,21.33333333333333,19.8,23.3,16.666666666666668,14.2,15.0,124.6296296296296,119.2222222222222,134.44738658239802,2.0,2.4,2.8,693.0,29,23.89655172413793,417.0,166.18705035971223,87.0,20.863309352517987,17.0,19.5,111.45833333333334,4.0,1,11.0,113.63636363636364,3.0,0,3.0,12,0.4595508680336266,-1.3466666666666676,16.4522879192463,0.3867823616955522,0.24312814556716994,25.222666666666665,intermediate
F du Plessis,1485779,2025-05-24,Delhi Capitals,Punjab Kings,"Sawai Mansingh Stadium, Jaipur",Jaipur,2025,23,15,3,1,2,153.33333333333334,0,0.0,0.0,0.0,unknown,unknown,4.666666666666667,19.6,25.0,8.333333333333334,18.8,19.9,57.73809523809516,80.42467532467532,103.68812113812116,0.3333333333333333,2.4,3.2,4750.0,146,32.534246575342465,3491.0,136.06416499570324,611.0,17.502148381552562,134.0,43.0,143.33333333333334,1.0,0,32.68421052631579,122.30789349101812,19.0,0,3.0,8,-8.199116850700525,-4.853333333333332,22.847319317591733,0.15015425553408193,0.35381019167835437,23.80933333333333,veteran
KK Nair,1485779,2025-05-24,Delhi Capitals,Punjab Kings,"Sawai Mansingh Stadium, Jaipur",Jaipur,2025,44,26,7,1,2,169.23076923076923,0,0.0,0.0,0.0,unknown,unknown,6.333333333333333,13.0,17.0,6.0,9.0,10.9,71.79487179487177,110.85470085470084,93.67735042735043,1.0,2.0,2.8,1650.0,75,22.0,1257.0,131.26491646778044,227.0,18.05887032617343,71.0,0.0,0.0,0.0,0,24.5,111.42262549824645,10.0,0,19.0,7,-0.3015797458658739,-0.24666666666666687,27.15388247255507,0.0,0.593939393939394,19.238666666666667,experienced
M Jansen,1485779,2025-05-24,Punjab Kings,Delhi Capitals,"Sawai Mansingh Stadium, Jaipur",Jaipur,2025,0,2,0,1,1,0.0,1,0.0,0.0,0.0,unknown,unknown,10.666666666666666,7.6,9.6,9.666666666666666,7.2,8.0,122.61904761904763,103.57142857142858,103.8471177944862,1.0,0.6,0.9,141.0,19,7.421052631578948,127.0,111.0236220472441,14.0,11.023622047244094,11.0,8.0,160.0,1.0,0,0.0,0.0,0.0,0,24.0,7,4.3745966632266935,2.8,11.63519564845292,0.0,0.264,11.088,rookie
Ramandeep Singh,1473505,2025-05-25,Kolkata Knight Riders,Sunrisers Hyderabad,"Arun Jaitley Stadium, Delhi",Delhi,2025,13,5,2,1,2,260.0,0,0.0,0.0,0.0,unknown,unknown,1.6666666666666667,5.6,8.4,2.333333333333333,4.2,5.1,50.0,76.66666666666666,132.91666666666666,0.0,0.6,1.0,204.0,19,10.736842105263158,130.0,156.92307692307693,24.0,18.461538461538463,10.0,9.666666666666666,181.1111111111111,3.0,1,24.5,226.04166666666663,2.0,0,18.0,6,-1.958267113863089,-3.606666666666667,9.347608131376592,0.07137241543004688,0.12307692307692308,8.538666666666668,rookie
Mohammed Siraj,1473504,2025-05-25,Gujarat Titans,Chennai Super Kings,"Narendra Modi Stadium, Ahmedabad",Ahmedabad,2025,3,4,0,0,2,75.0,0,0.0,0.0,0.0,unknown,unknown,4.333333333333333,5.4,6.3,3.333333333333333,5.6,6.8,83.33333333333333,83.84615384615384,76.22177822177822,0.6666666666666666,0.8,0.9,109.0,20,5.45,117.0,93.16239316239316,14.0,11.965811965811966,10.0,0.0,0.0,0.0,0,5.0,84.12698412698411,3.0,1,90.0,0,0.27425782593739223,-0.9,5.396500923952688,0.12136453504245281,0.22222222222222224,5.384,rookie
SP Narine,1473505,2025-05-25,Kolkata Knight Riders,Sunrisers Hyderabad,"Arun Jaitley Stadium, Delhi",Delhi,2025,31,16,6,1,2,193.75,0,0.0,0.0,0.0,unknown,unknown,21.33333333333333,17.0,17.1,14.0,11.6,10.2,147.9711328976035,141.60319255907493,140.822963800905,3.6666666666666665,3.0,3.0,1749.0,117,14.948717948717947,1051.0,166.4129400570885,299.0,28.44909609895338,94.0,0.0,0.0,0.0,0,8.352941176470589,120.51470588235294,17.0,0,18.0,11,3.090813860920924,-1.5200000000000002,14.20836999017754,0.09719747326475654,0.7726579274966372,17.172,veteran
RK Singh,1473505,2025-05-25,Kolkata Knight Riders,Sunrisers Hyderabad,"Arun Jaitley Stadium, Delhi",Delhi,2025,9,6,1,1,2,150.0,0,0.0,0.0,0.0,unknown,unknown,21.33333333333333,16.6,19.7,12.333333333333334,12.0,12.7,203.5555555555556,150.86349206349206,157.36782955606486,3.0,2.2,2.9,1090.0,50,21.8,744.0,146.50537634408602,142.0,19.086021505376344,35.0,23.0,134.71467391304347,4.0,1,32.333333333333336,144.9439775910364,6.0,0,18.0,10,-2.4301588665068237,-0.5333333333333338,11.907513967612582,0.4172034977983284,0.5759889920880632,19.029333333333334,intermediate
DP Conway,1473504,2025-05-25,Chennai Super Kings,Gujarat Titans,"Narendra Modi Stadium, Ahmedabad",Ahmedabad,2025,52,35,8,1,1,148.57142857142858,1,0.0,0.0,0.0,unknown,unknown,7.333333333333333,20.8,31.8,7.0,16.8,23.5,78.03030303030302,93.55287569573284,112.80656066622451,1.3333333333333333,2.6,4.1,1028.0,27,38.07407407407408,735.0,139.8639455782313,143.0,19.45578231292517,24.0,2.6666666666666665,33.333333333333336,3.0,1,85.0,154.54545454545453,1.0,0,5.0,5,-4.1607434658738995,-11.220000000000002,28.75103862858214,0.24743111701511813,0.5091638795986622,32.912,intermediate
AD Russell,1473505,2025-05-25,Kolkata Knight Riders,Sunrisers Hyderabad,"Arun Jaitley Stadium, Delhi",Delhi,2025,0,1,0,1,2,0.0,0,0.0,0.0,0.0,unknown,unknown,37.333333333333336,30.0,19.1,18.33333333333333,16.2,11.5,199.2804232804233,178.47734487734488,146.76031746031745,6.666666666666667,5.4,3.4,2655.0,113,23.495575221238937,1507.0,176.17783676177837,410.0,27.2063702720637,91.0,0.0,0.0,0.0,0,19.125,131.15115914786966,16.0,0,18.0,9,-6.556101241990865,7.713333333333333,17.41933791317377,0.1937190963804923,0.5812767212148018,18.954666666666668,veteran
AM Rahane,1473505,2025-05-25,Kolkata Knight Riders,Sunrisers Hyderabad,"Arun Jaitley Stadium, Delhi",Delhi,2025,15,8,3,1,2,187.5,0,0.0,0.0,0.0,unknown,unknown,34.666666666666664,34.2,31.9,23.666666666666668,24.8,22.5,152.05627705627705,139.011544011544,140.48740910505617,4.666666666666667,4.4,4.3,5017.0,182,27.565934065934066,4013.0,125.01868925990532,635.0,15.823573386493894,166.0,26.0,125.38571994454348,5.0,1,24.571428571428573,85.67483940135324,21.0,0,18.0,11,5.39499725554822,1.6333333333333329,16.67633053162476,0.3944891271350547,0.5898461538461539,32.29866666666667,veteran
Ishan Kishan,1473505,2025-05-25,Sunrisers Hyderabad,Kolkata Knight Riders,"Arun Jaitley Stadium, Delhi",Delhi,2025,29,20,5,1,1,145.0,1,0.0,0.0,0.0,unknown,unknown,47.333333333333336,37.4,21.9,31.0,26.2,16.4,132.43464052287578,110.34313725490196,96.9810924369748,5.666666666666667,4.6,2.6,2969.0,112,26.508928571428573,2149.0,138.15728245695672,417.0,19.404374127501164,100.0,14.0,116.66666666666669,1.0,0,31.33333333333333,127.9244277228148,12.0,0,2.0,12,-7.786461925108715,4.800000000000001,29.350184553650315,0.0,0.4634353174338501,20.880000000000003,veteran
MK Pandey,1473505,2025-05-25,Kolkata Knight Riders,Sunrisers Hyderabad,"Arun Jaitley Stadium, Delhi",Delhi,2025,37,23,5,1,2,160.8695652173913,0,0.0,0.0,0.0,unknown,unknown,32.333333333333336,24.8,23.1,24.0,20.8,19.9,134.7619047619048,99.47783251231527,90.45317170153436,3.0,2.4,2.2,3914.0,159,24.61635220125786,3216.0,121.7039800995025,451.0,14.02363184079602,133.0,0.0,0.0,0.0,0,25.071428571428573,106.7501662837254,14.0,0,18.0,2,-7.326805800536549,-1.5466666666666673,17.990429554503574,0.13345223842555148,0.355058818216713,18.734666666666666,veteran
Q de Kock,1473505,2025-05-25,Kolkata Knight Riders,Sunrisers Hyderabad,"Arun Jaitley Stadium, Delhi",Delhi,2025,9,13,0,1,2,69.23076923076923,0,0.0,0.0,0.0,unknown,unknown,13.333333333333334,8.4,16.5,9.333333333333334,7.4,11.9,123.33333333333331,84.0,111.56830601092898,1.6666666666666667,1.0,2.4,3303.0,114,28.973684210526315,2452.0,134.70636215334423,459.0,18.71941272430669,107.0,55.0,130.95238095238096,1.0,0,28.857142857142858,105.2895369109291,14.0,0,40.0,7,-8.180974516971258,1.4400000000000006,29.20140788082348,0.0,0.2110144927536232,19.908,veteran
TM Head,1473505,2025-05-25,Sunrisers Hyderabad,Kolkata Knight Riders,"Arun Jaitley Stadium, Delhi",Delhi,2025,76,40,12,1,1,190.0,1,0.0,0.0,0.0,unknown,unknown,18.666666666666668,16.8,23.1,14.0,14.8,15.7,137.9166666666667,102.75,140.95357857857857,3.6666666666666665,2.8,4.1,1070.0,36,29.72222222222222,627.0,170.65390749601278,169.0,26.953748006379584,32.0,48.0,171.42857142857142,1.0,0,0.0,0.0,0.0,0,2.0,11,-7.6410124352771405,-3.9666666666666686,20.074583156043094,0.08463471439728838,0.5959133126934985,23.430666666666667,intermediate
H Klaasen,1473505,2025-05-25,Sunrisers Hyderabad,Kolkata Knight Riders,"Arun Jaitley Stadium, Delhi",Delhi,2025,105,38,16,0,1,276.3157894736842,1,0.0,0.0,0.0,unknown,unknown,31.33333333333333,34.4,32.2,19.666666666666668,22.2,21.0,160.0834350834351,145.8227883227883,149.87402131751975,3.6666666666666665,4.6,4.2,1375.0,44,31.25,825.0,166.66666666666669,171.0,20.727272727272727,36.0,10.0,100.0,2.0,0,37.0,283.06451612903226,2.0,0,2.0,12,3.357974772438754,2.2399999999999993,17.28068928666393,0.4783850598035432,0.5241954098938373,34.048,intermediate
JC Buttler,1473504,2025-05-25,Gujarat Titans,Chennai Super Kings,"Narendra Modi Stadium, Ahmedabad",Ahmedabad,2025,5,7,0,1,2,71.42857142857143,0,0.0,0.0,0.0,unknown,unknown,42.333333333333336,43.6,44.0,27.33333333333333,26.2,26.6,155.80580580580576,167.59719585806542,146.3080810385158,5.333333333333333,6.2,6.4,4116.0,118,34.88135593220339,2742.0,150.109409190372,593.0,21.62654996353027,105.0,30.916666666666668,119.72745426321784,12.0,1,27.214285714285715,105.95269171237692,14.0,1,3.0,12,13.128392979452084,7.619999999999999,28.27641341393132,0.3498312560974128,0.42737878787878786,48.692,veteran
S Dube,1473504,2025-05-25,Chennai Super Kings,Gujarat Titans,"Narendra Modi Stadium, Ahmedabad",Ahmedabad,2025,17,8,2,1,1,212.5,1,0.0,0.0,0.0,unknown,unknown,30.666666666666668,22.0,29.4,24.666666666666668,17.8,22.8,211.4583333333333,173.54166666666666,152.58548850574712,3.333333333333333,2.6,3.4,1842.0,74,24.89189189189189,1282.0,143.6817472698908,228.0,17.784711388455538,60.0,0.0,0.0,0.0,0,17.833333333333332,110.4945054945055,6.0,0,5.0,13,2.0861276532451525,-2.886666666666666,16.814015317915928,0.3849994955210231,0.4983911513323278,24.950666666666667,experienced
Abhishek Sharma,1473505,2025-05-25,Sunrisers Hyderabad,Kolkata Knight Riders,"Arun Jaitley Stadium, Delhi",Delhi,2025,32,16,6,1,1,200.0,1,0.0,0.0,0.0,unknown,unknown,55.66666666666666,35.0,37.7,25.666666666666668,17.4,19.2,229.3292682926829,157.59756097560975,143.77893921796365,8.666666666666666,5.4,6.2,1784.0,73,24.438356164383563,1092.0,163.36996336996336,269.0,24.633699633699635,66.0,13.0,130.0,1.0,0,32.5,196.50349650349648,2.0,0,2.0,12,17.580880852582904,10.546666666666667,44.43984698443504,0.0,0.5348777990353264,39.19733333333333,experienced
RA Jadeja,1473504,2025-05-25,Chennai Super Kings,Gujarat Titans,"Narendra Modi Stadium, Ahmedabad",Ahmedabad,2025,21,18,2,0,1,116.66666666666669,1,0.0,0.0,0.0,unknown,unknown,32.333333333333336,27.0,20.6,20.0,17.8,14.5,127.03703703703712,129.26143790849673,110.80387912740852,4.333333333333333,3.8,2.6,3239.0,194,16.695876288659793,2471.0,131.0805341966815,355.0,14.366653176851475,123.0,22.0,275.0,1.0,0,15.058823529411764,115.13480977675351,17.0,0,5.0,13,10.772733287528801,11.593333333333334,25.211108662651075,0.05836246098125057,0.4946376636779113,29.094666666666665,veteran
N Pooran,1473507,2025-05-27,Lucknow Super Giants,Royal Challengers Bengaluru,"Bharat Ratna Shri Atal Bihari Vajpayee Ekana Cricket Stadium, Lucknow",Lucknow,2025,13,10,1,1,1,130.0,1,0.0,0.0,0.0,unknown,unknown,35.666666666666664,28.6,32.2,18.666666666666668,15.2,16.9,171.7948717948718,175.07692307692307,172.28519356460532,5.666666666666667,4.6,5.2,2280.0,85,26.823529411764707,1345.0,169.51672862453532,324.0,24.08921933085502,66.0,0.0,0.0,0.0,0,38.875,213.504356004356,8.0,1,5.0,13,-2.7493118193283546,-16.326666666666668,28.39718295887817,0.17179709039363228,0.5664061864061865,24.486666666666668,experienced
Abdul Samad,1473507,2025-05-27,Lucknow Super Giants,Royal Challengers Bengaluru,"Bharat Ratna Shri Atal Bihari Vajpayee Ekana Cricket Stadium, Lucknow",Lucknow,2025,1,1,0,0,1,100.0,1,0.0,0.0,0.0,unknown,unknown,16.666666666666668,16.4,14.1,11.333333333333334,10.4,8.4,95.83333333333336,122.5,143.59848484848484,2.0,2.0,1.8,742.0,50,14.84,486.0,152.67489711934158,95.0,19.54732510288066,41.0,1.0,33.33333333333333,1.0,0,22.0,275.0,1.0,1,8.0,11,-0.46067404834274156,2.44,15.41608106995924,0.04980870035743792,0.10666666666666666,14.88,intermediate
RR Pant,1473507,2025-05-27,Lucknow Super Giants,Royal Challengers Bengaluru,"Bharat Ratna Shri Atal Bihari Vajpayee Ekana Cricket Stadium, Lucknow",Lucknow,2025,118,61,19,0,1,193.44262295081967,1,0.0,0.0,0.0,unknown,unknown,13.666666666666666,9.0,13.6,9.666666666666666,6.6,12.0,163.07189542483658,137.84313725490196,104.11204481792716,2.0,1.4,1.9,3448.0,122,28.262295081967213,2346.0,146.97357203751065,472.0,20.11935208866155,107.0,0.0,0.0,0.0,0,32.705882352941174,126.22027668467295,17.0,1,5.0,12,-14.727366652791607,-2.920000000000001,18.92206237291389,0.0,0.6764326069410815,12.424000000000001,veteran
MR Marsh,1473507,2025-05-27,Lucknow Super Giants,Royal Challengers Bengaluru,"Bharat Ratna Shri Atal Bihari Vajpayee Ekana Cricket Stadium, Lucknow",Lucknow,2025,67,36,9,1,1,186.11111111111111,1,0.0,0.0,0.0,unknown,unknown,60.66666666666666,52.2,43.6,36.0,33.4,27.8,116.49305555555556,124.46105072463769,117.12703073866292,9.333333333333334,7.4,6.3,1225.0,48,25.52083333333333,866.0,141.45496535796767,170.0,19.630484988452658,44.0,16.0,107.26190476190476,4.0,1,28.5,163.30497459529718,6.0,1,5.0,12,13.864237915697213,-3.7,38.24250108045876,0.19022009631577846,0.47126359154453973,36.332,intermediate
Harpreet Brar,1473508,2025-05-29,Punjab Kings,Royal Challengers Bengaluru,"Maharaja Yadavindra Singh International Cricket Stadium, Mullanpur",New Chandigarh,2025,4,11,0,1,1,36.36363636363637,1,0.0,0.0,0.0,unknown,unknown,17.666666666666668,15.4,8.4,9.0,10.0,6.2,240.81196581196585,185.4871794871795,121.74358974358977,2.6666666666666665,2.2,1.1,240.0,25,9.6,192.0,125.0,29.0,15.104166666666666,12.0,0.0,0.0,0.0,0,18.0,100.0,1.0,0,5.0,1,0.6191200828157346,6.0600000000000005,10.200217862597077,0.0,0.46062011011301074,11.2,intermediate
Washington Sundar,1473509,2025-05-30,Gujarat Titans,Mumbai Indians,"Maharaja Yadavindra Singh International Cricket Stadium, New Chandigarh",New Chandigarh,2025,48,24,8,1,2,200.0,0,0.0,0.0,0.0,unknown,unknown,12.0,17.0,14.5,9.0,11.4,11.7,120.13888888888889,105.87643678160916,108.319170771757,0.6666666666666666,1.8,1.5,463.0,42,11.023809523809524,380.0,121.84210526315788,50.0,13.157894736842104,31.0,6.333333333333333,89.06926406926407,3.0,1,14.0,79.17102055033091,6.0,0,28.0,4,5.634923260308369,3.4133333333333327,14.630637564903166,0.01890697683497824,0.34725274725274724,16.206666666666667,intermediate
B Sai Sudharsan,1473509,2025-05-30,Gujarat Titans,Mumbai Indians,"Maharaja Yadavindra Singh International Cricket Stadium, New Chandigarh",New Chandigarh,2025,80,49,11,1,2,163.26530612244898,0,0.0,0.0,0.0,unknown,unknown,56.66666666666666,44.6,48.8,35.0,26.6,31.0,151.57591725214678,152.68468078607066,151.5364752286796,8.666666666666666,7.2,7.3,1713.0,39,43.92307692307692,1171.0,146.28522630230572,225.0,19.214346712211785,34.0,0.0,0.0,0.0,0,27.0,110.2532679738562,4.0,0,5.0,14,0.4102666402666415,-0.7800000000000005,29.214912478238087,0.41161515050603636,0.6579726416311782,45.92,intermediate
M Shahrukh Khan,1473509,2025-05-30,Gujarat Titans,Mumbai Indians,"Maharaja Yadavindra Singh International Cricket Stadium, New Chandigarh",New Chandigarh,2025,13,7,1,1,2,185.7142857142857,0,0.0,0.0,0.0,unknown,unknown,27.33333333333333,18.6,16.6,16.666666666666668,10.8,9.3,141.07279693486592,194.6436781609196,228.512315270936,3.6666666666666665,2.6,2.3,719.0,47,15.297872340425531,483.0,148.86128364389236,95.0,19.66873706004141,30.0,17.4,154.11111111111111,5.0,1,17.75,136.40056022408965,4.0,0,5.0,10,-0.4711687731172267,-1.6933333333333345,17.01763790894612,0.0024717231372168,0.5246963562753036,14.761333333333335,intermediate
Shubman Gill,1473509,2025-05-30,Gujarat Titans,Mumbai Indians,"Maharaja Yadavindra Singh International Cricket Stadium, New Chandigarh",New Chandigarh,2025,1,2,0,1,2,50.0,0,0.0,0.0,0.0,unknown,unknown,47.0,52.0,50.3,27.33333333333333,32.8,31.4,164.9720475192173,158.52868305698493,149.18714854603633,6.333333333333333,7.0,6.5,3865.0,113,34.203539823008846,2772.0,139.43001443001444,491.0,17.712842712842715,97.0,30.5,144.94949494949495,2.0,0,35.30769230769231,114.73448610960688,13.0,0,5.0,14,29.638205598073263,14.653333333333336,35.23902508425692,0.335576138997156,0.4435170331044299,61.79066666666667,veteran
Rashid Khan,1473509,2025-05-30,Gujarat Titans,Mumbai Indians,"Maharaja Yadavindra Singh International Cricket Stadium, New Chandigarh",New Chandigarh,2025,0,2,0,0,2,0.0,0,0.0,0.0,0.0,unknown,unknown,6.0,4.4,8.2,5.0,3.6,5.3,105.55555555555554,103.33333333333331,140.52380952380952,0.6666666666666666,0.4,1.2,585.0,65,9.0,357.0,163.8655462184874,82.0,22.969187675070028,42.0,7.0,87.5,1.0,0,10.333333333333334,93.93939393939394,3.0,0,5.0,7,-2.325022857856345,-6.326666666666666,7.1616261343977365,0.08046492600308616,0.13333333333333333,6.466666666666667,experienced
SE Rutherford,1473509,2025-05-30,Gujarat Titans,Mumbai Indians,"Maharaja Yadavindra Singh International Cricket Stadium, New Chandigarh",New Chandigarh,2025,24,15,4,1,2,160.0,0,0.0,0.0,0.0,unknown,unknown,22.0,26.2,26.7,13.666666666666666,18.6,16.9,119.7979797979798,121.09728867623603,155.2158521303258,2.6666666666666665,3.0,3.6,373.0,19,19.63157894736842,273.0,136.63003663003664,47.0,17.216117216117215,17.0,5.0,50.0,1.0,0,9.0,75.0,1.0,0,5.0,10,6.7505632954936345,1.8333333333333344,15.077945630769609,0.42965276306423084,0.4062481785859998,26.32266666666667,rookie
R Tewatia,1473509,2025-05-30,Gujarat Titans,Mumbai Indians,"Maharaja Yadavindra Singh International Cricket Stadium, New Chandigarh",New Chandigarh,2025,16,11,2,0,2,145.45454545454547,0,0.0,0.0,0.0,unknown,unknown,9.0,8.4,8.3,7.0,5.6,4.8,114.7222222222222,153.83333333333331,163.58333333333331,0.6666666666666666,0.8,1.1,1096.0,75,14.613333333333332,796.0,137.68844221105527,142.0,17.839195979899497,49.0,0.0,0.0,0.0,0,14.428571428571429,105.61224489795916,7.0,0,5.0,10,-7.6897057422075745,-4.046666666666667,7.318925239860483,0.02435799740447096,0.3632034632034632,7.926666666666667,experienced
HH Pandya,1473510,2025-06-01,Mumbai Indians,Punjab Kings,"Narendra Modi Stadium, Ahmedabad",Ahmedabad,2025,15,13,2,1,1,115.38461538461536,1,0.0,0.0,0.0,unknown,unknown,17.0,20.0,19.8,10.0,11.2,10.7,155.92592592592595,141.96135265700485,151.95686680469288,2.333333333333333,2.8,2.8,2743.0,139,19.73381294964029,1853.0,148.0302212628171,355.0,19.158121964382083,98.0,40.0,133.33333333333331,1.0,0,14.642857142857142,106.31825098460436,14.0,0,2.0,11,-1.5300376162191192,-0.8800000000000004,16.90364852134986,0.06842091079015448,0.3388344988344988,17.828,veteran
Tilak Varma,1473510,2025-06-01,Mumbai Indians,Punjab Kings,"Narendra Modi Stadium, Ahmedabad",Ahmedabad,2025,44,27,4,1,1,162.96296296296296,1,0.0,0.0,0.0,unknown,unknown,17.666666666666668,13.2,22.9,14.0,10.8,15.8,117.42424242424242,114.45454545454544,127.63891182750872,1.6666666666666667,1.2,2.7,1455.0,50,29.1,1005.0,144.77611940298507,183.0,18.2089552238806,37.0,22.27777777777778,121.0553253336243,18.0,1,33.4,147.92595068330365,5.0,0,2.0,12,-13.202076198657076,-15.153333333333332,20.770973336204868,0.233833583211959,0.22798653198653196,15.989333333333331,intermediate
RG Sharma,1473510,2025-06-01,Mumbai Indians,Punjab Kings,"Narendra Modi Stadium, Ahmedabad",Ahmedabad,2025,8,7,1,1,1,114.28571428571428,1,0.0,0.0,0.0,unknown,unknown,36.66666666666666,34.0,37.2,25.33333333333333,24.0,24.4,125.42857142857146,122.2015873015873,148.45707384403036,5.666666666666667,5.4,5.6,7040.0,266,26.46616541353384,5310.0,132.58003766478345,942.0,17.740112994350284,245.0,20.5,95.0,2.0,0,19.375,132.72624135124136,24.0,0,2.0,14,8.566208765193448,-3.533333333333334,29.81722097491091,0.13281339503442002,0.6026807760141093,30.68933333333333,veteran
SA Yadav,1473510,2025-06-01,Mumbai Indians,Punjab Kings,"Narendra Modi Stadium, Ahmedabad",Ahmedabad,2025,44,26,7,1,1,169.23076923076923,1,0.0,0.0,0.0,unknown,unknown,54.333333333333336,49.2,47.4,34.0,29.8,26.9,160.30709600477044,167.0900547043115,178.16908750253168,7.666666666666667,7.0,7.2,4267.0,150,28.446666666666665,2863.0,149.03946908836886,615.0,21.48096402375131,122.0,2.5,25.0,2.0,0,25.55555555555556,157.6654618631794,18.0,0,2.0,15,21.585204523434527,4.8466666666666685,15.43588891728192,0.6542879157658362,0.571356785488004,49.56533333333333,veteran
JM Bairstow,1473510,2025-06-01,Mumbai Indians,Punjab Kings,"Narendra Modi Stadium, Ahmedabad",Ahmedabad,2025,38,24,5,1,1,158.33333333333331,1,0.0,0.0,0.0,unknown,unknown,29.33333333333333,28.2,32.8,20.0,19.2,20.8,148.6742424242424,143.20454545454544,133.40284511314456,4.333333333333333,4.4,5.0,1636.0,51,32.07843137254902,1118.0,146.3327370304115,242.0,21.64579606440072,49.0,31.0,170.0,2.0,0,17.5,136.66666666666669,2.0,0,2.0,1,4.312295488408129,6.76,31.051212178879226,0.01066334037268762,0.5439888136416691,35.083999999999996,experienced
LS Livingstone,1473511,2025-06-03,Royal Challengers Bengaluru,Punjab Kings,"Narendra Modi Stadium, Ahmedabad",Ahmedabad,2025,25,15,2,1,1,166.66666666666669,1,0.0,0.0,0.0,unknown,unknown,2.6666666666666665,12.4,9.4,4.333333333333333,11.0,8.2,44.44444444444444,53.66666666666667,79.61111111111111,0.3333333333333333,1.4,1.2,1026.0,46,22.30434782608696,640.0,160.3125,143.0,22.34375,39.0,0.0,0.0,0.0,0,36.0,139.23853923853923,3.0,0,7.0,7,-8.008826879221216,0.6666666666666657,16.419500601419045,0.02019469508324264,0.264,14.565333333333331,intermediate
SS Iyer,1473511,2025-06-03,Punjab Kings,Royal Challengers Bengaluru,"Narendra Modi Stadium, Ahmedabad",Ahmedabad,2025,1,2,0,1,2,50.0,0,0.0,0.0,0.0,unknown,unknown,38.333333333333336,39.6,35.3,19.666666666666668,23.4,21.9,148.88888888888889,145.45454545454544,136.91324833702882,5.333333333333333,5.6,4.6,3734.0,130,28.723076923076924,2790.0,133.83512544802866,467.0,16.738351254480285,113.0,0.0,0.0,0.0,0,26.944444444444443,109.98021041910368,18.0,0,2.0,16,10.866278490750485,7.066666666666667,28.705593725110617,0.11746037840479792,0.3175082995512403,37.449333333333335,veteran
MP Stoinis,1473511,2025-06-03,Punjab Kings,Royal Challengers Bengaluru,"Narendra Modi Stadium, Ahmedabad",Ahmedabad,2025,6,2,1,1,2,300.0,0,0.0,0.0,0.0,unknown,unknown,24.0,17.6,15.4,11.333333333333334,8.2,8.3,182.09150326797385,179.2549019607843,176.01273236567354,3.6666666666666665,2.6,2.2,2020.0,98,20.612244897959183,1390.0,145.32374100719426,263.0,18.92086330935252,72.0,16.0,118.3891612200436,6.0,1,15.571428571428571,106.17419617419615,7.0,0,2.0,10,-5.047092310885633,3.8,15.247586329937208,0.045650163522324705,0.4903496503496504,17.08,experienced
RM Patidar,1473511,2025-06-03,Royal Challengers Bengaluru,Punjab Kings,"Narendra Modi Stadium, Ahmedabad",Ahmedabad,2025,26,16,3,1,1,162.5,1,0.0,0.0,0.0,unknown,unknown,15.666666666666666,12.8,18.9,10.333333333333334,10.4,14.1,166.66666666666669,134.66666666666666,123.54477889260497,1.6666666666666667,1.4,2.1,1085.0,37,29.324324324324323,703.0,154.33854907539117,141.0,20.056899004267425,35.0,49.0,159.31174089068827,2.0,0,35.666666666666664,185.43859649122803,3.0,0,5.0,13,-18.893719800778623,-11.180000000000001,17.40019156982665,0.12334813332662975,0.4304317904317904,13.180000000000001,intermediate
KH Pandya,1473511,2025-06-03,Royal Challengers Bengaluru,Punjab Kings,"Narendra Modi Stadium, Ahmedabad",Ahmedabad,2025,4,5,0,1,1,80.0,1,0.0,0.0,0.0,unknown,unknown,27.33333333333333,21.0,16.4,18.0,15.4,13.2,114.0096618357488,108.40579710144928,101.10766045548654,3.6666666666666665,2.6,1.9,1752.0,113,15.50442477876106,1318.0,132.92867981790593,218.0,16.5402124430956,79.0,12.0,133.33333333333331,1.0,0,18.071428571428573,165.81303789378325,14.0,0,11.0,6,-1.2935377777628327,3.5666666666666673,21.401972910095093,0.09553331222865055,0.34307458143074576,14.593333333333334,veteran
P Simran Singh,1473511,2025-06-03,Punjab Kings,Royal Challengers Bengaluru,"Narendra Modi Stadium, Ahmedabad",Ahmedabad,2025,26,22,2,1,2,118.1818181818182,0,0.0,0.0,0.0,unknown,unknown,12.333333333333334,17.2,39.7,11.666666666666666,12.6,23.9,109.30555555555556,138.69444444444443,158.5275054466231,2.0,3.0,6.1,1329.0,51,26.058823529411764,862.0,154.17633410672852,210.0,24.361948955916475,51.0,0.0,0.0,0.0,0,19.33333333333333,97.2224697959992,6.0,0,2.0,17,11.887647944284094,-13.646666666666667,29.189229368229498,0.3256949483055324,0.5941391941391941,33.82666666666667,experienced
Shashank Singh,1473511,2025-06-03,Punjab Kings,Royal Challengers Bengaluru,"Narendra Modi Stadium, Ahmedabad",Ahmedabad,2025,61,30,9,0,2,203.3333333333333,0,0.0,0.0,0.0,unknown,unknown,5.333333333333333,21.6,18.3,6.0,12.6,13.3,78.88888888888889,130.66666666666669,113.14884135472371,0.0,2.6,1.9,712.0,32,22.25,460.0,154.78260869565216,90.0,19.565217391304348,18.0,25.0,416.6666666666667,1.0,0,24.0,117.0,2.0,0,2.0,13,2.786021505376344,3.366666666666667,18.77971719110215,0.14143322601545247,0.22650736315643236,25.47733333333333,intermediate
V Kohli,1473511,2025-06-03,Royal Challengers Bengaluru,Punjab Kings,"Narendra Modi Stadium, Ahmedabad",Ahmedabad,2025,43,35,3,1,1,122.85714285714286,1,0.0,0.0,0.0,unknown,unknown,36.333333333333336,44.4,45.0,22.33333333333333,29.4,30.5,150.66666666666666,149.67788523533204,137.84952462824805,6.666666666666667,6.8,6.1,8628.0,259,33.31274131274131,6470.0,133.35394126738797,1063.0,16.42967542503864,230.0,5.0,125.0,1.0,0,33.34782608695652,118.06263571174998,23.0,0,5.0,14,19.306937024084032,7.360000000000002,25.08208745521617,0.43793426505248434,0.6151649023366953,51.688,veteran
N Wadhera,1473511,2025-06-03,Punjab Kings,Royal Challengers Bengaluru,"Narendra Modi Stadium, Ahmedabad",Ahmedabad,2025,15,18,1,1,2,83.33333333333334,0,0.0,0.0,0.0,unknown,unknown,19.33333333333333,28.8,21.3,13.333333333333334,18.6,13.9,118.13537675606642,128.71906389147767,135.6168418872593,2.333333333333333,3.6,3.0,704.0,30,23.466666666666665,482.0,146.05809128630705,98.0,20.33195020746888,25.0,15.8,115.28138528138528,5.0,1,0.0,0.0,0.0,0,2.0,14,0.7626182757217244,1.7133333333333325,22.326118237516244,0.046137196266271316,0.30333333333333334,23.962666666666667,intermediate
JM Sharma,1473511,2025-06-03,Royal Challengers Bengaluru,Punjab Kings,"Narendra Modi Stadium, Ahmedabad",Ahmedabad,2025,24,10,4,1,1,240.0,1,0.0,0.0,0.0,unknown,unknown,38.66666666666666,29.4,23.7,18.33333333333333,14.6,13.7,171.04166666666666,170.125,147.41383287764864,6.0,4.6,3.7,967.0,46,21.02173913043478,618.0,156.4724919093851,135.0,21.84466019417476,38.0,27.33333333333333,279.8941798941799,3.0,1,17.0,167.88672438672438,5.0,0,7.0,10,-3.1796302181135347,-1.9266666666666672,24.94460529520027,0.17222881685151198,0.6393837535014006,17.266666666666666,intermediate
PD Salt,1473511,2025-06-03,Royal Challengers Bengaluru,Punjab Kings,"Narendra Modi Stadium, Ahmedabad",Ahmedabad,2025,16,9,3,1,1,177.77777777777777,1,0.0,0.0,0.0,unknown,unknown,49.333333333333336,35.0,29.9,25.666666666666668,20.6,17.1,188.4340480831709,142.33579116874313,154.75909605057203,8.0,5.6,5.0,1040.0,33,31.51515151515152,586.0,177.47440273037543,175.0,29.86348122866894,31.0,5.0,166.66666666666669,1.0,0,37.66666666666666,101.1904761904762,3.0,0,5.0,12,-2.526949472477837,2.980000000000001,24.582966098951985,0.13656843365347174,0.6777773839064162,29.084000000000003,intermediate
B Kumar,1473511,2025-06-03,Royal Challengers Bengaluru,Punjab Kings,"Narendra Modi Stadium, Ahmedabad",Ahmedabad,2025,1,2,0,1,1,50.0,1,0.0,0.0,0.0,unknown,unknown,4.0,2.6,3.6,6.333333333333333,4.6,5.2,78.84615384615385,57.30769230769231,59.48717948717949,0.3333333333333333,0.2,0.4,319.0,70,4.557142857142857,348.0,91.66666666666666,34.0,9.770114942528735,36.0,8.0,88.88888888888889,1.0,0,1.5,50.0,2.0,0,11.0,5,-2.696943591075743,-3.6733333333333333,4.29987079909256,0.0,0.1,2.4653333333333336,experienced
MA Agarwal,1473511,2025-06-03,Royal Challengers Bengaluru,Punjab Kings,"Narendra Modi Stadium, Ahmedabad",Ahmedabad,2025,24,18,3,1,1,133.33333333333331,1,0.0,0.0,0.0,unknown,unknown,23.666666666666668,18.4,24.1,15.333333333333334,13.8,16.5,144.80490523968783,122.37313922224408,129.26301490495865,3.0,2.4,3.4,2740.0,124,22.096774193548388,2035.0,134.64373464373466,372.0,18.28009828009828,118.0,25.125,97.4040120507512,8.0,1,17.0,109.23643410852712,13.0,0,5.0,3,0.2312420465031793,-8.986666666666666,23.614731748541107,0.0382806852681327,0.5566040378107131,20.206666666666667,veteran
