player,venue,venue_runs_avg,venue_strike_rate_avg
A Ashish Reddy,Dr. Y.S. Rajasekhara Reddy ACA-VDCA Cricket Stadium,14.0,165.97222222222223
A Ashish Reddy,Eden Gardens,4.0,80.0
A Ashish Reddy,Feroz Shah Kotla,16.0,177.77777777777777
A Ashish Reddy,M Chinnaswamy Stadium,17.5,126.38888888888889
A Ashish Reddy,"MA Chidambaram Stadium, Chepauk",19.5,162.5
A Ashish Reddy,Maharashtra Cricket Association Stadium,19.0,126.66666666666666
A Ashish Reddy,"Punjab Cricket Association Stadium, Mohali",22.0,275.0
A Ashish Reddy,"Rajiv Gandhi International Stadium, Uppal",8.454545454545455,124.31818181818181
A Ashish Reddy,Sawai Mansingh Stadium,14.0,127.27272727272728
A Ashish Reddy,Wankhede Stadium,10.0,100.0
A Badoni,"Arun Jaitley Stadium, Delhi",6.0,66.66666666666666
A Badoni,"Bharat Ratna Shri Atal Bihari Vajpayee Ekana Cricket Stadium, Lucknow",22.11764705882353,133.08525581745397
A Badoni,"Brabourne Stadium, Mumbai",9.5,105.55555555555556
A Badoni,"Dr DY Patil Sports Academy, Mumbai",14.0,197.22222222222226
A Badoni,"Dr. Y.S. Rajasekhara Reddy ACA-VDCA Cricket Stadium, Visakhapatnam",4.0,80.0
A Badoni,"Eden Gardens, Kolkata",27.0,113.22751322751323
A Badoni,"Himachal Pradesh Cricket Association Stadium, Dharamsala",74.0,185.0
A Badoni,"M Chinnaswamy Stadium, Bengaluru",15.0,62.5
A Badoni,"MA Chidambaram Stadium, Chepauk, Chennai",12.0,71.03174603174602
A Badoni,"Maharashtra Cricket Association Stadium, Pune",9.0,85.35353535353535
A Badoni,"Narendra Modi Stadium, Ahmedabad",21.0,190.9090909090909
A Badoni,"Punjab Cricket Association IS Bindra Stadium, Mohali, Chandigarh",43.0,186.95652173913044
A Badoni,"Rajiv Gandhi International Stadium, Uppal, Hyderabad",30.5,141.66666666666663
A Badoni,"Sawai Mansingh Stadium, Jaipur",17.333333333333332,64.01960784313725
A Badoni,"Wankhede Stadium, Mumbai",26.0,141.8999049730757
A Manohar,"Bharat Ratna Shri Atal Bihari Vajpayee Ekana Cricket Stadium, Lucknow",7.5,84.54545454545453
A Manohar,"Dr DY Patil Sports Academy, Mumbai",26.666666666666668,123.41269841269843
A Manohar,"Dr. Y.S. Rajasekhara Reddy ACA-VDCA Cricket Stadium, Visakhapatnam",4.0,66.66666666666666
A Manohar,"Maharashtra Cricket Association Stadium, Pune",6.5,75.0
A Manohar,"Narendra Modi Stadium, Ahmedabad",23.4,143.72460872460871
A Manohar,"Rajiv Gandhi International Stadium, Uppal, Hyderabad",15.0,49.84984984984984
A Manohar,"Sawai Mansingh Stadium, Jaipur",1.0,50.0
A Manohar,"Wankhede Stadium, Mumbai",5.666666666666667,93.65079365079366
A Mishra,Arun Jaitley Stadium,3.5,62.5
A Mishra,Barabati Stadium,0.5,50.0
A Mishra,"Bharat Ratna Shri Atal Bihari Vajpayee Ekana Cricket Stadium, Lucknow",19.0,63.33333333333333
A Mishra,Brabourne Stadium,6.5,54.166666666666664
A Mishra,Dr. Y.S. Rajasekhara Reddy ACA-VDCA Cricket Stadium,2.0,67.5
A Mishra,Eden Gardens,10.2,107.375
A Mishra,Feroz Shah Kotla,7.0,105.56832056832057
A Mishra,Green Park,8.0,400.0
A Mishra,Kingsmead,2.0,66.66666666666666
A Mishra,M.Chinnaswamy Stadium,8.0,57.14285714285714
A Mishra,MA Chidambaram Stadium,8.0,72.72727272727273
A Mishra,"MA Chidambaram Stadium, Chepauk",7.0,70.47619047619048
A Mishra,Maharashtra Cricket Association Stadium,30.0,125.0
A Mishra,Nehru Stadium,0.0,0.0
A Mishra,New Wanderers Stadium,11.0,137.5
A Mishra,"Punjab Cricket Association IS Bindra Stadium, Mohali",4.0,44.44444444444444
A Mishra,"Rajiv Gandhi International Stadium, Uppal",7.142857142857143,80.93984962406014
A Mishra,"Sardar Patel Stadium, Motera",0.0,0.0
A Mishra,Sawai Mansingh Stadium,12.5,77.5
A Mishra,Sharjah Cricket Stadium,4.0,80.0
A Mishra,SuperSport Park,4.333333333333333,108.33333333333333
A Mishra,Wankhede Stadium,7.0,118.8888888888889
A Symonds,Barabati Stadium,44.0,142.6535087719298
A Symonds,Brabourne Stadium,21.0,116.66666666666669
A Symonds,De Beers Diamond Oval,45.0,164.66165413533832
A Symonds,Dr DY Patil Sports Academy,6.8,60.35353535353536
A Symonds,Eden Gardens,38.5,101.83645183645184
A Symonds,Feroz Shah Kotla,54.0,180.0
A Symonds,Himachal Pradesh Cricket Association Stadium,4.0,66.66666666666666
A Symonds,Kingsmead,41.0,186.3636363636364
A Symonds,M Chinnaswamy Stadium,53.0,220.8333333333333
A Symonds,"MA Chidambaram Stadium, Chepauk",50.0,116.27906976744188
A Symonds,New Wanderers Stadium,19.0,139.15413533834587
A Symonds,"Punjab Cricket Association Stadium, Mohali",8.0,133.33333333333331
A Symonds,"Rajiv Gandhi International Stadium, Uppal",57.666666666666664,150.2136752136752
A Symonds,"Sardar Patel Stadium, Motera",22.0,157.14285714285714
A Symonds,Sawai Mansingh Stadium,17.0,65.38461538461539
A Symonds,SuperSport Park,21.0,140.0
A Symonds,"Vidarbha Cricket Association Stadium, Jamtha",20.333333333333332,98.89154704944178
A Symonds,Wankhede Stadium,12.6,86.93387314439947
AB de Villiers,Arun Jaitley Stadium,44.5,142.03413940256047
AB de Villiers,Barabati Stadium,27.0,103.84615384615384
AB de Villiers,Brabourne Stadium,4.0,57.14285714285714
AB de Villiers,Buffalo Park,50.0,131.57894736842107
AB de Villiers,Dr DY Patil Sports Academy,21.0,123.52941176470588
AB de Villiers,Dubai International Cricket Stadium,28.833333333333332,162.10482804232802
AB de Villiers,Eden Gardens,22.714285714285715,127.86032807771937
AB de Villiers,Feroz Shah Kotla,10.0,120.98039215686273
AB de Villiers,Himachal Pradesh Cricket Association Stadium,34.0,125.92592592592592
AB de Villiers,Holkar Cricket Stadium,89.0,193.4782608695652
AB de Villiers,JSCA International Stadium Complex,19.0,120.20202020202021
AB de Villiers,Kingsmead,74.5,158.33333333333334
AB de Villiers,M Chinnaswamy Stadium,30.456521739130434,145.64577967712106
AB de Villiers,M.Chinnaswamy Stadium,47.666666666666664,164.98078137660136
AB de Villiers,MA Chidambaram Stadium,9.0,90.0
AB de Villiers,"MA Chidambaram Stadium, Chepauk",31.285714285714285,160.21954236239952
AB de Villiers,"MA Chidambaram Stadium, Chepauk, Chennai",41.666666666666664,140.43572984749457
AB de Villiers,Maharashtra Cricket Association Stadium,38.25,104.15474828375287
AB de Villiers,"Narendra Modi Stadium, Ahmedabad",39.0,105.95238095238096
AB de Villiers,Nehru Stadium,54.0,135.0
AB de Villiers,New Wanderers Stadium,22.666666666666668,73.85057471264368
AB de Villiers,OUTsurance Oval,45.0,123.14814814814815
AB de Villiers,Punjab Cricket Association IS Bindra Stadium,59.0,155.26315789473685
AB de Villiers,"Punjab Cricket Association IS Bindra Stadium, Mohali",64.0,182.8571428571429
AB de Villiers,"Punjab Cricket Association Stadium, Mohali",26.75,124.57264957264957
AB de Villiers,Rajiv Gandhi International Stadium,3.0,56.25
AB de Villiers,"Rajiv Gandhi International Stadium, Uppal",16.0,70.76537433155082
AB de Villiers,"Sardar Patel Stadium, Motera",31.0,100.36764705882352
AB de Villiers,Saurashtra Cricket Association Stadium,20.0,125.0
AB de Villiers,Sawai Mansingh Stadium,33.2,163.3004773004773
AB de Villiers,Shaheed Veer Narayan Singh International Stadium,6.0,75.0
AB de Villiers,Sharjah Cricket Stadium,22.285714285714285,116.98322510822511
AB de Villiers,Sheikh Zayed Stadium,23.6,109.0
AB de Villiers,St George's Park,21.0,91.30434782608695
AB de Villiers,Subrata Roy Sahara Stadium,29.5,221.19565217391306
AB de Villiers,SuperSport Park,21.75,101.09126984126983
AB de Villiers,Wankhede Stadium,37.875,128.62022011869882
AB de Villiers,"Wankhede Stadium, Mumbai",4.0,44.44444444444444
AB de Villiers,"Zayed Cricket Stadium, Abu Dhabi",9.5,73.07692307692307
AC Gilchrist,Barabati Stadium,28.5,223.21428571428572
AC Gilchrist,Brabourne Stadium,19.0,135.71428571428572
AC Gilchrist,Buffalo Park,0.0,0.0
AC Gilchrist,De Beers Diamond Oval,15.0,112.12121212121211
AC Gilchrist,Dr DY Patil Sports Academy,30.5,99.08899020601149
AC Gilchrist,Eden Gardens,18.0,108.27513227513228
AC Gilchrist,Feroz Shah Kotla,18.0,149.47916666666669
AC Gilchrist,Himachal Pradesh Cricket Association Stadium,36.875,133.11691319843493
AC Gilchrist,Holkar Cricket Stadium,9.0,60.0
AC Gilchrist,Kingsmead,47.666666666666664,200.17278043593834
AC Gilchrist,M Chinnaswamy Stadium,31.75,104.1843877370193
AC Gilchrist,"MA Chidambaram Stadium, Chepauk",46.0,191.1764705882353
AC Gilchrist,New Wanderers Stadium,22.0,105.21091811414392
AC Gilchrist,Newlands,42.0,137.97979797979798
AC Gilchrist,"Punjab Cricket Association Stadium, Mohali",23.083333333333332,118.15351519395637
AC Gilchrist,"Rajiv Gandhi International Stadium, Uppal",22.444444444444443,108.79920265534076
AC Gilchrist,"Sardar Patel Stadium, Motera",1.0,33.33333333333333
AC Gilchrist,Sawai Mansingh Stadium,29.333333333333332,95.30228758169933
AC Gilchrist,St George's Park,39.0,111.42857142857144
AC Gilchrist,Subrata Roy Sahara Stadium,10.5,102.27272727272727
AC Gilchrist,SuperSport Park,33.25,146.77899686520377
AC Gilchrist,"Vidarbha Cricket Association Stadium, Jamtha",13.666666666666666,95.83333333333333
AC Gilchrist,Wankhede Stadium,0.0,0.0
AD Mathews,Brabourne Stadium,9.5,97.05882352941177
AD Mathews,Dr DY Patil Sports Academy,65.0,144.44444444444443
AD Mathews,Dr. Y.S. Rajasekhara Reddy ACA-VDCA Cricket Stadium,15.0,136.36363636363637
AD Mathews,Eden Gardens,21.666666666666668,123.54688521355187
AD Mathews,Feroz Shah Kotla,14.714285714285714,142.43197278911563
AD Mathews,M Chinnaswamy Stadium,4.0,75.3968253968254
AD Mathews,"MA Chidambaram Stadium, Chepauk",37.5,111.36363636363636
AD Mathews,Maharashtra Cricket Association Stadium,13.0,141.66666666666669
AD Mathews,"Punjab Cricket Association Stadium, Mohali",15.0,147.4747474747475
AD Mathews,"Rajiv Gandhi International Stadium, Uppal",19.5,134.05797101449275
AD Mathews,Sawai Mansingh Stadium,20.5,120.52631578947367
AD Mathews,Subrata Roy Sahara Stadium,15.25,97.4135623148781
AD Mathews,SuperSport Park,16.0,123.07692307692308
AD Mathews,Wankhede Stadium,15.5,112.77777777777777
AD Russell,Arun Jaitley Stadium,55.0,183.33333333333334
AD Russell,"Arun Jaitley Stadium, Delhi",18.333333333333332,103.82317801672639
AD Russell,"Bharat Ratna Shri Atal Bihari Vajpayee Ekana Cricket Stadium, Lucknow",12.0,150.0
AD Russell,Brabourne Stadium,37.0,185.0
AD Russell,"Brabourne Stadium, Mumbai",24.333333333333332,103.42857142857143
AD Russell,"Dr DY Patil Sports Academy, Mumbai",21.75,141.08585858585857
AD Russell,Dr. Y.S. Rajasekhara Reddy ACA-VDCA Cricket Stadium,19.0,190.0
AD Russell,"Dr. Y.S. Rajasekhara Reddy ACA-VDCA Cricket Stadium, Visakhapatnam",41.0,215.7894736842105
AD Russell,Dubai International Cricket Stadium,24.5,199.35064935064935
AD Russell,Eden Gardens,29.125,179.84839654561983
AD Russell,"Eden Gardens, Kolkata",21.38888888888889,142.4841552351087
AD Russell,Feroz Shah Kotla,18.333333333333332,155.00000000000003
AD Russell,Holkar Cricket Stadium,31.0,221.42857142857144
AD Russell,JSCA International Stadium Complex,1.0,20.0
AD Russell,M Chinnaswamy Stadium,42.0,213.6029411764706
AD Russell,"M Chinnaswamy Stadium, Bengaluru",1.0,50.0
AD Russell,M.Chinnaswamy Stadium,24.0,200.0
AD Russell,MA Chidambaram Stadium,69.0,179.04040404040407
AD Russell,"MA Chidambaram Stadium, Chepauk",10.0,122.72727272727273
AD Russell,"MA Chidambaram Stadium, Chepauk, Chennai",11.4,106.07936507936509
AD Russell,"Maharaja Yadavindra Singh International Cricket Stadium, Mullanpur",17.0,154.54545454545453
AD Russell,Maharashtra Cricket Association Stadium,41.5,168.9393939393939
AD Russell,"Maharashtra Cricket Association Stadium, Pune",35.0,210.61403508771932
AD Russell,"Narendra Modi Stadium, Ahmedabad",18.666666666666668,109.25925925925928
AD Russell,Punjab Cricket Association IS Bindra Stadium,24.0,171.42857142857142
AD Russell,"Punjab Cricket Association IS Bindra Stadium, Mohali, Chandigarh",35.0,194.44444444444443
AD Russell,Rajiv Gandhi International Stadium,9.5,133.33333333333334
AD Russell,"Rajiv Gandhi International Stadium, Uppal",2.0,40.0
AD Russell,"Rajiv Gandhi International Stadium, Uppal, Hyderabad",24.0,160.0
AD Russell,"Sardar Patel Stadium, Motera",1.0,33.33333333333333
AD Russell,Sharjah Cricket Stadium,14.5,172.85714285714283
AD Russell,Sheikh Zayed Stadium,7.8,108.0
AD Russell,Wankhede Stadium,8.25,69.375
AD Russell,"Wankhede Stadium, Mumbai",23.714285714285715,176.4122576930459
AD Russell,"Zayed Cricket Stadium, Abu Dhabi",20.0,133.33333333333331
AJ Finch,Arun Jaitley Stadium,2.0,50.0
AJ Finch,"Brabourne Stadium, Mumbai",32.5,173.5714285714286
AJ Finch,Dr DY Patil Sports Academy,25.0,208.3333333333333
AJ Finch,Dubai International Cricket Stadium,27.666666666666668,112.35885056010844
AJ Finch,Eden Gardens,23.2,164.5079365079365
AJ Finch,Feroz Shah Kotla,15.333333333333334,80.36079782790308
AJ Finch,Green Park,24.25,89.15830546265329
AJ Finch,Holkar Cricket Stadium,30.0,141.52173913043478
AJ Finch,JSCA International Stadium Complex,27.5,191.66666666666663
AJ Finch,M Chinnaswamy Stadium,28.166666666666668,127.979302832244
AJ Finch,M.Chinnaswamy Stadium,0.0,0.0
AJ Finch,"MA Chidambaram Stadium, Chepauk",67.0,148.88888888888889
AJ Finch,Maharashtra Cricket Association Stadium,11.0,135.47008547008545
AJ Finch,"Maharashtra Cricket Association Stadium, Pune",14.0,100.0
AJ Finch,Punjab Cricket Association IS Bindra Stadium,7.0,116.66666666666664
AJ Finch,"Punjab Cricket Association IS Bindra Stadium, Mohali",38.0,128.72340425531917
AJ Finch,"Punjab Cricket Association Stadium, Mohali",64.0,152.38095238095238
AJ Finch,Rajiv Gandhi International Stadium,8.0,200.0
AJ Finch,"Rajiv Gandhi International Stadium, Uppal",23.0,86.31961484496047
AJ Finch,"Sardar Patel Stadium, Motera",9.5,80.71428571428572
AJ Finch,Saurashtra Cricket Association Stadium,17.0,106.46747076023392
AJ Finch,Sawai Mansingh Stadium,28.0,109.59821428571428
AJ Finch,Shaheed Veer Narayan Singh International Stadium,37.0,112.12121212121212
AJ Finch,Sharjah Cricket Stadium,32.5,117.9075504075504
AJ Finch,Sheikh Zayed Stadium,14.5,84.28571428571429
AJ Finch,Subrata Roy Sahara Stadium,26.833333333333332,131.41143678740795
AJ Finch,Wankhede Stadium,30.25,78.16137566137566
AJ Finch,"Wankhede Stadium, Mumbai",3.5,49.99999999999999
AK Markram,"Arun Jaitley Stadium, Delhi",4.5,47.43589743589743
AK Markram,"Bharat Ratna Shri Atal Bihari Vajpayee Ekana Cricket Stadium, Lucknow",36.857142857142854,129.2238052000361
AK Markram,"Brabourne Stadium, Mumbai",55.0,178.44444444444446
AK Markram,"Dr DY Patil Sports Academy, Mumbai",21.666666666666668,131.38651471984807
AK Markram,"Dr. Y.S. Rajasekhara Reddy ACA-VDCA Cricket Stadium, Visakhapatnam",15.0,115.38461538461536
AK Markram,Dubai International Cricket Stadium,19.0,135.0
AK Markram,"Eden Gardens, Kolkata",38.333333333333336,166.2087912087912
AK Markram,"Himachal Pradesh Cricket Association Stadium, Dharamsala",13.0,130.0
AK Markram,"M Chinnaswamy Stadium, Bengaluru",32.0,200.0
AK Markram,"MA Chidambaram Stadium, Chepauk, Chennai",16.25,91.23913043478261
AK Markram,"Maharaja Yadavindra Singh International Cricket Stadium, Mullanpur",0.0,0.0
AK Markram,"Maharashtra Cricket Association Stadium, Pune",35.333333333333336,145.67479674796746
AK Markram,"Narendra Modi Stadium, Ahmedabad",21.0,113.1578947368421
AK Markram,"Rajiv Gandhi International Stadium, Uppal, Hyderabad",24.9,109.94911297852475
AK Markram,"Sawai Mansingh Stadium, Jaipur",36.0,133.33333333333331
AK Markram,Sharjah Cricket Stadium,23.5,113.61607142857143
AK Markram,"Wankhede Stadium, Mumbai",20.333333333333332,109.80660951249187
AK Markram,"Zayed Cricket Stadium, Abu Dhabi",42.0,144.82758620689654
AL Menaria,Eden Gardens,11.0,70.09803921568627
AL Menaria,Feroz Shah Kotla,1.0,50.0
AL Menaria,Holkar Cricket Stadium,31.0,110.71428571428572
AL Menaria,"MA Chidambaram Stadium, Chepauk",19.0,65.44117647058823
AL Menaria,"Punjab Cricket Association Stadium, Mohali",34.0,128.34757834757835
AL Menaria,"Rajiv Gandhi International Stadium, Uppal",20.0,117.64705882352942
AL Menaria,Sawai Mansingh Stadium,15.25,100.86580086580086
AL Menaria,Subrata Roy Sahara Stadium,18.0,85.71428571428571
AL Menaria,Wankhede Stadium,20.0,133.33333333333331
AM Nayar,Buffalo Park,14.0,70.60439560439562
AM Nayar,Dr DY Patil Sports Academy,18.166666666666668,100.20750090409534
AM Nayar,Dubai International Cricket Stadium,5.0,71.42857142857143
AM Nayar,Eden Gardens,0.0,0.0
AM Nayar,Feroz Shah Kotla,9.0,82.05128205128204
AM Nayar,Himachal Pradesh Cricket Association Stadium,3.0,42.85714285714285
AM Nayar,Kingsmead,20.0,153.7037037037037
AM Nayar,M Chinnaswamy Stadium,4.0,73.41269841269842
AM Nayar,"MA Chidambaram Stadium, Chepauk",22.5,118.42105263157892
AM Nayar,Maharashtra Cricket Association Stadium,0.0,0.0
AM Nayar,New Wanderers Stadium,29.0,152.63157894736844
AM Nayar,Newlands,35.0,250.0
AM Nayar,"Punjab Cricket Association Stadium, Mohali",2.8,62.5
AM Nayar,"Rajiv Gandhi International Stadium, Uppal",23.333333333333332,141.34920634920636
AM Nayar,Sawai Mansingh Stadium,17.5,119.44444444444444
AM Nayar,Sharjah Cricket Stadium,23.0,121.05263157894736
AM Nayar,Sheikh Zayed Stadium,7.5,99.01960784313724
AM Nayar,St George's Park,18.0,111.11111111111111
AM Nayar,Subrata Roy Sahara Stadium,12.6,68.75457875457876
AM Nayar,SuperSport Park,2.5,62.5
AM Nayar,Wankhede Stadium,16.75,133.53174603174602
AM Rahane,Arun Jaitley Stadium,2.0,50.0
AM Rahane,"Arun Jaitley Stadium, Delhi",20.5,186.60714285714283
AM Rahane,"Barsapara Cricket Stadium, Guwahati",18.0,120.0
AM Rahane,"Bharat Ratna Shri Atal Bihari Vajpayee Ekana Cricket Stadium, Lucknow",36.0,150.0
AM Rahane,Brabourne Stadium,45.333333333333336,159.347442680776
AM Rahane,"Brabourne Stadium, Mumbai",8.0,57.14285714285714
AM Rahane,Buffalo Park,11.0,125.97402597402598
AM Rahane,Dr DY Patil Sports Academy,0.0,0.0
AM Rahane,"Dr DY Patil Sports Academy, Mumbai",17.0,97.08333333333334
AM Rahane,Dr. Y.S. Rajasekhara Reddy ACA-VDCA Cricket Stadium,30.75,88.51190476190476
AM Rahane,"Dr. Y.S. Rajasekhara Reddy ACA-VDCA Cricket Stadium, Visakhapatnam",45.0,150.0
AM Rahane,Dubai International Cricket Stadium,9.0,66.81286549707602
AM Rahane,Eden Gardens,16.0,92.3405439411537
AM Rahane,"Eden Gardens, Kolkata",50.57142857142857,164.26323383815836
AM Rahane,Feroz Shah Kotla,36.0,101.68040293040293
AM Rahane,"Himachal Pradesh Cricket Association Stadium, Dharamsala",9.0,128.57142857142858
AM Rahane,Holkar Cricket Stadium,10.666666666666666,95.66137566137566
AM Rahane,JSCA International Stadium Complex,4.0,57.14285714285714
AM Rahane,Kingsmead,3.0,42.85714285714285
AM Rahane,M Chinnaswamy Stadium,49.0,132.52331002331002
AM Rahane,"M Chinnaswamy Stadium, Bengaluru",35.0,167.5
AM Rahane,M.Chinnaswamy Stadium,36.0,180.0
AM Rahane,MA Chidambaram Stadium,0.0,0.0
AM Rahane,"MA Chidambaram Stadium, Chepauk",14.5,110.49019607843138
AM Rahane,"MA Chidambaram Stadium, Chepauk, Chennai",17.75,115.50507005034869
AM Rahane,"Maharaja Yadavindra Singh International Cricket Stadium, Mullanpur",17.0,100.0
AM Rahane,Maharashtra Cricket Association Stadium,28.857142857142858,100.9681298034667
AM Rahane,"Maharashtra Cricket Association Stadium, Pune",17.5,90.15151515151516
AM Rahane,"Narendra Modi Stadium, Ahmedabad",14.0,113.84615384615385
AM Rahane,New Wanderers Stadium,0.0,0.0
AM Rahane,Punjab Cricket Association IS Bindra Stadium,26.0,123.8095238095238
AM Rahane,"Punjab Cricket Association IS Bindra Stadium, Mohali",9.0,81.81818181818183
AM Rahane,"Punjab Cricket Association Stadium, Mohali",29.0,97.40101168672597
AM Rahane,Rajiv Gandhi International Stadium,41.5,121.42857142857143
AM Rahane,"Rajiv Gandhi International Stadium, Uppal",16.8,71.90075187969924
AM Rahane,"Rajiv Gandhi International Stadium, Uppal, Hyderabad",35.0,116.66666666666669
AM Rahane,"Sardar Patel Stadium, Motera",44.0,115.36160136160137
AM Rahane,Saurashtra Cricket Association Stadium,10.5,61.76470588235294
AM Rahane,Sawai Mansingh Stadium,32.35294117647059,110.24323617043181
AM Rahane,"Sawai Mansingh Stadium, Jaipur",15.0,115.38461538461536
AM Rahane,Sharjah Cricket Stadium,10.5,121.25
AM Rahane,Sheikh Zayed Stadium,38.166666666666664,97.47367786828481
AM Rahane,St George's Park,62.0,126.53061224489797
AM Rahane,Subrata Roy Sahara Stadium,15.0,55.55555555555556
AM Rahane,SuperSport Park,28.5,78.29268292682927
AM Rahane,Wankhede Stadium,36.75,125.16150165771698
AM Rahane,"Wankhede Stadium, Mumbai",23.5,130.6785761442624
AP Tare,Barabati Stadium,2.0,66.66666666666666
AP Tare,Brabourne Stadium,10.666666666666666,88.97435897435896
AP Tare,Dubai International Cricket Stadium,15.666666666666666,120.35087719298245
AP Tare,Eden Gardens,10.75,65.74074074074073
AP Tare,Feroz Shah Kotla,12.0,135.0
AP Tare,Himachal Pradesh Cricket Association Stadium,22.0,183.3333333333333
AP Tare,M.Chinnaswamy Stadium,18.0,105.88235294117648
AP Tare,Maharashtra Cricket Association Stadium,0.0,0.0
AP Tare,"Rajiv Gandhi International Stadium, Uppal",4.0,28.57142857142857
AP Tare,Sharjah Cricket Stadium,8.0,80.0
AP Tare,Sheikh Zayed Stadium,24.0,109.09090909090908
AP Tare,Wankhede Stadium,15.857142857142858,207.3037323037323
AR Patel,Arun Jaitley Stadium,12.666666666666666,127.95738882695404
AR Patel,"Arun Jaitley Stadium, Delhi",23.529411764705884,161.39365078407783
AR Patel,Barabati Stadium,1.0,100.0
AR Patel,"Barsapara Cricket Stadium, Guwahati",2.0,33.33333333333333
AR Patel,"Bharat Ratna Shri Atal Bihari Vajpayee Ekana Cricket Stadium, Lucknow",25.0,157.72727272727275
AR Patel,"Brabourne Stadium, Mumbai",30.0,190.3361344537815
AR Patel,"Dr DY Patil Sports Academy, Mumbai",9.0,59.166666666666664
AR Patel,Dr. Y.S. Rajasekhara Reddy ACA-VDCA Cricket Stadium,1.3333333333333333,27.777777777777775
AR Patel,"Dr. Y.S. Rajasekhara Reddy ACA-VDCA Cricket Stadium, Visakhapatnam",9.666666666666666,95.83333333333333
AR Patel,Dubai International Cricket Stadium,11.428571428571429,91.8831168831169
AR Patel,Eden Gardens,7.666666666666667,133.33333333333334
AR Patel,"Eden Gardens, Kolkata",15.0,71.42857142857143
AR Patel,Feroz Shah Kotla,29.75,101.58488063660477
AR Patel,Holkar Cricket Stadium,11.714285714285714,109.9117549117549
AR Patel,M Chinnaswamy Stadium,23.25,156.27917833800186
AR Patel,"M Chinnaswamy Stadium, Bengaluru",31.0,144.17249417249417
AR Patel,M.Chinnaswamy Stadium,3.0,233.33333333333331
AR Patel,MA Chidambaram Stadium,9.0,100.0
AR Patel,"MA Chidambaram Stadium, Chepauk",9.0,90.0
AR Patel,"MA Chidambaram Stadium, Chepauk, Chennai",21.0,162.5
AR Patel,"Maharaja Yadavindra Singh International Cricket Stadium, Mullanpur",21.0,161.53846153846155
AR Patel,Maharashtra Cricket Association Stadium,15.0,101.80952380952381
AR Patel,"Maharashtra Cricket Association Stadium, Pune",8.0,200.0
AR Patel,"Narendra Modi Stadium, Ahmedabad",33.0,105.9375
AR Patel,"Punjab Cricket Association IS Bindra Stadium, Mohali",7.857142857142857,155.75396825396825
AR Patel,"Punjab Cricket Association Stadium, Mohali",15.0,94.88947833775418
AR Patel,Rajiv Gandhi International Stadium,14.0,140.0
AR Patel,"Rajiv Gandhi International Stadium, Uppal",19.333333333333332,135.48722519310755
AR Patel,"Rajiv Gandhi International Stadium, Uppal, Hyderabad",20.0,92.85714285714286
AR Patel,"Sardar Patel Stadium, Motera",12.0,171.42857142857142
AR Patel,Saurashtra Cricket Association Stadium,17.0,100.0
AR Patel,Sawai Mansingh Stadium,9.0,180.0
AR Patel,"Sawai Mansingh Stadium, Jaipur",15.0,115.38461538461536
AR Patel,Sharjah Cricket Stadium,10.2,172.57142857142858
AR Patel,Sheikh Zayed Stadium,5.75,87.14285714285714
AR Patel,Wankhede Stadium,11.0,157.05128205128204
AR Patel,"Wankhede Stadium, Mumbai",17.333333333333332,131.38655462184875
AR Patel,"Zayed Cricket Stadium, Abu Dhabi",12.0,171.42857142857142
AT Rayudu,Arun Jaitley Stadium,27.5,136.20689655172413
AT Rayudu,"Arun Jaitley Stadium, Delhi",72.0,276.9230769230769
AT Rayudu,Barabati Stadium,33.0,126.92307692307692
AT Rayudu,Brabourne Stadium,24.666666666666668,114.54570333880679
AT Rayudu,"Brabourne Stadium, Mumbai",14.333333333333334,82.3015873015873
AT Rayudu,Dr DY Patil Sports Academy,23.5,110.81349206349206
AT Rayudu,"Dr DY Patil Sports Academy, Mumbai",24.0,99.2063492063492
AT Rayudu,Dr. Y.S. Rajasekhara Reddy ACA-VDCA Cricket Stadium,11.6,107.83333333333333
AT Rayudu,Dubai International Cricket Stadium,24.916666666666668,97.03217524409955
AT Rayudu,Eden Gardens,23.6,137.24107931460873
AT Rayudu,Feroz Shah Kotla,26.0,124.95090830494556
AT Rayudu,Himachal Pradesh Cricket Association Stadium,26.0,118.1818181818182
AT Rayudu,M Chinnaswamy Stadium,33.625,106.7808914883383
AT Rayudu,"M Chinnaswamy Stadium, Bengaluru",14.0,233.3333333333333
AT Rayudu,M.Chinnaswamy Stadium,55.5,128.84615384615384
AT Rayudu,MA Chidambaram Stadium,19.77777777777778,98.87037037037038
AT Rayudu,"MA Chidambaram Stadium, Chepauk",12.4,84.78947368421052
AT Rayudu,"MA Chidambaram Stadium, Chepauk, Chennai",13.285714285714286,119.03913080383668
AT Rayudu,Maharashtra Cricket Association Stadium,33.0,121.75104596167839
AT Rayudu,"Maharashtra Cricket Association Stadium, Pune",28.0,139.16666666666669
AT Rayudu,"Narendra Modi Stadium, Ahmedabad",15.5,168.75
AT Rayudu,Punjab Cricket Association IS Bindra Stadium,25.0,95.0
AT Rayudu,"Punjab Cricket Association IS Bindra Stadium, Mohali",65.0,175.67567567567568
AT Rayudu,"Punjab Cricket Association Stadium, Mohali",20.2,194.63659147869674
AT Rayudu,Rajiv Gandhi International Stadium,35.0,119.1870441870442
AT Rayudu,"Rajiv Gandhi International Stadium, Uppal",35.0,111.2598798716811
AT Rayudu,Sawai Mansingh Stadium,21.4,86.46575239385217
AT Rayudu,"Sawai Mansingh Stadium, Jaipur",0.0,0.0
AT Rayudu,Sharjah Cricket Stadium,22.0,120.7967032967033
AT Rayudu,Sheikh Zayed Stadium,38.4,110.87943262411348
AT Rayudu,Subrata Roy Sahara Stadium,13.5,73.18840579710144
AT Rayudu,Wankhede Stadium,19.547619047619047,111.50575981220871
AT Rayudu,"Wankhede Stadium, Mumbai",23.375,124.60259103641457
AT Rayudu,"Zayed Cricket Stadium, Abu Dhabi",6.0,80.55555555555556
Abdul Samad,"Arun Jaitley Stadium, Delhi",17.0,140.27777777777777
Abdul Samad,"Bharat Ratna Shri Atal Bihari Vajpayee Ekana Cricket Stadium, Lucknow",10.0,132.31060606060606
Abdul Samad,"Dr DY Patil Sports Academy, Mumbai",0.0,0.0
Abdul Samad,Dubai International Cricket Stadium,15.2,131.96825396825395
Abdul Samad,"Eden Gardens, Kolkata",10.5,143.1818181818182
Abdul Samad,"Himachal Pradesh Cricket Association Stadium, Dharamsala",45.0,187.5
Abdul Samad,"M Chinnaswamy Stadium, Bengaluru",37.0,370.0
Abdul Samad,"MA Chidambaram Stadium, Chepauk, Chennai",8.166666666666666,88.42592592592592
Abdul Samad,"Maharaja Yadavindra Singh International Cricket Stadium, Mullanpur",25.0,208.3333333333333
Abdul Samad,"Maharashtra Cricket Association Stadium, Pune",4.0,66.66666666666666
Abdul Samad,"Narendra Modi Stadium, Ahmedabad",16.333333333333332,157.93650793650795
Abdul Samad,"Rajiv Gandhi International Stadium, Uppal, Hyderabad",20.285714285714285,146.98884069756937
Abdul Samad,"Sawai Mansingh Stadium, Jaipur",23.5,291.6666666666667
Abdul Samad,Sharjah Cricket Stadium,13.0,133.59788359788362
Abdul Samad,Sheikh Zayed Stadium,23.333333333333332,174.91246498599438
Abdul Samad,"Wankhede Stadium, Mumbai",2.5,62.5
Abdul Samad,"Zayed Cricket Stadium, Abu Dhabi",1.5,49.99999999999999
Abhishek Sharma,Arun Jaitley Stadium,21.0,147.3684210526316
Abhishek Sharma,"Arun Jaitley Stadium, Delhi",48.333333333333336,256.48148148148147
Abhishek Sharma,"Bharat Ratna Shri Atal Bihari Vajpayee Ekana Cricket Stadium, Lucknow",46.5,253.75
Abhishek Sharma,"Brabourne Stadium, Mumbai",19.0,104.84126984126983
Abhishek Sharma,"Dr DY Patil Sports Academy, Mumbai",40.25,130.85795454545456
Abhishek Sharma,"Dr. Y.S. Rajasekhara Reddy ACA-VDCA Cricket Stadium, Visakhapatnam",1.0,100.0
Abhishek Sharma,Dubai International Cricket Stadium,15.4,139.08333333333334
Abhishek Sharma,"Eden Gardens, Kolkata",22.0,129.99656002751976
Abhishek Sharma,"M Chinnaswamy Stadium, Bengaluru",34.0,154.54545454545453
Abhishek Sharma,"MA Chidambaram Stadium, Chepauk, Chennai",10.0,101.53846153846155
Abhishek Sharma,"Maharaja Yadavindra Singh International Cricket Stadium, Mullanpur",16.0,145.45454545454547
Abhishek Sharma,"Maharashtra Cricket Association Stadium, Pune",30.333333333333332,123.50168900512149
Abhishek Sharma,"Narendra Modi Stadium, Ahmedabad",27.75,125.1219512195122
Abhishek Sharma,Rajiv Gandhi International Stadium,3.5,116.66666666666667
Abhishek Sharma,"Rajiv Gandhi International Stadium, Uppal, Hyderabad",30.235294117647058,162.9485057426234
Abhishek Sharma,"Sawai Mansingh Stadium, Jaipur",55.0,161.76470588235296
Abhishek Sharma,Sharjah Cricket Stadium,12.0,125.12820512820512
Abhishek Sharma,Sheikh Zayed Stadium,1.5,83.33333333333333
Abhishek Sharma,Wankhede Stadium,2.0,66.66666666666666
Abhishek Sharma,"Wankhede Stadium, Mumbai",28.0,98.45734126984127
Abhishek Sharma,"Zayed Cricket Stadium, Abu Dhabi",23.0,168.125
Abishek Porel,"Arun Jaitley Stadium, Delhi",33.27272727272727,161.14360859336935
Abishek Porel,"Barsapara Cricket Stadium, Guwahati",7.0,77.77777777777779
Abishek Porel,"Bharat Ratna Shri Atal Bihari Vajpayee Ekana Cricket Stadium, Lucknow",51.0,141.66666666666669
Abishek Porel,"Dr. Y.S. Rajasekhara Reddy ACA-VDCA Cricket Stadium, Visakhapatnam",10.75,92.22222222222223
Abishek Porel,"Eden Gardens, Kolkata",18.0,120.0
Abishek Porel,"M Chinnaswamy Stadium, Bengaluru",4.666666666666667,76.38888888888889
Abishek Porel,"MA Chidambaram Stadium, Chepauk, Chennai",33.0,165.0
Abishek Porel,"Maharaja Yadavindra Singh International Cricket Stadium, Mullanpur",32.0,320.0
Abishek Porel,"Narendra Modi Stadium, Ahmedabad",16.5,207.14285714285714
Abishek Porel,"Rajiv Gandhi International Stadium, Uppal, Hyderabad",8.0,80.0
Abishek Porel,"Sawai Mansingh Stadium, Jaipur",9.0,90.0
Abishek Porel,"Wankhede Stadium, Mumbai",23.5,99.46236559139784
Anuj Rawat,"Arun Jaitley Stadium, Delhi",8.0,266.66666666666663
Anuj Rawat,"Bharat Ratna Shri Atal Bihari Vajpayee Ekana Cricket Stadium, Lucknow",9.0,81.81818181818183
Anuj Rawat,"Brabourne Stadium, Mumbai",0.0,0.0
Anuj Rawat,"Dr DY Patil Sports Academy, Mumbai",9.25,65.0
Anuj Rawat,"Eden Gardens, Kolkata",1.0,20.0
Anuj Rawat,"M Chinnaswamy Stadium, Bengaluru",14.666666666666666,105.17316017316018
Anuj Rawat,"MA Chidambaram Stadium, Chepauk, Chennai",48.0,192.0
Anuj Rawat,"Maharashtra Cricket Association Stadium, Pune",66.0,140.4255319148936
Anuj Rawat,"Sawai Mansingh Stadium, Jaipur",29.0,263.6363636363636
Anuj Rawat,Sharjah Cricket Stadium,0.0,0.0
Anuj Rawat,"Wankhede Stadium, Mumbai",10.666666666666666,84.66666666666667
Azhar Mahmood,Brabourne Stadium,6.0,85.71428571428571
Azhar Mahmood,Eden Gardens,2.0,28.57142857142857
Azhar Mahmood,Feroz Shah Kotla,9.0,128.57142857142858
Azhar Mahmood,Himachal Pradesh Cricket Association Stadium,33.5,118.5893054314107
Azhar Mahmood,M Chinnaswamy Stadium,31.5,99.39024390243902
Azhar Mahmood,"MA Chidambaram Stadium, Chepauk",18.0,150.0
Azhar Mahmood,"Punjab Cricket Association Stadium, Mohali",16.0,100.83333333333333
Azhar Mahmood,"Rajiv Gandhi International Stadium, Uppal",9.0,127.77777777777779
Azhar Mahmood,Sawai Mansingh Stadium,23.0,115.0
Azhar Mahmood,Wankhede Stadium,9.5,106.04395604395604
B Chipli,Dr DY Patil Sports Academy,5.0,125.0
B Chipli,Dr. Y.S. Rajasekhara Reddy ACA-VDCA Cricket Stadium,5.5,63.888888888888886
B Chipli,Eden Gardens,48.0,120.0
B Chipli,Feroz Shah Kotla,15.0,156.86274509803923
B Chipli,M Chinnaswamy Stadium,6.666666666666667,78.52813852813854
B Chipli,"MA Chidambaram Stadium, Chepauk",17.0,113.33333333333331
B Chipli,Nehru Stadium,4.0,40.0
B Chipli,"Rajiv Gandhi International Stadium, Uppal",16.857142857142858,111.80272108843538
B Chipli,Subrata Roy Sahara Stadium,16.0,94.11764705882352
B Chipli,Wankhede Stadium,5.5,62.12121212121212
B Kumar,"Arun Jaitley Stadium, Delhi",14.0,140.0
B Kumar,"Bharat Ratna Shri Atal Bihari Vajpayee Ekana Cricket Stadium, Lucknow",3.0,150.0
B Kumar,"Brabourne Stadium, Mumbai",5.0,166.66666666666669
B Kumar,Dr DY Patil Sports Academy,1.0,100.0
B Kumar,"Dr DY Patil Sports Academy, Mumbai",1.0,50.0
B Kumar,Dr. Y.S. Rajasekhara Reddy ACA-VDCA Cricket Stadium,1.0,50.0
B Kumar,Dubai International Cricket Stadium,4.0,88.8888888888889
B Kumar,Eden Gardens,8.0,201.78571428571428
B Kumar,Feroz Shah Kotla,1.0,50.0
B Kumar,M Chinnaswamy Stadium,3.5,75.0
B Kumar,"M Chinnaswamy Stadium, Bengaluru",3.3333333333333335,45.51282051282052
B Kumar,M.Chinnaswamy Stadium,7.0,140.0
B Kumar,"MA Chidambaram Stadium, Chepauk",2.0,50.0
B Kumar,"MA Chidambaram Stadium, Chepauk, Chennai",1.4,56.666666666666664
B Kumar,"Maharaja Yadavindra Singh International Cricket Stadium, Mullanpur",6.0,75.0
B Kumar,Maharashtra Cricket Association Stadium,0.0,0.0
B Kumar,"Maharashtra Cricket Association Stadium, Pune",4.5,92.85714285714286
B Kumar,"Narendra Modi Stadium, Ahmedabad",9.333333333333334,51.28205128205128
B Kumar,Rajiv Gandhi International Stadium,1.25,33.33333333333333
B Kumar,"Rajiv Gandhi International Stadium, Uppal",4.166666666666667,68.75
B Kumar,"Rajiv Gandhi International Stadium, Uppal, Hyderabad",5.6,100.0
B Kumar,"Sardar Patel Stadium, Motera",0.0,0.0
B Kumar,Sawai Mansingh Stadium,2.0,42.5
B Kumar,Shaheed Veer Narayan Singh International Stadium,13.0,185.7142857142857
B Kumar,Sharjah Cricket Stadium,2.0,69.44444444444444
B Kumar,Subrata Roy Sahara Stadium,6.555555555555555,89.81481481481482
B Kumar,Wankhede Stadium,5.0,90.3030303030303
B Kumar,"Wankhede Stadium, Mumbai",4.5,94.44444444444444
B Sai Sudharsan,"Arun Jaitley Stadium, Delhi",78.33333333333333,157.62750455373407
B Sai Sudharsan,"Bharat Ratna Shri Atal Bihari Vajpayee Ekana Cricket Stadium, Lucknow",43.5,153.17567567567568
B Sai Sudharsan,"Brabourne Stadium, Mumbai",23.0,128.93217893217894
B Sai Sudharsan,"Dr DY Patil Sports Academy, Mumbai",38.0,127.43764172335602
B Sai Sudharsan,"Eden Gardens, Kolkata",52.0,144.44444444444443
B Sai Sudharsan,"M Chinnaswamy Stadium, Bengaluru",27.5,89.48412698412699
B Sai Sudharsan,"MA Chidambaram Stadium, Chepauk, Chennai",37.0,119.35483870967742
B Sai Sudharsan,"Maharaja Yadavindra Singh International Cricket Stadium, Mullanpur",31.0,91.17647058823528
B Sai Sudharsan,"Maharaja Yadavindra Singh International Cricket Stadium, New Chandigarh",80.0,163.26530612244898
B Sai Sudharsan,"Narendra Modi Stadium, Ahmedabad",50.94736842105263,155.3227821390739
B Sai Sudharsan,"Punjab Cricket Association IS Bindra Stadium, Mohali, Chandigarh",19.0,95.0
B Sai Sudharsan,"Rajiv Gandhi International Stadium, Uppal, Hyderabad",5.0,55.55555555555556
B Sai Sudharsan,"Sawai Mansingh Stadium, Jaipur",37.0,125.34482758620689
B Sai Sudharsan,"Wankhede Stadium, Mumbai",5.0,100.0
BA Stokes,Arun Jaitley Stadium,1.0,50.0
BA Stokes,Dubai International Cricket Stadium,21.8,107.36198450672137
BA Stokes,Eden Gardens,12.0,95.98290598290596
BA Stokes,Feroz Shah Kotla,33.0,132.0
BA Stokes,Holkar Cricket Stadium,31.0,144.79166666666666
BA Stokes,M Chinnaswamy Stadium,2.0,66.66666666666666
BA Stokes,M.Chinnaswamy Stadium,27.0,128.57142857142858
BA Stokes,MA Chidambaram Stadium,46.0,176.9230769230769
BA Stokes,"MA Chidambaram Stadium, Chepauk, Chennai",8.0,100.0
BA Stokes,Maharashtra Cricket Association Stadium,36.2,117.24495924495925
BA Stokes,"Narendra Modi Stadium, Ahmedabad",7.0,116.66666666666669
BA Stokes,Rajiv Gandhi International Stadium,10.5,120.13888888888889
BA Stokes,"Rajiv Gandhi International Stadium, Uppal",39.0,156.0
BA Stokes,Saurashtra Cricket Association Stadium,25.0,138.88888888888889
BA Stokes,Sawai Mansingh Stadium,12.083333333333334,110.16022557689224
BA Stokes,Sheikh Zayed Stadium,58.666666666666664,181.12276612276614
BA Stokes,Wankhede Stadium,17.0,141.66666666666669
BA Stokes,"Wankhede Stadium, Mumbai",0.0,0.0
BB McCullum,Barabati Stadium,21.5,112.45210727969351
BB McCullum,Brabourne Stadium,14.0,127.27272727272728
BB McCullum,Buffalo Park,5.0,71.42857142857143
BB McCullum,Dr DY Patil Sports Academy,0.0,0.0
BB McCullum,Dubai International Cricket Stadium,38.5,96.98113207547169
BB McCullum,Eden Gardens,26.266666666666666,124.9139606611653
BB McCullum,Feroz Shah Kotla,36.333333333333336,122.4336136405102
BB McCullum,Green Park,27.0,188.88888888888889
BB McCullum,Holkar Cricket Stadium,30.5,204.25925925925924
BB McCullum,JSCA International Stadium Complex,27.0,162.05128205128204
BB McCullum,Kingsmead,16.25,119.23491379310344
BB McCullum,M Chinnaswamy Stadium,34.857142857142854,100.74577249234783
BB McCullum,M.Chinnaswamy Stadium,19.75,97.4702380952381
BB McCullum,"MA Chidambaram Stadium, Chepauk",31.5,130.64082931272847
BB McCullum,Maharashtra Cricket Association Stadium,31.0,176.2626262626263
BB McCullum,Nehru Stadium,20.0,79.10984848484848
BB McCullum,New Wanderers Stadium,13.0,155.55555555555554
BB McCullum,Newlands,2.5,36.666666666666664
BB McCullum,"Punjab Cricket Association IS Bindra Stadium, Mohali",0.0,0.0
BB McCullum,"Punjab Cricket Association Stadium, Mohali",10.5,91.66666666666667
BB McCullum,"Rajiv Gandhi International Stadium, Uppal",8.0,108.94736842105264
BB McCullum,"Sardar Patel Stadium, Motera",12.0,171.42857142857142
BB McCullum,Saurashtra Cricket Association Stadium,28.0,115.9874899373239
BB McCullum,Sawai Mansingh Stadium,2.0,50.0
BB McCullum,Shaheed Veer Narayan Singh International Stadium,11.0,52.38095238095239
BB McCullum,Sharjah Cricket Stadium,40.0,121.21212121212122
BB McCullum,Sheikh Zayed Stadium,38.0,119.44444444444444
BB McCullum,St George's Park,10.0,40.64516129032258
BB McCullum,Subrata Roy Sahara Stadium,36.0,90.72997416020672
BB McCullum,SuperSport Park,82.5,153.91214824982842
BB McCullum,Wankhede Stadium,31.714285714285715,125.64166097060834
BJ Hodge,Buffalo Park,73.0,123.72881355932203
BJ Hodge,Dr DY Patil Sports Academy,26.0,126.38888888888887
BJ Hodge,Eden Gardens,15.5,75.89225589225589
BJ Hodge,Feroz Shah Kotla,26.25,144.96442255062945
BJ Hodge,Holkar Cricket Stadium,18.5,130.39215686274514
BJ Hodge,Kingsmead,10.75,78.09837092731829
BJ Hodge,M Chinnaswamy Stadium,6.333333333333333,56.045751633986924
BJ Hodge,"MA Chidambaram Stadium, Chepauk",21.0,110.47619047619048
BJ Hodge,Nehru Stadium,21.6,113.34603174603176
BJ Hodge,New Wanderers Stadium,24.0,58.53658536585366
BJ Hodge,Newlands,18.0,81.30252100840335
BJ Hodge,"Punjab Cricket Association Stadium, Mohali",22.666666666666668,123.06397306397305
BJ Hodge,"Rajiv Gandhi International Stadium, Uppal",8.0,114.28571428571428
BJ Hodge,"Sardar Patel Stadium, Motera",38.0,119.60784313725489
BJ Hodge,Sawai Mansingh Stadium,20.266666666666666,112.74457215836527
BJ Hodge,Sheikh Zayed Stadium,1.0,12.5
BJ Hodge,St George's Park,47.0,135.94080338266383
BJ Hodge,Subrata Roy Sahara Stadium,22.0,115.78947368421052
BJ Hodge,SuperSport Park,71.0,161.36363636363637
BJ Hodge,Wankhede Stadium,26.333333333333332,160.9457671957672
C Green,"Arun Jaitley Stadium, Delhi",17.0,212.5
C Green,"Bharat Ratna Shri Atal Bihari Vajpayee Ekana Cricket Stadium, Lucknow",4.0,66.66666666666666
C Green,"Eden Gardens, Kolkata",6.0,150.0
C Green,"Himachal Pradesh Cricket Association Stadium, Dharamsala",46.0,170.37037037037038
C Green,"M Chinnaswamy Stadium, Bengaluru",17.285714285714285,121.28651460584233
C Green,"MA Chidambaram Stadium, Chepauk, Chennai",21.666666666666668,136.69301712779972
C Green,"Narendra Modi Stadium, Ahmedabad",30.0,137.7964141122036
C Green,"Punjab Cricket Association IS Bindra Stadium, Mohali, Chandigarh",23.0,127.77777777777776
C Green,"Rajiv Gandhi International Stadium, Uppal, Hyderabad",50.5,172.5
C Green,"Sawai Mansingh Stadium, Jaipur",5.0,83.33333333333334
C Green,"Wankhede Stadium, Mumbai",32.714285714285715,136.62255057603895
C de Grandhomme,Arun Jaitley Stadium,3.0,75.0
C de Grandhomme,Eden Gardens,16.25,92.68092105263158
C de Grandhomme,Feroz Shah Kotla,1.0,50.0
C de Grandhomme,M Chinnaswamy Stadium,15.5,55.35714285714286
C de Grandhomme,M.Chinnaswamy Stadium,15.0,155.81621537503892
C de Grandhomme,MA Chidambaram Stadium,4.0,66.66666666666666
C de Grandhomme,Maharashtra Cricket Association Stadium,8.0,100.0
C de Grandhomme,"Punjab Cricket Association IS Bindra Stadium, Mohali",11.0,157.14285714285714
C de Grandhomme,Rajiv Gandhi International Stadium,35.0,114.70905172413794
C de Grandhomme,"Rajiv Gandhi International Stadium, Uppal",18.0,120.0
C de Grandhomme,Sawai Mansingh Stadium,2.0,66.66666666666666
CA Lynn,Arun Jaitley Stadium,12.5,97.22222222222223
CA Lynn,Eden Gardens,30.1875,120.25897574545826
CA Lynn,Holkar Cricket Stadium,27.0,158.8235294117647
CA Lynn,M Chinnaswamy Stadium,18.75,175.5681818181818
CA Lynn,M.Chinnaswamy Stadium,52.5,131.2820512820513
CA Lynn,MA Chidambaram Stadium,11.0,68.75
CA Lynn,"MA Chidambaram Stadium, Chepauk, Chennai",49.0,140.0
CA Lynn,Punjab Cricket Association IS Bindra Stadium,46.0,209.0909090909091
CA Lynn,"Punjab Cricket Association IS Bindra Stadium, Mohali",84.0,161.53846153846155
CA Lynn,Rajiv Gandhi International Stadium,53.0,118.20880752102917
CA Lynn,"Rajiv Gandhi International Stadium, Uppal",6.0,66.66666666666666
CA Lynn,Saurashtra Cricket Association Stadium,93.0,226.8292682926829
CA Lynn,Sawai Mansingh Stadium,25.0,78.125
CA Lynn,Sharjah Cricket Stadium,45.0,145.16129032258064
CA Lynn,Sheikh Zayed Stadium,13.0,72.22222222222221
CA Lynn,Wankhede Stadium,25.0,130.66308691308691
CA Pujara,Dr DY Patil Sports Academy,10.0,62.5
CA Pujara,Dubai International Cricket Stadium,10.0,55.55555555555556
CA Pujara,Eden Gardens,22.333333333333332,94.17453891138099
CA Pujara,Feroz Shah Kotla,12.0,79.16666666666667
CA Pujara,JSCA International Stadium Complex,5.0,35.714285714285715
CA Pujara,M Chinnaswamy Stadium,13.0,113.33333333333333
CA Pujara,"MA Chidambaram Stadium, Chepauk",1.0,25.0
CA Pujara,"Punjab Cricket Association Stadium, Mohali",51.0,106.25
CA Pujara,"Rajiv Gandhi International Stadium, Uppal",25.0,166.66666666666669
CA Pujara,"Sardar Patel Stadium, Motera",29.0,116.0
CA Pujara,Sharjah Cricket Stadium,37.5,107.31907894736841
CA Pujara,Sheikh Zayed Stadium,10.5,122.14285714285714
CA Pujara,Wankhede Stadium,19.0,105.55555555555556
CH Gayle,Arun Jaitley Stadium,69.0,186.48648648648648
CH Gayle,Brabourne Stadium,75.0,125.0
CH Gayle,Buffalo Park,7.0,100.0
CH Gayle,Dubai International Cricket Stadium,25.0,185.89345437171525
CH Gayle,Eden Gardens,46.666666666666664,129.19903319892708
CH Gayle,Feroz Shah Kotla,49.666666666666664,146.14435679362342
CH Gayle,Himachal Pradesh Cricket Association Stadium,0.0,0.0
CH Gayle,Holkar Cricket Stadium,24.25,112.4570282658518
CH Gayle,JSCA International Stadium Complex,40.0,93.00516795865633
CH Gayle,Kingsmead,42.0,138.66943866943868
CH Gayle,M Chinnaswamy Stadium,36.523809523809526,131.12503800531016
CH Gayle,M.Chinnaswamy Stadium,14.5,152.5
CH Gayle,MA Chidambaram Stadium,5.0,71.42857142857143
CH Gayle,"MA Chidambaram Stadium, Chepauk",33.6,119.72948328267478
CH Gayle,"MA Chidambaram Stadium, Chepauk, Chennai",29.0,105.54621848739495
CH Gayle,Maharashtra Cricket Association Stadium,13.5,51.92307692307692
CH Gayle,"Narendra Modi Stadium, Ahmedabad",19.666666666666668,112.03703703703702
CH Gayle,Newlands,32.0,112.71929824561404
CH Gayle,Punjab Cricket Association IS Bindra Stadium,49.25,140.99899666305916
CH Gayle,"Punjab Cricket Association Stadium, Mohali",44.75,149.3770292207792
CH Gayle,Rajiv Gandhi International Stadium,13.5,118.93939393939394
CH Gayle,"Rajiv Gandhi International Stadium, Uppal",23.8,205.1428571428571
CH Gayle,"Sardar Patel Stadium, Motera",20.0,117.64705882352942
CH Gayle,Saurashtra Cricket Association Stadium,77.0,202.6315789473684
CH Gayle,Sawai Mansingh Stadium,37.6,140.76853642811088
CH Gayle,Shaheed Veer Narayan Singh International Stadium,1.0,25.0
CH Gayle,Sharjah Cricket Stadium,39.333333333333336,125.33092930658854
CH Gayle,Sheikh Zayed Stadium,55.5,110.15037593984962
CH Gayle,St George's Park,14.5,104.54545454545453
CH Gayle,Subrata Roy Sahara Stadium,39.0,145.0
CH Gayle,Wankhede Stadium,34.285714285714285,132.2244613623924
CH Gayle,"Wankhede Stadium, Mumbai",20.333333333333332,121.69312169312171
CH Gayle,"Zayed Cricket Stadium, Abu Dhabi",1.0,25.0
CH Morris,Arun Jaitley Stadium,14.0,117.77777777777777
CH Morris,Brabourne Stadium,19.0,194.54545454545453
CH Morris,Dr. Y.S. Rajasekhara Reddy ACA-VDCA Cricket Stadium,29.0,157.5
CH Morris,Dubai International Cricket Stadium,7.0,89.09090909090908
CH Morris,Eden Gardens,6.0,74.72222222222223
CH Morris,Feroz Shah Kotla,23.666666666666668,177.49669312169308
CH Morris,M.Chinnaswamy Stadium,2.0,40.0
CH Morris,MA Chidambaram Stadium,0.0,0.0
CH Morris,"MA Chidambaram Stadium, Chepauk",5.8,110.55555555555557
CH Morris,Maharashtra Cricket Association Stadium,14.666666666666666,165.74074074074073
CH Morris,Punjab Cricket Association IS Bindra Stadium,13.5,84.375
CH Morris,"Punjab Cricket Association IS Bindra Stadium, Mohali",9.5,90.83333333333334
CH Morris,Rajiv Gandhi International Stadium,4.0,50.0
CH Morris,"Sardar Patel Stadium, Motera",3.0,100.0
CH Morris,Sawai Mansingh Stadium,17.0,242.85714285714283
CH Morris,Shaheed Veer Narayan Singh International Stadium,27.0,150.0
CH Morris,Sharjah Cricket Stadium,9.333333333333334,129.16666666666666
CH Morris,Sheikh Zayed Stadium,2.0,100.0
CH Morris,Wankhede Stadium,26.5,75.91463414634146
CH Morris,"Wankhede Stadium, Mumbai",12.0,98.21428571428572
CJ Anderson,Barabati Stadium,18.0,150.0
CJ Anderson,Brabourne Stadium,20.0,200.0
CJ Anderson,Dubai International Cricket Stadium,19.333333333333332,77.68109790605547
CJ Anderson,Eden Gardens,28.5,87.07317073170732
CJ Anderson,Feroz Shah Kotla,19.0,120.81349206349205
CJ Anderson,Green Park,6.0,100.0
CJ Anderson,M.Chinnaswamy Stadium,8.5,70.19230769230768
CJ Anderson,Maharashtra Cricket Association Stadium,2.0,50.0
CJ Anderson,"Punjab Cricket Association IS Bindra Stadium, Mohali",18.0,72.0
CJ Anderson,"Sardar Patel Stadium, Motera",50.0,135.13513513513513
CJ Anderson,Sharjah Cricket Stadium,13.0,92.85714285714286
CJ Anderson,Sheikh Zayed Stadium,2.0,25.0
CJ Anderson,Wankhede Stadium,20.375,113.56331168831169
CL White,Barabati Stadium,42.0,137.77777777777777
CL White,Dr. Y.S. Rajasekhara Reddy ACA-VDCA Cricket Stadium,26.5,140.0568181818182
CL White,Eden Gardens,32.0,154.83870967741936
CL White,Feroz Shah Kotla,17.5,80.26948051948052
CL White,Himachal Pradesh Cricket Association Stadium,15.0,125.0
CL White,M Chinnaswamy Stadium,20.428571428571427,145.80237358101135
CL White,"MA Chidambaram Stadium, Chepauk",28.25,111.42759232381874
CL White,Maharashtra Cricket Association Stadium,0.0,0.0
CL White,Nehru Stadium,31.0,91.17647058823528
CL White,"Punjab Cricket Association Stadium, Mohali",23.25,140.98214285714286
CL White,"Rajiv Gandhi International Stadium, Uppal",14.166666666666666,70.49790085116172
CL White,Sawai Mansingh Stadium,10.0,62.5
CL White,Subrata Roy Sahara Stadium,78.0,169.56521739130434
CL White,"Vidarbha Cricket Association Stadium, Jamtha",4.0,133.33333333333331
CL White,Wankhede Stadium,21.5,93.47826086956522
D Padikkal,"Arun Jaitley Stadium, Delhi",0.0,0.0
D Padikkal,"Barsapara Cricket Stadium, Guwahati",21.0,80.76923076923077
D Padikkal,"Bharat Ratna Shri Atal Bihari Vajpayee Ekana Cricket Stadium, Lucknow",6.333333333333333,100.0
D Padikkal,"Brabourne Stadium, Mumbai",22.0,127.77777777777776
D Padikkal,"Dr DY Patil Sports Academy, Mumbai",17.5,91.78571428571428
D Padikkal,Dubai International Cricket Stadium,22.7,81.3454715219421
D Padikkal,"Eden Gardens, Kolkata",19.0,120.0
D Padikkal,"Himachal Pradesh Cricket Association Stadium, Dharamsala",51.0,170.0
D Padikkal,"M Chinnaswamy Stadium, Bengaluru",21.666666666666668,108.63974714464909
D Padikkal,"MA Chidambaram Stadium, Chepauk, Chennai",22.8,117.68823768823768
D Padikkal,"Maharaja Yadavindra Singh International Cricket Stadium, Mullanpur",61.0,174.28571428571428
D Padikkal,"Maharashtra Cricket Association Stadium, Pune",24.0,120.6896551724138
D Padikkal,"Narendra Modi Stadium, Ahmedabad",12.2,87.41904761904762
D Padikkal,"Rajiv Gandhi International Stadium, Uppal, Hyderabad",2.0,40.0
D Padikkal,"Sawai Mansingh Stadium, Jaipur",18.166666666666668,113.27499660832994
D Padikkal,Sharjah Cricket Stadium,31.0,118.9267098906687
D Padikkal,Sheikh Zayed Stadium,42.6,118.02423083054359
D Padikkal,"Wankhede Stadium, Mumbai",32.7,115.78261752615201
D Padikkal,"Zayed Cricket Stadium, Abu Dhabi",31.5,94.42307692307692
DA Miller,Arun Jaitley Stadium,16.5,138.42105263157896
DA Miller,"Arun Jaitley Stadium, Delhi",25.0,210.3034420289855
DA Miller,Barabati Stadium,30.0,119.86607142857143
DA Miller,"Bharat Ratna Shri Atal Bihari Vajpayee Ekana Cricket Stadium, Lucknow",14.6,101.07647907647907
DA Miller,"Brabourne Stadium, Mumbai",21.333333333333332,149.4047619047619
DA Miller,"Dr DY Patil Sports Academy, Mumbai",20.25,128.75
DA Miller,Dr. Y.S. Rajasekhara Reddy ACA-VDCA Cricket Stadium,7.0,140.0
DA Miller,"Dr. Y.S. Rajasekhara Reddy ACA-VDCA Cricket Stadium, Visakhapatnam",27.0,150.0
DA Miller,Dubai International Cricket Stadium,26.0,130.0
DA Miller,Eden Gardens,24.166666666666668,136.9248861160626
DA Miller,"Eden Gardens, Kolkata",34.666666666666664,153.85385385385385
DA Miller,Feroz Shah Kotla,19.166666666666668,77.63483129336788
DA Miller,Himachal Pradesh Cricket Association Stadium,25.0,151.66666666666663
DA Miller,"Himachal Pradesh Cricket Association Stadium, Dharamsala",11.0,137.5
DA Miller,Holkar Cricket Stadium,30.0,111.11111111111111
DA Miller,M Chinnaswamy Stadium,15.8,99.51724137931033
DA Miller,"M Chinnaswamy Stadium, Bengaluru",18.0,117.85714285714286
DA Miller,M.Chinnaswamy Stadium,24.0,96.0
DA Miller,MA Chidambaram Stadium,6.0,120.0
DA Miller,"MA Chidambaram Stadium, Chepauk",24.333333333333332,118.71794871794872
DA Miller,"MA Chidambaram Stadium, Chepauk, Chennai",12.5,98.95833333333333
DA Miller,"Maharaja Yadavindra Singh International Cricket Stadium, Mullanpur",4.0,66.66666666666666
DA Miller,Maharashtra Cricket Association Stadium,17.333333333333332,98.41269841269842
DA Miller,"Maharashtra Cricket Association Stadium, Pune",46.666666666666664,143.2222222222222
DA Miller,"Narendra Modi Stadium, Ahmedabad",21.166666666666668,125.01631815228306
DA Miller,Punjab Cricket Association IS Bindra Stadium,24.6,116.97212931995541
DA Miller,"Punjab Cricket Association IS Bindra Stadium, Mohali",12.714285714285714,137.1031746031746
DA Miller,"Punjab Cricket Association IS Bindra Stadium, Mohali, Chandigarh",17.0,94.44444444444444
DA Miller,"Punjab Cricket Association Stadium, Mohali",32.0,148.8961310620068
DA Miller,Rajiv Gandhi International Stadium,11.0,100.0
DA Miller,"Rajiv Gandhi International Stadium, Uppal",30.2,111.26262626262626
DA Miller,"Rajiv Gandhi International Stadium, Uppal, Hyderabad",13.0,185.7142857142857
DA Miller,"Sardar Patel Stadium, Motera",54.0,174.19354838709677
DA Miller,Saurashtra Cricket Association Stadium,31.0,114.8148148148148
DA Miller,"Sawai Mansingh Stadium, Jaipur",7.0,87.5
DA Miller,Sharjah Cricket Stadium,25.333333333333332,144.54614797864227
DA Miller,Sheikh Zayed Stadium,34.0,142.97297297297297
DA Miller,Wankhede Stadium,24.333333333333332,131.6478402955385
DA Miller,"Wankhede Stadium, Mumbai",24.9,103.95570073585614
DA Miller,"Zayed Cricket Stadium, Abu Dhabi",7.0,70.0
DA Warner,Arun Jaitley Stadium,10.0,55.55555555555556
DA Warner,"Arun Jaitley Stadium, Delhi",40.55555555555556,111.72760496925493
DA Warner,Barabati Stadium,57.0,172.72727272727272
DA Warner,"Barsapara Cricket Stadium, Guwahati",65.0,120.37037037037037
DA Warner,"Bharat Ratna Shri Atal Bihari Vajpayee Ekana Cricket Stadium, Lucknow",32.0,102.77777777777779
DA Warner,Brabourne Stadium,27.5,170.0
DA Warner,"Brabourne Stadium, Mumbai",71.0,166.82705159048382
DA Warner,Buffalo Park,21.0,70.0
DA Warner,Dr DY Patil Sports Academy,46.0,164.28571428571428
DA Warner,"Dr DY Patil Sports Academy, Mumbai",18.75,79.62398373983739
DA Warner,Dr. Y.S. Rajasekhara Reddy ACA-VDCA Cricket Stadium,39.8,135.8961038961039
DA Warner,"Dr. Y.S. Rajasekhara Reddy ACA-VDCA Cricket Stadium, Visakhapatnam",35.0,145.70135746606334
DA Warner,Dubai International Cricket Stadium,33.72727272727273,113.94892292031183
DA Warner,Eden Gardens,22.571428571428573,114.7719534685771
DA Warner,Feroz Shah Kotla,25.884615384615383,106.4566983347009
DA Warner,Green Park,69.0,132.69230769230768
DA Warner,Himachal Pradesh Cricket Association Stadium,36.0,93.18181818181817
DA Warner,"Himachal Pradesh Cricket Association Stadium, Dharamsala",46.0,148.38709677419354
DA Warner,JSCA International Stadium Complex,90.0,204.54545454545453
DA Warner,Kingsmead,20.0,111.59420289855072
DA Warner,M Chinnaswamy Stadium,47.142857142857146,171.47783148347057
DA Warner,"M Chinnaswamy Stadium, Bengaluru",10.0,98.07692307692307
DA Warner,MA Chidambaram Stadium,57.0,126.66666666666666
DA Warner,"MA Chidambaram Stadium, Chepauk",21.5,76.80923780923781
DA Warner,"MA Chidambaram Stadium, Chepauk, Chennai",23.0,83.25926193573252
DA Warner,"Maharaja Yadavindra Singh International Cricket Stadium, Mullanpur",29.0,138.0952380952381
DA Warner,Maharashtra Cricket Association Stadium,43.0,110.25641025641026
DA Warner,"Narendra Modi Stadium, Ahmedabad",2.0,100.0
DA Warner,Nehru Stadium,3.0,42.85714285714285
DA Warner,New Wanderers Stadium,43.5,142.01086956521738
DA Warner,Punjab Cricket Association IS Bindra Stadium,70.0,112.90322580645164
DA Warner,"Punjab Cricket Association IS Bindra Stadium, Mohali",51.5,157.8590785907859
DA Warner,"Punjab Cricket Association Stadium, Mohali",58.0,141.46341463414635
DA Warner,Rajiv Gandhi International Stadium,61.857142857142854,159.02265265767105
DA Warner,"Rajiv Gandhi International Stadium, Uppal",48.708333333333336,148.21090859773423
DA Warner,"Rajiv Gandhi International Stadium, Uppal, Hyderabad",21.0,105.0
DA Warner,"Sardar Patel Stadium, Motera",6.0,85.71428571428571
DA Warner,Saurashtra Cricket Association Stadium,74.0,154.16666666666669
DA Warner,Sawai Mansingh Stadium,34.666666666666664,103.52483164983164
DA Warner,"Sawai Mansingh Stadium, Jaipur",49.0,144.11764705882354
DA Warner,Shaheed Veer Narayan Singh International Stadium,51.75,151.20833333333331
DA Warner,Sharjah Cricket Stadium,27.166666666666668,97.05154998258446
DA Warner,Sheikh Zayed Stadium,29.833333333333332,109.82402809608692
DA Warner,Subrata Roy Sahara Stadium,4.5,78.33333333333334
DA Warner,SuperSport Park,7.5,83.33333333333334
DA Warner,Wankhede Stadium,30.0,121.88848512377925
DA Warner,"Wankhede Stadium, Mumbai",25.666666666666668,136.42600089968514
DB Das,Barabati Stadium,9.0,112.5
DB Das,Eden Gardens,18.454545454545453,147.92410541291613
DB Das,Feroz Shah Kotla,1.0,33.33333333333333
DB Das,JSCA International Stadium Complex,8.0,133.33333333333331
DB Das,"MA Chidambaram Stadium, Chepauk",11.0,275.0
DB Das,"Punjab Cricket Association Stadium, Mohali",3.0,47.916666666666664
DB Das,Sawai Mansingh Stadium,11.5,85.16483516483515
DB Das,Shaheed Veer Narayan Singh International Stadium,18.0,69.23076923076923
DB Das,Wankhede Stadium,12.5,100.98039215686275
DB Ravi Teja,De Beers Diamond Oval,7.0,233.3333333333333
DB Ravi Teja,Dr. Y.S. Rajasekhara Reddy ACA-VDCA Cricket Stadium,2.0,100.0
DB Ravi Teja,Eden Gardens,12.0,108.46153846153847
DB Ravi Teja,Feroz Shah Kotla,9.0,180.0
DB Ravi Teja,Himachal Pradesh Cricket Association Stadium,60.0,146.34146341463415
DB Ravi Teja,Kingsmead,18.0,89.70588235294117
DB Ravi Teja,Nehru Stadium,8.0,160.0
DB Ravi Teja,New Wanderers Stadium,10.0,66.66666666666666
DB Ravi Teja,Newlands,8.0,160.0
DB Ravi Teja,"Rajiv Gandhi International Stadium, Uppal",18.09090909090909,112.35264735264735
DB Ravi Teja,Sawai Mansingh Stadium,6.0,75.0
DB Ravi Teja,SuperSport Park,4.0,100.0
DJ Bravo,Arun Jaitley Stadium,2.5,91.66666666666666
DJ Bravo,Brabourne Stadium,3.6666666666666665,91.66666666666667
DJ Bravo,"Brabourne Stadium, Mumbai",4.0,85.71428571428571
DJ Bravo,Buffalo Park,35.0,120.6896551724138
DJ Bravo,Dr DY Patil Sports Academy,15.0,103.4375
DJ Bravo,"Dr DY Patil Sports Academy, Mumbai",3.3333333333333335,120.0
DJ Bravo,Dr. Y.S. Rajasekhara Reddy ACA-VDCA Cricket Stadium,21.5,126.47058823529412
DJ Bravo,Dubai International Cricket Stadium,8.5,156.875
DJ Bravo,Eden Gardens,20.142857142857142,121.18219082504797
DJ Bravo,Feroz Shah Kotla,12.2,152.5268817204301
DJ Bravo,Himachal Pradesh Cricket Association Stadium,48.0,111.6279069767442
DJ Bravo,JSCA International Stadium Complex,0.0,0.0
DJ Bravo,Kingsmead,12.333333333333334,75.0
DJ Bravo,M Chinnaswamy Stadium,10.5,127.7116402116402
DJ Bravo,M.Chinnaswamy Stadium,9.5,162.5
DJ Bravo,MA Chidambaram Stadium,19.333333333333332,187.13235294117646
DJ Bravo,"MA Chidambaram Stadium, Chepauk",12.714285714285714,156.8062224889956
DJ Bravo,Maharashtra Cricket Association Stadium,11.25,87.25490196078431
DJ Bravo,New Wanderers Stadium,50.0,125.0
DJ Bravo,Newlands,5.0,125.0
DJ Bravo,Punjab Cricket Association IS Bindra Stadium,1.0,100.0
DJ Bravo,"Punjab Cricket Association IS Bindra Stadium, Mohali",2.0,100.0
DJ Bravo,"Punjab Cricket Association Stadium, Mohali",23.0,109.52380952380952
DJ Bravo,Rajiv Gandhi International Stadium,15.0,100.0
DJ Bravo,"Rajiv Gandhi International Stadium, Uppal",24.333333333333332,134.16666666666666
DJ Bravo,"Sardar Patel Stadium, Motera",62.0,172.22222222222223
DJ Bravo,Saurashtra Cricket Association Stadium,8.5,171.66666666666669
DJ Bravo,Sawai Mansingh Stadium,11.333333333333334,125.25252525252525
DJ Bravo,Shaheed Veer Narayan Singh International Stadium,8.0,100.0
DJ Bravo,Sheikh Zayed Stadium,8.0,266.66666666666663
DJ Bravo,St George's Park,4.0,61.25
DJ Bravo,Subrata Roy Sahara Stadium,5.0,250.0
DJ Bravo,SuperSport Park,41.5,100.96982758620689
DJ Bravo,Wankhede Stadium,20.875,131.95526695526695
DJ Bravo,"Wankhede Stadium, Mumbai",16.0,165.0
DJ Hooda,Arun Jaitley Stadium,10.0,90.9090909090909
DJ Hooda,"Arun Jaitley Stadium, Delhi",0.0,0.0
DJ Hooda,"Bharat Ratna Shri Atal Bihari Vajpayee Ekana Cricket Stadium, Lucknow",11.7,97.49197487100713
DJ Hooda,Brabourne Stadium,7.0,77.77777777777779
DJ Hooda,"Brabourne Stadium, Mumbai",29.0,167.0940170940171
DJ Hooda,"Dr DY Patil Sports Academy, Mumbai",25.0,113.02308802308801
DJ Hooda,Dr. Y.S. Rajasekhara Reddy ACA-VDCA Cricket Stadium,9.0,190.0
DJ Hooda,Dubai International Cricket Stadium,8.4,56.8716577540107
DJ Hooda,Eden Gardens,9.75,110.31746031746032
DJ Hooda,"Eden Gardens, Kolkata",26.5,126.53846153846155
DJ Hooda,Feroz Shah Kotla,26.333333333333332,140.66096866096868
DJ Hooda,M Chinnaswamy Stadium,4.5,75.0
DJ Hooda,"M Chinnaswamy Stadium, Bengaluru",9.0,90.0
DJ Hooda,M.Chinnaswamy Stadium,1.0,100.0
DJ Hooda,"MA Chidambaram Stadium, Chepauk",15.0,107.14285714285714
DJ Hooda,"MA Chidambaram Stadium, Chepauk, Chennai",8.666666666666666,96.07528274194941
DJ Hooda,Maharashtra Cricket Association Stadium,20.25,164.87012987012986
DJ Hooda,"Maharashtra Cricket Association Stadium, Pune",34.0,125.70885904219237
DJ Hooda,"Narendra Modi Stadium, Ahmedabad",4.5,70.13888888888889
DJ Hooda,Punjab Cricket Association IS Bindra Stadium,9.5,283.33333333333337
DJ Hooda,"Punjab Cricket Association IS Bindra Stadium, Mohali",34.0,161.9047619047619
DJ Hooda,"Punjab Cricket Association IS Bindra Stadium, Mohali, Chandigarh",11.0,183.3333333333333
DJ Hooda,Rajiv Gandhi International Stadium,13.8,76.37380952380951
DJ Hooda,"Rajiv Gandhi International Stadium, Uppal",9.6,120.78787878787878
DJ Hooda,"Sardar Patel Stadium, Motera",11.0,189.8148148148148
DJ Hooda,Sawai Mansingh Stadium,0.0,0.0
DJ Hooda,"Sawai Mansingh Stadium, Jaipur",14.0,125.0
DJ Hooda,Shaheed Veer Narayan Singh International Stadium,1.0,100.0
DJ Hooda,Sharjah Cricket Stadium,13.0,130.0
DJ Hooda,Sheikh Zayed Stadium,31.5,153.33333333333334
DJ Hooda,Wankhede Stadium,4.333333333333333,75.0
DJ Hooda,"Wankhede Stadium, Mumbai",31.125,138.95306937138
DJ Hooda,"Zayed Cricket Stadium, Abu Dhabi",28.0,107.6923076923077
DJ Hussey,Brabourne Stadium,40.0,137.93103448275863
DJ Hussey,Eden Gardens,20.384615384615383,110.59820928105306
DJ Hussey,Feroz Shah Kotla,27.25,125.03720238095238
DJ Hussey,Himachal Pradesh Cricket Association Stadium,3.75,56.25
DJ Hussey,Holkar Cricket Stadium,21.0,140.0
DJ Hussey,JSCA International Stadium Complex,37.5,118.86102403343781
DJ Hussey,Kingsmead,9.0,69.23076923076923
DJ Hussey,M Chinnaswamy Stadium,28.5,127.58620689655173
DJ Hussey,"MA Chidambaram Stadium, Chepauk",7.25,78.125
DJ Hussey,New Wanderers Stadium,43.0,286.6666666666667
DJ Hussey,"Punjab Cricket Association Stadium, Mohali",25.923076923076923,99.65320130281768
DJ Hussey,"Rajiv Gandhi International Stadium, Uppal",31.666666666666668,131.74603174603172
DJ Hussey,Sawai Mansingh Stadium,32.0,134.08602150537635
DJ Hussey,Subrata Roy Sahara Stadium,13.0,92.94117647058823
DJ Hussey,SuperSport Park,23.0,154.62962962962962
DJ Hussey,Wankhede Stadium,11.8,76.26399331662489
DJG Sammy,Dubai International Cricket Stadium,10.0,250.0
DJG Sammy,Eden Gardens,18.0,115.2046783625731
DJG Sammy,Feroz Shah Kotla,29.0,138.0952380952381
DJG Sammy,JSCA International Stadium Complex,0.0,0.0
DJG Sammy,M Chinnaswamy Stadium,7.0,83.33333333333333
DJG Sammy,"MA Chidambaram Stadium, Chepauk",19.0,158.33333333333331
DJG Sammy,"Punjab Cricket Association Stadium, Mohali",0.0,0.0
DJG Sammy,"Rajiv Gandhi International Stadium, Uppal",11.857142857142858,139.97180451127818
DJG Sammy,Sawai Mansingh Stadium,60.0,146.34146341463415
DJG Sammy,Sharjah Cricket Stadium,19.0,144.84848484848487
DJG Sammy,Sheikh Zayed Stadium,6.0,54.54545454545454
DP Conway,"Arun Jaitley Stadium, Delhi",48.5,147.79411764705884
DP Conway,"Brabourne Stadium, Mumbai",16.0,114.28571428571428
DP Conway,"Dr DY Patil Sports Academy, Mumbai",87.0,177.55102040816325
DP Conway,"Eden Gardens, Kolkata",28.0,70.0
DP Conway,"M Chinnaswamy Stadium, Bengaluru",83.0,184.44444444444449
DP Conway,"MA Chidambaram Stadium, Chepauk, Chennai",41.5,121.98698360463065
DP Conway,"Maharaja Yadavindra Singh International Cricket Stadium, Mullanpur",69.0,140.81632653061226
DP Conway,"Maharashtra Cricket Association Stadium, Pune",70.5,152.94840294840293
DP Conway,"Narendra Modi Stadium, Ahmedabad",33.333333333333336,117.74603174603175
DP Conway,"Sawai Mansingh Stadium, Jaipur",8.0,50.0
DP Conway,"Wankhede Stadium, Mumbai",2.0,25.0
DPMD Jayawardene,Barabati Stadium,14.0,155.55555555555557
DPMD Jayawardene,Brabourne Stadium,20.0,111.11111111111111
DPMD Jayawardene,De Beers Diamond Oval,43.0,153.57142857142858
DPMD Jayawardene,Dr DY Patil Sports Academy,2.0,66.66666666666666
DPMD Jayawardene,Eden Gardens,53.0,128.9890868704428
DPMD Jayawardene,Feroz Shah Kotla,22.88235294117647,111.09306112152736
DPMD Jayawardene,Himachal Pradesh Cricket Association Stadium,40.25,146.90548780487805
DPMD Jayawardene,Holkar Cricket Stadium,41.0,173.07692307692307
DPMD Jayawardene,Kingsmead,13.4,109.88410419989368
DPMD Jayawardene,M Chinnaswamy Stadium,18.5,102.61311269375784
DPMD Jayawardene,"MA Chidambaram Stadium, Chepauk",20.0,121.66040100250626
DPMD Jayawardene,Nehru Stadium,22.2,98.77732024073488
DPMD Jayawardene,Newlands,6.5,85.0
DPMD Jayawardene,"Punjab Cricket Association Stadium, Mohali",15.125,121.70634920634922
DPMD Jayawardene,"Rajiv Gandhi International Stadium, Uppal",28.0,143.65942028985506
DPMD Jayawardene,Sawai Mansingh Stadium,18.6,78.6021505376344
DPMD Jayawardene,Shaheed Veer Narayan Singh International Stadium,8.5,66.54411764705883
DPMD Jayawardene,St George's Park,52.0,126.82926829268293
DPMD Jayawardene,Subrata Roy Sahara Stadium,24.0,119.15861915861916
DPMD Jayawardene,SuperSport Park,44.0,176.0
DPMD Jayawardene,Wankhede Stadium,17.0,84.11111111111111
DR Smith,Barabati Stadium,4.0,100.0
DR Smith,Brabourne Stadium,24.0,120.0
DR Smith,Buffalo Park,49.0,222.72727272727272
DR Smith,De Beers Diamond Oval,47.0,146.875
DR Smith,Dr DY Patil Sports Academy,5.0,50.0
DR Smith,Dubai International Cricket Stadium,39.5,155.1948051948052
DR Smith,Eden Gardens,27.75,107.28709972061036
DR Smith,Feroz Shah Kotla,33.57142857142857,142.7751100440176
DR Smith,Green Park,24.75,106.12648221343873
DR Smith,JSCA International Stadium Complex,26.6,128.13852813852813
DR Smith,Kingsmead,16.0,149.69696969696972
DR Smith,M Chinnaswamy Stadium,32.833333333333336,153.65424641707233
DR Smith,"MA Chidambaram Stadium, Chepauk",18.5,94.04050567595459
DR Smith,Maharashtra Cricket Association Stadium,31.5,85.13513513513513
DR Smith,"Punjab Cricket Association IS Bindra Stadium, Mohali",74.0,189.74358974358967
DR Smith,"Rajiv Gandhi International Stadium, Uppal",24.25,89.02759034337981
DR Smith,"Sardar Patel Stadium, Motera",40.0,137.93103448275863
DR Smith,Saurashtra Cricket Association Stadium,19.0,105.35714285714285
DR Smith,Sawai Mansingh Stadium,47.5,133.45864661654136
DR Smith,Shaheed Veer Narayan Singh International Stadium,18.0,75.0
DR Smith,Sharjah Cricket Stadium,66.0,143.47826086956522
DR Smith,Sheikh Zayed Stadium,47.5,130.35714285714286
DR Smith,St George's Park,7.0,87.5
DR Smith,Subrata Roy Sahara Stadium,0.0,0.0
DR Smith,SuperSport Park,32.0,152.38095238095235
DR Smith,"Vidarbha Cricket Association Stadium, Jamtha",8.5,109.82142857142857
DR Smith,Wankhede Stadium,24.642857142857142,99.52976563597187
DS Kulkarni,Buffalo Park,1.0,25.0
DS Kulkarni,Dubai International Cricket Stadium,28.0,147.36842105263156
DS Kulkarni,Feroz Shah Kotla,3.0,150.0
DS Kulkarni,Kingsmead,1.0,25.0
DS Kulkarni,M Chinnaswamy Stadium,7.333333333333333,172.2222222222222
DS Kulkarni,Maharashtra Cricket Association Stadium,3.0,33.33333333333333
DS Kulkarni,"Punjab Cricket Association Stadium, Mohali",2.0,31.25
DS Kulkarni,Rajiv Gandhi International Stadium,3.0,75.0
DS Kulkarni,"Rajiv Gandhi International Stadium, Uppal",1.0,50.0
DS Kulkarni,"Sardar Patel Stadium, Motera",4.0,83.33333333333334
DS Kulkarni,Saurashtra Cricket Association Stadium,6.0,150.0
DS Kulkarni,Sawai Mansingh Stadium,4.0,133.33333333333334
DS Kulkarni,Sharjah Cricket Stadium,3.0,150.0
DS Kulkarni,SuperSport Park,7.0,77.77777777777779
DS Kulkarni,Wankhede Stadium,6.0,200.0
DT Christian,Arun Jaitley Stadium,6.0,54.54545454545454
DT Christian,Dr DY Patil Sports Academy,14.0,116.66666666666669
DT Christian,Dr. Y.S. Rajasekhara Reddy ACA-VDCA Cricket Stadium,20.5,87.49999999999999
DT Christian,Dubai International Cricket Stadium,1.0,33.33333333333333
DT Christian,Eden Gardens,17.0,141.15384615384616
DT Christian,Feroz Shah Kotla,10.0,87.73448773448774
DT Christian,Holkar Cricket Stadium,17.0,212.5
DT Christian,M Chinnaswamy Stadium,2.5,32.05128205128205
DT Christian,"MA Chidambaram Stadium, Chepauk",10.0,104.16666666666667
DT Christian,"MA Chidambaram Stadium, Chepauk, Chennai",1.0,41.666666666666664
DT Christian,Maharashtra Cricket Association Stadium,16.5,239.58333333333331
DT Christian,Nehru Stadium,9.0,81.81818181818183
DT Christian,Punjab Cricket Association IS Bindra Stadium,13.0,108.33333333333331
DT Christian,"Punjab Cricket Association Stadium, Mohali",24.0,240.0
DT Christian,Rajiv Gandhi International Stadium,7.0,77.77777777777779
DT Christian,"Rajiv Gandhi International Stadium, Uppal",13.666666666666666,126.34353950143425
DT Christian,Sawai Mansingh Stadium,29.0,152.63157894736844
DT Christian,Sharjah Cricket Stadium,4.5,64.28571428571429
DT Christian,Wankhede Stadium,10.333333333333334,97.51552795031056
DT Christian,"Wankhede Stadium, Mumbai",1.0,33.33333333333333
DT Christian,"Zayed Cricket Stadium, Abu Dhabi",1.0,25.0
DW Steyn,Barabati Stadium,7.0,233.3333333333333
DW Steyn,Dr DY Patil Sports Academy,5.0,100.0
DW Steyn,Dr. Y.S. Rajasekhara Reddy ACA-VDCA Cricket Stadium,3.5,81.25
DW Steyn,Dubai International Cricket Stadium,1.0,50.0
DW Steyn,Eden Gardens,7.0,104.16666666666666
DW Steyn,Feroz Shah Kotla,5.0,148.88888888888889
DW Steyn,M Chinnaswamy Stadium,2.5,43.05555555555556
DW Steyn,Maharashtra Cricket Association Stadium,4.0,400.0
DW Steyn,"Punjab Cricket Association Stadium, Mohali",1.0,33.33333333333333
DW Steyn,"Rajiv Gandhi International Stadium, Uppal",6.666666666666667,91.65155831822499
DW Steyn,"Sardar Patel Stadium, Motera",9.0,112.5
DW Steyn,Saurashtra Cricket Association Stadium,1.0,50.0
DW Steyn,Sawai Mansingh Stadium,18.0,225.0
DW Steyn,Sharjah Cricket Stadium,12.0,75.0
DW Steyn,St George's Park,0.0,0.0
DW Steyn,"Vidarbha Cricket Association Stadium, Jamtha",0.0,0.0
DW Steyn,Wankhede Stadium,1.5,30.0
Dhruv Jurel,"Arun Jaitley Stadium, Delhi",28.5,205.6372549019608
Dhruv Jurel,"Barsapara Cricket Stadium, Guwahati",15.2,128.1428571428571
Dhruv Jurel,"Bharat Ratna Shri Atal Bihari Vajpayee Ekana Cricket Stadium, Lucknow",52.0,152.94117647058823
Dhruv Jurel,"Eden Gardens, Kolkata",1.0,25.0
Dhruv Jurel,"Himachal Pradesh Cricket Association Stadium, Dharamsala",10.0,250.0
Dhruv Jurel,"M Chinnaswamy Stadium, Bengaluru",40.5,175.36764705882354
Dhruv Jurel,"MA Chidambaram Stadium, Chepauk, Chennai",29.333333333333332,127.4074074074074
Dhruv Jurel,"Maharaja Yadavindra Singh International Cricket Stadium, Mullanpur",9.5,157.27272727272728
Dhruv Jurel,"Narendra Modi Stadium, Ahmedabad",10.333333333333334,135.0
Dhruv Jurel,"Rajiv Gandhi International Stadium, Uppal, Hyderabad",35.5,116.66666666666666
Dhruv Jurel,"Sawai Mansingh Stadium, Jaipur",17.363636363636363,117.87218508466755
Dhruv Jurel,"Wankhede Stadium, Mumbai",2.0,66.66666666666666
E Lewis,Arun Jaitley Stadium,48.0,154.83870967741936
E Lewis,"Brabourne Stadium, Mumbai",55.0,239.1304347826087
E Lewis,"Dr DY Patil Sports Academy, Mumbai",3.0,29.230769230769234
E Lewis,Dubai International Cricket Stadium,33.333333333333336,159.3951093951094
E Lewis,Eden Gardens,16.5,116.10576923076923
E Lewis,"Eden Gardens, Kolkata",2.0,33.33333333333333
E Lewis,Holkar Cricket Stadium,10.0,76.92307692307693
E Lewis,MA Chidambaram Stadium,32.0,106.66666666666669
E Lewis,Maharashtra Cricket Association Stadium,47.0,109.30232558139534
E Lewis,Rajiv Gandhi International Stadium,29.0,170.58823529411765
E Lewis,Sawai Mansingh Stadium,0.0,0.0
E Lewis,Sharjah Cricket Stadium,24.0,126.3157894736842
E Lewis,Wankhede Stadium,28.875,102.9265873015873
E Lewis,"Wankhede Stadium, Mumbai",10.0,111.11111111111111
E Lewis,"Zayed Cricket Stadium, Abu Dhabi",27.0,225.0
EJG Morgan,Brabourne Stadium,35.0,170.83333333333334
EJG Morgan,Dr. Y.S. Rajasekhara Reddy ACA-VDCA Cricket Stadium,14.0,70.0
EJG Morgan,Dubai International Cricket Stadium,20.833333333333332,119.51863354037266
EJG Morgan,Eden Gardens,18.181818181818183,115.71797899070626
EJG Morgan,Feroz Shah Kotla,11.0,55.0
EJG Morgan,M Chinnaswamy Stadium,8.8,71.5982905982906
EJG Morgan,"MA Chidambaram Stadium, Chepauk",19.0,122.72727272727273
EJG Morgan,"MA Chidambaram Stadium, Chepauk, Chennai",12.666666666666666,97.58454106280193
EJG Morgan,Maharashtra Cricket Association Stadium,4.0,100.0
EJG Morgan,"Narendra Modi Stadium, Ahmedabad",23.5,58.75
EJG Morgan,Nehru Stadium,66.0,129.41176470588235
EJG Morgan,"Punjab Cricket Association IS Bindra Stadium, Mohali",26.0,123.8095238095238
EJG Morgan,"Punjab Cricket Association Stadium, Mohali",47.0,123.6842105263158
EJG Morgan,"Rajiv Gandhi International Stadium, Uppal",17.454545454545453,107.98904292748342
EJG Morgan,Sawai Mansingh Stadium,51.0,134.21052631578948
EJG Morgan,Shaheed Veer Narayan Singh International Stadium,15.333333333333334,113.03703703703702
EJG Morgan,Sharjah Cricket Stadium,15.714285714285714,96.4429408126887
EJG Morgan,Sheikh Zayed Stadium,26.25,118.84779424013483
EJG Morgan,Subrata Roy Sahara Stadium,15.0,100.0
EJG Morgan,Wankhede Stadium,5.0,50.0
EJG Morgan,"Wankhede Stadium, Mumbai",7.0,100.0
EJG Morgan,"Zayed Cricket Stadium, Abu Dhabi",7.5,72.32142857142857
F du Plessis,"Arun Jaitley Stadium, Delhi",40.0,124.24565675552519
F du Plessis,Barabati Stadium,52.0,208.0
F du Plessis,"Bharat Ratna Shri Atal Bihari Vajpayee Ekana Cricket Stadium, Lucknow",44.0,110.0
F du Plessis,Brabourne Stadium,35.0,175.0
F du Plessis,"Brabourne Stadium, Mumbai",5.0,65.47619047619048
F du Plessis,"Dr DY Patil Sports Academy, Mumbai",49.25,129.5687134502924
F du Plessis,Dr. Y.S. Rajasekhara Reddy ACA-VDCA Cricket Stadium,44.5,142.1025641025641
F du Plessis,"Dr. Y.S. Rajasekhara Reddy ACA-VDCA Cricket Stadium, Visakhapatnam",39.5,173.14814814814815
F du Plessis,Dubai International Cricket Stadium,29.615384615384617,99.56467002106412
F du Plessis,Eden Gardens,18.0,123.56691919191918
F du Plessis,"Eden Gardens, Kolkata",10.0,97.22222222222223
F du Plessis,Feroz Shah Kotla,15.0,125.0
F du Plessis,"Himachal Pradesh Cricket Association Stadium, Dharamsala",9.0,128.57142857142858
F du Plessis,JSCA International Stadium Complex,26.0,121.87257187257187
F du Plessis,M Chinnaswamy Stadium,43.5,154.45736434108525
F du Plessis,"M Chinnaswamy Stadium, Bengaluru",37.4,152.72441994290222
F du Plessis,M.Chinnaswamy Stadium,5.0,33.33333333333333
F du Plessis,MA Chidambaram Stadium,28.6,80.32278775282626
F du Plessis,"MA Chidambaram Stadium, Chepauk",34.166666666666664,123.64333584367118
F du Plessis,"MA Chidambaram Stadium, Chepauk, Chennai",35.0,152.17391304347828
F du Plessis,Maharashtra Cricket Association Stadium,12.2,84.37103174603173
F du Plessis,"Maharashtra Cricket Association Stadium, Pune",25.666666666666668,116.3059163059163
F du Plessis,"Narendra Modi Stadium, Ahmedabad",22.0,138.00705467372134
F du Plessis,Punjab Cricket Association IS Bindra Stadium,96.0,174.54545454545453
F du Plessis,"Punjab Cricket Association IS Bindra Stadium, Mohali",67.0,126.41509433962264
F du Plessis,"Punjab Cricket Association IS Bindra Stadium, Mohali, Chandigarh",84.0,152.72727272727275
F du Plessis,"Punjab Cricket Association Stadium, Mohali",55.0,134.14634146341464
F du Plessis,Rajiv Gandhi International Stadium,27.333333333333332,143.25889164598843
F du Plessis,"Rajiv Gandhi International Stadium, Uppal",31.5,146.42857142857144
F du Plessis,"Rajiv Gandhi International Stadium, Uppal, Hyderabad",33.0,133.39371980676327
F du Plessis,"Sardar Patel Stadium, Motera",1.0,33.33333333333333
F du Plessis,Saurashtra Cricket Association Stadium,69.0,160.46511627906978
F du Plessis,Sawai Mansingh Stadium,7.0,70.0
F du Plessis,"Sawai Mansingh Stadium, Jaipur",40.666666666666664,137.2222222222222
F du Plessis,Shaheed Veer Narayan Singh International Stadium,29.0,126.08695652173914
F du Plessis,Sharjah Cricket Stadium,33.833333333333336,94.23403705318599
F du Plessis,Sheikh Zayed Stadium,31.4,139.05644682115272
F du Plessis,Subrata Roy Sahara Stadium,43.0,130.3030303030303
F du Plessis,Wankhede Stadium,25.875,97.6770472174884
F du Plessis,"Wankhede Stadium, Mumbai",41.666666666666664,122.20064641168659
F du Plessis,"Zayed Cricket Stadium, Abu Dhabi",34.0,137.4561403508772
G Gambhir,Arun Jaitley Stadium,4.0,30.76923076923077
G Gambhir,Barabati Stadium,35.666666666666664,108.30687830687832
G Gambhir,Brabourne Stadium,9.0,111.11111111111111
G Gambhir,Buffalo Park,19.0,82.6086956521739
G Gambhir,Dr DY Patil Sports Academy,27.5,64.2512077294686
G Gambhir,Dr. Y.S. Rajasekhara Reddy ACA-VDCA Cricket Stadium,4.0,50.0
G Gambhir,Dubai International Cricket Stadium,0.0,0.0
G Gambhir,Eden Gardens,29.93617021276596,116.53361813311639
G Gambhir,Feroz Shah Kotla,37.111111111111114,127.83281520684015
G Gambhir,Green Park,8.0,100.0
G Gambhir,JSCA International Stadium Complex,10.666666666666666,94.64052287581698
G Gambhir,Kingsmead,30.0,67.90935672514621
G Gambhir,M Chinnaswamy Stadium,29.9,124.75992817795456
G Gambhir,M.Chinnaswamy Stadium,3.0,30.0
G Gambhir,"MA Chidambaram Stadium, Chepauk",26.714285714285715,90.43924222495652
G Gambhir,Maharashtra Cricket Association Stadium,28.0,137.55911517925247
G Gambhir,Nehru Stadium,0.0,0.0
G Gambhir,New Wanderers Stadium,19.333333333333332,105.70175438596492
G Gambhir,Newlands,15.0,115.38461538461536
G Gambhir,OUTsurance Oval,8.0,86.36363636363637
G Gambhir,Punjab Cricket Association IS Bindra Stadium,55.0,130.95238095238096
G Gambhir,"Punjab Cricket Association IS Bindra Stadium, Mohali",21.0,72.22222222222223
G Gambhir,"Punjab Cricket Association Stadium, Mohali",54.0,141.43772893772893
G Gambhir,"Rajiv Gandhi International Stadium, Uppal",27.333333333333332,110.20796197266786
G Gambhir,"Sardar Patel Stadium, Motera",31.5,135.66176470588235
G Gambhir,Saurashtra Cricket Association Stadium,76.0,158.33333333333331
G Gambhir,Sawai Mansingh Stadium,32.0,102.30030333670373
G Gambhir,Sharjah Cricket Stadium,0.0,0.0
G Gambhir,Sheikh Zayed Stadium,15.333333333333334,40.75757575757576
G Gambhir,St George's Park,16.0,84.21052631578947
G Gambhir,Subrata Roy Sahara Stadium,30.666666666666668,132.32323232323233
G Gambhir,SuperSport Park,18.0,92.5877192982456
G Gambhir,Wankhede Stadium,21.625,92.84675971309217
GC Smith,Brabourne Stadium,26.0,118.1818181818182
GC Smith,De Beers Diamond Oval,15.5,62.12121212121212
GC Smith,Dr DY Patil Sports Academy,9.4,58.25396825396825
GC Smith,Eden Gardens,24.0,100.0
GC Smith,Kingsmead,48.0,141.66666666666663
GC Smith,M Chinnaswamy Stadium,49.0,116.66666666666669
GC Smith,"MA Chidambaram Stadium, Chepauk",91.0,178.4313725490196
GC Smith,Newlands,6.333333333333333,40.98124098124098
GC Smith,OUTsurance Oval,0.0,0.0
GC Smith,"Rajiv Gandhi International Stadium, Uppal",71.0,157.77777777777777
GC Smith,"Sardar Patel Stadium, Motera",18.0,105.88235294117648
GC Smith,Sawai Mansingh Stadium,35.2,89.25580556394509
GC Smith,St George's Park,0.0,0.0
GC Smith,SuperSport Park,22.0,76.22895622895622
GC Smith,Wankhede Stadium,25.0,119.04761904761904
GH Vihari,Arun Jaitley Stadium,2.0,66.66666666666666
GH Vihari,Eden Gardens,3.5,50.0
GH Vihari,Feroz Shah Kotla,9.0,43.20652173913043
GH Vihari,M Chinnaswamy Stadium,4.0,133.33333333333331
GH Vihari,"MA Chidambaram Stadium, Chepauk",2.0,66.66666666666666
GH Vihari,Maharashtra Cricket Association Stadium,1.0,12.5
GH Vihari,Punjab Cricket Association IS Bindra Stadium,2.0,40.0
GH Vihari,"Punjab Cricket Association Stadium, Mohali",7.0,91.96428571428572
GH Vihari,"Rajiv Gandhi International Stadium, Uppal",19.22222222222222,94.73745926644477
GH Vihari,Sawai Mansingh Stadium,4.0,44.44444444444444
GH Vihari,Wankhede Stadium,28.5,144.29429429429428
GJ Bailey,Barabati Stadium,26.0,208.3916083916084
GJ Bailey,Dr. Y.S. Rajasekhara Reddy ACA-VDCA Cricket Stadium,17.0,71.29233511586453
GJ Bailey,Dubai International Cricket Stadium,16.0,106.66666666666669
GJ Bailey,Eden Gardens,29.5,137.58169934640523
GJ Bailey,Feroz Shah Kotla,12.0,99.10714285714286
GJ Bailey,Kingsmead,15.0,125.0
GJ Bailey,M Chinnaswamy Stadium,4.4,36.19047619047619
GJ Bailey,"MA Chidambaram Stadium, Chepauk",1.0,33.33333333333333
GJ Bailey,Maharashtra Cricket Association Stadium,34.333333333333336,146.46464646464645
GJ Bailey,"Punjab Cricket Association Stadium, Mohali",19.142857142857142,136.14012271575297
GJ Bailey,"Rajiv Gandhi International Stadium, Uppal",20.5,119.377990430622
GJ Bailey,Sharjah Cricket Stadium,10.0,125.0
GJ Bailey,Sheikh Zayed Stadium,14.0,121.66666666666666
GJ Bailey,SuperSport Park,30.0,111.11111111111111
GJ Bailey,Wankhede Stadium,25.666666666666668,115.92261904761904
GJ Maxwell,Arun Jaitley Stadium,13.333333333333334,112.69179894179895
GJ Maxwell,"Arun Jaitley Stadium, Delhi",0.0,0.0
GJ Maxwell,Barabati Stadium,52.0,168.4210526315789
GJ Maxwell,"Bharat Ratna Shri Atal Bihari Vajpayee Ekana Cricket Stadium, Lucknow",4.0,80.0
GJ Maxwell,"Brabourne Stadium, Mumbai",26.666666666666668,150.5050505050505
GJ Maxwell,"Dr DY Patil Sports Academy, Mumbai",24.5,222.72727272727275
GJ Maxwell,Dr. Y.S. Rajasekhara Reddy ACA-VDCA Cricket Stadium,0.0,0.0
GJ Maxwell,Dubai International Cricket Stadium,21.0,102.38347511074784
GJ Maxwell,Eden Gardens,32.0,143.1818181818182
GJ Maxwell,"Eden Gardens, Kolkata",7.0,82.97619047619048
GJ Maxwell,Feroz Shah Kotla,4.666666666666667,42.42424242424243
GJ Maxwell,Himachal Pradesh Cricket Association Stadium,0.0,0.0
GJ Maxwell,Holkar Cricket Stadium,42.333333333333336,216.91622103386808
GJ Maxwell,M Chinnaswamy Stadium,7.0,75.36363636363636
GJ Maxwell,"M Chinnaswamy Stadium, Bengaluru",26.25,180.55747606564304
GJ Maxwell,M.Chinnaswamy Stadium,4.0,66.66666666666666
GJ Maxwell,"MA Chidambaram Stadium, Chepauk, Chennai",44.0,111.42203832752614
GJ Maxwell,"Maharaja Yadavindra Singh International Cricket Stadium, Mullanpur",12.666666666666666,87.61904761904763
GJ Maxwell,Maharashtra Cricket Association Stadium,12.2,137.3846153846154
GJ Maxwell,"Maharashtra Cricket Association Stadium, Pune",3.6666666666666665,166.66666666666666
GJ Maxwell,"Narendra Modi Stadium, Ahmedabad",9.8,61.92307692307693
GJ Maxwell,"Punjab Cricket Association IS Bindra Stadium, Mohali",21.75,122.82209457209457
GJ Maxwell,"Punjab Cricket Association IS Bindra Stadium, Mohali, Chandigarh",0.0,0.0
GJ Maxwell,"Punjab Cricket Association Stadium, Mohali",6.0,68.57142857142857
GJ Maxwell,Rajiv Gandhi International Stadium,2.0,66.66666666666666
GJ Maxwell,"Rajiv Gandhi International Stadium, Uppal",16.25,130.35714285714286
GJ Maxwell,"Rajiv Gandhi International Stadium, Uppal, Hyderabad",4.0,104.76190476190476
GJ Maxwell,"Sardar Patel Stadium, Motera",2.0,28.57142857142857
GJ Maxwell,Saurashtra Cricket Association Stadium,15.5,86.11111111111111
GJ Maxwell,Sawai Mansingh Stadium,17.0,141.66666666666669
GJ Maxwell,"Sawai Mansingh Stadium, Jaipur",27.5,98.48484848484847
GJ Maxwell,Sharjah Cricket Stadium,46.666666666666664,157.78258778258777
GJ Maxwell,Sheikh Zayed Stadium,27.4,145.40826873385012
GJ Maxwell,Subrata Roy Sahara Stadium,13.0,185.7142857142857
GJ Maxwell,Wankhede Stadium,24.5,185.9189829778065
GJ Maxwell,"Wankhede Stadium, Mumbai",36.333333333333336,146.6987436169022
GJ Maxwell,"Zayed Cricket Stadium, Abu Dhabi",25.0,109.41176470588235
Gurkeerat Singh,Arun Jaitley Stadium,27.0,142.10526315789474
Gurkeerat Singh,Dr. Y.S. Rajasekhara Reddy ACA-VDCA Cricket Stadium,28.5,160.0
Gurkeerat Singh,Dubai International Cricket Stadium,10.5,105.88235294117646
Gurkeerat Singh,Eden Gardens,14.333333333333334,114.60317460317458
Gurkeerat Singh,Feroz Shah Kotla,8.0,160.0
Gurkeerat Singh,Himachal Pradesh Cricket Association Stadium,13.0,118.1818181818182
Gurkeerat Singh,M Chinnaswamy Stadium,18.0,100.0
Gurkeerat Singh,M.Chinnaswamy Stadium,35.5,167.70833333333334
Gurkeerat Singh,"MA Chidambaram Stadium, Chepauk",0.0,0.0
Gurkeerat Singh,Maharashtra Cricket Association Stadium,11.0,110.0
Gurkeerat Singh,"Punjab Cricket Association IS Bindra Stadium, Mohali",27.0,135.0
Gurkeerat Singh,"Punjab Cricket Association Stadium, Mohali",17.142857142857142,104.36289900575615
Gurkeerat Singh,"Rajiv Gandhi International Stadium, Uppal",10.0,100.83333333333334
Gurkeerat Singh,Saurashtra Cricket Association Stadium,0.0,0.0
Gurkeerat Singh,Sawai Mansingh Stadium,10.0,66.66666666666666
Gurkeerat Singh,Sharjah Cricket Stadium,15.0,62.5
Gurkeerat Singh,Sheikh Zayed Stadium,17.5,104.02097902097903
Gurkeerat Singh,Wankhede Stadium,2.0,50.0
H Klaasen,Arun Jaitley Stadium,3.0,100.0
H Klaasen,"Arun Jaitley Stadium, Delhi",57.666666666666664,222.5539811066127
H Klaasen,"Bharat Ratna Shri Atal Bihari Vajpayee Ekana Cricket Stadium, Lucknow",35.5,176.23626373626374
H Klaasen,"Dr. Y.S. Rajasekhara Reddy ACA-VDCA Cricket Stadium, Visakhapatnam",32.0,188.23529411764704
H Klaasen,Eden Gardens,18.0,100.0
H Klaasen,"Eden Gardens, Kolkata",37.333333333333336,213.68363437328955
H Klaasen,"M Chinnaswamy Stadium, Bengaluru",67.0,216.1290322580645
H Klaasen,M.Chinnaswamy Stadium,6.0,100.0
H Klaasen,"MA Chidambaram Stadium, Chepauk, Chennai",22.0,106.03291316526611
H Klaasen,"Maharaja Yadavindra Singh International Cricket Stadium, Mullanpur",9.0,100.0
H Klaasen,Maharashtra Cricket Association Stadium,7.0,100.0
H Klaasen,"Narendra Modi Stadium, Ahmedabad",35.75,154.46192696192696
H Klaasen,"Rajiv Gandhi International Stadium, Uppal, Hyderabad",40.93333333333333,189.95600494543592
H Klaasen,Sawai Mansingh Stadium,16.0,76.19047619047619
H Klaasen,"Sawai Mansingh Stadium, Jaipur",26.0,216.66666666666663
H Klaasen,"Wankhede Stadium, Mumbai",19.0,110.71428571428571
HH Gibbs,Barabati Stadium,27.0,109.61538461538461
HH Gibbs,Brabourne Stadium,17.0,113.33333333333331
HH Gibbs,Buffalo Park,0.0,0.0
HH Gibbs,De Beers Diamond Oval,13.0,100.0
HH Gibbs,Dr DY Patil Sports Academy,21.333333333333332,106.86315496098105
HH Gibbs,Eden Gardens,58.0,112.45210727969351
HH Gibbs,Feroz Shah Kotla,22.0,100.0
HH Gibbs,Kingsmead,63.5,128.63636363636365
HH Gibbs,M Chinnaswamy Stadium,3.5,52.38095238095238
HH Gibbs,"MA Chidambaram Stadium, Chepauk",27.5,112.5
HH Gibbs,New Wanderers Stadium,26.75,82.04333363780295
HH Gibbs,Newlands,28.0,175.54945054945054
HH Gibbs,"Punjab Cricket Association Stadium, Mohali",44.0,129.41176470588235
HH Gibbs,"Rajiv Gandhi International Stadium, Uppal",16.75,91.86041083099906
HH Gibbs,"Sardar Patel Stadium, Motera",25.0,178.57142857142858
HH Gibbs,Sawai Mansingh Stadium,19.0,95.0
HH Gibbs,St George's Park,8.0,80.0
HH Gibbs,SuperSport Park,15.0,34.883720930232556
HH Gibbs,"Vidarbha Cricket Association Stadium, Jamtha",12.0,120.0
HH Gibbs,Wankhede Stadium,13.0,54.16666666666666
HH Pandya,Arun Jaitley Stadium,29.5,186.078431372549
HH Pandya,"Arun Jaitley Stadium, Delhi",17.25,159.22619047619048
HH Pandya,"Bharat Ratna Shri Atal Bihari Vajpayee Ekana Cricket Stadium, Lucknow",31.333333333333332,102.33333333333333
HH Pandya,"Brabourne Stadium, Mumbai",18.0,130.08403361344537
HH Pandya,"Dr DY Patil Sports Academy, Mumbai",51.25,109.34392987964416
HH Pandya,Dr. Y.S. Rajasekhara Reddy ACA-VDCA Cricket Stadium,7.0,43.75
HH Pandya,Dubai International Cricket Stadium,13.6,132.1904761904762
HH Pandya,Eden Gardens,24.0,110.7601809954751
HH Pandya,"Eden Gardens, Kolkata",22.666666666666668,109.38271604938272
HH Pandya,Feroz Shah Kotla,10.333333333333334,102.38095238095241
HH Pandya,Green Park,7.0,87.5
HH Pandya,Holkar Cricket Stadium,19.0,275.96153846153845
HH Pandya,M Chinnaswamy Stadium,12.5,245.83333333333331
HH Pandya,M.Chinnaswamy Stadium,41.0,182.6007326007326
HH Pandya,MA Chidambaram Stadium,18.0,122.97979797979798
HH Pandya,"MA Chidambaram Stadium, Chepauk",21.0,262.5
HH Pandya,"MA Chidambaram Stadium, Chepauk, Chennai",7.333333333333333,82.9201680672269
HH Pandya,"Maharaja Yadavindra Singh International Cricket Stadium, Mullanpur",10.0,166.66666666666669
HH Pandya,"Maharaja Yadavindra Singh International Cricket Stadium, New Chandigarh",22.0,244.44444444444449
HH Pandya,Maharashtra Cricket Association Stadium,24.0,197.91666666666663
HH Pandya,"Maharashtra Cricket Association Stadium, Pune",21.0,99.71509971509971
HH Pandya,"Narendra Modi Stadium, Ahmedabad",21.75,141.75256297985428
HH Pandya,Punjab Cricket Association IS Bindra Stadium,31.0,163.1578947368421
HH Pandya,"Punjab Cricket Association IS Bindra Stadium, Mohali",4.0,200.0
HH Pandya,"Punjab Cricket Association IS Bindra Stadium, Mohali, Chandigarh",8.0,72.72727272727273
HH Pandya,Rajiv Gandhi International Stadium,15.0,130.0
HH Pandya,"Rajiv Gandhi International Stadium, Uppal",9.0,71.20370370370371
HH Pandya,"Rajiv Gandhi International Stadium, Uppal, Hyderabad",24.0,120.0
HH Pandya,Saurashtra Cricket Association Stadium,4.0,80.0
HH Pandya,Sawai Mansingh Stadium,13.5,176.66666666666669
HH Pandya,"Sawai Mansingh Stadium, Jaipur",30.75,185.5072463768116
HH Pandya,Sharjah Cricket Stadium,16.666666666666668,110.23391812865498
HH Pandya,Sheikh Zayed Stadium,23.75,164.7020136726019
HH Pandya,Wankhede Stadium,17.071428571428573,146.25824639703626
HH Pandya,"Wankhede Stadium, Mumbai",18.8125,134.64775694163993
HH Pandya,"Zayed Cricket Stadium, Abu Dhabi",25.0,129.16666666666666
HV Patel,Arun Jaitley Stadium,30.0,183.08823529411765
HV Patel,"Brabourne Stadium, Mumbai",7.5,103.57142857142857
HV Patel,"Dr DY Patil Sports Academy, Mumbai",5.0,83.33333333333334
HV Patel,"Dr. Y.S. Rajasekhara Reddy ACA-VDCA Cricket Stadium, Visakhapatnam",5.0,55.55555555555556
HV Patel,Dubai International Cricket Stadium,5.0,55.55555555555556
HV Patel,Eden Gardens,9.0,225.0
HV Patel,"Eden Gardens, Kolkata",1.5,30.0
HV Patel,"Himachal Pradesh Cricket Association Stadium, Dharamsala",6.0,46.15384615384615
HV Patel,JSCA International Stadium Complex,2.0,100.0
HV Patel,M Chinnaswamy Stadium,3.5714285714285716,108.73015873015872
HV Patel,"M Chinnaswamy Stadium, Bengaluru",6.0,150.0
HV Patel,"MA Chidambaram Stadium, Chepauk",0.0,0.0
HV Patel,"MA Chidambaram Stadium, Chepauk, Chennai",4.0,133.33333333333331
HV Patel,"Maharaja Yadavindra Singh International Cricket Stadium, Mullanpur",0.5,12.5
HV Patel,"Maharashtra Cricket Association Stadium, Pune",8.0,72.72727272727273
HV Patel,"Narendra Modi Stadium, Ahmedabad",16.0,144.23076923076923
HV Patel,Punjab Cricket Association IS Bindra Stadium,0.0,0.0
HV Patel,"Rajiv Gandhi International Stadium, Uppal",5.0,100.0
HV Patel,"Rajiv Gandhi International Stadium, Uppal, Hyderabad",6.5,104.54545454545453
HV Patel,Sharjah Cricket Stadium,7.0,100.0
HV Patel,Wankhede Stadium,6.0,300.0
HV Patel,"Wankhede Stadium, Mumbai",4.5,112.5
HV Patel,"Zayed Cricket Stadium, Abu Dhabi",12.0,120.0
Harbhajan Singh,Brabourne Stadium,5.0,162.5
Harbhajan Singh,Buffalo Park,8.0,126.1904761904762
Harbhajan Singh,Dr DY Patil Sports Academy,19.666666666666668,218.75
Harbhajan Singh,Dr. Y.S. Rajasekhara Reddy ACA-VDCA Cricket Stadium,17.5,117.72727272727272
Harbhajan Singh,Dubai International Cricket Stadium,3.0,44.444444444444436
Harbhajan Singh,Eden Gardens,12.6,195.68965517241378
Harbhajan Singh,Feroz Shah Kotla,6.0,53.75
Harbhajan Singh,Green Park,3.0,60.0
Harbhajan Singh,Himachal Pradesh Cricket Association Stadium,5.0,62.5
Harbhajan Singh,Kingsmead,11.0,152.5
Harbhajan Singh,M Chinnaswamy Stadium,0.6666666666666666,41.666666666666664
Harbhajan Singh,MA Chidambaram Stadium,1.0,33.33333333333333
Harbhajan Singh,"MA Chidambaram Stadium, Chepauk",23.75,158.92857142857142
Harbhajan Singh,"MA Chidambaram Stadium, Chepauk, Chennai",2.0,100.0
Harbhajan Singh,Maharashtra Cricket Association Stadium,19.0,90.47619047619048
Harbhajan Singh,Newlands,4.0,200.0
Harbhajan Singh,"Punjab Cricket Association Stadium, Mohali",5.25,75.0
Harbhajan Singh,"Rajiv Gandhi International Stadium, Uppal",1.0,33.33333333333333
Harbhajan Singh,Saurashtra Cricket Association Stadium,0.0,0.0
Harbhajan Singh,Sawai Mansingh Stadium,5.5,121.42857142857143
Harbhajan Singh,Sharjah Cricket Stadium,10.0,200.0
Harbhajan Singh,Sheikh Zayed Stadium,0.0,0.0
Harbhajan Singh,St George's Park,9.5,162.5
Harbhajan Singh,Subrata Roy Sahara Stadium,2.0,66.66666666666666
Harbhajan Singh,SuperSport Park,6.0,85.71428571428571
Harbhajan Singh,Wankhede Stadium,11.67741935483871,135.09244223129215
Harpreet Brar,Arun Jaitley Stadium,20.0,166.66666666666669
Harpreet Brar,"Arun Jaitley Stadium, Delhi",2.0,40.0
Harpreet Brar,"Bharat Ratna Shri Atal Bihari Vajpayee Ekana Cricket Stadium, Lucknow",6.0,150.0
Harpreet Brar,"Brabourne Stadium, Mumbai",7.0,140.0
Harpreet Brar,"Dr DY Patil Sports Academy, Mumbai",1.0,50.0
Harpreet Brar,"Eden Gardens, Kolkata",17.0,188.88888888888889
Harpreet Brar,"Himachal Pradesh Cricket Association Stadium, Dharamsala",8.5,65.38461538461539
Harpreet Brar,"M Chinnaswamy Stadium, Bengaluru",2.0,100.0
Harpreet Brar,"Maharaja Yadavindra Singh International Cricket Stadium, Mullanpur",11.8,116.6060606060606
Harpreet Brar,"Narendra Modi Stadium, Ahmedabad",10.0,132.35294117647058
Harpreet Brar,"Punjab Cricket Association IS Bindra Stadium, Mohali, Chandigarh",10.5,130.0
Harpreet Brar,"Rajiv Gandhi International Stadium, Uppal, Hyderabad",1.0,50.0
Harpreet Brar,"Sawai Mansingh Stadium, Jaipur",7.0,350.0
Harpreet Brar,Sharjah Cricket Stadium,10.5,125.0
Harpreet Brar,"Wankhede Stadium, Mumbai",9.5,163.88888888888889
Harpreet Brar,"Zayed Cricket Stadium, Abu Dhabi",14.0,73.68421052631578
I Sharma,Dr. Y.S. Rajasekhara Reddy ACA-VDCA Cricket Stadium,10.0,333.33333333333337
I Sharma,"Dr. Y.S. Rajasekhara Reddy ACA-VDCA Cricket Stadium, Visakhapatnam",1.0,33.33333333333333
I Sharma,Eden Gardens,2.25,85.0
I Sharma,M Chinnaswamy Stadium,0.0,0.0
I Sharma,"M Chinnaswamy Stadium, Bengaluru",0.0,0.0
I Sharma,"MA Chidambaram Stadium, Chepauk",2.5,116.66666666666666
I Sharma,Maharashtra Cricket Association Stadium,1.0,20.0
I Sharma,Newlands,5.0,100.0
I Sharma,"Punjab Cricket Association IS Bindra Stadium, Mohali",5.0,250.0
I Sharma,"Rajiv Gandhi International Stadium, Uppal",1.3333333333333333,63.333333333333336
I Sharma,"Rajiv Gandhi International Stadium, Uppal, Hyderabad",1.0,100.0
I Sharma,Sawai Mansingh Stadium,1.0,100.0
I Sharma,St George's Park,6.0,200.0
I Sharma,Wankhede Stadium,4.0,80.0
IK Pathan,Barabati Stadium,60.0,206.896551724138
IK Pathan,Brabourne Stadium,18.0,128.57142857142858
IK Pathan,De Beers Diamond Oval,10.0,83.33333333333334
IK Pathan,Dr DY Patil Sports Academy,14.0,87.5
IK Pathan,Dr. Y.S. Rajasekhara Reddy ACA-VDCA Cricket Stadium,2.0,66.66666666666666
IK Pathan,Dubai International Cricket Stadium,1.0,100.0
IK Pathan,Eden Gardens,15.0,132.41071428571428
IK Pathan,Feroz Shah Kotla,10.722222222222221,98.22216091823935
IK Pathan,Himachal Pradesh Cricket Association Stadium,10.8,78.3068783068783
IK Pathan,Kingsmead,16.8,124.0
IK Pathan,M Chinnaswamy Stadium,15.6,202.0
IK Pathan,"MA Chidambaram Stadium, Chepauk",28.0,125.99591503267975
IK Pathan,Nehru Stadium,13.0,185.7142857142857
IK Pathan,New Wanderers Stadium,17.0,154.54545454545453
IK Pathan,Newlands,22.5,101.94805194805195
IK Pathan,OUTsurance Oval,21.0,190.9090909090909
IK Pathan,"Punjab Cricket Association IS Bindra Stadium, Mohali",2.0,100.0
IK Pathan,"Punjab Cricket Association Stadium, Mohali",13.11111111111111,164.1519129019129
IK Pathan,"Rajiv Gandhi International Stadium, Uppal",12.25,79.86842105263158
IK Pathan,"Sardar Patel Stadium, Motera",21.0,100.0
IK Pathan,Saurashtra Cricket Association Stadium,2.0,66.66666666666666
IK Pathan,Sawai Mansingh Stadium,15.0,115.83524027459953
IK Pathan,Shaheed Veer Narayan Singh International Stadium,4.0,400.0
IK Pathan,Sharjah Cricket Stadium,5.0,55.55555555555556
IK Pathan,St George's Park,19.0,118.75
IK Pathan,Subrata Roy Sahara Stadium,15.0,142.85714285714286
IK Pathan,SuperSport Park,0.0,0.0
IK Pathan,Wankhede Stadium,11.25,104.02777777777777
Ishan Kishan,Arun Jaitley Stadium,5.0,38.46153846153847
Ishan Kishan,"Arun Jaitley Stadium, Delhi",26.666666666666668,135.6959706959707
Ishan Kishan,"Bharat Ratna Shri Atal Bihari Vajpayee Ekana Cricket Stadium, Lucknow",55.0,140.885989010989
Ishan Kishan,"Brabourne Stadium, Mumbai",46.333333333333336,133.46433400946586
Ishan Kishan,"Dr DY Patil Sports Academy, Mumbai",32.75,97.90513104466592
Ishan Kishan,"Dr. Y.S. Rajasekhara Reddy ACA-VDCA Cricket Stadium, Visakhapatnam",2.0,40.0
Ishan Kishan,Dubai International Cricket Stadium,40.857142857142854,137.985526913395
Ishan Kishan,Eden Gardens,33.0,165.8008658008658
Ishan Kishan,"Eden Gardens, Kolkata",21.0,110.9090909090909
Ishan Kishan,Feroz Shah Kotla,3.0,49.99999999999999
Ishan Kishan,Green Park,47.5,144.25
Ishan Kishan,Holkar Cricket Stadium,25.0,131.57894736842107
Ishan Kishan,M Chinnaswamy Stadium,16.0,145.45454545454547
Ishan Kishan,"M Chinnaswamy Stadium, Bengaluru",10.0,76.92307692307693
Ishan Kishan,M.Chinnaswamy Stadium,0.0,0.0
Ishan Kishan,MA Chidambaram Stadium,28.0,90.32258064516128
Ishan Kishan,"MA Chidambaram Stadium, Chepauk, Chennai",15.444444444444445,82.07351166587493
Ishan Kishan,"Maharaja Yadavindra Singh International Cricket Stadium, Mullanpur",8.0,100.0
Ishan Kishan,Maharashtra Cricket Association Stadium,15.5,64.58333333333334
Ishan Kishan,"Maharashtra Cricket Association Stadium, Pune",14.333333333333334,69.84126984126983
Ishan Kishan,"Narendra Modi Stadium, Ahmedabad",8.666666666666666,46.12511671335201
Ishan Kishan,"Punjab Cricket Association IS Bindra Stadium, Mohali",20.0,131.79347826086956
Ishan Kishan,"Punjab Cricket Association IS Bindra Stadium, Mohali, Chandigarh",75.0,182.9268292682927
Ishan Kishan,Rajiv Gandhi International Stadium,16.333333333333332,89.8046398046398
Ishan Kishan,"Rajiv Gandhi International Stadium, Uppal, Hyderabad",29.285714285714285,130.14035153385984
Ishan Kishan,Saurashtra Cricket Association Stadium,29.0,148.34821428571428
Ishan Kishan,Sawai Mansingh Stadium,58.0,138.0952380952381
Ishan Kishan,"Sawai Mansingh Stadium, Jaipur",0.0,0.0
Ishan Kishan,Sharjah Cricket Stadium,45.5,163.0210447601752
Ishan Kishan,Sheikh Zayed Stadium,23.6,101.70467836257309
Ishan Kishan,Wankhede Stadium,16.0,115.35643866378499
Ishan Kishan,"Wankhede Stadium, Mumbai",26.263157894736842,134.6151195239902
Ishan Kishan,"Zayed Cricket Stadium, Abu Dhabi",49.0,189.58333333333334
J Botha,Eden Gardens,8.8,158.47619047619048
J Botha,Feroz Shah Kotla,4.0,60.31746031746032
J Botha,Kingsmead,5.0,99.99999999999999
J Botha,"MA Chidambaram Stadium, Chepauk",15.5,124.16666666666666
J Botha,OUTsurance Oval,37.0,123.33333333333334
J Botha,"Punjab Cricket Association Stadium, Mohali",14.0,175.0
J Botha,"Rajiv Gandhi International Stadium, Uppal",23.666666666666668,77.27963525835865
J Botha,Sawai Mansingh Stadium,18.8,123.01681121166413
J Botha,Wankhede Stadium,2.0,66.66666666666666
JA Morkel,Buffalo Park,4.0,80.0
JA Morkel,Dr DY Patil Sports Academy,11.666666666666666,157.6923076923077
JA Morkel,Dr. Y.S. Rajasekhara Reddy ACA-VDCA Cricket Stadium,2.0,66.66666666666666
JA Morkel,Dubai International Cricket Stadium,15.0,107.14285714285714
JA Morkel,Eden Gardens,15.0,150.0
JA Morkel,Feroz Shah Kotla,10.666666666666666,88.88888888888887
JA Morkel,Himachal Pradesh Cricket Association Stadium,14.0,187.5
JA Morkel,Kingsmead,11.666666666666666,135.7142857142857
JA Morkel,M Chinnaswamy Stadium,10.25,113.88888888888889
JA Morkel,"MA Chidambaram Stadium, Chepauk",19.48,128.62933418490695
JA Morkel,Maharashtra Cricket Association Stadium,16.0,177.77777777777777
JA Morkel,Nehru Stadium,9.0,225.0
JA Morkel,New Wanderers Stadium,13.0,133.8235294117647
JA Morkel,"Rajiv Gandhi International Stadium, Uppal",12.0,100.0
JA Morkel,"Sardar Patel Stadium, Motera",28.0,233.3333333333333
JA Morkel,Sawai Mansingh Stadium,21.666666666666668,184.0909090909091
JA Morkel,Shaheed Veer Narayan Singh International Stadium,8.0,100.0
JA Morkel,Sharjah Cricket Stadium,6.0,120.0
JA Morkel,Sheikh Zayed Stadium,7.0,53.84615384615385
JA Morkel,St George's Park,5.0,166.66666666666669
JA Morkel,Subrata Roy Sahara Stadium,3.0,100.0
JA Morkel,SuperSport Park,9.0,236.66666666666666
JA Morkel,Wankhede Stadium,9.75,151.25
JC Archer,"Barsapara Cricket Stadium, Guwahati",8.0,114.28571428571428
JC Archer,Dubai International Cricket Stadium,6.2,107.38095238095238
JC Archer,Eden Gardens,16.5,172.5
JC Archer,"Eden Gardens, Kolkata",12.0,150.0
JC Archer,Holkar Cricket Stadium,0.0,0.0
JC Archer,"M Chinnaswamy Stadium, Bengaluru",0.0,0.0
JC Archer,MA Chidambaram Stadium,24.0,218.18181818181816
JC Archer,"MA Chidambaram Stadium, Chepauk, Chennai",3.0,150.0
JC Archer,"Narendra Modi Stadium, Ahmedabad",4.0,100.0
JC Archer,Punjab Cricket Association IS Bindra Stadium,1.0,33.33333333333333
JC Archer,"Rajiv Gandhi International Stadium, Uppal, Hyderabad",1.0,100.0
JC Archer,Sawai Mansingh Stadium,4.0,70.43650793650794
JC Archer,"Sawai Mansingh Stadium, Jaipur",30.0,111.11111111111111
JC Archer,Sharjah Cricket Stadium,14.0,316.6666666666667
JC Archer,Sheikh Zayed Stadium,20.0,189.09090909090907
JC Archer,"Wankhede Stadium, Mumbai",1.0,50.0
JC Buttler,Arun Jaitley Stadium,67.0,257.69230769230774
JC Buttler,"Arun Jaitley Stadium, Delhi",61.333333333333336,145.57170090258325
JC Buttler,"Barsapara Cricket Stadium, Guwahati",49.0,163.81461675579322
JC Buttler,"Bharat Ratna Shri Atal Bihari Vajpayee Ekana Cricket Stadium, Lucknow",25.0,151.58730158730157
JC Buttler,"Brabourne Stadium, Mumbai",35.666666666666664,81.66666666666667
JC Buttler,"Dr DY Patil Sports Academy, Mumbai",57.0,141.13533525298232
JC Buttler,Dr. Y.S. Rajasekhara Reddy ACA-VDCA Cricket Stadium,9.666666666666666,130.0
JC Buttler,Dubai International Cricket Stadium,21.166666666666668,138.1437127687128
JC Buttler,Eden Gardens,40.0,181.81818181818184
JC Buttler,"Eden Gardens, Kolkata",59.25,130.35874589669726
JC Buttler,Feroz Shah Kotla,2.0,33.33333333333333
JC Buttler,Green Park,33.0,106.4516129032258
JC Buttler,"Himachal Pradesh Cricket Association Stadium, Dharamsala",0.0,0.0
JC Buttler,Holkar Cricket Stadium,64.0,169.43866943866945
JC Buttler,M Chinnaswamy Stadium,15.5,165.0
JC Buttler,"M Chinnaswamy Stadium, Bengaluru",36.5,93.5897435897436
JC Buttler,M.Chinnaswamy Stadium,23.0,164.28571428571428
JC Buttler,MA Chidambaram Stadium,6.0,85.71428571428571
JC Buttler,"MA Chidambaram Stadium, Chepauk, Chennai",36.5,114.22222222222221
JC Buttler,Maharashtra Cricket Association Stadium,29.0,162.7450980392157
JC Buttler,"Maharashtra Cricket Association Stadium, Pune",21.5,111.75213675213675
JC Buttler,"Narendra Modi Stadium, Ahmedabad",47.3,136.5596109096109
JC Buttler,Punjab Cricket Association IS Bindra Stadium,23.0,135.29411764705884
JC Buttler,"Punjab Cricket Association IS Bindra Stadium, Mohali",24.0,184.6153846153846
JC Buttler,Rajiv Gandhi International Stadium,5.5,64.58333333333333
JC Buttler,"Rajiv Gandhi International Stadium, Uppal",11.0,100.0
JC Buttler,"Rajiv Gandhi International Stadium, Uppal, Hyderabad",18.0,81.81818181818183
JC Buttler,Saurashtra Cricket Association Stadium,10.0,111.11111111111111
JC Buttler,Sawai Mansingh Stadium,43.4,140.4407264303014
JC Buttler,"Sawai Mansingh Stadium, Jaipur",35.0,118.05594715369699
JC Buttler,Sharjah Cricket Stadium,8.5,109.82142857142857
JC Buttler,Sheikh Zayed Stadium,46.0,172.06439393939394
JC Buttler,Wankhede Stadium,32.333333333333336,130.57267852408265
JC Buttler,"Wankhede Stadium, Mumbai",30.846153846153847,119.06465863613269
JD Ryder,Dr DY Patil Sports Academy,20.857142857142858,126.67051435958999
JD Ryder,Feroz Shah Kotla,86.0,150.87719298245614
JD Ryder,Kingsmead,17.0,96.19047619047619
JD Ryder,M Chinnaswamy Stadium,42.5,152.27272727272725
JD Ryder,"MA Chidambaram Stadium, Chepauk",12.0,113.18181818181819
JD Ryder,Newlands,0.0,0.0
JD Ryder,"Punjab Cricket Association Stadium, Mohali",11.0,73.48484848484848
JD Ryder,"Rajiv Gandhi International Stadium, Uppal",35.0,175.0
JD Ryder,Sawai Mansingh Stadium,9.5,100.0
JD Ryder,Subrata Roy Sahara Stadium,19.833333333333332,84.6535409035409
JD Ryder,SuperSport Park,22.0,115.78947368421052
JD Ryder,Wankhede Stadium,12.0,80.0
JD Unadkat,"Brabourne Stadium, Mumbai",14.0,233.3333333333333
JD Unadkat,"Dr DY Patil Sports Academy, Mumbai",19.0,211.11111111111111
JD Unadkat,Dubai International Cricket Stadium,9.0,69.23076923076923
JD Unadkat,Eden Gardens,13.0,72.22222222222221
JD Unadkat,Holkar Cricket Stadium,6.0,85.71428571428571
JD Unadkat,JSCA International Stadium Complex,1.0,100.0
JD Unadkat,M Chinnaswamy Stadium,2.0,40.0
JD Unadkat,"M Chinnaswamy Stadium, Bengaluru",9.0,128.57142857142858
JD Unadkat,"MA Chidambaram Stadium, Chepauk, Chennai",3.3333333333333335,112.12121212121212
JD Unadkat,"Maharaja Yadavindra Singh International Cricket Stadium, Mullanpur",6.0,600.0
JD Unadkat,Maharashtra Cricket Association Stadium,16.0,160.0
JD Unadkat,"Maharashtra Cricket Association Stadium, Pune",12.5,132.14285714285714
JD Unadkat,"Punjab Cricket Association Stadium, Mohali",0.0,0.0
JD Unadkat,Rajiv Gandhi International Stadium,1.0,50.0
JD Unadkat,"Rajiv Gandhi International Stadium, Uppal",1.0,100.0
JD Unadkat,"Rajiv Gandhi International Stadium, Uppal, Hyderabad",8.0,80.0
JD Unadkat,Sawai Mansingh Stadium,0.5,25.0
JD Unadkat,Sharjah Cricket Stadium,6.0,120.0
JD Unadkat,Sheikh Zayed Stadium,1.0,20.0
JD Unadkat,"Wankhede Stadium, Mumbai",12.0,132.7731092436975
JH Kallis,Barabati Stadium,23.0,95.83333333333334
JH Kallis,Brabourne Stadium,66.0,120.0
JH Kallis,Dr DY Patil Sports Academy,15.0,90.79861111111111
JH Kallis,Dubai International Cricket Stadium,0.0,0.0
JH Kallis,Eden Gardens,28.85,90.23987268670268
JH Kallis,Feroz Shah Kotla,31.8,126.44247351564425
JH Kallis,JSCA International Stadium Complex,15.333333333333334,57.35449735449735
JH Kallis,Kingsmead,28.0,87.37747035573122
JH Kallis,M Chinnaswamy Stadium,24.25,108.41473853412919
JH Kallis,"MA Chidambaram Stadium, Chepauk",37.5,109.52947845804988
JH Kallis,Nehru Stadium,45.0,109.75609756097562
JH Kallis,New Wanderers Stadium,37.75,109.33182595071928
JH Kallis,Newlands,15.0,107.14285714285714
JH Kallis,"Punjab Cricket Association Stadium, Mohali",13.333333333333334,79.03381642512078
JH Kallis,"Rajiv Gandhi International Stadium, Uppal",28.333333333333332,101.1776047460141
JH Kallis,Sawai Mansingh Stadium,21.0,50.90848806366048
JH Kallis,Shaheed Veer Narayan Singh International Stadium,12.0,80.0
JH Kallis,Sharjah Cricket Stadium,43.0,102.38095238095238
JH Kallis,Sheikh Zayed Stadium,31.333333333333332,106.52997364953887
JH Kallis,St George's Park,12.0,82.10526315789474
JH Kallis,Subrata Roy Sahara Stadium,15.0,66.90433749257278
JH Kallis,SuperSport Park,15.666666666666666,80.82309847015729
JH Kallis,"Vidarbha Cricket Association Stadium, Jamtha",27.0,72.97297297297297
JH Kallis,Wankhede Stadium,14.0,74.11858974358975
JJ Bumrah,Arun Jaitley Stadium,0.0,0.0
JJ Bumrah,"Dr DY Patil Sports Academy, Mumbai",0.0,0.0
JJ Bumrah,Dr. Y.S. Rajasekhara Reddy ACA-VDCA Cricket Stadium,4.0,83.33333333333333
JJ Bumrah,Dubai International Cricket Stadium,2.3333333333333335,77.77777777777779
JJ Bumrah,M.Chinnaswamy Stadium,0.0,0.0
JJ Bumrah,"MA Chidambaram Stadium, Chepauk, Chennai",1.3333333333333333,50.0
JJ Bumrah,"Maharashtra Cricket Association Stadium, Pune",0.0,0.0
JJ Bumrah,"Narendra Modi Stadium, Ahmedabad",1.0,100.0
JJ Bumrah,Rajiv Gandhi International Stadium,4.0,100.0
JJ Bumrah,Saurashtra Cricket Association Stadium,0.0,0.0
JJ Bumrah,"Sawai Mansingh Stadium, Jaipur",2.0,200.0
JJ Bumrah,Sharjah Cricket Stadium,1.0,100.0
JJ Bumrah,Sheikh Zayed Stadium,5.0,166.66666666666669
JJ Bumrah,Wankhede Stadium,7.333333333333333,88.4848484848485
JJ Bumrah,"Wankhede Stadium, Mumbai",1.8,37.77777777777778
JJ Bumrah,"Zayed Cricket Stadium, Abu Dhabi",5.0,250.0
JJ Roy,Arun Jaitley Stadium,11.5,108.97435897435896
JJ Roy,"Arun Jaitley Stadium, Delhi",43.0,110.25641025641026
JJ Roy,Dubai International Cricket Stadium,35.0,113.0952380952381
JJ Roy,Eden Gardens,1.0,33.33333333333333
JJ Roy,"Eden Gardens, Kolkata",38.5,169.66575091575092
JJ Roy,"M Chinnaswamy Stadium, Bengaluru",56.0,193.1034482758621
JJ Roy,M.Chinnaswamy Stadium,5.0,31.25
JJ Roy,"MA Chidambaram Stadium, Chepauk, Chennai",12.0,80.0
JJ Roy,"Rajiv Gandhi International Stadium, Uppal",31.0,147.61904761904762
JJ Roy,"Rajiv Gandhi International Stadium, Uppal, Hyderabad",20.0,111.11111111111111
JJ Roy,Saurashtra Cricket Association Stadium,14.0,116.66666666666669
JJ Roy,Sharjah Cricket Stadium,2.0,28.57142857142857
JJ Roy,Wankhede Stadium,52.5,185.8490566037736
JJ Roy,"Zayed Cricket Stadium, Abu Dhabi",39.0,138.84711779448622
JM Bairstow,Arun Jaitley Stadium,48.0,171.42857142857142
JM Bairstow,"Arun Jaitley Stadium, Delhi",18.5,141.42857142857144
JM Bairstow,"Barsapara Cricket Stadium, Guwahati",14.0,63.63636363636363
JM Bairstow,"Bharat Ratna Shri Atal Bihari Vajpayee Ekana Cricket Stadium, Lucknow",42.0,144.82758620689654
JM Bairstow,"Brabourne Stadium, Mumbai",27.666666666666668,149.4047619047619
JM Bairstow,"Dr DY Patil Sports Academy, Mumbai",13.666666666666666,107.77777777777776
JM Bairstow,Dubai International Cricket Stadium,32.285714285714285,105.16072914088302
JM Bairstow,Eden Gardens,39.0,114.70588235294116
JM Bairstow,"Eden Gardens, Kolkata",108.0,225.0
JM Bairstow,"Himachal Pradesh Cricket Association Stadium, Dharamsala",17.0,142.70833333333334
JM Bairstow,"M Chinnaswamy Stadium, Bengaluru",8.0,133.33333333333331
JM Bairstow,MA Chidambaram Stadium,0.0,0.0
JM Bairstow,"MA Chidambaram Stadium, Chepauk, Chennai",42.833333333333336,150.36778036778037
JM Bairstow,"Maharaja Yadavindra Singh International Cricket Stadium, Mullanpur",8.0,126.3157894736842
JM Bairstow,"Maharaja Yadavindra Singh International Cricket Stadium, New Chandigarh",47.0,213.63636363636363
JM Bairstow,"Maharashtra Cricket Association Stadium, Pune",22.0,105.4131054131054
JM Bairstow,"Narendra Modi Stadium, Ahmedabad",30.0,163.78205128205127
JM Bairstow,Punjab Cricket Association IS Bindra Stadium,1.0,16.666666666666664
JM Bairstow,Rajiv Gandhi International Stadium,59.5,164.27254270277527
JM Bairstow,Sharjah Cricket Stadium,25.0,166.66666666666669
JM Bairstow,Sheikh Zayed Stadium,31.333333333333332,96.3293650793651
JM Bairstow,"Wankhede Stadium, Mumbai",28.333333333333332,164.44444444444446
JM Sharma,"Arun Jaitley Stadium, Delhi",5.0,100.0
JM Sharma,"Barsapara Cricket Stadium, Guwahati",24.5,139.375
JM Sharma,"Bharat Ratna Shri Atal Bihari Vajpayee Ekana Cricket Stadium, Lucknow",29.25,135.57291666666666
JM Sharma,"Brabourne Stadium, Mumbai",22.5,170.2906300860265
JM Sharma,"Dr DY Patil Sports Academy, Mumbai",27.5,133.45588235294116
JM Sharma,"Eden Gardens, Kolkata",21.0,116.66666666666669
JM Sharma,"Himachal Pradesh Cricket Association Stadium, Dharamsala",12.25,70.53571428571428
JM Sharma,"M Chinnaswamy Stadium, Bengaluru",15.333333333333334,105.91450216450217
JM Sharma,"MA Chidambaram Stadium, Chepauk, Chennai",16.5,205.0
JM Sharma,"Maharaja Yadavindra Singh International Cricket Stadium, Mullanpur",15.0,123.23232323232322
JM Sharma,"Maharashtra Cricket Association Stadium, Pune",16.0,120.0
JM Sharma,"Narendra Modi Stadium, Ahmedabad",20.0,220.0
JM Sharma,"Punjab Cricket Association IS Bindra Stadium, Mohali, Chandigarh",32.0,181.08903978469195
JM Sharma,"Rajiv Gandhi International Stadium, Uppal, Hyderabad",18.0,128.88888888888886
JM Sharma,"Wankhede Stadium, Mumbai",30.5,262.5522138680034
JO Holder,"Barsapara Cricket Stadium, Guwahati",1.0,100.0
JO Holder,"Brabourne Stadium, Mumbai",1.0,50.0
JO Holder,"Dr DY Patil Sports Academy, Mumbai",12.0,222.2222222222222
JO Holder,Dubai International Cricket Stadium,5.666666666666667,69.9074074074074
JO Holder,Eden Gardens,9.5,116.66666666666666
JO Holder,Feroz Shah Kotla,3.0,42.857142857142854
JO Holder,Green Park,13.0,162.5
JO Holder,"MA Chidambaram Stadium, Chepauk, Chennai",2.0,50.0
JO Holder,"Maharashtra Cricket Association Stadium, Pune",8.333333333333334,170.83333333333334
JO Holder,Sharjah Cricket Stadium,26.0,174.02298850574712
JO Holder,Sheikh Zayed Stadium,17.5,96.66666666666666
JO Holder,"Wankhede Stadium, Mumbai",6.333333333333333,59.7883597883598
JO Holder,"Zayed Cricket Stadium, Abu Dhabi",8.5,86.53846153846155
JP Duminy,Barabati Stadium,10.0,120.0
JP Duminy,Brabourne Stadium,38.5,146.7948717948718
JP Duminy,Buffalo Park,26.0,70.27027027027027
JP Duminy,Dr DY Patil Sports Academy,10.666666666666666,83.05860805860806
JP Duminy,Dr. Y.S. Rajasekhara Reddy ACA-VDCA Cricket Stadium,25.666666666666668,110.56910569105692
JP Duminy,Dubai International Cricket Stadium,36.0,240.95238095238096
JP Duminy,Eden Gardens,16.666666666666668,100.54012345679013
JP Duminy,Feroz Shah Kotla,31.0,114.052285740523
JP Duminy,Himachal Pradesh Cricket Association Stadium,12.0,120.0
JP Duminy,Kingsmead,36.666666666666664,97.05026455026454
JP Duminy,M Chinnaswamy Stadium,41.0,169.21664626682988
JP Duminy,M.Chinnaswamy Stadium,23.0,79.3103448275862
JP Duminy,"MA Chidambaram Stadium, Chepauk",11.0,127.27272727272727
JP Duminy,Maharashtra Cricket Association Stadium,21.0,110.5263157894737
JP Duminy,New Wanderers Stadium,1.0,16.666666666666664
JP Duminy,Newlands,9.0,128.57142857142858
JP Duminy,"Punjab Cricket Association Stadium, Mohali",21.5,112.5
JP Duminy,"Rajiv Gandhi International Stadium, Uppal",31.25,123.29242274613233
JP Duminy,"Sardar Patel Stadium, Motera",8.0,100.0
JP Duminy,Saurashtra Cricket Association Stadium,13.0,185.7142857142857
JP Duminy,Sawai Mansingh Stadium,44.5,159.97596153846155
JP Duminy,Shaheed Veer Narayan Singh International Stadium,11.666666666666666,91.34920634920634
JP Duminy,Sharjah Cricket Stadium,43.0,110.85992907801418
JP Duminy,Sheikh Zayed Stadium,15.0,107.14285714285714
JP Duminy,St George's Park,46.333333333333336,129.0962274702112
JP Duminy,Subrata Roy Sahara Stadium,26.0,108.33333333333331
JP Duminy,SuperSport Park,30.5,129.16666666666666
JP Duminy,Wankhede Stadium,23.8,122.08623832308044
JP Faulkner,Brabourne Stadium,14.666666666666666,152.6315789473684
JP Faulkner,Dr. Y.S. Rajasekhara Reddy ACA-VDCA Cricket Stadium,6.0,120.0
JP Faulkner,Dubai International Cricket Stadium,4.0,200.0
JP Faulkner,Eden Gardens,2.5,112.5
JP Faulkner,Feroz Shah Kotla,12.75,114.27738927738928
JP Faulkner,Green Park,11.0,127.5
JP Faulkner,JSCA International Stadium Complex,1.0,25.0
JP Faulkner,M Chinnaswamy Stadium,22.0,142.01680672268907
JP Faulkner,"MA Chidambaram Stadium, Chepauk",16.0,133.33333333333331
JP Faulkner,Maharashtra Cricket Association Stadium,16.25,126.27705627705627
JP Faulkner,"Punjab Cricket Association Stadium, Mohali",35.0,269.2307692307692
JP Faulkner,"Rajiv Gandhi International Stadium, Uppal",6.0,200.0
JP Faulkner,"Sardar Patel Stadium, Motera",10.0,122.31292517006803
JP Faulkner,Saurashtra Cricket Association Stadium,20.0,105.31813865147198
JP Faulkner,Sawai Mansingh Stadium,4.0,105.55555555555556
JP Faulkner,Sharjah Cricket Stadium,8.0,114.28571428571428
JP Faulkner,Sheikh Zayed Stadium,5.0,300.0
JP Faulkner,Subrata Roy Sahara Stadium,11.0,105.35714285714286
JP Faulkner,Wankhede Stadium,14.0,127.991452991453
JR Hopes,Dr DY Patil Sports Academy,13.0,325.0
JR Hopes,Eden Gardens,13.0,130.0
JR Hopes,Feroz Shah Kotla,20.0,136.9047619047619
JR Hopes,Himachal Pradesh Cricket Association Stadium,7.0,100.0
JR Hopes,M Chinnaswamy Stadium,5.0,125.0
JR Hopes,"MA Chidambaram Stadium, Chepauk",11.0,166.66666666666666
JR Hopes,"Punjab Cricket Association Stadium, Mohali",41.75,163.2427660059239
JR Hopes,"Rajiv Gandhi International Stadium, Uppal",17.0,170.0
JR Hopes,Sawai Mansingh Stadium,16.0,100.0
JR Hopes,Wankhede Stadium,19.0,55.0
K Gowtham,Arun Jaitley Stadium,12.0,200.0
K Gowtham,"Bharat Ratna Shri Atal Bihari Vajpayee Ekana Cricket Stadium, Lucknow",7.75,215.06410256410257
K Gowtham,Dubai International Cricket Stadium,20.0,142.85714285714286
K Gowtham,Eden Gardens,6.0,94.28571428571429
K Gowtham,"Eden Gardens, Kolkata",11.0,275.0
K Gowtham,Holkar Cricket Stadium,5.0,166.66666666666669
K Gowtham,MA Chidambaram Stadium,9.0,112.5
K Gowtham,"MA Chidambaram Stadium, Chepauk, Chennai",9.5,118.33333333333333
K Gowtham,Maharashtra Cricket Association Stadium,1.0,50.0
K Gowtham,Rajiv Gandhi International Stadium,0.0,0.0
K Gowtham,Sawai Mansingh Stadium,11.625,205.5952380952381
K Gowtham,Sheikh Zayed Stadium,22.0,169.23076923076923
K Gowtham,Wankhede Stadium,0.0,0.0
K Gowtham,"Wankhede Stadium, Mumbai",0.0,0.0
K Rabada,Arun Jaitley Stadium,6.0,93.75
K Rabada,"Bharat Ratna Shri Atal Bihari Vajpayee Ekana Cricket Stadium, Lucknow",0.0,0.0
K Rabada,"Brabourne Stadium, Mumbai",3.75,58.33333333333333
K Rabada,"Dr DY Patil Sports Academy, Mumbai",6.0,300.0
K Rabada,Dubai International Cricket Stadium,8.5,178.57142857142856
K Rabada,Feroz Shah Kotla,0.0,0.0
K Rabada,"Himachal Pradesh Cricket Association Stadium, Dharamsala",11.0,110.0
K Rabada,"Maharaja Yadavindra Singh International Cricket Stadium, Mullanpur",4.5,183.33333333333331
K Rabada,"Maharashtra Cricket Association Stadium, Pune",2.0,40.0
K Rabada,"Narendra Modi Stadium, Ahmedabad",4.5,103.33333333333333
K Rabada,Punjab Cricket Association IS Bindra Stadium,0.0,0.0
K Rabada,"Punjab Cricket Association IS Bindra Stadium, Mohali",11.0,55.00000000000001
K Rabada,"Punjab Cricket Association IS Bindra Stadium, Mohali, Chandigarh",0.0,0.0
K Rabada,Rajiv Gandhi International Stadium,2.0,100.0
K Rabada,Sharjah Cricket Stadium,1.0,33.33333333333333
K Rabada,Sheikh Zayed Stadium,12.0,152.14285714285714
K Rabada,Wankhede Stadium,44.0,112.82051282051282
K Rabada,"Wankhede Stadium, Mumbai",17.0,195.83333333333334
KA Pollard,Arun Jaitley Stadium,7.0,100.0
KA Pollard,"Arun Jaitley Stadium, Delhi",51.5,227.94117647058823
KA Pollard,Barabati Stadium,10.0,90.9090909090909
KA Pollard,Brabourne Stadium,21.333333333333332,182.58771929824562
KA Pollard,"Brabourne Stadium, Mumbai",13.0,119.84126984126985
KA Pollard,Dr DY Patil Sports Academy,22.25,170.96153846153845
KA Pollard,"Dr DY Patil Sports Academy, Mumbai",15.25,104.09657522429262
KA Pollard,Dr. Y.S. Rajasekhara Reddy ACA-VDCA Cricket Stadium,16.25,100.73717948717947
KA Pollard,Dubai International Cricket Stadium,25.666666666666668,132.8658433070198
KA Pollard,Eden Gardens,24.0,137.94642857142856
KA Pollard,Feroz Shah Kotla,23.0,153.02721088435374
KA Pollard,Green Park,9.0,81.81818181818183
KA Pollard,Himachal Pradesh Cricket Association Stadium,22.0,110.0
KA Pollard,M Chinnaswamy Stadium,26.5,177.59123773171203
KA Pollard,M.Chinnaswamy Stadium,9.0,91.66666666666667
KA Pollard,MA Chidambaram Stadium,13.0,108.33333333333331
KA Pollard,"MA Chidambaram Stadium, Chepauk",16.5,77.08333333333334
KA Pollard,"MA Chidambaram Stadium, Chepauk, Chennai",13.0,94.54040404040404
KA Pollard,Maharashtra Cricket Association Stadium,27.0,158.8235294117647
KA Pollard,"Maharashtra Cricket Association Stadium, Pune",10.666666666666666,176.969696969697
KA Pollard,Punjab Cricket Association IS Bindra Stadium,7.0,77.77777777777779
KA Pollard,"Punjab Cricket Association IS Bindra Stadium, Mohali",10.0,111.11111111111111
KA Pollard,"Punjab Cricket Association Stadium, Mohali",10.6,111.86147186147187
KA Pollard,Rajiv Gandhi International Stadium,38.333333333333336,156.57971014492753
KA Pollard,"Rajiv Gandhi International Stadium, Uppal",6.4,89.65747702589806
KA Pollard,"Sardar Patel Stadium, Motera",42.0,161.2745098039216
KA Pollard,Saurashtra Cricket Association Stadium,25.0,178.57142857142858
KA Pollard,Sawai Mansingh Stadium,12.2,97.32870638133797
KA Pollard,Sharjah Cricket Stadium,26.25,134.1918656056587
KA Pollard,Sheikh Zayed Stadium,15.0,178.9795918367347
KA Pollard,Wankhede Stadium,22.38888888888889,137.50667105695445
KA Pollard,"Wankhede Stadium, Mumbai",19.0,95.0
KA Pollard,"Zayed Cricket Stadium, Abu Dhabi",16.333333333333332,157.53968253968253
KC Sangakkara,Barabati Stadium,31.333333333333332,80.26143790849673
KC Sangakkara,De Beers Diamond Oval,25.0,138.88888888888889
KC Sangakkara,Dr DY Patil Sports Academy,25.0,119.04761904761904
KC Sangakkara,Dr. Y.S. Rajasekhara Reddy ACA-VDCA Cricket Stadium,14.0,73.68421052631578
KC Sangakkara,Eden Gardens,30.0,122.07070707070707
KC Sangakkara,Feroz Shah Kotla,27.75,91.07142857142857
KC Sangakkara,Himachal Pradesh Cricket Association Stadium,42.5,140.97222222222223
KC Sangakkara,Kingsmead,22.0,96.67910993997951
KC Sangakkara,M Chinnaswamy Stadium,16.5,214.58333333333337
KC Sangakkara,"MA Chidambaram Stadium, Chepauk",10.333333333333334,79.58333333333333
KC Sangakkara,Nehru Stadium,65.0,144.44444444444443
KC Sangakkara,New Wanderers Stadium,56.0,133.33333333333331
KC Sangakkara,Newlands,34.0,95.18716577540107
KC Sangakkara,OUTsurance Oval,43.0,93.47826086956522
KC Sangakkara,"Punjab Cricket Association Stadium, Mohali",37.09090909090909,156.3245845064027
KC Sangakkara,"Rajiv Gandhi International Stadium, Uppal",15.625,79.57192552137406
KC Sangakkara,Sawai Mansingh Stadium,19.25,154.01785714285714
KC Sangakkara,St George's Park,0.0,0.0
KC Sangakkara,Subrata Roy Sahara Stadium,12.0,85.71428571428571
KC Sangakkara,SuperSport Park,8.0,42.10526315789473
KC Sangakkara,Wankhede Stadium,15.0,85.71428571428572
KD Karthik,Arun Jaitley Stadium,34.5,118.91891891891892
KD Karthik,"Arun Jaitley Stadium, Delhi",11.0,122.22222222222224
KD Karthik,Barabati Stadium,46.0,170.37037037037038
KD Karthik,"Bharat Ratna Shri Atal Bihari Vajpayee Ekana Cricket Stadium, Lucknow",16.0,145.45454545454547
KD Karthik,Brabourne Stadium,11.0,78.57142857142857
KD Karthik,"Brabourne Stadium, Mumbai",4.333333333333333,55.55555555555555
KD Karthik,Buffalo Park,5.0,166.66666666666669
KD Karthik,Dr DY Patil Sports Academy,14.0,60.86956521739131
KD Karthik,"Dr DY Patil Sports Academy, Mumbai",23.25,213.15247252747253
KD Karthik,Dr. Y.S. Rajasekhara Reddy ACA-VDCA Cricket Stadium,7.0,116.66666666666669
KD Karthik,Dubai International Cricket Stadium,16.375,108.63095238095238
KD Karthik,Eden Gardens,25.391304347826086,133.89106957523967
KD Karthik,"Eden Gardens, Kolkata",23.666666666666668,137.4194847020934
KD Karthik,Feroz Shah Kotla,25.818181818181817,123.93840675433695
KD Karthik,Green Park,13.75,91.96428571428572
KD Karthik,Himachal Pradesh Cricket Association Stadium,12.666666666666666,73.55889724310777
KD Karthik,"Himachal Pradesh Cricket Association Stadium, Dharamsala",18.0,300.0
KD Karthik,Holkar Cricket Stadium,59.5,213.2411067193676
KD Karthik,JSCA International Stadium Complex,28.0,107.6923076923077
KD Karthik,Kingsmead,31.0,151.9021739130435
KD Karthik,M Chinnaswamy Stadium,16.142857142857142,124.53259772808644
KD Karthik,"M Chinnaswamy Stadium, Bengaluru",16.928571428571427,126.48395255538114
KD Karthik,M.Chinnaswamy Stadium,21.0,178.33333333333331
KD Karthik,MA Chidambaram Stadium,22.5,97.23809523809524
KD Karthik,"MA Chidambaram Stadium, Chepauk",24.333333333333332,114.75
KD Karthik,"MA Chidambaram Stadium, Chepauk, Chennai",17.5,125.83139083139083
KD Karthik,Maharashtra Cricket Association Stadium,23.333333333333332,181.06837606837607
KD Karthik,"Maharashtra Cricket Association Stadium, Pune",13.0,217.64705882352942
KD Karthik,"Narendra Modi Stadium, Ahmedabad",10.75,127.58241758241758
KD Karthik,New Wanderers Stadium,33.333333333333336,117.30373816024537
KD Karthik,OUTsurance Oval,27.5,159.717868338558
KD Karthik,Punjab Cricket Association IS Bindra Stadium,21.0,233.3333333333333
KD Karthik,"Punjab Cricket Association IS Bindra Stadium, Mohali",38.0,154.933110367893
KD Karthik,"Punjab Cricket Association IS Bindra Stadium, Mohali, Chandigarh",7.0,140.0
KD Karthik,"Punjab Cricket Association Stadium, Mohali",18.333333333333332,125.63231521564856
KD Karthik,Rajiv Gandhi International Stadium,16.0,134.0909090909091
KD Karthik,"Rajiv Gandhi International Stadium, Uppal",7.0,50.75
KD Karthik,"Rajiv Gandhi International Stadium, Uppal, Hyderabad",11.0,183.3333333333333
KD Karthik,"Sardar Patel Stadium, Motera",13.0,62.980769230769226
KD Karthik,Saurashtra Cricket Association Stadium,24.88888888888889,91.12977920729858
KD Karthik,Sawai Mansingh Stadium,28.333333333333332,121.00845410628018
KD Karthik,"Sawai Mansingh Stadium, Jaipur",0.0,0.0
KD Karthik,Sharjah Cricket Stadium,5.0,54.22077922077922
KD Karthik,Sheikh Zayed Stadium,17.88888888888889,93.86685174728653
KD Karthik,St George's Park,12.0,133.33333333333331
KD Karthik,Subrata Roy Sahara Stadium,17.5,76.85714285714286
KD Karthik,SuperSport Park,13.5,82.29166666666666
KD Karthik,Wankhede Stadium,24.565217391304348,110.22953481016246
KD Karthik,"Wankhede Stadium, Mumbai",36.25,192.13155370843992
KD Karthik,"Zayed Cricket Stadium, Abu Dhabi",26.0,236.3636363636364
KH Pandya,Arun Jaitley Stadium,20.5,137.82051282051282
KH Pandya,"Arun Jaitley Stadium, Delhi",40.5,136.95652173913044
KH Pandya,"Bharat Ratna Shri Atal Bihari Vajpayee Ekana Cricket Stadium, Lucknow",16.428571428571427,110.22392462609854
KH Pandya,"Brabourne Stadium, Mumbai",13.0,104.34782608695653
KH Pandya,"Dr DY Patil Sports Academy, Mumbai",22.333333333333332,161.9047619047619
KH Pandya,Dr. Y.S. Rajasekhara Reddy ACA-VDCA Cricket Stadium,40.666666666666664,181.77040677040677
KH Pandya,Dubai International Cricket Stadium,11.4,93.75757575757575
KH Pandya,Eden Gardens,10.666666666666666,177.77777777777774
KH Pandya,"Eden Gardens, Kolkata",5.333333333333333,66.66666666666667
KH Pandya,Feroz Shah Kotla,36.0,211.76470588235296
KH Pandya,Green Park,4.0,133.33333333333331
KH Pandya,Holkar Cricket Stadium,31.0,258.33333333333337
KH Pandya,M Chinnaswamy Stadium,41.0,136.66666666666669
KH Pandya,"M Chinnaswamy Stadium, Bengaluru",6.0,62.5
KH Pandya,M.Chinnaswamy Stadium,12.0,85.52631578947367
KH Pandya,MA Chidambaram Stadium,0.5,16.666666666666664
KH Pandya,"MA Chidambaram Stadium, Chepauk, Chennai",5.75,84.50757575757576
KH Pandya,Maharashtra Cricket Association Stadium,3.0,60.0
KH Pandya,"Maharashtra Cricket Association Stadium, Pune",12.333333333333334,97.53086419753087
KH Pandya,"Narendra Modi Stadium, Ahmedabad",2.0,40.0
KH Pandya,Punjab Cricket Association IS Bindra Stadium,10.0,200.0
KH Pandya,"Punjab Cricket Association IS Bindra Stadium, Mohali, Chandigarh",5.0,250.0
KH Pandya,Rajiv Gandhi International Stadium,9.333333333333334,98.71794871794873
KH Pandya,"Rajiv Gandhi International Stadium, Uppal",48.0,149.3421052631579
KH Pandya,"Rajiv Gandhi International Stadium, Uppal, Hyderabad",24.0,114.28571428571428
KH Pandya,Saurashtra Cricket Association Stadium,29.0,145.0
KH Pandya,Sawai Mansingh Stadium,4.5,108.33333333333334
KH Pandya,"Sawai Mansingh Stadium, Jaipur",3.5,130.0
KH Pandya,Sharjah Cricket Stadium,11.0,195.55555555555554
KH Pandya,Sheikh Zayed Stadium,6.833333333333333,91.7250233426704
KH Pandya,Wankhede Stadium,18.05263157894737,137.38701992134486
KH Pandya,"Wankhede Stadium, Mumbai",13.0,135.9267399267399
KH Pandya,"Zayed Cricket Stadium, Abu Dhabi",10.5,130.95238095238096
KK Nair,Arun Jaitley Stadium,34.0,106.25
KK Nair,"Arun Jaitley Stadium, Delhi",27.0,109.47115384615384
KK Nair,"Bharat Ratna Shri Atal Bihari Vajpayee Ekana Cricket Stadium, Lucknow",15.0,166.66666666666669
KK Nair,Brabourne Stadium,27.0,120.17543859649123
KK Nair,"Brabourne Stadium, Mumbai",3.0,60.0
KK Nair,Dr. Y.S. Rajasekhara Reddy ACA-VDCA Cricket Stadium,16.666666666666668,71.7829457364341
KK Nair,Dubai International Cricket Stadium,8.0,110.41666666666666
KK Nair,Eden Gardens,9.0,62.86764705882353
KK Nair,Feroz Shah Kotla,30.0,123.45887445887446
KK Nair,Green Park,30.0,200.0
KK Nair,Holkar Cricket Stadium,14.5,102.44565217391305
KK Nair,JSCA International Stadium Complex,8.0,72.72727272727273
KK Nair,M Chinnaswamy Stadium,36.666666666666664,91.7656868876381
KK Nair,M.Chinnaswamy Stadium,16.5,122.43589743589743
KK Nair,"MA Chidambaram Stadium, Chepauk",10.0,83.33333333333334
KK Nair,Maharashtra Cricket Association Stadium,24.666666666666668,124.24242424242425
KK Nair,"Narendra Modi Stadium, Ahmedabad",31.0,172.22222222222223
KK Nair,Punjab Cricket Association IS Bindra Stadium,36.666666666666664,156.57414480943893
KK Nair,"Punjab Cricket Association IS Bindra Stadium, Mohali",17.0,101.0
KK Nair,"Punjab Cricket Association Stadium, Mohali",11.0,183.3333333333333
KK Nair,Rajiv Gandhi International Stadium,13.0,76.47058823529412
KK Nair,"Rajiv Gandhi International Stadium, Uppal",20.666666666666668,120.37510656436488
KK Nair,"Rajiv Gandhi International Stadium, Uppal, Hyderabad",0.0,0.0
KK Nair,"Sardar Patel Stadium, Motera",23.571428571428573,143.0507587650445
KK Nair,Sawai Mansingh Stadium,3.0,60.0
KK Nair,"Sawai Mansingh Stadium, Jaipur",44.0,169.23076923076923
KK Nair,Shaheed Veer Narayan Singh International Stadium,47.0,125.33898305084746
KK Nair,Sheikh Zayed Stadium,3.0,28.888888888888886
KK Nair,Wankhede Stadium,16.75,104.62962962962963
KK Nair,"Wankhede Stadium, Mumbai",13.0,100.0
KL Rahul,Arun Jaitley Stadium,17.5,143.33333333333331
KL Rahul,"Arun Jaitley Stadium, Delhi",37.5,138.009768009768
KL Rahul,"Bharat Ratna Shri Atal Bihari Vajpayee Ekana Cricket Stadium, Lucknow",41.53846153846154,120.92560824007252
KL Rahul,"Brabourne Stadium, Mumbai",51.0,126.04813315339631
KL Rahul,"Dr DY Patil Sports Academy, Mumbai",47.5,123.25
KL Rahul,Dr. Y.S. Rajasekhara Reddy ACA-VDCA Cricket Stadium,8.666666666666666,51.42857142857142
KL Rahul,"Dr. Y.S. Rajasekhara Reddy ACA-VDCA Cricket Stadium, Visakhapatnam",15.0,300.0
KL Rahul,Dubai International Cricket Stadium,55.63636363636363,137.72096219288733
KL Rahul,Eden Gardens,30.5,121.11111111111111
KL Rahul,"Eden Gardens, Kolkata",59.0,143.10344827586206
KL Rahul,Holkar Cricket Stadium,48.75,160.78544061302682
KL Rahul,M Chinnaswamy Stadium,25.5,135.1225167215733
KL Rahul,"M Chinnaswamy Stadium, Bengaluru",43.666666666666664,136.10961365678347
KL Rahul,M.Chinnaswamy Stadium,44.5,156.11111111111111
KL Rahul,MA Chidambaram Stadium,55.0,117.02127659574468
KL Rahul,"MA Chidambaram Stadium, Chepauk",5.0,62.5
KL Rahul,"MA Chidambaram Stadium, Chepauk, Chennai",35.4,111.68569992099401
KL Rahul,Maharashtra Cricket Association Stadium,7.0,66.81818181818181
KL Rahul,"Maharashtra Cricket Association Stadium, Pune",7.0,52.272727272727266
KL Rahul,"Narendra Modi Stadium, Ahmedabad",46.0,151.54970760233917
KL Rahul,Punjab Cricket Association IS Bindra Stadium,40.6,142.39653565854468
KL Rahul,"Punjab Cricket Association IS Bindra Stadium, Mohali",42.0,168.0
KL Rahul,"Punjab Cricket Association IS Bindra Stadium, Mohali, Chandigarh",12.0,133.33333333333331
KL Rahul,Rajiv Gandhi International Stadium,55.5,133.35664335664336
KL Rahul,"Rajiv Gandhi International Stadium, Uppal",23.4,125.31318681318683
KL Rahul,"Rajiv Gandhi International Stadium, Uppal, Hyderabad",19.5,79.65367965367966
KL Rahul,"Sardar Patel Stadium, Motera",18.0,100.0
KL Rahul,Saurashtra Cricket Association Stadium,51.0,145.7142857142857
KL Rahul,Sawai Mansingh Stadium,49.5,118.84057971014492
KL Rahul,"Sawai Mansingh Stadium, Jaipur",44.0,140.1199494949495
KL Rahul,Shaheed Veer Narayan Singh International Stadium,38.0,165.2173913043478
KL Rahul,Sharjah Cricket Stadium,38.57142857142857,109.75553395961559
KL Rahul,Sheikh Zayed Stadium,37.2,109.55470631536323
KL Rahul,Wankhede Stadium,60.5,142.4487433862434
KL Rahul,"Wankhede Stadium, Mumbai",44.77777777777778,112.3710888324208
KL Rahul,"Zayed Cricket Stadium, Abu Dhabi",21.0,95.45454545454544
KM Jadhav,Arun Jaitley Stadium,27.0,81.81818181818183
KM Jadhav,"Arun Jaitley Stadium, Delhi",15.5,200.0
KM Jadhav,Brabourne Stadium,11.0,157.14285714285714
KM Jadhav,Dr. Y.S. Rajasekhara Reddy ACA-VDCA Cricket Stadium,19.0,158.33333333333331
KM Jadhav,Dubai International Cricket Stadium,10.666666666666666,63.769841269841265
KM Jadhav,Eden Gardens,11.2,130.9848484848485
KM Jadhav,Feroz Shah Kotla,14.75,126.11604196620077
KM Jadhav,Holkar Cricket Stadium,1.0,25.0
KM Jadhav,M Chinnaswamy Stadium,18.636363636363637,124.7762047252643
KM Jadhav,M.Chinnaswamy Stadium,39.0,143.24324324324323
KM Jadhav,MA Chidambaram Stadium,9.2,122.78377762588289
KM Jadhav,"MA Chidambaram Stadium, Chepauk",7.666666666666667,83.33333333333333
KM Jadhav,"MA Chidambaram Stadium, Chepauk, Chennai",9.0,100.0
KM Jadhav,Maharashtra Cricket Association Stadium,5.0,59.16666666666667
KM Jadhav,Nehru Stadium,0.0,0.0
KM Jadhav,Punjab Cricket Association IS Bindra Stadium,0.0,0.0
KM Jadhav,"Punjab Cricket Association Stadium, Mohali",0.0,0.0
KM Jadhav,Rajiv Gandhi International Stadium,1.0,50.0
KM Jadhav,"Rajiv Gandhi International Stadium, Uppal",19.666666666666668,149.44444444444446
KM Jadhav,"Sardar Patel Stadium, Motera",3.0,100.0
KM Jadhav,Saurashtra Cricket Association Stadium,38.0,237.5
KM Jadhav,Sawai Mansingh Stadium,9.666666666666666,60.58201058201058
KM Jadhav,Shaheed Veer Narayan Singh International Stadium,29.666666666666668,138.9576883384933
KM Jadhav,Sharjah Cricket Stadium,16.0,128.88888888888889
KM Jadhav,Sheikh Zayed Stadium,5.5,57.73809523809524
KM Jadhav,Wankhede Stadium,22.333333333333332,107.94317841487653
KM Jadhav,"Wankhede Stadium, Mumbai",12.0,120.0
KP Pietersen,Dr DY Patil Sports Academy,24.0,136.90476190476193
KP Pietersen,Dubai International Cricket Stadium,16.0,94.11764705882352
KP Pietersen,Feroz Shah Kotla,32.09090909090909,120.2399662218026
KP Pietersen,Kingsmead,6.5,54.16666666666666
KP Pietersen,M Chinnaswamy Stadium,27.0,122.52155172413794
KP Pietersen,"MA Chidambaram Stadium, Chepauk",23.0,164.28571428571428
KP Pietersen,Maharashtra Cricket Association Stadium,0.0,0.0
KP Pietersen,Newlands,21.5,90.0
KP Pietersen,"Punjab Cricket Association IS Bindra Stadium, Mohali",15.0,100.0
KP Pietersen,"Punjab Cricket Association Stadium, Mohali",62.0,145.7317073170732
KP Pietersen,"Sardar Patel Stadium, Motera",13.0,72.22222222222221
KP Pietersen,Saurashtra Cricket Association Stadium,37.0,119.35483870967742
KP Pietersen,Sawai Mansingh Stadium,49.0,159.83772819472617
KP Pietersen,Sharjah Cricket Stadium,26.0,144.44444444444443
KP Pietersen,St George's Park,18.5,77.08333333333334
KP Pietersen,Subrata Roy Sahara Stadium,27.0,128.57142857142858
KP Pietersen,Wankhede Stadium,24.666666666666668,134.81182795698925
KS Williamson,Arun Jaitley Stadium,83.0,156.60377358490567
KS Williamson,"Arun Jaitley Stadium, Delhi",23.0,177.61904761904762
KS Williamson,"Bharat Ratna Shri Atal Bihari Vajpayee Ekana Cricket Stadium, Lucknow",1.0,20.0
KS Williamson,"Brabourne Stadium, Mumbai",12.333333333333334,78.91042780748663
KS Williamson,"Dr DY Patil Sports Academy, Mumbai",27.0,84.31159420289855
KS Williamson,Dr. Y.S. Rajasekhara Reddy ACA-VDCA Cricket Stadium,20.666666666666668,76.73006339673006
KS Williamson,Dubai International Cricket Stadium,26.75,130.69804788707228
KS Williamson,Eden Gardens,20.0,97.13804713804716
KS Williamson,Feroz Shah Kotla,24.0,100.0
KS Williamson,M Chinnaswamy Stadium,14.5,73.93162393162393
KS Williamson,M.Chinnaswamy Stadium,75.5,179.7619047619048
KS Williamson,"MA Chidambaram Stadium, Chepauk",26.0,144.44444444444443
KS Williamson,"MA Chidambaram Stadium, Chepauk, Chennai",43.0,106.92007797270955
KS Williamson,Maharashtra Cricket Association Stadium,36.0,140.3846153846154
KS Williamson,"Maharashtra Cricket Association Stadium, Pune",19.333333333333332,69.51321068968127
KS Williamson,"Narendra Modi Stadium, Ahmedabad",26.0,118.1818181818182
KS Williamson,Punjab Cricket Association IS Bindra Stadium,54.0,131.70731707317074
KS Williamson,"Punjab Cricket Association IS Bindra Stadium, Mohali",54.0,200.0
KS Williamson,Rajiv Gandhi International Stadium,24.333333333333332,117.479308975052
KS Williamson,"Rajiv Gandhi International Stadium, Uppal",36.0,141.4576023391813
KS Williamson,Sawai Mansingh Stadium,38.0,119.6843853820598
KS Williamson,Sharjah Cricket Stadium,5.75,58.45238095238095
KS Williamson,Sheikh Zayed Stadium,46.75,143.21228479123215
KS Williamson,Wankhede Stadium,25.75,117.87698412698413
KS Williamson,"Wankhede Stadium, Mumbai",6.5,88.39285714285714
KS Williamson,"Zayed Cricket Stadium, Abu Dhabi",31.0,106.89655172413792
KV Sharma,"Bharat Ratna Shri Atal Bihari Vajpayee Ekana Cricket Stadium, Lucknow",2.0,100.0
KV Sharma,Dr. Y.S. Rajasekhara Reddy ACA-VDCA Cricket Stadium,19.0,190.0
KV Sharma,Eden Gardens,12.5,134.57070707070707
KV Sharma,"Eden Gardens, Kolkata",10.5,159.52380952380952
KV Sharma,Feroz Shah Kotla,2.0,100.0
KV Sharma,M Chinnaswamy Stadium,13.5,126.47058823529412
KV Sharma,"M Chinnaswamy Stadium, Bengaluru",6.0,150.0
KV Sharma,"MA Chidambaram Stadium, Chepauk",4.0,66.66666666666666
KV Sharma,Maharashtra Cricket Association Stadium,7.0,53.84615384615385
KV Sharma,"Narendra Modi Stadium, Ahmedabad",5.0,125.0
KV Sharma,Newlands,1.0,33.33333333333333
KV Sharma,"Punjab Cricket Association Stadium, Mohali",11.5,111.11111111111111
KV Sharma,"Rajiv Gandhi International Stadium, Uppal",8.6,110.00865800865802
KV Sharma,"Sardar Patel Stadium, Motera",0.0,0.0
KV Sharma,Sawai Mansingh Stadium,6.0,75.0
KV Sharma,Shaheed Veer Narayan Singh International Stadium,16.0,123.07692307692308
KV Sharma,Sharjah Cricket Stadium,13.5,183.92857142857142
KV Sharma,Sheikh Zayed Stadium,4.0,80.0
KV Sharma,Wankhede Stadium,9.0,127.26190476190474
KV Sharma,"Wankhede Stadium, Mumbai",1.0,100.0
Kuldeep Yadav,Arun Jaitley Stadium,8.5,158.33333333333334
Kuldeep Yadav,"Arun Jaitley Stadium, Delhi",2.25,76.10294117647058
Kuldeep Yadav,"Barsapara Cricket Stadium, Guwahati",3.0,42.85714285714285
Kuldeep Yadav,"Bharat Ratna Shri Atal Bihari Vajpayee Ekana Cricket Stadium, Lucknow",6.0,60.0
Kuldeep Yadav,"Dr DY Patil Sports Academy, Mumbai",3.5,64.70588235294117
Kuldeep Yadav,"Dr. Y.S. Rajasekhara Reddy ACA-VDCA Cricket Stadium, Visakhapatnam",5.0,100.0
Kuldeep Yadav,Eden Gardens,5.4,59.42857142857143
Kuldeep Yadav,"Eden Gardens, Kolkata",35.0,134.6153846153846
Kuldeep Yadav,"M Chinnaswamy Stadium, Bengaluru",6.5,88.33333333333334
Kuldeep Yadav,MA Chidambaram Stadium,0.0,0.0
Kuldeep Yadav,"MA Chidambaram Stadium, Chepauk, Chennai",0.0,0.0
Kuldeep Yadav,"Maharaja Yadavindra Singh International Cricket Stadium, Mullanpur",1.0,50.0
Kuldeep Yadav,"Maharashtra Cricket Association Stadium, Pune",14.0,100.0
Kuldeep Yadav,"Narendra Modi Stadium, Ahmedabad",2.0,200.0
Kuldeep Yadav,"Rajiv Gandhi International Stadium, Uppal, Hyderabad",4.0,133.33333333333331
Kuldeep Yadav,Sheikh Zayed Stadium,6.5,56.578947368421055
Kuldeep Yadav,"Wankhede Stadium, Mumbai",6.8,106.07142857142858
LMP Simmons,Barabati Stadium,12.0,85.71428571428571
LMP Simmons,Brabourne Stadium,67.0,152.27272727272728
LMP Simmons,Eden Gardens,34.0,77.27272727272727
LMP Simmons,Feroz Shah Kotla,40.5,130.31561461794018
LMP Simmons,M Chinnaswamy Stadium,31.0,92.04545454545455
LMP Simmons,"MA Chidambaram Stadium, Chepauk",38.0,122.58064516129032
LMP Simmons,"Punjab Cricket Association Stadium, Mohali",85.5,145.36007025761126
LMP Simmons,"Rajiv Gandhi International Stadium, Uppal",30.0,75.64772727272727
LMP Simmons,"Sardar Patel Stadium, Motera",62.0,124.0
LMP Simmons,Wankhede Stadium,30.615384615384617,103.61096258759423
LR Shukla,Buffalo Park,6.0,85.71428571428571
LR Shukla,Eden Gardens,12.75,111.99278322440087
LR Shukla,Feroz Shah Kotla,10.333333333333334,55.62770562770563
LR Shukla,Kingsmead,25.0,85.5072463768116
LR Shukla,M Chinnaswamy Stadium,5.0,62.5
LR Shukla,"MA Chidambaram Stadium, Chepauk",19.0,121.81818181818181
LR Shukla,Newlands,10.5,116.66666666666666
LR Shukla,"Punjab Cricket Association Stadium, Mohali",7.0,70.0
LR Shukla,"Rajiv Gandhi International Stadium, Uppal",14.0,466.6666666666667
LR Shukla,Sawai Mansingh Stadium,4.0,74.07407407407408
LR Shukla,St George's Park,6.0,60.0
LR Shukla,Subrata Roy Sahara Stadium,24.0,218.18181818181816
LR Shukla,Wankhede Stadium,0.0,0.0
LRPL Taylor,Dr DY Patil Sports Academy,31.0,103.33333333333334
LRPL Taylor,Dubai International Cricket Stadium,6.0,66.66666666666666
LRPL Taylor,Eden Gardens,6.0,66.66666666666666
LRPL Taylor,Feroz Shah Kotla,20.77777777777778,131.14831670387224
LRPL Taylor,Kingsmead,40.5,125.54545454545455
LRPL Taylor,M Chinnaswamy Stadium,24.2,148.2067736185383
LRPL Taylor,"MA Chidambaram Stadium, Chepauk",17.333333333333332,128.93772893772893
LRPL Taylor,New Wanderers Stadium,23.0,172.27272727272725
LRPL Taylor,Newlands,0.0,0.0
LRPL Taylor,"Punjab Cricket Association Stadium, Mohali",0.0,0.0
LRPL Taylor,"Rajiv Gandhi International Stadium, Uppal",20.0,130.76923076923077
LRPL Taylor,"Sardar Patel Stadium, Motera",4.0,80.0
LRPL Taylor,Sawai Mansingh Stadium,16.666666666666668,123.60189193522527
LRPL Taylor,Sharjah Cricket Stadium,43.0,110.25641025641026
LRPL Taylor,Sheikh Zayed Stadium,6.0,100.0
LRPL Taylor,St George's Park,16.0,72.05882352941175
LRPL Taylor,Subrata Roy Sahara Stadium,13.0,92.66953441295547
LRPL Taylor,SuperSport Park,41.0,135.22727272727275
LRPL Taylor,"Vidarbha Cricket Association Stadium, Jamtha",1.0,20.0
LRPL Taylor,Wankhede Stadium,12.666666666666666,127.22222222222223
LS Livingstone,Arun Jaitley Stadium,14.0,107.6923076923077
LS Livingstone,"Arun Jaitley Stadium, Delhi",4.0,80.0
LS Livingstone,"Bharat Ratna Shri Atal Bihari Vajpayee Ekana Cricket Stadium, Lucknow",14.0,82.35294117647058
LS Livingstone,"Brabourne Stadium, Mumbai",49.0,164.46759259259258
LS Livingstone,"Dr DY Patil Sports Academy, Mumbai",28.0,182.95454545454544
LS Livingstone,Dubai International Cricket Stadium,11.666666666666666,93.4640522875817
LS Livingstone,"Eden Gardens, Kolkata",15.0,243.75
LS Livingstone,"Himachal Pradesh Cricket Association Stadium, Dharamsala",34.333333333333336,91.1928651059086
LS Livingstone,"M Chinnaswamy Stadium, Bengaluru",19.75,99.77564102564102
LS Livingstone,M.Chinnaswamy Stadium,11.0,157.14285714285714
LS Livingstone,"MA Chidambaram Stadium, Chepauk, Chennai",25.0,138.8888888888889
LS Livingstone,"Maharaja Yadavindra Singh International Cricket Stadium, Mullanpur",16.5,111.9047619047619
LS Livingstone,"Maharashtra Cricket Association Stadium, Pune",10.0,89.58333333333333
LS Livingstone,"Narendra Modi Stadium, Ahmedabad",25.0,166.66666666666669
LS Livingstone,"Punjab Cricket Association IS Bindra Stadium, Mohali, Chandigarh",35.666666666666664,139.76190476190476
LS Livingstone,Sawai Mansingh Stadium,44.0,169.23076923076923
LS Livingstone,Sharjah Cricket Stadium,6.0,100.0
LS Livingstone,Wankhede Stadium,1.0,50.0
LS Livingstone,"Wankhede Stadium, Mumbai",19.833333333333332,145.56443556443557
LS Livingstone,"Zayed Cricket Stadium, Abu Dhabi",1.0,33.33333333333333
Lalit Yadav,"Arun Jaitley Stadium, Delhi",4.75,61.160714285714285
Lalit Yadav,"Barsapara Cricket Stadium, Guwahati",38.0,158.33333333333331
Lalit Yadav,"Brabourne Stadium, Mumbai",24.5,75.65789473684211
Lalit Yadav,"Dr DY Patil Sports Academy, Mumbai",24.0,120.0
Lalit Yadav,"M Chinnaswamy Stadium, Bengaluru",4.0,57.14285714285714
Lalit Yadav,"MA Chidambaram Stadium, Chepauk, Chennai",17.0,167.82608695652175
Lalit Yadav,"Maharashtra Cricket Association Stadium, Pune",25.0,113.63636363636364
Lalit Yadav,Sharjah Cricket Stadium,0.0,0.0
Lalit Yadav,"Wankhede Stadium, Mumbai",14.0,104.43877551020408
Lalit Yadav,"Zayed Cricket Stadium, Abu Dhabi",14.0,93.33333333333331
M Jansen,"Eden Gardens, Kolkata",2.0,71.42857142857142
M Jansen,"MA Chidambaram Stadium, Chepauk, Chennai",5.25,69.31818181818181
M Jansen,"Maharaja Yadavindra Singh International Cricket Stadium, Mullanpur",15.75,100.98684210526315
M Jansen,"Maharashtra Cricket Association Stadium, Pune",1.0,50.0
M Jansen,"Narendra Modi Stadium, Ahmedabad",3.0,50.0
M Jansen,"Rajiv Gandhi International Stadium, Uppal, Hyderabad",5.25,102.08333333333331
M Jansen,"Sawai Mansingh Stadium, Jaipur",1.5,75.0
M Jansen,"Wankhede Stadium, Mumbai",12.5,150.83333333333334
M Kaif,Dr DY Patil Sports Academy,8.0,95.23809523809523
M Kaif,Eden Gardens,34.0,109.6774193548387
M Kaif,Feroz Shah Kotla,9.0,47.368421052631575
M Kaif,Himachal Pradesh Cricket Association Stadium,15.0,136.36363636363637
M Kaif,M Chinnaswamy Stadium,8.8,100.9102564102564
M Kaif,"MA Chidambaram Stadium, Chepauk",12.0,115.17857142857143
M Kaif,"Punjab Cricket Association Stadium, Mohali",5.0,73.33333333333333
M Kaif,"Rajiv Gandhi International Stadium, Uppal",34.0,212.5
M Kaif,Sawai Mansingh Stadium,11.2,81.9047619047619
M Kaif,Wankhede Stadium,12.0,109.09090909090908
M Manhas,Barabati Stadium,7.666666666666667,180.55555555555554
M Manhas,Dr DY Patil Sports Academy,11.166666666666666,47.27400097465887
M Manhas,Dubai International Cricket Stadium,10.0,100.0
M Manhas,Eden Gardens,1.0,33.33333333333333
M Manhas,Feroz Shah Kotla,20.5,94.04761904761905
M Manhas,M Chinnaswamy Stadium,6.666666666666667,98.20512820512822
M Manhas,"MA Chidambaram Stadium, Chepauk",22.5,82.54076086956522
M Manhas,New Wanderers Stadium,0.0,0.0
M Manhas,OUTsurance Oval,26.0,104.0
M Manhas,"Punjab Cricket Association Stadium, Mohali",31.0,119.9404761904762
M Manhas,"Sardar Patel Stadium, Motera",11.0,110.0
M Manhas,Sawai Mansingh Stadium,24.0,126.3157894736842
M Manhas,Shaheed Veer Narayan Singh International Stadium,2.0,50.0
M Manhas,Sharjah Cricket Stadium,3.0,75.0
M Manhas,Sheikh Zayed Stadium,13.0,260.0
M Manhas,St George's Park,23.0,176.9230769230769
M Manhas,Subrata Roy Sahara Stadium,25.0,134.29816370992842
M Manhas,SuperSport Park,13.0,146.875
M Manhas,Wankhede Stadium,0.5,50.0
M Morkel,Brabourne Stadium,4.0,133.33333333333331
M Morkel,De Beers Diamond Oval,8.0,100.0
M Morkel,Feroz Shah Kotla,5.142857142857143,103.80952380952381
M Morkel,Green Park,1.0,100.0
M Morkel,Himachal Pradesh Cricket Association Stadium,14.5,295.8333333333333
M Morkel,M Chinnaswamy Stadium,2.0,44.44444444444444
M Morkel,Sheikh Zayed Stadium,4.0,133.33333333333331
M Morkel,Subrata Roy Sahara Stadium,0.0,0.0
M Morkel,"Vidarbha Cricket Association Stadium, Jamtha",7.0,100.0
M Morkel,Wankhede Stadium,16.5,190.2777777777778
M Shahrukh Khan,"Arun Jaitley Stadium, Delhi",5.0,105.0
M Shahrukh Khan,"Barsapara Cricket Stadium, Guwahati",11.0,122.22222222222224
M Shahrukh Khan,"Bharat Ratna Shri Atal Bihari Vajpayee Ekana Cricket Stadium, Lucknow",17.0,206.66666666666663
M Shahrukh Khan,"Brabourne Stadium, Mumbai",11.0,100.68181818181817
M Shahrukh Khan,"Dr DY Patil Sports Academy, Mumbai",25.0,106.42857142857143
M Shahrukh Khan,Dubai International Cricket Stadium,15.0,162.22222222222223
M Shahrukh Khan,"Eden Gardens, Kolkata",16.0,241.25
M Shahrukh Khan,"Himachal Pradesh Cricket Association Stadium, Dharamsala",23.5,189.1304347826087
M Shahrukh Khan,"M Chinnaswamy Stadium, Bengaluru",37.0,154.16666666666669
M Shahrukh Khan,"MA Chidambaram Stadium, Chepauk, Chennai",12.0,98.0392156862745
M Shahrukh Khan,"Maharaja Yadavindra Singh International Cricket Stadium, Mullanpur",8.0,200.0
M Shahrukh Khan,"Maharaja Yadavindra Singh International Cricket Stadium, New Chandigarh",13.0,185.7142857142857
M Shahrukh Khan,"Maharashtra Cricket Association Stadium, Pune",15.0,250.0
M Shahrukh Khan,"Narendra Modi Stadium, Ahmedabad",17.5,163.7205801860974
M Shahrukh Khan,"Punjab Cricket Association IS Bindra Stadium, Mohali, Chandigarh",11.5,152.06349206349208
M Shahrukh Khan,"Rajiv Gandhi International Stadium, Uppal, Hyderabad",4.0,133.33333333333331
M Shahrukh Khan,"Sawai Mansingh Stadium, Jaipur",9.5,212.5
M Shahrukh Khan,Sharjah Cricket Stadium,16.0,145.45454545454547
M Shahrukh Khan,"Wankhede Stadium, Mumbai",15.5,145.09259259259258
M Vijay,Buffalo Park,31.0,93.93939393939394
M Vijay,De Beers Diamond Oval,10.0,83.33333333333334
M Vijay,Dr DY Patil Sports Academy,24.0,128.94736842105263
M Vijay,Dr. Y.S. Rajasekhara Reddy ACA-VDCA Cricket Stadium,38.333333333333336,95.91619762351469
M Vijay,Dubai International Cricket Stadium,20.666666666666668,65.55555555555556
M Vijay,Eden Gardens,18.285714285714285,89.21659293087863
M Vijay,Feroz Shah Kotla,16.625,115.51791958041957
M Vijay,Himachal Pradesh Cricket Association Stadium,11.5,94.80519480519482
M Vijay,Kingsmead,5.0,55.55555555555556
M Vijay,M Chinnaswamy Stadium,8.714285714285714,80.65878983172216
M Vijay,MA Chidambaram Stadium,32.0,104.28571428571428
M Vijay,"MA Chidambaram Stadium, Chepauk",30.857142857142858,108.60242675534478
M Vijay,Maharashtra Cricket Association Stadium,18.666666666666668,73.72685185185185
M Vijay,Nehru Stadium,28.0,155.55555555555557
M Vijay,New Wanderers Stadium,14.0,107.6923076923077
M Vijay,Punjab Cricket Association IS Bindra Stadium,12.0,120.0
M Vijay,"Punjab Cricket Association IS Bindra Stadium, Mohali",37.142857142857146,122.63124175481224
M Vijay,"Punjab Cricket Association Stadium, Mohali",43.75,115.44972640218879
M Vijay,"Rajiv Gandhi International Stadium, Uppal",18.333333333333332,115.0
M Vijay,"Sardar Patel Stadium, Motera",31.5,133.33333333333334
M Vijay,Saurashtra Cricket Association Stadium,55.0,134.14634146341464
M Vijay,Sawai Mansingh Stadium,36.0,80.83333333333333
M Vijay,Sharjah Cricket Stadium,26.333333333333332,102.54901960784314
M Vijay,Sheikh Zayed Stadium,6.0,52.97619047619047
M Vijay,Subrata Roy Sahara Stadium,8.0,72.72727272727273
M Vijay,"Vidarbha Cricket Association Stadium, Jamtha",23.0,176.9230769230769
M Vijay,Wankhede Stadium,17.166666666666668,102.01149425287356
M Vohra,"Bharat Ratna Shri Atal Bihari Vajpayee Ekana Cricket Stadium, Lucknow",10.0,90.9090909090909
M Vohra,Eden Gardens,24.8,109.30709125755565
M Vohra,"Eden Gardens, Kolkata",19.0,172.72727272727272
M Vohra,Feroz Shah Kotla,17.2,98.27979038505354
M Vohra,Himachal Pradesh Cricket Association Stadium,20.0,250.0
M Vohra,Holkar Cricket Stadium,24.0,158.73015873015873
M Vohra,M Chinnaswamy Stadium,31.333333333333332,95.7749766573296
M Vohra,M.Chinnaswamy Stadium,15.666666666666666,61.72043010752688
M Vohra,"Punjab Cricket Association IS Bindra Stadium, Mohali",22.0,109.38597935880544
M Vohra,"Punjab Cricket Association Stadium, Mohali",20.333333333333332,119.05929157606144
M Vohra,Rajiv Gandhi International Stadium,8.0,80.0
M Vohra,"Rajiv Gandhi International Stadium, Uppal",37.4,133.40579710144928
M Vohra,Saurashtra Cricket Association Stadium,2.0,50.0
M Vohra,Sawai Mansingh Stadium,3.0,50.0
M Vohra,Subrata Roy Sahara Stadium,43.0,153.57142857142858
M Vohra,Wankhede Stadium,17.5,79.83870967741936
M Vohra,"Wankhede Stadium, Mumbai",10.5,109.21717171717172
MA Agarwal,Arun Jaitley Stadium,11.5,76.73611111111111
MA Agarwal,"Arun Jaitley Stadium, Delhi",5.0,83.33333333333334
MA Agarwal,"Bharat Ratna Shri Atal Bihari Vajpayee Ekana Cricket Stadium, Lucknow",20.0,134.18219461697723
MA Agarwal,Brabourne Stadium,11.0,137.5
MA Agarwal,"Brabourne Stadium, Mumbai",13.0,133.57638888888889
MA Agarwal,"Dr DY Patil Sports Academy, Mumbai",16.0,66.66666666666666
MA Agarwal,Dr. Y.S. Rajasekhara Reddy ACA-VDCA Cricket Stadium,4.5,96.66666666666666
MA Agarwal,Dubai International Cricket Stadium,31.9,137.81485765696294
MA Agarwal,Eden Gardens,19.75,107.3323735088441
MA Agarwal,"Eden Gardens, Kolkata",20.5,110.8058608058608
MA Agarwal,Feroz Shah Kotla,21.285714285714285,127.18920901694011
MA Agarwal,Holkar Cricket Stadium,3.0,51.42857142857142
MA Agarwal,M Chinnaswamy Stadium,18.333333333333332,117.25132275132275
MA Agarwal,M.Chinnaswamy Stadium,25.0,151.51515151515153
MA Agarwal,MA Chidambaram Stadium,0.0,0.0
MA Agarwal,"MA Chidambaram Stadium, Chepauk",23.666666666666668,133.0778092874867
MA Agarwal,"MA Chidambaram Stadium, Chepauk, Chennai",16.333333333333332,89.85964912280701
MA Agarwal,"Maharaja Yadavindra Singh International Cricket Stadium, Mullanpur",19.0,146.15384615384613
MA Agarwal,Maharashtra Cricket Association Stadium,31.333333333333332,124.25925925925928
MA Agarwal,"Maharashtra Cricket Association Stadium, Pune",38.5,154.77941176470588
MA Agarwal,"Narendra Modi Stadium, Ahmedabad",42.5,122.32927653820147
MA Agarwal,Nehru Stadium,33.0,150.0
MA Agarwal,Punjab Cricket Association IS Bindra Stadium,24.3,153.56918234764012
MA Agarwal,"Punjab Cricket Association Stadium, Mohali",1.5,36.666666666666664
MA Agarwal,Rajiv Gandhi International Stadium,19.5,115.0
MA Agarwal,"Rajiv Gandhi International Stadium, Uppal",8.5,95.48611111111111
MA Agarwal,"Rajiv Gandhi International Stadium, Uppal, Hyderabad",29.0,122.17120468599511
MA Agarwal,"Sardar Patel Stadium, Motera",17.0,170.0
MA Agarwal,Sawai Mansingh Stadium,18.5,89.95098039215685
MA Agarwal,Sharjah Cricket Stadium,43.8,135.73685083789616
MA Agarwal,Sheikh Zayed Stadium,27.25,121.0958485958486
MA Agarwal,Wankhede Stadium,17.0,51.51515151515152
MA Agarwal,"Wankhede Stadium, Mumbai",22.88888888888889,95.84060330437143
MA Starc,"Arun Jaitley Stadium, Delhi",0.5,50.0
MA Starc,"Dr. Y.S. Rajasekhara Reddy ACA-VDCA Cricket Stadium, Visakhapatnam",1.5,70.0
MA Starc,Dubai International Cricket Stadium,8.0,47.05882352941176
MA Starc,Eden Gardens,12.0,150.0
MA Starc,"Eden Gardens, Kolkata",4.0,150.0
MA Starc,JSCA International Stadium Complex,1.0,100.0
MA Starc,M Chinnaswamy Stadium,11.25,109.64673913043478
MA Starc,"MA Chidambaram Stadium, Chepauk",1.0,14.285714285714285
MA Starc,"MA Chidambaram Stadium, Chepauk, Chennai",0.0,0.0
MA Starc,"Narendra Modi Stadium, Ahmedabad",2.0,100.0
MA Starc,"Rajiv Gandhi International Stadium, Uppal",6.0,100.0
MA Starc,"Rajiv Gandhi International Stadium, Uppal, Hyderabad",1.0,100.0
MA Starc,Sheikh Zayed Stadium,18.0,112.5
MA Starc,Wankhede Stadium,5.0,125.0
MA Starc,"Wankhede Stadium, Mumbai",0.0,0.0
MC Henriques,Barabati Stadium,11.0,220.00000000000003
MC Henriques,Brabourne Stadium,20.0,95.23809523809524
MC Henriques,Dr. Y.S. Rajasekhara Reddy ACA-VDCA Cricket Stadium,6.0,105.0
MC Henriques,Dubai International Cricket Stadium,3.0,100.0
MC Henriques,Eden Gardens,21.666666666666668,121.41414141414141
MC Henriques,Feroz Shah Kotla,23.25,147.005772005772
MC Henriques,Green Park,4.0,200.0
MC Henriques,JSCA International Stadium Complex,11.0,100.0
MC Henriques,Kingsmead,30.0,125.0
MC Henriques,M Chinnaswamy Stadium,8.4,128.07729468599035
MC Henriques,"MA Chidambaram Stadium, Chepauk, Chennai",14.0,82.35294117647058
MC Henriques,Maharashtra Cricket Association Stadium,55.0,196.42857142857144
MC Henriques,"Narendra Modi Stadium, Ahmedabad",2.0,66.66666666666666
MC Henriques,New Wanderers Stadium,2.0,25.0
MC Henriques,Newlands,6.0,75.0
MC Henriques,"Punjab Cricket Association IS Bindra Stadium, Mohali",7.0,116.66666666666669
MC Henriques,"Punjab Cricket Association Stadium, Mohali",23.0,161.16071428571428
MC Henriques,"Rajiv Gandhi International Stadium, Uppal",21.526315789473685,111.07574977034811
MC Henriques,"Sardar Patel Stadium, Motera",9.0,69.23076923076923
MC Henriques,Sawai Mansingh Stadium,22.0,122.22222222222224
MC Henriques,Shaheed Veer Narayan Singh International Stadium,46.0,149.66555183946488
MC Henriques,Sharjah Cricket Stadium,12.0,133.33333333333331
MC Henriques,Subrata Roy Sahara Stadium,27.0,207.6923076923077
MEK Hussey,Brabourne Stadium,39.0,118.1818181818182
MEK Hussey,Dr DY Patil Sports Academy,9.0,52.94117647058824
MEK Hussey,Dubai International Cricket Stadium,8.5,60.47619047619048
MEK Hussey,Eden Gardens,23.2,74.83157365510307
MEK Hussey,Feroz Shah Kotla,75.5,139.13793103448276
MEK Hussey,Himachal Pradesh Cricket Association Stadium,7.0,70.0
MEK Hussey,JSCA International Stadium Complex,56.0,121.73913043478262
MEK Hussey,M Chinnaswamy Stadium,26.5,107.45272745272744
MEK Hussey,"MA Chidambaram Stadium, Chepauk",40.38095238095238,114.12401002171215
MEK Hussey,Nehru Stadium,8.0,80.0
MEK Hussey,"Punjab Cricket Association Stadium, Mohali",52.25,111.30698005698007
MEK Hussey,"Rajiv Gandhi International Stadium, Uppal",67.0,163.41463414634146
MEK Hussey,"Sardar Patel Stadium, Motera",56.0,143.5897435897436
MEK Hussey,Sawai Mansingh Stadium,35.0,104.23611111111113
MEK Hussey,Sharjah Cricket Stadium,10.0,55.55555555555556
MEK Hussey,Sheikh Zayed Stadium,3.0,23.07692307692308
MEK Hussey,Subrata Roy Sahara Stadium,5.0,62.5
MEK Hussey,"Vidarbha Cricket Association Stadium, Jamtha",8.0,72.72727272727273
MEK Hussey,Wankhede Stadium,26.166666666666668,120.66822066822067
MG Johnson,Arun Jaitley Stadium,12.0,200.0
MG Johnson,Barabati Stadium,12.5,150.0
MG Johnson,Eden Gardens,5.0,80.3030303030303
MG Johnson,Feroz Shah Kotla,5.0,59.52380952380952
MG Johnson,M Chinnaswamy Stadium,8.5,79.16666666666666
MG Johnson,"MA Chidambaram Stadium, Chepauk",1.0,50.0
MG Johnson,Maharashtra Cricket Association Stadium,0.5,25.0
MG Johnson,"Punjab Cricket Association IS Bindra Stadium, Mohali",1.0,50.0
MG Johnson,"Punjab Cricket Association Stadium, Mohali",6.0,133.33333333333331
MG Johnson,"Rajiv Gandhi International Stadium, Uppal",13.0,92.85714285714286
MG Johnson,"Sardar Patel Stadium, Motera",13.0,185.7142857142857
MG Johnson,Sawai Mansingh Stadium,11.0,122.22222222222224
MG Johnson,Sharjah Cricket Stadium,4.0,66.66666666666666
MG Johnson,Sheikh Zayed Stadium,0.0,0.0
MG Johnson,Wankhede Stadium,4.571428571428571,107.3469387755102
MK Lomror,Arun Jaitley Stadium,8.0,266.66666666666663
MK Lomror,"Arun Jaitley Stadium, Delhi",54.0,186.20689655172413
MK Lomror,"Bharat Ratna Shri Atal Bihari Vajpayee Ekana Cricket Stadium, Lucknow",3.0,75.0
MK Lomror,"Brabourne Stadium, Mumbai",11.0,200.0
MK Lomror,Dubai International Cricket Stadium,25.0,143.83753501400562
MK Lomror,"Eden Gardens, Kolkata",9.0,144.44444444444446
MK Lomror,"Himachal Pradesh Cricket Association Stadium, Dharamsala",0.0,0.0
MK Lomror,"M Chinnaswamy Stadium, Bengaluru",15.1,131.00701585995702
MK Lomror,"Maharashtra Cricket Association Stadium, Pune",42.0,155.55555555555557
MK Lomror,"Narendra Modi Stadium, Ahmedabad",20.0,134.11764705882354
MK Lomror,"Punjab Cricket Association IS Bindra Stadium, Mohali, Chandigarh",7.0,77.77777777777779
MK Lomror,"Rajiv Gandhi International Stadium, Uppal, Hyderabad",7.0,175.0
MK Lomror,Sawai Mansingh Stadium,10.0,95.83333333333333
MK Lomror,"Sawai Mansingh Stadium, Jaipur",1.0,50.0
MK Lomror,Sharjah Cricket Stadium,1.0,50.0
MK Lomror,Sheikh Zayed Stadium,29.0,102.56410256410257
MK Lomror,"Wankhede Stadium, Mumbai",0.5,16.666666666666664
MK Lomror,"Zayed Cricket Stadium, Abu Dhabi",19.0,79.16666666666666
MK Pandey,Arun Jaitley Stadium,10.0,76.92307692307693
MK Pandey,"Arun Jaitley Stadium, Delhi",25.285714285714285,103.72244549993911
MK Pandey,Barabati Stadium,16.666666666666668,56.507936507936506
MK Pandey,"Barsapara Cricket Stadium, Guwahati",0.0,0.0
MK Pandey,Brabourne Stadium,30.5,124.07407407407408
MK Pandey,"Brabourne Stadium, Mumbai",21.5,107.18390804597702
MK Pandey,Dr DY Patil Sports Academy,22.6,101.26877614111656
MK Pandey,"Dr DY Patil Sports Academy, Mumbai",8.5,92.5
MK Pandey,Dr. Y.S. Rajasekhara Reddy ACA-VDCA Cricket Stadium,31.5,110.41666666666667
MK Pandey,Dubai International Cricket Stadium,32.9,113.79772279547146
MK Pandey,Eden Gardens,21.107142857142858,105.42494416287195
MK Pandey,"Eden Gardens, Kolkata",36.0,128.57142857142858
MK Pandey,Feroz Shah Kotla,32.0,108.41836734693878
MK Pandey,Green Park,1.0,33.33333333333333
MK Pandey,JSCA International Stadium Complex,33.5,95.2127659574468
MK Pandey,Kingsmead,2.0,100.0
MK Pandey,M Chinnaswamy Stadium,28.1,106.82294274108366
MK Pandey,"M Chinnaswamy Stadium, Bengaluru",50.0,131.57894736842107
MK Pandey,M.Chinnaswamy Stadium,35.5,119.07894736842105
MK Pandey,MA Chidambaram Stadium,83.0,169.3877551020408
MK Pandey,"MA Chidambaram Stadium, Chepauk",10.8,121.78571428571426
MK Pandey,"MA Chidambaram Stadium, Chepauk, Chennai",32.0,89.43678447988793
MK Pandey,Maharashtra Cricket Association Stadium,8.0,133.33333333333334
MK Pandey,"Narendra Modi Stadium, Ahmedabad",1.0,25.0
MK Pandey,New Wanderers Stadium,26.0,95.58823529411765
MK Pandey,Punjab Cricket Association IS Bindra Stadium,38.0,131.1904761904762
MK Pandey,"Punjab Cricket Association IS Bindra Stadium, Mohali",15.0,93.67588932806323
MK Pandey,"Punjab Cricket Association Stadium, Mohali",19.0,71.38888888888887
MK Pandey,Rajiv Gandhi International Stadium,18.77777777777778,88.57413066236596
MK Pandey,"Rajiv Gandhi International Stadium, Uppal",29.8,102.44971264367817
MK Pandey,"Rajiv Gandhi International Stadium, Uppal, Hyderabad",34.0,125.92592592592592
MK Pandey,Sawai Mansingh Stadium,24.8,106.11552247036119
MK Pandey,Sharjah Cricket Stadium,18.5,129.48131197559115
MK Pandey,Sheikh Zayed Stadium,25.5,117.22779826925805
MK Pandey,Subrata Roy Sahara Stadium,21.714285714285715,145.6122448979592
MK Pandey,SuperSport Park,114.0,156.16438356164383
MK Pandey,"Vidarbha Cricket Association Stadium, Jamtha",0.0,0.0
MK Pandey,Wankhede Stadium,29.666666666666668,103.59025032938077
MK Pandey,"Wankhede Stadium, Mumbai",22.25,123.92857142857143
MK Pandey,"Zayed Cricket Stadium, Abu Dhabi",69.0,172.5
MK Tiwary,Barabati Stadium,30.0,107.14285714285714
MK Tiwary,Dr DY Patil Sports Academy,12.0,50.0
MK Tiwary,Dubai International Cricket Stadium,15.5,155.1282051282051
MK Tiwary,Eden Gardens,21.458333333333332,114.66622426586646
MK Tiwary,Feroz Shah Kotla,22.7,153.2099768251639
MK Tiwary,Holkar Cricket Stadium,40.0,173.91304347826087
MK Tiwary,JSCA International Stadium Complex,12.0,44.44444444444444
MK Tiwary,Kingsmead,9.0,69.23076923076923
MK Tiwary,M Chinnaswamy Stadium,14.2,101.67424242424242
MK Tiwary,"MA Chidambaram Stadium, Chepauk",19.0,166.7741935483871
MK Tiwary,Maharashtra Cricket Association Stadium,19.4,100.97619047619048
MK Tiwary,Nehru Stadium,1.0,14.285714285714285
MK Tiwary,"Punjab Cricket Association Stadium, Mohali",30.75,91.19058690669944
MK Tiwary,Rajiv Gandhi International Stadium,1.0,20.0
MK Tiwary,"Rajiv Gandhi International Stadium, Uppal",16.333333333333332,131.47435897435898
MK Tiwary,"Sardar Patel Stadium, Motera",36.0,111.62587412587412
MK Tiwary,Saurashtra Cricket Association Stadium,31.0,114.8148148148148
MK Tiwary,Sawai Mansingh Stadium,26.666666666666668,105.20015698587127
MK Tiwary,Sharjah Cricket Stadium,1.0,33.33333333333333
MK Tiwary,Sheikh Zayed Stadium,0.0,0.0
MK Tiwary,Subrata Roy Sahara Stadium,11.5,119.44444444444444
MK Tiwary,Wankhede Stadium,24.285714285714285,139.62639763117238
ML Hayden,"Brabourne Stadium, Mumbai",20.0,166.66666666666669
ML Hayden,Buffalo Park,43.0,165.3846153846154
ML Hayden,De Beers Diamond Oval,48.0,109.09090909090908
ML Hayden,Dr DY Patil Sports Academy,12.5,71.86379928315412
ML Hayden,Eden Gardens,1.0,12.5
ML Hayden,Feroz Shah Kotla,93.0,216.27906976744185
ML Hayden,Himachal Pradesh Cricket Association Stadium,5.0,62.5
ML Hayden,Kingsmead,55.333333333333336,172.4968988126883
ML Hayden,M Chinnaswamy Stadium,22.5,91.35338345864662
ML Hayden,"MA Chidambaram Stadium, Chepauk",31.444444444444443,111.38799671057735
ML Hayden,New Wanderers Stadium,28.0,147.36842105263156
ML Hayden,Newlands,44.0,125.71428571428572
ML Hayden,"Punjab Cricket Association Stadium, Mohali",25.0,156.25
ML Hayden,"Sardar Patel Stadium, Motera",19.0,135.71428571428572
ML Hayden,St George's Park,62.5,145.48872180451127
ML Hayden,SuperSport Park,45.0,101.72413793103449
ML Hayden,"Vidarbha Cricket Association Stadium, Jamtha",19.0,105.55555555555556
MM Ali,Arun Jaitley Stadium,1.0,33.33333333333333
MM Ali,"Arun Jaitley Stadium, Delhi",36.5,174.30555555555554
MM Ali,"Barsapara Cricket Stadium, Guwahati",5.0,41.66666666666667
MM Ali,"Bharat Ratna Shri Atal Bihari Vajpayee Ekana Cricket Stadium, Lucknow",30.0,150.0
MM Ali,"Brabourne Stadium, Mumbai",42.666666666666664,107.41626794258373
MM Ali,"Dr DY Patil Sports Academy, Mumbai",20.0,133.2142857142857
MM Ali,Dubai International Cricket Stadium,10.0,73.63553113553112
MM Ali,Eden Gardens,66.0,235.7142857142857
MM Ali,"Eden Gardens, Kolkata",0.0,0.0
MM Ali,"Himachal Pradesh Cricket Association Stadium, Dharamsala",17.0,85.0
MM Ali,"M Chinnaswamy Stadium, Bengaluru",19.0,271.42857142857144
MM Ali,M.Chinnaswamy Stadium,23.333333333333332,132.86142234671647
MM Ali,MA Chidambaram Stadium,9.0,112.5
MM Ali,"MA Chidambaram Stadium, Chepauk, Chennai",9.333333333333334,126.08262108262109
MM Ali,"Maharashtra Cricket Association Stadium, Pune",17.5,79.62962962962962
MM Ali,"Narendra Modi Stadium, Ahmedabad",39.5,149.65277777777777
MM Ali,Rajiv Gandhi International Stadium,6.0,83.92857142857143
MM Ali,Sawai Mansingh Stadium,9.5,125.0
MM Ali,"Sawai Mansingh Stadium, Jaipur",23.0,191.66666666666669
MM Ali,Sharjah Cricket Stadium,20.0,113.88888888888889
MM Ali,Sheikh Zayed Stadium,0.0,0.0
MM Ali,Wankhede Stadium,50.0,156.25
MM Ali,"Wankhede Stadium, Mumbai",25.666666666666668,126.70830697870547
MM Ali,"Zayed Cricket Stadium, Abu Dhabi",26.5,118.90756302521008
MM Sharma,"Arun Jaitley Stadium, Delhi",0.0,0.0
MM Sharma,"Dr. Y.S. Rajasekhara Reddy ACA-VDCA Cricket Stadium, Visakhapatnam",1.0,50.0
MM Sharma,Eden Gardens,6.4,105.0
MM Sharma,Feroz Shah Kotla,14.0,140.17857142857144
MM Sharma,Holkar Cricket Stadium,3.5,96.66666666666666
MM Sharma,M Chinnaswamy Stadium,7.333333333333333,100.0
MM Sharma,"M Chinnaswamy Stadium, Bengaluru",0.0,0.0
MM Sharma,M.Chinnaswamy Stadium,1.0,50.0
MM Sharma,"MA Chidambaram Stadium, Chepauk",2.0,200.0
MM Sharma,Maharashtra Cricket Association Stadium,4.0,58.33333333333333
MM Sharma,"Narendra Modi Stadium, Ahmedabad",1.0,7.142857142857142
MM Sharma,"Punjab Cricket Association IS Bindra Stadium, Mohali",1.5,41.666666666666664
MM Sharma,"Rajiv Gandhi International Stadium, Uppal",10.0,200.0
MM Sharma,Saurashtra Cricket Association Stadium,2.5,91.66666666666666
MM Sharma,Wankhede Stadium,1.0,33.33333333333333
MP Stoinis,Arun Jaitley Stadium,32.0,133.33333333333331
MP Stoinis,"Arun Jaitley Stadium, Delhi",5.0,71.42857142857143
MP Stoinis,"Bharat Ratna Shri Atal Bihari Vajpayee Ekana Cricket Stadium, Lucknow",24.0,109.8413275572558
MP Stoinis,"Brabourne Stadium, Mumbai",18.5,134.96732026143792
MP Stoinis,"Dr DY Patil Sports Academy, Mumbai",24.0,160.0
MP Stoinis,Dubai International Cricket Stadium,23.333333333333332,124.41198406644632
MP Stoinis,Eden Gardens,8.666666666666666,95.83333333333333
MP Stoinis,"Eden Gardens, Kolkata",6.333333333333333,100.0
MP Stoinis,"Himachal Pradesh Cricket Association Stadium, Dharamsala",15.0,300.0
MP Stoinis,Holkar Cricket Stadium,13.75,109.27083333333331
MP Stoinis,"M Chinnaswamy Stadium, Bengaluru",32.0,242.2222222222222
MP Stoinis,M.Chinnaswamy Stadium,19.0,111.47142617730854
MP Stoinis,"MA Chidambaram Stadium, Chepauk, Chennai",46.75,142.02337583485127
MP Stoinis,"Maharaja Yadavindra Singh International Cricket Stadium, Mullanpur",8.0,68.5924369747899
MP Stoinis,"Maharashtra Cricket Association Stadium, Pune",10.333333333333334,108.33333333333333
MP Stoinis,"Narendra Modi Stadium, Ahmedabad",10.0,151.19825708061
MP Stoinis,Punjab Cricket Association IS Bindra Stadium,25.0,166.07142857142856
MP Stoinis,"Punjab Cricket Association IS Bindra Stadium, Mohali",39.666666666666664,140.9090909090909
MP Stoinis,"Punjab Cricket Association IS Bindra Stadium, Mohali, Chandigarh",72.0,184.6153846153846
MP Stoinis,"Rajiv Gandhi International Stadium, Uppal, Hyderabad",25.666666666666668,176.36363636363635
MP Stoinis,Saurashtra Cricket Association Stadium,17.0,118.30065359477123
MP Stoinis,Sawai Mansingh Stadium,21.0,89.73214285714286
MP Stoinis,"Sawai Mansingh Stadium, Jaipur",22.666666666666668,166.52777777777777
MP Stoinis,Sharjah Cricket Stadium,20.5,103.25569358178053
MP Stoinis,Sheikh Zayed Stadium,15.6,145.09259259259258
MP Stoinis,Wankhede Stadium,0.5,25.0
MP Stoinis,"Wankhede Stadium, Mumbai",17.714285714285715,119.65824208471268
MR Marsh,"Arun Jaitley Stadium, Delhi",19.6,102.3403720462544
MR Marsh,"Bharat Ratna Shri Atal Bihari Vajpayee Ekana Cricket Stadium, Lucknow",38.142857142857146,113.04659498207886
MR Marsh,"Brabourne Stadium, Mumbai",10.0,142.85714285714286
MR Marsh,Dr DY Patil Sports Academy,24.0,102.73809523809524
MR Marsh,"Dr DY Patil Sports Academy, Mumbai",59.0,133.26612903225808
MR Marsh,"Dr. Y.S. Rajasekhara Reddy ACA-VDCA Cricket Stadium, Visakhapatnam",30.0,116.66666666666667
MR Marsh,Dubai International Cricket Stadium,0.0,0.0
MR Marsh,"Eden Gardens, Kolkata",81.0,168.75
MR Marsh,Feroz Shah Kotla,13.0,68.42105263157895
MR Marsh,Himachal Pradesh Cricket Association Stadium,15.0,136.36363636363637
MR Marsh,"Himachal Pradesh Cricket Association Stadium, Dharamsala",0.0,0.0
MR Marsh,M Chinnaswamy Stadium,24.0,104.34782608695652
MR Marsh,"M Chinnaswamy Stadium, Bengaluru",0.0,0.0
MR Marsh,"MA Chidambaram Stadium, Chepauk",2.0,50.0
MR Marsh,"MA Chidambaram Stadium, Chepauk, Chennai",5.0,125.0
MR Marsh,"Maharaja Yadavindra Singh International Cricket Stadium, Mullanpur",20.0,166.66666666666669
MR Marsh,Maharashtra Cricket Association Stadium,14.0,107.6923076923077
MR Marsh,"Narendra Modi Stadium, Ahmedabad",117.0,182.8125
MR Marsh,"Punjab Cricket Association Stadium, Mohali",2.0,33.33333333333333
MR Marsh,"Rajiv Gandhi International Stadium, Uppal",7.0,233.3333333333333
MR Marsh,"Rajiv Gandhi International Stadium, Uppal, Hyderabad",38.5,167.20430107526883
MR Marsh,Saurashtra Cricket Association Stadium,7.0,63.63636363636363
MR Marsh,Sawai Mansingh Stadium,35.0,166.66666666666669
MR Marsh,"Sawai Mansingh Stadium, Jaipur",13.5,129.16666666666669
MR Marsh,Subrata Roy Sahara Stadium,10.0,125.0
MR Marsh,Wankhede Stadium,38.0,146.15384615384613
MR Marsh,"Wankhede Stadium, Mumbai",19.6,115.37474120082815
MS Bisla,Barabati Stadium,5.0,38.46153846153847
MS Bisla,Brabourne Stadium,11.0,110.0
MS Bisla,Eden Gardens,21.0,94.10479419570329
MS Bisla,JSCA International Stadium Complex,0.5,12.5
MS Bisla,M Chinnaswamy Stadium,31.8,115.00985221674878
MS Bisla,"MA Chidambaram Stadium, Chepauk",53.75,127.40780651340998
MS Bisla,"Punjab Cricket Association Stadium, Mohali",16.333333333333332,84.28469678469678
MS Bisla,"Rajiv Gandhi International Stadium, Uppal",15.0,83.33333333333334
MS Bisla,Sawai Mansingh Stadium,7.333333333333333,67.06349206349206
MS Bisla,Shaheed Veer Narayan Singh International Stadium,4.0,57.14285714285714
MS Bisla,Sheikh Zayed Stadium,3.0,33.33333333333333
MS Bisla,Subrata Roy Sahara Stadium,12.0,92.3076923076923
MS Bisla,Wankhede Stadium,17.0,89.47368421052632
MS Dhoni,Arun Jaitley Stadium,24.5,82.67080745341616
MS Dhoni,"Arun Jaitley Stadium, Delhi",10.5,130.3921568627451
MS Dhoni,Barabati Stadium,23.0,115.0
MS Dhoni,"Barsapara Cricket Stadium, Guwahati",16.0,145.45454545454547
MS Dhoni,"Bharat Ratna Shri Atal Bihari Vajpayee Ekana Cricket Stadium, Lucknow",27.0,273.7373737373738
MS Dhoni,"Brabourne Stadium, Mumbai",21.666666666666668,148.23633156966488
MS Dhoni,Buffalo Park,58.0,156.75675675675674
MS Dhoni,Dr DY Patil Sports Academy,27.0,137.0016339869281
MS Dhoni,"Dr DY Patil Sports Academy, Mumbai",17.333333333333332,175.96153846153845
MS Dhoni,Dr. Y.S. Rajasekhara Reddy ACA-VDCA Cricket Stadium,27.5,131.94444444444446
MS Dhoni,"Dr. Y.S. Rajasekhara Reddy ACA-VDCA Cricket Stadium, Visakhapatnam",37.0,231.25
MS Dhoni,Dubai International Cricket Stadium,15.25,117.36696174196175
MS Dhoni,Eden Gardens,25.272727272727273,118.39658321476503
MS Dhoni,"Eden Gardens, Kolkata",9.5,97.22222222222223
MS Dhoni,Feroz Shah Kotla,22.0,137.902576489533
MS Dhoni,Himachal Pradesh Cricket Association Stadium,30.0,111.85344827586206
MS Dhoni,"Himachal Pradesh Cricket Association Stadium, Dharamsala",0.0,0.0
MS Dhoni,Holkar Cricket Stadium,5.0,45.45454545454545
MS Dhoni,JSCA International Stadium Complex,27.6,127.45159880604892
MS Dhoni,Kingsmead,11.75,90.35714285714286
MS Dhoni,M Chinnaswamy Stadium,38.625,173.27083333333331
MS Dhoni,"M Chinnaswamy Stadium, Bengaluru",12.666666666666666,152.77777777777774
MS Dhoni,M.Chinnaswamy Stadium,77.0,192.30287859824782
MS Dhoni,MA Chidambaram Stadium,43.6,151.6977225672878
MS Dhoni,"MA Chidambaram Stadium, Chepauk",26.627906976744185,131.75003607415698
MS Dhoni,"MA Chidambaram Stadium, Chepauk, Chennai",10.823529411764707,166.21263876454188
MS Dhoni,"Maharaja Yadavindra Singh International Cricket Stadium, Mullanpur",27.0,225.0
MS Dhoni,Maharashtra Cricket Association Stadium,26.3125,148.14071860801738
MS Dhoni,"Maharashtra Cricket Association Stadium, Pune",5.0,90.47619047619047
MS Dhoni,"Narendra Modi Stadium, Ahmedabad",13.333333333333334,145.45454545454547
MS Dhoni,Nehru Stadium,14.0,107.6923076923077
MS Dhoni,New Wanderers Stadium,17.0,89.52380952380952
MS Dhoni,Newlands,36.0,138.46153846153845
MS Dhoni,Punjab Cricket Association IS Bindra Stadium,44.5,131.43939393939394
MS Dhoni,"Punjab Cricket Association IS Bindra Stadium, Mohali",1.0,50.0
MS Dhoni,"Punjab Cricket Association Stadium, Mohali",23.333333333333332,149.74415204678363
MS Dhoni,Rajiv Gandhi International Stadium,13.5,116.66666666666664
MS Dhoni,"Rajiv Gandhi International Stadium, Uppal",17.833333333333332,137.0903540903541
MS Dhoni,"Rajiv Gandhi International Stadium, Uppal, Hyderabad",1.0,50.0
MS Dhoni,"Sardar Patel Stadium, Motera",26.0,97.15504978662875
MS Dhoni,Saurashtra Cricket Association Stadium,13.5,141.25
MS Dhoni,Sawai Mansingh Stadium,24.166666666666668,106.26730607273153
MS Dhoni,Shaheed Veer Narayan Singh International Stadium,27.0,112.5
MS Dhoni,Sharjah Cricket Stadium,14.333333333333334,112.15672127436834
MS Dhoni,Sheikh Zayed Stadium,19.4,128.27272727272728
MS Dhoni,St George's Park,19.5,109.41558441558442
MS Dhoni,Subrata Roy Sahara Stadium,35.5,188.77314814814815
MS Dhoni,SuperSport Park,39.333333333333336,155.3513413162536
MS Dhoni,"Vidarbha Cricket Association Stadium, Jamtha",7.0,53.84615384615385
MS Dhoni,Wankhede Stadium,17.857142857142858,98.10338784022994
MS Dhoni,"Wankhede Stadium, Mumbai",16.6,141.59417305005542
MS Dhoni,"Zayed Cricket Stadium, Abu Dhabi",1.0,25.0
MV Boucher,Eden Gardens,50.0,125.0
MV Boucher,Feroz Shah Kotla,31.0,182.35294117647047
MV Boucher,Kingsmead,10.666666666666666,114.1025641025641
MV Boucher,M Chinnaswamy Stadium,7.875,86.56746031746032
MV Boucher,"MA Chidambaram Stadium, Chepauk",17.0,113.33333333333331
MV Boucher,Nehru Stadium,5.0,125.0
MV Boucher,New Wanderers Stadium,7.5,104.16666666666667
MV Boucher,"Punjab Cricket Association Stadium, Mohali",39.0,121.875
MV Boucher,St George's Park,42.0,137.01298701298703
MV Boucher,SuperSport Park,9.5,109.72222222222221
MV Boucher,Wankhede Stadium,39.0,205.26315789473685
Mandeep Singh,Arun Jaitley Stadium,21.5,101.98412698412699
Mandeep Singh,"Arun Jaitley Stadium, Delhi",12.0,109.09090909090908
Mandeep Singh,Barabati Stadium,1.5,18.75
Mandeep Singh,"Brabourne Stadium, Mumbai",0.0,0.0
Mandeep Singh,Dubai International Cricket Stadium,16.666666666666668,130.05952380952382
Mandeep Singh,Eden Gardens,23.333333333333332,149.2755991285403
Mandeep Singh,"Eden Gardens, Kolkata",0.0,0.0
Mandeep Singh,Feroz Shah Kotla,15.0,111.66666666666667
Mandeep Singh,Himachal Pradesh Cricket Association Stadium,8.6,75.78571428571429
Mandeep Singh,Holkar Cricket Stadium,21.5,116.17647058823529
Mandeep Singh,JSCA International Stadium Complex,4.0,57.14285714285714
Mandeep Singh,M Chinnaswamy Stadium,24.2,97.140642303433
Mandeep Singh,M.Chinnaswamy Stadium,19.0,138.143845452411
Mandeep Singh,MA Chidambaram Stadium,1.0,100.0
Mandeep Singh,"MA Chidambaram Stadium, Chepauk",35.5,106.0
Mandeep Singh,Maharashtra Cricket Association Stadium,30.5,106.33484162895927
Mandeep Singh,"Maharashtra Cricket Association Stadium, Pune",18.0,112.5
Mandeep Singh,Punjab Cricket Association IS Bindra Stadium,14.166666666666666,97.75715841892314
Mandeep Singh,"Punjab Cricket Association IS Bindra Stadium, Mohali, Chandigarh",2.0,50.0
Mandeep Singh,"Punjab Cricket Association Stadium, Mohali",17.125,99.67525470219435
Mandeep Singh,Rajiv Gandhi International Stadium,21.0,91.30434782608695
Mandeep Singh,"Rajiv Gandhi International Stadium, Uppal",27.5,107.62310606060606
Mandeep Singh,Sawai Mansingh Stadium,11.0,121.5
Mandeep Singh,Sharjah Cricket Stadium,66.0,117.85714285714286
Mandeep Singh,Sheikh Zayed Stadium,4.666666666666667,31.111111111111104
Mandeep Singh,Subrata Roy Sahara Stadium,27.5,114.16083916083916
Mandeep Singh,Wankhede Stadium,14.6,141.03479853479854
Mandeep Singh,"Zayed Cricket Stadium, Abu Dhabi",15.0,115.38461538461536
Mohammed Shami,"Dr. Y.S. Rajasekhara Reddy ACA-VDCA Cricket Stadium, Visakhapatnam",1.0,100.0
Mohammed Shami,Dubai International Cricket Stadium,0.0,0.0
Mohammed Shami,Eden Gardens,7.0,116.66666666666669
Mohammed Shami,"Eden Gardens, Kolkata",2.0,50.0
Mohammed Shami,Feroz Shah Kotla,4.714285714285714,82.14285714285714
Mohammed Shami,Green Park,4.0,200.0
Mohammed Shami,M Chinnaswamy Stadium,1.0,100.0
Mohammed Shami,"MA Chidambaram Stadium, Chepauk, Chennai",4.0,100.0
Mohammed Shami,"Narendra Modi Stadium, Ahmedabad",0.5,25.0
Mohammed Shami,Punjab Cricket Association IS Bindra Stadium,0.0,0.0
Mohammed Shami,"Punjab Cricket Association IS Bindra Stadium, Mohali",2.0,50.0
Mohammed Shami,"Punjab Cricket Association Stadium, Mohali",0.0,0.0
Mohammed Shami,Rajiv Gandhi International Stadium,1.0,100.0
Mohammed Shami,"Rajiv Gandhi International Stadium, Uppal, Hyderabad",3.5,166.66666666666666
Mohammed Shami,Sawai Mansingh Stadium,5.0,50.0
Mohammed Shami,Sheikh Zayed Stadium,1.5,66.66666666666666
Mohammed Shami,"Wankhede Stadium, Mumbai",9.0,75.0
Mohammed Siraj,"Bharat Ratna Shri Atal Bihari Vajpayee Ekana Cricket Stadium, Lucknow",0.0,0.0
Mohammed Siraj,"Brabourne Stadium, Mumbai",5.5,59.61538461538461
Mohammed Siraj,"Dr DY Patil Sports Academy, Mumbai",14.0,127.27272727272728
Mohammed Siraj,Dubai International Cricket Stadium,5.0,125.0
Mohammed Siraj,"M Chinnaswamy Stadium, Bengaluru",6.5,125.0
Mohammed Siraj,M.Chinnaswamy Stadium,1.0,25.0
Mohammed Siraj,MA Chidambaram Stadium,0.0,0.0
Mohammed Siraj,"MA Chidambaram Stadium, Chepauk, Chennai",0.0,0.0
Mohammed Siraj,Maharashtra Cricket Association Stadium,3.0,42.85714285714285
Mohammed Siraj,"Maharashtra Cricket Association Stadium, Pune",5.0,100.0
Mohammed Siraj,"Narendra Modi Stadium, Ahmedabad",1.5,37.5
Mohammed Siraj,Rajiv Gandhi International Stadium,3.0,42.85714285714285
Mohammed Siraj,Sawai Mansingh Stadium,14.0,116.66666666666669
Mohammed Siraj,Sharjah Cricket Stadium,2.0,66.66666666666666
Mohammed Siraj,Sheikh Zayed Stadium,10.0,142.85714285714286
Mohammed Siraj,Wankhede Stadium,8.0,266.66666666666663
Mohammed Siraj,"Wankhede Stadium, Mumbai",12.0,85.71428571428571
Mohammed Siraj,"Zayed Cricket Stadium, Abu Dhabi",8.0,80.0
N Pooran,"Arun Jaitley Stadium, Delhi",61.0,225.9259259259259
N Pooran,"Bharat Ratna Shri Atal Bihari Vajpayee Ekana Cricket Stadium, Lucknow",19.476190476190474,126.03085483134275
N Pooran,"Brabourne Stadium, Mumbai",33.5,122.42647058823523
N Pooran,"Dr DY Patil Sports Academy, Mumbai",27.0,174.30555555555557
N Pooran,"Dr. Y.S. Rajasekhara Reddy ACA-VDCA Cricket Stadium, Visakhapatnam",75.0,250.0
N Pooran,Dubai International Cricket Stadium,31.11111111111111,144.6377921868118
N Pooran,"Eden Gardens, Kolkata",63.333333333333336,191.87499999999997
N Pooran,"Himachal Pradesh Cricket Association Stadium, Dharamsala",6.0,120.0
N Pooran,"M Chinnaswamy Stadium, Bengaluru",51.0,258.3959899749373
N Pooran,M.Chinnaswamy Stadium,46.0,164.28571428571428
N Pooran,"MA Chidambaram Stadium, Chepauk, Chennai",22.0,134.8148148148148
N Pooran,"Maharashtra Cricket Association Stadium, Pune",22.0,86.86868686868688
N Pooran,"Narendra Modi Stadium, Ahmedabad",19.5,91.34615384615384
N Pooran,Punjab Cricket Association IS Bindra Stadium,29.666666666666668,141.58249158249157
N Pooran,"Punjab Cricket Association IS Bindra Stadium, Mohali, Chandigarh",45.0,236.84210526315783
N Pooran,Rajiv Gandhi International Stadium,21.0,210.0
N Pooran,"Rajiv Gandhi International Stadium, Uppal, Hyderabad",54.0,264.1025641025641
N Pooran,Sawai Mansingh Stadium,12.0,85.71428571428571
N Pooran,"Sawai Mansingh Stadium, Jaipur",34.666666666666664,146.19918699186994
N Pooran,Sharjah Cricket Stadium,8.8,244.40476190476187
N Pooran,Sheikh Zayed Stadium,21.0,150.1851851851852
N Pooran,"Wankhede Stadium, Mumbai",19.555555555555557,107.72913867741454
N Pooran,"Zayed Cricket Stadium, Abu Dhabi",2.0,66.66666666666666
N Rana,Arun Jaitley Stadium,4.5,82.14285714285714
N Rana,"Arun Jaitley Stadium, Delhi",27.5,119.64285714285717
N Rana,"Barsapara Cricket Stadium, Guwahati",44.5,156.94444444444446
N Rana,"Brabourne Stadium, Mumbai",34.0,154.54545454545453
N Rana,"Dr DY Patil Sports Academy, Mumbai",24.25,158.71628371628373
N Rana,Dr. Y.S. Rajasekhara Reddy ACA-VDCA Cricket Stadium,25.0,89.28571428571429
N Rana,Dubai International Cricket Stadium,27.5,86.6690855842254
N Rana,Eden Gardens,32.142857142857146,122.32052125962237
N Rana,"Eden Gardens, Kolkata",25.555555555555557,116.08356300475023
N Rana,Green Park,70.0,200.0
N Rana,Holkar Cricket Stadium,36.5,228.67647058823525
N Rana,M Chinnaswamy Stadium,10.0,75.2840909090909
N Rana,"M Chinnaswamy Stadium, Bengaluru",38.0,177.9220779220779
N Rana,M.Chinnaswamy Stadium,26.0,155.43478260869566
N Rana,MA Chidambaram Stadium,8.0,57.14285714285714
N Rana,"MA Chidambaram Stadium, Chepauk, Chennai",53.0,139.32888919591048
N Rana,"Maharaja Yadavindra Singh International Cricket Stadium, Mullanpur",12.0,171.42857142857142
N Rana,Maharashtra Cricket Association Stadium,34.0,121.42857142857142
N Rana,"Maharashtra Cricket Association Stadium, Pune",12.0,98.32251082251082
N Rana,"Narendra Modi Stadium, Ahmedabad",15.25,78.3764367816092
N Rana,"Punjab Cricket Association IS Bindra Stadium, Mohali, Chandigarh",24.0,141.1764705882353
N Rana,Rajiv Gandhi International Stadium,9.0,120.0
N Rana,"Rajiv Gandhi International Stadium, Uppal",9.0,81.81818181818183
N Rana,"Rajiv Gandhi International Stadium, Uppal, Hyderabad",26.5,138.75
N Rana,Saurashtra Cricket Association Stadium,19.0,118.75
N Rana,Sawai Mansingh Stadium,35.0,129.62962962962962
N Rana,"Sawai Mansingh Stadium, Jaipur",6.25,199.02597402597402
N Rana,Sharjah Cricket Stadium,21.571428571428573,115.54212454212454
N Rana,Sheikh Zayed Stadium,22.0,106.812106918239
N Rana,Wankhede Stadium,28.333333333333332,120.79917032024312
N Rana,"Wankhede Stadium, Mumbai",23.142857142857142,91.28377346024406
N Rana,"Zayed Cricket Stadium, Abu Dhabi",21.0,193.51851851851853
N Wadhera,"Arun Jaitley Stadium, Delhi",4.0,200.0
N Wadhera,"Bharat Ratna Shri Atal Bihari Vajpayee Ekana Cricket Stadium, Lucknow",35.0,121.39837398373983
N Wadhera,"Eden Gardens, Kolkata",3.0,100.0
N Wadhera,"Himachal Pradesh Cricket Association Stadium, Dharamsala",16.0,177.77777777777777
N Wadhera,"M Chinnaswamy Stadium, Bengaluru",27.0,167.6113360323887
N Wadhera,"MA Chidambaram Stadium, Chepauk, Chennai",30.666666666666668,161.27450980392157
N Wadhera,"Maharaja Yadavindra Singh International Cricket Stadium, Mullanpur",18.8,116.91056910569105
N Wadhera,"Narendra Modi Stadium, Ahmedabad",26.75,143.16502463054186
N Wadhera,"Rajiv Gandhi International Stadium, Uppal, Hyderabad",27.0,122.72727272727272
N Wadhera,"Sawai Mansingh Stadium, Jaipur",34.25,148.33896396396395
N Wadhera,"Wankhede Stadium, Mumbai",13.333333333333334,101.62337662337661
NLTC Perera,Dr. Y.S. Rajasekhara Reddy ACA-VDCA Cricket Stadium,20.0,147.52747252747253
NLTC Perera,Eden Gardens,24.5,131.0909090909091
NLTC Perera,Feroz Shah Kotla,7.5,160.7142857142857
NLTC Perera,M Chinnaswamy Stadium,27.0,174.45652173913044
NLTC Perera,Maharashtra Cricket Association Stadium,12.0,140.11752136752136
NLTC Perera,Nehru Stadium,22.0,95.65217391304348
NLTC Perera,"Punjab Cricket Association IS Bindra Stadium, Mohali",8.0,88.88888888888889
NLTC Perera,"Punjab Cricket Association Stadium, Mohali",32.0,168.42105263157893
NLTC Perera,"Rajiv Gandhi International Stadium, Uppal",17.666666666666668,137.24164724164726
NLTC Perera,Sawai Mansingh Stadium,2.5,62.5
NLTC Perera,Subrata Roy Sahara Stadium,0.0,0.0
NLTC Perera,Wankhede Stadium,3.0,60.0
NV Ojha,Brabourne Stadium,10.0,116.66666666666666
NV Ojha,De Beers Diamond Oval,8.0,57.14285714285714
NV Ojha,Dr DY Patil Sports Academy,11.0,122.22222222222224
NV Ojha,Dr. Y.S. Rajasekhara Reddy ACA-VDCA Cricket Stadium,15.5,141.41129032258064
NV Ojha,Dubai International Cricket Stadium,10.0,250.0
NV Ojha,Eden Gardens,13.166666666666666,75.81027667984189
NV Ojha,Feroz Shah Kotla,11.8,117.62299590407576
NV Ojha,Himachal Pradesh Cricket Association Stadium,16.5,91.66666666666667
NV Ojha,JSCA International Stadium Complex,19.0,105.55555555555556
NV Ojha,Kingsmead,30.333333333333332,113.88888888888887
NV Ojha,M Chinnaswamy Stadium,14.5,104.52926702926703
NV Ojha,"MA Chidambaram Stadium, Chepauk",28.8,131.25637325637325
NV Ojha,Nehru Stadium,0.0,0.0
NV Ojha,OUTsurance Oval,9.0,52.94117647058824
NV Ojha,"Punjab Cricket Association Stadium, Mohali",20.5,126.06837606837607
NV Ojha,Rajiv Gandhi International Stadium,1.0,25.0
NV Ojha,"Rajiv Gandhi International Stadium, Uppal",20.11764705882353,115.60224089635854
NV Ojha,"Sardar Patel Stadium, Motera",32.4,131.30410058760347
NV Ojha,Sawai Mansingh Stadium,12.4,112.67267267267266
NV Ojha,Shaheed Veer Narayan Singh International Stadium,16.0,114.28571428571428
NV Ojha,St George's Park,0.0,0.0
NV Ojha,Subrata Roy Sahara Stadium,28.0,100.0
NV Ojha,SuperSport Park,52.0,136.8421052631579
NV Ojha,"Vidarbha Cricket Association Stadium, Jamtha",1.0,20.0
NV Ojha,Wankhede Stadium,8.0,75.23809523809524
Nithish Kumar Reddy,"Arun Jaitley Stadium, Delhi",37.0,137.03703703703704
Nithish Kumar Reddy,"Bharat Ratna Shri Atal Bihari Vajpayee Ekana Cricket Stadium, Lucknow",4.5,153.57142857142856
Nithish Kumar Reddy,"Dr. Y.S. Rajasekhara Reddy ACA-VDCA Cricket Stadium, Visakhapatnam",0.0,0.0
Nithish Kumar Reddy,"Eden Gardens, Kolkata",19.0,126.66666666666666
Nithish Kumar Reddy,"MA Chidambaram Stadium, Chepauk, Chennai",13.0,109.58333333333333
Nithish Kumar Reddy,"Maharaja Yadavindra Singh International Cricket Stadium, Mullanpur",64.0,172.97297297297297
Nithish Kumar Reddy,"Narendra Modi Stadium, Ahmedabad",15.0,150.0
Nithish Kumar Reddy,"Rajiv Gandhi International Stadium, Uppal, Hyderabad",29.375,130.34348739495798
Nithish Kumar Reddy,"Wankhede Stadium, Mumbai",19.5,111.9047619047619
OA Shah,Brabourne Stadium,31.0,134.7826086956522
OA Shah,Dr DY Patil Sports Academy,58.0,126.08695652173914
OA Shah,Eden Gardens,15.5,92.00757575757575
OA Shah,Feroz Shah Kotla,1.0,100.0
OA Shah,Holkar Cricket Stadium,23.0,191.66666666666669
OA Shah,M Chinnaswamy Stadium,60.0,230.7692307692308
OA Shah,"MA Chidambaram Stadium, Chepauk",27.5,110.46511627906976
OA Shah,"Rajiv Gandhi International Stadium, Uppal",28.0,90.32258064516128
OA Shah,"Sardar Patel Stadium, Motera",19.0,111.76470588235294
OA Shah,Sawai Mansingh Stadium,12.714285714285714,115.6926406926407
OA Shah,Subrata Roy Sahara Stadium,4.0,57.14285714285714
OA Shah,Wankhede Stadium,76.0,180.95238095238096
P Kumar,Brabourne Stadium,1.0,50.0
P Kumar,Dr DY Patil Sports Academy,2.0,55.0
P Kumar,Dr. Y.S. Rajasekhara Reddy ACA-VDCA Cricket Stadium,1.0,100.0
P Kumar,Eden Gardens,4.2,87.0
P Kumar,Feroz Shah Kotla,7.0,140.0
P Kumar,Green Park,1.0,50.0
P Kumar,Himachal Pradesh Cricket Association Stadium,1.0,50.0
P Kumar,Kingsmead,11.333333333333334,171.42857142857142
P Kumar,M Chinnaswamy Stadium,8.454545454545455,86.84966548602912
P Kumar,"MA Chidambaram Stadium, Chepauk",13.5,145.45454545454544
P Kumar,New Wanderers Stadium,2.0,66.66666666666666
P Kumar,Newlands,11.0,156.66666666666663
P Kumar,"Punjab Cricket Association Stadium, Mohali",3.142857142857143,67.82312925170068
P Kumar,"Rajiv Gandhi International Stadium, Uppal",5.0,91.66666666666666
P Kumar,Saurashtra Cricket Association Stadium,8.0,107.69230769230768
P Kumar,Sawai Mansingh Stadium,8.333333333333334,126.98412698412699
P Kumar,St George's Park,0.0,0.0
P Kumar,Subrata Roy Sahara Stadium,1.0,50.0
P Kumar,SuperSport Park,7.0,175.0
P Kumar,Wankhede Stadium,6.5,59.52380952380952
P Negi,Eden Gardens,10.75,101.8134278002699
P Negi,Feroz Shah Kotla,9.571428571428571,177.61904761904762
P Negi,JSCA International Stadium Complex,12.0,200.0
P Negi,M Chinnaswamy Stadium,16.2,133.84984199629508
P Negi,M.Chinnaswamy Stadium,3.6666666666666665,69.44444444444444
P Negi,"MA Chidambaram Stadium, Chepauk",14.75,149.36974789915965
P Negi,Maharashtra Cricket Association Stadium,3.0,42.85714285714285
P Negi,"Rajiv Gandhi International Stadium, Uppal",15.0,136.36363636363637
P Negi,Shaheed Veer Narayan Singh International Stadium,5.5,56.25
P Negi,Subrata Roy Sahara Stadium,14.0,127.27272727272728
P Negi,Wankhede Stadium,12.666666666666666,84.05797101449276
P Simran Singh,"Arun Jaitley Stadium, Delhi",103.0,158.46153846153845
P Simran Singh,"Barsapara Cricket Stadium, Guwahati",33.0,163.23529411764707
P Simran Singh,"Bharat Ratna Shri Atal Bihari Vajpayee Ekana Cricket Stadium, Lucknow",30.666666666666668,191.45658263305322
P Simran Singh,"Dr DY Patil Sports Academy, Mumbai",14.0,127.27272727272728
P Simran Singh,Dubai International Cricket Stadium,11.0,137.5
P Simran Singh,"Eden Gardens, Kolkata",49.666666666666664,197.6388888888889
P Simran Singh,"Himachal Pradesh Cricket Association Stadium, Dharamsala",33.5,145.16546246857078
P Simran Singh,"M Chinnaswamy Stadium, Bengaluru",19.0,145.75163398692808
P Simran Singh,"MA Chidambaram Stadium, Chepauk, Chennai",36.333333333333336,151.66666666666666
P Simran Singh,"Maharaja Yadavindra Singh International Cricket Stadium, Mullanpur",17.3,114.64040616246498
P Simran Singh,"Narendra Modi Stadium, Ahmedabad",15.166666666666666,94.69696969696969
P Simran Singh,"Punjab Cricket Association IS Bindra Stadium, Mohali, Chandigarh",17.4,108.56043956043956
P Simran Singh,Rajiv Gandhi International Stadium,16.0,94.11764705882352
P Simran Singh,"Rajiv Gandhi International Stadium, Uppal, Hyderabad",37.666666666666664,113.4621578099839
P Simran Singh,"Sawai Mansingh Stadium, Jaipur",20.666666666666668,148.9351851851852
P Simran Singh,Sheikh Zayed Stadium,4.0,57.14285714285714
P Simran Singh,"Wankhede Stadium, Mumbai",26.0,152.94117647058823
PA Patel,Arun Jaitley Stadium,22.5,135.0
PA Patel,Barabati Stadium,11.5,60.52631578947368
PA Patel,"Brabourne Stadium, Mumbai",8.0,66.66666666666666
PA Patel,Dr DY Patil Sports Academy,29.5,112.83891547049443
PA Patel,Dr. Y.S. Rajasekhara Reddy ACA-VDCA Cricket Stadium,7.0,45.88235294117647
PA Patel,Dubai International Cricket Stadium,29.5,77.61904761904762
PA Patel,Eden Gardens,14.833333333333334,75.29534981147884
PA Patel,Feroz Shah Kotla,20.25,101.47123497611614
PA Patel,Holkar Cricket Stadium,24.5,134.34343434343435
PA Patel,JSCA International Stadium Complex,10.0,71.42857142857143
PA Patel,Kingsmead,16.0,81.93236714975846
PA Patel,M Chinnaswamy Stadium,11.5,100.0059640365368
PA Patel,M.Chinnaswamy Stadium,21.25,108.5966932841933
PA Patel,MA Chidambaram Stadium,29.0,82.85714285714286
PA Patel,"MA Chidambaram Stadium, Chepauk",24.7,94.55081436762471
PA Patel,Maharashtra Cricket Association Stadium,26.25,134.57897793263646
PA Patel,Nehru Stadium,11.4,64.07051282051282
PA Patel,New Wanderers Stadium,36.0,133.33333333333331
PA Patel,Newlands,0.0,0.0
PA Patel,Punjab Cricket Association IS Bindra Stadium,19.0,211.11111111111111
PA Patel,"Punjab Cricket Association IS Bindra Stadium, Mohali",81.0,142.10526315789474
PA Patel,"Punjab Cricket Association Stadium, Mohali",38.25,139.0440307328605
PA Patel,Rajiv Gandhi International Stadium,15.5,145.67307692307693
PA Patel,"Rajiv Gandhi International Stadium, Uppal",18.866666666666667,102.96840645860253
PA Patel,"Sardar Patel Stadium, Motera",16.0,145.45454545454547
PA Patel,Saurashtra Cricket Association Stadium,70.0,159.0909090909091
PA Patel,Sawai Mansingh Stadium,33.0,104.69012605042016
PA Patel,Sharjah Cricket Stadium,29.0,121.33458646616542
PA Patel,Sheikh Zayed Stadium,1.0,100.0
PA Patel,St George's Park,15.0,57.69230769230768
PA Patel,Subrata Roy Sahara Stadium,24.0,133.33333333333331
PA Patel,SuperSport Park,14.0,79.42583732057417
PA Patel,Wankhede Stadium,21.583333333333332,107.32198514810909
PC Valthaty,Dr DY Patil Sports Academy,6.0,100.0
PC Valthaty,Eden Gardens,7.0,87.5
PC Valthaty,Feroz Shah Kotla,14.0,140.0
PC Valthaty,Himachal Pradesh Cricket Association Stadium,22.25,86.24509803921569
PC Valthaty,Holkar Cricket Stadium,17.0,170.0
PC Valthaty,M Chinnaswamy Stadium,21.0,131.25
PC Valthaty,Newlands,5.0,71.42857142857143
PC Valthaty,"Punjab Cricket Association Stadium, Mohali",31.0,100.52033352525963
PC Valthaty,"Rajiv Gandhi International Stadium, Uppal",40.5,100.98039215686276
PC Valthaty,Sawai Mansingh Stadium,13.0,86.66666666666667
PC Valthaty,Subrata Roy Sahara Stadium,1.0,20.0
PC Valthaty,SuperSport Park,1.0,20.0
PC Valthaty,Wankhede Stadium,33.0,86.8421052631579
PD Salt,"Arun Jaitley Stadium, Delhi",35.0,140.42016806722688
PD Salt,"Bharat Ratna Shri Atal Bihari Vajpayee Ekana Cricket Stadium, Lucknow",41.333333333333336,195.4887218045113
PD Salt,"Dr. Y.S. Rajasekhara Reddy ACA-VDCA Cricket Stadium, Visakhapatnam",18.0,150.0
PD Salt,"Eden Gardens, Kolkata",50.75,184.01150596715112
PD Salt,"Himachal Pradesh Cricket Association Stadium, Dharamsala",26.0,185.7142857142857
PD Salt,"M Chinnaswamy Stadium, Bengaluru",22.2,140.39715719063545
PD Salt,"MA Chidambaram Stadium, Chepauk, Chennai",16.333333333333332,118.18181818181817
PD Salt,"Maharaja Yadavindra Singh International Cricket Stadium, Mullanpur",28.5,120.37037037037035
PD Salt,"Narendra Modi Stadium, Ahmedabad",8.0,88.88888888888889
PD Salt,"Rajiv Gandhi International Stadium, Uppal, Hyderabad",0.0,0.0
PD Salt,"Sawai Mansingh Stadium, Jaipur",65.0,196.96969696969697
PD Salt,"Wankhede Stadium, Mumbai",4.5,183.33333333333334
PJ Cummins,"Arun Jaitley Stadium, Delhi",1.0,100.0
PJ Cummins,"Bharat Ratna Shri Atal Bihari Vajpayee Ekana Cricket Stadium, Lucknow",13.0,216.66666666666663
PJ Cummins,"Brabourne Stadium, Mumbai",2.3333333333333335,77.77777777777777
PJ Cummins,"Dr DY Patil Sports Academy, Mumbai",0.0,0.0
PJ Cummins,"Dr. Y.S. Rajasekhara Reddy ACA-VDCA Cricket Stadium, Visakhapatnam",2.0,28.57142857142857
PJ Cummins,Dubai International Cricket Stadium,13.5,128.1818181818182
PJ Cummins,"Eden Gardens, Kolkata",7.0,46.66666666666666
PJ Cummins,Feroz Shah Kotla,8.6,158.33333333333331
PJ Cummins,Green Park,24.0,184.6153846153846
PJ Cummins,M.Chinnaswamy Stadium,6.0,100.0
PJ Cummins,"MA Chidambaram Stadium, Chepauk",0.0,0.0
PJ Cummins,"MA Chidambaram Stadium, Chepauk, Chennai",8.0,119.54887218045113
PJ Cummins,"Maharaja Yadavindra Singh International Cricket Stadium, Mullanpur",3.0,75.0
PJ Cummins,"Maharashtra Cricket Association Stadium, Pune",56.0,400.0
PJ Cummins,"Narendra Modi Stadium, Ahmedabad",15.5,124.90384615384616
PJ Cummins,"Rajiv Gandhi International Stadium, Uppal, Hyderabad",14.4,190.22222222222223
PJ Cummins,Sharjah Cricket Stadium,2.3333333333333335,56.944444444444436
PJ Cummins,Sheikh Zayed Stadium,22.4,151.9281045751634
PJ Cummins,Wankhede Stadium,4.0,80.0
PJ Cummins,"Wankhede Stadium, Mumbai",29.75,194.88357843137257
PP Chawla,Arun Jaitley Stadium,7.0,145.0
PP Chawla,"Arun Jaitley Stadium, Delhi",10.0,250.0
PP Chawla,Barabati Stadium,9.0,69.23076923076923
PP Chawla,Brabourne Stadium,11.0,91.66666666666664
PP Chawla,De Beers Diamond Oval,8.0,133.33333333333331
PP Chawla,Dr DY Patil Sports Academy,15.0,53.57142857142857
PP Chawla,Eden Gardens,9.384615384615385,106.05872647370622
PP Chawla,"Eden Gardens, Kolkata",1.0,50.0
PP Chawla,Feroz Shah Kotla,7.666666666666667,132.6984126984127
PP Chawla,Green Park,11.0,68.75
PP Chawla,Himachal Pradesh Cricket Association Stadium,4.0,96.42857142857142
PP Chawla,JSCA International Stadium Complex,1.0,50.0
PP Chawla,Kingsmead,3.2,62.142857142857146
PP Chawla,M Chinnaswamy Stadium,6.5,169.16666666666669
PP Chawla,MA Chidambaram Stadium,8.0,61.53846153846154
PP Chawla,"MA Chidambaram Stadium, Chepauk",6.25,78.33333333333333
PP Chawla,"MA Chidambaram Stadium, Chepauk, Chennai",2.0,100.0
PP Chawla,Maharashtra Cricket Association Stadium,6.0,280.0
PP Chawla,"Narendra Modi Stadium, Ahmedabad",6.0,50.0
PP Chawla,New Wanderers Stadium,1.0,100.0
PP Chawla,Newlands,6.0,100.0
PP Chawla,"Punjab Cricket Association Stadium, Mohali",8.0,126.83597883597882
PP Chawla,Rajiv Gandhi International Stadium,4.0,50.0
PP Chawla,"Rajiv Gandhi International Stadium, Uppal",23.0,153.33333333333334
PP Chawla,Sawai Mansingh Stadium,12.75,127.36111111111111
PP Chawla,"Sawai Mansingh Stadium, Jaipur",1.0,100.0
PP Chawla,Sheikh Zayed Stadium,0.0,0.0
PP Chawla,Subrata Roy Sahara Stadium,16.0,200.0
PP Chawla,Wankhede Stadium,8.75,78.57142857142857
PP Chawla,"Wankhede Stadium, Mumbai",2.6666666666666665,44.44444444444445
PP Chawla,"Zayed Cricket Stadium, Abu Dhabi",0.0,0.0
PP Shaw,Arun Jaitley Stadium,26.0,131.5887445887446
PP Shaw,"Arun Jaitley Stadium, Delhi",11.166666666666666,161.42857142857142
PP Shaw,"Barsapara Cricket Stadium, Guwahati",0.0,0.0
PP Shaw,"Bharat Ratna Shri Atal Bihari Vajpayee Ekana Cricket Stadium, Lucknow",22.0,139.39393939393938
PP Shaw,"Brabourne Stadium, Mumbai",43.333333333333336,179.73180076628353
PP Shaw,"Dr DY Patil Sports Academy, Mumbai",61.0,179.41176470588235
PP Shaw,Dr. Y.S. Rajasekhara Reddy ACA-VDCA Cricket Stadium,30.5,115.35087719298245
PP Shaw,"Dr. Y.S. Rajasekhara Reddy ACA-VDCA Cricket Stadium, Visakhapatnam",26.5,151.05820105820106
PP Shaw,Dubai International Cricket Stadium,24.09090909090909,105.48692845165664
PP Shaw,Eden Gardens,14.0,200.0
PP Shaw,"Eden Gardens, Kolkata",13.0,185.7142857142857
PP Shaw,"Himachal Pradesh Cricket Association Stadium, Dharamsala",54.0,142.10526315789474
PP Shaw,"M Chinnaswamy Stadium, Bengaluru",0.0,0.0
PP Shaw,M.Chinnaswamy Stadium,28.0,127.27272727272728
PP Shaw,MA Chidambaram Stadium,4.0,80.0
PP Shaw,"MA Chidambaram Stadium, Chepauk, Chennai",30.0,137.94871794871796
PP Shaw,Maharashtra Cricket Association Stadium,9.0,180.0
PP Shaw,"Maharashtra Cricket Association Stadium, Pune",10.0,142.85714285714286
PP Shaw,"Narendra Modi Stadium, Ahmedabad",37.25,153.90151515151516
PP Shaw,Punjab Cricket Association IS Bindra Stadium,0.0,0.0
PP Shaw,Rajiv Gandhi International Stadium,34.5,130.2777777777778
PP Shaw,Sawai Mansingh Stadium,42.0,107.6923076923077
PP Shaw,Sharjah Cricket Stadium,21.8,117.33797909407667
PP Shaw,Sheikh Zayed Stadium,5.0,107.77777777777777
PP Shaw,Wankhede Stadium,7.0,140.0
PP Shaw,"Wankhede Stadium, Mumbai",28.22222222222222,113.76333235870185
PP Shaw,"Zayed Cricket Stadium, Abu Dhabi",10.0,83.33333333333334
Q de Kock,Arun Jaitley Stadium,35.0,129.62962962962962
Q de Kock,"Arun Jaitley Stadium, Delhi",32.25,123.73626373626374
Q de Kock,"Barsapara Cricket Stadium, Guwahati",97.0,159.01639344262296
Q de Kock,"Bharat Ratna Shri Atal Bihari Vajpayee Ekana Cricket Stadium, Lucknow",26.166666666666668,156.1956396656519
Q de Kock,"Brabourne Stadium, Mumbai",30.666666666666668,135.8903133903134
Q de Kock,"Dr DY Patil Sports Academy, Mumbai",56.0,110.4656862745098
Q de Kock,Dr. Y.S. Rajasekhara Reddy ACA-VDCA Cricket Stadium,21.0,83.92857142857143
Q de Kock,Dubai International Cricket Stadium,30.625,130.07634575569358
Q de Kock,Eden Gardens,7.0,90.0
Q de Kock,"Eden Gardens, Kolkata",10.666666666666666,102.67094017094018
Q de Kock,Feroz Shah Kotla,19.625,99.3190836940837
Q de Kock,M Chinnaswamy Stadium,61.0,162.89592760180994
Q de Kock,"M Chinnaswamy Stadium, Bengaluru",81.0,144.64285714285714
Q de Kock,M.Chinnaswamy Stadium,28.714285714285715,114.45597870520471
Q de Kock,MA Chidambaram Stadium,11.5,116.66666666666667
Q de Kock,"MA Chidambaram Stadium, Chepauk",4.0,133.33333333333331
Q de Kock,"MA Chidambaram Stadium, Chepauk, Chennai",11.666666666666666,66.98830409356725
Q de Kock,"Maharaja Yadavindra Singh International Cricket Stadium, Mullanpur",2.0,50.0
Q de Kock,Maharashtra Cricket Association Stadium,2.0,25.0
Q de Kock,"Maharashtra Cricket Association Stadium, Pune",35.666666666666664,135.5793724759242
Q de Kock,"Narendra Modi Stadium, Ahmedabad",70.0,170.73170731707316
Q de Kock,Punjab Cricket Association IS Bindra Stadium,60.0,153.84615384615387
Q de Kock,"Punjab Cricket Association IS Bindra Stadium, Mohali",52.0,173.33333333333334
Q de Kock,Rajiv Gandhi International Stadium,24.0,138.0718954248366
Q de Kock,"Rajiv Gandhi International Stadium, Uppal",22.0,70.96774193548387
Q de Kock,"Rajiv Gandhi International Stadium, Uppal, Hyderabad",15.5,96.31578947368422
Q de Kock,Saurashtra Cricket Association Stadium,46.0,102.2222222222222
Q de Kock,Sawai Mansingh Stadium,65.0,138.29787234042556
Q de Kock,"Sawai Mansingh Stadium, Jaipur",4.0,80.0
Q de Kock,Shaheed Veer Narayan Singh International Stadium,28.75,86.00418662088491
Q de Kock,Sharjah Cricket Stadium,34.6,132.12982212982212
Q de Kock,Sheikh Zayed Stadium,26.5,115.11230728335993
Q de Kock,Wankhede Stadium,36.75,131.95070864013942
Q de Kock,"Wankhede Stadium, Mumbai",16.0,104.20405982905984
Q de Kock,"Zayed Cricket Stadium, Abu Dhabi",41.0,112.02791461412151
R Ashwin,Arun Jaitley Stadium,11.0,100.0
R Ashwin,"Arun Jaitley Stadium, Delhi",7.5,126.19047619047618
R Ashwin,Barabati Stadium,11.0,275.0
R Ashwin,"Barsapara Cricket Stadium, Guwahati",14.0,73.68421052631578
R Ashwin,"Brabourne Stadium, Mumbai",17.333333333333332,138.9233954451346
R Ashwin,Dr DY Patil Sports Academy,6.0,120.0
R Ashwin,"Dr DY Patil Sports Academy, Mumbai",20.0,141.22807017543857
R Ashwin,Dr. Y.S. Rajasekhara Reddy ACA-VDCA Cricket Stadium,15.0,108.0
R Ashwin,Dubai International Cricket Stadium,6.8,95.17948717948717
R Ashwin,Eden Gardens,5.5,46.15384615384615
R Ashwin,"Eden Gardens, Kolkata",6.0,129.004329004329
R Ashwin,Feroz Shah Kotla,8.0,160.0
R Ashwin,Himachal Pradesh Cricket Association Stadium,0.0,0.0
R Ashwin,Holkar Cricket Stadium,22.5,102.27272727272727
R Ashwin,JSCA International Stadium Complex,7.5,93.75
R Ashwin,Kingsmead,8.0,53.333333333333336
R Ashwin,M Chinnaswamy Stadium,7.0,131.66666666666669
R Ashwin,"M Chinnaswamy Stadium, Bengaluru",12.0,200.0
R Ashwin,M.Chinnaswamy Stadium,19.5,228.57142857142856
R Ashwin,"MA Chidambaram Stadium, Chepauk",5.777777777777778,112.72079772079772
R Ashwin,"MA Chidambaram Stadium, Chepauk, Chennai",8.6,77.62987012987013
R Ashwin,Maharashtra Cricket Association Stadium,0.0,0.0
R Ashwin,"Maharashtra Cricket Association Stadium, Pune",17.0,188.88888888888889
R Ashwin,"Narendra Modi Stadium, Ahmedabad",8.0,200.0
R Ashwin,Punjab Cricket Association IS Bindra Stadium,8.5,156.8181818181818
R Ashwin,"Punjab Cricket Association IS Bindra Stadium, Mohali",1.0,50.0
R Ashwin,Rajiv Gandhi International Stadium,2.0,33.33333333333333
R Ashwin,"Rajiv Gandhi International Stadium, Uppal, Hyderabad",1.5,75.0
R Ashwin,Sawai Mansingh Stadium,0.0,0.0
R Ashwin,"Sawai Mansingh Stadium, Jaipur",8.75,108.99122807017544
R Ashwin,Sharjah Cricket Stadium,9.666666666666666,69.24603174603175
R Ashwin,Sheikh Zayed Stadium,7.5,103.84615384615384
R Ashwin,"Vidarbha Cricket Association Stadium, Jamtha",5.0,83.33333333333334
R Ashwin,Wankhede Stadium,7.0,61.51515151515152
R Ashwin,"Wankhede Stadium, Mumbai",13.0,141.34782608695653
R Ashwin,"Zayed Cricket Stadium, Abu Dhabi",6.0,100.0
R Bhatia,Dr DY Patil Sports Academy,5.0,72.91666666666666
R Bhatia,Dubai International Cricket Stadium,23.0,115.0
R Bhatia,Eden Gardens,4.5,101.59722222222221
R Bhatia,Feroz Shah Kotla,11.75,136.02564102564102
R Bhatia,JSCA International Stadium Complex,6.666666666666667,120.37037037037037
R Bhatia,Kingsmead,0.0,0.0
R Bhatia,M Chinnaswamy Stadium,8.666666666666666,270.23809523809524
R Bhatia,"MA Chidambaram Stadium, Chepauk",0.0,0.0
R Bhatia,Maharashtra Cricket Association Stadium,10.25,133.7566844919786
R Bhatia,Nehru Stadium,1.0,100.0
R Bhatia,New Wanderers Stadium,2.0,28.57142857142857
R Bhatia,OUTsurance Oval,0.0,0.0
R Bhatia,"Punjab Cricket Association Stadium, Mohali",16.5,189.99999999999997
R Bhatia,"Sardar Patel Stadium, Motera",5.333333333333333,266.6666666666667
R Bhatia,Saurashtra Cricket Association Stadium,0.0,0.0
R Bhatia,Sawai Mansingh Stadium,10.0,135.71428571428572
R Bhatia,Shaheed Veer Narayan Singh International Stadium,26.0,100.0
R Bhatia,Sheikh Zayed Stadium,4.0,133.33333333333331
R Bhatia,Subrata Roy Sahara Stadium,13.0,260.0
R Bhatia,SuperSport Park,3.0,114.28571428571428
R Bhatia,Wankhede Stadium,6.0,106.03174603174602
R Dhawan,Barabati Stadium,4.0,66.66666666666666
R Dhawan,"Brabourne Stadium, Mumbai",7.0,233.3333333333333
R Dhawan,"Dr DY Patil Sports Academy, Mumbai",4.0,30.76923076923077
R Dhawan,Dr. Y.S. Rajasekhara Reddy ACA-VDCA Cricket Stadium,11.0,275.0
R Dhawan,Dubai International Cricket Stadium,23.0,104.54545454545456
R Dhawan,Eden Gardens,7.0,131.11111111111111
R Dhawan,"Eden Gardens, Kolkata",19.0,172.72727272727272
R Dhawan,Feroz Shah Kotla,8.0,160.0
R Dhawan,Himachal Pradesh Cricket Association Stadium,14.0,93.33333333333331
R Dhawan,"Maharashtra Cricket Association Stadium, Pune",21.0,95.45454545454544
R Dhawan,"Punjab Cricket Association IS Bindra Stadium, Mohali, Chandigarh",1.0,100.0
R Dhawan,"Punjab Cricket Association Stadium, Mohali",11.0,111.80555555555556
R Dhawan,"Rajiv Gandhi International Stadium, Uppal",3.0,150.0
R Dhawan,Sawai Mansingh Stadium,0.0,0.0
R Dhawan,Sheikh Zayed Stadium,19.0,105.55555555555556
R Dhawan,Wankhede Stadium,6.0,100.0
R Dhawan,"Wankhede Stadium, Mumbai",5.0,250.0
R Dravid,Dr DY Patil Sports Academy,29.0,110.60606060606062
R Dravid,Eden Gardens,20.6,119.32489307489307
R Dravid,Feroz Shah Kotla,33.8,127.86083532021398
R Dravid,Holkar Cricket Stadium,1.0,25.0
R Dravid,Kingsmead,9.0,95.6043956043956
R Dravid,M Chinnaswamy Stadium,20.214285714285715,92.8439746827887
R Dravid,"MA Chidambaram Stadium, Chepauk",36.25,102.3620986856281
R Dravid,New Wanderers Stadium,30.333333333333332,97.93866264454499
R Dravid,Newlands,57.0,157.63888888888889
R Dravid,"Punjab Cricket Association Stadium, Mohali",21.75,100.22893772893774
R Dravid,"Rajiv Gandhi International Stadium, Uppal",30.75,110.0297619047619
R Dravid,Sawai Mansingh Stadium,30.625,112.40826056660529
R Dravid,St George's Park,15.0,97.22222222222223
R Dravid,Subrata Roy Sahara Stadium,34.0,101.1968085106383
R Dravid,SuperSport Park,6.0,55.55555555555555
R Dravid,"Vidarbha Cricket Association Stadium, Jamtha",49.0,140.0
R Dravid,Wankhede Stadium,20.5,92.83617424242424
R Parag,Arun Jaitley Stadium,50.0,102.04081632653062
R Parag,"Arun Jaitley Stadium, Delhi",13.0,123.7121212121212
R Parag,"Barsapara Cricket Stadium, Guwahati",27.4,134.0578049401579
R Parag,"Bharat Ratna Shri Atal Bihari Vajpayee Ekana Cricket Stadium, Lucknow",14.0,127.27272727272728
R Parag,"Brabourne Stadium, Mumbai",11.333333333333334,128.47222222222223
R Parag,"Dr DY Patil Sports Academy, Mumbai",8.75,129.375
R Parag,Dubai International Cricket Stadium,9.625,66.39022435897436
R Parag,Eden Gardens,47.0,151.61290322580646
R Parag,"Eden Gardens, Kolkata",44.333333333333336,197.36652236652233
R Parag,"Himachal Pradesh Cricket Association Stadium, Dharamsala",20.0,181.8181818181818
R Parag,"M Chinnaswamy Stadium, Bengaluru",22.0,220.00000000000003
R Parag,"MA Chidambaram Stadium, Chepauk, Chennai",26.5,97.14285714285714
R Parag,"Maharaja Yadavindra Singh International Cricket Stadium, Mullanpur",33.0,149.88888888888889
R Parag,"Maharashtra Cricket Association Stadium, Pune",34.0,156.98924731182794
R Parag,"Narendra Modi Stadium, Ahmedabad",20.5,123.90109890109889
R Parag,"Rajiv Gandhi International Stadium, Uppal, Hyderabad",29.333333333333332,159.0277777777778
R Parag,Sawai Mansingh Stadium,21.0,131.96496989600436
R Parag,"Sawai Mansingh Stadium, Jaipur",32.36363636363637,145.7110287831291
R Parag,Sharjah Cricket Stadium,3.0,75.0
R Parag,Sheikh Zayed Stadium,16.0,88.88888888888889
R Parag,"Wankhede Stadium, Mumbai",17.0,120.39684274059275
R Parag,"Zayed Cricket Stadium, Abu Dhabi",2.0,28.57142857142857
R Powell,"Arun Jaitley Stadium, Delhi",7.333333333333333,110.0
R Powell,"Barsapara Cricket Stadium, Guwahati",3.0,90.0
R Powell,"Bharat Ratna Shri Atal Bihari Vajpayee Ekana Cricket Stadium, Lucknow",1.0,33.33333333333333
R Powell,"Brabourne Stadium, Mumbai",25.0,108.25396825396825
R Powell,"Dr DY Patil Sports Academy, Mumbai",2.6666666666666665,32.22222222222222
R Powell,"Eden Gardens, Kolkata",26.0,200.0
R Powell,"MA Chidambaram Stadium, Chepauk, Chennai",6.0,50.0
R Powell,"Maharaja Yadavindra Singh International Cricket Stadium, Mullanpur",11.0,220.00000000000003
R Powell,"Maharashtra Cricket Association Stadium, Pune",20.0,166.66666666666669
R Powell,"Narendra Modi Stadium, Ahmedabad",16.0,200.0
R Powell,"Rajiv Gandhi International Stadium, Uppal, Hyderabad",27.0,180.0
R Powell,"Wankhede Stadium, Mumbai",29.4,147.87745098039215
R Sathish,Brabourne Stadium,17.0,152.22222222222223
R Sathish,"Brabourne Stadium, Mumbai",5.0,55.55555555555556
R Sathish,Dr DY Patil Sports Academy,3.0,60.0
R Sathish,Eden Gardens,11.0,100.0
R Sathish,Feroz Shah Kotla,7.0,87.30158730158729
R Sathish,Himachal Pradesh Cricket Association Stadium,22.0,169.23076923076923
R Sathish,M Chinnaswamy Stadium,12.0,200.0
R Sathish,"MA Chidambaram Stadium, Chepauk",7.333333333333333,55.23809523809524
R Sathish,Maharashtra Cricket Association Stadium,10.0,125.0
R Sathish,"Punjab Cricket Association Stadium, Mohali",16.8,134.640522875817
R Sathish,Sawai Mansingh Stadium,6.333333333333333,88.8888888888889
R Sathish,Wankhede Stadium,0.0,0.0
R Tewatia,Arun Jaitley Stadium,13.333333333333334,102.64550264550265
R Tewatia,"Arun Jaitley Stadium, Delhi",4.0,80.0
R Tewatia,"Bharat Ratna Shri Atal Bihari Vajpayee Ekana Cricket Stadium, Lucknow",10.666666666666666,75.0
R Tewatia,"Brabourne Stadium, Mumbai",19.666666666666668,226.77777777777774
R Tewatia,"Dr DY Patil Sports Academy, Mumbai",11.333333333333334,125.42735042735042
R Tewatia,Dubai International Cricket Stadium,14.333333333333334,93.26305381860938
R Tewatia,Eden Gardens,1.0,50.0
R Tewatia,"Eden Gardens, Kolkata",0.0,0.0
R Tewatia,"M Chinnaswamy Stadium, Bengaluru",19.5,123.33333333333334
R Tewatia,M.Chinnaswamy Stadium,7.0,97.22222222222221
R Tewatia,"MA Chidambaram Stadium, Chepauk, Chennai",4.5,57.272727272727266
R Tewatia,"Maharaja Yadavindra Singh International Cricket Stadium, Mullanpur",36.0,200.0
R Tewatia,"Maharaja Yadavindra Singh International Cricket Stadium, New Chandigarh",16.0,145.45454545454547
R Tewatia,Maharashtra Cricket Association Stadium,3.5,104.16666666666666
R Tewatia,"Maharashtra Cricket Association Stadium, Pune",14.0,118.45238095238095
R Tewatia,"Narendra Modi Stadium, Ahmedabad",12.642857142857142,198.7329931972789
R Tewatia,Punjab Cricket Association IS Bindra Stadium,9.0,128.57142857142858
R Tewatia,"Punjab Cricket Association IS Bindra Stadium, Mohali",15.0,187.5
R Tewatia,"Punjab Cricket Association IS Bindra Stadium, Mohali, Chandigarh",5.0,250.0
R Tewatia,"Punjab Cricket Association Stadium, Mohali",16.0,123.07692307692308
R Tewatia,"Sawai Mansingh Stadium, Jaipur",15.5,212.5
R Tewatia,Sharjah Cricket Stadium,31.4,121.84488938326535
R Tewatia,Sheikh Zayed Stadium,14.5,150.75757575757575
R Tewatia,Wankhede Stadium,9.0,225.0
R Tewatia,"Wankhede Stadium, Mumbai",19.3,120.05129141957786
R Tewatia,"Zayed Cricket Stadium, Abu Dhabi",9.0,60.0
R Vinay Kumar,Dr DY Patil Sports Academy,4.5,100.0
R Vinay Kumar,Eden Gardens,5.666666666666667,103.33333333333333
R Vinay Kumar,Feroz Shah Kotla,3.0,100.0
R Vinay Kumar,Green Park,1.0,100.0
R Vinay Kumar,Holkar Cricket Stadium,1.0,100.0
R Vinay Kumar,JSCA International Stadium Complex,14.0,107.6923076923077
R Vinay Kumar,Kingsmead,3.5,200.0
R Vinay Kumar,M Chinnaswamy Stadium,9.5,99.95035193564607
R Vinay Kumar,"MA Chidambaram Stadium, Chepauk",3.0,300.0
R Vinay Kumar,Nehru Stadium,14.5,108.4795321637427
R Vinay Kumar,New Wanderers Stadium,8.0,100.0
R Vinay Kumar,Newlands,8.0,400.0
R Vinay Kumar,"Punjab Cricket Association Stadium, Mohali",1.0,33.33333333333333
R Vinay Kumar,"Rajiv Gandhi International Stadium, Uppal",7.0,137.5
R Vinay Kumar,Sawai Mansingh Stadium,13.5,245.8333333333333
R Vinay Kumar,Sharjah Cricket Stadium,4.0,80.0
R Vinay Kumar,Sheikh Zayed Stadium,0.0,0.0
R Vinay Kumar,St George's Park,6.0,70.83333333333334
R Vinay Kumar,SuperSport Park,12.0,92.3076923076923
R Vinay Kumar,"Vidarbha Cricket Association Stadium, Jamtha",4.0,57.14285714285714
R Vinay Kumar,Wankhede Stadium,9.5,59.772727272727266
RA Jadeja,Arun Jaitley Stadium,27.0,150.0
RA Jadeja,"Arun Jaitley Stadium, Delhi",12.5,130.5952380952381
RA Jadeja,Barabati Stadium,17.0,212.5
RA Jadeja,"Barsapara Cricket Stadium, Guwahati",32.0,145.45454545454547
RA Jadeja,"Bharat Ratna Shri Atal Bihari Vajpayee Ekana Cricket Stadium, Lucknow",32.0,103.06818181818181
RA Jadeja,"Brabourne Stadium, Mumbai",8.5,94.44444444444444
RA Jadeja,De Beers Diamond Oval,23.0,118.55263157894737
RA Jadeja,Dr DY Patil Sports Academy,15.666666666666666,48.958333333333336
RA Jadeja,"Dr DY Patil Sports Academy, Mumbai",8.666666666666666,63.611111111111114
RA Jadeja,Dr. Y.S. Rajasekhara Reddy ACA-VDCA Cricket Stadium,48.0,165.51724137931035
RA Jadeja,"Dr. Y.S. Rajasekhara Reddy ACA-VDCA Cricket Stadium, Visakhapatnam",21.0,123.52941176470588
RA Jadeja,Dubai International Cricket Stadium,22.555555555555557,142.10791387261975
RA Jadeja,Eden Gardens,16.636363636363637,139.9327959622077
RA Jadeja,"Eden Gardens, Kolkata",18.5,207.5
RA Jadeja,Feroz Shah Kotla,16.6,128.70198514188286
RA Jadeja,Green Park,16.25,144.64285714285714
RA Jadeja,Himachal Pradesh Cricket Association Stadium,13.0,92.85714285714286
RA Jadeja,"Himachal Pradesh Cricket Association Stadium, Dharamsala",43.0,165.3846153846154
RA Jadeja,Holkar Cricket Stadium,17.0,94.44444444444444
RA Jadeja,JSCA International Stadium Complex,12.666666666666666,161.1111111111111
RA Jadeja,Kingsmead,29.666666666666668,168.31140350877192
RA Jadeja,M Chinnaswamy Stadium,9.285714285714286,90.41841617029588
RA Jadeja,"M Chinnaswamy Stadium, Bengaluru",43.0,162.34006734006735
RA Jadeja,M.Chinnaswamy Stadium,7.0,75.83333333333333
RA Jadeja,MA Chidambaram Stadium,12.5,178.45238095238093
RA Jadeja,"MA Chidambaram Stadium, Chepauk",11.4,125.00734722793545
RA Jadeja,"MA Chidambaram Stadium, Chepauk, Chennai",14.117647058823529,108.7173730487394
RA Jadeja,"Maharaja Yadavindra Singh International Cricket Stadium, Mullanpur",9.0,180.0
RA Jadeja,Maharashtra Cricket Association Stadium,7.0,119.44444444444444
RA Jadeja,"Maharashtra Cricket Association Stadium, Pune",8.666666666666666,114.44444444444441
RA Jadeja,"Narendra Modi Stadium, Ahmedabad",13.75,149.16666666666669
RA Jadeja,Nehru Stadium,20.2,137.95346320346317
RA Jadeja,Newlands,17.5,88.8053613053613
RA Jadeja,OUTsurance Oval,24.0,133.33333333333331
RA Jadeja,Punjab Cricket Association IS Bindra Stadium,19.0,146.15384615384613
RA Jadeja,"Punjab Cricket Association IS Bindra Stadium, Mohali",7.5,91.66666666666667
RA Jadeja,Rajiv Gandhi International Stadium,7.5,75.0
RA Jadeja,"Rajiv Gandhi International Stadium, Uppal",11.75,130.44871794871793
RA Jadeja,"Rajiv Gandhi International Stadium, Uppal, Hyderabad",31.0,134.7826086956522
RA Jadeja,Saurashtra Cricket Association Stadium,17.125,111.92349317349317
RA Jadeja,Sawai Mansingh Stadium,19.625,144.85366845206661
RA Jadeja,"Sawai Mansingh Stadium, Jaipur",23.0,153.33333333333334
RA Jadeja,Shaheed Veer Narayan Singh International Stadium,3.0,75.0
RA Jadeja,Sharjah Cricket Stadium,11.75,121.7948717948718
RA Jadeja,Sheikh Zayed Stadium,18.25,203.125
RA Jadeja,St George's Park,12.0,70.58823529411765
RA Jadeja,Subrata Roy Sahara Stadium,44.0,169.23076923076923
RA Jadeja,SuperSport Park,18.0,89.5104895104895
RA Jadeja,Wankhede Stadium,12.9,124.88661338661339
RA Jadeja,"Wankhede Stadium, Mumbai",28.857142857142858,210.34174781023518
RA Jadeja,"Zayed Cricket Stadium, Abu Dhabi",27.0,244.16666666666663
RA Tripathi,Arun Jaitley Stadium,9.0,112.5
RA Tripathi,"Arun Jaitley Stadium, Delhi",10.0,166.66666666666669
RA Tripathi,"Barsapara Cricket Stadium, Guwahati",23.0,121.05263157894736
RA Tripathi,"Bharat Ratna Shri Atal Bihari Vajpayee Ekana Cricket Stadium, Lucknow",21.5,86.46341463414635
RA Tripathi,"Brabourne Stadium, Mumbai",33.333333333333336,182.48248248248248
RA Tripathi,"Dr DY Patil Sports Academy, Mumbai",33.5,183.58225108225105
RA Tripathi,Dubai International Cricket Stadium,17.0,115.76168929110106
RA Tripathi,Eden Gardens,46.666666666666664,170.8974358974359
RA Tripathi,"Eden Gardens, Kolkata",14.5,162.5
RA Tripathi,Feroz Shah Kotla,7.0,116.66666666666669
RA Tripathi,Holkar Cricket Stadium,11.0,84.61538461538461
RA Tripathi,M Chinnaswamy Stadium,31.0,134.7826086956522
RA Tripathi,M.Chinnaswamy Stadium,14.0,350.0
RA Tripathi,MA Chidambaram Stadium,39.0,169.56521739130434
RA Tripathi,"MA Chidambaram Stadium, Chepauk, Chennai",19.22222222222222,125.5240736275219
RA Tripathi,"Maharaja Yadavindra Singh International Cricket Stadium, Mullanpur",11.0,78.57142857142857
RA Tripathi,Maharashtra Cricket Association Stadium,26.142857142857142,138.139567597983
RA Tripathi,"Maharashtra Cricket Association Stadium, Pune",3.0,25.0
RA Tripathi,"Narendra Modi Stadium, Ahmedabad",29.0,112.91360294117648
RA Tripathi,Punjab Cricket Association IS Bindra Stadium,50.0,111.11111111111111
RA Tripathi,Rajiv Gandhi International Stadium,17.0,113.33333333333331
RA Tripathi,"Rajiv Gandhi International Stadium, Uppal",2.0,31.25
RA Tripathi,"Rajiv Gandhi International Stadium, Uppal, Hyderabad",23.0,136.06987987502694
RA Tripathi,Saurashtra Cricket Association Stadium,33.0,194.1176470588236
RA Tripathi,Sawai Mansingh Stadium,19.333333333333332,103.81308083332073
RA Tripathi,"Sawai Mansingh Stadium, Jaipur",47.0,162.06896551724137
RA Tripathi,Sharjah Cricket Stadium,15.285714285714286,147.4025974025974
RA Tripathi,Sheikh Zayed Stadium,21.5,91.44744008714595
RA Tripathi,Wankhede Stadium,15.333333333333334,65.05376344086021
RA Tripathi,"Wankhede Stadium, Mumbai",35.666666666666664,137.990927990928
RA Tripathi,"Zayed Cricket Stadium, Abu Dhabi",59.5,158.40773809523807
RD Chahar,"Brabourne Stadium, Mumbai",12.0,126.78571428571428
RD Chahar,"Dr DY Patil Sports Academy, Mumbai",12.5,52.08333333333334
RD Chahar,Dubai International Cricket Stadium,0.0,0.0
RD Chahar,Eden Gardens,1.0,100.0
RD Chahar,"Himachal Pradesh Cricket Association Stadium, Dharamsala",10.5,130.0
RD Chahar,"MA Chidambaram Stadium, Chepauk, Chennai",7.0,107.14285714285714
RD Chahar,"Maharashtra Cricket Association Stadium, Pune",4.0,100.0
RD Chahar,"Punjab Cricket Association IS Bindra Stadium, Mohali, Chandigarh",0.0,0.0
RD Chahar,Rajiv Gandhi International Stadium,5.0,71.42857142857143
RD Chahar,"Rajiv Gandhi International Stadium, Uppal, Hyderabad",0.0,0.0
RD Chahar,Saurashtra Cricket Association Stadium,3.0,150.0
RD Chahar,Sheikh Zayed Stadium,2.0,50.0
RD Chahar,Wankhede Stadium,1.0,100.0
RD Chahar,"Wankhede Stadium, Mumbai",0.0,0.0
RD Gaikwad,"Arun Jaitley Stadium, Delhi",52.666666666666664,142.81818181818184
RD Gaikwad,"Barsapara Cricket Stadium, Guwahati",63.0,143.1818181818182
RD Gaikwad,"Bharat Ratna Shri Atal Bihari Vajpayee Ekana Cricket Stadium, Lucknow",17.0,130.76923076923077
RD Gaikwad,"Brabourne Stadium, Mumbai",1.3333333333333333,27.777777777777775
RD Gaikwad,"Dr DY Patil Sports Academy, Mumbai",18.5,89.36298076923077
RD Gaikwad,"Dr. Y.S. Rajasekhara Reddy ACA-VDCA Cricket Stadium, Visakhapatnam",1.0,50.0
RD Gaikwad,Dubai International Cricket Stadium,44.625,113.65712239497114
RD Gaikwad,"Eden Gardens, Kolkata",35.0,175.0
RD Gaikwad,"Himachal Pradesh Cricket Association Stadium, Dharamsala",32.0,152.38095238095238
RD Gaikwad,"M Chinnaswamy Stadium, Bengaluru",1.5,25.0
RD Gaikwad,"MA Chidambaram Stadium, Chepauk, Chennai",42.44444444444444,131.75036074632013
RD Gaikwad,"Maharaja Yadavindra Singh International Cricket Stadium, Mullanpur",1.0,33.33333333333333
RD Gaikwad,"Maharashtra Cricket Association Stadium, Pune",66.66666666666667,149.16889143147725
RD Gaikwad,"Narendra Modi Stadium, Ahmedabad",39.333333333333336,115.5
RD Gaikwad,"Rajiv Gandhi International Stadium, Uppal, Hyderabad",26.0,123.8095238095238
RD Gaikwad,"Sawai Mansingh Stadium, Jaipur",47.0,162.06896551724137
RD Gaikwad,Sharjah Cricket Stadium,20.75,67.60526315789473
RD Gaikwad,Sheikh Zayed Stadium,62.0,126.53061224489797
RD Gaikwad,"Wankhede Stadium, Mumbai",28.727272727272727,98.8841119198262
RD Gaikwad,"Zayed Cricket Stadium, Abu Dhabi",70.5,155.5952380952381
RG Sharma,Arun Jaitley Stadium,21.5,130.51948051948054
RG Sharma,"Arun Jaitley Stadium, Delhi",28.0,127.3832866479925
RG Sharma,Barabati Stadium,32.333333333333336,104.44444444444444
RG Sharma,"Bharat Ratna Shri Atal Bihari Vajpayee Ekana Cricket Stadium, Lucknow",20.5,114.0
RG Sharma,Brabourne Stadium,15.5,104.8076923076923
RG Sharma,"Brabourne Stadium, Mumbai",30.0,122.47023809523809
RG Sharma,Buffalo Park,21.0,105.0
RG Sharma,De Beers Diamond Oval,9.0,62.142857142857146
RG Sharma,Dr DY Patil Sports Academy,14.4,73.80952380952381
RG Sharma,"Dr DY Patil Sports Academy, Mumbai",3.5,68.33333333333333
RG Sharma,Dr. Y.S. Rajasekhara Reddy ACA-VDCA Cricket Stadium,31.0,130.69642857142858
RG Sharma,Dubai International Cricket Stadium,22.875,84.31797651309846
RG Sharma,Eden Gardens,35.84615384615385,107.15976331360947
RG Sharma,"Eden Gardens, Kolkata",19.0,82.6086956521739
RG Sharma,Feroz Shah Kotla,30.11111111111111,139.65008613264428
RG Sharma,Green Park,30.0,176.47058823529412
RG Sharma,Himachal Pradesh Cricket Association Stadium,46.5,139.4736842105263
RG Sharma,Holkar Cricket Stadium,24.0,160.0
RG Sharma,Kingsmead,9.0,80.15037593984962
RG Sharma,M Chinnaswamy Stadium,20.666666666666668,110.87289479737993
RG Sharma,"M Chinnaswamy Stadium, Bengaluru",1.0,10.0
RG Sharma,M.Chinnaswamy Stadium,24.0,72.72727272727273
RG Sharma,MA Chidambaram Stadium,35.5,169.79166666666666
RG Sharma,"MA Chidambaram Stadium, Chepauk",13.5,99.14834620716975
RG Sharma,"MA Chidambaram Stadium, Chepauk, Chennai",23.555555555555557,100.18633270022158
RG Sharma,"Maharaja Yadavindra Singh International Cricket Stadium, Mullanpur",36.0,144.0
RG Sharma,"Maharaja Yadavindra Singh International Cricket Stadium, New Chandigarh",81.0,162.0
RG Sharma,Maharashtra Cricket Association Stadium,48.0,118.07359307359307
RG Sharma,"Maharashtra Cricket Association Stadium, Pune",19.0,121.01307189542483
RG Sharma,"Narendra Modi Stadium, Ahmedabad",13.8,120.3694581280788
RG Sharma,New Wanderers Stadium,32.666666666666664,179.67149758454104
RG Sharma,Newlands,44.0,142.91666666666669
RG Sharma,Punjab Cricket Association IS Bindra Stadium,32.0,177.77777777777777
RG Sharma,"Punjab Cricket Association IS Bindra Stadium, Mohali",0.0,0.0
RG Sharma,"Punjab Cricket Association IS Bindra Stadium, Mohali, Chandigarh",0.0,0.0
RG Sharma,"Punjab Cricket Association Stadium, Mohali",29.8,135.5197956577267
RG Sharma,Rajiv Gandhi International Stadium,12.333333333333334,98.57142857142857
RG Sharma,"Rajiv Gandhi International Stadium, Uppal",33.0,152.01062009885538
RG Sharma,"Rajiv Gandhi International Stadium, Uppal, Hyderabad",41.333333333333336,174.79871175523348
RG Sharma,"Sardar Patel Stadium, Motera",29.666666666666668,116.84210526315788
RG Sharma,Saurashtra Cricket Association Stadium,5.0,38.46153846153847
RG Sharma,Sawai Mansingh Stadium,5.0,44.31818181818182
RG Sharma,"Sawai Mansingh Stadium, Jaipur",27.666666666666668,127.16931216931216
RG Sharma,Sharjah Cricket Stadium,8.6,99.27472527472528
RG Sharma,Sheikh Zayed Stadium,37.714285714285715,121.39521509086727
RG Sharma,St George's Park,38.0,118.75
RG Sharma,Subrata Roy Sahara Stadium,20.0,75.1219512195122
RG Sharma,SuperSport Park,18.0,84.00252525252526
RG Sharma,"Vidarbha Cricket Association Stadium, Jamtha",44.0,110.85858585858585
RG Sharma,Wankhede Stadium,28.883333333333333,114.27768834462627
RG Sharma,"Wankhede Stadium, Mumbai",28.72,131.07676618797163
RG Sharma,"Zayed Cricket Stadium, Abu Dhabi",19.666666666666668,109.48717948717949
RJ Harris,Brabourne Stadium,13.0,130.0
RJ Harris,Buffalo Park,1.0,25.0
RJ Harris,Dr DY Patil Sports Academy,9.0,108.75
RJ Harris,Feroz Shah Kotla,1.0,100.0
RJ Harris,Himachal Pradesh Cricket Association Stadium,5.666666666666667,116.66666666666667
RJ Harris,M Chinnaswamy Stadium,17.0,70.83333333333334
RJ Harris,New Wanderers Stadium,5.5,140.0
RJ Harris,"Punjab Cricket Association Stadium, Mohali",3.25,77.5
RJ Harris,Sawai Mansingh Stadium,2.0,66.66666666666666
RJ Harris,SuperSport Park,4.5,129.16666666666666
RJ Harris,"Vidarbha Cricket Association Stadium, Jamtha",7.0,97.22222222222221
RJ Harris,Wankhede Stadium,1.0,50.0
RK Singh,"Arun Jaitley Stadium, Delhi",17.0,123.0
RK Singh,"Bharat Ratna Shri Atal Bihari Vajpayee Ekana Cricket Stadium, Lucknow",16.0,145.45454545454547
RK Singh,"Dr DY Patil Sports Academy, Mumbai",32.666666666666664,170.906432748538
RK Singh,"Dr. Y.S. Rajasekhara Reddy ACA-VDCA Cricket Stadium, Visakhapatnam",26.0,371.4285714285714
RK Singh,Dubai International Cricket Stadium,11.0,100.0
RK Singh,Eden Gardens,7.5,113.88888888888889
RK Singh,"Eden Gardens, Kolkata",26.842105263157894,166.63851423164314
RK Singh,"M Chinnaswamy Stadium, Bengaluru",11.5,140.0
RK Singh,MA Chidambaram Stadium,2.0,50.0
RK Singh,"MA Chidambaram Stadium, Chepauk, Chennai",26.0,111.38861138861141
RK Singh,"Maharaja Yadavindra Singh International Cricket Stadium, Mullanpur",2.0,22.22222222222222
RK Singh,"Maharashtra Cricket Association Stadium, Pune",5.5,71.66666666666667
RK Singh,"Narendra Modi Stadium, Ahmedabad",48.0,228.57142857142856
RK Singh,"Punjab Cricket Association IS Bindra Stadium, Mohali, Chandigarh",4.0,100.0
RK Singh,Rajiv Gandhi International Stadium,30.0,120.0
RK Singh,"Rajiv Gandhi International Stadium, Uppal, Hyderabad",46.0,131.42857142857142
RK Singh,Wankhede Stadium,4.0,66.66666666666666
RK Singh,"Wankhede Stadium, Mumbai",21.8,132.05745341614906
RM Patidar,"Arun Jaitley Stadium, Delhi",6.0,100.0
RM Patidar,"Bharat Ratna Shri Atal Bihari Vajpayee Ekana Cricket Stadium, Lucknow",16.0,156.25
RM Patidar,"Brabourne Stadium, Mumbai",39.0,143.1547619047619
RM Patidar,"Eden Gardens, Kolkata",66.0,216.63590374624013
RM Patidar,"Himachal Pradesh Cricket Association Stadium, Dharamsala",55.0,239.1304347826087
RM Patidar,"M Chinnaswamy Stadium, Bengaluru",18.833333333333332,111.9719059121233
RM Patidar,"MA Chidambaram Stadium, Chepauk, Chennai",15.0,77.34375
RM Patidar,"Maharaja Yadavindra Singh International Cricket Stadium, Mullanpur",13.5,139.90384615384616
RM Patidar,"Maharashtra Cricket Association Stadium, Pune",18.5,120.0
RM Patidar,"Narendra Modi Stadium, Ahmedabad",36.0,139.87662337662337
RM Patidar,"Rajiv Gandhi International Stadium, Uppal, Hyderabad",50.0,250.0
RM Patidar,"Wankhede Stadium, Mumbai",54.0,172.8744939271255
RN ten Doeschate,Eden Gardens,9.571428571428571,135.17006802721087
RN ten Doeschate,Feroz Shah Kotla,11.0,154.16666666666666
RN ten Doeschate,JSCA International Stadium Complex,26.5,148.57142857142856
RN ten Doeschate,M Chinnaswamy Stadium,6.333333333333333,126.58730158730157
RN ten Doeschate,"MA Chidambaram Stadium, Chepauk",38.0,135.71428571428572
RN ten Doeschate,Maharashtra Cricket Association Stadium,0.0,0.0
RN ten Doeschate,"Rajiv Gandhi International Stadium, Uppal",13.0,93.33333333333334
RN ten Doeschate,"Sardar Patel Stadium, Motera",0.0,0.0
RN ten Doeschate,Subrata Roy Sahara Stadium,31.0,147.61904761904762
RN ten Doeschate,Wankhede Stadium,70.0,142.85714285714286
RP Singh,Barabati Stadium,4.0,200.0
RP Singh,Buffalo Park,2.0,33.33333333333333
RP Singh,Dr DY Patil Sports Academy,0.3333333333333333,6.666666666666667
RP Singh,Eden Gardens,1.0,50.0
RP Singh,Feroz Shah Kotla,1.0,75.0
RP Singh,Kingsmead,2.0,50.0
RP Singh,M Chinnaswamy Stadium,1.0,100.0
RP Singh,Nehru Stadium,0.5,50.0
RP Singh,New Wanderers Stadium,0.0,0.0
RP Singh,"Rajiv Gandhi International Stadium, Uppal",3.8333333333333335,122.22222222222221
RP Singh,"Sardar Patel Stadium, Motera",1.0,25.0
RP Singh,Sawai Mansingh Stadium,1.5,83.33333333333333
RP Singh,SuperSport Park,2.0,50.0
RP Singh,"Vidarbha Cricket Association Stadium, Jamtha",3.0,60.0
RP Singh,Wankhede Stadium,1.3333333333333333,53.333333333333336
RR Pant,Arun Jaitley Stadium,34.57142857142857,122.23592375874705
RR Pant,"Arun Jaitley Stadium, Delhi",41.8,148.3719807413065
RR Pant,"Bharat Ratna Shri Atal Bihari Vajpayee Ekana Cricket Stadium, Lucknow",31.75,99.93925644028104
RR Pant,"Brabourne Stadium, Mumbai",18.0,143.67521367521368
RR Pant,"Dr DY Patil Sports Academy, Mumbai",20.0,214.39393939393938
RR Pant,Dr. Y.S. Rajasekhara Reddy ACA-VDCA Cricket Stadium,28.5,142.85130718954247
RR Pant,"Dr. Y.S. Rajasekhara Reddy ACA-VDCA Cricket Stadium, Visakhapatnam",35.333333333333336,126.45833333333333
RR Pant,Dubai International Cricket Stadium,29.0,117.67151076616271
RR Pant,Eden Gardens,31.666666666666668,154.59057071960297
RR Pant,"Eden Gardens, Kolkata",27.0,135.0
RR Pant,Feroz Shah Kotla,29.1,134.23951208390332
RR Pant,Green Park,4.0,200.0
RR Pant,"Himachal Pradesh Cricket Association Stadium, Dharamsala",18.0,105.88235294117648
RR Pant,M.Chinnaswamy Stadium,53.333333333333336,154.6626984126984
RR Pant,MA Chidambaram Stadium,5.0,166.66666666666669
RR Pant,"MA Chidambaram Stadium, Chepauk, Chennai",24.5,113.75
RR Pant,"Maharaja Yadavindra Singh International Cricket Stadium, Mullanpur",18.0,138.46153846153845
RR Pant,Maharashtra Cricket Association Stadium,55.0,158.2323232323232
RR Pant,"Maharashtra Cricket Association Stadium, Pune",43.0,148.27586206896552
RR Pant,"Narendra Modi Stadium, Ahmedabad",24.0,172.04545454545456
RR Pant,Punjab Cricket Association IS Bindra Stadium,33.5,182.69230769230768
RR Pant,"Punjab Cricket Association IS Bindra Stadium, Mohali",3.5,91.66666666666666
RR Pant,Rajiv Gandhi International Stadium,20.5,107.89473684210526
RR Pant,"Rajiv Gandhi International Stadium, Uppal",19.5,75.0
RR Pant,"Rajiv Gandhi International Stadium, Uppal, Hyderabad",15.0,100.0
RR Pant,Saurashtra Cricket Association Stadium,69.0,172.5
RR Pant,Sawai Mansingh Stadium,49.0,182.8571428571429
RR Pant,"Sawai Mansingh Stadium, Jaipur",15.5,70.51282051282051
RR Pant,Shaheed Veer Narayan Singh International Stadium,16.5,86.53846153846155
RR Pant,Sharjah Cricket Stadium,22.8,121.1200237670826
RR Pant,Sheikh Zayed Stadium,16.25,92.93821471240825
RR Pant,Wankhede Stadium,41.666666666666664,158.96296296296296
RR Pant,"Wankhede Stadium, Mumbai",24.9,130.58901515151516
RR Pant,"Zayed Cricket Stadium, Abu Dhabi",24.0,100.0
RR Rossouw,"Arun Jaitley Stadium, Delhi",10.0,66.66666666666667
RR Rossouw,"Barsapara Cricket Stadium, Guwahati",18.0,142.94871794871796
RR Rossouw,"Bharat Ratna Shri Atal Bihari Vajpayee Ekana Cricket Stadium, Lucknow",30.0,150.0
RR Rossouw,"Eden Gardens, Kolkata",26.0,162.5
RR Rossouw,"Himachal Pradesh Cricket Association Stadium, Dharamsala",47.666666666666664,149.18251584918252
RR Rossouw,M Chinnaswamy Stadium,7.25,60.35628019323672
RR Rossouw,"MA Chidambaram Stadium, Chepauk, Chennai",39.0,140.7755581668625
RR Rossouw,"Maharaja Yadavindra Singh International Cricket Stadium, Mullanpur",5.0,80.95238095238096
RR Rossouw,"Narendra Modi Stadium, Ahmedabad",8.0,133.33333333333331
RR Rossouw,"Rajiv Gandhi International Stadium, Uppal, Hyderabad",49.0,213.0434782608696
RR Rossouw,Wankhede Stadium,24.0,171.42857142857142
RS Bopara,Barabati Stadium,38.0,118.75
RS Bopara,Brabourne Stadium,9.0,83.33333333333334
RS Bopara,Dr. Y.S. Rajasekhara Reddy ACA-VDCA Cricket Stadium,22.0,102.57309941520468
RS Bopara,Kingsmead,35.0,95.07667473769169
RS Bopara,M Chinnaswamy Stadium,77.0,154.0
RS Bopara,"MA Chidambaram Stadium, Chepauk",11.5,79.58333333333333
RS Bopara,Newlands,16.5,105.41666666666666
RS Bopara,"Punjab Cricket Association Stadium, Mohali",24.6,68.01864801864802
RS Bopara,Sawai Mansingh Stadium,8.0,72.72727272727273
RS Bopara,Shaheed Veer Narayan Singh International Stadium,17.0,154.54545454545453
RS Bopara,Wankhede Stadium,23.0,85.18518518518519
RV Uthappa,Arun Jaitley Stadium,7.0,106.25
RV Uthappa,Barabati Stadium,50.666666666666664,157.0243482008188
RV Uthappa,Brabourne Stadium,18.5,164.16666666666669
RV Uthappa,"Brabourne Stadium, Mumbai",31.5,157.5925925925926
RV Uthappa,Dr DY Patil Sports Academy,20.545454545454547,133.84957944766555
RV Uthappa,"Dr DY Patil Sports Academy, Mumbai",33.25,108.98886827458256
RV Uthappa,Dr. Y.S. Rajasekhara Reddy ACA-VDCA Cricket Stadium,34.0,161.9047619047619
RV Uthappa,Dubai International Cricket Stadium,26.181818181818183,137.90323538660567
RV Uthappa,Eden Gardens,28.975,119.2819752858466
RV Uthappa,Feroz Shah Kotla,26.875,144.14837613367024
RV Uthappa,Green Park,25.0,131.57894736842107
RV Uthappa,Holkar Cricket Stadium,24.0,141.1764705882353
RV Uthappa,JSCA International Stadium Complex,36.0,121.36591478696741
RV Uthappa,Kingsmead,8.333333333333334,87.25490196078431
RV Uthappa,M Chinnaswamy Stadium,22.133333333333333,113.17634438145274
RV Uthappa,M.Chinnaswamy Stadium,34.5,151.71428571428572
RV Uthappa,MA Chidambaram Stadium,20.0,151.73611111111111
RV Uthappa,"MA Chidambaram Stadium, Chepauk",22.833333333333332,125.43254131489425
RV Uthappa,Maharashtra Cricket Association Stadium,30.5,118.06231003039514
RV Uthappa,"Maharashtra Cricket Association Stadium, Pune",2.0,31.666666666666664
RV Uthappa,New Wanderers Stadium,28.0,96.82539682539682
RV Uthappa,Newlands,7.5,46.578947368421055
RV Uthappa,Punjab Cricket Association IS Bindra Stadium,22.0,157.14285714285714
RV Uthappa,"Punjab Cricket Association IS Bindra Stadium, Mohali",26.5,94.64285714285714
RV Uthappa,"Punjab Cricket Association Stadium, Mohali",23.8,147.82456922162805
RV Uthappa,Rajiv Gandhi International Stadium,45.0,132.35294117647058
RV Uthappa,"Rajiv Gandhi International Stadium, Uppal",27.166666666666668,101.40613063407181
RV Uthappa,"Sardar Patel Stadium, Motera",65.0,125.0
RV Uthappa,Sawai Mansingh Stadium,28.285714285714285,122.21669155467065
RV Uthappa,Shaheed Veer Narayan Singh International Stadium,37.0,112.12121212121212
RV Uthappa,Sharjah Cricket Stadium,12.0,134.25925925925927
RV Uthappa,Sheikh Zayed Stadium,12.0,70.10059183972227
RV Uthappa,St George's Park,9.0,86.75438596491227
RV Uthappa,Subrata Roy Sahara Stadium,27.866666666666667,117.6616210060556
RV Uthappa,SuperSport Park,12.0,81.38888888888889
RV Uthappa,"Vidarbha Cricket Association Stadium, Jamtha",34.0,170.0
RV Uthappa,Wankhede Stadium,27.416666666666668,115.76701197193096
RV Uthappa,"Wankhede Stadium, Mumbai",10.0,54.76190476190476
Ramandeep Singh,"Arun Jaitley Stadium, Delhi",13.0,260.0
Ramandeep Singh,"Bharat Ratna Shri Atal Bihari Vajpayee Ekana Cricket Stadium, Lucknow",25.0,416.6666666666667
Ramandeep Singh,"Dr DY Patil Sports Academy, Mumbai",12.0,75.0
Ramandeep Singh,"Dr. Y.S. Rajasekhara Reddy ACA-VDCA Cricket Stadium, Visakhapatnam",2.0,100.0
Ramandeep Singh,"Eden Gardens, Kolkata",10.555555555555555,140.50925925925924
Ramandeep Singh,"MA Chidambaram Stadium, Chepauk, Chennai",13.0,108.33333333333331
Ramandeep Singh,"Maharaja Yadavindra Singh International Cricket Stadium, Mullanpur",0.0,0.0
Ramandeep Singh,"Maharashtra Cricket Association Stadium, Pune",6.0,50.0
Ramandeep Singh,"Wankhede Stadium, Mumbai",12.75,181.66666666666663
Rashid Khan,"Arun Jaitley Stadium, Delhi",10.5,105.0
Rashid Khan,"Bharat Ratna Shri Atal Bihari Vajpayee Ekana Cricket Stadium, Lucknow",2.0,100.0
Rashid Khan,"Brabourne Stadium, Mumbai",1.0,100.0
Rashid Khan,"Dr DY Patil Sports Academy, Mumbai",0.0,0.0
Rashid Khan,Dr. Y.S. Rajasekhara Reddy ACA-VDCA Cricket Stadium,0.0,0.0
Rashid Khan,Dubai International Cricket Stadium,10.0,110.11111111111111
Rashid Khan,Eden Gardens,34.0,340.0
Rashid Khan,"M Chinnaswamy Stadium, Bengaluru",18.0,128.57142857142858
Rashid Khan,M.Chinnaswamy Stadium,1.0,50.0
Rashid Khan,"MA Chidambaram Stadium, Chepauk, Chennai",9.6,90.0
Rashid Khan,"Maharaja Yadavindra Singh International Cricket Stadium, Mullanpur",3.0,100.0
Rashid Khan,"Maharaja Yadavindra Singh International Cricket Stadium, New Chandigarh",0.0,0.0
Rashid Khan,"Maharashtra Cricket Association Stadium, Pune",20.0,95.23809523809523
Rashid Khan,"Narendra Modi Stadium, Ahmedabad",6.428571428571429,142.55952380952382
Rashid Khan,Rajiv Gandhi International Stadium,4.25,86.97916666666666
Rashid Khan,"Rajiv Gandhi International Stadium, Uppal",4.5,337.5
Rashid Khan,Sawai Mansingh Stadium,9.0,122.91666666666666
Rashid Khan,"Sawai Mansingh Stadium, Jaipur",24.0,240.0
Rashid Khan,Sharjah Cricket Stadium,7.666666666666667,82.87545787545787
Rashid Khan,Sheikh Zayed Stadium,6.0,128.57142857142856
Rashid Khan,Wankhede Stadium,4.0,58.33333333333333
Rashid Khan,"Wankhede Stadium, Mumbai",32.75,228.00662878787878
Rashid Khan,"Zayed Cricket Stadium, Abu Dhabi",8.0,133.75
S Badrinath,"Brabourne Stadium, Mumbai",55.0,122.22222222222224
S Badrinath,De Beers Diamond Oval,59.0,143.90243902439025
S Badrinath,Dr DY Patil Sports Academy,30.0,165.17461197339247
S Badrinath,Dr. Y.S. Rajasekhara Reddy ACA-VDCA Cricket Stadium,25.0,125.0
S Badrinath,Eden Gardens,25.75,77.0410483825118
S Badrinath,Feroz Shah Kotla,12.333333333333334,115.69444444444444
S Badrinath,Himachal Pradesh Cricket Association Stadium,53.0,147.22222222222223
S Badrinath,Kingsmead,5.25,60.763888888888886
S Badrinath,M Chinnaswamy Stadium,26.0,100.95525389643034
S Badrinath,"MA Chidambaram Stadium, Chepauk",17.52,128.92469173852152
S Badrinath,Nehru Stadium,19.0,111.76470588235294
S Badrinath,New Wanderers Stadium,23.0,116.17647058823529
S Badrinath,Newlands,0.0,0.0
S Badrinath,"Punjab Cricket Association Stadium, Mohali",48.5,169.64285714285717
S Badrinath,"Sardar Patel Stadium, Motera",25.0,92.5925925925926
S Badrinath,Sawai Mansingh Stadium,15.0,107.14285714285714
S Badrinath,St George's Park,22.0,95.65217391304348
S Badrinath,Subrata Roy Sahara Stadium,34.0,109.6774193548387
S Badrinath,SuperSport Park,14.5,53.70370370370371
S Badrinath,"Vidarbha Cricket Association Stadium, Jamtha",6.0,100.0
S Badrinath,Wankhede Stadium,31.8,102.95454545454545
S Dhawan,Arun Jaitley Stadium,41.0,143.22303769644193
S Dhawan,"Arun Jaitley Stadium, Delhi",7.0,140.0
S Dhawan,Barabati Stadium,31.5,87.13151927437642
S Dhawan,"Barsapara Cricket Stadium, Guwahati",86.0,153.57142857142858
S Dhawan,"Bharat Ratna Shri Atal Bihari Vajpayee Ekana Cricket Stadium, Lucknow",70.0,140.0
S Dhawan,Brabourne Stadium,35.25,124.12545787545788
S Dhawan,"Brabourne Stadium, Mumbai",30.8,130.77272727272728
S Dhawan,Dr DY Patil Sports Academy,9.8,69.06666666666666
S Dhawan,"Dr DY Patil Sports Academy, Mumbai",33.0,116.16273338459415
S Dhawan,Dr. Y.S. Rajasekhara Reddy ACA-VDCA Cricket Stadium,32.666666666666664,121.01421528862414
S Dhawan,Dubai International Cricket Stadium,27.666666666666668,94.17387495204113
S Dhawan,Eden Gardens,28.0,113.04999221517576
S Dhawan,"Eden Gardens, Kolkata",57.0,123.91304347826086
S Dhawan,Feroz Shah Kotla,30.076923076923077,116.05124849695092
S Dhawan,Green Park,18.0,163.63636363636363
S Dhawan,Himachal Pradesh Cricket Association Stadium,95.0,166.66666666666669
S Dhawan,"Himachal Pradesh Cricket Association Stadium, Dharamsala",8.5,77.27272727272727
S Dhawan,JSCA International Stadium Complex,64.0,130.6122448979592
S Dhawan,Kingsmead,3.0,42.85714285714285
S Dhawan,M Chinnaswamy Stadium,31.857142857142858,110.52782989368356
S Dhawan,"M Chinnaswamy Stadium, Bengaluru",45.0,121.62162162162164
S Dhawan,M.Chinnaswamy Stadium,9.0,60.0
S Dhawan,MA Chidambaram Stadium,19.0,146.15384615384613
S Dhawan,"MA Chidambaram Stadium, Chepauk",29.833333333333332,113.26772343675657
S Dhawan,"MA Chidambaram Stadium, Chepauk, Chennai",33.666666666666664,131.26984126984124
S Dhawan,"Maharaja Yadavindra Singh International Cricket Stadium, Mullanpur",18.0,112.5
S Dhawan,Maharashtra Cricket Association Stadium,54.5,132.33638282899366
S Dhawan,"Maharashtra Cricket Association Stadium, Pune",37.5,86.66666666666666
S Dhawan,"Narendra Modi Stadium, Ahmedabad",30.5,95.09878419452887
S Dhawan,Nehru Stadium,4.0,44.44444444444444
S Dhawan,Newlands,22.0,104.76190476190476
S Dhawan,Punjab Cricket Association IS Bindra Stadium,15.0,60.0
S Dhawan,"Punjab Cricket Association IS Bindra Stadium, Mohali",51.0,139.73214285714286
S Dhawan,"Punjab Cricket Association IS Bindra Stadium, Mohali, Chandigarh",19.75,110.71428571428572
S Dhawan,"Punjab Cricket Association Stadium, Mohali",17.8,69.82857142857142
S Dhawan,Rajiv Gandhi International Stadium,33.857142857142854,118.80374011952959
S Dhawan,"Rajiv Gandhi International Stadium, Uppal",29.256410256410255,115.98418241828959
S Dhawan,"Rajiv Gandhi International Stadium, Uppal, Hyderabad",99.0,150.0
S Dhawan,"Sardar Patel Stadium, Motera",33.0,165.0
S Dhawan,Saurashtra Cricket Association Stadium,53.0,129.26829268292684
S Dhawan,Sawai Mansingh Stadium,23.0,114.18604651162791
S Dhawan,Shaheed Veer Narayan Singh International Stadium,11.5,127.5
S Dhawan,Sharjah Cricket Stadium,26.0,112.41780609237506
S Dhawan,Sheikh Zayed Stadium,46.5,124.17090391200963
S Dhawan,St George's Park,12.0,120.0
S Dhawan,Subrata Roy Sahara Stadium,16.0,145.45454545454547
S Dhawan,Wankhede Stadium,28.4,99.54978823741439
S Dhawan,"Wankhede Stadium, Mumbai",48.714285714285715,126.8397534183588
S Dhawan,"Zayed Cricket Stadium, Abu Dhabi",8.0,100.0
S Dube,Arun Jaitley Stadium,24.0,150.0
S Dube,"Arun Jaitley Stadium, Delhi",32.0,159.74089008363205
S Dube,"Barsapara Cricket Stadium, Guwahati",18.0,180.0
S Dube,"Bharat Ratna Shri Atal Bihari Vajpayee Ekana Cricket Stadium, Lucknow",23.0,78.47222222222223
S Dube,"Brabourne Stadium, Mumbai",53.0,179.9425287356322
S Dube,"Dr DY Patil Sports Academy, Mumbai",35.75,131.94998365478915
S Dube,"Dr. Y.S. Rajasekhara Reddy ACA-VDCA Cricket Stadium, Visakhapatnam",18.0,112.5
S Dube,Dubai International Cricket Stadium,15.8,141.26190476190476
S Dube,"Eden Gardens, Kolkata",47.5,175.29761904761904
S Dube,"Himachal Pradesh Cricket Association Stadium, Dharamsala",0.0,0.0
S Dube,"M Chinnaswamy Stadium, Bengaluru",22.333333333333332,213.08641975308637
S Dube,M.Chinnaswamy Stadium,9.0,180.0
S Dube,MA Chidambaram Stadium,2.0,40.0
S Dube,"MA Chidambaram Stadium, Chepauk, Chennai",24.7,138.34521993682304
S Dube,"Maharaja Yadavindra Singh International Cricket Stadium, Mullanpur",42.0,155.55555555555557
S Dube,"Maharashtra Cricket Association Stadium, Pune",19.0,111.76470588235294
S Dube,"Narendra Modi Stadium, Ahmedabad",22.25,157.99374236874237
S Dube,Rajiv Gandhi International Stadium,5.0,71.42857142857143
S Dube,"Rajiv Gandhi International Stadium, Uppal, Hyderabad",45.0,187.5
S Dube,"Sawai Mansingh Stadium, Jaipur",52.0,157.57575757575756
S Dube,Sharjah Cricket Stadium,14.666666666666666,82.85087719298245
S Dube,Sheikh Zayed Stadium,9.0,83.13908313908313
S Dube,"Wankhede Stadium, Mumbai",22.916666666666668,103.82502731186942
S Dube,"Zayed Cricket Stadium, Abu Dhabi",64.0,152.38095238095238
S Gopal,Arun Jaitley Stadium,12.0,66.66666666666666
S Gopal,"Brabourne Stadium, Mumbai",9.0,128.57142857142858
S Gopal,Dubai International Cricket Stadium,11.333333333333334,107.14285714285715
S Gopal,Eden Gardens,18.0,200.0
S Gopal,Holkar Cricket Stadium,24.0,150.0
S Gopal,MA Chidambaram Stadium,0.0,0.0
S Gopal,Maharashtra Cricket Association Stadium,8.0,80.0
S Gopal,Punjab Cricket Association IS Bindra Stadium,0.0,0.0
S Gopal,Rajiv Gandhi International Stadium,18.0,100.0
S Gopal,"Sardar Patel Stadium, Motera",1.0,100.0
S Gopal,Sawai Mansingh Stadium,6.666666666666667,123.80952380952381
S Gopal,Sharjah Cricket Stadium,1.0,33.33333333333333
S Gopal,Sheikh Zayed Stadium,1.0,50.0
S Gopal,Wankhede Stadium,8.666666666666666,102.73809523809523
S Gopal,"Wankhede Stadium, Mumbai",7.0,175.0
S Nadeem,Dr. Y.S. Rajasekhara Reddy ACA-VDCA Cricket Stadium,1.0,20.0
S Nadeem,Dubai International Cricket Stadium,5.0,100.0
S Nadeem,Eden Gardens,5.0,62.5
S Nadeem,Feroz Shah Kotla,1.2,18.095238095238095
S Nadeem,M.Chinnaswamy Stadium,0.0,0.0
S Nadeem,"MA Chidambaram Stadium, Chepauk, Chennai",0.0,0.0
S Nadeem,"Punjab Cricket Association IS Bindra Stadium, Mohali",0.0,0.0
S Nadeem,"Punjab Cricket Association Stadium, Mohali",3.0,42.85714285714285
S Nadeem,"Rajiv Gandhi International Stadium, Uppal",0.0,0.0
S Nadeem,"Sardar Patel Stadium, Motera",1.0,25.0
S Nadeem,Sheikh Zayed Stadium,2.5,52.08333333333333
S Nadeem,Subrata Roy Sahara Stadium,6.0,120.0
S Nadeem,Wankhede Stadium,1.0,33.33333333333333
S Sohal,De Beers Diamond Oval,30.0,176.47058823529412
S Sohal,Dr DY Patil Sports Academy,34.0,121.42857142857142
S Sohal,Feroz Shah Kotla,62.0,151.21951219512195
S Sohal,Kingsmead,1.5,16.666666666666664
S Sohal,"MA Chidambaram Stadium, Chepauk",56.0,186.66666666666663
S Sohal,Nehru Stadium,1.0,25.0
S Sohal,New Wanderers Stadium,9.0,75.0
S Sohal,OUTsurance Oval,3.0,25.0
S Sohal,"Punjab Cricket Association Stadium, Mohali",0.0,0.0
S Sohal,"Rajiv Gandhi International Stadium, Uppal",15.2,108.44444444444443
S Sohal,Sawai Mansingh Stadium,4.0,100.0
S Sohal,St George's Park,25.0,147.05882352941177
S Sohal,SuperSport Park,22.5,152.3809523809524
S Sohal,Wankhede Stadium,20.0,90.9090909090909
SA Yadav,Arun Jaitley Stadium,19.0,198.14814814814815
SA Yadav,"Arun Jaitley Stadium, Delhi",17.0,120.57142857142858
SA Yadav,"Bharat Ratna Shri Atal Bihari Vajpayee Ekana Cricket Stadium, Lucknow",28.0,133.41946597760554
SA Yadav,Brabourne Stadium,0.0,0.0
SA Yadav,"Brabourne Stadium, Mumbai",25.0,127.60942760942763
SA Yadav,"Dr DY Patil Sports Academy, Mumbai",41.5,141.57509157509156
SA Yadav,Dr. Y.S. Rajasekhara Reddy ACA-VDCA Cricket Stadium,2.0,100.0
SA Yadav,Dubai International Cricket Stadium,12.625,108.75593339409129
SA Yadav,Eden Gardens,13.555555555555555,151.83746403044648
SA Yadav,"Eden Gardens, Kolkata",11.0,78.57142857142857
SA Yadav,Feroz Shah Kotla,18.75,143.00505050505052
SA Yadav,Green Park,17.0,121.42857142857142
SA Yadav,Holkar Cricket Stadium,57.0,135.71428571428572
SA Yadav,JSCA International Stadium Complex,8.0,61.53846153846154
SA Yadav,M Chinnaswamy Stadium,11.5,101.83333333333334
SA Yadav,"M Chinnaswamy Stadium, Bengaluru",15.0,93.75
SA Yadav,M.Chinnaswamy Stadium,23.5,129.16666666666666
SA Yadav,MA Chidambaram Stadium,71.0,131.4814814814815
SA Yadav,"MA Chidambaram Stadium, Chepauk",16.0,61.53846153846154
SA Yadav,"MA Chidambaram Stadium, Chepauk, Chennai",30.25,142.5092268842269
SA Yadav,"Maharaja Yadavindra Singh International Cricket Stadium, Mullanpur",78.0,147.16981132075472
SA Yadav,"Maharaja Yadavindra Singh International Cricket Stadium, New Chandigarh",33.0,165.0
SA Yadav,Maharashtra Cricket Association Stadium,42.333333333333336,160.6202480992397
SA Yadav,"Maharashtra Cricket Association Stadium, Pune",54.333333333333336,160.53639846743295
SA Yadav,"Narendra Modi Stadium, Ahmedabad",44.0,173.21308077887025
SA Yadav,Punjab Cricket Association IS Bindra Stadium,11.0,183.3333333333333
SA Yadav,"Punjab Cricket Association IS Bindra Stadium, Mohali",11.0,122.22222222222224
SA Yadav,"Punjab Cricket Association IS Bindra Stadium, Mohali, Chandigarh",66.0,212.9032258064516
SA Yadav,Rajiv Gandhi International Stadium,16.666666666666668,88.68595825426945
SA Yadav,"Rajiv Gandhi International Stadium, Uppal, Hyderabad",23.5,221.92982456140348
SA Yadav,"Sardar Patel Stadium, Motera",9.0,56.25
SA Yadav,Sawai Mansingh Stadium,53.0,128.11089619600259
SA Yadav,"Sawai Mansingh Stadium, Jaipur",38.333333333333336,159.94983277591973
SA Yadav,Sharjah Cricket Stadium,26.6,139.37886825817858
SA Yadav,Sheikh Zayed Stadium,37.54545454545455,165.23784564815907
SA Yadav,Wankhede Stadium,27.72222222222222,123.13300377883087
SA Yadav,"Wankhede Stadium, Mumbai",42.61904761904762,157.27482799872968
SA Yadav,"Zayed Cricket Stadium, Abu Dhabi",29.0,85.0
SC Ganguly,Barabati Stadium,45.0,112.5
SC Ganguly,Brabourne Stadium,31.0,91.17647058823528
SC Ganguly,Buffalo Park,0.0,0.0
SC Ganguly,Dr DY Patil Sports Academy,6.0,27.272727272727277
SC Ganguly,Eden Gardens,35.46666666666667,119.17809611870794
SC Ganguly,Feroz Shah Kotla,23.0,83.57142857142858
SC Ganguly,Kingsmead,0.5,6.25
SC Ganguly,M Chinnaswamy Stadium,16.333333333333332,87.15277777777779
SC Ganguly,"MA Chidambaram Stadium, Chepauk",15.333333333333334,79.59964012595593
SC Ganguly,New Wanderers Stadium,38.5,90.2439024390244
SC Ganguly,Newlands,23.5,83.47701149425288
SC Ganguly,"Punjab Cricket Association Stadium, Mohali",23.666666666666668,124.73544973544973
SC Ganguly,"Rajiv Gandhi International Stadium, Uppal",61.5,131.43746462931523
SC Ganguly,"Sardar Patel Stadium, Motera",33.0,113.79310344827589
SC Ganguly,Sawai Mansingh Stadium,26.5,90.38461538461539
SC Ganguly,St George's Park,28.0,121.37254901960783
SC Ganguly,Subrata Roy Sahara Stadium,13.571428571428571,79.72222222222221
SC Ganguly,SuperSport Park,4.0,47.61904761904761
SC Ganguly,Wankhede Stadium,9.0,62.5
SE Marsh,Brabourne Stadium,57.0,121.27659574468086
SE Marsh,Dr DY Patil Sports Academy,1.0,33.33333333333333
SE Marsh,Eden Gardens,15.333333333333334,72.37583205325141
SE Marsh,Feroz Shah Kotla,25.6,108.80555555555557
SE Marsh,Himachal Pradesh Cricket Association Stadium,47.714285714285715,125.53020706544714
SE Marsh,Holkar Cricket Stadium,34.0,131.9047619047619
SE Marsh,M Chinnaswamy Stadium,15.8,112.47058823529412
SE Marsh,"MA Chidambaram Stadium, Chepauk",43.25,135.30584482596868
SE Marsh,Maharashtra Cricket Association Stadium,10.0,76.92307692307693
SE Marsh,"Punjab Cricket Association IS Bindra Stadium, Mohali",43.0,125.31954434259995
SE Marsh,"Punjab Cricket Association Stadium, Mohali",38.38095238095238,115.67081333648287
SE Marsh,"Rajiv Gandhi International Stadium, Uppal",48.666666666666664,121.04364326375712
SE Marsh,"Sardar Patel Stadium, Motera",77.0,175.0
SE Marsh,Saurashtra Cricket Association Stadium,15.5,79.16666666666666
SE Marsh,Sawai Mansingh Stadium,7.0,116.66666666666669
SE Marsh,Wankhede Stadium,44.666666666666664,138.28736813874488
SE Rutherford,Arun Jaitley Stadium,13.666666666666666,166.23931623931622
SE Rutherford,"Bharat Ratna Shri Atal Bihari Vajpayee Ekana Cricket Stadium, Lucknow",22.0,115.78947368421052
SE Rutherford,"Dr DY Patil Sports Academy, Mumbai",28.0,70.0
SE Rutherford,Dr. Y.S. Rajasekhara Reddy ACA-VDCA Cricket Stadium,9.5,79.16666666666667
SE Rutherford,"M Chinnaswamy Stadium, Bengaluru",30.0,166.66666666666669
SE Rutherford,MA Chidambaram Stadium,2.0,50.0
SE Rutherford,"Maharaja Yadavindra Singh International Cricket Stadium, New Chandigarh",24.0,160.0
SE Rutherford,"Narendra Modi Stadium, Ahmedabad",25.333333333333332,144.04761904761904
SE Rutherford,"Rajiv Gandhi International Stadium, Uppal, Hyderabad",35.0,218.75
SE Rutherford,Sawai Mansingh Stadium,11.0,220.00000000000003
SE Rutherford,"Wankhede Stadium, Mumbai",16.5,118.33333333333331
SK Raina,Arun Jaitley Stadium,22.5,135.41666666666669
SK Raina,"Arun Jaitley Stadium, Delhi",9.5,81.66666666666666
SK Raina,Barabati Stadium,35.0,129.62962962962962
SK Raina,Brabourne Stadium,54.0,168.75
SK Raina,"Brabourne Stadium, Mumbai",83.0,162.7450980392157
SK Raina,Buffalo Park,32.0,168.42105263157893
SK Raina,De Beers Diamond Oval,13.0,118.1818181818182
SK Raina,Dr DY Patil Sports Academy,34.0,123.04761904761905
SK Raina,Dr. Y.S. Rajasekhara Reddy ACA-VDCA Cricket Stadium,13.5,108.97435897435896
SK Raina,Dubai International Cricket Stadium,3.0,45.37037037037036
SK Raina,Eden Gardens,27.083333333333332,97.66877885441959
SK Raina,Feroz Shah Kotla,34.0,111.38884264587259
SK Raina,Green Park,29.75,117.08333333333334
SK Raina,Himachal Pradesh Cricket Association Stadium,31.5,150.56980056980058
SK Raina,JSCA International Stadium Complex,19.8,75.3952380952381
SK Raina,Kingsmead,24.75,128.627337574706
SK Raina,M Chinnaswamy Stadium,17.333333333333332,87.35929557007988
SK Raina,M.Chinnaswamy Stadium,5.5,61.11111111111112
SK Raina,MA Chidambaram Stadium,22.666666666666668,107.55390005390005
SK Raina,"MA Chidambaram Stadium, Chepauk",28.304347826086957,128.90974595424095
SK Raina,Maharashtra Cricket Association Stadium,31.5,112.80266852705866
SK Raina,Nehru Stadium,50.0,125.0
SK Raina,New Wanderers Stadium,26.0,128.82205513784461
SK Raina,Newlands,8.0,88.88888888888889
SK Raina,Punjab Cricket Association IS Bindra Stadium,53.0,139.4736842105263
SK Raina,"Punjab Cricket Association IS Bindra Stadium, Mohali",29.5,189.11111111111111
SK Raina,"Punjab Cricket Association Stadium, Mohali",24.333333333333332,122.2473604826546
SK Raina,Rajiv Gandhi International Stadium,25.0,94.24141749723145
SK Raina,"Rajiv Gandhi International Stadium, Uppal",40.2,147.10647514819883
SK Raina,"Sardar Patel Stadium, Motera",9.0,83.33333333333334
SK Raina,Saurashtra Cricket Association Stadium,32.8,135.03163992869875
SK Raina,Sawai Mansingh Stadium,25.0,116.24909222948439
SK Raina,Shaheed Veer Narayan Singh International Stadium,11.0,137.5
SK Raina,Sharjah Cricket Stadium,11.0,125.55555555555554
SK Raina,Sheikh Zayed Stadium,40.0,131.45057766367137
SK Raina,St George's Park,24.0,131.60919540229887
SK Raina,Subrata Roy Sahara Stadium,41.5,118.55555555555556
SK Raina,SuperSport Park,60.666666666666664,161.97530864197532
SK Raina,"Vidarbha Cricket Association Stadium, Jamtha",52.0,123.8095238095238
SK Raina,Wankhede Stadium,29.5625,133.7104179521459
SK Raina,"Wankhede Stadium, Mumbai",26.0,123.05555555555554
SK Raina,"Zayed Cricket Stadium, Abu Dhabi",7.0,121.66666666666664
SK Warne,Brabourne Stadium,1.0,100.0
SK Warne,De Beers Diamond Oval,10.5,95.45454545454545
SK Warne,Dr DY Patil Sports Academy,8.0,100.0
SK Warne,Eden Gardens,3.0,62.5
SK Warne,Feroz Shah Kotla,7.0,53.84615384615385
SK Warne,Holkar Cricket Stadium,2.0,22.22222222222222
SK Warne,Kingsmead,18.0,62.06896551724138
SK Warne,M Chinnaswamy Stadium,4.0,57.14285714285714
SK Warne,Newlands,9.75,83.88888888888889
SK Warne,OUTsurance Oval,6.0,200.0
SK Warne,"Punjab Cricket Association Stadium, Mohali",5.0,166.66666666666669
SK Warne,"Rajiv Gandhi International Stadium, Uppal",22.0,275.0
SK Warne,"Sardar Patel Stadium, Motera",1.0,50.0
SK Warne,Sawai Mansingh Stadium,6.0,59.72222222222222
SK Warne,St George's Park,21.0,123.52941176470588
SK Warne,SuperSport Park,1.5,16.666666666666664
SK Warne,"Vidarbha Cricket Association Stadium, Jamtha",1.0,25.0
SK Warne,Wankhede Stadium,0.0,0.0
SL Malinga,Dr DY Patil Sports Academy,1.0,100.0
SL Malinga,Dubai International Cricket Stadium,2.0,50.0
SL Malinga,Eden Gardens,0.0,0.0
SL Malinga,Feroz Shah Kotla,5.666666666666667,48.205128205128204
SL Malinga,Himachal Pradesh Cricket Association Stadium,1.0,100.0
SL Malinga,Kingsmead,0.0,0.0
SL Malinga,M Chinnaswamy Stadium,17.0,106.25
SL Malinga,"MA Chidambaram Stadium, Chepauk",7.0,140.0
SL Malinga,Saurashtra Cricket Association Stadium,0.0,0.0
SL Malinga,Sawai Mansingh Stadium,4.0,44.31818181818181
SL Malinga,Subrata Roy Sahara Stadium,14.0,100.0
SL Malinga,Wankhede Stadium,3.5,125.0
SM Curran,Arun Jaitley Stadium,0.0,0.0
SM Curran,"Arun Jaitley Stadium, Delhi",20.0,83.33333333333334
SM Curran,"Barsapara Cricket Stadium, Guwahati",32.0,101.82926829268293
SM Curran,"Bharat Ratna Shri Atal Bihari Vajpayee Ekana Cricket Stadium, Lucknow",3.0,50.0
SM Curran,Dubai International Cricket Stadium,12.0,118.0952380952381
SM Curran,"Eden Gardens, Kolkata",4.0,44.44444444444444
SM Curran,"Himachal Pradesh Cricket Association Stadium, Dharamsala",22.25,144.80021994134898
SM Curran,"M Chinnaswamy Stadium, Bengaluru",14.0,117.64705882352942
SM Curran,MA Chidambaram Stadium,0.0,0.0
SM Curran,"MA Chidambaram Stadium, Chepauk, Chennai",27.333333333333332,114.45528304223956
SM Curran,"Maharaja Yadavindra Singh International Cricket Stadium, Mullanpur",24.8,103.36763572373874
SM Curran,"Narendra Modi Stadium, Ahmedabad",5.0,62.5
SM Curran,Punjab Cricket Association IS Bindra Stadium,17.4,142.97619047619045
SM Curran,"Punjab Cricket Association IS Bindra Stadium, Mohali, Chandigarh",19.75,136.5686274509804
SM Curran,"Rajiv Gandhi International Stadium, Uppal, Hyderabad",22.0,146.66666666666666
SM Curran,Sharjah Cricket Stadium,23.0,131.32387706855795
SM Curran,Sheikh Zayed Stadium,19.0,180.84848484848484
SM Curran,Wankhede Stadium,8.0,266.66666666666663
SM Curran,"Wankhede Stadium, Mumbai",26.75,191.19047619047618
SM Curran,"Zayed Cricket Stadium, Abu Dhabi",4.0,100.0
SN Khan,Arun Jaitley Stadium,11.0,137.5
SN Khan,"Arun Jaitley Stadium, Delhi",19.5,89.11764705882354
SN Khan,"Bharat Ratna Shri Atal Bihari Vajpayee Ekana Cricket Stadium, Lucknow",4.0,50.0
SN Khan,"Brabourne Stadium, Mumbai",12.0,92.3076923076923
SN Khan,"Dr DY Patil Sports Academy, Mumbai",34.0,164.28571428571428
SN Khan,Dubai International Cricket Stadium,8.666666666666666,85.18518518518519
SN Khan,Eden Gardens,9.5,80.0
SN Khan,JSCA International Stadium Complex,31.0,147.61904761904762
SN Khan,M Chinnaswamy Stadium,20.6,187.85714285714283
SN Khan,M.Chinnaswamy Stadium,11.0,137.5
SN Khan,MA Chidambaram Stadium,67.0,117.54385964912282
SN Khan,"MA Chidambaram Stadium, Chepauk",8.0,100.0
SN Khan,Maharashtra Cricket Association Stadium,1.5,150.0
SN Khan,Punjab Cricket Association IS Bindra Stadium,27.0,124.9336870026525
SN Khan,"Punjab Cricket Association Stadium, Mohali",4.0,66.66666666666666
SN Khan,"Rajiv Gandhi International Stadium, Uppal, Hyderabad",10.0,111.11111111111111
SN Khan,Sawai Mansingh Stadium,26.5,123.0603448275862
SN Khan,Sharjah Cricket Stadium,0.0,0.0
SN Khan,Sheikh Zayed Stadium,7.0,87.5
SN Khan,Wankhede Stadium,16.5,119.44444444444446
SN Khan,"Wankhede Stadium, Mumbai",5.5,88.0952380952381
SN Thakur,"Bharat Ratna Shri Atal Bihari Vajpayee Ekana Cricket Stadium, Lucknow",4.5,225.0
SN Thakur,"Brabourne Stadium, Mumbai",25.5,231.8181818181818
SN Thakur,"Dr DY Patil Sports Academy, Mumbai",13.5,100.65789473684211
SN Thakur,"Dr. Y.S. Rajasekhara Reddy ACA-VDCA Cricket Stadium, Visakhapatnam",0.0,0.0
SN Thakur,Dubai International Cricket Stadium,0.6666666666666666,66.66666666666667
SN Thakur,"Eden Gardens, Kolkata",16.8,99.75369458128077
SN Thakur,Feroz Shah Kotla,7.0,116.66666666666669
SN Thakur,"Himachal Pradesh Cricket Association Stadium, Dharamsala",17.0,154.54545454545453
SN Thakur,M Chinnaswamy Stadium,0.0,0.0
SN Thakur,"M Chinnaswamy Stadium, Bengaluru",1.0,50.0
SN Thakur,"Maharashtra Cricket Association Stadium, Pune",2.0,40.0
SN Thakur,"Narendra Modi Stadium, Ahmedabad",1.5,37.5
SN Thakur,"Punjab Cricket Association IS Bindra Stadium, Mohali, Chandigarh",8.0,266.66666666666663
SN Thakur,Rajiv Gandhi International Stadium,2.0,100.0
SN Thakur,"Rajiv Gandhi International Stadium, Uppal",0.0,0.0
SN Thakur,"Rajiv Gandhi International Stadium, Uppal, Hyderabad",8.0,133.33333333333331
SN Thakur,Saurashtra Cricket Association Stadium,0.0,0.0
SN Thakur,Sharjah Cricket Stadium,11.0,55.00000000000001
SN Thakur,Wankhede Stadium,13.5,270.0
SN Thakur,"Wankhede Stadium, Mumbai",8.833333333333334,106.17845117845117
SN Thakur,"Zayed Cricket Stadium, Abu Dhabi",3.0,150.0
SO Hetmyer,"Arun Jaitley Stadium, Delhi",16.5,200.76923076923077
SO Hetmyer,"Barsapara Cricket Stadium, Guwahati",25.25,150.3125
SO Hetmyer,"Brabourne Stadium, Mumbai",16.0,142.85714285714286
SO Hetmyer,"Dr DY Patil Sports Academy, Mumbai",23.333333333333332,154.48179271708685
SO Hetmyer,Dubai International Cricket Stadium,17.11111111111111,125.20982104315438
SO Hetmyer,"Eden Gardens, Kolkata",11.0,61.07660455486543
SO Hetmyer,"Himachal Pradesh Cricket Association Stadium, Dharamsala",46.0,164.28571428571428
SO Hetmyer,"M Chinnaswamy Stadium, Bengaluru",7.0,85.41666666666666
SO Hetmyer,M.Chinnaswamy Stadium,40.0,121.45390070921987
SO Hetmyer,MA Chidambaram Stadium,0.0,0.0
SO Hetmyer,"MA Chidambaram Stadium, Chepauk, Chennai",12.25,109.02777777777779
SO Hetmyer,"Maharaja Yadavindra Singh International Cricket Stadium, Mullanpur",23.5,218.33333333333334
SO Hetmyer,"Maharashtra Cricket Association Stadium, Pune",17.5,144.5054945054945
SO Hetmyer,"Narendra Modi Stadium, Ahmedabad",27.0,166.7415293040293
SO Hetmyer,Rajiv Gandhi International Stadium,9.0,100.0
SO Hetmyer,"Rajiv Gandhi International Stadium, Uppal, Hyderabad",25.666666666666668,154.85104669887278
SO Hetmyer,Sawai Mansingh Stadium,1.0,11.11111111111111
SO Hetmyer,"Sawai Mansingh Stadium, Jaipur",10.307692307692308,122.18567869377586
SO Hetmyer,Sharjah Cricket Stadium,17.6,156.77777777777777
SO Hetmyer,Sheikh Zayed Stadium,24.333333333333332,191.66666666666666
SO Hetmyer,"Wankhede Stadium, Mumbai",28.0,148.2839927396379
SO Hetmyer,"Zayed Cricket Stadium, Abu Dhabi",28.0,175.0
SP Goswami,Dr DY Patil Sports Academy,6.0,200.0
SP Goswami,Eden Gardens,11.0,74.14141414141413
SP Goswami,Feroz Shah Kotla,22.0,110.0
SP Goswami,Kingsmead,26.5,82.45341614906832
SP Goswami,M Chinnaswamy Stadium,36.0,103.57142857142857
SP Goswami,"MA Chidambaram Stadium, Chepauk",10.0,52.63157894736842
SP Goswami,Rajiv Gandhi International Stadium,35.0,140.0
SP Goswami,"Rajiv Gandhi International Stadium, Uppal",3.0,100.0
SP Goswami,Sawai Mansingh Stadium,14.0,87.83068783068784
SP Goswami,Sheikh Zayed Stadium,0.0,0.0
SP Goswami,Wankhede Stadium,4.25,64.58333333333333
SP Narine,Arun Jaitley Stadium,26.0,288.88888888888886
SP Narine,"Arun Jaitley Stadium, Delhi",20.666666666666668,143.05555555555554
SP Narine,"Bharat Ratna Shri Atal Bihari Vajpayee Ekana Cricket Stadium, Lucknow",81.0,207.6923076923077
SP Narine,"Brabourne Stadium, Mumbai",5.0,250.0
SP Narine,"Dr DY Patil Sports Academy, Mumbai",9.5,137.5
SP Narine,"Dr. Y.S. Rajasekhara Reddy ACA-VDCA Cricket Stadium, Visakhapatnam",85.0,217.948717948718
SP Narine,Dubai International Cricket Stadium,5.4,81.42857142857142
SP Narine,Eden Gardens,15.409090909090908,138.37925919969263
SP Narine,"Eden Gardens, Kolkata",18.894736842105264,105.74300806692449
SP Narine,Feroz Shah Kotla,2.0,88.88888888888887
SP Narine,Green Park,2.0,28.57142857142857
SP Narine,Holkar Cricket Stadium,75.0,208.3333333333333
SP Narine,JSCA International Stadium Complex,1.0,100.0
SP Narine,M Chinnaswamy Stadium,16.75,141.91176470588235
SP Narine,"M Chinnaswamy Stadium, Bengaluru",47.0,213.63636363636363
SP Narine,M.Chinnaswamy Stadium,18.5,142.4812030075188
SP Narine,MA Chidambaram Stadium,9.0,210.0
SP Narine,"MA Chidambaram Stadium, Chepauk, Chennai",25.666666666666668,226.4814814814815
SP Narine,"Maharaja Yadavindra Singh International Cricket Stadium, Mullanpur",5.0,125.0
SP Narine,Maharashtra Cricket Association Stadium,16.0,145.45454545454547
SP Narine,"Maharashtra Cricket Association Stadium, Pune",11.5,116.66666666666664
SP Narine,"Narendra Modi Stadium, Ahmedabad",5.25,32.8125
SP Narine,"Punjab Cricket Association IS Bindra Stadium, Mohali",18.0,180.0
SP Narine,"Punjab Cricket Association IS Bindra Stadium, Mohali, Chandigarh",7.0,350.0
SP Narine,"Punjab Cricket Association Stadium, Mohali",1.0,50.0
SP Narine,Rajiv Gandhi International Stadium,27.0,301.25
SP Narine,"Rajiv Gandhi International Stadium, Uppal",1.0,37.5
SP Narine,"Rajiv Gandhi International Stadium, Uppal, Hyderabad",1.0,50.0
SP Narine,Sawai Mansingh Stadium,21.0,107.0
SP Narine,Sharjah Cricket Stadium,11.2,118.66666666666667
SP Narine,Sheikh Zayed Stadium,16.166666666666668,108.98148148148148
SP Narine,Wankhede Stadium,4.5,93.75
SP Narine,"Wankhede Stadium, Mumbai",3.3333333333333335,69.84126984126983
SP Narine,"Zayed Cricket Stadium, Abu Dhabi",0.0,0.0
SPD Smith,Barabati Stadium,47.0,180.7692307692308
SPD Smith,Brabourne Stadium,41.0,148.63636363636363
SPD Smith,Dr. Y.S. Rajasekhara Reddy ACA-VDCA Cricket Stadium,13.0,130.0
SPD Smith,Dubai International Cricket Stadium,15.428571428571429,91.50060024009603
SPD Smith,Eden Gardens,8.333333333333334,75.55555555555554
SPD Smith,Feroz Shah Kotla,27.333333333333332,163.79985754985753
SPD Smith,Holkar Cricket Stadium,26.0,96.29629629629628
SPD Smith,JSCA International Stadium Complex,9.0,112.5
SPD Smith,M Chinnaswamy Stadium,33.0,149.7609447004608
SPD Smith,MA Chidambaram Stadium,28.0,93.33333333333331
SPD Smith,"MA Chidambaram Stadium, Chepauk",22.0,141.80555555555554
SPD Smith,"MA Chidambaram Stadium, Chepauk, Chennai",33.5,124.89655172413794
SPD Smith,Maharashtra Cricket Association Stadium,36.07692307692308,136.92114916707112
SPD Smith,"Narendra Modi Stadium, Ahmedabad",14.0,94.54545454545453
SPD Smith,"Punjab Cricket Association IS Bindra Stadium, Mohali",38.0,146.15384615384613
SPD Smith,"Punjab Cricket Association Stadium, Mohali",9.5,83.33333333333333
SPD Smith,"Rajiv Gandhi International Stadium, Uppal",43.666666666666664,105.65242165242165
SPD Smith,"Sardar Patel Stadium, Motera",24.333333333333332,136.33286647992531
SPD Smith,Saurashtra Cricket Association Stadium,24.0,118.45238095238096
SPD Smith,Sawai Mansingh Stadium,39.25,124.66855246994668
SPD Smith,Shaheed Veer Narayan Singh International Stadium,17.0,212.5
SPD Smith,Sharjah Cricket Stadium,36.333333333333336,146.7293414607766
SPD Smith,Sheikh Zayed Stadium,17.166666666666668,121.01890756302521
SPD Smith,Subrata Roy Sahara Stadium,22.25,128.2368881118881
SPD Smith,Wankhede Stadium,18.4,101.70833333333334
SPD Smith,"Wankhede Stadium, Mumbai",9.0,75.0
SR Tendulkar,Brabourne Stadium,31.5,124.13607226107224
SR Tendulkar,"Brabourne Stadium, Mumbai",72.0,138.46153846153845
SR Tendulkar,Buffalo Park,24.5,110.23809523809523
SR Tendulkar,Dr DY Patil Sports Academy,34.0,110.20325203252034
SR Tendulkar,Eden Gardens,14.0,91.35802469135803
SR Tendulkar,Feroz Shah Kotla,37.6,123.25372340425531
SR Tendulkar,Kingsmead,25.666666666666668,97.26495726495726
SR Tendulkar,M Chinnaswamy Stadium,24.666666666666668,89.86611005662678
SR Tendulkar,"MA Chidambaram Stadium, Chepauk",25.25,100.47619047619048
SR Tendulkar,New Wanderers Stadium,11.0,100.0
SR Tendulkar,Newlands,59.0,120.40816326530611
SR Tendulkar,"Punjab Cricket Association Stadium, Mohali",23.0,99.96934865900381
SR Tendulkar,"Rajiv Gandhi International Stadium, Uppal",21.666666666666668,118.12865497076024
SR Tendulkar,Sawai Mansingh Stadium,37.0,97.2283150548355
SR Tendulkar,St George's Park,26.333333333333332,76.56084656084657
SR Tendulkar,Subrata Roy Sahara Stadium,24.5,106.26373626373625
SR Tendulkar,SuperSport Park,29.666666666666668,103.80952380952381
SR Tendulkar,Wankhede Stadium,31.565217391304348,108.8780430219248
SR Watson,Arun Jaitley Stadium,29.0,115.05016722408027
SR Watson,Brabourne Stadium,45.666666666666664,122.27011494252874
SR Watson,Dr DY Patil Sports Academy,30.0,153.68421052631578
SR Watson,Dr. Y.S. Rajasekhara Reddy ACA-VDCA Cricket Stadium,50.0,156.25
SR Watson,Dubai International Cricket Stadium,25.0,91.3464872874009
SR Watson,Eden Gardens,22.428571428571427,112.59546895681349
SR Watson,Feroz Shah Kotla,16.25,140.0
SR Watson,Holkar Cricket Stadium,10.5,89.42307692307693
SR Watson,JSCA International Stadium Complex,51.0,141.66666666666669
SR Watson,M Chinnaswamy Stadium,16.785714285714285,107.80490911680165
SR Watson,M.Chinnaswamy Stadium,12.0,147.22222222222223
SR Watson,MA Chidambaram Stadium,23.555555555555557,119.59222291066051
SR Watson,"MA Chidambaram Stadium, Chepauk",55.25,156.18589743589743
SR Watson,Maharashtra Cricket Association Stadium,39.285714285714285,147.82931354359926
SR Watson,Punjab Cricket Association IS Bindra Stadium,9.0,92.92929292929294
SR Watson,"Punjab Cricket Association IS Bindra Stadium, Mohali",1.0,33.33333333333333
SR Watson,"Punjab Cricket Association Stadium, Mohali",22.6,120.31083591331269
SR Watson,Rajiv Gandhi International Stadium,40.0,100.82992402104031
SR Watson,"Rajiv Gandhi International Stadium, Uppal",10.4,83.54901960784314
SR Watson,"Sardar Patel Stadium, Motera",31.833333333333332,125.83203253136064
SR Watson,Saurashtra Cricket Association Stadium,6.0,100.0
SR Watson,Sawai Mansingh Stadium,30.17241379310345,124.6298685467556
SR Watson,Shaheed Veer Narayan Singh International Stadium,14.0,77.77777777777779
SR Watson,Sharjah Cricket Stadium,39.666666666666664,152.70935960591132
SR Watson,Sheikh Zayed Stadium,21.333333333333332,126.494708994709
SR Watson,Subrata Roy Sahara Stadium,90.0,176.47058823529412
SR Watson,"Vidarbha Cricket Association Stadium, Jamtha",58.0,161.11111111111111
SR Watson,Wankhede Stadium,31.09090909090909,107.55949945590218
SS Iyer,Arun Jaitley Stadium,35.42857142857143,113.88795994401652
SS Iyer,"Bharat Ratna Shri Atal Bihari Vajpayee Ekana Cricket Stadium, Lucknow",37.5,163.33333333333334
SS Iyer,Brabourne Stadium,9.0,75.0
SS Iyer,"Brabourne Stadium, Mumbai",55.666666666666664,147.43434343434345
SS Iyer,"Dr DY Patil Sports Academy, Mumbai",20.25,114.35344827586206
SS Iyer,Dr. Y.S. Rajasekhara Reddy ACA-VDCA Cricket Stadium,22.25,95.55555555555556
SS Iyer,"Dr. Y.S. Rajasekhara Reddy ACA-VDCA Cricket Stadium, Visakhapatnam",18.0,163.63636363636363
SS Iyer,Dubai International Cricket Stadium,24.615384615384617,95.98270388094578
SS Iyer,Eden Gardens,19.4,97.17086834733894
SS Iyer,"Eden Gardens, Kolkata",24.0,130.7200008626639
SS Iyer,Feroz Shah Kotla,24.2,101.98814192343603
SS Iyer,Green Park,96.0,168.42105263157893
SS Iyer,"Himachal Pradesh Cricket Association Stadium, Dharamsala",45.0,180.0
SS Iyer,M Chinnaswamy Stadium,10.0,55.55555555555556
SS Iyer,"M Chinnaswamy Stadium, Bengaluru",23.0,116.25
SS Iyer,M.Chinnaswamy Stadium,59.5,152.238314680711
SS Iyer,MA Chidambaram Stadium,44.0,141.93548387096774
SS Iyer,"MA Chidambaram Stadium, Chepauk",7.0,100.0
SS Iyer,"MA Chidambaram Stadium, Chepauk, Chennai",37.333333333333336,160.619918699187
SS Iyer,"Maharaja Yadavindra Singh International Cricket Stadium, Mullanpur",5.4,91.04761904761905
SS Iyer,Maharashtra Cricket Association Stadium,9.5,106.42857142857143
SS Iyer,"Maharashtra Cricket Association Stadium, Pune",10.333333333333334,133.33333333333334
SS Iyer,"Narendra Modi Stadium, Ahmedabad",60.75,185.02976190476187
SS Iyer,Punjab Cricket Association IS Bindra Stadium,19.5,113.63636363636364
SS Iyer,"Punjab Cricket Association IS Bindra Stadium, Mohali",6.0,85.71428571428571
SS Iyer,Rajiv Gandhi International Stadium,44.5,117.36111111111111
SS Iyer,"Rajiv Gandhi International Stadium, Uppal",50.0,161.29032258064515
SS Iyer,"Rajiv Gandhi International Stadium, Uppal, Hyderabad",82.0,227.77777777777777
SS Iyer,Sawai Mansingh Stadium,4.0,80.0
SS Iyer,"Sawai Mansingh Stadium, Jaipur",36.333333333333336,147.7020202020202
SS Iyer,Shaheed Veer Narayan Singh International Stadium,35.0,71.42857142857143
SS Iyer,Sharjah Cricket Stadium,32.833333333333336,115.35030386423576
SS Iyer,Sheikh Zayed Stadium,26.8,102.93741930584035
SS Iyer,Wankhede Stadium,17.0,121.56746031746032
SS Iyer,"Wankhede Stadium, Mumbai",25.6,129.67200094831674
SS Iyer,"Zayed Cricket Stadium, Abu Dhabi",43.0,134.375
SS Tiwary,Brabourne Stadium,35.57142857142857,142.98069425398617
SS Tiwary,"Brabourne Stadium, Mumbai",2.0,66.66666666666666
SS Tiwary,Dr DY Patil Sports Academy,16.25,97.76881720430107
SS Tiwary,Dr. Y.S. Rajasekhara Reddy ACA-VDCA Cricket Stadium,13.0,101.66666666666666
SS Tiwary,Dubai International Cricket Stadium,50.0,125.0
SS Tiwary,Eden Gardens,30.8,119.99030531588672
SS Tiwary,Feroz Shah Kotla,26.25,130.1078216374269
SS Tiwary,Himachal Pradesh Cricket Association Stadium,6.0,54.54545454545454
SS Tiwary,JSCA International Stadium Complex,1.0,33.33333333333333
SS Tiwary,Kingsmead,6.0,150.0
SS Tiwary,M Chinnaswamy Stadium,16.2,110.75904385659376
SS Tiwary,"MA Chidambaram Stadium, Chepauk",17.2,103.46359522830112
SS Tiwary,Maharashtra Cricket Association Stadium,29.0,88.33333333333333
SS Tiwary,Nehru Stadium,26.0,108.33333333333331
SS Tiwary,"Punjab Cricket Association Stadium, Mohali",8.333333333333334,102.38095238095237
SS Tiwary,"Rajiv Gandhi International Stadium, Uppal",18.5,90.55555555555556
SS Tiwary,Sawai Mansingh Stadium,11.5,133.33333333333334
SS Tiwary,Shaheed Veer Narayan Singh International Stadium,26.0,104.0
SS Tiwary,Sharjah Cricket Stadium,8.0,58.333333333333336
SS Tiwary,Sheikh Zayed Stadium,25.5,123.88058312655087
SS Tiwary,St George's Park,4.0,133.33333333333331
SS Tiwary,Subrata Roy Sahara Stadium,44.0,117.77777777777777
SS Tiwary,SuperSport Park,3.0,60.0
SS Tiwary,Wankhede Stadium,14.333333333333334,126.2360446570973
SS Tiwary,"Zayed Cricket Stadium, Abu Dhabi",25.0,185.81081081081084
ST Jayasuriya,Brabourne Stadium,12.5,102.14285714285714
ST Jayasuriya,Buffalo Park,6.0,75.0
ST Jayasuriya,Dr DY Patil Sports Academy,23.333333333333332,129.4047619047619
ST Jayasuriya,Eden Gardens,18.0,180.0
ST Jayasuriya,Feroz Shah Kotla,36.5,113.57142857142857
ST Jayasuriya,Kingsmead,5.666666666666667,30.833333333333332
ST Jayasuriya,M Chinnaswamy Stadium,54.0,145.94594594594594
ST Jayasuriya,"MA Chidambaram Stadium, Chepauk",20.0,181.8181818181818
ST Jayasuriya,New Wanderers Stadium,52.0,120.93023255813952
ST Jayasuriya,Newlands,26.0,130.0
ST Jayasuriya,"Punjab Cricket Association Stadium, Mohali",1.0,14.285714285714285
ST Jayasuriya,"Rajiv Gandhi International Stadium, Uppal",36.0,240.0
ST Jayasuriya,Sawai Mansingh Stadium,19.5,76.35135135135135
ST Jayasuriya,St George's Park,37.0,152.46913580246914
ST Jayasuriya,SuperSport Park,3.0,42.857142857142854
ST Jayasuriya,Wankhede Stadium,52.75,221.35416666666669
STR Binny,Arun Jaitley Stadium,0.0,0.0
STR Binny,Brabourne Stadium,3.0,100.0
STR Binny,Dr. Y.S. Rajasekhara Reddy ACA-VDCA Cricket Stadium,16.0,114.28571428571428
STR Binny,Dubai International Cricket Stadium,8.0,72.72727272727273
STR Binny,Eden Gardens,8.285714285714286,84.67320261437908
STR Binny,Feroz Shah Kotla,14.333333333333334,94.44444444444444
STR Binny,Holkar Cricket Stadium,18.0,90.0
STR Binny,JSCA International Stadium Complex,22.0,129.41176470588235
STR Binny,M Chinnaswamy Stadium,14.857142857142858,179.79591836734696
STR Binny,M.Chinnaswamy Stadium,16.0,88.88888888888889
STR Binny,"MA Chidambaram Stadium, Chepauk",21.5,131.8181818181818
STR Binny,Maharashtra Cricket Association Stadium,6.0,55.13392857142857
STR Binny,Punjab Cricket Association IS Bindra Stadium,33.0,300.0
STR Binny,"Punjab Cricket Association Stadium, Mohali",12.333333333333334,65.0
STR Binny,"Rajiv Gandhi International Stadium, Uppal",8.666666666666666,99.16666666666667
STR Binny,"Sardar Patel Stadium, Motera",9.5,100.89668615984407
STR Binny,Sawai Mansingh Stadium,16.533333333333335,140.46517402271877
STR Binny,Shaheed Veer Narayan Singh International Stadium,16.0,145.45454545454547
STR Binny,Sharjah Cricket Stadium,12.0,150.0
STR Binny,Sheikh Zayed Stadium,24.0,75.0
STR Binny,Subrata Roy Sahara Stadium,1.0,25.0
STR Binny,Wankhede Stadium,15.666666666666666,119.19540229885058
SV Samson,Arun Jaitley Stadium,4.0,61.25
SV Samson,"Arun Jaitley Stadium, Delhi",49.6,159.3202997719127
SV Samson,"Barsapara Cricket Stadium, Guwahati",18.6,106.23636363636365
SV Samson,"Bharat Ratna Shri Atal Bihari Vajpayee Ekana Cricket Stadium, Lucknow",71.0,215.1515151515152
SV Samson,Brabourne Stadium,14.5,149.44444444444446
SV Samson,"Brabourne Stadium, Mumbai",28.333333333333332,136.11111111111111
SV Samson,"Dr DY Patil Sports Academy, Mumbai",15.75,155.35714285714286
SV Samson,Dr. Y.S. Rajasekhara Reddy ACA-VDCA Cricket Stadium,14.0,72.71173271173272
SV Samson,Dubai International Cricket Stadium,22.6,110.39355666693127
SV Samson,Eden Gardens,28.428571428571427,111.80515391041706
SV Samson,"Eden Gardens, Kolkata",35.666666666666664,165.42882404951374
SV Samson,Feroz Shah Kotla,21.933333333333334,90.51990331880725
SV Samson,Green Park,10.0,142.85714285714286
SV Samson,"Himachal Pradesh Cricket Association Stadium, Dharamsala",2.0,66.66666666666666
SV Samson,Holkar Cricket Stadium,28.0,121.73913043478262
SV Samson,M Chinnaswamy Stadium,11.0,113.39285714285714
SV Samson,"M Chinnaswamy Stadium, Bengaluru",22.0,146.66666666666666
SV Samson,M.Chinnaswamy Stadium,44.333333333333336,177.60295260295257
SV Samson,MA Chidambaram Stadium,8.0,80.0
SV Samson,"MA Chidambaram Stadium, Chepauk",26.0,152.94117647058823
SV Samson,"MA Chidambaram Stadium, Chepauk, Chennai",8.333333333333334,56.61881977671451
SV Samson,"Maharaja Yadavindra Singh International Cricket Stadium, Mullanpur",28.0,137.36263736263737
SV Samson,Maharashtra Cricket Association Stadium,28.5,93.60119047619048
SV Samson,"Maharashtra Cricket Association Stadium, Pune",41.0,166.13756613756613
SV Samson,"Narendra Modi Stadium, Ahmedabad",31.0,140.29886779886778
SV Samson,Punjab Cricket Association IS Bindra Stadium,27.0,128.57142857142858
SV Samson,"Punjab Cricket Association IS Bindra Stadium, Mohali",27.0,87.85714285714286
SV Samson,"Punjab Cricket Association Stadium, Mohali",38.5,122.9362591431557
SV Samson,Rajiv Gandhi International Stadium,75.5,152.77777777777777
SV Samson,"Rajiv Gandhi International Stadium, Uppal",27.0,109.82350982350984
SV Samson,"Rajiv Gandhi International Stadium, Uppal, Hyderabad",40.333333333333336,118.40277777777776
SV Samson,"Sardar Patel Stadium, Motera",17.285714285714285,119.97586131226684
SV Samson,Saurashtra Cricket Association Stadium,19.0,158.33333333333331
SV Samson,Sawai Mansingh Stadium,26.533333333333335,115.4634857627267
SV Samson,"Sawai Mansingh Stadium, Jaipur",35.5,125.79438110526861
SV Samson,Shaheed Veer Narayan Singh International Stadium,10.0,108.33333333333334
SV Samson,Sharjah Cricket Stadium,36.666666666666664,120.7645603044085
SV Samson,Sheikh Zayed Stadium,16.375,83.9320882852292
SV Samson,Wankhede Stadium,36.666666666666664,146.2682091266735
SV Samson,"Wankhede Stadium, Mumbai",29.75,131.7950622524052
SV Samson,"Zayed Cricket Stadium, Abu Dhabi",49.0,126.90730106644791
SW Billings,Arun Jaitley Stadium,1.0,20.0
SW Billings,"Brabourne Stadium, Mumbai",15.0,166.66666666666669
SW Billings,"Dr DY Patil Sports Academy, Mumbai",18.0,116.61835748792271
SW Billings,Feroz Shah Kotla,38.5,147.04785410667762
SW Billings,M.Chinnaswamy Stadium,17.0,130.07518796992483
SW Billings,MA Chidambaram Stadium,56.0,243.47826086956525
SW Billings,Maharashtra Cricket Association Stadium,7.5,61.008403361344534
SW Billings,"Maharashtra Cricket Association Stadium, Pune",25.5,129.45402298850576
SW Billings,Punjab Cricket Association IS Bindra Stadium,9.0,112.5
SW Billings,"Punjab Cricket Association IS Bindra Stadium, Mohali",3.0,33.33333333333333
SW Billings,Rajiv Gandhi International Stadium,0.0,0.0
SW Billings,"Rajiv Gandhi International Stadium, Uppal",13.0,144.44444444444443
SW Billings,Sawai Mansingh Stadium,27.0,122.72727272727272
SW Billings,Shaheed Veer Narayan Singh International Stadium,4.0,66.66666666666666
SW Billings,"Wankhede Stadium, Mumbai",24.5,108.99209486166008
Sandeep Sharma,"Arun Jaitley Stadium, Delhi",8.0,133.33333333333331
Sandeep Sharma,Dubai International Cricket Stadium,2.5,50.0
Sandeep Sharma,Eden Gardens,1.0,100.0
Sandeep Sharma,Feroz Shah Kotla,1.5,75.0
Sandeep Sharma,M Chinnaswamy Stadium,6.0,88.88888888888889
Sandeep Sharma,"MA Chidambaram Stadium, Chepauk",1.0,25.0
Sandeep Sharma,"Narendra Modi Stadium, Ahmedabad",6.0,120.0
Sandeep Sharma,"Punjab Cricket Association Stadium, Mohali",0.5,50.0
Sandeep Sharma,Rajiv Gandhi International Stadium,1.5,87.5
Sandeep Sharma,"Rajiv Gandhi International Stadium, Uppal",5.0,166.66666666666669
Sandeep Sharma,Saurashtra Cricket Association Stadium,1.0,100.0
Sandeep Sharma,"Sawai Mansingh Stadium, Jaipur",1.0,20.0
Sandeep Sharma,Sharjah Cricket Stadium,0.0,0.0
Sandeep Sharma,Sheikh Zayed Stadium,2.0,45.0
Sandeep Sharma,Wankhede Stadium,0.0,0.0
Shahbaz Ahmed,"Arun Jaitley Stadium, Delhi",59.0,203.44827586206893
Shahbaz Ahmed,"Brabourne Stadium, Mumbai",6.0,75.97402597402596
Shahbaz Ahmed,"Dr DY Patil Sports Academy, Mumbai",31.333333333333332,137.37964439718826
Shahbaz Ahmed,"Dr. Y.S. Rajasekhara Reddy ACA-VDCA Cricket Stadium, Visakhapatnam",9.0,112.5
Shahbaz Ahmed,Dubai International Cricket Stadium,1.0,33.33333333333333
Shahbaz Ahmed,"Eden Gardens, Kolkata",8.5,170.0
Shahbaz Ahmed,"M Chinnaswamy Stadium, Bengaluru",9.0,94.16666666666667
Shahbaz Ahmed,"MA Chidambaram Stadium, Chepauk, Chennai",9.6,108.85714285714285
Shahbaz Ahmed,"Maharaja Yadavindra Singh International Cricket Stadium, Mullanpur",14.0,200.0
Shahbaz Ahmed,"Maharashtra Cricket Association Stadium, Pune",9.0,56.48148148148148
Shahbaz Ahmed,"Narendra Modi Stadium, Ahmedabad",10.5,83.18181818181819
Shahbaz Ahmed,"Punjab Cricket Association IS Bindra Stadium, Mohali, Chandigarh",5.0,166.66666666666669
Shahbaz Ahmed,"Rajiv Gandhi International Stadium, Uppal, Hyderabad",20.333333333333332,84.28165007112376
Shahbaz Ahmed,Sharjah Cricket Stadium,10.5,146.42857142857144
Shahbaz Ahmed,Sheikh Zayed Stadium,1.0,100.0
Shahbaz Ahmed,"Wankhede Stadium, Mumbai",29.0,136.26373626373626
Shahbaz Ahmed,"Zayed Cricket Stadium, Abu Dhabi",14.0,155.55555555555557
Shakib Al Hasan,Barabati Stadium,9.0,112.5
Shakib Al Hasan,Brabourne Stadium,13.0,118.1818181818182
Shakib Al Hasan,Dubai International Cricket Stadium,15.0,68.18181818181819
Shakib Al Hasan,Eden Gardens,19.666666666666668,104.86737948768024
Shakib Al Hasan,Green Park,3.0,37.5
Shakib Al Hasan,JSCA International Stadium Complex,0.0,0.0
Shakib Al Hasan,M Chinnaswamy Stadium,8.0,135.71428571428572
Shakib Al Hasan,"MA Chidambaram Stadium, Chepauk",11.0,183.3333333333333
Shakib Al Hasan,"MA Chidambaram Stadium, Chepauk, Chennai",12.666666666666666,88.0
Shakib Al Hasan,Maharashtra Cricket Association Stadium,5.5,83.33333333333331
Shakib Al Hasan,Punjab Cricket Association IS Bindra Stadium,24.0,218.18181818181816
Shakib Al Hasan,"Punjab Cricket Association IS Bindra Stadium, Mohali",11.0,73.33333333333333
Shakib Al Hasan,Rajiv Gandhi International Stadium,21.8,115.7095864661654
Shakib Al Hasan,"Sardar Patel Stadium, Motera",21.0,161.53846153846155
Shakib Al Hasan,Sawai Mansingh Stadium,7.5,95.0
Shakib Al Hasan,Sharjah Cricket Stadium,4.5,75.0
Shakib Al Hasan,Sheikh Zayed Stadium,16.0,102.5
Shakib Al Hasan,Subrata Roy Sahara Stadium,21.5,86.66666666666666
Shakib Al Hasan,Wankhede Stadium,15.0,128.21428571428572
Shashank Singh,"Barsapara Cricket Stadium, Guwahati",0.0,0.0
Shashank Singh,"Bharat Ratna Shri Atal Bihari Vajpayee Ekana Cricket Stadium, Lucknow",9.0,128.57142857142858
Shashank Singh,"Brabourne Stadium, Mumbai",10.0,166.66666666666669
Shashank Singh,"Eden Gardens, Kolkata",68.0,242.85714285714283
Shashank Singh,"Himachal Pradesh Cricket Association Stadium, Dharamsala",32.333333333333336,183.2456140350877
Shashank Singh,"M Chinnaswamy Stadium, Bengaluru",11.0,141.25
Shashank Singh,"MA Chidambaram Stadium, Chepauk, Chennai",24.0,143.9102564102564
Shashank Singh,"Maharaja Yadavindra Singh International Cricket Stadium, Mullanpur",21.8,99.58559349147585
Shashank Singh,"Maharashtra Cricket Association Stadium, Pune",13.0,99.4047619047619
Shashank Singh,"Narendra Modi Stadium, Ahmedabad",42.0,188.8362068965517
Shashank Singh,"Rajiv Gandhi International Stadium, Uppal, Hyderabad",2.0,58.33333333333333
Shashank Singh,"Sawai Mansingh Stadium, Jaipur",35.0,153.33333333333331
Shashank Singh,"Wankhede Stadium, Mumbai",16.5,252.77777777777777
Shubman Gill,Arun Jaitley Stadium,20.5,103.79310344827586
Shubman Gill,"Arun Jaitley Stadium, Delhi",37.666666666666664,137.37945492662473
Shubman Gill,"Bharat Ratna Shri Atal Bihari Vajpayee Ekana Cricket Stadium, Lucknow",26.333333333333332,82.79030910609858
Shubman Gill,"Brabourne Stadium, Mumbai",59.666666666666664,140.65704122201296
Shubman Gill,"Dr DY Patil Sports Academy, Mumbai",9.0,116.94444444444444
Shubman Gill,Dubai International Cricket Stadium,37.333333333333336,128.59097127222984
Shubman Gill,Eden Gardens,27.916666666666668,131.5110209421355
Shubman Gill,"Eden Gardens, Kolkata",58.0,157.7777777777778
Shubman Gill,Holkar Cricket Stadium,16.0,200.0
Shubman Gill,"M Chinnaswamy Stadium, Bengaluru",40.0,110.83099906629319
Shubman Gill,M.Chinnaswamy Stadium,4.0,175.0
Shubman Gill,MA Chidambaram Stadium,9.0,75.0
Shubman Gill,"MA Chidambaram Stadium, Chepauk, Chennai",23.8,151.34885290148446
Shubman Gill,"Maharaja Yadavindra Singh International Cricket Stadium, Mullanpur",35.0,120.6896551724138
Shubman Gill,"Maharaja Yadavindra Singh International Cricket Stadium, New Chandigarh",1.0,50.0
Shubman Gill,"Maharashtra Cricket Association Stadium, Pune",49.0,105.07936507936506
Shubman Gill,"Narendra Modi Stadium, Ahmedabad",46.28,150.0032974063514
Shubman Gill,Punjab Cricket Association IS Bindra Stadium,65.0,132.6530612244898
Shubman Gill,"Punjab Cricket Association IS Bindra Stadium, Mohali, Chandigarh",67.0,136.73469387755102
Shubman Gill,Rajiv Gandhi International Stadium,3.0,75.0
Shubman Gill,"Rajiv Gandhi International Stadium, Uppal, Hyderabad",61.0,141.86046511627907
Shubman Gill,Sawai Mansingh Stadium,6.0,60.0
Shubman Gill,"Sawai Mansingh Stadium, Jaipur",64.0,145.83957219251337
Shubman Gill,Sharjah Cricket Stadium,40.0,124.17604617604617
Shubman Gill,Sheikh Zayed Stadium,26.5,88.63775452480222
Shubman Gill,Wankhede Stadium,8.0,98.125
Shubman Gill,"Wankhede Stadium, Mumbai",12.625,55.60471198048597
Shubman Gill,"Zayed Cricket Stadium, Abu Dhabi",23.333333333333332,156.63299663299662
T Stubbs,"Arun Jaitley Stadium, Delhi",27.9,175.5086200349358
T Stubbs,"Bharat Ratna Shri Atal Bihari Vajpayee Ekana Cricket Stadium, Lucknow",15.0,166.66666666666669
T Stubbs,"Dr. Y.S. Rajasekhara Reddy ACA-VDCA Cricket Stadium, Visakhapatnam",27.25,119.68475073313783
T Stubbs,"Eden Gardens, Kolkata",4.0,57.14285714285714
T Stubbs,"M Chinnaswamy Stadium, Bengaluru",20.5,120.1086956521739
T Stubbs,"MA Chidambaram Stadium, Chepauk, Chennai",22.0,147.61904761904762
T Stubbs,"Maharaja Yadavindra Singh International Cricket Stadium, Mullanpur",5.0,62.5
T Stubbs,"Narendra Modi Stadium, Ahmedabad",31.0,147.61904761904762
T Stubbs,"Rajiv Gandhi International Stadium, Uppal, Hyderabad",41.0,113.88888888888889
T Stubbs,"Sawai Mansingh Stadium, Jaipur",31.0,159.93788819875778
T Stubbs,"Wankhede Stadium, Mumbai",16.0,99.16666666666667
TA Boult,"Arun Jaitley Stadium, Delhi",2.0,66.66666666666666
TA Boult,"Barsapara Cricket Stadium, Guwahati",12.0,133.33333333333331
TA Boult,"Brabourne Stadium, Mumbai",17.0,188.88888888888889
TA Boult,"Dr DY Patil Sports Academy, Mumbai",1.6666666666666667,100.0
TA Boult,Dr. Y.S. Rajasekhara Reddy ACA-VDCA Cricket Stadium,6.0,200.0
TA Boult,Dubai International Cricket Stadium,0.0,0.0
TA Boult,Eden Gardens,2.5,31.25
TA Boult,"Eden Gardens, Kolkata",0.0,0.0
TA Boult,"Himachal Pradesh Cricket Association Stadium, Dharamsala",1.0,50.0
TA Boult,MA Chidambaram Stadium,1.0,100.0
TA Boult,"MA Chidambaram Stadium, Chepauk, Chennai",0.6666666666666666,50.0
TA Boult,"Maharashtra Cricket Association Stadium, Pune",5.0,71.42857142857143
TA Boult,"Narendra Modi Stadium, Ahmedabad",5.5,78.57142857142857
TA Boult,"Sawai Mansingh Stadium, Jaipur",15.0,136.36363636363637
TA Boult,Sheikh Zayed Stadium,0.0,0.0
TA Boult,"Wankhede Stadium, Mumbai",1.5,150.0
TH David,"Arun Jaitley Stadium, Delhi",23.0,270.27629233511584
TH David,"Bharat Ratna Shri Atal Bihari Vajpayee Ekana Cricket Stadium, Lucknow",22.666666666666668,134.5533769063181
TH David,"Brabourne Stadium, Mumbai",28.0,179.76190476190476
TH David,"Dr DY Patil Sports Academy, Mumbai",11.333333333333334,133.33333333333334
TH David,"Eden Gardens, Kolkata",0.0,0.0
TH David,"M Chinnaswamy Stadium, Bengaluru",24.666666666666668,139.98677248677248
TH David,"MA Chidambaram Stadium, Chepauk, Chennai",12.333333333333334,141.66666666666666
TH David,"Maharaja Yadavindra Singh International Cricket Stadium, Mullanpur",14.0,200.0
TH David,"Narendra Modi Stadium, Ahmedabad",4.333333333333333,58.888888888888886
TH David,"Punjab Cricket Association IS Bindra Stadium, Mohali, Chandigarh",19.0,190.0
TH David,"Rajiv Gandhi International Stadium, Uppal, Hyderabad",29.0,168.1818181818182
TH David,"Sawai Mansingh Stadium, Jaipur",3.0,60.0
TH David,Sharjah Cricket Stadium,1.0,33.33333333333333
TH David,"Wankhede Stadium, Mumbai",23.285714285714285,183.9270451770452
TL Suman,Barabati Stadium,27.5,135.4066985645933
TL Suman,Brabourne Stadium,11.0,68.75
TL Suman,Buffalo Park,17.0,100.0
TL Suman,De Beers Diamond Oval,28.0,155.72755417956657
TL Suman,Dr DY Patil Sports Academy,15.5,125.18382352941177
TL Suman,Dr. Y.S. Rajasekhara Reddy ACA-VDCA Cricket Stadium,5.0,55.55555555555556
TL Suman,Eden Gardens,9.5,118.18181818181819
TL Suman,Feroz Shah Kotla,5.0,83.33333333333334
TL Suman,Himachal Pradesh Cricket Association Stadium,43.0,138.70967741935485
TL Suman,Kingsmead,3.0,42.85714285714285
TL Suman,M Chinnaswamy Stadium,78.0,136.8421052631579
TL Suman,"MA Chidambaram Stadium, Chepauk",10.0,250.0
TL Suman,Maharashtra Cricket Association Stadium,12.0,85.71428571428571
TL Suman,New Wanderers Stadium,13.666666666666666,73.35858585858587
TL Suman,"Punjab Cricket Association Stadium, Mohali",4.0,80.0
TL Suman,"Sardar Patel Stadium, Motera",9.0,60.0
TL Suman,St George's Park,41.0,136.66666666666666
TL Suman,Subrata Roy Sahara Stadium,5.666666666666667,40.476190476190474
TL Suman,SuperSport Park,19.75,128.53296703296704
TL Suman,"Vidarbha Cricket Association Stadium, Jamtha",27.5,62.5
TL Suman,Wankhede Stadium,10.8,94.58608058608058
TM Dilshan,Buffalo Park,17.0,89.47368421052632
TM Dilshan,Eden Gardens,21.333333333333332,95.83097528768157
TM Dilshan,Feroz Shah Kotla,9.625,109.21130952380952
TM Dilshan,Kingsmead,43.0,171.42338416848224
TM Dilshan,M Chinnaswamy Stadium,29.636363636363637,96.65914062679435
TM Dilshan,"MA Chidambaram Stadium, Chepauk",0.5,25.0
TM Dilshan,Nehru Stadium,1.0,25.0
TM Dilshan,New Wanderers Stadium,7.0,75.0
TM Dilshan,OUTsurance Oval,21.5,66.5596919127086
TM Dilshan,"Punjab Cricket Association Stadium, Mohali",0.0,0.0
TM Dilshan,"Rajiv Gandhi International Stadium, Uppal",5.333333333333333,58.7962962962963
TM Dilshan,"Sardar Patel Stadium, Motera",0.0,0.0
TM Dilshan,Sawai Mansingh Stadium,44.0,137.2222222222222
TM Dilshan,St George's Park,67.0,142.5531914893617
TM Dilshan,Subrata Roy Sahara Stadium,53.0,120.45454545454544
TM Dilshan,SuperSport Park,37.0,124.40548014077424
TM Dilshan,Wankhede Stadium,21.666666666666668,99.4074074074074
TM Head,"Arun Jaitley Stadium, Delhi",82.5,234.0625
TM Head,"Bharat Ratna Shri Atal Bihari Vajpayee Ekana Cricket Stadium, Lucknow",17.0,170.0
TM Head,"Dr. Y.S. Rajasekhara Reddy ACA-VDCA Cricket Stadium, Visakhapatnam",22.0,183.3333333333333
TM Head,"Eden Gardens, Kolkata",4.0,200.0
TM Head,Feroz Shah Kotla,2.0,100.0
TM Head,M Chinnaswamy Stadium,27.0,78.19148936170212
TM Head,"M Chinnaswamy Stadium, Bengaluru",102.0,248.78048780487805
TM Head,"MA Chidambaram Stadium, Chepauk, Chennai",16.5,106.47321428571428
TM Head,"Maharaja Yadavindra Singh International Cricket Stadium, Mullanpur",21.0,140.0
TM Head,Maharashtra Cricket Association Stadium,2.0,40.0
TM Head,"Narendra Modi Stadium, Ahmedabad",13.0,86.90476190476191
TM Head,"Punjab Cricket Association IS Bindra Stadium, Mohali",11.0,157.14285714285714
TM Head,"Rajiv Gandhi International Stadium, Uppal",30.0,136.36363636363637
TM Head,"Rajiv Gandhi International Stadium, Uppal, Hyderabad",39.0,144.80046518447773
TM Head,Saurashtra Cricket Association Stadium,30.0,187.5
TM Head,Wankhede Stadium,24.5,117.08333333333334
TM Head,"Wankhede Stadium, Mumbai",38.0,135.71428571428572
Tilak Varma,"Arun Jaitley Stadium, Delhi",54.333333333333336,172.3473963775688
Tilak Varma,"Bharat Ratna Shri Atal Bihari Vajpayee Ekana Cricket Stadium, Lucknow",16.0,86.16600790513834
Tilak Varma,"Brabourne Stadium, Mumbai",23.0,128.88888888888889
Tilak Varma,"Dr DY Patil Sports Academy, Mumbai",38.25,135.02995066948557
Tilak Varma,"Eden Gardens, Kolkata",32.0,188.23529411764704
Tilak Varma,"M Chinnaswamy Stadium, Bengaluru",84.0,186.66666666666663
Tilak Varma,"MA Chidambaram Stadium, Chepauk, Chennai",28.5,123.67424242424244
Tilak Varma,"Maharaja Yadavindra Singh International Cricket Stadium, Mullanpur",34.0,188.88888888888889
Tilak Varma,"Maharaja Yadavindra Singh International Cricket Stadium, New Chandigarh",25.0,227.27272727272728
Tilak Varma,"Maharashtra Cricket Association Stadium, Pune",24.666666666666668,106.91358024691358
Tilak Varma,"Narendra Modi Stadium, Ahmedabad",30.6,155.33695349484825
Tilak Varma,"Punjab Cricket Association IS Bindra Stadium, Mohali, Chandigarh",26.0,260.0
Tilak Varma,"Rajiv Gandhi International Stadium, Uppal, Hyderabad",34.333333333333336,170.52881758764113
Tilak Varma,"Sawai Mansingh Stadium, Jaipur",33.0,84.72222222222221
Tilak Varma,"Wankhede Stadium, Mumbai",22.526315789473685,119.94715031606512
UBT Chand,Dr. Y.S. Rajasekhara Reddy ACA-VDCA Cricket Stadium,0.0,0.0
UBT Chand,Eden Gardens,0.0,0.0
UBT Chand,Feroz Shah Kotla,19.2,109.09364319890635
UBT Chand,Himachal Pradesh Cricket Association Stadium,12.5,81.25
UBT Chand,M Chinnaswamy Stadium,58.0,156.75675675675674
UBT Chand,"MA Chidambaram Stadium, Chepauk",16.0,133.33333333333331
UBT Chand,"Rajiv Gandhi International Stadium, Uppal",17.0,73.91304347826086
UBT Chand,"Sardar Patel Stadium, Motera",7.0,46.40522875816994
UBT Chand,Sawai Mansingh Stadium,2.0,20.0
UBT Chand,Shaheed Veer Narayan Singh International Stadium,27.0,92.17273954116058
UBT Chand,Wankhede Stadium,6.0,72.61904761904762
UT Yadav,"Arun Jaitley Stadium, Delhi",3.0,60.0
UT Yadav,Barabati Stadium,3.0,75.0
UT Yadav,"Bharat Ratna Shri Atal Bihari Vajpayee Ekana Cricket Stadium, Lucknow",2.0,50.0
UT Yadav,Brabourne Stadium,24.0,218.18181818181816
UT Yadav,"Brabourne Stadium, Mumbai",7.333333333333333,111.11111111111109
UT Yadav,"Dr DY Patil Sports Academy, Mumbai",11.0,83.33333333333333
UT Yadav,Dubai International Cricket Stadium,0.0,0.0
UT Yadav,Eden Gardens,2.6666666666666665,83.33333333333333
UT Yadav,"Eden Gardens, Kolkata",3.6666666666666665,166.66666666666666
UT Yadav,Feroz Shah Kotla,2.0,100.95238095238095
UT Yadav,M Chinnaswamy Stadium,2.0,66.66666666666666
UT Yadav,M.Chinnaswamy Stadium,2.75,93.75
UT Yadav,MA Chidambaram Stadium,1.0,10.0
UT Yadav,"MA Chidambaram Stadium, Chepauk",4.333333333333333,52.77777777777777
UT Yadav,"MA Chidambaram Stadium, Chepauk, Chennai",10.0,90.9090909090909
UT Yadav,Maharashtra Cricket Association Stadium,4.0,185.0
UT Yadav,"Narendra Modi Stadium, Ahmedabad",5.0,83.33333333333334
UT Yadav,Rajiv Gandhi International Stadium,14.0,155.55555555555557
UT Yadav,"Rajiv Gandhi International Stadium, Uppal",2.0,40.0
UT Yadav,Sawai Mansingh Stadium,0.0,0.0
UT Yadav,Sheikh Zayed Stadium,2.0,50.0
UT Yadav,Subrata Roy Sahara Stadium,4.5,94.44444444444444
UT Yadav,Wankhede Stadium,2.75,106.25
UT Yadav,"Wankhede Stadium, Mumbai",0.0,0.0
V Kohli,Arun Jaitley Stadium,46.5,155.14705882352942
V Kohli,"Arun Jaitley Stadium, Delhi",53.0,114.03792784458832
V Kohli,"Bharat Ratna Shri Atal Bihari Vajpayee Ekana Cricket Stadium, Lucknow",42.666666666666664,151.7777777777778
V Kohli,Brabourne Stadium,17.0,141.66666666666669
V Kohli,"Brabourne Stadium, Mumbai",26.0,84.09703504043127
V Kohli,Dr DY Patil Sports Academy,9.0,150.0
V Kohli,"Dr DY Patil Sports Academy, Mumbai",13.5,86.53530377668308
V Kohli,Dubai International Cricket Stadium,27.75,102.15074651655534
V Kohli,Eden Gardens,34.111111111111114,98.64788301268553
V Kohli,"Eden Gardens, Kolkata",30.75,160.46626984126988
V Kohli,Feroz Shah Kotla,47.857142857142854,137.2402667253926
V Kohli,Himachal Pradesh Cricket Association Stadium,11.0,100.0
V Kohli,"Himachal Pradesh Cricket Association Stadium, Dharamsala",92.0,195.74468085106383
V Kohli,Holkar Cricket Stadium,48.0,177.77777777777777
V Kohli,JSCA International Stadium Complex,18.666666666666668,115.9551176792556
V Kohli,Kingsmead,18.75,111.9642857142857
V Kohli,M Chinnaswamy Stadium,32.310344827586206,114.3156005211812
V Kohli,"M Chinnaswamy Stadium, Bengaluru",45.05263157894737,144.57304242510543
V Kohli,M.Chinnaswamy Stadium,33.714285714285715,160.2487988202274
V Kohli,MA Chidambaram Stadium,6.0,54.54545454545454
V Kohli,"MA Chidambaram Stadium, Chepauk",35.625,108.0374053030303
V Kohli,"MA Chidambaram Stadium, Chepauk, Chennai",24.6,107.18390804597702
V Kohli,"Maharaja Yadavindra Singh International Cricket Stadium, Mullanpur",42.5,117.5925925925926
V Kohli,Maharashtra Cricket Association Stadium,38.75,95.75238269794721
V Kohli,"Maharashtra Cricket Association Stadium, Pune",29.0,104.74747474747475
V Kohli,"Narendra Modi Stadium, Ahmedabad",33.333333333333336,119.83002291825822
V Kohli,Nehru Stadium,23.0,127.77777777777776
V Kohli,New Wanderers Stadium,15.5,114.33823529411765
V Kohli,Newlands,26.5,96.875
V Kohli,Punjab Cricket Association IS Bindra Stadium,67.0,126.41509433962264
V Kohli,"Punjab Cricket Association IS Bindra Stadium, Mohali",20.0,95.23809523809524
V Kohli,"Punjab Cricket Association IS Bindra Stadium, Mohali, Chandigarh",59.0,125.531914893617
V Kohli,"Punjab Cricket Association Stadium, Mohali",20.0,133.62082362082361
V Kohli,Rajiv Gandhi International Stadium,21.0,80.0
V Kohli,"Rajiv Gandhi International Stadium, Uppal",42.57142857142857,145.03086970123206
V Kohli,"Rajiv Gandhi International Stadium, Uppal, Hyderabad",75.5,138.6674049464747
V Kohli,"Sardar Patel Stadium, Motera",62.0,134.7826086956522
V Kohli,Saurashtra Cricket Association Stadium,82.0,143.36507936507934
V Kohli,Sawai Mansingh Stadium,18.714285714285715,84.73262125362966
V Kohli,"Sawai Mansingh Stadium, Jaipur",64.33333333333333,129.8196881091618
V Kohli,Shaheed Veer Narayan Singh International Stadium,54.0,120.0
V Kohli,Sharjah Cricket Stadium,35.625,119.99675030004553
V Kohli,Sheikh Zayed Stadium,25.833333333333332,99.42745714638056
V Kohli,St George's Park,17.666666666666668,89.06371406371404
V Kohli,Subrata Roy Sahara Stadium,17.0,106.94444444444444
V Kohli,SuperSport Park,17.0,139.64646464646464
V Kohli,"Vidarbha Cricket Association Stadium, Jamtha",3.0,75.0
V Kohli,Wankhede Stadium,36.36363636363637,125.91394894226488
V Kohli,"Wankhede Stadium, Mumbai",26.77777777777778,87.72968341526263
V Kohli,"Zayed Cricket Stadium, Abu Dhabi",5.0,125.0
V Sehwag,Barabati Stadium,35.0,105.76397515527951
V Sehwag,Brabourne Stadium,20.0,111.11111111111111
V Sehwag,Dr DY Patil Sports Academy,38.5,180.43478260869566
V Sehwag,Dubai International Cricket Stadium,32.0,123.07692307692308
V Sehwag,Eden Gardens,21.5,95.12820512820514
V Sehwag,Feroz Shah Kotla,28.272727272727273,158.26009010873963
V Sehwag,Himachal Pradesh Cricket Association Stadium,30.0,136.36363636363637
V Sehwag,Kingsmead,8.5,94.44444444444446
V Sehwag,M Chinnaswamy Stadium,20.166666666666668,110.84928229665071
V Sehwag,"MA Chidambaram Stadium, Chepauk",13.5,91.45299145299145
V Sehwag,Maharashtra Cricket Association Stadium,19.333333333333332,74.8780487804878
V Sehwag,Nehru Stadium,80.0,170.2127659574468
V Sehwag,New Wanderers Stadium,0.0,0.0
V Sehwag,Newlands,38.0,237.5
V Sehwag,OUTsurance Oval,5.5,72.91666666666666
V Sehwag,"Punjab Cricket Association Stadium, Mohali",10.0,130.24170274170274
V Sehwag,"Rajiv Gandhi International Stadium, Uppal",45.8,178.538150515195
V Sehwag,"Sardar Patel Stadium, Motera",38.0,122.79411764705883
V Sehwag,Sawai Mansingh Stadium,26.25,158.56203007518798
V Sehwag,Shaheed Veer Narayan Singh International Stadium,22.5,110.5128205128205
V Sehwag,Sharjah Cricket Stadium,16.0,82.46753246753246
V Sehwag,Sheikh Zayed Stadium,28.0,156.66666666666669
V Sehwag,St George's Park,7.0,140.0
V Sehwag,Subrata Roy Sahara Stadium,36.0,144.70238095238096
V Sehwag,SuperSport Park,31.25,160.61447811447812
V Sehwag,Wankhede Stadium,32.666666666666664,111.23294346978558
V Shankar,Arun Jaitley Stadium,26.6,148.39097744360905
V Shankar,"Arun Jaitley Stadium, Delhi",18.5,113.04347826086956
V Shankar,"Barsapara Cricket Stadium, Guwahati",9.0,150.0
V Shankar,"Bharat Ratna Shri Atal Bihari Vajpayee Ekana Cricket Stadium, Lucknow",12.0,98.61111111111113
V Shankar,"Dr DY Patil Sports Academy, Mumbai",2.0,28.57142857142857
V Shankar,Dr. Y.S. Rajasekhara Reddy ACA-VDCA Cricket Stadium,25.0,227.27272727272728
V Shankar,Dubai International Cricket Stadium,22.5,92.42141300964829
V Shankar,Eden Gardens,21.0,108.33333333333334
V Shankar,"Eden Gardens, Kolkata",51.0,212.5
V Shankar,Green Park,63.0,143.1818181818182
V Shankar,M Chinnaswamy Stadium,22.0,129.41176470588235
V Shankar,"M Chinnaswamy Stadium, Bengaluru",31.5,147.14285714285714
V Shankar,M.Chinnaswamy Stadium,27.0,150.0
V Shankar,MA Chidambaram Stadium,26.0,130.0
V Shankar,"MA Chidambaram Stadium, Chepauk, Chennai",21.75,118.96406109613656
V Shankar,"Maharaja Yadavindra Singh International Cricket Stadium, Mullanpur",2.0,100.0
V Shankar,Maharashtra Cricket Association Stadium,54.0,174.19354838709677
V Shankar,"Maharashtra Cricket Association Stadium, Pune",6.5,32.5
V Shankar,"Narendra Modi Stadium, Ahmedabad",20.428571428571427,130.7391237127262
V Shankar,Punjab Cricket Association IS Bindra Stadium,19.5,98.14814814814814
V Shankar,Rajiv Gandhi International Stadium,12.428571428571429,149.8418248418248
V Shankar,"Rajiv Gandhi International Stadium, Uppal",15.0,125.0
V Shankar,Sawai Mansingh Stadium,5.5,90.0
V Shankar,"Sawai Mansingh Stadium, Jaipur",16.0,160.0
V Shankar,Sheikh Zayed Stadium,7.0,70.0
V Shankar,Wankhede Stadium,6.5,60.294117647058826
V Shankar,"Wankhede Stadium, Mumbai",16.5,136.90476190476193
VR Iyer,"Arun Jaitley Stadium, Delhi",3.5,70.0
VR Iyer,"Bharat Ratna Shri Atal Bihari Vajpayee Ekana Cricket Stadium, Lucknow",1.0,100.0
VR Iyer,"Brabourne Stadium, Mumbai",10.0,118.95604395604396
VR Iyer,"Dr DY Patil Sports Academy, Mumbai",17.5,87.64880952380953
VR Iyer,"Dr. Y.S. Rajasekhara Reddy ACA-VDCA Cricket Stadium, Visakhapatnam",5.0,250.0
VR Iyer,Dubai International Cricket Stadium,41.666666666666664,116.7091836734694
VR Iyer,"Eden Gardens, Kolkata",23.470588235294116,127.65157784768722
VR Iyer,"M Chinnaswamy Stadium, Bengaluru",40.5,142.94871794871796
VR Iyer,"MA Chidambaram Stadium, Chepauk, Chennai",21.333333333333332,154.16666666666666
VR Iyer,"Maharaja Yadavindra Singh International Cricket Stadium, Mullanpur",7.0,175.0
VR Iyer,"Maharashtra Cricket Association Stadium, Pune",28.5,119.3089430894309
VR Iyer,"Narendra Modi Stadium, Ahmedabad",67.0,194.8214285714286
VR Iyer,"Punjab Cricket Association IS Bindra Stadium, Mohali, Chandigarh",34.0,125.92592592592592
VR Iyer,"Rajiv Gandhi International Stadium, Uppal, Hyderabad",7.0,175.0
VR Iyer,Sharjah Cricket Stadium,33.25,105.67944250871079
VR Iyer,"Wankhede Stadium, Mumbai",33.666666666666664,94.12123823888528
VR Iyer,"Zayed Cricket Stadium, Abu Dhabi",37.333333333333336,149.50617283950615
VVS Laxman,Barabati Stadium,10.0,142.85714285714286
VVS Laxman,Brabourne Stadium,4.0,57.14285714285714
VVS Laxman,Buffalo Park,0.0,0.0
VVS Laxman,Dr DY Patil Sports Academy,19.666666666666668,99.81684981684982
VVS Laxman,Eden Gardens,0.0,0.0
VVS Laxman,Kingsmead,2.0,40.0
VVS Laxman,M Chinnaswamy Stadium,52.0,118.1818181818182
VVS Laxman,"MA Chidambaram Stadium, Chepauk",12.0,109.09090909090908
VVS Laxman,Nehru Stadium,36.0,128.57142857142858
VVS Laxman,Newlands,7.5,75.0
VVS Laxman,"Rajiv Gandhi International Stadium, Uppal",22.0,91.50326797385621
VVS Laxman,"Sardar Patel Stadium, Motera",10.0,83.33333333333334
VVS Laxman,Sawai Mansingh Stadium,8.0,80.0
VVS Laxman,"Vidarbha Cricket Association Stadium, Jamtha",6.0,66.66666666666666
WP Saha,"Arun Jaitley Stadium, Delhi",26.5,178.0
WP Saha,Barabati Stadium,15.0,166.66666666666669
WP Saha,"Bharat Ratna Shri Atal Bihari Vajpayee Ekana Cricket Stadium, Lucknow",47.0,127.02702702702702
WP Saha,"Brabourne Stadium, Mumbai",42.0,134.6590909090909
WP Saha,Buffalo Park,8.0,200.0
WP Saha,"Dr DY Patil Sports Academy, Mumbai",23.0,111.76470588235294
WP Saha,Dr. Y.S. Rajasekhara Reddy ACA-VDCA Cricket Stadium,22.333333333333332,101.2962962962963
WP Saha,Dubai International Cricket Stadium,25.0,99.23707664884134
WP Saha,Eden Gardens,19.928571428571427,140.68899840057335
WP Saha,"Eden Gardens, Kolkata",5.0,50.0
WP Saha,Feroz Shah Kotla,9.2,87.60084033613445
WP Saha,Holkar Cricket Stadium,12.5,114.44444444444446
WP Saha,Kingsmead,11.0,125.0
WP Saha,M Chinnaswamy Stadium,32.142857142857146,130.1818181818182
WP Saha,"M Chinnaswamy Stadium, Bengaluru",6.5,50.0
WP Saha,M.Chinnaswamy Stadium,20.0,181.8181818181818
WP Saha,"MA Chidambaram Stadium, Chepauk",21.714285714285715,105.11195584953349
WP Saha,"MA Chidambaram Stadium, Chepauk, Chennai",10.25,90.09952465834819
WP Saha,"Maharaja Yadavindra Singh International Cricket Stadium, Mullanpur",13.0,118.1818181818182
WP Saha,Maharashtra Cricket Association Stadium,18.5,131.77998472116118
WP Saha,"Maharashtra Cricket Association Stadium, Pune",8.0,53.28282828282829
WP Saha,"Narendra Modi Stadium, Ahmedabad",18.0,101.39865689865691
WP Saha,New Wanderers Stadium,3.5,116.66666666666664
WP Saha,Punjab Cricket Association IS Bindra Stadium,6.0,85.71428571428571
WP Saha,"Punjab Cricket Association IS Bindra Stadium, Mohali",20.875,100.04229466185988
WP Saha,"Punjab Cricket Association IS Bindra Stadium, Mohali, Chandigarh",30.0,157.89473684210526
WP Saha,"Punjab Cricket Association Stadium, Mohali",27.0,138.21158008658008
WP Saha,Rajiv Gandhi International Stadium,12.333333333333334,125.34188034188033
WP Saha,"Rajiv Gandhi International Stadium, Uppal",19.666666666666668,85.89743589743591
WP Saha,"Sardar Patel Stadium, Motera",10.0,143.75
WP Saha,Saurashtra Cricket Association Stadium,21.5,186.84210526315792
WP Saha,Sawai Mansingh Stadium,5.666666666666667,102.38095238095237
WP Saha,"Sawai Mansingh Stadium, Jaipur",41.0,120.58823529411764
WP Saha,Sharjah Cricket Stadium,34.8,99.79842342342343
WP Saha,Sheikh Zayed Stadium,22.0,118.38709677419355
WP Saha,Subrata Roy Sahara Stadium,13.0,86.66666666666667
WP Saha,SuperSport Park,17.5,196.15384615384616
WP Saha,Wankhede Stadium,30.666666666666668,105.18124507486209
WP Saha,"Wankhede Stadium, Mumbai",42.0,119.35007974481658
WP Saha,"Zayed Cricket Stadium, Abu Dhabi",6.0,82.5
Washington Sundar,Arun Jaitley Stadium,1.0,50.0
Washington Sundar,"Bharat Ratna Shri Atal Bihari Vajpayee Ekana Cricket Stadium, Lucknow",9.0,61.9047619047619
Washington Sundar,"Dr DY Patil Sports Academy, Mumbai",18.0,128.57142857142858
Washington Sundar,Dubai International Cricket Stadium,15.5,153.9141414141414
Washington Sundar,Eden Gardens,1.0,33.33333333333333
Washington Sundar,Feroz Shah Kotla,5.0,166.66666666666669
Washington Sundar,M.Chinnaswamy Stadium,11.6,153.50877192982458
Washington Sundar,"MA Chidambaram Stadium, Chepauk, Chennai",9.0,96.46464646464646
Washington Sundar,"Maharaja Yadavindra Singh International Cricket Stadium, New Chandigarh",48.0,200.0
Washington Sundar,"Maharashtra Cricket Association Stadium, Pune",15.333333333333334,143.3862433862434
Washington Sundar,"Narendra Modi Stadium, Ahmedabad",9.0,65.97222222222221
Washington Sundar,"Rajiv Gandhi International Stadium, Uppal",0.5,16.666666666666664
Washington Sundar,"Rajiv Gandhi International Stadium, Uppal, Hyderabad",21.0,128.9080459770115
Washington Sundar,"Sawai Mansingh Stadium, Jaipur",13.0,162.5
Washington Sundar,Sharjah Cricket Stadium,17.0,104.76190476190477
Washington Sundar,Sheikh Zayed Stadium,5.0,83.33333333333334
Washington Sundar,Wankhede Stadium,4.5,93.75
Washington Sundar,"Wankhede Stadium, Mumbai",11.0,99.69668489405332
Y Nagar,Barabati Stadium,1.0,16.666666666666664
Y Nagar,Feroz Shah Kotla,15.5,112.54135998758424
Y Nagar,Himachal Pradesh Cricket Association Stadium,10.0,142.85714285714286
Y Nagar,M Chinnaswamy Stadium,16.0,106.66666666666669
Y Nagar,"MA Chidambaram Stadium, Chepauk",22.5,71.80851063829789
Y Nagar,Nehru Stadium,22.0,73.33333333333333
Y Nagar,New Wanderers Stadium,20.0,100.0
Y Nagar,"Rajiv Gandhi International Stadium, Uppal",7.0,233.3333333333333
Y Nagar,Sawai Mansingh Stadium,9.0,100.0
Y Nagar,Wankhede Stadium,0.0,0.0
Y Venugopal Rao,Barabati Stadium,1.0,50.0
Y Venugopal Rao,Buffalo Park,2.0,40.0
Y Venugopal Rao,De Beers Diamond Oval,22.0,149.71428571428572
Y Venugopal Rao,Dr DY Patil Sports Academy,20.666666666666668,107.22222222222223
Y Venugopal Rao,Eden Gardens,20.5,105.76923076923077
Y Venugopal Rao,Feroz Shah Kotla,21.363636363636363,109.5947675512893
Y Venugopal Rao,Himachal Pradesh Cricket Association Stadium,18.5,116.8016194331984
Y Venugopal Rao,JSCA International Stadium Complex,4.0,400.0
Y Venugopal Rao,Kingsmead,5.0,61.666666666666664
Y Venugopal Rao,M Chinnaswamy Stadium,18.0,78.26086956521739
Y Venugopal Rao,"MA Chidambaram Stadium, Chepauk",22.333333333333332,135.11904761904762
Y Venugopal Rao,Nehru Stadium,1.0,10.0
Y Venugopal Rao,New Wanderers Stadium,2.3333333333333335,33.333333333333336
Y Venugopal Rao,Newlands,9.0,69.23076923076923
Y Venugopal Rao,"Punjab Cricket Association Stadium, Mohali",2.0,40.0
Y Venugopal Rao,"Rajiv Gandhi International Stadium, Uppal",31.142857142857142,114.34906556857777
Y Venugopal Rao,"Sardar Patel Stadium, Motera",2.0,40.0
Y Venugopal Rao,Sawai Mansingh Stadium,41.5,179.54545454545456
Y Venugopal Rao,Sharjah Cricket Stadium,12.0,104.44444444444446
Y Venugopal Rao,Sheikh Zayed Stadium,16.0,133.33333333333331
Y Venugopal Rao,Subrata Roy Sahara Stadium,13.0,59.09090909090909
Y Venugopal Rao,SuperSport Park,17.333333333333332,120.08714596949892
Y Venugopal Rao,Wankhede Stadium,37.0,137.03703703703704
YBK Jaiswal,"Arun Jaitley Stadium, Delhi",27.0,155.9238428712113
YBK Jaiswal,"Barsapara Cricket Stadium, Guwahati",21.6,137.0430107526882
YBK Jaiswal,"Bharat Ratna Shri Atal Bihari Vajpayee Ekana Cricket Stadium, Lucknow",24.0,133.33333333333331
YBK Jaiswal,"Brabourne Stadium, Mumbai",50.0,140.25974025974025
YBK Jaiswal,"Dr DY Patil Sports Academy, Mumbai",10.0,75.0
YBK Jaiswal,Dubai International Cricket Stadium,38.666666666666664,144.5139803835456
YBK Jaiswal,"Eden Gardens, Kolkata",38.5,154.75662782843636
YBK Jaiswal,"Himachal Pradesh Cricket Association Stadium, Dharamsala",50.0,138.88888888888889
YBK Jaiswal,"M Chinnaswamy Stadium, Bengaluru",48.0,192.46088193456615
YBK Jaiswal,"MA Chidambaram Stadium, Chepauk, Chennai",25.333333333333332,146.42857142857142
YBK Jaiswal,"Maharaja Yadavindra Singh International Cricket Stadium, Mullanpur",53.0,144.08730158730157
YBK Jaiswal,"Maharashtra Cricket Association Stadium, Pune",20.0,142.85714285714286
YBK Jaiswal,"Narendra Modi Stadium, Ahmedabad",19.0,109.8076923076923
YBK Jaiswal,"Rajiv Gandhi International Stadium, Uppal, Hyderabad",40.666666666666664,112.58027258027259
YBK Jaiswal,"Sawai Mansingh Stadium, Jaipur",40.6,139.4085164112248
YBK Jaiswal,Sharjah Cricket Stadium,13.0,81.94444444444444
YBK Jaiswal,Sheikh Zayed Stadium,0.0,0.0
YBK Jaiswal,"Wankhede Stadium, Mumbai",45.6,146.37548902007825
YBK Jaiswal,"Zayed Cricket Stadium, Abu Dhabi",27.5,181.54761904761904
YK Pathan,Arun Jaitley Stadium,9.0,81.81818181818183
YK Pathan,Barabati Stadium,13.0,151.92307692307693
YK Pathan,Brabourne Stadium,72.0,199.84101748807632
YK Pathan,De Beers Diamond Oval,6.5,74.67532467532467
YK Pathan,Dr DY Patil Sports Academy,28.666666666666668,101.83933933933933
YK Pathan,Dr. Y.S. Rajasekhara Reddy ACA-VDCA Cricket Stadium,6.0,85.71428571428571
YK Pathan,Dubai International Cricket Stadium,11.0,137.5
YK Pathan,Eden Gardens,21.0,142.21409253041935
YK Pathan,Feroz Shah Kotla,19.625,118.39219807969808
YK Pathan,Green Park,36.0,100.0
YK Pathan,JSCA International Stadium Complex,43.666666666666664,139.17189132706372
YK Pathan,Kingsmead,12.666666666666666,117.6190476190476
YK Pathan,M Chinnaswamy Stadium,21.8,121.6023111438933
YK Pathan,M.Chinnaswamy Stadium,3.0,75.0
YK Pathan,MA Chidambaram Stadium,5.0,125.0
YK Pathan,"MA Chidambaram Stadium, Chepauk",7.142857142857143,106.13997113997114
YK Pathan,Maharashtra Cricket Association Stadium,32.0,125.0
YK Pathan,Nehru Stadium,17.0,130.76923076923077
YK Pathan,Newlands,27.0,131.8315018315018
YK Pathan,OUTsurance Oval,1.0,20.0
YK Pathan,Punjab Cricket Association IS Bindra Stadium,19.0,146.15384615384613
YK Pathan,"Punjab Cricket Association IS Bindra Stadium, Mohali",7.0,133.33333333333331
YK Pathan,"Punjab Cricket Association Stadium, Mohali",26.666666666666668,162.87280701754386
YK Pathan,Rajiv Gandhi International Stadium,15.88888888888889,117.43943191311612
YK Pathan,"Rajiv Gandhi International Stadium, Uppal",41.6,159.8370594922319
YK Pathan,"Sardar Patel Stadium, Motera",19.2,91.03641456582633
YK Pathan,Sawai Mansingh Stadium,17.25,114.06444551605843
YK Pathan,Shaheed Veer Narayan Singh International Stadium,20.0,125.0
YK Pathan,Sharjah Cricket Stadium,0.0,0.0
YK Pathan,Sheikh Zayed Stadium,3.5,80.0
YK Pathan,St George's Park,24.0,171.42857142857142
YK Pathan,Subrata Roy Sahara Stadium,19.333333333333332,135.7142857142857
YK Pathan,SuperSport Park,34.666666666666664,158.76743139901035
YK Pathan,"Vidarbha Cricket Association Stadium, Jamtha",5.0,71.42857142857143
YK Pathan,Wankhede Stadium,28.0,137.33424512734857
Yuvraj Singh,Arun Jaitley Stadium,14.0,82.35294117647058
Yuvraj Singh,Barabati Stadium,4.0,66.66666666666666
Yuvraj Singh,Brabourne Stadium,12.0,94.44444444444446
Yuvraj Singh,De Beers Diamond Oval,18.0,138.46153846153845
Yuvraj Singh,Dr DY Patil Sports Academy,32.0,129.95778901900653
Yuvraj Singh,Dr. Y.S. Rajasekhara Reddy ACA-VDCA Cricket Stadium,23.666666666666668,116.10659871529435
Yuvraj Singh,Dubai International Cricket Stadium,17.5,54.6875
Yuvraj Singh,Eden Gardens,21.166666666666668,143.40277777777777
Yuvraj Singh,Feroz Shah Kotla,24.22222222222222,125.63573778589259
Yuvraj Singh,Himachal Pradesh Cricket Association Stadium,10.5,62.5
Yuvraj Singh,Holkar Cricket Stadium,14.0,100.0
Yuvraj Singh,JSCA International Stadium Complex,21.5,147.22222222222223
Yuvraj Singh,Kingsmead,30.333333333333332,116.2459085833699
Yuvraj Singh,M Chinnaswamy Stadium,26.5,131.59326089341343
Yuvraj Singh,M.Chinnaswamy Stadium,13.5,145.83333333333334
Yuvraj Singh,"MA Chidambaram Stadium, Chepauk",23.0,106.43410852713178
Yuvraj Singh,Maharashtra Cricket Association Stadium,54.0,138.46153846153845
Yuvraj Singh,New Wanderers Stadium,20.0,111.11111111111111
Yuvraj Singh,Newlands,9.0,106.06060606060606
Yuvraj Singh,OUTsurance Oval,18.0,58.06451612903226
Yuvraj Singh,Punjab Cricket Association IS Bindra Stadium,16.666666666666668,96.73659673659675
Yuvraj Singh,"Punjab Cricket Association IS Bindra Stadium, Mohali",28.5,150.0
Yuvraj Singh,"Punjab Cricket Association Stadium, Mohali",25.153846153846153,160.44033198176015
Yuvraj Singh,"Rajiv Gandhi International Stadium, Uppal",14.916666666666666,87.02944263603177
Yuvraj Singh,Sawai Mansingh Stadium,26.75,135.66176470588235
Yuvraj Singh,Shaheed Veer Narayan Singh International Stadium,18.75,90.73322510822511
Yuvraj Singh,Sharjah Cricket Stadium,41.5,139.82683982683983
Yuvraj Singh,Sheikh Zayed Stadium,3.0,42.85714285714285
Yuvraj Singh,St George's Park,14.0,87.5
Yuvraj Singh,Subrata Roy Sahara Stadium,14.333333333333334,99.80732036579114
Yuvraj Singh,SuperSport Park,35.0,113.88888888888889
Yuvraj Singh,Wankhede Stadium,16.1,82.9069264069264
Z Khan,Brabourne Stadium,23.0,255.5555555555556
Z Khan,Buffalo Park,2.0,100.0
Z Khan,Dr DY Patil Sports Academy,1.0,33.33333333333333
Z Khan,Dr. Y.S. Rajasekhara Reddy ACA-VDCA Cricket Stadium,2.0,50.0
Z Khan,Dubai International Cricket Stadium,2.6666666666666665,94.44444444444441
Z Khan,Eden Gardens,4.0,44.44444444444444
Z Khan,Feroz Shah Kotla,1.5,59.09090909090909
Z Khan,Kingsmead,4.0,66.66666666666666
Z Khan,M Chinnaswamy Stadium,5.5,107.66369047619047
Z Khan,M.Chinnaswamy Stadium,1.0,100.0
Z Khan,"MA Chidambaram Stadium, Chepauk",21.0,100.0
Z Khan,Newlands,2.0,66.66666666666666
Z Khan,"Punjab Cricket Association Stadium, Mohali",0.5,12.5
Z Khan,"Rajiv Gandhi International Stadium, Uppal",0.0,0.0
Z Khan,Sawai Mansingh Stadium,1.0,20.0
