player,venue,venue_wickets_avg,venue_economy_avg
A Ashish Reddy,Barabati Stadium,1.0,10.666666666666666
A Ashish Reddy,Dr. Y.S. Rajasekhara Reddy ACA-VDCA Cricket Stadium,0.5,6.25
A Ashish Reddy,Eden Gardens,1.0,7.5
A Ashish Reddy,M Chinnaswamy Stadium,0.5,11.40909090909091
A Ashish Reddy,"MA Chidambaram Stadium, Chepauk",0.5,15.25
A Ashish Reddy,"Rajiv Gandhi International Stadium, Uppal",1.25,9.125
A Ashish Reddy,Subrata Roy Sahara Stadium,2.0,8.0
A Ashish Reddy,Wankhede Stadium,1.0,5.076923076923077
A Kumble,Brabourne Stadium,1.0,4.5
A Kumble,Dr DY Patil Sports Academy,2.5,6.035714285714286
A Kumble,Eden Gardens,0.5,5.875
A Kumble,Feroz Shah Kotla,1.0,8.25
A Kumble,Kingsmead,1.75,4.5
A Kumble,M Chinnaswamy Stadium,0.9166666666666666,7.553985507246377
A Kumble,"MA Chidambaram Stadium, Chepauk",2.0,3.75
A Kumble,New Wanderers Stadium,1.5,6.625
A Kumble,Newlands,2.5,5.6644736842105265
A Kumble,"Punjab Cricket Association Stadium, Mohali",0.5,8.625
A Kumble,"Rajiv Gandhi International Stadium, Uppal",1.0,8.25
A Kumble,Sawai Mansingh Stadium,0.5,7.5
A Kumble,St George's Park,0.0,6.666666666666667
A Kumble,SuperSport Park,1.3333333333333333,6.25
A Kumble,"Vidarbha Cricket Association Stadium, Jamtha",1.0,6.75
A Mishra,Arun Jaitley Stadium,1.4615384615384615,7.166666666666667
A Mishra,Barabati Stadium,0.6666666666666666,5.805555555555556
A Mishra,"Bharat Ratna Shri Atal Bihari Vajpayee Ekana Cricket Stadium, Lucknow",1.5,6.8125
A Mishra,Brabourne Stadium,0.0,10.125
A Mishra,Buffalo Park,0.0,5.0
A Mishra,Dr DY Patil Sports Academy,2.0,6.5
A Mishra,Dr. Y.S. Rajasekhara Reddy ACA-VDCA Cricket Stadium,0.6666666666666666,6.583333333333333
A Mishra,Dubai International Cricket Stadium,0.0,9.583333333333334
A Mishra,Eden Gardens,0.5714285714285714,7.309523809523809
A Mishra,Feroz Shah Kotla,1.28125,7.579390802373581
A Mishra,Green Park,1.0,13.5
A Mishra,Himachal Pradesh Cricket Association Stadium,4.0,2.25
A Mishra,Kingsmead,0.0,8.75
A Mishra,M Chinnaswamy Stadium,1.0,7.979166666666666
A Mishra,"M Chinnaswamy Stadium, Bengaluru",1.0,9.0
A Mishra,M.Chinnaswamy Stadium,0.0,16.0
A Mishra,MA Chidambaram Stadium,0.0,5.333333333333333
A Mishra,"MA Chidambaram Stadium, Chepauk",1.4,7.0666666666666655
A Mishra,"MA Chidambaram Stadium, Chepauk, Chennai",1.6666666666666667,7.423669467787114
A Mishra,Maharashtra Cricket Association Stadium,2.25,6.104166666666667
A Mishra,"Narendra Modi Stadium, Ahmedabad",1.0,9.0
A Mishra,Nehru Stadium,1.0,3.0
A Mishra,New Wanderers Stadium,1.5,5.75
A Mishra,OUTsurance Oval,3.0,8.25
A Mishra,Punjab Cricket Association IS Bindra Stadium,0.0,11.5
A Mishra,"Punjab Cricket Association IS Bindra Stadium, Mohali",0.0,9.125
A Mishra,"Punjab Cricket Association IS Bindra Stadium, Mohali, Chandigarh",0.0,11.5
A Mishra,"Punjab Cricket Association Stadium, Mohali",0.6666666666666666,8.694444444444445
A Mishra,Rajiv Gandhi International Stadium,1.0,4.541666666666666
A Mishra,"Rajiv Gandhi International Stadium, Uppal",1.2916666666666667,7.394444444444445
A Mishra,"Rajiv Gandhi International Stadium, Uppal, Hyderabad",1.0,10.0
A Mishra,"Sardar Patel Stadium, Motera",1.0,5.875
A Mishra,Saurashtra Cricket Association Stadium,1.0,6.333333333333334
A Mishra,Sawai Mansingh Stadium,1.25,9.215686274509803
A Mishra,"Sawai Mansingh Stadium, Jaipur",0.0,7.5
A Mishra,Shaheed Veer Narayan Singh International Stadium,0.3333333333333333,8.86111111111111
A Mishra,Sharjah Cricket Stadium,1.0,9.571428571428571
A Mishra,Sheikh Zayed Stadium,2.0,7.625
A Mishra,St George's Park,1.0,4.75
A Mishra,Subrata Roy Sahara Stadium,0.0,8.333333333333332
A Mishra,SuperSport Park,1.75,7.8525
A Mishra,Wankhede Stadium,1.0,7.291666666666667
A Mishra,"Wankhede Stadium, Mumbai",0.0,9.0
A Nehra,Barabati Stadium,1.0,10.25
A Nehra,Brabourne Stadium,1.5,8.0
A Nehra,Buffalo Park,2.0,6.75
A Nehra,Dr DY Patil Sports Academy,2.0,6.694444444444444
A Nehra,Dr. Y.S. Rajasekhara Reddy ACA-VDCA Cricket Stadium,4.0,6.125
A Nehra,Eden Gardens,0.6,8.733333333333334
A Nehra,Feroz Shah Kotla,1.0,7.401570048309178
A Nehra,Himachal Pradesh Cricket Association Stadium,2.0,9.5
A Nehra,JSCA International Stadium Complex,3.0,7.0
A Nehra,Kingsmead,1.3333333333333333,8.583333333333334
A Nehra,M Chinnaswamy Stadium,1.6666666666666667,8.115384615384615
A Nehra,"MA Chidambaram Stadium, Chepauk",1.7272727272727273,7.704545454545454
A Nehra,New Wanderers Stadium,2.0,6.416666666666667
A Nehra,OUTsurance Oval,1.0,2.083333333333333
A Nehra,"Punjab Cricket Association IS Bindra Stadium, Mohali",1.5,11.426470588235293
A Nehra,"Punjab Cricket Association Stadium, Mohali",1.0,6.777777777777779
A Nehra,"Rajiv Gandhi International Stadium, Uppal",1.0,7.1952380952380945
A Nehra,"Sardar Patel Stadium, Motera",0.0,8.0
A Nehra,Sawai Mansingh Stadium,2.0,5.875
A Nehra,Shaheed Veer Narayan Singh International Stadium,0.5,8.0
A Nehra,Sheikh Zayed Stadium,1.0,8.0
A Nehra,St George's Park,3.0,8.5
A Nehra,Subrata Roy Sahara Stadium,0.7142857142857143,8.642857142857142
A Nehra,SuperSport Park,1.6666666666666667,7.583333333333333
A Nehra,Wankhede Stadium,1.2222222222222223,9.472222222222221
A Nortje,"Arun Jaitley Stadium, Delhi",0.75,10.822916666666666
A Nortje,"Barsapara Cricket Stadium, Guwahati",0.0,11.0
A Nortje,"Brabourne Stadium, Mumbai",1.0,8.75
A Nortje,"Dr DY Patil Sports Academy, Mumbai",1.5,10.625
A Nortje,"Dr. Y.S. Rajasekhara Reddy ACA-VDCA Cricket Stadium, Visakhapatnam",1.5,12.75
A Nortje,Dubai International Cricket Stadium,1.4166666666666667,7.924107142857143
A Nortje,"Himachal Pradesh Cricket Association Stadium, Dharamsala",3.0,9.0
A Nortje,"M Chinnaswamy Stadium, Bengaluru",0.0,7.75
A Nortje,"Maharaja Yadavindra Singh International Cricket Stadium, Mullanpur",1.0,7.666666666666666
A Nortje,"Narendra Modi Stadium, Ahmedabad",1.0,9.75
A Nortje,"Rajiv Gandhi International Stadium, Uppal, Hyderabad",2.0,8.25
A Nortje,"Sawai Mansingh Stadium, Jaipur",1.0,12.0
A Nortje,Sharjah Cricket Stadium,1.6666666666666667,7.404761904761905
A Nortje,Sheikh Zayed Stadium,1.2,8.2
A Nortje,"Wankhede Stadium, Mumbai",2.0,12.75
A Nortje,"Zayed Cricket Stadium, Abu Dhabi",2.0,4.5
A Singh,De Beers Diamond Oval,1.0,8.333333333333332
A Singh,Eden Gardens,1.0,7.125
A Singh,Feroz Shah Kotla,2.0,10.25
A Singh,Kingsmead,2.0,3.8392857142857144
A Singh,M Chinnaswamy Stadium,2.0,11.217391304347826
A Singh,"MA Chidambaram Stadium, Chepauk",0.0,11.25
A Singh,OUTsurance Oval,0.0,7.666666666666666
A Singh,"Rajiv Gandhi International Stadium, Uppal",3.0,8.75
A Singh,Sawai Mansingh Stadium,1.0,8.431666666666667
A Singh,SuperSport Park,4.0,4.75
A Singh,Wankhede Stadium,1.5,8.625
A Symonds,Barabati Stadium,2.0,5.375
A Symonds,Brabourne Stadium,0.0,8.0
A Symonds,De Beers Diamond Oval,0.0,13.75
A Symonds,Dr DY Patil Sports Academy,0.2,6.7333333333333325
A Symonds,Eden Gardens,1.0,8.25
A Symonds,Feroz Shah Kotla,0.0,4.0
A Symonds,Himachal Pradesh Cricket Association Stadium,0.0,8.0
A Symonds,Kingsmead,1.0,6.333333333333334
A Symonds,M Chinnaswamy Stadium,1.0,11.333333333333332
A Symonds,"MA Chidambaram Stadium, Chepauk",2.0,9.666666666666668
A Symonds,New Wanderers Stadium,2.0,6.0
A Symonds,"Rajiv Gandhi International Stadium, Uppal",0.0,16.86764705882353
A Symonds,"Sardar Patel Stadium, Motera",1.0,4.5
A Symonds,SuperSport Park,1.0,5.208333333333334
A Symonds,"Vidarbha Cricket Association Stadium, Jamtha",0.6666666666666666,7.666666666666667
A Symonds,Wankhede Stadium,0.5,11.25
A Zampa,Dr. Y.S. Rajasekhara Reddy ACA-VDCA Cricket Stadium,3.3333333333333335,6.0
A Zampa,Dubai International Cricket Stadium,1.0,13.25
A Zampa,Eden Gardens,0.0,8.0
A Zampa,Feroz Shah Kotla,1.0,7.25
A Zampa,"Himachal Pradesh Cricket Association Stadium, Dharamsala",1.0,6.5
A Zampa,M Chinnaswamy Stadium,2.0,8.75
A Zampa,"MA Chidambaram Stadium, Chepauk, Chennai",1.0,10.75
A Zampa,Maharashtra Cricket Association Stadium,1.3333333333333333,8.551932367149758
A Zampa,"Narendra Modi Stadium, Ahmedabad",2.0,8.0
A Zampa,"Rajiv Gandhi International Stadium, Uppal",2.0,8.0
A Zampa,"Rajiv Gandhi International Stadium, Uppal, Hyderabad",1.0,11.75
A Zampa,"Sawai Mansingh Stadium, Jaipur",1.6666666666666667,8.972222222222223
A Zampa,Sheikh Zayed Stadium,0.5,6.0
A Zampa,Wankhede Stadium,0.0,9.0
AB Agarkar,Buffalo Park,1.0,12.0
AB Agarkar,Eden Gardens,0.7142857142857143,8.666666666666666
AB Agarkar,Feroz Shah Kotla,0.5,9.308333333333334
AB Agarkar,Kingsmead,1.3333333333333333,7.75
AB Agarkar,M Chinnaswamy Stadium,1.5,7.958333333333334
AB Agarkar,"MA Chidambaram Stadium, Chepauk",0.6666666666666666,8.527777777777779
AB Agarkar,Nehru Stadium,2.0,5.75
AB Agarkar,New Wanderers Stadium,0.5,8.291666666666668
AB Agarkar,Newlands,0.0,15.5
AB Agarkar,"Punjab Cricket Association Stadium, Mohali",1.0,8.333333333333332
AB Agarkar,"Rajiv Gandhi International Stadium, Uppal",2.0,7.25
AB Agarkar,Sawai Mansingh Stadium,0.5,11.25
AB Agarkar,St George's Park,1.0,7.25
AB Agarkar,SuperSport Park,0.5,11.25
AB Agarkar,Wankhede Stadium,1.0,6.95
AB Dinda,Buffalo Park,1.0,9.0
AB Dinda,Dr DY Patil Sports Academy,2.0,10.5
AB Dinda,Dr. Y.S. Rajasekhara Reddy ACA-VDCA Cricket Stadium,1.3333333333333333,5.611111111111111
AB Dinda,Dubai International Cricket Stadium,1.0,4.916666666666667
AB Dinda,Eden Gardens,1.0769230769230769,7.512820512820513
AB Dinda,Feroz Shah Kotla,0.75,7.633928571428571
AB Dinda,Holkar Cricket Stadium,1.0,8.666666666666666
AB Dinda,Kingsmead,0.6666666666666666,6.666666666666667
AB Dinda,M Chinnaswamy Stadium,1.125,8.65609335839599
AB Dinda,"MA Chidambaram Stadium, Chepauk",0.6666666666666666,9.777777777777777
AB Dinda,Maharashtra Cricket Association Stadium,1.4,10.7
AB Dinda,Newlands,2.0,8.0
AB Dinda,"Punjab Cricket Association Stadium, Mohali",0.5,8.1875
AB Dinda,"Rajiv Gandhi International Stadium, Uppal",2.25,8.1875
AB Dinda,"Sardar Patel Stadium, Motera",2.0,7.0
AB Dinda,Sawai Mansingh Stadium,0.5,8.607142857142858
AB Dinda,Shaheed Veer Narayan Singh International Stadium,3.0,7.75
AB Dinda,Sharjah Cricket Stadium,0.0,9.625
AB Dinda,Sheikh Zayed Stadium,0.0,4.0
AB Dinda,St George's Park,0.0,12.5
AB Dinda,Subrata Roy Sahara Stadium,1.1111111111111112,8.731481481481481
AB Dinda,SuperSport Park,1.0,7.25
AB Dinda,Wankhede Stadium,1.6666666666666667,10.972222222222223
AD Mathews,Brabourne Stadium,0.5,7.517857142857142
AD Mathews,Dr DY Patil Sports Academy,1.0,6.75
AD Mathews,Dr. Y.S. Rajasekhara Reddy ACA-VDCA Cricket Stadium,1.0,9.5
AD Mathews,Eden Gardens,1.0,8.059523809523808
AD Mathews,Feroz Shah Kotla,0.375,8.416666666666666
AD Mathews,JSCA International Stadium Complex,1.0,8.333333333333332
AD Mathews,M Chinnaswamy Stadium,1.0,8.541666666666666
AD Mathews,"MA Chidambaram Stadium, Chepauk",0.0,13.5
AD Mathews,Maharashtra Cricket Association Stadium,0.5,7.458333333333333
AD Mathews,"Punjab Cricket Association Stadium, Mohali",1.0,6.583333333333334
AD Mathews,"Rajiv Gandhi International Stadium, Uppal",0.0,10.833333333333332
AD Mathews,"Sardar Patel Stadium, Motera",0.0,11.0
AD Mathews,Sawai Mansingh Stadium,1.0,9.291666666666666
AD Mathews,Subrata Roy Sahara Stadium,0.75,6.916666666666667
AD Mathews,SuperSport Park,0.0,13.285714285714286
AD Mathews,Wankhede Stadium,0.5,7.75
AD Russell,Arun Jaitley Stadium,1.0,9.333333333333334
AD Russell,"Arun Jaitley Stadium, Delhi",0.3333333333333333,13.333333333333334
AD Russell,"Bharat Ratna Shri Atal Bihari Vajpayee Ekana Cricket Stadium, Lucknow",2.0,8.5
AD Russell,Brabourne Stadium,3.0,8.0
AD Russell,"Brabourne Stadium, Mumbai",1.3333333333333333,10.833333333333334
AD Russell,"Dr DY Patil Sports Academy, Mumbai",2.0,11.057142857142857
AD Russell,Dr. Y.S. Rajasekhara Reddy ACA-VDCA Cricket Stadium,1.0,6.0
AD Russell,"Dr. Y.S. Rajasekhara Reddy ACA-VDCA Cricket Stadium, Visakhapatnam",1.0,10.5
AD Russell,Eden Gardens,1.0,8.85491118077325
AD Russell,"Eden Gardens, Kolkata",0.9444444444444444,12.82428774928775
AD Russell,Feroz Shah Kotla,0.8,9.416666666666668
AD Russell,Himachal Pradesh Cricket Association Stadium,1.0,12.75
AD Russell,Holkar Cricket Stadium,3.0,10.25
AD Russell,JSCA International Stadium Complex,1.0,12.5
AD Russell,M Chinnaswamy Stadium,1.0,9.6
AD Russell,"M Chinnaswamy Stadium, Bengaluru",2.0,7.25
AD Russell,M.Chinnaswamy Stadium,1.5,13.166666666666668
AD Russell,MA Chidambaram Stadium,0.0,8.75
AD Russell,"MA Chidambaram Stadium, Chepauk",1.0,7.0
AD Russell,"MA Chidambaram Stadium, Chepauk, Chennai",1.8,10.553333333333333
AD Russell,Maharashtra Cricket Association Stadium,1.0,8.875
AD Russell,"Maharashtra Cricket Association Stadium, Pune",1.6666666666666667,7.277777777777779
AD Russell,"Narendra Modi Stadium, Ahmedabad",0.5,6.0
AD Russell,Punjab Cricket Association IS Bindra Stadium,1.0,9.666666666666668
AD Russell,"Punjab Cricket Association IS Bindra Stadium, Mohali",0.0,18.0
AD Russell,Rajiv Gandhi International Stadium,0.5,9.166666666666668
AD Russell,"Rajiv Gandhi International Stadium, Uppal",1.0,7.25
AD Russell,"Rajiv Gandhi International Stadium, Uppal, Hyderabad",1.0,15.0
AD Russell,"Sardar Patel Stadium, Motera",1.0,9.0
AD Russell,Sharjah Cricket Stadium,1.5,10.0
AD Russell,Sheikh Zayed Stadium,0.8,9.5
AD Russell,Wankhede Stadium,0.5,10.068910256410255
AD Russell,"Wankhede Stadium, Mumbai",1.2857142857142858,10.550420168067228
AD Russell,"Zayed Cricket Stadium, Abu Dhabi",1.3333333333333333,8.222222222222221
AJ Tye,Arun Jaitley Stadium,2.0,6.25
AJ Tye,"Brabourne Stadium, Mumbai",3.0,10.0
AJ Tye,"Dr DY Patil Sports Academy, Mumbai",0.0,9.541666666666668
AJ Tye,Eden Gardens,1.5,8.375
AJ Tye,Holkar Cricket Stadium,2.0,8.3125
AJ Tye,M Chinnaswamy Stadium,3.0,3.0
AJ Tye,M.Chinnaswamy Stadium,2.0,6.75
AJ Tye,MA Chidambaram Stadium,0.0,9.5
AJ Tye,Maharashtra Cricket Association Stadium,0.0,11.75
AJ Tye,Punjab Cricket Association IS Bindra Stadium,1.0,10.428571428571429
AJ Tye,Rajiv Gandhi International Stadium,0.0,7.0
AJ Tye,Saurashtra Cricket Association Stadium,1.75,7.625
AJ Tye,Sawai Mansingh Stadium,5.0,8.5
AJ Tye,Sharjah Cricket Stadium,2.0,12.5
AJ Tye,Wankhede Stadium,3.0,6.25
AR Patel,Arun Jaitley Stadium,1.1666666666666667,5.097222222222222
AR Patel,"Arun Jaitley Stadium, Delhi",0.8125,8.557291666666666
AR Patel,Barabati Stadium,0.0,6.0
AR Patel,"Barsapara Cricket Stadium, Guwahati",0.0,9.5
AR Patel,"Bharat Ratna Shri Atal Bihari Vajpayee Ekana Cricket Stadium, Lucknow",0.3333333333333333,7.75
AR Patel,"Brabourne Stadium, Mumbai",0.6666666666666666,7.722222222222221
AR Patel,"Dr DY Patil Sports Academy, Mumbai",0.5,7.291666666666666
AR Patel,Dr. Y.S. Rajasekhara Reddy ACA-VDCA Cricket Stadium,0.75,8.4375
AR Patel,"Dr. Y.S. Rajasekhara Reddy ACA-VDCA Cricket Stadium, Visakhapatnam",0.25,10.354166666666668
AR Patel,Dubai International Cricket Stadium,1.0,6.301282051282052
AR Patel,Eden Gardens,0.8,6.7
AR Patel,"Eden Gardens, Kolkata",2.0,6.25
AR Patel,Feroz Shah Kotla,0.75,7.300245098039215
AR Patel,"Himachal Pradesh Cricket Association Stadium, Dharamsala",0.5,10.75
AR Patel,Holkar Cricket Stadium,0.5,7.833333333333333
AR Patel,M Chinnaswamy Stadium,1.4,8.45
AR Patel,"M Chinnaswamy Stadium, Bengaluru",0.6666666666666666,9.777777777777777
AR Patel,M.Chinnaswamy Stadium,1.0,5.875
AR Patel,MA Chidambaram Stadium,1.0,10.333333333333334
AR Patel,"MA Chidambaram Stadium, Chepauk",1.0,8.75
AR Patel,"MA Chidambaram Stadium, Chepauk, Chennai",1.3333333333333333,6.05
AR Patel,"Maharaja Yadavindra Singh International Cricket Stadium, Mullanpur",0.0,6.25
AR Patel,Maharashtra Cricket Association Stadium,0.8,8.060869565217391
AR Patel,"Maharashtra Cricket Association Stadium, Pune",0.0,9.25
AR Patel,"Narendra Modi Stadium, Ahmedabad",1.0,6.791666666666667
AR Patel,Punjab Cricket Association IS Bindra Stadium,1.0,11.666666666666666
AR Patel,"Punjab Cricket Association IS Bindra Stadium, Mohali",0.6363636363636364,8.045454545454545
AR Patel,"Punjab Cricket Association Stadium, Mohali",1.4285714285714286,6.976190476190476
AR Patel,Rajiv Gandhi International Stadium,0.0,11.5
AR Patel,"Rajiv Gandhi International Stadium, Uppal",0.5,8.4375
AR Patel,"Rajiv Gandhi International Stadium, Uppal, Hyderabad",2.0,5.25
AR Patel,"Sardar Patel Stadium, Motera",2.0,7.5
AR Patel,Saurashtra Cricket Association Stadium,3.0,7.125
AR Patel,Sawai Mansingh Stadium,0.5,8.875
AR Patel,"Sawai Mansingh Stadium, Jaipur",1.0,5.25
AR Patel,Sharjah Cricket Stadium,1.0,5.404761904761904
AR Patel,Sheikh Zayed Stadium,0.7142857142857143,7.178571428571429
AR Patel,Wankhede Stadium,1.0,9.097222222222223
AR Patel,"Wankhede Stadium, Mumbai",0.6666666666666666,8.069444444444445
AR Patel,"Zayed Cricket Stadium, Abu Dhabi",1.0,6.75
AS Joseph,"Arun Jaitley Stadium, Delhi",2.0,7.25
AS Joseph,"Brabourne Stadium, Mumbai",1.0,10.375
AS Joseph,"Dr DY Patil Sports Academy, Mumbai",0.5,8.041666666666666
AS Joseph,"Eden Gardens, Kolkata",0.0,13.5
AS Joseph,"M Chinnaswamy Stadium, Bengaluru",0.5,13.875
AS Joseph,"MA Chidambaram Stadium, Chepauk, Chennai",0.0,10.363636363636363
AS Joseph,"Maharashtra Cricket Association Stadium, Pune",1.0,7.75
AS Joseph,"Narendra Modi Stadium, Ahmedabad",1.0,8.916666666666668
AS Joseph,"Punjab Cricket Association IS Bindra Stadium, Mohali, Chandigarh",1.0,8.0
AS Joseph,Rajiv Gandhi International Stadium,6.0,3.2727272727272725
AS Joseph,Wankhede Stadium,0.0,14.333333333333334
AS Joseph,"Wankhede Stadium, Mumbai",1.0,8.916666666666666
AS Rajpoot,Arun Jaitley Stadium,2.0,5.75
AS Rajpoot,Dubai International Cricket Stadium,0.5,10.375
AS Rajpoot,Eden Gardens,0.6,7.733333333333334
AS Rajpoot,Green Park,1.0,11.666666666666666
AS Rajpoot,Holkar Cricket Stadium,0.3333333333333333,13.555555555555555
AS Rajpoot,M Chinnaswamy Stadium,0.0,10.125
AS Rajpoot,M.Chinnaswamy Stadium,0.0,11.5
AS Rajpoot,"MA Chidambaram Stadium, Chepauk",1.0,8.333333333333332
AS Rajpoot,Maharashtra Cricket Association Stadium,2.0,4.75
AS Rajpoot,Punjab Cricket Association IS Bindra Stadium,0.0,5.25
AS Rajpoot,"Punjab Cricket Association IS Bindra Stadium, Mohali",0.0,8.5
AS Rajpoot,"Punjab Cricket Association Stadium, Mohali",0.0,10.0
AS Rajpoot,Rajiv Gandhi International Stadium,5.0,3.5
AS Rajpoot,Sawai Mansingh Stadium,2.0,8.25
AS Rajpoot,Sharjah Cricket Stadium,1.0,9.75
AS Rajpoot,Sheikh Zayed Stadium,0.0,12.333333333333334
AS Rajpoot,Wankhede Stadium,1.6666666666666667,11.25
Abhishek Sharma,"Arun Jaitley Stadium, Delhi",0.5,10.583333333333332
Abhishek Sharma,"Dr. Y.S. Rajasekhara Reddy ACA-VDCA Cricket Stadium, Visakhapatnam",0.0,9.0
Abhishek Sharma,Dubai International Cricket Stadium,0.4,9.2
Abhishek Sharma,"M Chinnaswamy Stadium, Bengaluru",0.0,10.0
Abhishek Sharma,"MA Chidambaram Stadium, Chepauk, Chennai",1.0,7.75
Abhishek Sharma,"Maharashtra Cricket Association Stadium, Pune",0.0,15.0
Abhishek Sharma,"Narendra Modi Stadium, Ahmedabad",0.0,13.0
Abhishek Sharma,Rajiv Gandhi International Stadium,0.5,10.5
Abhishek Sharma,"Rajiv Gandhi International Stadium, Uppal, Hyderabad",0.125,10.229166666666668
Abhishek Sharma,"Sawai Mansingh Stadium, Jaipur",0.0,7.5
Abhishek Sharma,Sharjah Cricket Stadium,0.0,4.5
Abhishek Sharma,Sheikh Zayed Stadium,0.0,9.75
Abhishek Sharma,"Wankhede Stadium, Mumbai",0.0,8.25
Abhishek Sharma,"Zayed Cricket Stadium, Abu Dhabi",2.0,4.0
Ankit Sharma,Barabati Stadium,1.0,4.625
Ankit Sharma,Dr. Y.S. Rajasekhara Reddy ACA-VDCA Cricket Stadium,0.5,6.916666666666667
Ankit Sharma,Feroz Shah Kotla,0.0,8.307692307692307
Ankit Sharma,JSCA International Stadium Complex,2.0,5.0
Ankit Sharma,"MA Chidambaram Stadium, Chepauk",0.5,7.125
Ankit Sharma,Maharashtra Cricket Association Stadium,0.0,8.583333333333334
Ankit Sharma,"Punjab Cricket Association IS Bindra Stadium, Mohali",1.0,6.75
Ankit Sharma,"Rajiv Gandhi International Stadium, Uppal",0.0,12.25
Ankit Sharma,"Sardar Patel Stadium, Motera",1.5,7.208333333333333
Ankit Sharma,Saurashtra Cricket Association Stadium,0.0,16.0
Ankit Sharma,Sawai Mansingh Stadium,0.0,9.625
Ankit Sharma,Subrata Roy Sahara Stadium,1.0,5.5
Ankit Sharma,Wankhede Stadium,1.0,7.25
Anureet Singh,Eden Gardens,1.5,12.304347826086957
Anureet Singh,Feroz Shah Kotla,0.0,8.0
Anureet Singh,Holkar Cricket Stadium,1.0,10.0
Anureet Singh,M Chinnaswamy Stadium,0.0,6.25
Anureet Singh,"MA Chidambaram Stadium, Chepauk",1.0,10.0
Anureet Singh,Maharashtra Cricket Association Stadium,1.6666666666666667,7.75
Anureet Singh,Newlands,2.0,8.75
Anureet Singh,"Punjab Cricket Association IS Bindra Stadium, Mohali",0.3333333333333333,9.111111111111112
Anureet Singh,"Punjab Cricket Association Stadium, Mohali",1.0,8.834558823529413
Anureet Singh,"Rajiv Gandhi International Stadium, Uppal",0.0,9.25
Anureet Singh,"Sardar Patel Stadium, Motera",1.0,10.25
Anureet Singh,Sawai Mansingh Stadium,1.0,12.0
Anureet Singh,SuperSport Park,0.0,12.0
Anureet Singh,Wankhede Stadium,2.0,10.25
Arshdeep Singh,"Arun Jaitley Stadium, Delhi",0.0,8.0
Arshdeep Singh,"Barsapara Cricket Stadium, Guwahati",1.5,9.75
Arshdeep Singh,"Bharat Ratna Shri Atal Bihari Vajpayee Ekana Cricket Stadium, Lucknow",2.0,9.361111111111112
Arshdeep Singh,"Brabourne Stadium, Mumbai",0.5,9.5
Arshdeep Singh,"Dr DY Patil Sports Academy, Mumbai",1.25,8.5
Arshdeep Singh,Dubai International Cricket Stadium,2.5714285714285716,8.666666666666666
Arshdeep Singh,"Eden Gardens, Kolkata",1.5,10.5
Arshdeep Singh,"Himachal Pradesh Cricket Association Stadium, Dharamsala",1.4,9.733333333333333
Arshdeep Singh,"M Chinnaswamy Stadium, Bengaluru",1.0,9.833333333333332
Arshdeep Singh,"MA Chidambaram Stadium, Chepauk, Chennai",1.2,9.507575757575758
Arshdeep Singh,"Maharaja Yadavindra Singh International Cricket Stadium, Mullanpur",1.1,8.633528428093646
Arshdeep Singh,"Maharashtra Cricket Association Stadium, Pune",1.0,6.5
Arshdeep Singh,"Narendra Modi Stadium, Ahmedabad",1.4,9.675
Arshdeep Singh,Punjab Cricket Association IS Bindra Stadium,1.0,11.375
Arshdeep Singh,"Punjab Cricket Association IS Bindra Stadium, Mohali, Chandigarh",1.4,10.760144927536231
Arshdeep Singh,Rajiv Gandhi International Stadium,1.0,10.5
Arshdeep Singh,"Rajiv Gandhi International Stadium, Uppal, Hyderabad",1.3333333333333333,8.38888888888889
Arshdeep Singh,"Sawai Mansingh Stadium, Jaipur",0.6666666666666666,10.25
Arshdeep Singh,Sharjah Cricket Stadium,1.0,9.625
Arshdeep Singh,Sheikh Zayed Stadium,1.0,8.791666666666666
Arshdeep Singh,"Wankhede Stadium, Mumbai",1.5,7.09375
Arshdeep Singh,"Zayed Cricket Stadium, Abu Dhabi",0.0,7.25
Avesh Khan,Arun Jaitley Stadium,1.0,12.0625
Avesh Khan,"Arun Jaitley Stadium, Delhi",0.0,21.0
Avesh Khan,"Barsapara Cricket Stadium, Guwahati",2.0,7.304347826086957
Avesh Khan,"Bharat Ratna Shri Atal Bihari Vajpayee Ekana Cricket Stadium, Lucknow",0.6363636363636364,8.656926406926408
Avesh Khan,"Brabourne Stadium, Mumbai",2.0,7.888888888888889
Avesh Khan,"Dr DY Patil Sports Academy, Mumbai",1.0,9.979166666666666
Avesh Khan,Dubai International Cricket Stadium,0.8,9.1
Avesh Khan,"Eden Gardens, Kolkata",1.3333333333333333,10.333333333333334
Avesh Khan,Feroz Shah Kotla,1.0,5.75
Avesh Khan,"Himachal Pradesh Cricket Association Stadium, Dharamsala",0.0,14.25
Avesh Khan,"M Chinnaswamy Stadium, Bengaluru",0.0,13.25
Avesh Khan,"MA Chidambaram Stadium, Chepauk, Chennai",1.8333333333333333,8.208333333333334
Avesh Khan,"Maharaja Yadavindra Singh International Cricket Stadium, Mullanpur",2.0,8.5
Avesh Khan,Maharashtra Cricket Association Stadium,0.0,7.0
Avesh Khan,"Maharashtra Cricket Association Stadium, Pune",1.6666666666666667,7.166666666666667
Avesh Khan,"Narendra Modi Stadium, Ahmedabad",1.5,9.384057971014492
Avesh Khan,Punjab Cricket Association IS Bindra Stadium,0.0,10.0
Avesh Khan,"Punjab Cricket Association IS Bindra Stadium, Mohali, Chandigarh",0.0,14.0
Avesh Khan,Rajiv Gandhi International Stadium,0.0,15.666666666666668
Avesh Khan,"Rajiv Gandhi International Stadium, Uppal, Hyderabad",1.3333333333333333,12.0
Avesh Khan,"Sawai Mansingh Stadium, Jaipur",1.4285714285714286,9.357142857142858
Avesh Khan,Sharjah Cricket Stadium,2.3333333333333335,4.527777777777778
Avesh Khan,"Wankhede Stadium, Mumbai",1.8571428571428572,8.107142857142858
Avesh Khan,"Zayed Cricket Stadium, Abu Dhabi",1.0,7.25
Azhar Mahmood,Brabourne Stadium,1.0,13.666666666666666
Azhar Mahmood,Eden Gardens,3.0,8.75
Azhar Mahmood,Feroz Shah Kotla,0.0,8.5
Azhar Mahmood,Himachal Pradesh Cricket Association Stadium,1.5,7.475
Azhar Mahmood,M Chinnaswamy Stadium,2.5,5.5
Azhar Mahmood,"MA Chidambaram Stadium, Chepauk",3.0,6.25
Azhar Mahmood,"Punjab Cricket Association Stadium, Mohali",1.2857142857142858,8.260204081632653
Azhar Mahmood,"Rajiv Gandhi International Stadium, Uppal",0.5,8.570652173913043
Azhar Mahmood,Sawai Mansingh Stadium,0.0,5.75
Azhar Mahmood,Subrata Roy Sahara Stadium,3.0,4.75
Azhar Mahmood,Wankhede Stadium,0.0,8.875
B Kumar,Arun Jaitley Stadium,1.5,9.75
B Kumar,"Arun Jaitley Stadium, Delhi",1.5,9.25
B Kumar,Barabati Stadium,1.0,5.5
B Kumar,"Bharat Ratna Shri Atal Bihari Vajpayee Ekana Cricket Stadium, Lucknow",1.0,10.583333333333334
B Kumar,Brabourne Stadium,3.0,11.0
B Kumar,"Brabourne Stadium, Mumbai",1.0,6.397435897435898
B Kumar,Dr DY Patil Sports Academy,0.5,5.666666666666667
B Kumar,"Dr DY Patil Sports Academy, Mumbai",1.5,7.5
B Kumar,Dr. Y.S. Rajasekhara Reddy ACA-VDCA Cricket Stadium,1.0,7.111111111111111
B Kumar,Dubai International Cricket Stadium,0.8571428571428571,6.545112781954887
B Kumar,Eden Gardens,1.5,8.053571428571429
B Kumar,"Eden Gardens, Kolkata",0.5,10.0
B Kumar,Feroz Shah Kotla,1.75,6.375
B Kumar,Green Park,2.0,7.5
B Kumar,JSCA International Stadium Complex,0.5,7.25
B Kumar,M Chinnaswamy Stadium,1.2857142857142858,7.903726708074534
B Kumar,"M Chinnaswamy Stadium, Bengaluru",1.0,10.36111111111111
B Kumar,M.Chinnaswamy Stadium,2.0,6.0
B Kumar,MA Chidambaram Stadium,2.0,4.5
B Kumar,"MA Chidambaram Stadium, Chepauk",0.6666666666666666,7.694444444444444
B Kumar,"MA Chidambaram Stadium, Chepauk, Chennai",0.5555555555555556,8.88888888888889
B Kumar,"Maharaja Yadavindra Singh International Cricket Stadium, Mullanpur",1.0,7.666666666666667
B Kumar,Maharashtra Cricket Association Stadium,1.3333333333333333,7.916666666666667
B Kumar,"Maharashtra Cricket Association Stadium, Pune",0.6666666666666666,6.5
B Kumar,"Narendra Modi Stadium, Ahmedabad",2.0,8.270833333333334
B Kumar,Punjab Cricket Association IS Bindra Stadium,0.5,6.25
B Kumar,"Punjab Cricket Association IS Bindra Stadium, Mohali",2.0,7.375
B Kumar,"Punjab Cricket Association Stadium, Mohali",1.6666666666666667,6.055555555555556
B Kumar,Rajiv Gandhi International Stadium,0.75,8.284722222222223
B Kumar,"Rajiv Gandhi International Stadium, Uppal",1.2916666666666667,7.769886363636363
B Kumar,"Rajiv Gandhi International Stadium, Uppal, Hyderabad",1.0769230769230769,8.846153846153847
B Kumar,"Sardar Patel Stadium, Motera",4.0,3.5
B Kumar,Saurashtra Cricket Association Stadium,4.0,7.25
B Kumar,Sawai Mansingh Stadium,0.3333333333333333,7.75
B Kumar,"Sawai Mansingh Stadium, Jaipur",1.0,9.5
B Kumar,Shaheed Veer Narayan Singh International Stadium,0.3333333333333333,6.916666666666667
B Kumar,Sharjah Cricket Stadium,1.5,6.875
B Kumar,Sheikh Zayed Stadium,1.0,7.305555555555556
B Kumar,Subrata Roy Sahara Stadium,0.8333333333333334,6.881944444444444
B Kumar,Wankhede Stadium,1.1428571428571428,6.024436090225564
B Kumar,"Wankhede Stadium, Mumbai",0.7142857142857143,8.321428571428571
B Kumar,"Zayed Cricket Stadium, Abu Dhabi",1.0,6.25
B Lee,Barabati Stadium,1.0,3.75
B Lee,Brabourne Stadium,0.0,9.6
B Lee,De Beers Diamond Oval,1.0,6.0
B Lee,Dr DY Patil Sports Academy,0.0,7.0
B Lee,Eden Gardens,0.5555555555555556,7.599206349206349
B Lee,Feroz Shah Kotla,1.0,7.25
B Lee,Kingsmead,0.0,4.0
B Lee,M Chinnaswamy Stadium,0.5,7.791666666666667
B Lee,"MA Chidambaram Stadium, Chepauk",0.5,9.5
B Lee,Nehru Stadium,0.0,10.5
B Lee,New Wanderers Stadium,0.5,7.75
B Lee,OUTsurance Oval,3.0,3.75
B Lee,"Punjab Cricket Association Stadium, Mohali",0.8571428571428571,8.142857142857142
B Lee,"Rajiv Gandhi International Stadium, Uppal",1.0,7.5
B Lee,Sawai Mansingh Stadium,1.0,7.0625
B Lee,Shaheed Veer Narayan Singh International Stadium,1.0,6.5
B Lee,SuperSport Park,1.0,6.25
B Lee,Wankhede Stadium,1.0,9.25
BA Stokes,Arun Jaitley Stadium,0.0,9.333333333333334
BA Stokes,Dubai International Cricket Stadium,0.0,11.083333333333334
BA Stokes,Eden Gardens,2.0,4.875
BA Stokes,Feroz Shah Kotla,2.0,7.75
BA Stokes,Holkar Cricket Stadium,0.5,7.666666666666667
BA Stokes,M Chinnaswamy Stadium,3.0,4.5
BA Stokes,M.Chinnaswamy Stadium,1.0,10.666666666666666
BA Stokes,MA Chidambaram Stadium,1.0,10.0
BA Stokes,"MA Chidambaram Stadium, Chepauk, Chennai",0.0,18.0
BA Stokes,Maharashtra Cricket Association Stadium,0.5,9.013888888888888
BA Stokes,Rajiv Gandhi International Stadium,0.5,11.916666666666668
BA Stokes,"Rajiv Gandhi International Stadium, Uppal",3.0,7.5
BA Stokes,Saurashtra Cricket Association Stadium,0.0,6.0
BA Stokes,Sawai Mansingh Stadium,0.6666666666666666,8.649999999999999
BA Stokes,Sheikh Zayed Stadium,1.0,8.5
BA Stokes,Wankhede Stadium,2.0,5.875
BA Stokes,"Wankhede Stadium, Mumbai",0.0,12.0
BB Sran,Arun Jaitley Stadium,1.0,11.25
BB Sran,Brabourne Stadium,0.0,11.666666666666666
BB Sran,Dr. Y.S. Rajasekhara Reddy ACA-VDCA Cricket Stadium,1.5,5.821428571428571
BB Sran,Eden Gardens,1.0,11.25
BB Sran,Feroz Shah Kotla,0.5,9.5
BB Sran,Holkar Cricket Stadium,1.0,16.0
BB Sran,M Chinnaswamy Stadium,1.0,13.666666666666666
BB Sran,Punjab Cricket Association IS Bindra Stadium,1.0,7.375
BB Sran,Rajiv Gandhi International Stadium,0.0,9.0
BB Sran,"Rajiv Gandhi International Stadium, Uppal",0.7142857142857143,9.142857142857142
BB Sran,Saurashtra Cricket Association Stadium,1.0,9.0
BB Sran,Shaheed Veer Narayan Singh International Stadium,2.0,8.5
BB Sran,Wankhede Stadium,0.0,12.0
BJ Hodge,Buffalo Park,1.0,6.5
BJ Hodge,Dr DY Patil Sports Academy,1.5,7.0
BJ Hodge,Eden Gardens,0.5,7.5
BJ Hodge,Holkar Cricket Stadium,2.5,8.125
BJ Hodge,Kingsmead,1.0,12.75
BJ Hodge,"MA Chidambaram Stadium, Chepauk",1.0,8.0
BJ Hodge,New Wanderers Stadium,0.5,4.833333333333333
BJ Hodge,"Rajiv Gandhi International Stadium, Uppal",0.0,3.0
BJ Hodge,"Sardar Patel Stadium, Motera",0.0,12.0
BJ Hodge,Sawai Mansingh Stadium,0.5,10.5
BJ Hodge,St George's Park,1.0,8.083333333333334
BJ Hodge,SuperSport Park,0.0,6.0
Basil Thampi,"Brabourne Stadium, Mumbai",3.0,8.75
Basil Thampi,"Dr DY Patil Sports Academy, Mumbai",0.0,26.0
Basil Thampi,Dr. Y.S. Rajasekhara Reddy ACA-VDCA Cricket Stadium,0.0,10.25
Basil Thampi,Eden Gardens,2.0,11.0
Basil Thampi,Feroz Shah Kotla,1.0,10.0
Basil Thampi,Green Park,2.0,11.727272727272728
Basil Thampi,M Chinnaswamy Stadium,1.0,8.5
Basil Thampi,M.Chinnaswamy Stadium,0.0,12.375
Basil Thampi,Maharashtra Cricket Association Stadium,2.0,8.75
Basil Thampi,"Maharashtra Cricket Association Stadium, Pune",0.6666666666666666,8.0
Basil Thampi,"Punjab Cricket Association IS Bindra Stadium, Mohali",1.0,12.0
Basil Thampi,Rajiv Gandhi International Stadium,2.0,6.0
Basil Thampi,"Rajiv Gandhi International Stadium, Uppal",0.0,10.5
Basil Thampi,Saurashtra Cricket Association Stadium,1.5,8.25
Basil Thampi,Sawai Mansingh Stadium,1.0,13.0
Basil Thampi,Sheikh Zayed Stadium,1.0,11.5
Basil Thampi,Wankhede Stadium,0.6666666666666666,6.893939393939394
Bipul Sharma,Barabati Stadium,1.0,9.5
Bipul Sharma,Dr. Y.S. Rajasekhara Reddy ACA-VDCA Cricket Stadium,0.0,14.0
Bipul Sharma,Eden Gardens,0.6666666666666666,6.75
Bipul Sharma,Feroz Shah Kotla,1.0,7.5
Bipul Sharma,Holkar Cricket Stadium,2.0,8.0
Bipul Sharma,M Chinnaswamy Stadium,0.6666666666666666,8.944444444444445
Bipul Sharma,"MA Chidambaram Stadium, Chepauk",0.0,11.0
Bipul Sharma,Maharashtra Cricket Association Stadium,1.0,7.5
Bipul Sharma,"Punjab Cricket Association Stadium, Mohali",1.6666666666666667,6.416666666666667
Bipul Sharma,"Rajiv Gandhi International Stadium, Uppal",0.7142857142857143,9.035714285714286
Bipul Sharma,Saurashtra Cricket Association Stadium,1.0,5.0
Bipul Sharma,Sawai Mansingh Stadium,0.0,9.5
Bipul Sharma,Subrata Roy Sahara Stadium,0.0,15.0
Bipul Sharma,Wankhede Stadium,1.0,5.5
C Green,"Arun Jaitley Stadium, Delhi",0.0,10.0
C Green,"Bharat Ratna Shri Atal Bihari Vajpayee Ekana Cricket Stadium, Lucknow",1.0,8.0
C Green,"Eden Gardens, Kolkata",2.0,8.75
C Green,"Himachal Pradesh Cricket Association Stadium, Dharamsala",0.0,16.0
C Green,"M Chinnaswamy Stadium, Bengaluru",0.7142857142857143,9.25
C Green,"MA Chidambaram Stadium, Chepauk, Chennai",1.0,8.0
C Green,"Narendra Modi Stadium, Ahmedabad",0.5,13.041666666666666
C Green,"Punjab Cricket Association IS Bindra Stadium, Mohali, Chandigarh",0.0,7.5
C Green,"Rajiv Gandhi International Stadium, Uppal, Hyderabad",1.5,6.625
C Green,"Sawai Mansingh Stadium, Jaipur",0.0,8.526315789473685
C Green,"Wankhede Stadium, Mumbai",0.5714285714285714,8.535714285714286
C Sakariya,"Arun Jaitley Stadium, Delhi",0.3333333333333333,8.166666666666666
C Sakariya,"Bharat Ratna Shri Atal Bihari Vajpayee Ekana Cricket Stadium, Lucknow",2.0,13.25
C Sakariya,"Dr DY Patil Sports Academy, Mumbai",2.0,5.75
C Sakariya,Dubai International Cricket Stadium,0.6666666666666666,8.111111111111112
C Sakariya,"Eden Gardens, Kolkata",0.0,13.0
C Sakariya,Sharjah Cricket Stadium,1.0,8.875
C Sakariya,"Wankhede Stadium, Mumbai",1.1428571428571428,8.309523809523808
C Sakariya,"Zayed Cricket Stadium, Abu Dhabi",1.5,8.0
CH Gayle,Brabourne Stadium,0.0,7.75
CH Gayle,Buffalo Park,1.0,5.25
CH Gayle,Eden Gardens,0.3333333333333333,9.833333333333334
CH Gayle,Feroz Shah Kotla,0.3333333333333333,9.166666666666666
CH Gayle,Himachal Pradesh Cricket Association Stadium,0.0,8.75
CH Gayle,Kingsmead,0.0,11.043478260869566
CH Gayle,M Chinnaswamy Stadium,0.6153846153846154,8.28525641025641
CH Gayle,"MA Chidambaram Stadium, Chepauk",1.0,7.944444444444444
CH Gayle,Newlands,0.0,9.5
CH Gayle,"Punjab Cricket Association Stadium, Mohali",0.5,14.833333333333332
CH Gayle,Sawai Mansingh Stadium,1.0,7.666666666666666
CH Gayle,Shaheed Veer Narayan Singh International Stadium,2.0,5.5
CH Gayle,Sheikh Zayed Stadium,0.0,6.0
CH Gayle,St George's Park,0.0,9.333333333333334
CH Gayle,Subrata Roy Sahara Stadium,1.0,5.0
CH Gayle,Wankhede Stadium,0.0,4.75
CH Morris,Arun Jaitley Stadium,0.3333333333333333,10.138888888888888
CH Morris,"Arun Jaitley Stadium, Delhi",2.5,7.75
CH Morris,Brabourne Stadium,2.0,7.625
CH Morris,Dr. Y.S. Rajasekhara Reddy ACA-VDCA Cricket Stadium,1.0,7.388888888888888
CH Morris,Dubai International Cricket Stadium,1.5,9.053030303030303
CH Morris,Eden Gardens,1.1666666666666667,8.041666666666666
CH Morris,Feroz Shah Kotla,1.5,7.275
CH Morris,M Chinnaswamy Stadium,0.0,9.125
CH Morris,M.Chinnaswamy Stadium,1.6666666666666667,7.666666666666667
CH Morris,MA Chidambaram Stadium,1.0,11.75
CH Morris,"MA Chidambaram Stadium, Chepauk",1.2857142857142858,8.523809523809524
CH Morris,Maharashtra Cricket Association Stadium,0.6666666666666666,8.416666666666666
CH Morris,Punjab Cricket Association IS Bindra Stadium,2.0,7.916666666666666
CH Morris,"Punjab Cricket Association IS Bindra Stadium, Mohali",1.0,7.0
CH Morris,"Punjab Cricket Association Stadium, Mohali",2.0,6.75
CH Morris,Rajiv Gandhi International Stadium,3.0,7.333333333333334
CH Morris,"Rajiv Gandhi International Stadium, Uppal",2.3333333333333335,7.75
CH Morris,"Sardar Patel Stadium, Motera",1.25,7.629166666666666
CH Morris,Saurashtra Cricket Association Stadium,1.0,8.0
CH Morris,Sawai Mansingh Stadium,0.6666666666666666,10.194444444444445
CH Morris,Shaheed Veer Narayan Singh International Stadium,1.0,10.333333333333334
CH Morris,Sharjah Cricket Stadium,0.75,6.5625
CH Morris,Sheikh Zayed Stadium,0.6666666666666666,7.5
CH Morris,Subrata Roy Sahara Stadium,2.0,7.0
CH Morris,Wankhede Stadium,1.0,6.458333333333334
CH Morris,"Wankhede Stadium, Mumbai",2.0,9.183333333333334
CJ Anderson,Brabourne Stadium,0.0,11.666666666666666
CJ Anderson,Dubai International Cricket Stadium,1.0,14.75
CJ Anderson,Eden Gardens,1.0,10.014705882352942
CJ Anderson,Feroz Shah Kotla,0.6,9.533333333333333
CJ Anderson,Green Park,0.0,9.5
CJ Anderson,M.Chinnaswamy Stadium,1.0,12.909090909090908
CJ Anderson,Maharashtra Cricket Association Stadium,0.0,10.0
CJ Anderson,"Rajiv Gandhi International Stadium, Uppal",0.0,8.5
CJ Anderson,"Sardar Patel Stadium, Motera",0.0,6.0
CJ Anderson,Sharjah Cricket Stadium,1.0,8.0
CJ Anderson,Sheikh Zayed Stadium,0.0,11.0
CJ Anderson,Wankhede Stadium,1.0,9.5625
CJ Jordan,"Bharat Ratna Shri Atal Bihari Vajpayee Ekana Cricket Stadium, Lucknow",0.0,12.5
CJ Jordan,"Brabourne Stadium, Mumbai",3.0,5.75
CJ Jordan,"Dr DY Patil Sports Academy, Mumbai",0.0,10.666666666666666
CJ Jordan,Dubai International Cricket Stadium,1.6,9.933333333333334
CJ Jordan,Eden Gardens,0.0,7.333333333333334
CJ Jordan,M Chinnaswamy Stadium,1.8571428571428572,9.357142857142858
CJ Jordan,"MA Chidambaram Stadium, Chepauk, Chennai",1.0,3.5
CJ Jordan,"Maharashtra Cricket Association Stadium, Pune",0.0,15.130434782608695
CJ Jordan,"Narendra Modi Stadium, Ahmedabad",0.5,10.0625
CJ Jordan,Punjab Cricket Association IS Bindra Stadium,0.0,7.75
CJ Jordan,"Punjab Cricket Association IS Bindra Stadium, Mohali",0.0,13.0
CJ Jordan,Shaheed Veer Narayan Singh International Stadium,1.0,5.0
CJ Jordan,Sharjah Cricket Stadium,1.5,6.458333333333334
CJ Jordan,Sheikh Zayed Stadium,1.0,10.718253968253968
CJ Jordan,"Wankhede Stadium, Mumbai",0.6666666666666666,10.333333333333334
CR Woakes,Eden Gardens,2.0,7.916666666666667
CR Woakes,Feroz Shah Kotla,1.0,7.75
CR Woakes,M Chinnaswamy Stadium,1.0,9.75
CR Woakes,M.Chinnaswamy Stadium,1.3333333333333333,10.85
CR Woakes,Maharashtra Cricket Association Stadium,0.0,12.666666666666668
CR Woakes,"Punjab Cricket Association IS Bindra Stadium, Mohali",2.0,5.0
CR Woakes,"Rajiv Gandhi International Stadium, Uppal",2.0,11.5
CR Woakes,Saurashtra Cricket Association Stadium,0.0,11.666666666666666
CR Woakes,Wankhede Stadium,1.0,9.416666666666668
CR Woakes,"Wankhede Stadium, Mumbai",1.6666666666666667,7.333333333333333
CV Varun,"Arun Jaitley Stadium, Delhi",1.3333333333333333,10.583333333333334
CV Varun,"Barsapara Cricket Stadium, Guwahati",2.0,4.25
CV Varun,"Bharat Ratna Shri Atal Bihari Vajpayee Ekana Cricket Stadium, Lucknow",3.0,10.0
CV Varun,"Brabourne Stadium, Mumbai",0.3333333333333333,13.666666666666666
CV Varun,"Dr DY Patil Sports Academy, Mumbai",0.5,8.4375
CV Varun,"Dr. Y.S. Rajasekhara Reddy ACA-VDCA Cricket Stadium, Visakhapatnam",3.0,8.25
CV Varun,Dubai International Cricket Stadium,1.6666666666666667,6.375
CV Varun,Eden Gardens,1.0,11.666666666666666
CV Varun,"Eden Gardens, Kolkata",1.380952380952381,8.55988455988456
CV Varun,"M Chinnaswamy Stadium, Bengaluru",1.5,8.375
CV Varun,"MA Chidambaram Stadium, Chepauk, Chennai",1.1428571428571428,7.285714285714286
CV Varun,"Maharaja Yadavindra Singh International Cricket Stadium, Mullanpur",2.0,5.25
CV Varun,"Maharashtra Cricket Association Stadium, Pune",1.0,7.125
CV Varun,"Narendra Modi Stadium, Ahmedabad",0.75,8.625
CV Varun,"Punjab Cricket Association IS Bindra Stadium, Mohali, Chandigarh",1.0,6.5
CV Varun,"Rajiv Gandhi International Stadium, Uppal, Hyderabad",1.0,5.0
CV Varun,Sharjah Cricket Stadium,0.7142857142857143,6.857142857142857
CV Varun,Sheikh Zayed Stadium,1.2857142857142858,6.535714285714286
CV Varun,"Wankhede Stadium, Mumbai",1.0,6.142857142857143
CV Varun,"Zayed Cricket Stadium, Abu Dhabi",2.0,4.75
DE Bollinger,Dr DY Patil Sports Academy,3.0,5.416666666666667
DE Bollinger,Dr. Y.S. Rajasekhara Reddy ACA-VDCA Cricket Stadium,2.0,9.230769230769232
DE Bollinger,Eden Gardens,0.0,6.0
DE Bollinger,Feroz Shah Kotla,0.0,9.0
DE Bollinger,Himachal Pradesh Cricket Association Stadium,0.0,9.75
DE Bollinger,M Chinnaswamy Stadium,0.0,8.5
DE Bollinger,"MA Chidambaram Stadium, Chepauk",1.7857142857142858,7.478778467908903
DE Bollinger,Nehru Stadium,1.0,6.0
DE Bollinger,Sawai Mansingh Stadium,3.0,5.5
DE Bollinger,"Vidarbha Cricket Association Stadium, Jamtha",0.0,10.333333333333334
DE Bollinger,Wankhede Stadium,1.5,6.25
DJ Bravo,Arun Jaitley Stadium,1.5,10.625
DJ Bravo,Brabourne Stadium,0.4,9.277192982456139
DJ Bravo,"Brabourne Stadium, Mumbai",0.6666666666666666,9.972222222222221
DJ Bravo,Buffalo Park,0.0,2.0
DJ Bravo,Dr DY Patil Sports Academy,0.75,9.112637362637363
DJ Bravo,"Dr DY Patil Sports Academy, Mumbai",1.5,9.84375
DJ Bravo,Dr. Y.S. Rajasekhara Reddy ACA-VDCA Cricket Stadium,1.0,7.375
DJ Bravo,Dubai International Cricket Stadium,0.8888888888888888,9.592592592592592
DJ Bravo,Eden Gardens,1.1111111111111112,8.892592592592592
DJ Bravo,Feroz Shah Kotla,1.5,6.138888888888888
DJ Bravo,Green Park,1.5,6.375
DJ Bravo,Himachal Pradesh Cricket Association Stadium,2.0,6.0
DJ Bravo,JSCA International Stadium Complex,2.0,7.0
DJ Bravo,Kingsmead,2.0,8.833333333333334
DJ Bravo,M Chinnaswamy Stadium,0.6666666666666666,8.98611111111111
DJ Bravo,M.Chinnaswamy Stadium,3.0,8.375
DJ Bravo,MA Chidambaram Stadium,0.5714285714285714,8.035714285714286
DJ Bravo,"MA Chidambaram Stadium, Chepauk",1.5333333333333334,8.095238095238095
DJ Bravo,Maharashtra Cricket Association Stadium,1.2857142857142858,9.619047619047619
DJ Bravo,"Maharashtra Cricket Association Stadium, Pune",3.0,5.75
DJ Bravo,New Wanderers Stadium,0.0,10.666666666666666
DJ Bravo,Newlands,1.0,6.75
DJ Bravo,Punjab Cricket Association IS Bindra Stadium,0.5,8.0
DJ Bravo,"Punjab Cricket Association IS Bindra Stadium, Mohali",4.0,5.5
DJ Bravo,"Punjab Cricket Association Stadium, Mohali",1.3333333333333333,8.583333333333334
DJ Bravo,Rajiv Gandhi International Stadium,1.0,10.166666666666666
DJ Bravo,"Rajiv Gandhi International Stadium, Uppal",2.25,5.791666666666667
DJ Bravo,"Sardar Patel Stadium, Motera",1.0,12.857142857142858
DJ Bravo,Saurashtra Cricket Association Stadium,0.75,9.604166666666666
DJ Bravo,Sawai Mansingh Stadium,1.0,10.355072463768117
DJ Bravo,Sharjah Cricket Stadium,2.0,5.972222222222221
DJ Bravo,Sheikh Zayed Stadium,4.0,9.25
DJ Bravo,St George's Park,1.3333333333333333,7.6944444444444455
DJ Bravo,Subrata Roy Sahara Stadium,0.5,7.416666666666667
DJ Bravo,SuperSport Park,1.5,6.916666666666666
DJ Bravo,Wankhede Stadium,1.6666666666666667,8.541666666666666
DJ Bravo,"Wankhede Stadium, Mumbai",1.4285714285714286,7.761904761904762
DJ Hooda,"Arun Jaitley Stadium, Delhi",0.0,9.0
DJ Hooda,"Bharat Ratna Shri Atal Bihari Vajpayee Ekana Cricket Stadium, Lucknow",0.0,7.25
DJ Hooda,Brabourne Stadium,0.0,11.333333333333332
DJ Hooda,"Brabourne Stadium, Mumbai",0.0,12.0
DJ Hooda,Dr. Y.S. Rajasekhara Reddy ACA-VDCA Cricket Stadium,0.5,9.25
DJ Hooda,Dubai International Cricket Stadium,0.0,13.75
DJ Hooda,Eden Gardens,2.0,8.0
DJ Hooda,Feroz Shah Kotla,0.0,6.5
DJ Hooda,"MA Chidambaram Stadium, Chepauk, Chennai",0.5,5.25
DJ Hooda,"Narendra Modi Stadium, Ahmedabad",0.25,10.875
DJ Hooda,Punjab Cricket Association IS Bindra Stadium,0.0,8.0
DJ Hooda,"Punjab Cricket Association IS Bindra Stadium, Mohali",0.0,17.0
DJ Hooda,Rajiv Gandhi International Stadium,0.0,8.0
DJ Hooda,"Rajiv Gandhi International Stadium, Uppal",0.3333333333333333,6.5
DJ Hooda,"Sardar Patel Stadium, Motera",0.25,12.416666666666666
DJ Hooda,Saurashtra Cricket Association Stadium,1.0,7.333333333333334
DJ Hooda,Shaheed Veer Narayan Singh International Stadium,0.0,8.0
DJ Hooda,Wankhede Stadium,1.0,9.0
DJ Hooda,"Wankhede Stadium, Mumbai",0.5,9.666666666666668
DJ Hussey,Eden Gardens,0.2,10.033333333333333
DJ Hussey,Feroz Shah Kotla,0.3333333333333333,9.5
DJ Hussey,Himachal Pradesh Cricket Association Stadium,0.0,7.666666666666666
DJ Hussey,JSCA International Stadium Complex,2.0,13.411764705882351
DJ Hussey,M Chinnaswamy Stadium,0.0,4.5
DJ Hussey,"MA Chidambaram Stadium, Chepauk",0.25,7.9375
DJ Hussey,New Wanderers Stadium,0.0,6.0
DJ Hussey,"Punjab Cricket Association Stadium, Mohali",0.5,10.666666666666666
DJ Hussey,"Rajiv Gandhi International Stadium, Uppal",2.0,2.0
DJ Hussey,Sawai Mansingh Stadium,0.0,13.0
DJ Hussey,SuperSport Park,0.5,9.5
DJ Hussey,Wankhede Stadium,0.0,14.0
DL Chahar,Arun Jaitley Stadium,1.0,6.333333333333333
DL Chahar,"Arun Jaitley Stadium, Delhi",1.0,7.4375
DL Chahar,"Bharat Ratna Shri Atal Bihari Vajpayee Ekana Cricket Stadium, Lucknow",0.0,10.138888888888888
DL Chahar,Dr. Y.S. Rajasekhara Reddy ACA-VDCA Cricket Stadium,0.6666666666666666,7.611111111111112
DL Chahar,"Dr. Y.S. Rajasekhara Reddy ACA-VDCA Cricket Stadium, Visakhapatnam",0.0,10.5
DL Chahar,Dubai International Cricket Stadium,0.8333333333333334,8.006944444444445
DL Chahar,Eden Gardens,0.0,9.0
DL Chahar,M.Chinnaswamy Stadium,1.0,8.125
DL Chahar,MA Chidambaram Stadium,1.1111111111111112,8.915343915343916
DL Chahar,"MA Chidambaram Stadium, Chepauk, Chennai",1.2727272727272727,8.674242424242424
DL Chahar,Maharashtra Cricket Association Stadium,0.7142857142857143,8.419413919413918
DL Chahar,"Narendra Modi Stadium, Ahmedabad",1.0,8.833333333333334
DL Chahar,Punjab Cricket Association IS Bindra Stadium,0.0,9.666666666666666
DL Chahar,Rajiv Gandhi International Stadium,2.3333333333333335,6.861111111111112
DL Chahar,"Rajiv Gandhi International Stadium, Uppal, Hyderabad",1.5,6.552631578947368
DL Chahar,Sawai Mansingh Stadium,2.0,8.25
DL Chahar,"Sawai Mansingh Stadium, Jaipur",0.5,7.916666666666667
DL Chahar,Sharjah Cricket Stadium,0.8,7.5
DL Chahar,Sheikh Zayed Stadium,1.0,8.5625
DL Chahar,Wankhede Stadium,0.75,6.416666666666667
DL Chahar,"Wankhede Stadium, Mumbai",1.0769230769230769,9.775641025641026
DL Chahar,"Zayed Cricket Stadium, Abu Dhabi",1.0,8.0
DL Vettori,Eden Gardens,1.3333333333333333,7.25
DL Vettori,Feroz Shah Kotla,1.0,7.422727272727272
DL Vettori,Kingsmead,3.0,7.25
DL Vettori,M Chinnaswamy Stadium,1.1,5.858333333333333
DL Vettori,"MA Chidambaram Stadium, Chepauk",0.75,6.625
DL Vettori,Nehru Stadium,1.0,4.25
DL Vettori,New Wanderers Stadium,0.0,8.0
DL Vettori,Newlands,5.0,5.0
DL Vettori,OUTsurance Oval,0.0,4.7368421052631575
DL Vettori,"Punjab Cricket Association Stadium, Mohali",0.0,6.0
DL Vettori,"Rajiv Gandhi International Stadium, Uppal",0.0,7.25
DL Vettori,Sawai Mansingh Stadium,0.0,5.0
DL Vettori,St George's Park,1.0,8.75
DL Vettori,SuperSport Park,0.5,11.833333333333332
DL Vettori,Wankhede Stadium,0.0,11.454545454545457
DP Nannes,Barabati Stadium,1.0,9.75
DP Nannes,Buffalo Park,3.0,8.25
DP Nannes,Feroz Shah Kotla,1.0,5.871710526315789
DP Nannes,Kingsmead,1.0,9.333333333333334
DP Nannes,M Chinnaswamy Stadium,1.0,3.875
DP Nannes,"MA Chidambaram Stadium, Chepauk",0.6,8.628947368421052
DP Nannes,Nehru Stadium,1.0,10.333333333333334
DP Nannes,New Wanderers Stadium,3.0,5.25
DP Nannes,Newlands,0.0,8.0
DP Nannes,OUTsurance Oval,1.0,8.25
DP Nannes,"Punjab Cricket Association Stadium, Mohali",2.5,3.717391304347826
DP Nannes,"Sardar Patel Stadium, Motera",2.0,6.75
DP Nannes,St George's Park,1.0,6.0
DP Nannes,SuperSport Park,1.5,7.49702380952381
DR Smith,Barabati Stadium,1.0,12.0
DR Smith,Buffalo Park,0.0,10.5
DR Smith,De Beers Diamond Oval,0.0,4.0
DR Smith,Eden Gardens,0.75,7.625
DR Smith,Feroz Shah Kotla,0.5,11.138888888888888
DR Smith,Green Park,2.0,9.416666666666666
DR Smith,Kingsmead,0.3333333333333333,10.25
DR Smith,M Chinnaswamy Stadium,0.6,8.9
DR Smith,Maharashtra Cricket Association Stadium,0.0,8.666666666666666
DR Smith,"Rajiv Gandhi International Stadium, Uppal",0.0,15.0
DR Smith,Saurashtra Cricket Association Stadium,0.4,13.8
DR Smith,Sawai Mansingh Stadium,0.0,7.25
DR Smith,Sharjah Cricket Stadium,1.0,5.5
DR Smith,Sheikh Zayed Stadium,1.0,9.75
DR Smith,St George's Park,0.0,10.5
DR Smith,SuperSport Park,0.0,10.5
DR Smith,"Vidarbha Cricket Association Stadium, Jamtha",0.5,10.882352941176471
DR Smith,Wankhede Stadium,0.8,9.7
DS Kulkarni,Arun Jaitley Stadium,1.0,12.333333333333332
DS Kulkarni,"Arun Jaitley Stadium, Delhi",0.0,12.0
DS Kulkarni,Brabourne Stadium,1.3333333333333333,9.75
DS Kulkarni,Buffalo Park,0.0,3.0
DS Kulkarni,Dr DY Patil Sports Academy,1.25,6.588235294117647
DS Kulkarni,Dr. Y.S. Rajasekhara Reddy ACA-VDCA Cricket Stadium,2.0,3.0
DS Kulkarni,Dubai International Cricket Stadium,0.0,6.0
DS Kulkarni,Eden Gardens,0.3333333333333333,8.0
DS Kulkarni,Feroz Shah Kotla,0.8,9.083333333333332
DS Kulkarni,Green Park,1.6666666666666667,8.75
DS Kulkarni,Himachal Pradesh Cricket Association Stadium,0.0,18.0
DS Kulkarni,Kingsmead,0.0,12.625
DS Kulkarni,M Chinnaswamy Stadium,1.8,9.266666666666666
DS Kulkarni,M.Chinnaswamy Stadium,0.0,14.0
DS Kulkarni,MA Chidambaram Stadium,1.0,9.25
DS Kulkarni,"MA Chidambaram Stadium, Chepauk",1.0,8.333333333333332
DS Kulkarni,Maharashtra Cricket Association Stadium,1.0,7.444444444444444
DS Kulkarni,Punjab Cricket Association IS Bindra Stadium,1.0,9.25
DS Kulkarni,"Punjab Cricket Association IS Bindra Stadium, Mohali",1.0,6.0
DS Kulkarni,"Punjab Cricket Association Stadium, Mohali",1.5,10.875
DS Kulkarni,Rajiv Gandhi International Stadium,0.0,9.843137254901961
DS Kulkarni,"Rajiv Gandhi International Stadium, Uppal",1.0,6.416666666666667
DS Kulkarni,"Sardar Patel Stadium, Motera",0.4,6.75
DS Kulkarni,Saurashtra Cricket Association Stadium,0.5,10.303921568627452
DS Kulkarni,Sawai Mansingh Stadium,0.75,8.395833333333334
DS Kulkarni,Sharjah Cricket Stadium,0.5,9.916666666666668
DS Kulkarni,Sheikh Zayed Stadium,2.0,5.75
DS Kulkarni,St George's Park,1.0,8.625
DS Kulkarni,SuperSport Park,1.0,8.416666666666666
DS Kulkarni,Wankhede Stadium,1.6666666666666667,8.352777777777778
DT Christian,Arun Jaitley Stadium,1.0,5.666666666666666
DT Christian,Dr DY Patil Sports Academy,2.0,4.333333333333333
DT Christian,Dr. Y.S. Rajasekhara Reddy ACA-VDCA Cricket Stadium,1.5,9.375
DT Christian,Dubai International Cricket Stadium,0.6666666666666666,10.166666666666666
DT Christian,Eden Gardens,1.0,8.583333333333332
DT Christian,Feroz Shah Kotla,1.6666666666666667,9.083333333333334
DT Christian,Himachal Pradesh Cricket Association Stadium,2.0,7.0
DT Christian,Holkar Cricket Stadium,0.0,12.0
DT Christian,M Chinnaswamy Stadium,0.0,8.5
DT Christian,"MA Chidambaram Stadium, Chepauk",0.3333333333333333,6.416666666666667
DT Christian,"MA Chidambaram Stadium, Chepauk, Chennai",0.0,8.75
DT Christian,Maharashtra Cricket Association Stadium,1.2,6.6
DT Christian,Nehru Stadium,0.0,4.0
DT Christian,Punjab Cricket Association IS Bindra Stadium,1.0,6.0
DT Christian,"Punjab Cricket Association Stadium, Mohali",2.0,7.75
DT Christian,Rajiv Gandhi International Stadium,0.0,9.652173913043478
DT Christian,"Rajiv Gandhi International Stadium, Uppal",0.7777777777777778,8.481481481481481
DT Christian,Sawai Mansingh Stadium,1.0,10.75
DT Christian,Sharjah Cricket Stadium,0.0,14.2
DT Christian,Wankhede Stadium,0.6,7.5166666666666675
DT Christian,"Wankhede Stadium, Mumbai",0.0,6.0
DT Christian,"Zayed Cricket Stadium, Abu Dhabi",2.0,4.666666666666667
DW Steyn,Barabati Stadium,1.0,8.75
DW Steyn,Brabourne Stadium,3.0,6.5
DW Steyn,Dr DY Patil Sports Academy,1.6666666666666667,6.722222222222222
DW Steyn,Dr. Y.S. Rajasekhara Reddy ACA-VDCA Cricket Stadium,1.5,6.0
DW Steyn,Dubai International Cricket Stadium,1.25,9.125
DW Steyn,Eden Gardens,1.0,8.821428571428571
DW Steyn,Feroz Shah Kotla,1.5,5.25
DW Steyn,Himachal Pradesh Cricket Association Stadium,1.0,4.333333333333333
DW Steyn,JSCA International Stadium Complex,0.0,10.75
DW Steyn,M Chinnaswamy Stadium,0.4,6.916666666666667
DW Steyn,M.Chinnaswamy Stadium,2.0,7.25
DW Steyn,"MA Chidambaram Stadium, Chepauk",1.25,7.375
DW Steyn,Maharashtra Cricket Association Stadium,1.0,8.5
DW Steyn,Nehru Stadium,3.0,4.571428571428571
DW Steyn,Newlands,1.0,5.0
DW Steyn,"Punjab Cricket Association Stadium, Mohali",1.25,8.9375
DW Steyn,"Rajiv Gandhi International Stadium, Uppal",1.2083333333333333,6.719565217391303
DW Steyn,"Sardar Patel Stadium, Motera",2.0,7.75
DW Steyn,Saurashtra Cricket Association Stadium,0.0,8.5
DW Steyn,Sawai Mansingh Stadium,0.6666666666666666,6.5
DW Steyn,Sharjah Cricket Stadium,0.0,5.75
DW Steyn,Sheikh Zayed Stadium,1.0,9.0
DW Steyn,St George's Park,1.0,8.75
DW Steyn,"Vidarbha Cricket Association Stadium, Jamtha",3.0,4.5
DW Steyn,Wankhede Stadium,1.3333333333333333,5.916666666666667
GB Hogg,Eden Gardens,1.3,7.9799999999999995
GB Hogg,Feroz Shah Kotla,0.5,8.75
GB Hogg,M Chinnaswamy Stadium,1.0,8.125
GB Hogg,"MA Chidambaram Stadium, Chepauk",1.5,4.5
GB Hogg,Sawai Mansingh Stadium,1.0,8.375
GB Hogg,Wankhede Stadium,2.0,7.75
GJ Maxwell,Arun Jaitley Stadium,0.5,10.25
GJ Maxwell,"Arun Jaitley Stadium, Delhi",0.0,8.399999999999999
GJ Maxwell,Barabati Stadium,0.5,10.75
GJ Maxwell,"Bharat Ratna Shri Atal Bihari Vajpayee Ekana Cricket Stadium, Lucknow",1.0,5.166666666666667
GJ Maxwell,"Brabourne Stadium, Mumbai",0.5,9.25
GJ Maxwell,"Dr DY Patil Sports Academy, Mumbai",1.0,7.583333333333334
GJ Maxwell,Dubai International Cricket Stadium,0.5,8.583333333333334
GJ Maxwell,Eden Gardens,0.25,11.5
GJ Maxwell,Feroz Shah Kotla,0.0,9.0
GJ Maxwell,Himachal Pradesh Cricket Association Stadium,0.0,18.0
GJ Maxwell,M Chinnaswamy Stadium,1.0,11.375
GJ Maxwell,"M Chinnaswamy Stadium, Bengaluru",1.1666666666666667,10.111111111111112
GJ Maxwell,M.Chinnaswamy Stadium,1.0,6.5
GJ Maxwell,"MA Chidambaram Stadium, Chepauk, Chennai",0.0,9.5
GJ Maxwell,"Maharaja Yadavindra Singh International Cricket Stadium, Mullanpur",0.6666666666666666,4.666666666666667
GJ Maxwell,Maharashtra Cricket Association Stadium,0.3333333333333333,7.5
GJ Maxwell,"Maharashtra Cricket Association Stadium, Pune",1.0,4.75
GJ Maxwell,"Narendra Modi Stadium, Ahmedabad",0.6666666666666666,9.333333333333334
GJ Maxwell,"Punjab Cricket Association IS Bindra Stadium, Mohali",0.5714285714285714,7.75
GJ Maxwell,"Punjab Cricket Association IS Bindra Stadium, Mohali, Chandigarh",0.0,5.0
GJ Maxwell,"Punjab Cricket Association Stadium, Mohali",0.0,8.0
GJ Maxwell,Rajiv Gandhi International Stadium,0.0,4.0
GJ Maxwell,"Rajiv Gandhi International Stadium, Uppal",0.5,8.666666666666668
GJ Maxwell,"Rajiv Gandhi International Stadium, Uppal, Hyderabad",0.0,13.333333333333334
GJ Maxwell,"Sardar Patel Stadium, Motera",0.0,15.0
GJ Maxwell,"Sawai Mansingh Stadium, Jaipur",1.0,3.0
GJ Maxwell,Sharjah Cricket Stadium,0.3333333333333333,9.0
GJ Maxwell,Sheikh Zayed Stadium,0.0,11.5
GJ Maxwell,Subrata Roy Sahara Stadium,0.0,5.0
GJ Maxwell,Wankhede Stadium,0.3333333333333333,5.0
GJ Maxwell,"Wankhede Stadium, Mumbai",0.75,9.375
HH Pandya,Arun Jaitley Stadium,0.5,8.75
HH Pandya,"Arun Jaitley Stadium, Delhi",0.0,12.333333333333334
HH Pandya,"Bharat Ratna Shri Atal Bihari Vajpayee Ekana Cricket Stadium, Lucknow",2.6666666666666665,7.5
HH Pandya,"Brabourne Stadium, Mumbai",1.0,9.0
HH Pandya,"Dr DY Patil Sports Academy, Mumbai",1.0,6.975
HH Pandya,Dr. Y.S. Rajasekhara Reddy ACA-VDCA Cricket Stadium,0.0,10.0
HH Pandya,Eden Gardens,1.4,8.233333333333334
HH Pandya,"Eden Gardens, Kolkata",0.3333333333333333,9.666666666666666
HH Pandya,Feroz Shah Kotla,0.3333333333333333,5.333333333333333
HH Pandya,Green Park,0.0,10.0
HH Pandya,Holkar Cricket Stadium,0.5,10.0
HH Pandya,M Chinnaswamy Stadium,0.3333333333333333,6.944444444444444
HH Pandya,M.Chinnaswamy Stadium,1.5,10.833333333333332
HH Pandya,MA Chidambaram Stadium,0.5,8.75
HH Pandya,"MA Chidambaram Stadium, Chepauk",0.0,4.0
HH Pandya,"Maharaja Yadavindra Singh International Cricket Stadium, Mullanpur",1.0,8.25
HH Pandya,"Maharaja Yadavindra Singh International Cricket Stadium, New Chandigarh",0.0,12.333333333333332
HH Pandya,Maharashtra Cricket Association Stadium,0.6666666666666666,8.583333333333334
HH Pandya,"Maharashtra Cricket Association Stadium, Pune",0.5,6.75
HH Pandya,"Narendra Modi Stadium, Ahmedabad",0.8181818181818182,9.06060606060606
HH Pandya,Punjab Cricket Association IS Bindra Stadium,0.0,13.0
HH Pandya,Rajiv Gandhi International Stadium,0.5,5.0
HH Pandya,"Rajiv Gandhi International Stadium, Uppal",0.0,11.222222222222223
HH Pandya,"Rajiv Gandhi International Stadium, Uppal, Hyderabad",1.0,10.916666666666668
HH Pandya,Sawai Mansingh Stadium,1.5,8.5625
HH Pandya,"Sawai Mansingh Stadium, Jaipur",0.5,9.5
HH Pandya,Wankhede Stadium,0.8888888888888888,9.700617283950619
HH Pandya,"Wankhede Stadium, Mumbai",0.8571428571428571,10.410714285714286
HV Patel,Arun Jaitley Stadium,1.6,9.540000000000001
HV Patel,"Arun Jaitley Stadium, Delhi",0.5,13.25
HV Patel,"Barsapara Cricket Stadium, Guwahati",3.0,7.0
HV Patel,"Bharat Ratna Shri Atal Bihari Vajpayee Ekana Cricket Stadium, Lucknow",1.25,9.722826086956522
HV Patel,"Brabourne Stadium, Mumbai",2.0,8.75
HV Patel,"Dr DY Patil Sports Academy, Mumbai",1.6666666666666667,7.833333333333333
HV Patel,"Dr. Y.S. Rajasekhara Reddy ACA-VDCA Cricket Stadium, Visakhapatnam",0.0,5.666666666666666
HV Patel,Dubai International Cricket Stadium,1.6,8.223684210526315
HV Patel,Eden Gardens,1.0,10.458333333333332
HV Patel,"Eden Gardens, Kolkata",1.5,11.416666666666668
HV Patel,Feroz Shah Kotla,1.3333333333333333,7.888888888888889
HV Patel,"Himachal Pradesh Cricket Association Stadium, Dharamsala",3.0,7.75
HV Patel,JSCA International Stadium Complex,1.0,6.782608695652174
HV Patel,M Chinnaswamy Stadium,0.8461538461538461,9.102564102564102
HV Patel,"M Chinnaswamy Stadium, Bengaluru",1.25,9.88125
HV Patel,M.Chinnaswamy Stadium,1.0,11.0
HV Patel,"MA Chidambaram Stadium, Chepauk",2.0,4.75
HV Patel,"MA Chidambaram Stadium, Chepauk, Chennai",3.0,7.25
HV Patel,"Maharaja Yadavindra Singh International Cricket Stadium, Mullanpur",2.8,8.5
HV Patel,Maharashtra Cricket Association Stadium,2.0,8.25
HV Patel,"Maharashtra Cricket Association Stadium, Pune",2.0,7.583333333333333
HV Patel,"Narendra Modi Stadium, Ahmedabad",0.6,11.264912280701754
HV Patel,Punjab Cricket Association IS Bindra Stadium,1.0,9.25
HV Patel,"Punjab Cricket Association IS Bindra Stadium, Mohali, Chandigarh",1.0,6.6000000000000005
HV Patel,"Punjab Cricket Association Stadium, Mohali",1.5,8.5
HV Patel,"Rajiv Gandhi International Stadium, Uppal",0.0,12.5
HV Patel,"Rajiv Gandhi International Stadium, Uppal, Hyderabad",1.5714285714285714,10.071428571428571
HV Patel,"Sardar Patel Stadium, Motera",2.0,5.75
HV Patel,Sawai Mansingh Stadium,2.0,8.0
HV Patel,Sharjah Cricket Stadium,1.6,7.028947368421052
HV Patel,Sheikh Zayed Stadium,0.0,10.0
HV Patel,Subrata Roy Sahara Stadium,1.0,9.0
HV Patel,Wankhede Stadium,1.25,8.0
HV Patel,"Wankhede Stadium, Mumbai",1.25,9.130952380952381
HV Patel,"Zayed Cricket Stadium, Abu Dhabi",1.5,7.375
Harbhajan Singh,Arun Jaitley Stadium,0.0,9.75
Harbhajan Singh,Barabati Stadium,2.0,5.5
Harbhajan Singh,Brabourne Stadium,1.3333333333333333,6.263888888888889
Harbhajan Singh,"Brabourne Stadium, Mumbai",1.0,6.25
Harbhajan Singh,Buffalo Park,0.5,5.625
Harbhajan Singh,Dr DY Patil Sports Academy,1.5,7.979166666666666
Harbhajan Singh,Dr. Y.S. Rajasekhara Reddy ACA-VDCA Cricket Stadium,1.0,7.05
Harbhajan Singh,Dubai International Cricket Stadium,0.6666666666666666,4.75
Harbhajan Singh,Eden Gardens,1.1111111111111112,8.444444444444445
Harbhajan Singh,Feroz Shah Kotla,1.0,7.858333333333333
Harbhajan Singh,Green Park,1.0,9.0
Harbhajan Singh,Himachal Pradesh Cricket Association Stadium,1.0,8.25
Harbhajan Singh,Holkar Cricket Stadium,0.0,6.0
Harbhajan Singh,Kingsmead,1.0,6.75
Harbhajan Singh,M Chinnaswamy Stadium,0.875,6.9375
Harbhajan Singh,M.Chinnaswamy Stadium,0.0,12.0
Harbhajan Singh,MA Chidambaram Stadium,1.75,5.90625
Harbhajan Singh,"MA Chidambaram Stadium, Chepauk",0.6666666666666666,7.583333333333333
Harbhajan Singh,"MA Chidambaram Stadium, Chepauk, Chennai",0.0,8.666666666666666
Harbhajan Singh,Maharashtra Cricket Association Stadium,0.6666666666666666,8.244565217391305
Harbhajan Singh,New Wanderers Stadium,0.0,7.0
Harbhajan Singh,Newlands,1.0,5.0
Harbhajan Singh,Punjab Cricket Association IS Bindra Stadium,2.0,12.25
Harbhajan Singh,"Punjab Cricket Association IS Bindra Stadium, Mohali",0.0,7.75
Harbhajan Singh,"Punjab Cricket Association Stadium, Mohali",1.0,7.916666666666667
Harbhajan Singh,Rajiv Gandhi International Stadium,0.0,6.75
Harbhajan Singh,"Rajiv Gandhi International Stadium, Uppal",0.5,7.25
Harbhajan Singh,"Sardar Patel Stadium, Motera",2.0,3.25
Harbhajan Singh,Saurashtra Cricket Association Stadium,1.0,5.75
Harbhajan Singh,Sawai Mansingh Stadium,1.0,8.65
Harbhajan Singh,Sharjah Cricket Stadium,0.0,5.75
Harbhajan Singh,Sheikh Zayed Stadium,0.0,8.333333333333332
Harbhajan Singh,St George's Park,1.0,6.1944444444444455
Harbhajan Singh,Subrata Roy Sahara Stadium,2.0,4.0
Harbhajan Singh,SuperSport Park,1.6666666666666667,6.0
Harbhajan Singh,Wankhede Stadium,1.0851063829787233,7.324468085106383
Harmeet Singh,Dr DY Patil Sports Academy,0.5,6.25
Harmeet Singh,Eden Gardens,0.6666666666666666,8.15
Harmeet Singh,Feroz Shah Kotla,1.75,7.583333333333334
Harmeet Singh,Kingsmead,0.0,19.0
Harmeet Singh,M Chinnaswamy Stadium,0.0,13.0
Harmeet Singh,"MA Chidambaram Stadium, Chepauk",1.0,8.666666666666666
Harmeet Singh,New Wanderers Stadium,1.0,8.092391304347826
Harmeet Singh,Newlands,1.0,8.375
Harmeet Singh,"Punjab Cricket Association Stadium, Mohali",1.0,10.479166666666666
Harmeet Singh,Sawai Mansingh Stadium,1.0,7.666666666666666
Harmeet Singh,Subrata Roy Sahara Stadium,2.0,7.85
Harmeet Singh,SuperSport Park,0.0,7.166666666666667
Harmeet Singh,"Vidarbha Cricket Association Stadium, Jamtha",2.3333333333333335,5.833333333333333
Harpreet Brar,Arun Jaitley Stadium,0.0,12.0
Harpreet Brar,"Arun Jaitley Stadium, Delhi",4.0,7.5
Harpreet Brar,"Barsapara Cricket Stadium, Guwahati",0.0,8.75
Harpreet Brar,"Bharat Ratna Shri Atal Bihari Vajpayee Ekana Cricket Stadium, Lucknow",0.5,6.0
Harpreet Brar,"Brabourne Stadium, Mumbai",1.0,8.25
Harpreet Brar,"Dr DY Patil Sports Academy, Mumbai",0.0,11.166666666666668
Harpreet Brar,Dubai International Cricket Stadium,0.3333333333333333,7.138888888888888
Harpreet Brar,"Eden Gardens, Kolkata",0.5,7.25
Harpreet Brar,"Himachal Pradesh Cricket Association Stadium, Dharamsala",0.0,16.0
Harpreet Brar,"M Chinnaswamy Stadium, Bengaluru",2.0,7.875
Harpreet Brar,"MA Chidambaram Stadium, Chepauk, Chennai",1.5,7.375
Harpreet Brar,"Maharaja Yadavindra Singh International Cricket Stadium, Mullanpur",0.2857142857142857,7.928571428571429
Harpreet Brar,"Narendra Modi Stadium, Ahmedabad",1.6666666666666667,6.4444444444444455
Harpreet Brar,Punjab Cricket Association IS Bindra Stadium,0.0,8.0
Harpreet Brar,"Punjab Cricket Association IS Bindra Stadium, Mohali, Chandigarh",0.75,8.208333333333334
Harpreet Brar,"Rajiv Gandhi International Stadium, Uppal, Hyderabad",0.5,10.105263157894736
Harpreet Brar,"Sawai Mansingh Stadium, Jaipur",2.0,8.25
Harpreet Brar,Sharjah Cricket Stadium,0.0,6.375
Harpreet Brar,"Wankhede Stadium, Mumbai",1.0,8.0
Harpreet Brar,"Zayed Cricket Stadium, Abu Dhabi",0.0,11.0
Harshit Rana,"Arun Jaitley Stadium, Delhi",0.0,12.791666666666668
Harshit Rana,"Barsapara Cricket Stadium, Guwahati",2.0,9.0
Harshit Rana,"Bharat Ratna Shri Atal Bihari Vajpayee Ekana Cricket Stadium, Lucknow",3.0,7.578947368421052
Harshit Rana,"Eden Gardens, Kolkata",1.3888888888888888,10.087962962962964
Harshit Rana,"M Chinnaswamy Stadium, Bengaluru",2.0,9.75
Harshit Rana,"MA Chidambaram Stadium, Chepauk, Chennai",1.3333333333333333,6.5
Harshit Rana,"Maharaja Yadavindra Singh International Cricket Stadium, Mullanpur",3.0,8.333333333333332
Harshit Rana,"Maharashtra Cricket Association Stadium, Pune",0.0,13.5
Harshit Rana,"Narendra Modi Stadium, Ahmedabad",1.0,6.75
Harshit Rana,"Rajiv Gandhi International Stadium, Uppal, Hyderabad",1.0,6.75
Harshit Rana,"Wankhede Stadium, Mumbai",0.5,11.0
I Sharma,Arun Jaitley Stadium,1.0,7.791666666666667
I Sharma,"Arun Jaitley Stadium, Delhi",1.3333333333333333,8.930555555555555
I Sharma,"Bharat Ratna Shri Atal Bihari Vajpayee Ekana Cricket Stadium, Lucknow",1.0,9.0
I Sharma,Brabourne Stadium,1.5,9.666666666666666
I Sharma,Buffalo Park,1.0,6.0
I Sharma,Dr DY Patil Sports Academy,0.5,7.041666666666667
I Sharma,Dr. Y.S. Rajasekhara Reddy ACA-VDCA Cricket Stadium,1.5,7.25
I Sharma,"Dr. Y.S. Rajasekhara Reddy ACA-VDCA Cricket Stadium, Visakhapatnam",1.0,11.0
I Sharma,Eden Gardens,0.5384615384615384,7.6089743589743595
I Sharma,"Eden Gardens, Kolkata",1.0,9.0
I Sharma,Feroz Shah Kotla,1.3333333333333333,12.027777777777779
I Sharma,"Himachal Pradesh Cricket Association Stadium, Dharamsala",2.0,12.0
I Sharma,Holkar Cricket Stadium,0.0,14.5
I Sharma,Kingsmead,1.0,6.833333333333333
I Sharma,M Chinnaswamy Stadium,0.5,8.420454545454545
I Sharma,"M Chinnaswamy Stadium, Bengaluru",1.0,11.916666666666668
I Sharma,M.Chinnaswamy Stadium,0.0,7.75
I Sharma,"MA Chidambaram Stadium, Chepauk",0.25,10.6875
I Sharma,"MA Chidambaram Stadium, Chepauk, Chennai",0.0,11.5
I Sharma,"Maharaja Yadavindra Singh International Cricket Stadium, Mullanpur",2.0,8.0
I Sharma,Maharashtra Cricket Association Stadium,0.3333333333333333,9.75
I Sharma,"Narendra Modi Stadium, Ahmedabad",1.0,7.416666666666667
I Sharma,Nehru Stadium,5.0,4.0
I Sharma,New Wanderers Stadium,1.0,5.75
I Sharma,Newlands,1.0,6.666666666666666
I Sharma,"Punjab Cricket Association IS Bindra Stadium, Mohali",0.0,9.458333333333332
I Sharma,"Punjab Cricket Association Stadium, Mohali",0.0,8.791666666666668
I Sharma,Rajiv Gandhi International Stadium,0.0,6.333333333333334
I Sharma,"Rajiv Gandhi International Stadium, Uppal",0.7058823529411765,7.3088235294117645
I Sharma,"Rajiv Gandhi International Stadium, Uppal, Hyderabad",0.5,9.625
I Sharma,"Sardar Patel Stadium, Motera",2.0,8.25
I Sharma,Saurashtra Cricket Association Stadium,1.0,9.75
I Sharma,Sawai Mansingh Stadium,0.6666666666666666,8.472222222222221
I Sharma,"Sawai Mansingh Stadium, Jaipur",0.0,18.0
I Sharma,Shaheed Veer Narayan Singh International Stadium,0.0,9.75
I Sharma,Sharjah Cricket Stadium,2.0,9.25
I Sharma,Sheikh Zayed Stadium,0.5,7.958333333333333
I Sharma,St George's Park,1.5,7.0
I Sharma,SuperSport Park,0.0,10.0
I Sharma,Wankhede Stadium,1.5,9.044444444444444
I Sharma,"Wankhede Stadium, Mumbai",0.0,13.333333333333334
IC Pandey,Barabati Stadium,0.0,10.25
IC Pandey,Brabourne Stadium,0.0,8.333333333333332
IC Pandey,Dubai International Cricket Stadium,1.0,5.375
IC Pandey,Eden Gardens,1.0,7.75
IC Pandey,Feroz Shah Kotla,0.0,8.666666666666666
IC Pandey,JSCA International Stadium Complex,0.3333333333333333,8.166666666666666
IC Pandey,M Chinnaswamy Stadium,0.5,10.875
IC Pandey,"MA Chidambaram Stadium, Chepauk",1.2,8.133333333333333
IC Pandey,"Punjab Cricket Association Stadium, Mohali",1.0,7.333333333333334
IC Pandey,"Sardar Patel Stadium, Motera",0.0,6.0
IC Pandey,Shaheed Veer Narayan Singh International Stadium,2.0,6.75
IC Pandey,Sharjah Cricket Stadium,0.0,7.333333333333334
IC Pandey,Sheikh Zayed Stadium,2.0,5.75
IC Pandey,Wankhede Stadium,1.0,8.194444444444445
IK Pathan,Barabati Stadium,1.0,5.333333333333333
IK Pathan,Brabourne Stadium,1.0,6.666666666666667
IK Pathan,De Beers Diamond Oval,1.0,10.5
IK Pathan,Dr DY Patil Sports Academy,0.0,9.333333333333334
IK Pathan,Dr. Y.S. Rajasekhara Reddy ACA-VDCA Cricket Stadium,0.0,7.458333333333333
IK Pathan,Dubai International Cricket Stadium,2.0,5.0
IK Pathan,Eden Gardens,0.25,8.829545454545455
IK Pathan,Feroz Shah Kotla,0.6956521739130435,7.461012942726497
IK Pathan,Himachal Pradesh Cricket Association Stadium,1.0,8.783333333333333
IK Pathan,JSCA International Stadium Complex,0.0,11.333333333333332
IK Pathan,Kingsmead,1.8333333333333333,7.583333333333333
IK Pathan,M Chinnaswamy Stadium,0.8,9.044705882352941
IK Pathan,"MA Chidambaram Stadium, Chepauk",0.8,8.216666666666667
IK Pathan,Nehru Stadium,2.0,6.75
IK Pathan,New Wanderers Stadium,1.0,11.75
IK Pathan,Newlands,0.6666666666666666,7.333333333333333
IK Pathan,OUTsurance Oval,3.0,5.5
IK Pathan,"Punjab Cricket Association IS Bindra Stadium, Mohali",0.0,7.0
IK Pathan,"Punjab Cricket Association Stadium, Mohali",1.9090909090909092,7.5601726648637415
IK Pathan,"Rajiv Gandhi International Stadium, Uppal",0.5,8.3125
IK Pathan,"Sardar Patel Stadium, Motera",2.0,4.363636363636363
IK Pathan,Saurashtra Cricket Association Stadium,2.0,13.0
IK Pathan,Sawai Mansingh Stadium,0.5,10.979166666666666
IK Pathan,Shaheed Veer Narayan Singh International Stadium,2.0,5.625
IK Pathan,Sharjah Cricket Stadium,0.0,14.0
IK Pathan,St George's Park,0.0,9.25
IK Pathan,Subrata Roy Sahara Stadium,1.0,6.416666666666667
IK Pathan,SuperSport Park,0.5,6.85
IK Pathan,Wankhede Stadium,1.0,6.65
Imran Tahir,Arun Jaitley Stadium,1.0,10.0
Imran Tahir,Dr. Y.S. Rajasekhara Reddy ACA-VDCA Cricket Stadium,0.6666666666666666,10.166666666666666
Imran Tahir,Dubai International Cricket Stadium,0.0,7.5
Imran Tahir,Eden Gardens,2.3333333333333335,9.083333333333334
Imran Tahir,Feroz Shah Kotla,1.6,7.425
Imran Tahir,Holkar Cricket Stadium,2.0,7.25
Imran Tahir,M Chinnaswamy Stadium,1.0,9.375
Imran Tahir,M.Chinnaswamy Stadium,1.5,8.25
Imran Tahir,MA Chidambaram Stadium,1.5555555555555556,6.15
Imran Tahir,"MA Chidambaram Stadium, Chepauk",1.0,6.75
Imran Tahir,Maharashtra Cricket Association Stadium,1.7777777777777777,8.37962962962963
Imran Tahir,Punjab Cricket Association IS Bindra Stadium,1.0,8.75
Imran Tahir,"Punjab Cricket Association Stadium, Mohali",1.0,8.347826086956522
Imran Tahir,Rajiv Gandhi International Stadium,2.0,6.333333333333333
Imran Tahir,"Rajiv Gandhi International Stadium, Uppal",1.0,6.0
Imran Tahir,"Sardar Patel Stadium, Motera",2.0,6.25
Imran Tahir,Saurashtra Cricket Association Stadium,1.0,13.25
Imran Tahir,Sawai Mansingh Stadium,0.0,7.0
Imran Tahir,Sharjah Cricket Stadium,0.0,7.333333333333334
Imran Tahir,Sheikh Zayed Stadium,1.0,6.0
Imran Tahir,Wankhede Stadium,1.4,9.16
Imran Tahir,"Wankhede Stadium, Mumbai",3.0,4.0
Iqbal Abdulla,Dr DY Patil Sports Academy,1.0,4.0
Iqbal Abdulla,Eden Gardens,1.2142857142857142,6.3690476190476195
Iqbal Abdulla,Feroz Shah Kotla,1.3333333333333333,6.194444444444444
Iqbal Abdulla,Holkar Cricket Stadium,0.0,9.5
Iqbal Abdulla,M Chinnaswamy Stadium,1.0,8.65
Iqbal Abdulla,M.Chinnaswamy Stadium,2.0,12.0
Iqbal Abdulla,"MA Chidambaram Stadium, Chepauk",0.2,8.246666666666666
Iqbal Abdulla,Maharashtra Cricket Association Stadium,0.0,7.333333333333334
Iqbal Abdulla,Nehru Stadium,0.0,8.0
Iqbal Abdulla,"Punjab Cricket Association IS Bindra Stadium, Mohali",0.0,8.666666666666666
Iqbal Abdulla,"Punjab Cricket Association Stadium, Mohali",0.0,6.0
Iqbal Abdulla,"Rajiv Gandhi International Stadium, Uppal",2.5,8.032608695652174
Iqbal Abdulla,"Sardar Patel Stadium, Motera",1.0,7.0
Iqbal Abdulla,Saurashtra Cricket Association Stadium,0.0,10.25
Iqbal Abdulla,Sawai Mansingh Stadium,0.0,7.5
Iqbal Abdulla,Shaheed Veer Narayan Singh International Stadium,0.0,7.0
Iqbal Abdulla,Sheikh Zayed Stadium,0.0,8.5
Iqbal Abdulla,Subrata Roy Sahara Stadium,1.3333333333333333,6.388888888888889
Iqbal Abdulla,Wankhede Stadium,1.25,7.729166666666666
J Botha,Dr. Y.S. Rajasekhara Reddy ACA-VDCA Cricket Stadium,0.0,6.5
J Botha,Eden Gardens,0.6,8.5
J Botha,Feroz Shah Kotla,0.6666666666666666,9.472222222222223
J Botha,Kingsmead,2.0,6.375
J Botha,M Chinnaswamy Stadium,1.0,7.5
J Botha,"MA Chidambaram Stadium, Chepauk",0.5,8.5
J Botha,OUTsurance Oval,1.0,5.75
J Botha,"Punjab Cricket Association Stadium, Mohali",2.0,5.25
J Botha,"Rajiv Gandhi International Stadium, Uppal",1.0,6.305555555555556
J Botha,Sawai Mansingh Stadium,0.75,6.833333333333333
J Botha,Subrata Roy Sahara Stadium,1.0,6.25
J Botha,Wankhede Stadium,0.0,14.0
J Suchith,"Arun Jaitley Stadium, Delhi",0.0,15.0
J Suchith,"Brabourne Stadium, Mumbai",1.5,7.333333333333333
J Suchith,"Dr DY Patil Sports Academy, Mumbai",1.0,7.0
J Suchith,Eden Gardens,0.0,15.5
J Suchith,MA Chidambaram Stadium,2.0,7.0
J Suchith,"MA Chidambaram Stadium, Chepauk",1.0,5.25
J Suchith,"MA Chidambaram Stadium, Chepauk, Chennai",1.0,5.25
J Suchith,"Punjab Cricket Association Stadium, Mohali",1.0,8.25
J Suchith,"Rajiv Gandhi International Stadium, Uppal",2.0,4.666666666666667
J Suchith,"Sardar Patel Stadium, Motera",0.0,7.75
J Suchith,Wankhede Stadium,0.75,10.364583333333334
J Suchith,"Wankhede Stadium, Mumbai",1.5,8.5
J Yadav,Arun Jaitley Stadium,0.0,6.25
J Yadav,"Arun Jaitley Stadium, Delhi",0.0,12.333333333333332
J Yadav,"Bharat Ratna Shri Atal Bihari Vajpayee Ekana Cricket Stadium, Lucknow",0.0,6.5
J Yadav,Dubai International Cricket Stadium,0.5,6.125
J Yadav,Feroz Shah Kotla,0.3333333333333333,6.166666666666667
J Yadav,M Chinnaswamy Stadium,0.0,2.0
J Yadav,MA Chidambaram Stadium,1.0,8.333333333333332
J Yadav,"MA Chidambaram Stadium, Chepauk, Chennai",0.5,5.625
J Yadav,"Rajiv Gandhi International Stadium, Uppal",0.5,8.0
J Yadav,Shaheed Veer Narayan Singh International Stadium,0.5,6.5
J Yadav,Sharjah Cricket Stadium,1.0,8.125
JA Morkel,"Brabourne Stadium, Mumbai",0.0,6.5
JA Morkel,Buffalo Park,2.0,8.0
JA Morkel,De Beers Diamond Oval,1.0,8.0
JA Morkel,Dr DY Patil Sports Academy,2.3333333333333335,5.972222222222222
JA Morkel,Dr. Y.S. Rajasekhara Reddy ACA-VDCA Cricket Stadium,0.0,10.0
JA Morkel,Dubai International Cricket Stadium,0.5,9.833333333333332
JA Morkel,Eden Gardens,0.6666666666666666,6.263888888888888
JA Morkel,Feroz Shah Kotla,0.8,8.483333333333333
JA Morkel,Himachal Pradesh Cricket Association Stadium,1.0,10.0
JA Morkel,Kingsmead,1.0,7.722222222222222
JA Morkel,M Chinnaswamy Stadium,1.0,7.875
JA Morkel,"MA Chidambaram Stadium, Chepauk",1.3448275862068966,8.00574712643678
JA Morkel,Maharashtra Cricket Association Stadium,1.5,13.5
JA Morkel,Nehru Stadium,0.0,8.5
JA Morkel,New Wanderers Stadium,1.0,8.333333333333332
JA Morkel,"Punjab Cricket Association Stadium, Mohali",1.0,12.666666666666668
JA Morkel,"Rajiv Gandhi International Stadium, Uppal",3.0,9.25
JA Morkel,"Sardar Patel Stadium, Motera",2.0,11.5
JA Morkel,Sawai Mansingh Stadium,0.3333333333333333,7.777777777777779
JA Morkel,Shaheed Veer Narayan Singh International Stadium,1.0,9.333333333333332
JA Morkel,Sharjah Cricket Stadium,1.0,8.25
JA Morkel,St George's Park,2.0,6.875
JA Morkel,Subrata Roy Sahara Stadium,0.5,8.833333333333334
JA Morkel,SuperSport Park,1.0,10.083333333333334
JA Morkel,Wankhede Stadium,0.6,9.5
JC Archer,Arun Jaitley Stadium,1.0,9.789473684210526
JC Archer,"Arun Jaitley Stadium, Delhi",2.0,8.0
JC Archer,"Barsapara Cricket Stadium, Guwahati",0.5,8.766666666666666
JC Archer,Dubai International Cricket Stadium,1.5,5.977272727272727
JC Archer,Eden Gardens,1.0,8.666666666666666
JC Archer,"Eden Gardens, Kolkata",1.0,7.5
JC Archer,Holkar Cricket Stadium,1.0,11.727272727272728
JC Archer,"M Chinnaswamy Stadium, Bengaluru",1.0,8.25
JC Archer,MA Chidambaram Stadium,2.0,4.25
JC Archer,"MA Chidambaram Stadium, Chepauk, Chennai",0.0,6.0
JC Archer,"Maharaja Yadavindra Singh International Cricket Stadium, Mullanpur",3.0,6.25
JC Archer,"Narendra Modi Stadium, Ahmedabad",1.0,7.5
JC Archer,Punjab Cricket Association IS Bindra Stadium,3.0,3.75
JC Archer,"Punjab Cricket Association IS Bindra Stadium, Mohali, Chandigarh",0.0,14.0
JC Archer,Rajiv Gandhi International Stadium,0.0,10.5
JC Archer,"Rajiv Gandhi International Stadium, Uppal, Hyderabad",0.0,19.0
JC Archer,Sawai Mansingh Stadium,1.0909090909090908,7.128787878787879
JC Archer,"Sawai Mansingh Stadium, Jaipur",0.5,9.9375
JC Archer,Sharjah Cricket Stadium,1.3333333333333333,8.0
JC Archer,Sheikh Zayed Stadium,1.4,6.45
JC Archer,Wankhede Stadium,2.5,6.875
JC Archer,"Wankhede Stadium, Mumbai",1.0,9.625
JD Unadkat,Arun Jaitley Stadium,3.0,11.5
JD Unadkat,"Arun Jaitley Stadium, Delhi",2.0,7.125
JD Unadkat,"Bharat Ratna Shri Atal Bihari Vajpayee Ekana Cricket Stadium, Lucknow",0.6666666666666666,10.638888888888888
JD Unadkat,"Brabourne Stadium, Mumbai",2.0,8.0
JD Unadkat,"Dr DY Patil Sports Academy, Mumbai",2.0,12.0
JD Unadkat,Dubai International Cricket Stadium,0.8571428571428571,9.130952380952381
JD Unadkat,Eden Gardens,0.8181818181818182,9.936147186147185
JD Unadkat,Feroz Shah Kotla,1.125,8.627570346320347
JD Unadkat,Holkar Cricket Stadium,0.0,6.5
JD Unadkat,JSCA International Stadium Complex,0.0,6.75
JD Unadkat,M Chinnaswamy Stadium,0.9,8.325
JD Unadkat,"M Chinnaswamy Stadium, Bengaluru",0.5,16.0
JD Unadkat,M.Chinnaswamy Stadium,0.5,10.333333333333332
JD Unadkat,MA Chidambaram Stadium,1.0,13.5
JD Unadkat,"MA Chidambaram Stadium, Chepauk, Chennai",0.75,7.727941176470589
JD Unadkat,"Maharaja Yadavindra Singh International Cricket Stadium, Mullanpur",1.0,12.25
JD Unadkat,Maharashtra Cricket Association Stadium,1.5,7.496980676328502
JD Unadkat,"Maharashtra Cricket Association Stadium, Pune",1.5,9.25
JD Unadkat,"Narendra Modi Stadium, Ahmedabad",1.5,9.585526315789474
JD Unadkat,Nehru Stadium,2.0,6.25
JD Unadkat,Punjab Cricket Association IS Bindra Stadium,1.0,12.0
JD Unadkat,"Punjab Cricket Association Stadium, Mohali",1.0,1.5
JD Unadkat,Rajiv Gandhi International Stadium,1.0,9.0
JD Unadkat,"Rajiv Gandhi International Stadium, Uppal",3.0,6.083333333333333
JD Unadkat,"Rajiv Gandhi International Stadium, Uppal, Hyderabad",1.0,8.385416666666666
JD Unadkat,Sawai Mansingh Stadium,0.9230769230769231,9.908974358974358
JD Unadkat,Sharjah Cricket Stadium,0.75,9.25
JD Unadkat,Sheikh Zayed Stadium,1.5,9.166666666666668
JD Unadkat,Wankhede Stadium,1.1428571428571428,10.083333333333334
JD Unadkat,"Wankhede Stadium, Mumbai",1.0,7.25
JH Kallis,Barabati Stadium,0.0,10.333333333333334
JH Kallis,Brabourne Stadium,1.0,8.75
JH Kallis,Dr DY Patil Sports Academy,0.6666666666666666,7.666666666666667
JH Kallis,Dubai International Cricket Stadium,1.0,7.5
JH Kallis,Eden Gardens,0.8571428571428571,7.785714285714286
JH Kallis,Feroz Shah Kotla,1.2,7.683333333333333
JH Kallis,JSCA International Stadium Complex,1.3333333333333333,8.75
JH Kallis,Kingsmead,1.3333333333333333,7.861111111111112
JH Kallis,M Chinnaswamy Stadium,0.875,7.671875
JH Kallis,"MA Chidambaram Stadium, Chepauk",1.0,8.055555555555555
JH Kallis,Nehru Stadium,1.0,7.0
JH Kallis,New Wanderers Stadium,0.5,5.625
JH Kallis,Newlands,0.0,9.5
JH Kallis,"Punjab Cricket Association Stadium, Mohali",1.3333333333333333,8.305555555555555
JH Kallis,"Rajiv Gandhi International Stadium, Uppal",0.3333333333333333,11.083333333333334
JH Kallis,Sawai Mansingh Stadium,0.6,7.6
JH Kallis,Shaheed Veer Narayan Singh International Stadium,1.0,9.666666666666668
JH Kallis,Sharjah Cricket Stadium,1.0,6.5
JH Kallis,Sheikh Zayed Stadium,0.3333333333333333,6.5555555555555545
JH Kallis,St George's Park,0.0,11.333333333333334
JH Kallis,Subrata Roy Sahara Stadium,2.0,6.375
JH Kallis,SuperSport Park,0.3333333333333333,7.666666666666667
JH Kallis,"Vidarbha Cricket Association Stadium, Jamtha",0.0,10.0
JH Kallis,Wankhede Stadium,1.25,8.458333333333332
JJ Bumrah,Arun Jaitley Stadium,2.0,5.875
JJ Bumrah,"Arun Jaitley Stadium, Delhi",1.75,9.375
JJ Bumrah,Barabati Stadium,0.0,7.666666666666666
JJ Bumrah,"Bharat Ratna Shri Atal Bihari Vajpayee Ekana Cricket Stadium, Lucknow",0.0,4.25
JJ Bumrah,Brabourne Stadium,0.0,10.909090909090908
JJ Bumrah,"Brabourne Stadium, Mumbai",0.0,10.299999999999999
JJ Bumrah,"Dr DY Patil Sports Academy, Mumbai",2.25,5.1875
JJ Bumrah,Dr. Y.S. Rajasekhara Reddy ACA-VDCA Cricket Stadium,1.0,6.166666666666667
JJ Bumrah,Dubai International Cricket Stadium,2.25,6.925
JJ Bumrah,Eden Gardens,0.75,9.333333333333334
JJ Bumrah,"Eden Gardens, Kolkata",3.0,9.75
JJ Bumrah,Feroz Shah Kotla,0.5,10.729166666666668
JJ Bumrah,Green Park,1.0,10.5
JJ Bumrah,Holkar Cricket Stadium,1.0,6.125
JJ Bumrah,M Chinnaswamy Stadium,1.8,7.366666666666667
JJ Bumrah,M.Chinnaswamy Stadium,2.5,5.25
JJ Bumrah,MA Chidambaram Stadium,1.0,5.541666666666666
JJ Bumrah,"MA Chidambaram Stadium, Chepauk, Chennai",1.0,6.4
JJ Bumrah,"Maharaja Yadavindra Singh International Cricket Stadium, Mullanpur",3.0,5.25
JJ Bumrah,"Maharaja Yadavindra Singh International Cricket Stadium, New Chandigarh",1.0,6.75
JJ Bumrah,Maharashtra Cricket Association Stadium,1.0,6.916666666666667
JJ Bumrah,"Maharashtra Cricket Association Stadium, Pune",0.3333333333333333,7.8055555555555545
JJ Bumrah,"Narendra Modi Stadium, Ahmedabad",1.5,6.75
JJ Bumrah,Punjab Cricket Association IS Bindra Stadium,0.0,6.2727272727272725
JJ Bumrah,"Punjab Cricket Association IS Bindra Stadium, Mohali",3.0,6.5
JJ Bumrah,"Punjab Cricket Association Stadium, Mohali",3.0,7.75
JJ Bumrah,Rajiv Gandhi International Stadium,1.6666666666666667,5.611111111111111
JJ Bumrah,"Rajiv Gandhi International Stadium, Uppal",0.75,6.433333333333334
JJ Bumrah,"Rajiv Gandhi International Stadium, Uppal, Hyderabad",0.5,9.375
JJ Bumrah,"Sardar Patel Stadium, Motera",0.0,7.666666666666666
JJ Bumrah,Saurashtra Cricket Association Stadium,3.0,7.199999999999999
JJ Bumrah,Sawai Mansingh Stadium,1.5,6.125
JJ Bumrah,"Sawai Mansingh Stadium, Jaipur",1.0,6.25
JJ Bumrah,Sharjah Cricket Stadium,1.75,6.8125
JJ Bumrah,Sheikh Zayed Stadium,1.625,6.65625
JJ Bumrah,Wankhede Stadium,1.21875,7.880952380952381
JJ Bumrah,"Wankhede Stadium, Mumbai",1.8125,5.815353260869565
JJ Bumrah,"Zayed Cricket Stadium, Abu Dhabi",2.3333333333333335,8.833333333333334
JO Holder,"Barsapara Cricket Stadium, Guwahati",1.0,8.291666666666668
JO Holder,"Brabourne Stadium, Mumbai",1.0,7.25
JO Holder,"Dr DY Patil Sports Academy, Mumbai",1.5,8.375
JO Holder,Dubai International Cricket Stadium,1.5,8.309782608695652
JO Holder,Eden Gardens,0.5,9.333333333333332
JO Holder,Feroz Shah Kotla,1.5,8.5
JO Holder,Green Park,0.0,7.0
JO Holder,M Chinnaswamy Stadium,0.0,20.0
JO Holder,"M Chinnaswamy Stadium, Bengaluru",0.0,8.0
JO Holder,"MA Chidambaram Stadium, Chepauk",0.3333333333333333,8.333333333333334
JO Holder,"MA Chidambaram Stadium, Chepauk, Chennai",1.5,9.916666666666666
JO Holder,"Maharashtra Cricket Association Stadium, Pune",1.6666666666666667,10.216666666666667
JO Holder,"Rajiv Gandhi International Stadium, Uppal",1.0,9.333333333333334
JO Holder,"Rajiv Gandhi International Stadium, Uppal, Hyderabad",1.0,5.333333333333333
JO Holder,Sawai Mansingh Stadium,2.0,5.0
JO Holder,"Sawai Mansingh Stadium, Jaipur",0.5,10.875
JO Holder,Sharjah Cricket Stadium,2.5,6.125
JO Holder,Sheikh Zayed Stadium,2.0,9.375
JO Holder,"Wankhede Stadium, Mumbai",0.75,12.116071428571429
JO Holder,"Zayed Cricket Stadium, Abu Dhabi",2.5,9.875
JP Duminy,Barabati Stadium,0.0,4.166666666666666
JP Duminy,Buffalo Park,1.0,3.75
JP Duminy,Dr DY Patil Sports Academy,1.0,9.5
JP Duminy,Dr. Y.S. Rajasekhara Reddy ACA-VDCA Cricket Stadium,4.0,5.666666666666666
JP Duminy,Dubai International Cricket Stadium,0.0,8.916666666666666
JP Duminy,Eden Gardens,0.3333333333333333,12.1
JP Duminy,Feroz Shah Kotla,0.4444444444444444,8.61111111111111
JP Duminy,Himachal Pradesh Cricket Association Stadium,1.0,5.75
JP Duminy,Holkar Cricket Stadium,0.0,8.0
JP Duminy,Kingsmead,0.5,6.666666666666666
JP Duminy,M Chinnaswamy Stadium,0.0,6.25
JP Duminy,M.Chinnaswamy Stadium,0.0,14.0
JP Duminy,"MA Chidambaram Stadium, Chepauk",0.5,7.25
JP Duminy,Maharashtra Cricket Association Stadium,2.0,8.0
JP Duminy,"Punjab Cricket Association Stadium, Mohali",0.5,6.25
JP Duminy,"Rajiv Gandhi International Stadium, Uppal",0.0,9.7
JP Duminy,"Sardar Patel Stadium, Motera",1.0,8.333333333333332
JP Duminy,Saurashtra Cricket Association Stadium,0.0,7.0
JP Duminy,Shaheed Veer Narayan Singh International Stadium,0.5,8.5
JP Duminy,Sharjah Cricket Stadium,0.0,4.666666666666666
JP Duminy,Sheikh Zayed Stadium,0.0,6.5
JP Duminy,St George's Park,0.0,4.5
JP Duminy,Subrata Roy Sahara Stadium,0.0,8.0
JP Duminy,SuperSport Park,1.0,6.541666666666667
JP Duminy,Wankhede Stadium,0.6666666666666666,5.75
JP Faulkner,Brabourne Stadium,1.3333333333333333,8.666666666666666
JP Faulkner,Dr. Y.S. Rajasekhara Reddy ACA-VDCA Cricket Stadium,0.0,10.0
JP Faulkner,Dubai International Cricket Stadium,1.0,12.666666666666668
JP Faulkner,Eden Gardens,0.6666666666666666,7.5
JP Faulkner,Feroz Shah Kotla,1.0,9.541666666666666
JP Faulkner,Green Park,1.5,10.875
JP Faulkner,JSCA International Stadium Complex,1.0,10.090909090909092
JP Faulkner,M Chinnaswamy Stadium,1.0,8.4375
JP Faulkner,"MA Chidambaram Stadium, Chepauk",2.0,7.5
JP Faulkner,Maharashtra Cricket Association Stadium,1.25,9.647058823529413
JP Faulkner,"Punjab Cricket Association IS Bindra Stadium, Mohali",0.0,10.25
JP Faulkner,"Punjab Cricket Association Stadium, Mohali",1.0,11.125
JP Faulkner,"Rajiv Gandhi International Stadium, Uppal",5.0,4.0
JP Faulkner,"Sardar Patel Stadium, Motera",0.625,8.052083333333334
JP Faulkner,Saurashtra Cricket Association Stadium,1.0,8.827586206896552
JP Faulkner,Sawai Mansingh Stadium,2.0,7.797010869565217
JP Faulkner,Sharjah Cricket Stadium,1.0,12.272727272727272
JP Faulkner,Sheikh Zayed Stadium,2.5,8.0
JP Faulkner,Subrata Roy Sahara Stadium,1.5,6.0
JP Faulkner,Wankhede Stadium,1.6666666666666667,10.909090909090908
JR Hazlewood,"Arun Jaitley Stadium, Delhi",1.5,9.333333333333334
JR Hazlewood,"Bharat Ratna Shri Atal Bihari Vajpayee Ekana Cricket Stadium, Lucknow",2.0,5.0
JR Hazlewood,"Brabourne Stadium, Mumbai",0.0,12.206349206349207
JR Hazlewood,"Dr DY Patil Sports Academy, Mumbai",2.5,7.25
JR Hazlewood,Dubai International Cricket Stadium,1.0,7.347222222222222
JR Hazlewood,"Eden Gardens, Kolkata",2.5,8.125
JR Hazlewood,"M Chinnaswamy Stadium, Bengaluru",2.0,9.366847826086957
JR Hazlewood,"MA Chidambaram Stadium, Chepauk, Chennai",3.0,5.25
JR Hazlewood,"Maharaja Yadavindra Singh International Cricket Stadium, Mullanpur",1.5,8.19078947368421
JR Hazlewood,"Maharashtra Cricket Association Stadium, Pune",2.0,4.75
JR Hazlewood,"Narendra Modi Stadium, Ahmedabad",1.5,9.625
JR Hazlewood,"Sawai Mansingh Stadium, Jaipur",1.0,8.666666666666666
JR Hazlewood,Sharjah Cricket Stadium,1.0,7.666666666666667
JR Hazlewood,Sheikh Zayed Stadium,1.0,4.75
JR Hazlewood,"Wankhede Stadium, Mumbai",1.8,8.183333333333334
JR Hazlewood,"Zayed Cricket Stadium, Abu Dhabi",1.0,11.75
JR Hopes,Dr DY Patil Sports Academy,1.0,6.5
JR Hopes,Eden Gardens,1.0,11.5
JR Hopes,Feroz Shah Kotla,1.2,6.85
JR Hopes,Himachal Pradesh Cricket Association Stadium,0.0,9.0
JR Hopes,M Chinnaswamy Stadium,0.0,10.0
JR Hopes,"MA Chidambaram Stadium, Chepauk",0.0,8.5
JR Hopes,"Punjab Cricket Association Stadium, Mohali",0.75,11.395833333333334
JR Hopes,"Rajiv Gandhi International Stadium, Uppal",1.0,9.666666666666668
JR Hopes,Sawai Mansingh Stadium,1.0,8.25
JR Hopes,Wankhede Stadium,0.3333333333333333,9.25
K Gowtham,Arun Jaitley Stadium,0.0,8.75
K Gowtham,"Bharat Ratna Shri Atal Bihari Vajpayee Ekana Cricket Stadium, Lucknow",0.6666666666666666,6.166666666666667
K Gowtham,"Dr DY Patil Sports Academy, Mumbai",1.0,8.625
K Gowtham,Dubai International Cricket Stadium,0.0,9.75
K Gowtham,Eden Gardens,1.0,10.5
K Gowtham,"Eden Gardens, Kolkata",1.0,6.5
K Gowtham,Holkar Cricket Stadium,1.0,6.0
K Gowtham,M.Chinnaswamy Stadium,1.0,9.0
K Gowtham,MA Chidambaram Stadium,0.0,6.5
K Gowtham,"MA Chidambaram Stadium, Chepauk, Chennai",0.0,14.0
K Gowtham,Maharashtra Cricket Association Stadium,0.0,11.666666666666666
K Gowtham,Rajiv Gandhi International Stadium,0.0,10.75
K Gowtham,"Rajiv Gandhi International Stadium, Uppal, Hyderabad",0.0,14.5
K Gowtham,Sawai Mansingh Stadium,0.9,7.8
K Gowtham,Sheikh Zayed Stadium,1.0,11.25
K Gowtham,Wankhede Stadium,0.0,12.25
K Gowtham,"Wankhede Stadium, Mumbai",1.5,9.5
K Rabada,Arun Jaitley Stadium,1.8333333333333333,8.138961038961039
K Rabada,"Arun Jaitley Stadium, Delhi",0.0,17.0
K Rabada,"Bharat Ratna Shri Atal Bihari Vajpayee Ekana Cricket Stadium, Lucknow",1.5,9.0
K Rabada,"Brabourne Stadium, Mumbai",1.5,8.75
K Rabada,"Dr DY Patil Sports Academy, Mumbai",2.0,7.833333333333333
K Rabada,Dubai International Cricket Stadium,1.4615384615384615,8.307692307692308
K Rabada,Eden Gardens,2.0,8.25
K Rabada,"Eden Gardens, Kolkata",0.0,17.333333333333332
K Rabada,Feroz Shah Kotla,1.3333333333333333,10.0
K Rabada,"Himachal Pradesh Cricket Association Stadium, Dharamsala",0.6666666666666666,10.0
K Rabada,"M Chinnaswamy Stadium, Bengaluru",2.0,5.75
K Rabada,M.Chinnaswamy Stadium,4.0,5.25
K Rabada,"MA Chidambaram Stadium, Chepauk, Chennai",0.4,8.416666666666666
K Rabada,"Maharaja Yadavindra Singh International Cricket Stadium, Mullanpur",1.0,8.4
K Rabada,"Maharashtra Cricket Association Stadium, Pune",3.0,8.375
K Rabada,"Narendra Modi Stadium, Ahmedabad",1.1428571428571428,9.892857142857142
K Rabada,Punjab Cricket Association IS Bindra Stadium,3.0,8.0
K Rabada,"Punjab Cricket Association IS Bindra Stadium, Mohali",0.0,9.0
K Rabada,"Punjab Cricket Association IS Bindra Stadium, Mohali, Chandigarh",1.5,11.0
K Rabada,Rajiv Gandhi International Stadium,4.0,5.739130434782609
K Rabada,Sawai Mansingh Stadium,3.0,9.25
K Rabada,Sharjah Cricket Stadium,1.3333333333333333,8.97979797979798
K Rabada,Sheikh Zayed Stadium,2.4,7.05
K Rabada,Wankhede Stadium,2.0,6.625
K Rabada,"Wankhede Stadium, Mumbai",1.3333333333333333,8.944444444444445
K Rabada,"Zayed Cricket Stadium, Abu Dhabi",1.0,6.5
KA Pollard,"Arun Jaitley Stadium, Delhi",2.0,6.0
KA Pollard,Barabati Stadium,0.0,7.0
KA Pollard,Brabourne Stadium,0.6,8.45
KA Pollard,"Brabourne Stadium, Mumbai",1.0,6.5
KA Pollard,Dr DY Patil Sports Academy,2.0,8.625
KA Pollard,"Dr DY Patil Sports Academy, Mumbai",0.3333333333333333,10.833333333333334
KA Pollard,Dr. Y.S. Rajasekhara Reddy ACA-VDCA Cricket Stadium,1.0,9.875
KA Pollard,Dubai International Cricket Stadium,0.14285714285714285,10.642857142857142
KA Pollard,Eden Gardens,1.0,8.05
KA Pollard,Feroz Shah Kotla,0.2857142857142857,11.261904761904761
KA Pollard,Himachal Pradesh Cricket Association Stadium,1.0,11.0
KA Pollard,M Chinnaswamy Stadium,1.1428571428571428,10.654761904761903
KA Pollard,"MA Chidambaram Stadium, Chepauk",1.5,7.125
KA Pollard,"MA Chidambaram Stadium, Chepauk, Chennai",0.5,8.928571428571429
KA Pollard,Maharashtra Cricket Association Stadium,0.0,16.363636363636363
KA Pollard,"Maharashtra Cricket Association Stadium, Pune",0.0,8.0
KA Pollard,"Punjab Cricket Association IS Bindra Stadium, Mohali",0.0,12.5
KA Pollard,"Punjab Cricket Association Stadium, Mohali",0.25,7.625
KA Pollard,"Rajiv Gandhi International Stadium, Uppal",1.3333333333333333,9.166666666666666
KA Pollard,"Sardar Patel Stadium, Motera",0.0,11.0
KA Pollard,Sawai Mansingh Stadium,1.0,9.791666666666668
KA Pollard,Sharjah Cricket Stadium,0.0,6.041666666666667
KA Pollard,Sheikh Zayed Stadium,0.5,8.75
KA Pollard,Wankhede Stadium,0.8214285714285714,9.491071428571429
KA Pollard,"Wankhede Stadium, Mumbai",2.0,4.0
KA Pollard,"Zayed Cricket Stadium, Abu Dhabi",2.0,8.0
KH Pandya,Arun Jaitley Stadium,1.0,4.5
KH Pandya,"Arun Jaitley Stadium, Delhi",0.3333333333333333,9.666666666666666
KH Pandya,"Bharat Ratna Shri Atal Bihari Vajpayee Ekana Cricket Stadium, Lucknow",0.9230769230769231,7.570512820512819
KH Pandya,"Brabourne Stadium, Mumbai",0.0,9.333333333333334
KH Pandya,"Dr DY Patil Sports Academy, Mumbai",1.0,6.666666666666667
KH Pandya,Dr. Y.S. Rajasekhara Reddy ACA-VDCA Cricket Stadium,1.0,6.641025641025641
KH Pandya,Dubai International Cricket Stadium,0.14285714285714285,7.678571428571429
KH Pandya,Eden Gardens,1.0,6.5964912280701755
KH Pandya,"Eden Gardens, Kolkata",1.25,9.625
KH Pandya,Feroz Shah Kotla,0.0,6.25
KH Pandya,Green Park,0.0,14.0
KH Pandya,Holkar Cricket Stadium,1.0,8.625
KH Pandya,M Chinnaswamy Stadium,0.6666666666666666,5.777777777777778
KH Pandya,"M Chinnaswamy Stadium, Bengaluru",0.42857142857142855,9.333333333333332
KH Pandya,M.Chinnaswamy Stadium,0.0,6.5
KH Pandya,MA Chidambaram Stadium,1.5,3.7916666666666665
KH Pandya,"MA Chidambaram Stadium, Chepauk, Chennai",0.3333333333333333,8.75925925925926
KH Pandya,"Maharaja Yadavindra Singh International Cricket Stadium, Mullanpur",1.0,8.125
KH Pandya,Maharashtra Cricket Association Stadium,0.6666666666666666,10.833333333333334
KH Pandya,"Maharashtra Cricket Association Stadium, Pune",1.0,4.375
KH Pandya,"Narendra Modi Stadium, Ahmedabad",1.0,6.875
KH Pandya,Punjab Cricket Association IS Bindra Stadium,2.0,10.75
KH Pandya,"Punjab Cricket Association IS Bindra Stadium, Mohali",0.0,10.0
KH Pandya,"Punjab Cricket Association IS Bindra Stadium, Mohali, Chandigarh",0.0,13.0
KH Pandya,Rajiv Gandhi International Stadium,0.3333333333333333,7.5
KH Pandya,"Rajiv Gandhi International Stadium, Uppal",0.0,7.75
KH Pandya,"Rajiv Gandhi International Stadium, Uppal, Hyderabad",2.0,6.0
KH Pandya,Saurashtra Cricket Association Stadium,3.0,3.5
KH Pandya,Sawai Mansingh Stadium,0.5,10.125
KH Pandya,"Sawai Mansingh Stadium, Jaipur",0.5,6.0
KH Pandya,Sharjah Cricket Stadium,0.5,8.518809041835357
KH Pandya,Sheikh Zayed Stadium,0.5,8.25
KH Pandya,Wankhede Stadium,0.8636363636363636,7.564393939393939
KH Pandya,"Wankhede Stadium, Mumbai",2.0,9.3
KH Pandya,"Zayed Cricket Stadium, Abu Dhabi",0.3333333333333333,10.11111111111111
KK Ahmed,"Arun Jaitley Stadium, Delhi",0.75,11.326388888888888
KK Ahmed,"Barsapara Cricket Stadium, Guwahati",1.5,12.5
KK Ahmed,"Bharat Ratna Shri Atal Bihari Vajpayee Ekana Cricket Stadium, Lucknow",1.6666666666666667,9.083333333333334
KK Ahmed,"Brabourne Stadium, Mumbai",2.5,6.4375
KK Ahmed,"Dr DY Patil Sports Academy, Mumbai",1.0,8.875
KK Ahmed,Dr. Y.S. Rajasekhara Reddy ACA-VDCA Cricket Stadium,3.0,8.470588235294118
KK Ahmed,"Dr. Y.S. Rajasekhara Reddy ACA-VDCA Cricket Stadium, Visakhapatnam",1.5,8.0
KK Ahmed,Dubai International Cricket Stadium,1.5,8.96195652173913
KK Ahmed,Eden Gardens,0.0,12.666666666666668
KK Ahmed,"Eden Gardens, Kolkata",0.0,8.166666666666668
KK Ahmed,"Himachal Pradesh Cricket Association Stadium, Dharamsala",1.0,6.666666666666667
KK Ahmed,"M Chinnaswamy Stadium, Bengaluru",1.0,14.708333333333334
KK Ahmed,M.Chinnaswamy Stadium,3.0,9.25
KK Ahmed,MA Chidambaram Stadium,0.0,6.5
KK Ahmed,"MA Chidambaram Stadium, Chepauk, Chennai",1.4,7.821969696969697
KK Ahmed,"Maharaja Yadavindra Singh International Cricket Stadium, Mullanpur",2.0,11.0
KK Ahmed,"Maharashtra Cricket Association Stadium, Pune",2.0,8.5
KK Ahmed,"Narendra Modi Stadium, Ahmedabad",1.3333333333333333,5.388888888888888
KK Ahmed,Rajiv Gandhi International Stadium,2.5,7.8125
KK Ahmed,Sawai Mansingh Stadium,1.0,8.25
KK Ahmed,"Sawai Mansingh Stadium, Jaipur",1.0,6.0
KK Ahmed,Sharjah Cricket Stadium,0.0,7.333333333333334
KK Ahmed,Sheikh Zayed Stadium,1.0,10.041666666666668
KK Ahmed,Wankhede Stadium,3.0,10.5
KK Ahmed,"Wankhede Stadium, Mumbai",0.6,10.015789473684212
KK Cooper,Eden Gardens,2.0,8.25
KK Cooper,Feroz Shah Kotla,1.0,7.083333333333333
KK Cooper,JSCA International Stadium Complex,1.0,6.25
KK Cooper,"MA Chidambaram Stadium, Chepauk",1.0,9.0
KK Cooper,"Punjab Cricket Association Stadium, Mohali",1.5,6.0
KK Cooper,"Rajiv Gandhi International Stadium, Uppal",2.0,9.75
KK Cooper,"Sardar Patel Stadium, Motera",0.5,7.666666666666667
KK Cooper,Sawai Mansingh Stadium,1.8888888888888888,8.175925925925926
KK Cooper,Subrata Roy Sahara Stadium,0.0,6.5
KK Cooper,Wankhede Stadium,1.6666666666666667,9.0
KV Sharma,"Arun Jaitley Stadium, Delhi",2.0,10.0
KV Sharma,"Bharat Ratna Shri Atal Bihari Vajpayee Ekana Cricket Stadium, Lucknow",2.0,5.0
KV Sharma,Brabourne Stadium,1.0,9.333333333333334
KV Sharma,Dr. Y.S. Rajasekhara Reddy ACA-VDCA Cricket Stadium,0.3333333333333333,7.9444444444444455
KV Sharma,Dubai International Cricket Stadium,0.8,8.1
KV Sharma,Eden Gardens,1.5,9.319444444444445
KV Sharma,"Eden Gardens, Kolkata",1.0,8.458333333333332
KV Sharma,Feroz Shah Kotla,1.3333333333333333,8.222222222222223
KV Sharma,"Himachal Pradesh Cricket Association Stadium, Dharamsala",2.0,12.0
KV Sharma,JSCA International Stadium Complex,3.0,4.75
KV Sharma,M Chinnaswamy Stadium,2.0,6.875
KV Sharma,"M Chinnaswamy Stadium, Bengaluru",0.8,12.3
KV Sharma,"MA Chidambaram Stadium, Chepauk",0.0,7.375
KV Sharma,"MA Chidambaram Stadium, Chepauk, Chennai",1.0,12.0
KV Sharma,Maharashtra Cricket Association Stadium,1.5,6.5
KV Sharma,"Narendra Modi Stadium, Ahmedabad",0.5,11.083333333333334
KV Sharma,"Punjab Cricket Association IS Bindra Stadium, Mohali",0.0,6.5
KV Sharma,"Punjab Cricket Association Stadium, Mohali",1.0,5.75
KV Sharma,Rajiv Gandhi International Stadium,1.0,10.823529411764707
KV Sharma,"Rajiv Gandhi International Stadium, Uppal",0.5882352941176471,8.567988960289998
KV Sharma,"Rajiv Gandhi International Stadium, Uppal, Hyderabad",1.0,11.125
KV Sharma,"Sardar Patel Stadium, Motera",1.0,5.0
KV Sharma,Sawai Mansingh Stadium,0.0,11.545454545454545
KV Sharma,"Sawai Mansingh Stadium, Jaipur",3.0,9.208333333333334
KV Sharma,Shaheed Veer Narayan Singh International Stadium,1.5,6.166666666666666
KV Sharma,Sharjah Cricket Stadium,0.3333333333333333,9.777777777777777
KV Sharma,Sheikh Zayed Stadium,1.0,5.125
KV Sharma,Wankhede Stadium,1.4285714285714286,8.392857142857142
KV Sharma,"Wankhede Stadium, Mumbai",0.3333333333333333,9.777777777777779
Kartik Tyagi,"Arun Jaitley Stadium, Delhi",1.0,8.0
Kartik Tyagi,"Brabourne Stadium, Mumbai",0.0,9.25
Kartik Tyagi,Dubai International Cricket Stadium,1.0,9.454260651629072
Kartik Tyagi,"Narendra Modi Stadium, Ahmedabad",0.0,12.75
Kartik Tyagi,"Rajiv Gandhi International Stadium, Uppal, Hyderabad",0.5,15.375
Kartik Tyagi,Sharjah Cricket Stadium,1.0,8.75
Kartik Tyagi,Sheikh Zayed Stadium,1.0,10.1875
Kartik Tyagi,"Wankhede Stadium, Mumbai",0.5,12.485294117647058
Kartik Tyagi,"Zayed Cricket Stadium, Abu Dhabi",1.0,10.0
Kuldeep Yadav,Arun Jaitley Stadium,1.5,10.625
Kuldeep Yadav,"Arun Jaitley Stadium, Delhi",0.8823529411764706,8.852941176470589
Kuldeep Yadav,"Barsapara Cricket Stadium, Guwahati",1.0,7.75
Kuldeep Yadav,"Bharat Ratna Shri Atal Bihari Vajpayee Ekana Cricket Stadium, Lucknow",1.3333333333333333,7.333333333333333
Kuldeep Yadav,"Brabourne Stadium, Mumbai",2.5,7.3125
Kuldeep Yadav,"Dr DY Patil Sports Academy, Mumbai",1.0,8.530303030303031
Kuldeep Yadav,"Dr. Y.S. Rajasekhara Reddy ACA-VDCA Cricket Stadium, Visakhapatnam",3.0,5.25
Kuldeep Yadav,Dubai International Cricket Stadium,1.0,6.666666666666667
Kuldeep Yadav,Eden Gardens,1.0952380952380953,8.623809523809523
Kuldeep Yadav,"Eden Gardens, Kolkata",0.0,8.5
Kuldeep Yadav,Feroz Shah Kotla,1.5,9.208333333333334
Kuldeep Yadav,"Himachal Pradesh Cricket Association Stadium, Dharamsala",0.0,10.75
Kuldeep Yadav,Holkar Cricket Stadium,1.0,14.5
Kuldeep Yadav,"M Chinnaswamy Stadium, Bengaluru",1.6666666666666667,7.666666666666667
Kuldeep Yadav,M.Chinnaswamy Stadium,1.0,6.375
Kuldeep Yadav,MA Chidambaram Stadium,0.5,6.5
Kuldeep Yadav,"MA Chidambaram Stadium, Chepauk, Chennai",1.0,7.25
Kuldeep Yadav,"Maharaja Yadavindra Singh International Cricket Stadium, Mullanpur",2.0,5.0
Kuldeep Yadav,Maharashtra Cricket Association Stadium,2.0,7.75
Kuldeep Yadav,"Maharashtra Cricket Association Stadium, Pune",1.0,8.0
Kuldeep Yadav,"Narendra Modi Stadium, Ahmedabad",0.6666666666666666,5.083333333333333
Kuldeep Yadav,"Punjab Cricket Association IS Bindra Stadium, Mohali",2.0,11.333333333333332
Kuldeep Yadav,Rajiv Gandhi International Stadium,1.0,8.75
Kuldeep Yadav,"Rajiv Gandhi International Stadium, Uppal",0.0,10.75
Kuldeep Yadav,"Rajiv Gandhi International Stadium, Uppal, Hyderabad",1.0,5.5
Kuldeep Yadav,Saurashtra Cricket Association Stadium,2.0,6.25
Kuldeep Yadav,Sawai Mansingh Stadium,0.5,7.0
Kuldeep Yadav,"Sawai Mansingh Stadium, Jaipur",1.5,10.0
Kuldeep Yadav,Sheikh Zayed Stadium,0.0,7.75
Kuldeep Yadav,Wankhede Stadium,0.5,8.625
Kuldeep Yadav,"Wankhede Stadium, Mumbai",1.1666666666666667,8.819444444444445
L Balaji,Barabati Stadium,2.0,5.5
L Balaji,"Brabourne Stadium, Mumbai",1.0,11.75
L Balaji,Buffalo Park,0.0,18.0
L Balaji,De Beers Diamond Oval,1.0,4.333333333333333
L Balaji,Dr DY Patil Sports Academy,1.0,8.75
L Balaji,Dubai International Cricket Stadium,1.0,4.25
L Balaji,Eden Gardens,1.0,7.866071428571429
L Balaji,Feroz Shah Kotla,1.5,8.6875
L Balaji,JSCA International Stadium Complex,1.5,7.875
L Balaji,Kingsmead,1.5,7.866071428571429
L Balaji,M Chinnaswamy Stadium,1.5,9.71031746031746
L Balaji,"MA Chidambaram Stadium, Chepauk",1.25,8.90625
L Balaji,New Wanderers Stadium,0.0,8.333333333333332
L Balaji,"Punjab Cricket Association Stadium, Mohali",1.0,8.0
L Balaji,"Rajiv Gandhi International Stadium, Uppal",1.0,8.75
L Balaji,Sawai Mansingh Stadium,0.0,7.75
L Balaji,Shaheed Veer Narayan Singh International Stadium,1.0,8.75
L Balaji,Sharjah Cricket Stadium,2.0,7.375
L Balaji,Sheikh Zayed Stadium,1.5,8.875
L Balaji,St George's Park,1.0,8.107142857142858
L Balaji,Subrata Roy Sahara Stadium,1.6666666666666667,5.309523809523809
L Balaji,SuperSport Park,1.6666666666666667,9.861111111111112
L Balaji,Wankhede Stadium,0.5,5.638888888888888
LH Ferguson,Arun Jaitley Stadium,1.0,9.5
LH Ferguson,"Bharat Ratna Shri Atal Bihari Vajpayee Ekana Cricket Stadium, Lucknow",1.0,8.666666666666666
LH Ferguson,"Brabourne Stadium, Mumbai",1.6666666666666667,8.583333333333334
LH Ferguson,"Dr DY Patil Sports Academy, Mumbai",1.5,8.791666666666668
LH Ferguson,Dubai International Cricket Stadium,0.0,13.75
LH Ferguson,Eden Gardens,0.3333333333333333,10.444444444444445
LH Ferguson,"Eden Gardens, Kolkata",0.5,15.125
LH Ferguson,"Himachal Pradesh Cricket Association Stadium, Dharamsala",3.0,9.666666666666668
LH Ferguson,"M Chinnaswamy Stadium, Bengaluru",1.6666666666666667,10.583333333333334
LH Ferguson,M.Chinnaswamy Stadium,0.0,16.0
LH Ferguson,"Maharaja Yadavindra Singh International Cricket Stadium, Mullanpur",2.5,9.625
LH Ferguson,Maharashtra Cricket Association Stadium,3.0,1.75
LH Ferguson,"Maharashtra Cricket Association Stadium, Pune",2.5,9.25
LH Ferguson,"Narendra Modi Stadium, Ahmedabad",0.3333333333333333,8.861111111111112
LH Ferguson,"Rajiv Gandhi International Stadium, Uppal",1.0,10.5
LH Ferguson,"Rajiv Gandhi International Stadium, Uppal, Hyderabad",0.0,8.5
LH Ferguson,Saurashtra Cricket Association Stadium,0.0,11.0
LH Ferguson,Sharjah Cricket Stadium,1.8,6.369565217391305
LH Ferguson,Sheikh Zayed Stadium,2.6666666666666665,5.1759259259259265
LH Ferguson,Wankhede Stadium,1.0,7.0
LH Ferguson,"Wankhede Stadium, Mumbai",0.25,10.75
LH Ferguson,"Zayed Cricket Stadium, Abu Dhabi",2.0,7.0
LR Shukla,Buffalo Park,0.0,8.333333333333332
LR Shukla,Dr DY Patil Sports Academy,1.0,10.0
LR Shukla,Dubai International Cricket Stadium,0.0,10.5
LR Shukla,Eden Gardens,0.6666666666666666,9.05
LR Shukla,Feroz Shah Kotla,0.3333333333333333,12.75
LR Shukla,Kingsmead,1.0,8.0
LR Shukla,M Chinnaswamy Stadium,1.0,10.285714285714285
LR Shukla,"MA Chidambaram Stadium, Chepauk",0.0,8.333333333333334
LR Shukla,"Rajiv Gandhi International Stadium, Uppal",1.0,8.0
LR Shukla,Sawai Mansingh Stadium,1.0,11.5
LR Shukla,Sharjah Cricket Stadium,0.0,5.0
LR Shukla,St George's Park,1.5,7.125
LS Livingstone,"Brabourne Stadium, Mumbai",1.0,10.166666666666666
LS Livingstone,"Dr DY Patil Sports Academy, Mumbai",1.0,9.0625
LS Livingstone,"Eden Gardens, Kolkata",0.0,10.25
LS Livingstone,"Himachal Pradesh Cricket Association Stadium, Dharamsala",0.0,9.333333333333334
LS Livingstone,"M Chinnaswamy Stadium, Bengaluru",0.0,13.0
LS Livingstone,"MA Chidambaram Stadium, Chepauk, Chennai",1.0,11.5
LS Livingstone,"Maharaja Yadavindra Singh International Cricket Stadium, Mullanpur",1.0,6.583333333333333
LS Livingstone,"Maharashtra Cricket Association Stadium, Pune",0.0,11.25
LS Livingstone,"Punjab Cricket Association IS Bindra Stadium, Mohali, Chandigarh",0.5,14.0
LS Livingstone,"Sawai Mansingh Stadium, Jaipur",0.0,8.0
LS Livingstone,Wankhede Stadium,0.0,13.0
LS Livingstone,"Wankhede Stadium, Mumbai",0.2,12.35
Lalit Yadav,"Arun Jaitley Stadium, Delhi",0.3333333333333333,14.083333333333334
Lalit Yadav,"Brabourne Stadium, Mumbai",1.0,7.0
Lalit Yadav,"Dr DY Patil Sports Academy, Mumbai",0.5,5.625
Lalit Yadav,"M Chinnaswamy Stadium, Bengaluru",1.0,7.25
Lalit Yadav,"MA Chidambaram Stadium, Chepauk, Chennai",0.6666666666666666,6.333333333333333
Lalit Yadav,"Narendra Modi Stadium, Ahmedabad",1.0,6.333333333333332
Lalit Yadav,Sharjah Cricket Stadium,1.0,11.666666666666666
Lalit Yadav,"Wankhede Stadium, Mumbai",0.0,12.583333333333332
M Ashwin,Arun Jaitley Stadium,0.0,6.666666666666667
M Ashwin,"Barsapara Cricket Stadium, Guwahati",0.0,11.0
M Ashwin,"Brabourne Stadium, Mumbai",1.6666666666666667,6.333333333333333
M Ashwin,"Dr DY Patil Sports Academy, Mumbai",0.5,9.708333333333332
M Ashwin,Dubai International Cricket Stadium,1.25,7.833333333333334
M Ashwin,Eden Gardens,0.0,13.0
M Ashwin,Feroz Shah Kotla,0.0,10.333333333333334
M Ashwin,M.Chinnaswamy Stadium,1.5,8.375
M Ashwin,MA Chidambaram Stadium,0.0,5.75
M Ashwin,"MA Chidambaram Stadium, Chepauk, Chennai",0.0,5.5
M Ashwin,Maharashtra Cricket Association Stadium,0.4,9.1
M Ashwin,"Maharashtra Cricket Association Stadium, Pune",1.0,8.5
M Ashwin,Punjab Cricket Association IS Bindra Stadium,0.5,8.458333333333334
M Ashwin,"Punjab Cricket Association IS Bindra Stadium, Mohali",3.0,9.0
M Ashwin,Rajiv Gandhi International Stadium,1.0,8.0
M Ashwin,"Rajiv Gandhi International Stadium, Uppal",0.0,6.0
M Ashwin,Saurashtra Cricket Association Stadium,2.0,7.75
M Ashwin,"Sawai Mansingh Stadium, Jaipur",0.0,14.0
M Ashwin,Sharjah Cricket Stadium,1.3333333333333333,7.722222222222221
M Ashwin,Sheikh Zayed Stadium,0.5,7.5
M Ashwin,Wankhede Stadium,1.0,4.0
M Ashwin,"Wankhede Stadium, Mumbai",0.5,10.708333333333332
M Jansen,"Bharat Ratna Shri Atal Bihari Vajpayee Ekana Cricket Stadium, Lucknow",1.0,7.0
M Jansen,"Brabourne Stadium, Mumbai",2.0,6.375
M Jansen,"Dr DY Patil Sports Academy, Mumbai",0.6666666666666666,7.666666666666667
M Jansen,"Eden Gardens, Kolkata",1.0,9.527777777777779
M Jansen,"Himachal Pradesh Cricket Association Stadium, Dharamsala",1.0,7.75
M Jansen,"M Chinnaswamy Stadium, Bengaluru",2.0,3.333333333333333
M Jansen,"MA Chidambaram Stadium, Chepauk, Chennai",1.25,8.833333333333332
M Jansen,"Maharaja Yadavindra Singh International Cricket Stadium, Mullanpur",1.0,8.821271929824562
M Jansen,"Maharashtra Cricket Association Stadium, Pune",0.5,8.5
M Jansen,"Narendra Modi Stadium, Ahmedabad",1.0,10.375
M Jansen,"Rajiv Gandhi International Stadium, Uppal, Hyderabad",1.0,11.347222222222221
M Jansen,"Sawai Mansingh Stadium, Jaipur",1.5,10.854166666666666
M Jansen,"Wankhede Stadium, Mumbai",0.5,15.375
M Kartik,Barabati Stadium,0.5,9.0
M Kartik,Brabourne Stadium,1.0,5.25
M Kartik,Buffalo Park,1.0,6.666666666666667
M Kartik,Dr DY Patil Sports Academy,0.75,7.979166666666666
M Kartik,Eden Gardens,1.3,7.113636363636364
M Kartik,Feroz Shah Kotla,0.3333333333333333,6.694444444444444
M Kartik,JSCA International Stadium Complex,1.0,4.25
M Kartik,Kingsmead,0.0,6.0
M Kartik,M Chinnaswamy Stadium,1.25,7.520833333333333
M Kartik,"MA Chidambaram Stadium, Chepauk",0.0,8.479166666666668
M Kartik,New Wanderers Stadium,0.5,4.0
M Kartik,Newlands,0.0,5.75
M Kartik,"Punjab Cricket Association Stadium, Mohali",2.0,8.0
M Kartik,"Rajiv Gandhi International Stadium, Uppal",0.5,8.208333333333334
M Kartik,"Sardar Patel Stadium, Motera",1.0,6.25
M Kartik,Sawai Mansingh Stadium,0.0,10.222222222222221
M Kartik,Sharjah Cricket Stadium,1.0,12.75
M Kartik,St George's Park,0.0,6.666666666666667
M Kartik,Subrata Roy Sahara Stadium,0.3333333333333333,7.847222222222221
M Kartik,SuperSport Park,1.5,8.0
M Kartik,Wankhede Stadium,1.0,5.958333333333334
M Markande,Arun Jaitley Stadium,1.0,10.5
M Markande,"Arun Jaitley Stadium, Delhi",2.0,9.0
M Markande,Eden Gardens,1.0,6.5
M Markande,"Eden Gardens, Kolkata",2.0,8.25
M Markande,Holkar Cricket Stadium,1.0,9.666666666666668
M Markande,"M Chinnaswamy Stadium, Bengaluru",2.0,11.5
M Markande,M.Chinnaswamy Stadium,1.0,8.5
M Markande,"MA Chidambaram Stadium, Chepauk, Chennai",2.0,5.75
M Markande,Maharashtra Cricket Association Stadium,0.0,10.0
M Markande,"Narendra Modi Stadium, Ahmedabad",0.5,10.0
M Markande,Punjab Cricket Association IS Bindra Stadium,0.0,12.0
M Markande,Rajiv Gandhi International Stadium,4.0,5.75
M Markande,"Rajiv Gandhi International Stadium, Uppal, Hyderabad",0.875,9.84375
M Markande,Sawai Mansingh Stadium,0.0,9.75
M Markande,"Sawai Mansingh Stadium, Jaipur",0.0,12.75
M Markande,Wankhede Stadium,1.0,8.761904761904761
M Markande,"Wankhede Stadium, Mumbai",0.5,8.416666666666668
M Markande,"Zayed Cricket Stadium, Abu Dhabi",0.0,8.666666666666666
M Morkel,Barabati Stadium,2.0,6.875
M Morkel,Brabourne Stadium,0.0,9.5
M Morkel,De Beers Diamond Oval,0.0,6.666666666666667
M Morkel,Dr. Y.S. Rajasekhara Reddy ACA-VDCA Cricket Stadium,2.0,7.75
M Morkel,Dubai International Cricket Stadium,2.0,10.25
M Morkel,Eden Gardens,1.2,7.183333333333333
M Morkel,Feroz Shah Kotla,1.6111111111111112,7.898148148148148
M Morkel,Green Park,1.0,11.142857142857142
M Morkel,Himachal Pradesh Cricket Association Stadium,2.0,5.333333333333333
M Morkel,M Chinnaswamy Stadium,1.2,8.766666666666666
M Morkel,"MA Chidambaram Stadium, Chepauk",0.0,7.75
M Morkel,Maharashtra Cricket Association Stadium,1.5,8.375
M Morkel,Nehru Stadium,3.0,4.5
M Morkel,"Punjab Cricket Association IS Bindra Stadium, Mohali",2.0,6.75
M Morkel,"Rajiv Gandhi International Stadium, Uppal",1.0,8.9375
M Morkel,Sawai Mansingh Stadium,0.6666666666666666,6.166666666666667
M Morkel,Shaheed Veer Narayan Singh International Stadium,0.5,7.25
M Morkel,Sharjah Cricket Stadium,0.0,8.5
M Morkel,Sheikh Zayed Stadium,1.3333333333333333,6.833333333333333
M Morkel,Subrata Roy Sahara Stadium,0.3333333333333333,8.916666666666666
M Morkel,SuperSport Park,1.0,5.0
M Morkel,"Vidarbha Cricket Association Stadium, Jamtha",0.0,8.0
M Morkel,Wankhede Stadium,1.25,8.8125
M Muralitharan,"Brabourne Stadium, Mumbai",2.0,8.0
M Muralitharan,Buffalo Park,2.0,3.666666666666667
M Muralitharan,De Beers Diamond Oval,2.0,5.5
M Muralitharan,Dr DY Patil Sports Academy,1.25,7.239130434782608
M Muralitharan,Eden Gardens,0.5,7.0625
M Muralitharan,Feroz Shah Kotla,1.0,7.833333333333333
M Muralitharan,JSCA International Stadium Complex,1.0,7.25
M Muralitharan,Kingsmead,1.0,5.229166666666666
M Muralitharan,M Chinnaswamy Stadium,1.1818181818181819,6.863636363636363
M Muralitharan,"MA Chidambaram Stadium, Chepauk",1.0,7.183673469387755
M Muralitharan,Nehru Stadium,0.0,6.75
M Muralitharan,New Wanderers Stadium,1.0,4.625
M Muralitharan,"Punjab Cricket Association Stadium, Mohali",1.0,8.25
M Muralitharan,"Rajiv Gandhi International Stadium, Uppal",1.0,6.0
M Muralitharan,"Sardar Patel Stadium, Motera",0.0,8.5
M Muralitharan,Sawai Mansingh Stadium,0.5,6.921052631578947
M Muralitharan,Sharjah Cricket Stadium,0.0,12.5
M Muralitharan,St George's Park,2.0,3.75
M Muralitharan,Subrata Roy Sahara Stadium,1.0,7.333333333333333
M Muralitharan,SuperSport Park,0.6666666666666666,7.166666666666667
M Muralitharan,Wankhede Stadium,1.0,6.916666666666667
M Pathirana,"Arun Jaitley Stadium, Delhi",1.0,7.826923076923076
M Pathirana,"Barsapara Cricket Stadium, Guwahati",2.0,7.0
M Pathirana,"Bharat Ratna Shri Atal Bihari Vajpayee Ekana Cricket Stadium, Lucknow",2.0,8.366666666666667
M Pathirana,"Brabourne Stadium, Mumbai",0.0,7.636363636363637
M Pathirana,"Dr. Y.S. Rajasekhara Reddy ACA-VDCA Cricket Stadium, Visakhapatnam",3.0,7.75
M Pathirana,"Eden Gardens, Kolkata",0.5,8.25
M Pathirana,"M Chinnaswamy Stadium, Bengaluru",2.5,9.75
M Pathirana,"MA Chidambaram Stadium, Chepauk, Chennai",1.8461538461538463,8.070512820512821
M Pathirana,"Maharaja Yadavindra Singh International Cricket Stadium, Mullanpur",0.0,13.0
M Pathirana,"Narendra Modi Stadium, Ahmedabad",1.5,10.333333333333334
M Pathirana,"Sawai Mansingh Stadium, Jaipur",1.0,12.0
M Pathirana,"Wankhede Stadium, Mumbai",2.0,11.659649122807016
M Prasidh Krishna,Arun Jaitley Stadium,1.0,8.6
M Prasidh Krishna,"Arun Jaitley Stadium, Delhi",1.0,10.0
M Prasidh Krishna,"Bharat Ratna Shri Atal Bihari Vajpayee Ekana Cricket Stadium, Lucknow",2.0,6.5
M Prasidh Krishna,"Brabourne Stadium, Mumbai",1.0,8.916666666666666
M Prasidh Krishna,"Dr DY Patil Sports Academy, Mumbai",1.0,7.979166666666667
M Prasidh Krishna,Eden Gardens,0.7,9.998333333333333
M Prasidh Krishna,"Eden Gardens, Kolkata",1.0,8.839285714285715
M Prasidh Krishna,Holkar Cricket Stadium,2.0,7.75
M Prasidh Krishna,"M Chinnaswamy Stadium, Bengaluru",1.0,6.5
M Prasidh Krishna,M.Chinnaswamy Stadium,0.0,13.666666666666666
M Prasidh Krishna,MA Chidambaram Stadium,0.0,5.75
M Prasidh Krishna,"MA Chidambaram Stadium, Chepauk, Chennai",1.3333333333333333,9.0
M Prasidh Krishna,"Maharaja Yadavindra Singh International Cricket Stadium, New Chandigarh",2.0,13.25
M Prasidh Krishna,"Maharashtra Cricket Association Stadium, Pune",2.0,4.875
M Prasidh Krishna,"Narendra Modi Stadium, Ahmedabad",1.8181818181818181,8.086580086580087
M Prasidh Krishna,Rajiv Gandhi International Stadium,5.0,7.5
M Prasidh Krishna,"Rajiv Gandhi International Stadium, Uppal, Hyderabad",2.0,6.25
M Prasidh Krishna,Sawai Mansingh Stadium,1.0,8.75
M Prasidh Krishna,"Sawai Mansingh Stadium, Jaipur",1.0,11.75
M Prasidh Krishna,Sharjah Cricket Stadium,0.5,9.25
M Prasidh Krishna,Sheikh Zayed Stadium,0.75,9.9375
M Prasidh Krishna,Wankhede Stadium,0.5,8.541666666666668
M Prasidh Krishna,"Wankhede Stadium, Mumbai",1.125,9.208333333333334
M Prasidh Krishna,"Zayed Cricket Stadium, Abu Dhabi",1.3333333333333333,9.0
M Theekshana,"Arun Jaitley Stadium, Delhi",1.5,7.875
M Theekshana,"Barsapara Cricket Stadium, Guwahati",0.0,7.75
M Theekshana,"Bharat Ratna Shri Atal Bihari Vajpayee Ekana Cricket Stadium, Lucknow",2.0,9.25
M Theekshana,"Dr DY Patil Sports Academy, Mumbai",1.5,8.0
M Theekshana,"Eden Gardens, Kolkata",1.5,9.125
M Theekshana,"M Chinnaswamy Stadium, Bengaluru",0.5,8.25
M Theekshana,"MA Chidambaram Stadium, Chepauk, Chennai",0.4,7.8583333333333325
M Theekshana,"Maharaja Yadavindra Singh International Cricket Stadium, Mullanpur",2.0,6.5
M Theekshana,"Maharashtra Cricket Association Stadium, Pune",1.6666666666666667,6.416666666666667
M Theekshana,"Narendra Modi Stadium, Ahmedabad",1.0,11.25
M Theekshana,"Rajiv Gandhi International Stadium, Uppal, Hyderabad",1.5,9.875
M Theekshana,"Sawai Mansingh Stadium, Jaipur",0.8,9.0
M Theekshana,"Wankhede Stadium, Mumbai",0.5,8.0
MA Starc,"Arun Jaitley Stadium, Delhi",2.0,11.285201149425287
MA Starc,"Bharat Ratna Shri Atal Bihari Vajpayee Ekana Cricket Stadium, Lucknow",1.0,8.625
MA Starc,"Dr. Y.S. Rajasekhara Reddy ACA-VDCA Cricket Stadium, Visakhapatnam",3.6666666666666665,9.459595959595958
MA Starc,Dubai International Cricket Stadium,1.5,4.5
MA Starc,Eden Gardens,1.0,8.0
MA Starc,"Eden Gardens, Kolkata",1.1666666666666667,12.736111111111109
MA Starc,Feroz Shah Kotla,3.0,5.0
MA Starc,"Himachal Pradesh Cricket Association Stadium, Dharamsala",0.0,11.5
MA Starc,JSCA International Stadium Complex,1.0,6.25
MA Starc,M Chinnaswamy Stadium,1.4444444444444444,7.833333333333333
MA Starc,"M Chinnaswamy Stadium, Bengaluru",0.5,11.708333333333332
MA Starc,"MA Chidambaram Stadium, Chepauk",4.0,6.0
MA Starc,"MA Chidambaram Stadium, Chepauk, Chennai",1.0,7.027777777777779
MA Starc,Maharashtra Cricket Association Stadium,1.0,5.5
MA Starc,"Narendra Modi Stadium, Ahmedabad",1.5,11.6
MA Starc,"Punjab Cricket Association Stadium, Mohali",1.0,10.0
MA Starc,"Rajiv Gandhi International Stadium, Uppal",0.5,8.56060606060606
MA Starc,"Sardar Patel Stadium, Motera",3.0,5.5
MA Starc,Sharjah Cricket Stadium,1.5,8.25
MA Starc,Sheikh Zayed Stadium,2.0,7.25
MA Starc,Wankhede Stadium,1.0,8.75
MA Starc,"Wankhede Stadium, Mumbai",4.0,8.608695652173912
MC Henriques,Barabati Stadium,1.0,8.75
MC Henriques,Brabourne Stadium,1.0,9.666666666666668
MC Henriques,Dr. Y.S. Rajasekhara Reddy ACA-VDCA Cricket Stadium,1.0,6.722222222222222
MC Henriques,Dubai International Cricket Stadium,0.0,9.0
MC Henriques,Eden Gardens,0.3333333333333333,8.88888888888889
MC Henriques,Feroz Shah Kotla,1.2,10.089743589743588
MC Henriques,Green Park,0.0,12.0
MC Henriques,Kingsmead,0.5,8.5
MC Henriques,M Chinnaswamy Stadium,0.4,12.193589743589744
MC Henriques,"MA Chidambaram Stadium, Chepauk, Chennai",0.0,5.5
MC Henriques,Maharashtra Cricket Association Stadium,0.0,4.0
MC Henriques,"Narendra Modi Stadium, Ahmedabad",1.0,5.0
MC Henriques,New Wanderers Stadium,1.0,8.75
MC Henriques,Newlands,0.0,24.0
MC Henriques,"Punjab Cricket Association IS Bindra Stadium, Mohali",0.5,11.333333333333334
MC Henriques,"Punjab Cricket Association Stadium, Mohali",0.5,8.583333333333334
MC Henriques,"Rajiv Gandhi International Stadium, Uppal",0.9523809523809523,8.101307189542483
MC Henriques,"Sardar Patel Stadium, Motera",1.0,5.5
MC Henriques,Saurashtra Cricket Association Stadium,0.0,5.666666666666666
MC Henriques,Sawai Mansingh Stadium,1.0,3.0
MC Henriques,Shaheed Veer Narayan Singh International Stadium,0.0,8.0
MC Henriques,Sharjah Cricket Stadium,3.0,3.0
MC Henriques,Subrata Roy Sahara Stadium,2.0,11.0
MF Maharoof,Eden Gardens,1.0,8.125
MF Maharoof,Feroz Shah Kotla,1.375,7.760416666666667
MF Maharoof,M Chinnaswamy Stadium,4.0,3.25
MF Maharoof,New Wanderers Stadium,0.0,4.5
MF Maharoof,OUTsurance Oval,2.0,7.0
MF Maharoof,"Punjab Cricket Association Stadium, Mohali",1.5,9.791666666666668
MF Maharoof,"Rajiv Gandhi International Stadium, Uppal",2.0,9.0
MF Maharoof,"Sardar Patel Stadium, Motera",1.0,8.0
MF Maharoof,Sawai Mansingh Stadium,3.0,5.5
MF Maharoof,Wankhede Stadium,3.0,8.5
MG Johnson,Arun Jaitley Stadium,0.0,10.5
MG Johnson,Barabati Stadium,1.0,10.125
MG Johnson,Dubai International Cricket Stadium,2.0,4.75
MG Johnson,Eden Gardens,1.125,8.052083333333334
MG Johnson,Feroz Shah Kotla,0.0,9.666666666666668
MG Johnson,M Chinnaswamy Stadium,1.2,7.85
MG Johnson,M.Chinnaswamy Stadium,0.0,12.666666666666668
MG Johnson,"MA Chidambaram Stadium, Chepauk",0.5,7.75
MG Johnson,Maharashtra Cricket Association Stadium,1.0,9.898550724637682
MG Johnson,"Punjab Cricket Association IS Bindra Stadium, Mohali",1.5,9.75
MG Johnson,"Punjab Cricket Association Stadium, Mohali",1.6666666666666667,9.508771929824562
MG Johnson,"Rajiv Gandhi International Stadium, Uppal",1.6666666666666667,6.666666666666667
MG Johnson,"Sardar Patel Stadium, Motera",3.0,8.666666666666666
MG Johnson,Sawai Mansingh Stadium,0.0,10.25
MG Johnson,Sharjah Cricket Stadium,1.5,6.875
MG Johnson,Sheikh Zayed Stadium,1.0,9.175
MG Johnson,Subrata Roy Sahara Stadium,2.0,2.0
MG Johnson,Wankhede Stadium,1.4285714285714286,7.988095238095238
MJ McClenaghan,Dr. Y.S. Rajasekhara Reddy ACA-VDCA Cricket Stadium,1.3333333333333333,8.0
MJ McClenaghan,Eden Gardens,2.0,6.833333333333333
MJ McClenaghan,Feroz Shah Kotla,1.6666666666666667,8.75
MJ McClenaghan,Green Park,0.0,9.91304347826087
MJ McClenaghan,Holkar Cricket Stadium,1.5,9.625
MJ McClenaghan,M Chinnaswamy Stadium,1.3333333333333333,8.166666666666666
MJ McClenaghan,M.Chinnaswamy Stadium,1.0,10.25
MJ McClenaghan,"MA Chidambaram Stadium, Chepauk",1.0,8.5
MJ McClenaghan,Maharashtra Cricket Association Stadium,1.3333333333333333,7.416666666666667
MJ McClenaghan,Punjab Cricket Association IS Bindra Stadium,0.0,8.75
MJ McClenaghan,"Punjab Cricket Association IS Bindra Stadium, Mohali",2.0,8.0
MJ McClenaghan,"Punjab Cricket Association Stadium, Mohali",0.0,6.25
MJ McClenaghan,Rajiv Gandhi International Stadium,0.0,6.0
MJ McClenaghan,"Rajiv Gandhi International Stadium, Uppal",1.3333333333333333,6.642857142857143
MJ McClenaghan,Saurashtra Cricket Association Stadium,0.0,12.5
MJ McClenaghan,Sawai Mansingh Stadium,1.0,10.666666666666666
MJ McClenaghan,Wankhede Stadium,1.5,8.91025641025641
MJ Santner,"Arun Jaitley Stadium, Delhi",2.0,10.75
MJ Santner,"Bharat Ratna Shri Atal Bihari Vajpayee Ekana Cricket Stadium, Lucknow",0.0,11.5
MJ Santner,"Brabourne Stadium, Mumbai",1.0,5.0
MJ Santner,"Dr DY Patil Sports Academy, Mumbai",1.0,5.333333333333333
MJ Santner,Dubai International Cricket Stadium,1.0,7.875
MJ Santner,Eden Gardens,1.0,7.5
MJ Santner,"Himachal Pradesh Cricket Association Stadium, Dharamsala",1.0,3.333333333333333
MJ Santner,"M Chinnaswamy Stadium, Bengaluru",2.0,5.75
MJ Santner,MA Chidambaram Stadium,1.0,8.125
MJ Santner,"MA Chidambaram Stadium, Chepauk, Chennai",0.5,8.163461538461538
MJ Santner,"Maharaja Yadavindra Singh International Cricket Stadium, New Chandigarh",1.0,10.0
MJ Santner,"Maharashtra Cricket Association Stadium, Pune",1.0,12.0
MJ Santner,"Narendra Modi Stadium, Ahmedabad",0.0,9.833333333333332
MJ Santner,"Rajiv Gandhi International Stadium, Uppal, Hyderabad",0.0,4.75
MJ Santner,Sawai Mansingh Stadium,1.0,6.25
MJ Santner,"Sawai Mansingh Stadium, Jaipur",2.0,10.25
MJ Santner,"Wankhede Stadium, Mumbai",0.8888888888888888,6.140740740740741
MM Ali,Arun Jaitley Stadium,1.0,6.25
MM Ali,"Arun Jaitley Stadium, Delhi",0.5,4.5
MM Ali,"Barsapara Cricket Stadium, Guwahati",2.0,5.75
MM Ali,"Bharat Ratna Shri Atal Bihari Vajpayee Ekana Cricket Stadium, Lucknow",1.0,4.125
MM Ali,"Brabourne Stadium, Mumbai",0.3333333333333333,9.083333333333334
MM Ali,"Dr DY Patil Sports Academy, Mumbai",1.0,6.527777777777779
MM Ali,Dubai International Cricket Stadium,0.6,7.283333333333333
MM Ali,Eden Gardens,1.0,13.0
MM Ali,"Eden Gardens, Kolkata",1.0,13.708333333333332
MM Ali,Holkar Cricket Stadium,4.0,6.0
MM Ali,"M Chinnaswamy Stadium, Bengaluru",1.0,13.0
MM Ali,M.Chinnaswamy Stadium,0.75,9.083333333333334
MM Ali,MA Chidambaram Stadium,1.0,4.75
MM Ali,"MA Chidambaram Stadium, Chepauk, Chennai",0.6,8.425
MM Ali,"Maharashtra Cricket Association Stadium, Pune",1.0,7.75
MM Ali,Punjab Cricket Association IS Bindra Stadium,1.0,4.75
MM Ali,Rajiv Gandhi International Stadium,0.0,8.0
MM Ali,"Rajiv Gandhi International Stadium, Uppal, Hyderabad",2.0,7.666666666666666
MM Ali,Sawai Mansingh Stadium,0.0,11.75
MM Ali,"Sawai Mansingh Stadium, Jaipur",0.0,8.5
MM Ali,Sharjah Cricket Stadium,0.0,5.0
MM Ali,Sheikh Zayed Stadium,0.0,4.0
MM Ali,Wankhede Stadium,2.0,4.5
MM Ali,"Wankhede Stadium, Mumbai",1.2,6.754545454545453
MM Ali,"Zayed Cricket Stadium, Abu Dhabi",0.0,9.857142857142858
MM Patel,De Beers Diamond Oval,0.0,3.0
MM Patel,Dr DY Patil Sports Academy,0.3333333333333333,7.166666666666667
MM Patel,Dr. Y.S. Rajasekhara Reddy ACA-VDCA Cricket Stadium,4.0,5.0
MM Patel,Eden Gardens,1.5,6.75
MM Patel,Feroz Shah Kotla,0.0,8.666666666666666
MM Patel,Green Park,0.0,7.333333333333334
MM Patel,Kingsmead,3.0,4.619565217391305
MM Patel,M Chinnaswamy Stadium,0.8,8.233333333333333
MM Patel,"MA Chidambaram Stadium, Chepauk",2.0,9.25
MM Patel,Newlands,1.6666666666666667,8.777777777777777
MM Patel,OUTsurance Oval,2.0,9.75
MM Patel,"Punjab Cricket Association Stadium, Mohali",1.75,8.875
MM Patel,"Rajiv Gandhi International Stadium, Uppal",0.5,11.25
MM Patel,"Sardar Patel Stadium, Motera",1.5,8.666666666666666
MM Patel,Sawai Mansingh Stadium,1.4285714285714286,6.142857142857143
MM Patel,St George's Park,0.0,11.5
MM Patel,Subrata Roy Sahara Stadium,1.0,6.0
MM Patel,SuperSport Park,1.6666666666666667,5.916666666666667
MM Patel,Wankhede Stadium,1.411764705882353,6.925388337153043
MM Sharma,"Arun Jaitley Stadium, Delhi",0.0,13.694444444444445
MM Sharma,Barabati Stadium,2.0,9.5
MM Sharma,"Bharat Ratna Shri Atal Bihari Vajpayee Ekana Cricket Stadium, Lucknow",2.0,8.5
MM Sharma,Brabourne Stadium,3.0,10.5
MM Sharma,Dr. Y.S. Rajasekhara Reddy ACA-VDCA Cricket Stadium,1.5,8.125
MM Sharma,"Dr. Y.S. Rajasekhara Reddy ACA-VDCA Cricket Stadium, Visakhapatnam",0.5,9.416666666666666
MM Sharma,Dubai International Cricket Stadium,2.3333333333333335,7.083333333333333
MM Sharma,Eden Gardens,0.7142857142857143,7.845238095238096
MM Sharma,"Eden Gardens, Kolkata",0.0,12.0
MM Sharma,Feroz Shah Kotla,1.6,7.8121212121212125
MM Sharma,Holkar Cricket Stadium,0.4,11.370000000000001
MM Sharma,JSCA International Stadium Complex,1.4,7.616666666666667
MM Sharma,M Chinnaswamy Stadium,0.8,9.216666666666665
MM Sharma,"M Chinnaswamy Stadium, Bengaluru",0.3333333333333333,11.5
MM Sharma,M.Chinnaswamy Stadium,0.0,12.857142857142858
MM Sharma,"MA Chidambaram Stadium, Chepauk",1.3076923076923077,7.294871794871795
MM Sharma,"MA Chidambaram Stadium, Chepauk, Chennai",1.3333333333333333,8.583333333333334
MM Sharma,"Maharaja Yadavindra Singh International Cricket Stadium, Mullanpur",3.0,8.0
MM Sharma,Maharashtra Cricket Association Stadium,0.5,7.421052631578947
MM Sharma,"Narendra Modi Stadium, Ahmedabad",2.3846153846153846,9.06043956043956
MM Sharma,Punjab Cricket Association IS Bindra Stadium,1.6666666666666667,10.916666666666666
MM Sharma,"Punjab Cricket Association IS Bindra Stadium, Mohali",1.0,8.292886140972264
MM Sharma,"Punjab Cricket Association IS Bindra Stadium, Mohali, Chandigarh",2.0,4.5
MM Sharma,"Rajiv Gandhi International Stadium, Uppal",1.5,8.604166666666666
MM Sharma,"Sardar Patel Stadium, Motera",0.0,8.25
MM Sharma,Saurashtra Cricket Association Stadium,2.0,7.125
MM Sharma,Sawai Mansingh Stadium,0.5,7.458333333333334
MM Sharma,"Sawai Mansingh Stadium, Jaipur",0.6666666666666666,10.166666666666666
MM Sharma,Shaheed Veer Narayan Singh International Stadium,0.0,8.5
MM Sharma,Sharjah Cricket Stadium,2.0,6.75
MM Sharma,Sheikh Zayed Stadium,0.5,9.009803921568627
MM Sharma,Subrata Roy Sahara Stadium,3.0,5.25
MM Sharma,Wankhede Stadium,1.0,9.916666666666666
MM Sharma,"Wankhede Stadium, Mumbai",1.0,10.75
MP Stoinis,Arun Jaitley Stadium,0.0,8.0
MP Stoinis,"Bharat Ratna Shri Atal Bihari Vajpayee Ekana Cricket Stadium, Lucknow",0.625,7.8125
MP Stoinis,"Brabourne Stadium, Mumbai",0.5,10.75
MP Stoinis,"Dr DY Patil Sports Academy, Mumbai",1.5,12.75
MP Stoinis,Dr. Y.S. Rajasekhara Reddy ACA-VDCA Cricket Stadium,4.0,3.75
MP Stoinis,Dubai International Cricket Stadium,0.5714285714285714,8.360544217687075
MP Stoinis,Eden Gardens,0.3333333333333333,8.666666666666666
MP Stoinis,"Himachal Pradesh Cricket Association Stadium, Dharamsala",0.0,17.0
MP Stoinis,Holkar Cricket Stadium,0.5,10.5
MP Stoinis,"M Chinnaswamy Stadium, Bengaluru",1.0,9.0
MP Stoinis,M.Chinnaswamy Stadium,0.3333333333333333,9.988888888888889
MP Stoinis,"MA Chidambaram Stadium, Chepauk, Chennai",0.5,9.4375
MP Stoinis,"Maharaja Yadavindra Singh International Cricket Stadium, Mullanpur",0.0,11.666666666666666
MP Stoinis,"Narendra Modi Stadium, Ahmedabad",0.3333333333333333,14.25
MP Stoinis,Punjab Cricket Association IS Bindra Stadium,0.0,7.0
MP Stoinis,"Punjab Cricket Association IS Bindra Stadium, Mohali",1.0,11.125
MP Stoinis,"Punjab Cricket Association IS Bindra Stadium, Mohali, Chandigarh",1.0,11.454545454545457
MP Stoinis,"Rajiv Gandhi International Stadium, Uppal, Hyderabad",0.0,9.0
MP Stoinis,Saurashtra Cricket Association Stadium,0.5,8.875
MP Stoinis,Sawai Mansingh Stadium,0.5,8.416666666666668
MP Stoinis,"Sawai Mansingh Stadium, Jaipur",1.0,10.5
MP Stoinis,Sharjah Cricket Stadium,1.0,10.0
MP Stoinis,Sheikh Zayed Stadium,1.5,9.46875
MP Stoinis,Wankhede Stadium,1.0,14.333333333333332
MP Stoinis,"Wankhede Stadium, Mumbai",0.0,14.0
MR Marsh,"Arun Jaitley Stadium, Delhi",1.4,10.965789473684211
MR Marsh,"Brabourne Stadium, Mumbai",1.0,9.0
MR Marsh,Dr DY Patil Sports Academy,0.0,8.5
MR Marsh,"Dr DY Patil Sports Academy, Mumbai",1.5,9.833333333333332
MR Marsh,"Dr. Y.S. Rajasekhara Reddy ACA-VDCA Cricket Stadium, Visakhapatnam",0.5,13.166666666666666
MR Marsh,Dubai International Cricket Stadium,0.0,9.0
MR Marsh,Feroz Shah Kotla,1.0,7.288461538461538
MR Marsh,Himachal Pradesh Cricket Association Stadium,0.0,8.0
MR Marsh,M Chinnaswamy Stadium,1.0,13.958333333333334
MR Marsh,"M Chinnaswamy Stadium, Bengaluru",2.0,9.0
MR Marsh,"MA Chidambaram Stadium, Chepauk",2.0,8.75
MR Marsh,"MA Chidambaram Stadium, Chepauk, Chennai",3.0,6.0
MR Marsh,"Maharaja Yadavindra Singh International Cricket Stadium, Mullanpur",0.0,13.0
MR Marsh,Maharashtra Cricket Association Stadium,1.0,6.5
MR Marsh,"Punjab Cricket Association Stadium, Mohali",2.0,6.5
MR Marsh,"Rajiv Gandhi International Stadium, Uppal",3.0,4.875
MR Marsh,"Rajiv Gandhi International Stadium, Uppal, Hyderabad",0.0,8.0
MR Marsh,Saurashtra Cricket Association Stadium,0.0,10.0
MR Marsh,Subrata Roy Sahara Stadium,0.6666666666666666,6.8999999999999995
MR Marsh,Wankhede Stadium,1.5,8.625
MR Marsh,"Wankhede Stadium, Mumbai",0.0,3.5
MS Gony,Dr DY Patil Sports Academy,1.0,7.5
MS Gony,Dr. Y.S. Rajasekhara Reddy ACA-VDCA Cricket Stadium,0.0,13.5
MS Gony,Eden Gardens,0.5,7.625
MS Gony,Feroz Shah Kotla,1.0,9.0
MS Gony,Kingsmead,0.3333333333333333,11.916666666666666
MS Gony,M Chinnaswamy Stadium,1.5,10.125
MS Gony,"MA Chidambaram Stadium, Chepauk",0.8,8.966666666666667
MS Gony,Nehru Stadium,1.0,6.333333333333334
MS Gony,New Wanderers Stadium,1.0,11.5
MS Gony,Newlands,2.0,8.0
MS Gony,"Punjab Cricket Association Stadium, Mohali",1.0,9.041666666666666
MS Gony,"Rajiv Gandhi International Stadium, Uppal",1.0,8.285714285714286
MS Gony,Saurashtra Cricket Association Stadium,0.0,16.0
MS Gony,Sawai Mansingh Stadium,0.0,8.333333333333332
MS Gony,St George's Park,1.0,8.0
MS Gony,Subrata Roy Sahara Stadium,2.0,6.75
MS Gony,SuperSport Park,0.0,19.0
MS Gony,Wankhede Stadium,1.3333333333333333,8.194444444444445
Mohammad Nabi,Arun Jaitley Stadium,2.0,5.25
Mohammad Nabi,"Arun Jaitley Stadium, Delhi",0.5,15.5
Mohammad Nabi,"Bharat Ratna Shri Atal Bihari Vajpayee Ekana Cricket Stadium, Lucknow",1.0,12.0
Mohammad Nabi,Dr. Y.S. Rajasekhara Reddy ACA-VDCA Cricket Stadium,0.0,7.25
Mohammad Nabi,Green Park,0.0,5.666666666666666
Mohammad Nabi,M.Chinnaswamy Stadium,0.0,11.142857142857142
Mohammad Nabi,"MA Chidambaram Stadium, Chepauk, Chennai",2.0,8.0
Mohammad Nabi,Punjab Cricket Association IS Bindra Stadium,0.0,10.956521739130434
Mohammad Nabi,Rajiv Gandhi International Stadium,1.25,6.833333333333334
Mohammad Nabi,"Rajiv Gandhi International Stadium, Uppal",1.0,5.125
Mohammad Nabi,"Sawai Mansingh Stadium, Jaipur",0.0,10.0
Mohammad Nabi,Sheikh Zayed Stadium,0.0,5.75
Mohammad Nabi,Wankhede Stadium,1.0,6.833333333333333
Mohammad Nabi,"Wankhede Stadium, Mumbai",0.0,7.277777777777779
Mohammad Nabi,"Zayed Cricket Stadium, Abu Dhabi",0.0,11.0
Mohammed Shami,Arun Jaitley Stadium,2.0,5.25
Mohammed Shami,"Arun Jaitley Stadium, Delhi",3.0,10.25
Mohammed Shami,"Bharat Ratna Shri Atal Bihari Vajpayee Ekana Cricket Stadium, Lucknow",0.0,6.0
Mohammed Shami,"Brabourne Stadium, Mumbai",0.6666666666666666,9.75
Mohammed Shami,"Dr DY Patil Sports Academy, Mumbai",1.0,8.375
Mohammed Shami,Dr. Y.S. Rajasekhara Reddy ACA-VDCA Cricket Stadium,0.0,12.0
Mohammed Shami,"Dr. Y.S. Rajasekhara Reddy ACA-VDCA Cricket Stadium, Visakhapatnam",0.0,10.333333333333334
Mohammed Shami,Dubai International Cricket Stadium,1.5833333333333333,7.051330613830614
Mohammed Shami,Eden Gardens,1.0,12.125
Mohammed Shami,"Eden Gardens, Kolkata",1.6666666666666667,8.75
Mohammed Shami,Feroz Shah Kotla,0.6428571428571429,9.014724310776943
Mohammed Shami,Green Park,2.0,9.0
Mohammed Shami,M Chinnaswamy Stadium,2.0,8.125
Mohammed Shami,"M Chinnaswamy Stadium, Bengaluru",1.0,9.75
Mohammed Shami,M.Chinnaswamy Stadium,1.0,13.25
Mohammed Shami,MA Chidambaram Stadium,0.0,10.25
Mohammed Shami,"MA Chidambaram Stadium, Chepauk",0.0,10.0
Mohammed Shami,"MA Chidambaram Stadium, Chepauk, Chennai",1.25,7.395833333333334
Mohammed Shami,"Maharashtra Cricket Association Stadium, Pune",1.3333333333333333,4.722222222222222
Mohammed Shami,"Narendra Modi Stadium, Ahmedabad",1.5,8.289502164502165
Mohammed Shami,Punjab Cricket Association IS Bindra Stadium,1.5,8.833333333333334
Mohammed Shami,"Punjab Cricket Association IS Bindra Stadium, Mohali",0.5,10.416666666666666
Mohammed Shami,"Punjab Cricket Association IS Bindra Stadium, Mohali, Chandigarh",1.0,11.0
Mohammed Shami,"Punjab Cricket Association Stadium, Mohali",1.0,8.666666666666666
Mohammed Shami,Rajiv Gandhi International Stadium,2.0,9.0
Mohammed Shami,"Rajiv Gandhi International Stadium, Uppal",1.0,8.333333333333332
Mohammed Shami,"Rajiv Gandhi International Stadium, Uppal, Hyderabad",1.0,12.270833333333332
Mohammed Shami,Saurashtra Cricket Association Stadium,2.0,7.75
Mohammed Shami,Sawai Mansingh Stadium,0.6666666666666666,8.160628019323672
Mohammed Shami,"Sawai Mansingh Stadium, Jaipur",1.0,6.75
Mohammed Shami,Sharjah Cricket Stadium,2.2857142857142856,9.0
Mohammed Shami,Sheikh Zayed Stadium,1.0,9.4
Mohammed Shami,Wankhede Stadium,2.0,7.125
Mohammed Shami,"Wankhede Stadium, Mumbai",1.3333333333333333,9.064814814814815
Mohammed Shami,"Zayed Cricket Stadium, Abu Dhabi",1.0,10.5
Mohammed Siraj,Arun Jaitley Stadium,1.0,11.5
Mohammed Siraj,"Arun Jaitley Stadium, Delhi",0.0,11.625
Mohammed Siraj,"Bharat Ratna Shri Atal Bihari Vajpayee Ekana Cricket Stadium, Lucknow",0.5,10.25
Mohammed Siraj,"Brabourne Stadium, Mumbai",0.0,11.416666666666666
Mohammed Siraj,"Dr DY Patil Sports Academy, Mumbai",1.0,9.5
Mohammed Siraj,Dubai International Cricket Stadium,1.0,8.05
Mohammed Siraj,Eden Gardens,0.0,9.5
Mohammed Siraj,"Eden Gardens, Kolkata",1.0,9.8125
Mohammed Siraj,Feroz Shah Kotla,2.0,10.25
Mohammed Siraj,Green Park,4.0,8.0
Mohammed Siraj,"Himachal Pradesh Cricket Association Stadium, Dharamsala",3.0,10.75
Mohammed Siraj,Holkar Cricket Stadium,1.0,5.666666666666666
Mohammed Siraj,"M Chinnaswamy Stadium, Bengaluru",1.5714285714285714,8.041666666666666
Mohammed Siraj,M.Chinnaswamy Stadium,1.125,10.133116883116884
Mohammed Siraj,MA Chidambaram Stadium,1.0,2.5
Mohammed Siraj,"MA Chidambaram Stadium, Chepauk, Chennai",0.5,6.729166666666666
Mohammed Siraj,"Maharaja Yadavindra Singh International Cricket Stadium, New Chandigarh",1.0,9.25
Mohammed Siraj,Maharashtra Cricket Association Stadium,0.0,9.75
Mohammed Siraj,"Maharashtra Cricket Association Stadium, Pune",0.6666666666666666,10.416666666666666
Mohammed Siraj,"Narendra Modi Stadium, Ahmedabad",0.8333333333333334,10.145833333333334
Mohammed Siraj,Punjab Cricket Association IS Bindra Stadium,1.0,13.5
Mohammed Siraj,"Punjab Cricket Association IS Bindra Stadium, Mohali, Chandigarh",4.0,5.25
Mohammed Siraj,Rajiv Gandhi International Stadium,2.0,7.875
Mohammed Siraj,"Rajiv Gandhi International Stadium, Uppal",1.3333333333333333,8.972222222222221
Mohammed Siraj,"Rajiv Gandhi International Stadium, Uppal, Hyderabad",1.6666666666666667,4.5
Mohammed Siraj,Sawai Mansingh Stadium,1.0,7.25
Mohammed Siraj,"Sawai Mansingh Stadium, Jaipur",0.6666666666666666,8.583333333333334
Mohammed Siraj,Sharjah Cricket Stadium,0.5,9.222222222222223
Mohammed Siraj,Sheikh Zayed Stadium,2.0,6.87719298245614
Mohammed Siraj,Wankhede Stadium,0.5,9.5
Mohammed Siraj,"Wankhede Stadium, Mumbai",0.75,9.322916666666666
Mohammed Siraj,"Zayed Cricket Stadium, Abu Dhabi",0.0,5.833333333333333
Mohsin Khan,"Arun Jaitley Stadium, Delhi",0.0,7.25
Mohsin Khan,"Bharat Ratna Shri Atal Bihari Vajpayee Ekana Cricket Stadium, Lucknow",1.0,10.402777777777777
Mohsin Khan,"Brabourne Stadium, Mumbai",0.0,10.75
Mohsin Khan,"Dr DY Patil Sports Academy, Mumbai",3.0,5.0
Mohsin Khan,"Eden Gardens, Kolkata",1.0,9.5
Mohsin Khan,"MA Chidambaram Stadium, Chepauk, Chennai",1.0,10.25
Mohsin Khan,"Maharashtra Cricket Association Stadium, Pune",1.6666666666666667,4.166666666666667
Mohsin Khan,"Narendra Modi Stadium, Ahmedabad",1.0,14.0
Mohsin Khan,"Sawai Mansingh Stadium, Jaipur",1.0,11.25
Mohsin Khan,"Wankhede Stadium, Mumbai",1.5,7.75
Mujeeb Ur Rahman,Arun Jaitley Stadium,2.0,6.25
Mujeeb Ur Rahman,Dubai International Cricket Stadium,0.0,9.75
Mujeeb Ur Rahman,Eden Gardens,2.0,8.0
Mujeeb Ur Rahman,Holkar Cricket Stadium,1.6666666666666667,9.333333333333334
Mujeeb Ur Rahman,M.Chinnaswamy Stadium,1.0,7.25
Mujeeb Ur Rahman,"MA Chidambaram Stadium, Chepauk, Chennai",2.0,7.25
Mujeeb Ur Rahman,"Narendra Modi Stadium, Ahmedabad",1.0,14.0
Mujeeb Ur Rahman,Punjab Cricket Association IS Bindra Stadium,0.5,7.541666666666667
Mujeeb Ur Rahman,Rajiv Gandhi International Stadium,0.5,10.375
Mujeeb Ur Rahman,Sawai Mansingh Stadium,2.0,6.5
Mujeeb Ur Rahman,Sheikh Zayed Stadium,0.0,11.0
Mukesh Kumar,"Arun Jaitley Stadium, Delhi",1.2666666666666666,11.093650793650793
Mukesh Kumar,"Barsapara Cricket Stadium, Guwahati",2.0,9.0
Mukesh Kumar,"Bharat Ratna Shri Atal Bihari Vajpayee Ekana Cricket Stadium, Lucknow",1.6666666666666667,9.0
Mukesh Kumar,"Dr. Y.S. Rajasekhara Reddy ACA-VDCA Cricket Stadium, Visakhapatnam",1.3333333333333333,8.833333333333334
Mukesh Kumar,"Himachal Pradesh Cricket Association Stadium, Dharamsala",1.0,13.0
Mukesh Kumar,"M Chinnaswamy Stadium, Bengaluru",2.0,8.166666666666666
Mukesh Kumar,"MA Chidambaram Stadium, Chepauk, Chennai",1.0,9.0
Mukesh Kumar,"Narendra Modi Stadium, Ahmedabad",2.5,7.8
Mukesh Kumar,"Rajiv Gandhi International Stadium, Uppal, Hyderabad",0.0,9.0
Mukesh Kumar,"Sawai Mansingh Stadium, Jaipur",1.0,12.25
Mukesh Kumar,"Wankhede Stadium, Mumbai",2.0,12.0
Mustafizur Rahman,Arun Jaitley Stadium,1.0,8.5
Mustafizur Rahman,"Arun Jaitley Stadium, Delhi",1.25,8.267857142857142
Mustafizur Rahman,"Bharat Ratna Shri Atal Bihari Vajpayee Ekana Cricket Stadium, Lucknow",1.0,10.75
Mustafizur Rahman,"Brabourne Stadium, Mumbai",1.0,6.125
Mustafizur Rahman,"Dr DY Patil Sports Academy, Mumbai",0.0,6.5
Mustafizur Rahman,Dr. Y.S. Rajasekhara Reddy ACA-VDCA Cricket Stadium,1.5,5.916666666666666
Mustafizur Rahman,"Dr. Y.S. Rajasekhara Reddy ACA-VDCA Cricket Stadium, Visakhapatnam",1.0,11.75
Mustafizur Rahman,Dubai International Cricket Stadium,1.0,7.198412698412699
Mustafizur Rahman,Eden Gardens,1.0,8.0
Mustafizur Rahman,Feroz Shah Kotla,0.0,7.0
Mustafizur Rahman,M Chinnaswamy Stadium,2.0,7.875
Mustafizur Rahman,"M Chinnaswamy Stadium, Bengaluru",0.0,13.666666666666666
Mustafizur Rahman,"MA Chidambaram Stadium, Chepauk, Chennai",1.8333333333333333,7.837885154061624
Mustafizur Rahman,"Maharashtra Cricket Association Stadium, Pune",3.0,5.75
Mustafizur Rahman,"Punjab Cricket Association IS Bindra Stadium, Mohali",1.0,8.0
Mustafizur Rahman,Rajiv Gandhi International Stadium,3.0,6.0
Mustafizur Rahman,"Rajiv Gandhi International Stadium, Uppal",1.1428571428571428,7.214285714285714
Mustafizur Rahman,Saurashtra Cricket Association Stadium,1.0,4.75
Mustafizur Rahman,Sawai Mansingh Stadium,1.0,8.75
Mustafizur Rahman,"Sawai Mansingh Stadium, Jaipur",3.0,8.25
Mustafizur Rahman,Shaheed Veer Narayan Singh International Stadium,1.0,6.0
Mustafizur Rahman,Sharjah Cricket Stadium,0.5,10.732142857142858
Mustafizur Rahman,Wankhede Stadium,0.8,9.566600790513835
Mustafizur Rahman,"Wankhede Stadium, Mumbai",1.2727272727272727,9.155844155844157
Mustafizur Rahman,"Zayed Cricket Stadium, Abu Dhabi",1.0,9.125
N Rana,Arun Jaitley Stadium,0.0,8.0
N Rana,"Arun Jaitley Stadium, Delhi",2.0,4.25
N Rana,"Barsapara Cricket Stadium, Guwahati",0.0,9.0
N Rana,"Dr DY Patil Sports Academy, Mumbai",0.0,9.0
N Rana,Dr. Y.S. Rajasekhara Reddy ACA-VDCA Cricket Stadium,0.0,3.0
N Rana,Dubai International Cricket Stadium,0.0,11.5
N Rana,Eden Gardens,0.6,7.8
N Rana,"Eden Gardens, Kolkata",0.25,13.2
N Rana,"M Chinnaswamy Stadium, Bengaluru",0.0,8.0
N Rana,M.Chinnaswamy Stadium,1.0,11.0
N Rana,Punjab Cricket Association IS Bindra Stadium,1.0,8.0
N Rana,Rajiv Gandhi International Stadium,0.0,5.0
N Rana,"Rajiv Gandhi International Stadium, Uppal, Hyderabad",0.0,9.0
N Rana,Sawai Mansingh Stadium,2.0,5.5
N Rana,Sheikh Zayed Stadium,0.0,7.0
N Rana,Wankhede Stadium,0.0,8.5
N Rana,"Wankhede Stadium, Mumbai",0.0,14.0
N Rana,"Zayed Cricket Stadium, Abu Dhabi",0.0,5.0
NLTC Perera,"Brabourne Stadium, Mumbai",0.0,19.0
NLTC Perera,Dr. Y.S. Rajasekhara Reddy ACA-VDCA Cricket Stadium,0.3333333333333333,11.333333333333334
NLTC Perera,Eden Gardens,0.0,11.0
NLTC Perera,Feroz Shah Kotla,0.5,8.104166666666668
NLTC Perera,M Chinnaswamy Stadium,0.5,12.5
NLTC Perera,Maharashtra Cricket Association Stadium,2.0,8.125
NLTC Perera,Nehru Stadium,2.0,7.75
NLTC Perera,"Punjab Cricket Association IS Bindra Stadium, Mohali",0.0,11.25
NLTC Perera,"Punjab Cricket Association Stadium, Mohali",1.0,4.75
NLTC Perera,"Rajiv Gandhi International Stadium, Uppal",1.5555555555555556,7.478557504873294
NLTC Perera,Sawai Mansingh Stadium,1.0,7.0
NLTC Perera,Subrata Roy Sahara Stadium,0.0,8.0
NLTC Perera,Wankhede Stadium,0.0,12.626984126984127
NM Coulter-Nile,"Arun Jaitley Stadium, Delhi",0.0,8.75
NM Coulter-Nile,Brabourne Stadium,1.0,9.5
NM Coulter-Nile,Dr. Y.S. Rajasekhara Reddy ACA-VDCA Cricket Stadium,1.0,6.75
NM Coulter-Nile,Dubai International Cricket Stadium,1.2,7.2
NM Coulter-Nile,Eden Gardens,1.6,9.893333333333334
NM Coulter-Nile,Feroz Shah Kotla,1.5,7.678571428571428
NM Coulter-Nile,Himachal Pradesh Cricket Association Stadium,1.0,7.25
NM Coulter-Nile,M Chinnaswamy Stadium,2.0,5.0
NM Coulter-Nile,"MA Chidambaram Stadium, Chepauk",3.0,7.5
NM Coulter-Nile,Maharashtra Cricket Association Stadium,0.0,4.666666666666667
NM Coulter-Nile,"Maharashtra Cricket Association Stadium, Pune",0.0,16.0
NM Coulter-Nile,"Rajiv Gandhi International Stadium, Uppal",1.5,7.375
NM Coulter-Nile,Shaheed Veer Narayan Singh International Stadium,2.0,7.625
NM Coulter-Nile,Sharjah Cricket Stadium,1.5,5.3125
NM Coulter-Nile,Sheikh Zayed Stadium,1.0,12.75
NM Coulter-Nile,Wankhede Stadium,2.0,7.5
NM Coulter-Nile,"Zayed Cricket Stadium, Abu Dhabi",1.0,7.375
Navdeep Saini,Arun Jaitley Stadium,1.0,11.0
Navdeep Saini,"Dr DY Patil Sports Academy, Mumbai",2.0,12.0
Navdeep Saini,Dubai International Cricket Stadium,0.5714285714285714,8.519047619047619
Navdeep Saini,Eden Gardens,1.0,7.75
Navdeep Saini,"Himachal Pradesh Cricket Association Stadium, Dharamsala",3.0,10.0
Navdeep Saini,M.Chinnaswamy Stadium,1.4285714285714286,8.642857142857142
Navdeep Saini,MA Chidambaram Stadium,0.0,6.0
Navdeep Saini,Punjab Cricket Association IS Bindra Stadium,0.0,5.75
Navdeep Saini,Sawai Mansingh Stadium,0.0,8.75
Navdeep Saini,Sharjah Cricket Stadium,0.5,9.604166666666666
Navdeep Saini,Sheikh Zayed Stadium,0.6666666666666666,8.457070707070708
Navdeep Saini,Wankhede Stadium,0.0,11.333333333333332
Navdeep Saini,"Wankhede Stadium, Mumbai",0.5,12.75
Noor Ahmad,"Arun Jaitley Stadium, Delhi",1.0,13.0
Noor Ahmad,"Barsapara Cricket Stadium, Guwahati",2.0,7.0
Noor Ahmad,"Bharat Ratna Shri Atal Bihari Vajpayee Ekana Cricket Stadium, Lucknow",0.6666666666666666,4.416666666666667
Noor Ahmad,"Eden Gardens, Kolkata",3.0,6.5
Noor Ahmad,"M Chinnaswamy Stadium, Bengaluru",1.6666666666666667,7.333333333333333
Noor Ahmad,"MA Chidambaram Stadium, Chepauk, Chennai",1.8571428571428572,8.142857142857142
Noor Ahmad,"Maharaja Yadavindra Singh International Cricket Stadium, Mullanpur",1.5,7.833333333333333
Noor Ahmad,"Narendra Modi Stadium, Ahmedabad",1.0,8.621887916005564
Noor Ahmad,"Sawai Mansingh Stadium, Jaipur",1.0,9.541666666666666
Noor Ahmad,"Wankhede Stadium, Mumbai",0.0,10.75
P Awana,Barabati Stadium,1.0,10.0
P Awana,Eden Gardens,1.0,8.25
P Awana,Feroz Shah Kotla,2.0,5.375
P Awana,Himachal Pradesh Cricket Association Stadium,1.0,7.645833333333334
P Awana,M Chinnaswamy Stadium,1.0,11.345238095238095
P Awana,"MA Chidambaram Stadium, Chepauk",1.0,7.875
P Awana,"Punjab Cricket Association Stadium, Mohali",1.3333333333333333,8.4375
P Awana,"Rajiv Gandhi International Stadium, Uppal",2.0,6.75
P Awana,Sawai Mansingh Stadium,1.0,8.75
P Awana,Sharjah Cricket Stadium,2.0,10.0
P Awana,Sheikh Zayed Stadium,1.0,11.666666666666666
P Awana,Subrata Roy Sahara Stadium,2.0,4.0
P Awana,Wankhede Stadium,1.3333333333333333,8.166666666666666
P Kumar,Brabourne Stadium,0.3333333333333333,8.666666666666666
P Kumar,Dr DY Patil Sports Academy,1.0,7.833333333333333
P Kumar,Dr. Y.S. Rajasekhara Reddy ACA-VDCA Cricket Stadium,0.6666666666666666,8.666666666666666
P Kumar,Eden Gardens,0.625,7.78125
P Kumar,Feroz Shah Kotla,0.6666666666666666,7.391666666666667
P Kumar,Green Park,1.3333333333333333,5.833333333333333
P Kumar,Himachal Pradesh Cricket Association Stadium,0.7142857142857143,6.119047619047619
P Kumar,Kingsmead,1.5,7.886363636363636
P Kumar,M Chinnaswamy Stadium,1.0555555555555556,9.051851851851852
P Kumar,"MA Chidambaram Stadium, Chepauk",0.5,10.0
P Kumar,Maharashtra Cricket Association Stadium,1.0,9.25
P Kumar,New Wanderers Stadium,1.0,7.4375
P Kumar,Newlands,1.5,5.791666666666666
P Kumar,"Punjab Cricket Association IS Bindra Stadium, Mohali",0.0,6.25
P Kumar,"Punjab Cricket Association Stadium, Mohali",0.8,7.012797619047619
P Kumar,"Rajiv Gandhi International Stadium, Uppal",0.875,6.84375
P Kumar,Saurashtra Cricket Association Stadium,0.42857142857142855,9.843837535014005
P Kumar,Sawai Mansingh Stadium,0.6666666666666666,6.666666666666667
P Kumar,Shaheed Veer Narayan Singh International Stadium,0.0,17.0
P Kumar,St George's Park,2.0,9.25
P Kumar,Subrata Roy Sahara Stadium,1.5,7.25
P Kumar,SuperSport Park,0.5,9.5
P Kumar,Wankhede Stadium,1.125,8.010416666666666
P Negi,Eden Gardens,1.0,6.583333333333333
P Negi,Feroz Shah Kotla,0.8333333333333334,10.722222222222221
P Negi,Holkar Cricket Stadium,0.0,7.0
P Negi,JSCA International Stadium Complex,0.5,6.75
P Negi,M Chinnaswamy Stadium,0.8333333333333334,8.716374269005849
P Negi,M.Chinnaswamy Stadium,1.0,8.43859649122807
P Negi,"MA Chidambaram Stadium, Chepauk",0.5,8.75
P Negi,Maharashtra Cricket Association Stadium,1.0,4.5
P Negi,"Punjab Cricket Association Stadium, Mohali",2.0,6.25
P Negi,"Rajiv Gandhi International Stadium, Uppal",1.0,10.0
P Negi,Saurashtra Cricket Association Stadium,1.0,5.25
P Negi,Sawai Mansingh Stadium,2.0,5.75
P Negi,Shaheed Veer Narayan Singh International Stadium,1.5,7.833333333333334
P Negi,Sheikh Zayed Stadium,0.0,12.333333333333332
P Negi,Subrata Roy Sahara Stadium,0.5,5.0
P Negi,Wankhede Stadium,1.0,9.166666666666666
PJ Cummins,"Arun Jaitley Stadium, Delhi",0.0,10.625
PJ Cummins,"Bharat Ratna Shri Atal Bihari Vajpayee Ekana Cricket Stadium, Lucknow",1.5,7.75
PJ Cummins,"Brabourne Stadium, Mumbai",0.6666666666666666,11.894927536231885
PJ Cummins,"Dr DY Patil Sports Academy, Mumbai",4.0,5.5
PJ Cummins,"Dr. Y.S. Rajasekhara Reddy ACA-VDCA Cricket Stadium, Visakhapatnam",0.0,13.5
PJ Cummins,Dubai International Cricket Stadium,2.3333333333333335,6.861111111111111
PJ Cummins,Eden Gardens,1.0,9.361111111111112
PJ Cummins,"Eden Gardens, Kolkata",1.0,9.5
PJ Cummins,Feroz Shah Kotla,1.6666666666666667,8.458333333333334
PJ Cummins,Green Park,1.0,9.5
PJ Cummins,M Chinnaswamy Stadium,0.0,9.0
PJ Cummins,"M Chinnaswamy Stadium, Bengaluru",3.0,10.75
PJ Cummins,M.Chinnaswamy Stadium,1.0,7.25
PJ Cummins,"MA Chidambaram Stadium, Chepauk",0.0,6.25
PJ Cummins,"MA Chidambaram Stadium, Chepauk, Chennai",1.1428571428571428,8.0
PJ Cummins,"Maharaja Yadavindra Singh International Cricket Stadium, Mullanpur",1.0,5.5
PJ Cummins,Maharashtra Cricket Association Stadium,2.0,7.578947368421052
PJ Cummins,"Maharashtra Cricket Association Stadium, Pune",2.0,12.25
PJ Cummins,"Narendra Modi Stadium, Ahmedabad",1.6,9.2
PJ Cummins,"Rajiv Gandhi International Stadium, Uppal",0.0,9.25
PJ Cummins,"Rajiv Gandhi International Stadium, Uppal, Hyderabad",1.1666666666666667,9.653409090909092
PJ Cummins,Sharjah Cricket Stadium,0.0,9.833333333333334
PJ Cummins,Sheikh Zayed Stadium,0.625,7.645833333333334
PJ Cummins,Wankhede Stadium,2.0,5.0
PJ Cummins,"Wankhede Stadium, Mumbai",1.0,9.785326086956522
PJ Sangwan,Brabourne Stadium,2.0,8.75
PJ Sangwan,"Brabourne Stadium, Mumbai",1.5,6.208333333333333
PJ Sangwan,Buffalo Park,1.0,4.5
PJ Sangwan,Dr DY Patil Sports Academy,1.0,5.25
PJ Sangwan,"Dr DY Patil Sports Academy, Mumbai",0.0,11.5
PJ Sangwan,Eden Gardens,1.0,8.625
PJ Sangwan,Feroz Shah Kotla,1.2857142857142858,9.678571428571429
PJ Sangwan,Green Park,1.0,10.458333333333332
PJ Sangwan,Kingsmead,2.6666666666666665,6.25
PJ Sangwan,M Chinnaswamy Stadium,0.3333333333333333,14.0
PJ Sangwan,"MA Chidambaram Stadium, Chepauk",1.0,10.0
PJ Sangwan,Maharashtra Cricket Association Stadium,2.0,9.5
PJ Sangwan,New Wanderers Stadium,1.0,12.166666666666666
PJ Sangwan,Newlands,0.0,9.5
PJ Sangwan,OUTsurance Oval,1.0,10.5
PJ Sangwan,"Punjab Cricket Association IS Bindra Stadium, Mohali",0.5,9.916666666666668
PJ Sangwan,"Punjab Cricket Association Stadium, Mohali",1.0,8.0
PJ Sangwan,Rajiv Gandhi International Stadium,0.0,9.5
PJ Sangwan,"Rajiv Gandhi International Stadium, Uppal",0.0,11.25
PJ Sangwan,"Sardar Patel Stadium, Motera",1.0,5.0
PJ Sangwan,Sawai Mansingh Stadium,0.0,8.25
PJ Sangwan,St George's Park,1.0,8.0
PJ Sangwan,SuperSport Park,1.25,6.96875
PP Chawla,Arun Jaitley Stadium,1.0,8.625
PP Chawla,"Arun Jaitley Stadium, Delhi",2.0,7.25
PP Chawla,Barabati Stadium,1.3333333333333333,6.916666666666667
PP Chawla,"Bharat Ratna Shri Atal Bihari Vajpayee Ekana Cricket Stadium, Lucknow",0.5,8.166666666666666
PP Chawla,Brabourne Stadium,0.5,11.333333333333332
PP Chawla,De Beers Diamond Oval,1.0,8.666666666666666
PP Chawla,Dr DY Patil Sports Academy,0.0,12.0
PP Chawla,Dr. Y.S. Rajasekhara Reddy ACA-VDCA Cricket Stadium,0.0,15.0
PP Chawla,Dubai International Cricket Stadium,1.2,8.943333333333333
PP Chawla,Eden Gardens,1.2285714285714286,8.460763003766099
PP Chawla,"Eden Gardens, Kolkata",2.0,9.333333333333334
PP Chawla,Feroz Shah Kotla,0.8571428571428571,8.785714285714286
PP Chawla,Himachal Pradesh Cricket Association Stadium,1.4444444444444444,7.583333333333333
PP Chawla,Holkar Cricket Stadium,0.5,7.75
PP Chawla,JSCA International Stadium Complex,0.0,10.333333333333334
PP Chawla,Kingsmead,0.8333333333333334,6.444444444444444
PP Chawla,M Chinnaswamy Stadium,1.3636363636363635,8.553030303030303
PP Chawla,"M Chinnaswamy Stadium, Bengaluru",0.0,6.5
PP Chawla,M.Chinnaswamy Stadium,0.0,7.666666666666667
PP Chawla,MA Chidambaram Stadium,1.0,9.625
PP Chawla,"MA Chidambaram Stadium, Chepauk",1.4,7.65
PP Chawla,"MA Chidambaram Stadium, Chepauk, Chennai",2.0,6.625
PP Chawla,Maharashtra Cricket Association Stadium,0.3333333333333333,8.305555555555555
PP Chawla,"Narendra Modi Stadium, Ahmedabad",1.3333333333333333,11.277777777777779
PP Chawla,New Wanderers Stadium,0.0,4.333333333333333
PP Chawla,Newlands,1.0,9.95
PP Chawla,OUTsurance Oval,0.0,5.333333333333333
PP Chawla,Punjab Cricket Association IS Bindra Stadium,0.0,10.75
PP Chawla,"Punjab Cricket Association IS Bindra Stadium, Mohali",1.0,6.0
PP Chawla,"Punjab Cricket Association IS Bindra Stadium, Mohali, Chandigarh",2.0,7.25
PP Chawla,"Punjab Cricket Association Stadium, Mohali",0.9230769230769231,8.310897435897436
PP Chawla,Rajiv Gandhi International Stadium,0.0,11.083333333333334
PP Chawla,"Rajiv Gandhi International Stadium, Uppal",1.3333333333333333,8.166666666666666
PP Chawla,"Rajiv Gandhi International Stadium, Uppal, Hyderabad",1.5,13.875
PP Chawla,Saurashtra Cricket Association Stadium,1.0,8.25
PP Chawla,Sawai Mansingh Stadium,0.5,7.391666666666667
PP Chawla,"Sawai Mansingh Stadium, Jaipur",1.0,8.25
PP Chawla,Sharjah Cricket Stadium,1.0,13.75
PP Chawla,Sheikh Zayed Stadium,1.0,6.933333333333333
PP Chawla,St George's Park,2.0,6.75
PP Chawla,Subrata Roy Sahara Stadium,0.5,5.875
PP Chawla,SuperSport Park,1.0,8.666666666666668
PP Chawla,Wankhede Stadium,1.0,8.61204481792717
PP Chawla,"Wankhede Stadium, Mumbai",1.25,8.166666666666666
PP Chawla,"Zayed Cricket Stadium, Abu Dhabi",1.0,9.5
PP Ojha,Barabati Stadium,1.0,7.666666666666667
PP Ojha,Brabourne Stadium,2.0,8.916666666666666
PP Ojha,Buffalo Park,0.0,6.5
PP Ojha,De Beers Diamond Oval,2.0,6.571428571428571
PP Ojha,Dr DY Patil Sports Academy,1.0,6.4981884057971016
PP Ojha,Dr. Y.S. Rajasekhara Reddy ACA-VDCA Cricket Stadium,0.0,9.75
PP Ojha,Dubai International Cricket Stadium,0.3333333333333333,9.944444444444445
PP Ojha,Eden Gardens,1.0,7.739583333333333
PP Ojha,Feroz Shah Kotla,1.25,7.625
PP Ojha,Himachal Pradesh Cricket Association Stadium,0.5,8.916666666666666
PP Ojha,Kingsmead,2.3333333333333335,5.75
PP Ojha,M Chinnaswamy Stadium,2.0,6.5
PP Ojha,"MA Chidambaram Stadium, Chepauk",2.4,5.45
PP Ojha,New Wanderers Stadium,1.0,7.0
PP Ojha,Newlands,1.5,5.125
PP Ojha,"Punjab Cricket Association Stadium, Mohali",1.0,7.25
PP Ojha,"Rajiv Gandhi International Stadium, Uppal",0.45454545454545453,7.93741765480896
PP Ojha,"Sardar Patel Stadium, Motera",1.5,10.416666666666668
PP Ojha,Sawai Mansingh Stadium,1.0,9.75
PP Ojha,Sharjah Cricket Stadium,0.0,6.5
PP Ojha,Sheikh Zayed Stadium,0.0,9.0
PP Ojha,St George's Park,1.0,6.75
PP Ojha,Subrata Roy Sahara Stadium,0.5,7.666666666666667
PP Ojha,SuperSport Park,1.0,7.666666666666667
PP Ojha,"Vidarbha Cricket Association Stadium, Jamtha",1.3333333333333333,8.166666666666666
PP Ojha,Wankhede Stadium,1.1333333333333333,7.758730158730159
PV Tambe,Brabourne Stadium,1.0,8.0
PV Tambe,Dr. Y.S. Rajasekhara Reddy ACA-VDCA Cricket Stadium,2.0,5.25
PV Tambe,Dubai International Cricket Stadium,1.0,6.75
PV Tambe,Eden Gardens,0.0,7.5
PV Tambe,Feroz Shah Kotla,1.0,9.75
PV Tambe,JSCA International Stadium Complex,0.0,8.5
PV Tambe,M Chinnaswamy Stadium,0.3333333333333333,11.666666666666666
PV Tambe,"MA Chidambaram Stadium, Chepauk",0.0,8.0
PV Tambe,Maharashtra Cricket Association Stadium,0.0,5.0
PV Tambe,"Punjab Cricket Association Stadium, Mohali",0.0,9.0
PV Tambe,"Rajiv Gandhi International Stadium, Uppal",0.0,6.666666666666667
PV Tambe,"Sardar Patel Stadium, Motera",1.1428571428571428,7.535714285714286
PV Tambe,Saurashtra Cricket Association Stadium,1.0,8.25
PV Tambe,Sawai Mansingh Stadium,0.0,7.5
PV Tambe,Sharjah Cricket Stadium,0.0,6.5
PV Tambe,Sheikh Zayed Stadium,2.0,6.166666666666667
PV Tambe,Wankhede Stadium,1.0,9.333333333333334
PWH de Silva,"Arun Jaitley Stadium, Delhi",0.6666666666666666,8.083333333333334
PWH de Silva,"Barsapara Cricket Stadium, Guwahati",2.5,10.041666666666666
PWH de Silva,"Bharat Ratna Shri Atal Bihari Vajpayee Ekana Cricket Stadium, Lucknow",1.0,5.0
PWH de Silva,"Brabourne Stadium, Mumbai",1.3333333333333333,5.916666666666667
PWH de Silva,"Dr DY Patil Sports Academy, Mumbai",1.75,9.166666666666666
PWH de Silva,"Eden Gardens, Kolkata",0.5,9.625
PWH de Silva,"M Chinnaswamy Stadium, Bengaluru",1.0,8.866666666666665
PWH de Silva,"Maharaja Yadavindra Singh International Cricket Stadium, Mullanpur",1.0,9.0
PWH de Silva,"Maharashtra Cricket Association Stadium, Pune",1.6666666666666667,7.6944444444444455
PWH de Silva,"Narendra Modi Stadium, Ahmedabad",1.0,6.5
PWH de Silva,"Punjab Cricket Association IS Bindra Stadium, Mohali, Chandigarh",2.0,9.75
PWH de Silva,"Sawai Mansingh Stadium, Jaipur",0.5,9.875
PWH de Silva,Sharjah Cricket Stadium,0.0,10.0
PWH de Silva,"Wankhede Stadium, Mumbai",2.2,8.4
PWH de Silva,"Zayed Cricket Stadium, Abu Dhabi",0.0,10.0
R Ashwin,Arun Jaitley Stadium,0.5,6.708333333333333
R Ashwin,"Arun Jaitley Stadium, Delhi",2.5,8.125
R Ashwin,Barabati Stadium,0.0,19.0
R Ashwin,"Barsapara Cricket Stadium, Guwahati",1.25,7.9375
R Ashwin,"Bharat Ratna Shri Atal Bihari Vajpayee Ekana Cricket Stadium, Lucknow",1.0,9.75
R Ashwin,Brabourne Stadium,1.0,6.5
R Ashwin,"Brabourne Stadium, Mumbai",1.0,7.5
R Ashwin,Dr DY Patil Sports Academy,0.6666666666666666,5.583333333333333
R Ashwin,"Dr DY Patil Sports Academy, Mumbai",0.5,7.25
R Ashwin,Dr. Y.S. Rajasekhara Reddy ACA-VDCA Cricket Stadium,1.25,5.5625
R Ashwin,Dubai International Cricket Stadium,1.0,6.801775057849227
R Ashwin,Eden Gardens,0.9,8.008333333333333
R Ashwin,"Eden Gardens, Kolkata",0.25,9.145833333333334
R Ashwin,Feroz Shah Kotla,1.1666666666666667,7.508333333333333
R Ashwin,Himachal Pradesh Cricket Association Stadium,0.5,5.875
R Ashwin,Holkar Cricket Stadium,0.25,8.9375
R Ashwin,JSCA International Stadium Complex,1.0,5.9
R Ashwin,Kingsmead,2.0,3.25
R Ashwin,M Chinnaswamy Stadium,0.42857142857142855,9.035714285714286
R Ashwin,"M Chinnaswamy Stadium, Bengaluru",1.0,9.0
R Ashwin,M.Chinnaswamy Stadium,1.5,5.625
R Ashwin,MA Chidambaram Stadium,3.0,5.75
R Ashwin,"MA Chidambaram Stadium, Chepauk",1.3055555555555556,5.993055555555555
R Ashwin,"MA Chidambaram Stadium, Chepauk, Chennai",0.7,8.375
R Ashwin,"Maharaja Yadavindra Singh International Cricket Stadium, Mullanpur",2.0,12.0
R Ashwin,Maharashtra Cricket Association Stadium,0.6,8.616666666666667
R Ashwin,"Maharashtra Cricket Association Stadium, Pune",1.5,4.75
R Ashwin,"Narendra Modi Stadium, Ahmedabad",0.75,8.104166666666666
R Ashwin,Nehru Stadium,2.0,7.75
R Ashwin,Punjab Cricket Association IS Bindra Stadium,1.0,7.75
R Ashwin,"Punjab Cricket Association IS Bindra Stadium, Mohali",0.0,6.75
R Ashwin,"Punjab Cricket Association Stadium, Mohali",0.6666666666666666,6.6944444444444455
R Ashwin,Rajiv Gandhi International Stadium,1.0,8.0
R Ashwin,"Rajiv Gandhi International Stadium, Uppal",1.0,4.625
R Ashwin,"Rajiv Gandhi International Stadium, Uppal, Hyderabad",0.5,7.875
R Ashwin,"Sardar Patel Stadium, Motera",0.0,10.5
R Ashwin,Saurashtra Cricket Association Stadium,0.0,6.5
R Ashwin,Sawai Mansingh Stadium,1.2,9.8
R Ashwin,"Sawai Mansingh Stadium, Jaipur",0.6,8.3
R Ashwin,Shaheed Veer Narayan Singh International Stadium,0.0,6.0
R Ashwin,Sharjah Cricket Stadium,0.8571428571428571,8.006211180124224
R Ashwin,Sheikh Zayed Stadium,1.0,8.5
R Ashwin,Subrata Roy Sahara Stadium,1.0,7.375
R Ashwin,"Vidarbha Cricket Association Stadium, Jamtha",2.0,3.25
R Ashwin,Wankhede Stadium,1.0,8.03030303030303
R Ashwin,"Wankhede Stadium, Mumbai",0.5454545454545454,7.46969696969697
R Ashwin,"Zayed Cricket Stadium, Abu Dhabi",1.0,5.0
R Bhatia,Barabati Stadium,2.0,6.5
R Bhatia,Brabourne Stadium,0.0,11.5
R Bhatia,Buffalo Park,4.0,3.75
R Bhatia,Dr DY Patil Sports Academy,0.5,8.25
R Bhatia,Dr. Y.S. Rajasekhara Reddy ACA-VDCA Cricket Stadium,0.0,8.666666666666666
R Bhatia,Dubai International Cricket Stadium,3.0,3.25
R Bhatia,Eden Gardens,1.15,7.154891304347826
R Bhatia,Feroz Shah Kotla,0.6363636363636364,8.295454545454545
R Bhatia,Holkar Cricket Stadium,0.0,10.0
R Bhatia,JSCA International Stadium Complex,0.3333333333333333,7.722222222222221
R Bhatia,Kingsmead,2.0,7.1875
R Bhatia,M Chinnaswamy Stadium,0.0,10.7
R Bhatia,"MA Chidambaram Stadium, Chepauk",0.5,7.958333333333333
R Bhatia,Maharashtra Cricket Association Stadium,0.8333333333333334,7.097222222222222
R Bhatia,Nehru Stadium,1.0,7.333333333333334
R Bhatia,New Wanderers Stadium,1.0,9.333333333333332
R Bhatia,OUTsurance Oval,0.0,7.333333333333334
R Bhatia,"Punjab Cricket Association Stadium, Mohali",1.0,6.083333333333333
R Bhatia,"Rajiv Gandhi International Stadium, Uppal",1.6666666666666667,7.083333333333333
R Bhatia,"Sardar Patel Stadium, Motera",1.25,7.875
R Bhatia,Saurashtra Cricket Association Stadium,0.0,10.0
R Bhatia,Sawai Mansingh Stadium,1.0,8.583333333333334
R Bhatia,Shaheed Veer Narayan Singh International Stadium,0.0,10.5
R Bhatia,Sharjah Cricket Stadium,0.0,12.666666666666668
R Bhatia,Sheikh Zayed Stadium,1.3333333333333333,6.583333333333333
R Bhatia,Subrata Roy Sahara Stadium,1.0,6.333333333333333
R Bhatia,SuperSport Park,1.0,7.25
R Bhatia,Wankhede Stadium,0.6666666666666666,7.5
R Dhawan,"Arun Jaitley Stadium, Delhi",0.0,10.0
R Dhawan,Barabati Stadium,0.5,9.75
R Dhawan,"Brabourne Stadium, Mumbai",2.0,9.0
R Dhawan,"Dr DY Patil Sports Academy, Mumbai",0.5,7.5
R Dhawan,Dr. Y.S. Rajasekhara Reddy ACA-VDCA Cricket Stadium,1.0,7.0
R Dhawan,Dubai International Cricket Stadium,2.0,3.5
R Dhawan,Eden Gardens,0.3333333333333333,8.166666666666666
R Dhawan,"Eden Gardens, Kolkata",0.0,7.5
R Dhawan,Feroz Shah Kotla,0.0,10.5
R Dhawan,Himachal Pradesh Cricket Association Stadium,1.0,6.5
R Dhawan,Maharashtra Cricket Association Stadium,0.0,7.666666666666666
R Dhawan,"Maharashtra Cricket Association Stadium, Pune",0.0,6.5
R Dhawan,"Punjab Cricket Association IS Bindra Stadium, Mohali, Chandigarh",0.5,10.833333333333334
R Dhawan,"Punjab Cricket Association Stadium, Mohali",1.0,6.875
R Dhawan,"Rajiv Gandhi International Stadium, Uppal",1.5,9.625
R Dhawan,"Rajiv Gandhi International Stadium, Uppal, Hyderabad",0.0,11.666666666666666
R Dhawan,Sawai Mansingh Stadium,0.0,10.0
R Dhawan,Sharjah Cricket Stadium,1.0,9.857142857142858
R Dhawan,Sheikh Zayed Stadium,1.0,6.5
R Dhawan,Wankhede Stadium,0.6666666666666666,8.333333333333334
R Dhawan,"Wankhede Stadium, Mumbai",1.5,9.041666666666666
R Parag,Arun Jaitley Stadium,0.0,14.0
R Parag,"Arun Jaitley Stadium, Delhi",0.0,9.166666666666666
R Parag,"Barsapara Cricket Stadium, Guwahati",1.0,6.25
R Parag,"Dr DY Patil Sports Academy, Mumbai",0.5,11.5
R Parag,Dubai International Cricket Stadium,0.0,18.0
R Parag,Eden Gardens,0.0,7.0
R Parag,"Eden Gardens, Kolkata",1.0,7.0
R Parag,"M Chinnaswamy Stadium, Bengaluru",0.0,10.0
R Parag,M.Chinnaswamy Stadium,1.0,10.0
R Parag,"Maharashtra Cricket Association Stadium, Pune",0.0,14.0
R Parag,Sawai Mansingh Stadium,0.25,8.208333333333332
R Parag,"Sawai Mansingh Stadium, Jaipur",0.4,9.733333333333333
R Parag,Sheikh Zayed Stadium,0.0,13.0
R Parag,"Wankhede Stadium, Mumbai",0.4,13.4
R Sai Kishore,"Arun Jaitley Stadium, Delhi",0.5,16.875
R Sai Kishore,"Bharat Ratna Shri Atal Bihari Vajpayee Ekana Cricket Stadium, Lucknow",0.0,23.33333333333333
R Sai Kishore,"Eden Gardens, Kolkata",1.0,8.541666666666668
R Sai Kishore,"M Chinnaswamy Stadium, Bengaluru",2.0,5.5
R Sai Kishore,"MA Chidambaram Stadium, Chepauk, Chennai",1.0,9.333333333333334
R Sai Kishore,"Maharaja Yadavindra Singh International Cricket Stadium, Mullanpur",4.0,8.25
R Sai Kishore,"Maharaja Yadavindra Singh International Cricket Stadium, New Chandigarh",2.0,10.5
R Sai Kishore,"Maharashtra Cricket Association Stadium, Pune",2.0,3.5
R Sai Kishore,"Narendra Modi Stadium, Ahmedabad",1.3,8.46547619047619
R Sai Kishore,"Rajiv Gandhi International Stadium, Uppal, Hyderabad",2.0,6.0
R Sai Kishore,"Sawai Mansingh Stadium, Jaipur",0.0,16.0
R Sai Kishore,"Wankhede Stadium, Mumbai",1.0,7.083333333333333
R Sharma,Barabati Stadium,2.0,10.5
R Sharma,Brabourne Stadium,1.0,8.0
R Sharma,Dr DY Patil Sports Academy,1.0,5.96875
R Sharma,Feroz Shah Kotla,0.25,7.979166666666666
R Sharma,Himachal Pradesh Cricket Association Stadium,1.0,6.0
R Sharma,M Chinnaswamy Stadium,1.0,12.125
R Sharma,"MA Chidambaram Stadium, Chepauk",0.6666666666666666,6.583333333333333
R Sharma,Maharashtra Cricket Association Stadium,2.0,5.25
R Sharma,"Punjab Cricket Association Stadium, Mohali",1.0,6.416666666666667
R Sharma,"Rajiv Gandhi International Stadium, Uppal",1.0,5.625
R Sharma,"Sardar Patel Stadium, Motera",0.0,8.181818181818182
R Sharma,Sawai Mansingh Stadium,1.0,7.6944444444444455
R Sharma,Shaheed Veer Narayan Singh International Stadium,1.0,7.666666666666666
R Sharma,Sharjah Cricket Stadium,1.0,11.0
R Sharma,Subrata Roy Sahara Stadium,1.2222222222222223,7.333333333333333
R Sharma,Wankhede Stadium,0.6666666666666666,5.138888888888889
R Tewatia,Arun Jaitley Stadium,0.25,7.583333333333333
R Tewatia,"Arun Jaitley Stadium, Delhi",0.5,10.625
R Tewatia,"Bharat Ratna Shri Atal Bihari Vajpayee Ekana Cricket Stadium, Lucknow",0.0,8.0
R Tewatia,"Brabourne Stadium, Mumbai",0.0,17.5
R Tewatia,"Dr DY Patil Sports Academy, Mumbai",0.5,9.5
R Tewatia,Dubai International Cricket Stadium,0.6666666666666666,7.601851851851851
R Tewatia,Eden Gardens,3.0,6.0
R Tewatia,M Chinnaswamy Stadium,1.0,5.666666666666666
R Tewatia,M.Chinnaswamy Stadium,0.0,8.666666666666666
R Tewatia,Maharashtra Cricket Association Stadium,0.0,8.083333333333334
R Tewatia,"Maharashtra Cricket Association Stadium, Pune",0.0,11.0
R Tewatia,"Narendra Modi Stadium, Ahmedabad",0.0,6.0
R Tewatia,Punjab Cricket Association IS Bindra Stadium,1.0,6.0
R Tewatia,"Punjab Cricket Association IS Bindra Stadium, Mohali",2.0,4.5
R Tewatia,"Punjab Cricket Association Stadium, Mohali",2.0,6.0
R Tewatia,"Sardar Patel Stadium, Motera",1.0,9.666666666666668
R Tewatia,Sawai Mansingh Stadium,0.0,7.25
R Tewatia,Sharjah Cricket Stadium,1.5,11.0625
R Tewatia,Sheikh Zayed Stadium,0.2,6.316666666666667
R Tewatia,Wankhede Stadium,1.3333333333333333,8.833333333333334
R Tewatia,"Wankhede Stadium, Mumbai",0.2,9.6
R Tewatia,"Zayed Cricket Stadium, Abu Dhabi",2.0,7.708333333333333
R Vinay Kumar,Brabourne Stadium,3.0,6.25
R Vinay Kumar,Dr DY Patil Sports Academy,0.5,8.75
R Vinay Kumar,Dr. Y.S. Rajasekhara Reddy ACA-VDCA Cricket Stadium,2.0,8.25
R Vinay Kumar,Dubai International Cricket Stadium,1.0,8.75
R Vinay Kumar,Eden Gardens,1.4444444444444444,8.675925925925926
R Vinay Kumar,Feroz Shah Kotla,0.8333333333333334,9.555555555555555
R Vinay Kumar,Green Park,2.0,5.666666666666666
R Vinay Kumar,Holkar Cricket Stadium,0.0,9.333333333333334
R Vinay Kumar,JSCA International Stadium Complex,1.0,6.883333333333333
R Vinay Kumar,Kingsmead,1.0,7.0
R Vinay Kumar,M Chinnaswamy Stadium,1.3333333333333333,8.050603864734299
R Vinay Kumar,MA Chidambaram Stadium,0.0,19.09090909090909
R Vinay Kumar,"MA Chidambaram Stadium, Chepauk",0.8333333333333334,10.059640522875817
R Vinay Kumar,Nehru Stadium,1.8,7.184848484848485
R Vinay Kumar,New Wanderers Stadium,1.3333333333333333,8.333333333333334
R Vinay Kumar,Newlands,0.0,8.333333333333332
R Vinay Kumar,"Punjab Cricket Association Stadium, Mohali",1.0,8.233333333333333
R Vinay Kumar,"Rajiv Gandhi International Stadium, Uppal",2.0,7.1625
R Vinay Kumar,"Sardar Patel Stadium, Motera",1.5,7.416666666666666
R Vinay Kumar,Sawai Mansingh Stadium,1.0,9.355978260869566
R Vinay Kumar,Sharjah Cricket Stadium,2.0,6.5
R Vinay Kumar,Sheikh Zayed Stadium,1.5,7.5
R Vinay Kumar,St George's Park,0.3333333333333333,9.299999999999999
R Vinay Kumar,Subrata Roy Sahara Stadium,3.0,7.875
R Vinay Kumar,SuperSport Park,1.0,8.625
R Vinay Kumar,"Vidarbha Cricket Association Stadium, Jamtha",1.0,6.333333333333334
R Vinay Kumar,Wankhede Stadium,0.9166666666666666,9.375
RA Jadeja,Arun Jaitley Stadium,1.0,5.25
RA Jadeja,"Arun Jaitley Stadium, Delhi",0.5,10.833333333333334
RA Jadeja,Barabati Stadium,0.0,12.333333333333332
RA Jadeja,"Barsapara Cricket Stadium, Guwahati",1.0,5.0
RA Jadeja,"Bharat Ratna Shri Atal Bihari Vajpayee Ekana Cricket Stadium, Lucknow",1.0,7.4444444444444455
RA Jadeja,Brabourne Stadium,2.0,7.75
RA Jadeja,"Brabourne Stadium, Mumbai",0.5,9.5
RA Jadeja,De Beers Diamond Oval,1.0,6.25
RA Jadeja,Dr DY Patil Sports Academy,2.0,7.0
RA Jadeja,"Dr DY Patil Sports Academy, Mumbai",1.0,8.083333333333334
RA Jadeja,Dr. Y.S. Rajasekhara Reddy ACA-VDCA Cricket Stadium,3.5,5.833333333333333
RA Jadeja,"Dr. Y.S. Rajasekhara Reddy ACA-VDCA Cricket Stadium, Visakhapatnam",1.0,10.75
RA Jadeja,Dubai International Cricket Stadium,0.8571428571428571,8.464285714285714
RA Jadeja,Eden Gardens,0.7272727272727273,9.25
RA Jadeja,"Eden Gardens, Kolkata",1.0,9.916666666666666
RA Jadeja,Feroz Shah Kotla,1.0,9.178571428571429
RA Jadeja,Green Park,0.0,9.395833333333334
RA Jadeja,"Himachal Pradesh Cricket Association Stadium, Dharamsala",3.0,5.0
RA Jadeja,Holkar Cricket Stadium,0.0,7.0
RA Jadeja,JSCA International Stadium Complex,1.8,7.9409090909090905
RA Jadeja,Kingsmead,0.0,10.166666666666666
RA Jadeja,M Chinnaswamy Stadium,1.1428571428571428,7.214285714285714
RA Jadeja,"M Chinnaswamy Stadium, Bengaluru",0.0,10.416666666666666
RA Jadeja,M.Chinnaswamy Stadium,1.0,9.125
RA Jadeja,MA Chidambaram Stadium,0.875,6.34375
RA Jadeja,"MA Chidambaram Stadium, Chepauk",0.5714285714285714,8.65079365079365
RA Jadeja,"MA Chidambaram Stadium, Chepauk, Chennai",0.8571428571428571,9.706349206349207
RA Jadeja,"Maharaja Yadavindra Singh International Cricket Stadium, Mullanpur",0.0,6.0
RA Jadeja,Maharashtra Cricket Association Stadium,0.8571428571428571,8.095238095238095
RA Jadeja,"Maharashtra Cricket Association Stadium, Pune",0.6666666666666666,6.111111111111111
RA Jadeja,"Narendra Modi Stadium, Ahmedabad",1.0,9.166666666666666
RA Jadeja,Nehru Stadium,0.4,8.616666666666665
RA Jadeja,Newlands,0.0,7.0
RA Jadeja,OUTsurance Oval,0.0,6.5
RA Jadeja,Punjab Cricket Association IS Bindra Stadium,1.0,8.0
RA Jadeja,"Punjab Cricket Association IS Bindra Stadium, Mohali",1.0,8.5
RA Jadeja,"Punjab Cricket Association Stadium, Mohali",1.0,6.625
RA Jadeja,Rajiv Gandhi International Stadium,0.0,6.166666666666667
RA Jadeja,"Rajiv Gandhi International Stadium, Uppal",0.5,7.0
RA Jadeja,"Rajiv Gandhi International Stadium, Uppal, Hyderabad",0.0,7.5
RA Jadeja,"Sardar Patel Stadium, Motera",1.0,7.25
RA Jadeja,Saurashtra Cricket Association Stadium,0.7777777777777778,8.756535947712418
RA Jadeja,Sawai Mansingh Stadium,0.8333333333333334,7.2440476190476195
RA Jadeja,"Sawai Mansingh Stadium, Jaipur",1.0,8.0
RA Jadeja,Shaheed Veer Narayan Singh International Stadium,0.0,6.0
RA Jadeja,Sharjah Cricket Stadium,0.16666666666666666,10.695707070707071
RA Jadeja,Sheikh Zayed Stadium,1.0,8.2
RA Jadeja,St George's Park,1.0,5.5
RA Jadeja,Subrata Roy Sahara Stadium,1.0,6.5
RA Jadeja,SuperSport Park,1.5,6.125
RA Jadeja,Wankhede Stadium,0.7692307692307693,7.673076923076923
RA Jadeja,"Wankhede Stadium, Mumbai",0.9,7.008333333333333
RA Jadeja,"Zayed Cricket Stadium, Abu Dhabi",0.5,7.125
RD Chahar,Arun Jaitley Stadium,3.0,4.75
RD Chahar,"Arun Jaitley Stadium, Delhi",1.3333333333333333,6.75
RD Chahar,"Barsapara Cricket Stadium, Guwahati",1.0,7.125
RD Chahar,"Bharat Ratna Shri Atal Bihari Vajpayee Ekana Cricket Stadium, Lucknow",0.5,11.666666666666668
RD Chahar,"Brabourne Stadium, Mumbai",1.75,8.5375
RD Chahar,"Dr DY Patil Sports Academy, Mumbai",0.75,6.145833333333334
RD Chahar,Dubai International Cricket Stadium,0.8333333333333334,8.875
RD Chahar,Eden Gardens,1.0,13.5
RD Chahar,"Eden Gardens, Kolkata",1.5,7.0
RD Chahar,"Himachal Pradesh Cricket Association Stadium, Dharamsala",1.0,9.450757575757576
RD Chahar,Holkar Cricket Stadium,1.0,8.0
RD Chahar,"M Chinnaswamy Stadium, Bengaluru",0.0,16.0
RD Chahar,MA Chidambaram Stadium,1.0,4.375
RD Chahar,"MA Chidambaram Stadium, Chepauk, Chennai",1.7142857142857142,6.714285714285714
RD Chahar,"Maharaja Yadavindra Singh International Cricket Stadium, Mullanpur",1.0,8.25
RD Chahar,"Maharashtra Cricket Association Stadium, Pune",1.0,9.25
RD Chahar,"Punjab Cricket Association IS Bindra Stadium, Mohali, Chandigarh",0.2,7.45
RD Chahar,Rajiv Gandhi International Stadium,1.5,4.375
RD Chahar,"Rajiv Gandhi International Stadium, Uppal, Hyderabad",0.5,10.041666666666668
RD Chahar,Saurashtra Cricket Association Stadium,1.0,8.666666666666666
RD Chahar,Sawai Mansingh Stadium,3.0,7.25
RD Chahar,Sharjah Cricket Stadium,0.6666666666666666,10.166666666666666
RD Chahar,Sheikh Zayed Stadium,1.25,8.0
RD Chahar,Wankhede Stadium,0.16666666666666666,7.625
RD Chahar,"Wankhede Stadium, Mumbai",0.4,8.677272727272728
RD Chahar,"Zayed Cricket Stadium, Abu Dhabi",0.5,9.041666666666666
RE van der Merwe,Eden Gardens,2.5,8.041666666666668
RE van der Merwe,Feroz Shah Kotla,1.2,5.15
RE van der Merwe,Kingsmead,1.3333333333333333,7.1944444444444455
RE van der Merwe,"MA Chidambaram Stadium, Chepauk",0.5,6.0
RE van der Merwe,Nehru Stadium,3.0,5.217391304347826
RE van der Merwe,New Wanderers Stadium,0.75,7.375
RE van der Merwe,Sawai Mansingh Stadium,1.0,10.25
RE van der Merwe,St George's Park,1.0,5.666666666666666
RE van der Merwe,SuperSport Park,0.5,9.5
RG Sharma,Barabati Stadium,0.5,6.666666666666667
RG Sharma,Brabourne Stadium,0.0,8.666666666666666
RG Sharma,Buffalo Park,0.0,8.0
RG Sharma,De Beers Diamond Oval,3.0,5.0
RG Sharma,Dr DY Patil Sports Academy,0.0,14.0
RG Sharma,Eden Gardens,0.0,8.0
RG Sharma,Himachal Pradesh Cricket Association Stadium,0.0,5.5
RG Sharma,Kingsmead,0.5,7.0
RG Sharma,"MA Chidambaram Stadium, Chepauk",0.5,10.375
RG Sharma,"MA Chidambaram Stadium, Chepauk, Chennai",0.0,9.0
RG Sharma,New Wanderers Stadium,0.3333333333333333,9.333333333333334
RG Sharma,"Punjab Cricket Association Stadium, Mohali",0.5,9.125
RG Sharma,"Rajiv Gandhi International Stadium, Uppal",0.0,5.0
RG Sharma,"Sardar Patel Stadium, Motera",0.0,8.5
RG Sharma,Sharjah Cricket Stadium,1.0,10.0
RG Sharma,St George's Park,0.0,7.0
RG Sharma,SuperSport Park,1.3333333333333333,7.222222222222221
RG Sharma,"Vidarbha Cricket Association Stadium, Jamtha",0.0,9.5
RG Sharma,Wankhede Stadium,0.0,12.333333333333334
RG Sharma,"Zayed Cricket Stadium, Abu Dhabi",0.0,24.0
RJ Harris,Brabourne Stadium,1.0,10.0
RJ Harris,Buffalo Park,0.0,9.75
RJ Harris,De Beers Diamond Oval,0.0,9.666666666666668
RJ Harris,Dr DY Patil Sports Academy,1.5,5.958333333333334
RJ Harris,Eden Gardens,0.0,6.5
RJ Harris,Feroz Shah Kotla,0.0,12.0
RJ Harris,Himachal Pradesh Cricket Association Stadium,1.5,6.597222222222222
RJ Harris,Holkar Cricket Stadium,2.0,10.5
RJ Harris,M Chinnaswamy Stadium,2.0,9.75
RJ Harris,New Wanderers Stadium,1.0,7.083333333333333
RJ Harris,"Punjab Cricket Association Stadium, Mohali",1.1428571428571428,7.392857142857143
RJ Harris,"Rajiv Gandhi International Stadium, Uppal",1.0,7.75
RJ Harris,Sawai Mansingh Stadium,0.0,7.5
RJ Harris,Subrata Roy Sahara Stadium,1.0,3.0
RJ Harris,SuperSport Park,1.0,6.416666666666667
RJ Harris,"Vidarbha Cricket Association Stadium, Jamtha",2.6666666666666665,7.424242424242425
RJ Harris,Wankhede Stadium,2.0,8.25
RP Singh,Barabati Stadium,0.5,10.541666666666668
RP Singh,Buffalo Park,1.0,9.0
RP Singh,De Beers Diamond Oval,0.5,7.338235294117646
RP Singh,Dr DY Patil Sports Academy,1.4,7.7
RP Singh,Dr. Y.S. Rajasekhara Reddy ACA-VDCA Cricket Stadium,1.0,7.666666666666666
RP Singh,Eden Gardens,1.5,5.625
RP Singh,Feroz Shah Kotla,0.6666666666666666,9.916666666666666
RP Singh,Himachal Pradesh Cricket Association Stadium,1.0,12.75
RP Singh,Holkar Cricket Stadium,2.5,5.25
RP Singh,Kingsmead,1.0,7.972222222222221
RP Singh,M Chinnaswamy Stadium,1.4166666666666667,8.541666666666666
RP Singh,"MA Chidambaram Stadium, Chepauk",1.0,8.298913043478262
RP Singh,Nehru Stadium,1.2,7.833333333333334
RP Singh,New Wanderers Stadium,1.3333333333333333,6.657894736842105
RP Singh,Newlands,3.5,5.125
RP Singh,"Punjab Cricket Association Stadium, Mohali",0.3333333333333333,9.996031746031747
RP Singh,"Rajiv Gandhi International Stadium, Uppal",1.0,9.413043478260871
RP Singh,"Sardar Patel Stadium, Motera",0.0,11.0
RP Singh,Saurashtra Cricket Association Stadium,0.0,10.5
RP Singh,Sawai Mansingh Stadium,0.5,7.729166666666666
RP Singh,St George's Park,2.0,4.5
RP Singh,Subrata Roy Sahara Stadium,1.0,6.75
RP Singh,SuperSport Park,2.0,7.854166666666667
RP Singh,"Vidarbha Cricket Association Stadium, Jamtha",2.0,6.166666666666667
RP Singh,Wankhede Stadium,1.1111111111111112,7.555555555555555
RR Powar,Eden Gardens,0.3333333333333333,6.666666666666667
RR Powar,Feroz Shah Kotla,1.5,8.625
RR Powar,Himachal Pradesh Cricket Association Stadium,2.0,7.0
RR Powar,Kingsmead,1.0,7.375
RR Powar,M Chinnaswamy Stadium,0.0,13.5
RR Powar,"MA Chidambaram Stadium, Chepauk",1.0,5.5
RR Powar,Nehru Stadium,0.5,9.0
RR Powar,New Wanderers Stadium,1.0,5.5
RR Powar,Newlands,0.0,5.0
RR Powar,OUTsurance Oval,0.0,6.666666666666667
RR Powar,"Punjab Cricket Association Stadium, Mohali",0.25,8.75
RR Powar,"Rajiv Gandhi International Stadium, Uppal",0.0,10.666666666666666
RR Powar,Sawai Mansingh Stadium,0.0,9.0
RR Powar,St George's Park,0.0,4.0
RR Powar,Wankhede Stadium,0.0,10.666666666666668
Rashid Khan,Arun Jaitley Stadium,1.0,6.625
Rashid Khan,"Arun Jaitley Stadium, Delhi",1.4,7.9
Rashid Khan,"Bharat Ratna Shri Atal Bihari Vajpayee Ekana Cricket Stadium, Lucknow",1.0,8.0
Rashid Khan,"Brabourne Stadium, Mumbai",2.0,6.25
Rashid Khan,"Dr DY Patil Sports Academy, Mumbai",0.75,5.9375
Rashid Khan,Dr. Y.S. Rajasekhara Reddy ACA-VDCA Cricket Stadium,2.0,3.75
Rashid Khan,Dubai International Cricket Stadium,1.2727272727272727,5.25
Rashid Khan,Eden Gardens,1.25,6.5625
Rashid Khan,"Eden Gardens, Kolkata",0.6666666666666666,7.833333333333333
Rashid Khan,Feroz Shah Kotla,0.0,6.0
Rashid Khan,Green Park,3.0,8.5
Rashid Khan,M Chinnaswamy Stadium,0.0,5.5
Rashid Khan,"M Chinnaswamy Stadium, Bengaluru",0.3333333333333333,11.5
Rashid Khan,M.Chinnaswamy Stadium,2.0,8.875
Rashid Khan,MA Chidambaram Stadium,1.0,11.0
Rashid Khan,"MA Chidambaram Stadium, Chepauk, Chennai",1.2857142857142858,6.992857142857143
Rashid Khan,"Maharaja Yadavindra Singh International Cricket Stadium, Mullanpur",1.0,3.75
Rashid Khan,"Maharaja Yadavindra Singh International Cricket Stadium, New Chandigarh",0.0,7.75
Rashid Khan,Maharashtra Cricket Association Stadium,1.0,5.25
Rashid Khan,"Maharashtra Cricket Association Stadium, Pune",2.0,7.003623188405797
Rashid Khan,"Narendra Modi Stadium, Ahmedabad",1.0,9.43840579710145
Rashid Khan,Punjab Cricket Association IS Bindra Stadium,1.0,9.375
Rashid Khan,"Punjab Cricket Association IS Bindra Stadium, Mohali",1.0,4.0
Rashid Khan,"Punjab Cricket Association IS Bindra Stadium, Mohali, Chandigarh",1.0,6.5
Rashid Khan,Rajiv Gandhi International Stadium,1.5,6.214285714285714
Rashid Khan,"Rajiv Gandhi International Stadium, Uppal",1.4285714285714286,7.428571428571429
Rashid Khan,"Rajiv Gandhi International Stadium, Uppal, Hyderabad",0.0,7.75
Rashid Khan,Sawai Mansingh Stadium,1.0,7.625
Rashid Khan,"Sawai Mansingh Stadium, Jaipur",2.0,4.666666666666667
Rashid Khan,Sharjah Cricket Stadium,1.0,6.1
Rashid Khan,Sheikh Zayed Stadium,1.2,5.592857142857143
Rashid Khan,Wankhede Stadium,1.0,4.583333333333334
Rashid Khan,"Wankhede Stadium, Mumbai",1.5,7.75
Rashid Khan,"Zayed Cricket Stadium, Abu Dhabi",2.0,9.875
Ravi Bishnoi,"Arun Jaitley Stadium, Delhi",1.0,6.5
Ravi Bishnoi,"Bharat Ratna Shri Atal Bihari Vajpayee Ekana Cricket Stadium, Lucknow",1.0,9.532456140350877
Ravi Bishnoi,"Brabourne Stadium, Mumbai",2.0,7.416666666666667
Ravi Bishnoi,"Dr DY Patil Sports Academy, Mumbai",0.75,8.25
Ravi Bishnoi,"Dr. Y.S. Rajasekhara Reddy ACA-VDCA Cricket Stadium, Visakhapatnam",2.0,13.25
Ravi Bishnoi,Dubai International Cricket Stadium,1.3333333333333333,6.712962962962964
Ravi Bishnoi,"Eden Gardens, Kolkata",1.0,8.78125
Ravi Bishnoi,"M Chinnaswamy Stadium, Bengaluru",0.0,10.375
Ravi Bishnoi,"MA Chidambaram Stadium, Chepauk, Chennai",1.25,7.3125
Ravi Bishnoi,"Maharashtra Cricket Association Stadium, Pune",1.0,10.125
Ravi Bishnoi,"Narendra Modi Stadium, Ahmedabad",0.75,7.5
Ravi Bishnoi,"Punjab Cricket Association IS Bindra Stadium, Mohali, Chandigarh",2.0,10.25
Ravi Bishnoi,"Rajiv Gandhi International Stadium, Uppal, Hyderabad",0.3333333333333333,13.0
Ravi Bishnoi,"Sawai Mansingh Stadium, Jaipur",0.6666666666666666,7.361111111111112
Ravi Bishnoi,Sharjah Cricket Stadium,1.0,7.583333333333334
Ravi Bishnoi,Sheikh Zayed Stadium,0.75,8.0
Ravi Bishnoi,"Wankhede Stadium, Mumbai",0.8333333333333334,8.597222222222223
Ravi Bishnoi,"Zayed Cricket Stadium, Abu Dhabi",2.0,6.25
S Aravind,Eden Gardens,2.0,10.09920634920635
S Aravind,Feroz Shah Kotla,1.0,7.5
S Aravind,Himachal Pradesh Cricket Association Stadium,0.0,9.0
S Aravind,JSCA International Stadium Complex,1.0,6.25
S Aravind,M Chinnaswamy Stadium,1.3157894736842106,7.998313090418354
S Aravind,"MA Chidambaram Stadium, Chepauk",2.0,11.0
S Aravind,Maharashtra Cricket Association Stadium,1.5,6.25
S Aravind,"Punjab Cricket Association Stadium, Mohali",0.0,15.5
S Aravind,"Rajiv Gandhi International Stadium, Uppal",0.0,10.333333333333332
S Aravind,Saurashtra Cricket Association Stadium,1.0,13.25
S Aravind,Sawai Mansingh Stadium,3.0,8.5
S Aravind,Shaheed Veer Narayan Singh International Stadium,1.0,7.0
S Aravind,Wankhede Stadium,1.0,9.472222222222221
S Gopal,Arun Jaitley Stadium,1.5,9.125
S Gopal,"Brabourne Stadium, Mumbai",1.0,11.333333333333332
S Gopal,Dubai International Cricket Stadium,0.5,9.486111111111112
S Gopal,Eden Gardens,1.0,9.416666666666668
S Gopal,Holkar Cricket Stadium,0.0,8.666666666666666
S Gopal,M.Chinnaswamy Stadium,2.5,8.75
S Gopal,MA Chidambaram Stadium,0.0,7.666666666666666
S Gopal,"Maharaja Yadavindra Singh International Cricket Stadium, Mullanpur",1.0,13.0
S Gopal,Maharashtra Cricket Association Stadium,3.0,5.0
S Gopal,Punjab Cricket Association IS Bindra Stadium,0.0,7.75
S Gopal,"Punjab Cricket Association Stadium, Mohali",2.0,8.0
S Gopal,Rajiv Gandhi International Stadium,1.5,6.375
S Gopal,"Sardar Patel Stadium, Motera",1.5,8.432692307692308
S Gopal,Sawai Mansingh Stadium,1.6,7.566666666666667
S Gopal,Sharjah Cricket Stadium,0.25,10.25
S Gopal,Sheikh Zayed Stadium,1.2,6.95
S Gopal,Wankhede Stadium,0.4,8.083333333333334
S Gopal,"Wankhede Stadium, Mumbai",0.5,10.5
S Kaul,Arun Jaitley Stadium,1.0,10.375
S Kaul,"Arun Jaitley Stadium, Delhi",0.0,8.0
S Kaul,Dubai International Cricket Stadium,1.5,6.818181818181818
S Kaul,Eden Gardens,1.3333333333333333,8.666666666666666
S Kaul,Feroz Shah Kotla,0.8,7.4333333333333345
S Kaul,Green Park,1.0,7.5
S Kaul,Himachal Pradesh Cricket Association Stadium,0.0,9.75
S Kaul,M Chinnaswamy Stadium,0.5,11.625
S Kaul,M.Chinnaswamy Stadium,2.0,11.0
S Kaul,"MA Chidambaram Stadium, Chepauk",0.0,9.25
S Kaul,"MA Chidambaram Stadium, Chepauk, Chennai",2.0,7.556818181818182
S Kaul,Maharashtra Cricket Association Stadium,0.0,14.166666666666668
S Kaul,Punjab Cricket Association IS Bindra Stadium,1.0,9.375
S Kaul,"Punjab Cricket Association IS Bindra Stadium, Mohali",3.0,9.0
S Kaul,Rajiv Gandhi International Stadium,1.3,6.9833333333333325
S Kaul,"Rajiv Gandhi International Stadium, Uppal",2.2,6.968181818181819
S Kaul,"Sardar Patel Stadium, Motera",0.0,11.333333333333332
S Kaul,Sawai Mansingh Stadium,1.0,7.916666666666667
S Kaul,Sharjah Cricket Stadium,1.0,12.5
S Kaul,Subrata Roy Sahara Stadium,2.0,6.75
S Kaul,Wankhede Stadium,1.25,9.645833333333332
S Kaul,"Wankhede Stadium, Mumbai",0.0,10.75
S Kaul,"Zayed Cricket Stadium, Abu Dhabi",0.5,10.0
S Nadeem,Arun Jaitley Stadium,0.0,12.0
S Nadeem,Dr DY Patil Sports Academy,2.0,9.75
S Nadeem,Dr. Y.S. Rajasekhara Reddy ACA-VDCA Cricket Stadium,0.0,10.5
S Nadeem,Dubai International Cricket Stadium,0.6,7.983333333333334
S Nadeem,Eden Gardens,1.0,8.083333333333334
S Nadeem,Feroz Shah Kotla,0.7142857142857143,7.2555555555555555
S Nadeem,M Chinnaswamy Stadium,1.0,6.5
S Nadeem,M.Chinnaswamy Stadium,1.0,8.375
S Nadeem,"MA Chidambaram Stadium, Chepauk",0.0,6.5
S Nadeem,"MA Chidambaram Stadium, Chepauk, Chennai",1.0,9.0
S Nadeem,Maharashtra Cricket Association Stadium,1.0,5.75
S Nadeem,"Punjab Cricket Association IS Bindra Stadium, Mohali",0.5,9.15
S Nadeem,"Punjab Cricket Association Stadium, Mohali",0.0,12.0
S Nadeem,Rajiv Gandhi International Stadium,1.0,10.5
S Nadeem,"Rajiv Gandhi International Stadium, Uppal",0.0,6.625
S Nadeem,"Sardar Patel Stadium, Motera",2.0,8.75
S Nadeem,Saurashtra Cricket Association Stadium,2.0,7.666666666666666
S Nadeem,Sawai Mansingh Stadium,1.0,7.666666666666667
S Nadeem,Shaheed Veer Narayan Singh International Stadium,0.3333333333333333,5.916666666666667
S Nadeem,Sharjah Cricket Stadium,1.0,7.5625
S Nadeem,Sheikh Zayed Stadium,1.0,9.722222222222223
S Nadeem,Subrata Roy Sahara Stadium,0.5,5.375
S Nadeem,Wankhede Stadium,1.0,7.533333333333333
S Sreesanth,Barabati Stadium,2.0,12.75
S Sreesanth,De Beers Diamond Oval,1.0,9.25
S Sreesanth,Dr DY Patil Sports Academy,0.0,7.0
S Sreesanth,Eden Gardens,2.0,8.25
S Sreesanth,Feroz Shah Kotla,0.6666666666666666,7.166666666666667
S Sreesanth,Holkar Cricket Stadium,1.0,6.956521739130435
S Sreesanth,Kingsmead,1.0,8.375
S Sreesanth,M Chinnaswamy Stadium,0.6666666666666666,9.0
S Sreesanth,"MA Chidambaram Stadium, Chepauk",1.5,7.458333333333333
S Sreesanth,Nehru Stadium,0.75,6.333333333333334
S Sreesanth,New Wanderers Stadium,0.0,5.0
S Sreesanth,OUTsurance Oval,2.0,5.0
S Sreesanth,"Punjab Cricket Association Stadium, Mohali",1.0909090909090908,8.727272727272727
S Sreesanth,"Rajiv Gandhi International Stadium, Uppal",1.0,8.25
S Sreesanth,Sawai Mansingh Stadium,1.2,9.066666666666666
S Sreesanth,Subrata Roy Sahara Stadium,0.0,14.25
S Sreesanth,SuperSport Park,0.5,15.125
S Sreesanth,Wankhede Stadium,1.0,7.875
SB Jakati,"Brabourne Stadium, Mumbai",1.0,7.5
SB Jakati,Buffalo Park,4.0,5.5
SB Jakati,De Beers Diamond Oval,2.0,8.75
SB Jakati,Dr DY Patil Sports Academy,1.3333333333333333,9.055555555555555
SB Jakati,Dr. Y.S. Rajasekhara Reddy ACA-VDCA Cricket Stadium,2.0,7.0
SB Jakati,Eden Gardens,1.0,6.75
SB Jakati,Feroz Shah Kotla,0.0,7.666666666666666
SB Jakati,Green Park,0.5,7.75
SB Jakati,Himachal Pradesh Cricket Association Stadium,0.0,14.0
SB Jakati,Kingsmead,0.0,6.25
SB Jakati,M Chinnaswamy Stadium,0.6666666666666666,10.81060606060606
SB Jakati,"MA Chidambaram Stadium, Chepauk",0.8695652173913043,7.753623188405798
SB Jakati,Nehru Stadium,0.0,10.0
SB Jakati,New Wanderers Stadium,2.5,6.625
SB Jakati,"Punjab Cricket Association Stadium, Mohali",0.0,12.923076923076923
SB Jakati,"Sardar Patel Stadium, Motera",2.0,7.5
SB Jakati,Saurashtra Cricket Association Stadium,0.0,10.083333333333334
SB Jakati,Sawai Mansingh Stadium,0.0,7.5
SB Jakati,St George's Park,0.0,8.666666666666666
SB Jakati,SuperSport Park,1.0,9.5
SB Jakati,"Vidarbha Cricket Association Stadium, Jamtha",1.0,7.25
SB Jakati,Wankhede Stadium,0.6666666666666666,7.527777777777778
SC Ganguly,Barabati Stadium,0.0,13.0
SC Ganguly,Eden Gardens,0.2857142857142857,8.726190476190476
SC Ganguly,Feroz Shah Kotla,3.0,6.75
SC Ganguly,Kingsmead,1.0,7.25
SC Ganguly,M Chinnaswamy Stadium,3.0,5.25
SC Ganguly,Newlands,0.0,7.833333333333333
SC Ganguly,"Rajiv Gandhi International Stadium, Uppal",2.0,6.25
SC Ganguly,Sawai Mansingh Stadium,0.0,14.0
SC Ganguly,St George's Park,0.0,12.5
SC Ganguly,Subrata Roy Sahara Stadium,0.0,10.25
SK Raina,Brabourne Stadium,0.0,13.0
SK Raina,Buffalo Park,1.0,7.199999999999999
SK Raina,De Beers Diamond Oval,1.0,7.0
SK Raina,Dr DY Patil Sports Academy,1.0,5.277777777777778
SK Raina,Dr. Y.S. Rajasekhara Reddy ACA-VDCA Cricket Stadium,1.0,5.0
SK Raina,Dubai International Cricket Stadium,0.0,6.833333333333333
SK Raina,Eden Gardens,0.25,7.25
SK Raina,Feroz Shah Kotla,0.0,10.0
SK Raina,Himachal Pradesh Cricket Association Stadium,1.0,8.25
SK Raina,JSCA International Stadium Complex,0.5,8.875
SK Raina,Kingsmead,2.0,4.375
SK Raina,M Chinnaswamy Stadium,0.0,8.125
SK Raina,MA Chidambaram Stadium,0.0,6.0
SK Raina,"MA Chidambaram Stadium, Chepauk",0.4444444444444444,8.16523569023569
SK Raina,New Wanderers Stadium,0.0,7.333333333333333
SK Raina,"Punjab Cricket Association Stadium, Mohali",0.0,10.0
SK Raina,"Rajiv Gandhi International Stadium, Uppal",1.0,7.75
SK Raina,"Sardar Patel Stadium, Motera",0.0,7.5
SK Raina,Saurashtra Cricket Association Stadium,0.0,7.7
SK Raina,Sawai Mansingh Stadium,1.0,3.75
SK Raina,Shaheed Veer Narayan Singh International Stadium,0.0,8.0
SK Raina,St George's Park,1.0,5.5
SK Raina,Subrata Roy Sahara Stadium,0.0,5.5
SK Raina,SuperSport Park,0.3333333333333333,5.944444444444444
SK Raina,"Vidarbha Cricket Association Stadium, Jamtha",1.0,7.894736842105264
SK Raina,Wankhede Stadium,0.0,9.5
SK Trivedi,De Beers Diamond Oval,1.0,9.333333333333332
SK Trivedi,Dr DY Patil Sports Academy,0.0,9.083333333333332
SK Trivedi,Eden Gardens,0.3333333333333333,7.791666666666667
SK Trivedi,Feroz Shah Kotla,0.25,8.166666666666666
SK Trivedi,Kingsmead,1.5,4.875
SK Trivedi,M Chinnaswamy Stadium,1.6666666666666667,6.760869565217391
SK Trivedi,"MA Chidambaram Stadium, Chepauk",0.3333333333333333,9.419191919191919
SK Trivedi,OUTsurance Oval,0.0,9.0
SK Trivedi,"Punjab Cricket Association Stadium, Mohali",0.6,9.8
SK Trivedi,"Rajiv Gandhi International Stadium, Uppal",1.5,6.520833333333333
SK Trivedi,"Sardar Patel Stadium, Motera",0.6666666666666666,7.5555555555555545
SK Trivedi,Sawai Mansingh Stadium,1.28125,7.5461647727272725
SK Trivedi,St George's Park,1.0,6.5
SK Trivedi,Subrata Roy Sahara Stadium,0.5,7.208333333333334
SK Trivedi,SuperSport Park,0.0,11.666666666666666
SK Trivedi,"Vidarbha Cricket Association Stadium, Jamtha",4.0,5.647058823529411
SK Trivedi,Wankhede Stadium,0.3333333333333333,8.0
SK Warne,Brabourne Stadium,0.0,9.666666666666668
SK Warne,De Beers Diamond Oval,1.0,7.875
SK Warne,Dr DY Patil Sports Academy,0.5,9.0
SK Warne,Eden Gardens,0.3333333333333333,5.972222222222222
SK Warne,Feroz Shah Kotla,0.5,7.25
SK Warne,Kingsmead,1.6666666666666667,8.222222222222223
SK Warne,M Chinnaswamy Stadium,1.0,5.875
SK Warne,"MA Chidambaram Stadium, Chepauk",1.0,8.027777777777777
SK Warne,Newlands,1.3333333333333333,6.666666666666667
SK Warne,OUTsurance Oval,0.0,7.0
SK Warne,"Punjab Cricket Association Stadium, Mohali",1.0,11.125
SK Warne,"Rajiv Gandhi International Stadium, Uppal",2.0,8.5
SK Warne,"Sardar Patel Stadium, Motera",1.0,6.125
SK Warne,Sawai Mansingh Stadium,1.2352941176470589,7.362745098039216
SK Warne,St George's Park,0.0,9.666666666666668
SK Warne,SuperSport Park,1.0,6.583333333333333
SK Warne,"Vidarbha Cricket Association Stadium, Jamtha",4.0,5.25
SK Warne,Wankhede Stadium,1.5,6.375
SL Malinga,Arun Jaitley Stadium,1.0,9.25
SL Malinga,Barabati Stadium,1.0,8.181818181818182
SL Malinga,Brabourne Stadium,1.6,6.05
SL Malinga,"Brabourne Stadium, Mumbai",0.0,10.25
SL Malinga,Buffalo Park,1.0,6.625
SL Malinga,Dr DY Patil Sports Academy,2.25,5.943181818181818
SL Malinga,Dr. Y.S. Rajasekhara Reddy ACA-VDCA Cricket Stadium,3.0,6.75
SL Malinga,Dubai International Cricket Stadium,0.6666666666666666,6.928571428571428
SL Malinga,Eden Gardens,1.0,7.5
SL Malinga,Feroz Shah Kotla,1.7142857142857142,6.89935064935065
SL Malinga,Himachal Pradesh Cricket Association Stadium,4.0,9.75
SL Malinga,Holkar Cricket Stadium,0.0,14.5
SL Malinga,Kingsmead,2.0,4.916666666666667
SL Malinga,M Chinnaswamy Stadium,0.8,8.102173913043478
SL Malinga,M.Chinnaswamy Stadium,0.0,11.75
SL Malinga,MA Chidambaram Stadium,2.0,9.378787878787879
SL Malinga,"MA Chidambaram Stadium, Chepauk",1.3333333333333333,6.391304347826087
SL Malinga,New Wanderers Stadium,0.0,7.578947368421052
SL Malinga,Newlands,3.0,3.75
SL Malinga,Punjab Cricket Association IS Bindra Stadium,0.0,8.0
SL Malinga,"Punjab Cricket Association Stadium, Mohali",3.0,7.583333333333333
SL Malinga,Rajiv Gandhi International Stadium,2.0,12.25
SL Malinga,"Rajiv Gandhi International Stadium, Uppal",1.3333333333333333,6.111111111111111
SL Malinga,"Sardar Patel Stadium, Motera",1.0,10.25
SL Malinga,Saurashtra Cricket Association Stadium,2.0,8.25
SL Malinga,Sawai Mansingh Stadium,0.4,6.955263157894737
SL Malinga,Sharjah Cricket Stadium,2.0,4.25
SL Malinga,Sheikh Zayed Stadium,4.0,5.75
SL Malinga,St George's Park,1.6666666666666667,6.238095238095238
SL Malinga,Subrata Roy Sahara Stadium,2.0,6.5
SL Malinga,SuperSport Park,1.6666666666666667,7.833333333333333
SL Malinga,Wankhede Stadium,1.697674418604651,6.940239605355885
SM Curran,Arun Jaitley Stadium,0.0,9.272727272727272
SM Curran,"Arun Jaitley Stadium, Delhi",1.3333333333333333,8.333333333333334
SM Curran,"Barsapara Cricket Stadium, Guwahati",1.5,9.5
SM Curran,"Bharat Ratna Shri Atal Bihari Vajpayee Ekana Cricket Stadium, Lucknow",3.0,7.375
SM Curran,Dubai International Cricket Stadium,1.0,8.678571428571429
SM Curran,"Eden Gardens, Kolkata",0.5,14.833333333333334
SM Curran,"Himachal Pradesh Cricket Association Stadium, Dharamsala",1.25,11.416666666666666
SM Curran,"M Chinnaswamy Stadium, Bengaluru",1.0,10.666666666666666
SM Curran,MA Chidambaram Stadium,0.0,8.75
SM Curran,"MA Chidambaram Stadium, Chepauk, Chennai",0.16666666666666666,11.611111111111109
SM Curran,"Maharaja Yadavindra Singh International Cricket Stadium, Mullanpur",1.4,9.15
SM Curran,"Narendra Modi Stadium, Ahmedabad",0.0,9.0
SM Curran,Punjab Cricket Association IS Bindra Stadium,1.4,8.30952380952381
SM Curran,"Punjab Cricket Association IS Bindra Stadium, Mohali, Chandigarh",0.6,10.454347826086956
SM Curran,"Rajiv Gandhi International Stadium, Uppal, Hyderabad",0.0,4.666666666666667
SM Curran,Sawai Mansingh Stadium,2.0,13.0
SM Curran,Sharjah Cricket Stadium,2.0,8.5
SM Curran,Sheikh Zayed Stadium,0.75,6.75
SM Curran,Wankhede Stadium,2.0,13.5
SM Curran,"Wankhede Stadium, Mumbai",1.0,9.819444444444445
SM Curran,"Zayed Cricket Stadium, Abu Dhabi",0.0,13.875
SN Thakur,Arun Jaitley Stadium,0.5,8.125
SN Thakur,"Arun Jaitley Stadium, Delhi",0.5,12.5
SN Thakur,"Bharat Ratna Shri Atal Bihari Vajpayee Ekana Cricket Stadium, Lucknow",1.0,11.541666666666666
SN Thakur,"Brabourne Stadium, Mumbai",1.0,11.0
SN Thakur,"Dr DY Patil Sports Academy, Mumbai",1.25,9.081439393939394
SN Thakur,Dr. Y.S. Rajasekhara Reddy ACA-VDCA Cricket Stadium,0.0,13.0
SN Thakur,"Dr. Y.S. Rajasekhara Reddy ACA-VDCA Cricket Stadium, Visakhapatnam",2.0,9.5
SN Thakur,Dubai International Cricket Stadium,1.6666666666666667,8.231481481481481
SN Thakur,Eden Gardens,1.5,5.75
SN Thakur,"Eden Gardens, Kolkata",1.0,13.245714285714286
SN Thakur,Feroz Shah Kotla,0.5,12.166666666666668
SN Thakur,"Himachal Pradesh Cricket Association Stadium, Dharamsala",1.0,6.0
SN Thakur,M Chinnaswamy Stadium,3.0,8.75
SN Thakur,"M Chinnaswamy Stadium, Bengaluru",2.0,15.25
SN Thakur,M.Chinnaswamy Stadium,1.0,10.75
SN Thakur,MA Chidambaram Stadium,1.5,9.875
SN Thakur,"MA Chidambaram Stadium, Chepauk, Chennai",0.5,9.306818181818182
SN Thakur,Maharashtra Cricket Association Stadium,1.1111111111111112,8.596978557504874
SN Thakur,"Maharashtra Cricket Association Stadium, Pune",0.0,10.5
SN Thakur,"Narendra Modi Stadium, Ahmedabad",0.0,9.791666666666668
SN Thakur,Punjab Cricket Association IS Bindra Stadium,2.0,11.0
SN Thakur,"Punjab Cricket Association IS Bindra Stadium, Mohali, Chandigarh",0.0,10.75
SN Thakur,Rajiv Gandhi International Stadium,1.0,10.277777777777779
SN Thakur,"Rajiv Gandhi International Stadium, Uppal",0.5,4.75
SN Thakur,"Rajiv Gandhi International Stadium, Uppal, Hyderabad",3.0,8.083333333333332
SN Thakur,Saurashtra Cricket Association Stadium,1.0,4.666666666666667
SN Thakur,Sawai Mansingh Stadium,1.5,8.25
SN Thakur,"Sawai Mansingh Stadium, Jaipur",1.0,11.333333333333332
SN Thakur,Sharjah Cricket Stadium,1.0,9.348214285714285
SN Thakur,Sheikh Zayed Stadium,1.0,7.416666666666667
SN Thakur,Wankhede Stadium,1.4,10.2
SN Thakur,"Wankhede Stadium, Mumbai",1.0833333333333333,9.731592238171187
SN Thakur,"Zayed Cricket Stadium, Abu Dhabi",2.0,6.25
SP Narine,Arun Jaitley Stadium,0.0,11.666666666666666
SP Narine,"Arun Jaitley Stadium, Delhi",1.6666666666666667,8.916666666666666
SP Narine,Barabati Stadium,1.6666666666666667,6.166666666666667
SP Narine,"Bharat Ratna Shri Atal Bihari Vajpayee Ekana Cricket Stadium, Lucknow",1.0,5.5
SP Narine,"Brabourne Stadium, Mumbai",1.3333333333333333,5.416666666666667
SP Narine,"Dr DY Patil Sports Academy, Mumbai",0.25,5.6875
SP Narine,Dr. Y.S. Rajasekhara Reddy ACA-VDCA Cricket Stadium,0.0,9.5
SP Narine,"Dr. Y.S. Rajasekhara Reddy ACA-VDCA Cricket Stadium, Visakhapatnam",1.0,7.25
SP Narine,Dubai International Cricket Stadium,0.7142857142857143,6.785714285714286
SP Narine,Eden Gardens,1.3863636363636365,6.347968319559229
SP Narine,"Eden Gardens, Kolkata",0.7619047619047619,7.317460317460317
SP Narine,Feroz Shah Kotla,1.6666666666666667,7.638888888888889
SP Narine,Green Park,2.0,7.5
SP Narine,Holkar Cricket Stadium,1.0,11.0
SP Narine,JSCA International Stadium Complex,1.3333333333333333,6.166666666666667
SP Narine,M Chinnaswamy Stadium,0.5,7.416666666666667
SP Narine,"M Chinnaswamy Stadium, Bengaluru",0.5,10.125
SP Narine,M.Chinnaswamy Stadium,0.5,8.5
SP Narine,MA Chidambaram Stadium,1.5,5.725
SP Narine,"MA Chidambaram Stadium, Chepauk",1.0,8.0
SP Narine,"MA Chidambaram Stadium, Chepauk, Chennai",1.75,4.625
SP Narine,"Maharaja Yadavindra Singh International Cricket Stadium, Mullanpur",2.0,4.666666666666667
SP Narine,Maharashtra Cricket Association Stadium,1.0,6.916666666666667
SP Narine,"Maharashtra Cricket Association Stadium, Pune",0.6666666666666666,6.666666666666667
SP Narine,"Narendra Modi Stadium, Ahmedabad",1.75,8.1875
SP Narine,Punjab Cricket Association IS Bindra Stadium,1.0,7.25
SP Narine,"Punjab Cricket Association IS Bindra Stadium, Mohali",1.5,6.125
SP Narine,"Punjab Cricket Association IS Bindra Stadium, Mohali, Chandigarh",1.0,10.0
SP Narine,"Punjab Cricket Association Stadium, Mohali",2.5,7.125
SP Narine,Rajiv Gandhi International Stadium,0.5,7.125
SP Narine,"Rajiv Gandhi International Stadium, Uppal",0.5,6.708333333333333
SP Narine,"Rajiv Gandhi International Stadium, Uppal, Hyderabad",0.0,8.0
SP Narine,"Sardar Patel Stadium, Motera",2.0,7.0
SP Narine,Saurashtra Cricket Association Stadium,0.0,8.25
SP Narine,Sawai Mansingh Stadium,0.5,7.9375
SP Narine,Shaheed Veer Narayan Singh International Stadium,0.0,3.5
SP Narine,Sharjah Cricket Stadium,1.2857142857142858,6.857142857142857
SP Narine,Sheikh Zayed Stadium,1.5,7.00625
SP Narine,Subrata Roy Sahara Stadium,1.6666666666666667,4.25
SP Narine,Wankhede Stadium,1.5714285714285714,7.069548872180451
SP Narine,"Wankhede Stadium, Mumbai",0.6666666666666666,6.925925925925926
SP Narine,"Zayed Cricket Stadium, Abu Dhabi",1.3333333333333333,6.75
SR Watson,Brabourne Stadium,1.6666666666666667,9.25
SR Watson,Dr DY Patil Sports Academy,1.5,6.875
SR Watson,Dubai International Cricket Stadium,0.0,5.0
SR Watson,Eden Gardens,0.42857142857142855,8.523809523809524
SR Watson,Feroz Shah Kotla,1.0,7.6875
SR Watson,Holkar Cricket Stadium,0.0,14.0
SR Watson,M Chinnaswamy Stadium,1.5333333333333334,8.272222222222222
SR Watson,M.Chinnaswamy Stadium,0.5,7.875
SR Watson,MA Chidambaram Stadium,3.0,9.75
SR Watson,"MA Chidambaram Stadium, Chepauk",1.0,9.863636363636363
SR Watson,Maharashtra Cricket Association Stadium,0.5,8.555555555555555
SR Watson,Punjab Cricket Association IS Bindra Stadium,1.0,7.5
SR Watson,"Punjab Cricket Association IS Bindra Stadium, Mohali",2.0,5.5
SR Watson,"Punjab Cricket Association Stadium, Mohali",1.6,6.85
SR Watson,Rajiv Gandhi International Stadium,0.0,11.5
SR Watson,"Rajiv Gandhi International Stadium, Uppal",0.8,8.65
SR Watson,"Sardar Patel Stadium, Motera",1.4,8.483333333333333
SR Watson,Saurashtra Cricket Association Stadium,0.5,10.428571428571429
SR Watson,Sawai Mansingh Stadium,0.8461538461538461,7.171052631578947
SR Watson,Shaheed Veer Narayan Singh International Stadium,1.0,6.75
SR Watson,Sheikh Zayed Stadium,0.5,5.583333333333333
SR Watson,Subrata Roy Sahara Stadium,0.0,7.0
SR Watson,"Vidarbha Cricket Association Stadium, Jamtha",0.0,13.333333333333334
SR Watson,Wankhede Stadium,1.375,8.579710144927535
ST Jayasuriya,Brabourne Stadium,0.0,13.5
ST Jayasuriya,Buffalo Park,0.0,13.0
ST Jayasuriya,Dr DY Patil Sports Academy,0.0,11.0
ST Jayasuriya,Eden Gardens,4.0,3.5
ST Jayasuriya,Feroz Shah Kotla,1.5,6.5
ST Jayasuriya,Kingsmead,1.6666666666666667,5.888888888888889
ST Jayasuriya,New Wanderers Stadium,0.0,10.0
ST Jayasuriya,Newlands,2.0,8.5
ST Jayasuriya,"Rajiv Gandhi International Stadium, Uppal",0.0,6.5
ST Jayasuriya,Sawai Mansingh Stadium,0.0,6.0
ST Jayasuriya,SuperSport Park,0.3333333333333333,7.75
ST Jayasuriya,Wankhede Stadium,1.0,9.75
STR Binny,Arun Jaitley Stadium,0.0,6.0
STR Binny,Brabourne Stadium,1.0,11.75
STR Binny,Dr. Y.S. Rajasekhara Reddy ACA-VDCA Cricket Stadium,0.0,6.0
STR Binny,Dubai International Cricket Stadium,1.0,10.0
STR Binny,Eden Gardens,0.4,9.0
STR Binny,Feroz Shah Kotla,0.0,7.333333333333333
STR Binny,M Chinnaswamy Stadium,0.5,6.9375
STR Binny,"MA Chidambaram Stadium, Chepauk",0.0,10.666666666666666
STR Binny,Maharashtra Cricket Association Stadium,0.4,9.0
STR Binny,"Punjab Cricket Association IS Bindra Stadium, Mohali",0.0,8.0
STR Binny,"Punjab Cricket Association Stadium, Mohali",0.5,8.5
STR Binny,"Rajiv Gandhi International Stadium, Uppal",0.5,10.25
STR Binny,"Sardar Patel Stadium, Motera",0.8,6.9
STR Binny,Sawai Mansingh Stadium,0.5384615384615384,6.647435897435898
STR Binny,Shaheed Veer Narayan Singh International Stadium,0.0,7.5
STR Binny,Sharjah Cricket Stadium,0.0,4.0
STR Binny,Sheikh Zayed Stadium,0.6666666666666666,5.0
STR Binny,Subrata Roy Sahara Stadium,1.0,4.0
STR Binny,Wankhede Stadium,0.0,9.166666666666666
SW Tait,Brabourne Stadium,2.0,11.5
SW Tait,Eden Gardens,1.0,7.565217391304348
SW Tait,Feroz Shah Kotla,1.0,13.25
SW Tait,Holkar Cricket Stadium,0.0,12.0
SW Tait,M Chinnaswamy Stadium,0.0,10.0
SW Tait,"MA Chidambaram Stadium, Chepauk",0.0,11.0
SW Tait,"Punjab Cricket Association Stadium, Mohali",2.6666666666666665,5.649122807017544
SW Tait,"Rajiv Gandhi International Stadium, Uppal",0.0,9.545454545454543
SW Tait,"Sardar Patel Stadium, Motera",1.5,6.1875
SW Tait,Sawai Mansingh Stadium,0.8333333333333334,8.802631578947368
SW Tait,Subrata Roy Sahara Stadium,3.0,3.25
Sandeep Sharma,Arun Jaitley Stadium,1.0,6.125
Sandeep Sharma,"Arun Jaitley Stadium, Delhi",1.25,9.928571428571429
Sandeep Sharma,Barabati Stadium,0.5,8.625
Sandeep Sharma,"Barsapara Cricket Stadium, Guwahati",0.5,7.0
Sandeep Sharma,"Bharat Ratna Shri Atal Bihari Vajpayee Ekana Cricket Stadium, Lucknow",2.0,7.75
Sandeep Sharma,"Dr DY Patil Sports Academy, Mumbai",0.5,6.75
Sandeep Sharma,Dr. Y.S. Rajasekhara Reddy ACA-VDCA Cricket Stadium,1.5,5.0
Sandeep Sharma,Dubai International Cricket Stadium,1.0,7.3916666666666675
Sandeep Sharma,Eden Gardens,0.75,8.708333333333334
Sandeep Sharma,"Eden Gardens, Kolkata",1.0,8.5
Sandeep Sharma,Feroz Shah Kotla,1.25,6.333333333333333
Sandeep Sharma,Himachal Pradesh Cricket Association Stadium,2.5,7.75
Sandeep Sharma,"Himachal Pradesh Cricket Association Stadium, Dharamsala",0.0,11.5
Sandeep Sharma,Holkar Cricket Stadium,1.0,9.25
Sandeep Sharma,M Chinnaswamy Stadium,1.8,8.133333333333335
Sandeep Sharma,"M Chinnaswamy Stadium, Bengaluru",3.0,11.75
Sandeep Sharma,M.Chinnaswamy Stadium,1.0,10.0
Sandeep Sharma,MA Chidambaram Stadium,1.0,14.086956521739133
Sandeep Sharma,"MA Chidambaram Stadium, Chepauk",0.0,8.0
Sandeep Sharma,"MA Chidambaram Stadium, Chepauk, Chennai",0.75,9.479166666666666
Sandeep Sharma,"Maharaja Yadavindra Singh International Cricket Stadium, Mullanpur",2.0,5.25
Sandeep Sharma,Maharashtra Cricket Association Stadium,1.4,6.7
Sandeep Sharma,"Maharashtra Cricket Association Stadium, Pune",1.0,4.5
Sandeep Sharma,"Narendra Modi Stadium, Ahmedabad",1.6666666666666667,9.5
Sandeep Sharma,Punjab Cricket Association IS Bindra Stadium,2.0,5.25
Sandeep Sharma,"Punjab Cricket Association IS Bindra Stadium, Mohali",1.5,7.825
Sandeep Sharma,"Punjab Cricket Association Stadium, Mohali",1.0,8.138888888888888
Sandeep Sharma,Rajiv Gandhi International Stadium,1.1666666666666667,7.801932367149758
Sandeep Sharma,"Rajiv Gandhi International Stadium, Uppal",1.25,10.1875
Sandeep Sharma,"Rajiv Gandhi International Stadium, Uppal, Hyderabad",1.0,10.25
Sandeep Sharma,"Sardar Patel Stadium, Motera",1.0,6.25
Sandeep Sharma,Saurashtra Cricket Association Stadium,1.5,8.875
Sandeep Sharma,Sawai Mansingh Stadium,1.0,3.75
Sandeep Sharma,"Sawai Mansingh Stadium, Jaipur",1.0909090909090908,8.66060606060606
Sandeep Sharma,Sharjah Cricket Stadium,1.5,6.875
Sandeep Sharma,Sheikh Zayed Stadium,1.0,6.1875
Sandeep Sharma,Wankhede Stadium,1.2857142857142858,8.474937343358397
Sandeep Sharma,"Wankhede Stadium, Mumbai",0.6666666666666666,9.666666666666666
Shahbaz Ahmed,"Arun Jaitley Stadium, Delhi",0.0,22.0
Shahbaz Ahmed,"Bharat Ratna Shri Atal Bihari Vajpayee Ekana Cricket Stadium, Lucknow",0.0,13.0
Shahbaz Ahmed,"Brabourne Stadium, Mumbai",1.5,9.333333333333332
Shahbaz Ahmed,"Dr DY Patil Sports Academy, Mumbai",0.0,9.3125
Shahbaz Ahmed,"Dr. Y.S. Rajasekhara Reddy ACA-VDCA Cricket Stadium, Visakhapatnam",0.0,14.666666666666668
Shahbaz Ahmed,Dubai International Cricket Stadium,1.0,7.0
Shahbaz Ahmed,"Eden Gardens, Kolkata",0.0,9.583333333333334
Shahbaz Ahmed,"M Chinnaswamy Stadium, Bengaluru",0.0,17.25
Shahbaz Ahmed,"MA Chidambaram Stadium, Chepauk, Chennai",1.4,8.61
Shahbaz Ahmed,"Maharaja Yadavindra Singh International Cricket Stadium, Mullanpur",0.0,10.0
Shahbaz Ahmed,"Maharashtra Cricket Association Stadium, Pune",0.3333333333333333,10.055555555555555
Shahbaz Ahmed,"Narendra Modi Stadium, Ahmedabad",0.75,10.8125
Shahbaz Ahmed,"Rajiv Gandhi International Stadium, Uppal, Hyderabad",0.42857142857142855,9.976190476190478
Shahbaz Ahmed,Sharjah Cricket Stadium,1.0,9.666666666666668
Shahbaz Ahmed,Sheikh Zayed Stadium,2.0,6.5
Shahbaz Ahmed,"Wankhede Stadium, Mumbai",0.0,9.5
Shahbaz Ahmed,"Zayed Cricket Stadium, Abu Dhabi",0.0,5.25
Shakib Al Hasan,Arun Jaitley Stadium,2.0,6.75
Shakib Al Hasan,Barabati Stadium,1.0,5.25
Shakib Al Hasan,Brabourne Stadium,0.0,9.0
Shakib Al Hasan,Dr DY Patil Sports Academy,2.0,4.0
Shakib Al Hasan,Dubai International Cricket Stadium,0.6666666666666666,8.11111111111111
Shakib Al Hasan,Eden Gardens,1.1818181818181819,8.121477007840644
Shakib Al Hasan,Feroz Shah Kotla,2.0,3.25
Shakib Al Hasan,JSCA International Stadium Complex,2.0,6.25
Shakib Al Hasan,M Chinnaswamy Stadium,1.0,6.75
Shakib Al Hasan,M.Chinnaswamy Stadium,0.0,8.75
Shakib Al Hasan,MA Chidambaram Stadium,0.0,6.75
Shakib Al Hasan,"MA Chidambaram Stadium, Chepauk",1.0,8.333333333333332
Shakib Al Hasan,"MA Chidambaram Stadium, Chepauk, Chennai",0.6666666666666666,8.75
Shakib Al Hasan,Maharashtra Cricket Association Stadium,1.0,7.458333333333334
Shakib Al Hasan,Punjab Cricket Association IS Bindra Stadium,0.0,14.0
Shakib Al Hasan,"Punjab Cricket Association IS Bindra Stadium, Mohali",0.0,7.0
Shakib Al Hasan,Rajiv Gandhi International Stadium,1.1428571428571428,7.964285714285714
Shakib Al Hasan,"Rajiv Gandhi International Stadium, Uppal",1.0,6.666666666666667
Shakib Al Hasan,"Sardar Patel Stadium, Motera",1.0,6.25
Shakib Al Hasan,Sawai Mansingh Stadium,1.0,7.820175438596491
Shakib Al Hasan,Sharjah Cricket Stadium,0.3333333333333333,4.666666666666667
Shakib Al Hasan,Sheikh Zayed Stadium,1.0,6.5
Shakib Al Hasan,Subrata Roy Sahara Stadium,1.5,6.75
Shakib Al Hasan,Wankhede Stadium,1.0,8.111904761904762
Shivam Mavi,Arun Jaitley Stadium,2.0,14.5
Shivam Mavi,"Brabourne Stadium, Mumbai",1.0,8.5
Shivam Mavi,"Dr DY Patil Sports Academy, Mumbai",1.0,9.0
Shivam Mavi,Dubai International Cricket Stadium,1.6,6.35
Shivam Mavi,Eden Gardens,0.5,8.819444444444445
Shivam Mavi,M.Chinnaswamy Stadium,0.0,7.0
Shivam Mavi,"Maharashtra Cricket Association Stadium, Pune",1.0,12.5
Shivam Mavi,"Narendra Modi Stadium, Ahmedabad",0.5,14.125
Shivam Mavi,Sawai Mansingh Stadium,2.0,10.0
Shivam Mavi,Sharjah Cricket Stadium,1.5,8.928728070175438
Shivam Mavi,Sheikh Zayed Stadium,1.0,9.1
Shivam Mavi,"Wankhede Stadium, Mumbai",0.75,10.3125
Suyash Sharma,"Arun Jaitley Stadium, Delhi",0.0,5.5
Suyash Sharma,"Bharat Ratna Shri Atal Bihari Vajpayee Ekana Cricket Stadium, Lucknow",0.5,14.0
Suyash Sharma,"Eden Gardens, Kolkata",0.6,9.808333333333334
Suyash Sharma,"M Chinnaswamy Stadium, Bengaluru",0.8,8.116666666666665
Suyash Sharma,"MA Chidambaram Stadium, Chepauk, Chennai",0.0,8.833333333333334
Suyash Sharma,"Maharaja Yadavindra Singh International Cricket Stadium, Mullanpur",3.0,6.083333333333333
Suyash Sharma,"Narendra Modi Stadium, Ahmedabad",0.5,9.125
Suyash Sharma,"Sawai Mansingh Stadium, Jaipur",0.0,9.75
Suyash Sharma,"Wankhede Stadium, Mumbai",1.0,7.375
T Natarajan,"Arun Jaitley Stadium, Delhi",1.6666666666666667,9.861111111111112
T Natarajan,"Bharat Ratna Shri Atal Bihari Vajpayee Ekana Cricket Stadium, Lucknow",0.0,7.666666666666666
T Natarajan,"Brabourne Stadium, Mumbai",3.0,6.291666666666666
T Natarajan,"Dr DY Patil Sports Academy, Mumbai",2.0,8.0
T Natarajan,Dubai International Cricket Stadium,1.5,8.438858695652174
T Natarajan,"Eden Gardens, Kolkata",2.0,10.75
T Natarajan,"Himachal Pradesh Cricket Association Stadium, Dharamsala",1.0,3.4285714285714284
T Natarajan,Holkar Cricket Stadium,0.5,10.833333333333332
T Natarajan,M Chinnaswamy Stadium,0.0,15.0
T Natarajan,"M Chinnaswamy Stadium, Bengaluru",1.0,11.75
T Natarajan,"MA Chidambaram Stadium, Chepauk, Chennai",0.8,9.366666666666665
T Natarajan,"Maharaja Yadavindra Singh International Cricket Stadium, Mullanpur",1.0,8.25
T Natarajan,"Maharashtra Cricket Association Stadium, Pune",1.6666666666666667,10.666666666666666
T Natarajan,"Narendra Modi Stadium, Ahmedabad",1.0,7.916666666666667
T Natarajan,"Punjab Cricket Association IS Bindra Stadium, Mohali",0.5,7.75
T Natarajan,"Rajiv Gandhi International Stadium, Uppal, Hyderabad",1.5,9.159722222222223
T Natarajan,Saurashtra Cricket Association Stadium,0.0,7.333333333333334
T Natarajan,"Sawai Mansingh Stadium, Jaipur",0.0,9.0
T Natarajan,Sharjah Cricket Stadium,0.3333333333333333,6.5
T Natarajan,Sheikh Zayed Stadium,1.2,8.3
T Natarajan,"Wankhede Stadium, Mumbai",0.3333333333333333,11.683333333333332
TA Boult,Arun Jaitley Stadium,1.75,8.485507246376812
TA Boult,"Arun Jaitley Stadium, Delhi",0.75,10.5625
TA Boult,"Barsapara Cricket Stadium, Guwahati",1.3333333333333333,8.583333333333334
TA Boult,"Bharat Ratna Shri Atal Bihari Vajpayee Ekana Cricket Stadium, Lucknow",1.0,9.791666666666668
TA Boult,"Brabourne Stadium, Mumbai",1.3333333333333333,9.166666666666666
TA Boult,"Dr DY Patil Sports Academy, Mumbai",1.0,7.972222222222221
TA Boult,Dr. Y.S. Rajasekhara Reddy ACA-VDCA Cricket Stadium,1.0,8.36111111111111
TA Boult,Dubai International Cricket Stadium,2.0,7.464285714285714
TA Boult,Eden Gardens,1.25,8.0
TA Boult,"Eden Gardens, Kolkata",1.3333333333333333,7.416666666666667
TA Boult,Feroz Shah Kotla,1.0,9.75
TA Boult,"Himachal Pradesh Cricket Association Stadium, Dharamsala",1.0,8.75
TA Boult,M Chinnaswamy Stadium,2.0,8.25
TA Boult,"M Chinnaswamy Stadium, Bengaluru",2.0,10.25
TA Boult,M.Chinnaswamy Stadium,1.0,8.25
TA Boult,MA Chidambaram Stadium,0.0,9.25
TA Boult,"MA Chidambaram Stadium, Chepauk",2.0,8.5
TA Boult,"MA Chidambaram Stadium, Chepauk, Chennai",1.25,8.86525974025974
TA Boult,"Maharaja Yadavindra Singh International Cricket Stadium, Mullanpur",1.0,5.5
TA Boult,"Maharaja Yadavindra Singh International Cricket Stadium, New Chandigarh",2.0,14.0
TA Boult,Maharashtra Cricket Association Stadium,1.0,12.0
TA Boult,"Maharashtra Cricket Association Stadium, Pune",1.0,6.208333333333334
TA Boult,"Narendra Modi Stadium, Ahmedabad",1.1666666666666667,7.333333333333333
TA Boult,Punjab Cricket Association IS Bindra Stadium,1.0,8.869565217391305
TA Boult,"Punjab Cricket Association Stadium, Mohali",3.0,4.75
TA Boult,Rajiv Gandhi International Stadium,0.0,7.5
TA Boult,"Rajiv Gandhi International Stadium, Uppal",0.5,11.125
TA Boult,"Rajiv Gandhi International Stadium, Uppal, Hyderabad",2.0,6.666666666666667
TA Boult,Saurashtra Cricket Association Stadium,1.0,10.0
TA Boult,Sawai Mansingh Stadium,1.0,8.666666666666666
TA Boult,"Sawai Mansingh Stadium, Jaipur",0.8888888888888888,8.550976800976802
TA Boult,Sharjah Cricket Stadium,1.75,5.875
TA Boult,Sheikh Zayed Stadium,1.125,8.55
TA Boult,Wankhede Stadium,0.75,9.815217391304348
TA Boult,"Wankhede Stadium, Mumbai",1.4285714285714286,8.214285714285714
TA Boult,"Zayed Cricket Stadium, Abu Dhabi",0.3333333333333333,9.666666666666666
TG Southee,Arun Jaitley Stadium,0.0,10.25
TG Southee,Brabourne Stadium,0.0,7.75
TG Southee,Dr DY Patil Sports Academy,1.0,8.25
TG Southee,"Dr DY Patil Sports Academy, Mumbai",1.75,7.145833333333333
TG Southee,Dr. Y.S. Rajasekhara Reddy ACA-VDCA Cricket Stadium,0.6666666666666666,7.25
TG Southee,Dubai International Cricket Stadium,0.6666666666666666,7.75
TG Southee,Eden Gardens,1.0,10.25
TG Southee,"Eden Gardens, Kolkata",0.0,12.5
TG Southee,Feroz Shah Kotla,0.0,8.0
TG Southee,Holkar Cricket Stadium,0.0,9.5
TG Southee,M Chinnaswamy Stadium,1.3333333333333333,8.75
TG Southee,M.Chinnaswamy Stadium,0.5,10.708333333333334
TG Southee,"MA Chidambaram Stadium, Chepauk",1.0,7.75
TG Southee,Maharashtra Cricket Association Stadium,1.0,9.0625
TG Southee,"Maharashtra Cricket Association Stadium, Pune",2.5,6.375
TG Southee,Nehru Stadium,0.0,12.666666666666668
TG Southee,"Punjab Cricket Association IS Bindra Stadium, Mohali",2.0,7.0
TG Southee,"Punjab Cricket Association IS Bindra Stadium, Mohali, Chandigarh",2.0,13.5
TG Southee,"Punjab Cricket Association Stadium, Mohali",1.0,8.25
TG Southee,Rajiv Gandhi International Stadium,5.0,7.5
TG Southee,"Rajiv Gandhi International Stadium, Uppal",3.0,6.0
TG Southee,"Sardar Patel Stadium, Motera",0.5,11.25
TG Southee,Sawai Mansingh Stadium,1.0,9.25
TG Southee,Sharjah Cricket Stadium,3.0,7.25
TG Southee,Sheikh Zayed Stadium,0.0,5.333333333333333
TG Southee,Wankhede Stadium,0.75,8.125
TG Southee,"Wankhede Stadium, Mumbai",1.3333333333333333,9.416666666666666
TM Dilshan,Eden Gardens,0.0,8.5
TM Dilshan,Feroz Shah Kotla,0.3333333333333333,12.948717948717947
TM Dilshan,Kingsmead,0.0,4.0
TM Dilshan,M Chinnaswamy Stadium,0.2,10.4
TM Dilshan,"MA Chidambaram Stadium, Chepauk",0.5,7.625
TM Dilshan,Nehru Stadium,1.0,7.5
TM Dilshan,New Wanderers Stadium,0.0,6.083333333333333
TM Dilshan,OUTsurance Oval,0.0,8.5
TM Dilshan,"Punjab Cricket Association Stadium, Mohali",1.0,7.0
TM Dilshan,"Rajiv Gandhi International Stadium, Uppal",0.0,9.0
TM Dilshan,SuperSport Park,0.0,7.777777777777778
TU Deshpande,"Arun Jaitley Stadium, Delhi",0.6666666666666666,9.13888888888889
TU Deshpande,"Barsapara Cricket Stadium, Guwahati",0.0,9.125
TU Deshpande,"Bharat Ratna Shri Atal Bihari Vajpayee Ekana Cricket Stadium, Lucknow",0.0,5.75
TU Deshpande,"Brabourne Stadium, Mumbai",1.0,10.0
TU Deshpande,"Dr. Y.S. Rajasekhara Reddy ACA-VDCA Cricket Stadium, Visakhapatnam",0.0,6.0
TU Deshpande,Dubai International Cricket Stadium,0.6666666666666666,13.805555555555555
TU Deshpande,"Eden Gardens, Kolkata",2.0,10.75
TU Deshpande,"Himachal Pradesh Cricket Association Stadium, Dharamsala",2.0,8.75
TU Deshpande,"M Chinnaswamy Stadium, Bengaluru",1.3333333333333333,13.833333333333334
TU Deshpande,"MA Chidambaram Stadium, Chepauk, Chennai",1.7857142857142858,8.920918367346939
TU Deshpande,"Narendra Modi Stadium, Ahmedabad",1.25,12.7
TU Deshpande,"Rajiv Gandhi International Stadium, Uppal, Hyderabad",1.5,10.5
TU Deshpande,"Sawai Mansingh Stadium, Jaipur",1.25,9.1875
TU Deshpande,Sharjah Cricket Stadium,1.0,9.75
TU Deshpande,Sheikh Zayed Stadium,0.0,10.0
TU Deshpande,"Wankhede Stadium, Mumbai",1.0,8.416666666666666
UT Yadav,Arun Jaitley Stadium,0.5,9.541666666666668
UT Yadav,"Arun Jaitley Stadium, Delhi",0.0,6.0
UT Yadav,Barabati Stadium,0.6666666666666666,8.5
UT Yadav,"Bharat Ratna Shri Atal Bihari Vajpayee Ekana Cricket Stadium, Lucknow",2.0,7.333333333333334
UT Yadav,Brabourne Stadium,2.0,9.0
UT Yadav,"Brabourne Stadium, Mumbai",0.3333333333333333,10.25
UT Yadav,Dr DY Patil Sports Academy,0.0,9.0
UT Yadav,"Dr DY Patil Sports Academy, Mumbai",1.0,6.75
UT Yadav,Dr. Y.S. Rajasekhara Reddy ACA-VDCA Cricket Stadium,1.0,10.0
UT Yadav,Dubai International Cricket Stadium,0.5,11.833333333333332
UT Yadav,Eden Gardens,0.9090909090909091,8.034090909090908
UT Yadav,"Eden Gardens, Kolkata",0.0,11.388888888888888
UT Yadav,Feroz Shah Kotla,1.4615384615384615,9.01923076923077
UT Yadav,Himachal Pradesh Cricket Association Stadium,1.5,7.125
UT Yadav,Holkar Cricket Stadium,3.0,5.75
UT Yadav,M Chinnaswamy Stadium,1.4444444444444444,8.983333333333333
UT Yadav,"M Chinnaswamy Stadium, Bengaluru",0.0,19.0
UT Yadav,M.Chinnaswamy Stadium,1.25,9.009868421052632
UT Yadav,MA Chidambaram Stadium,0.0,4.333333333333333
UT Yadav,"MA Chidambaram Stadium, Chepauk",0.8,8.25
UT Yadav,"MA Chidambaram Stadium, Chepauk, Chennai",0.0,13.5
UT Yadav,Maharashtra Cricket Association Stadium,1.75,7.645833333333334
UT Yadav,"Maharashtra Cricket Association Stadium, Pune",1.0,5.5
UT Yadav,"Narendra Modi Stadium, Ahmedabad",1.2,9.2
UT Yadav,Nehru Stadium,0.0,9.333333333333334
UT Yadav,Punjab Cricket Association IS Bindra Stadium,0.0,10.5
UT Yadav,"Punjab Cricket Association IS Bindra Stadium, Mohali",1.5,7.166666666666666
UT Yadav,"Punjab Cricket Association IS Bindra Stadium, Mohali, Chandigarh",1.0,6.75
UT Yadav,Rajiv Gandhi International Stadium,0.5,10.375
UT Yadav,"Rajiv Gandhi International Stadium, Uppal",1.75,7.632352941176471
UT Yadav,"Sardar Patel Stadium, Motera",0.0,10.333333333333334
UT Yadav,Sawai Mansingh Stadium,1.0,8.254528985507246
UT Yadav,"Sawai Mansingh Stadium, Jaipur",1.0,11.75
UT Yadav,Shaheed Veer Narayan Singh International Stadium,2.0,7.5
UT Yadav,Sharjah Cricket Stadium,1.0,10.0
UT Yadav,Sheikh Zayed Stadium,0.0,7.0
UT Yadav,Subrata Roy Sahara Stadium,0.6666666666666666,10.75
UT Yadav,Wankhede Stadium,0.8333333333333334,9.23611111111111
UT Yadav,"Wankhede Stadium, Mumbai",2.0,6.45
Umran Malik,"Arun Jaitley Stadium, Delhi",0.0,22.0
Umran Malik,"Bharat Ratna Shri Atal Bihari Vajpayee Ekana Cricket Stadium, Lucknow",1.0,11.0
Umran Malik,"Brabourne Stadium, Mumbai",1.0,7.666666666666667
Umran Malik,"Dr DY Patil Sports Academy, Mumbai",1.5,9.854166666666668
Umran Malik,Dubai International Cricket Stadium,0.0,6.75
Umran Malik,"Eden Gardens, Kolkata",1.0,18.0
Umran Malik,"MA Chidambaram Stadium, Chepauk, Chennai",1.0,6.0
Umran Malik,"Maharashtra Cricket Association Stadium, Pune",1.6666666666666667,10.0
Umran Malik,"Rajiv Gandhi International Stadium, Uppal, Hyderabad",0.75,10.166666666666666
Umran Malik,"Wankhede Stadium, Mumbai",1.8,10.232051282051282
Umran Malik,"Zayed Cricket Stadium, Abu Dhabi",1.0,8.625
V Kohli,Dr DY Patil Sports Academy,0.0,10.0
V Kohli,Eden Gardens,0.0,6.0
V Kohli,Feroz Shah Kotla,0.0,11.0
V Kohli,Himachal Pradesh Cricket Association Stadium,0.0,13.0
V Kohli,M Chinnaswamy Stadium,0.14285714285714285,10.571428571428571
V Kohli,"MA Chidambaram Stadium, Chepauk",0.0,10.555555555555555
V Kohli,Nehru Stadium,1.0,7.0
V Kohli,New Wanderers Stadium,0.0,6.0
V Kohli,"Punjab Cricket Association Stadium, Mohali",0.0,9.0
V Kohli,"Rajiv Gandhi International Stadium, Uppal",2.0,6.818181818181818
V Kohli,"Sardar Patel Stadium, Motera",1.0,4.800000000000001
V Kohli,Sawai Mansingh Stadium,0.0,6.833333333333333
V Kohli,St George's Park,0.0,9.0
V Kohli,SuperSport Park,0.0,8.333333333333332
V Kohli,"Vidarbha Cricket Association Stadium, Jamtha",0.0,8.0
V Kohli,Wankhede Stadium,0.0,9.5
V Shankar,Arun Jaitley Stadium,0.0,12.0
V Shankar,"Arun Jaitley Stadium, Delhi",1.0,14.0
V Shankar,"Dr DY Patil Sports Academy, Mumbai",0.0,2.0
V Shankar,Dubai International Cricket Stadium,0.75,7.208333333333334
V Shankar,Eden Gardens,0.0,12.0
V Shankar,JSCA International Stadium Complex,0.0,19.0
V Shankar,M.Chinnaswamy Stadium,0.0,16.0
V Shankar,"MA Chidambaram Stadium, Chepauk, Chennai",0.75,8.166666666666668
V Shankar,Maharashtra Cricket Association Stadium,1.0,11.0
V Shankar,"Maharashtra Cricket Association Stadium, Pune",1.0,14.0
V Shankar,Rajiv Gandhi International Stadium,0.5,8.375
V Shankar,Sheikh Zayed Stadium,1.0,5.0
VG Arora,"Arun Jaitley Stadium, Delhi",1.0,9.625
VG Arora,"Barsapara Cricket Stadium, Guwahati",2.0,8.25
VG Arora,"Bharat Ratna Shri Atal Bihari Vajpayee Ekana Cricket Stadium, Lucknow",0.0,10.5
VG Arora,"Brabourne Stadium, Mumbai",0.6666666666666666,9.75
VG Arora,"Dr DY Patil Sports Academy, Mumbai",0.0,9.130434782608695
VG Arora,"Dr. Y.S. Rajasekhara Reddy ACA-VDCA Cricket Stadium, Visakhapatnam",3.0,6.75
VG Arora,"Eden Gardens, Kolkata",1.3846153846153846,10.596153846153847
VG Arora,"M Chinnaswamy Stadium, Bengaluru",0.0,11.0
VG Arora,"MA Chidambaram Stadium, Chepauk, Chennai",1.25,7.5625
VG Arora,"Maharaja Yadavindra Singh International Cricket Stadium, Mullanpur",2.0,10.4
VG Arora,"Maharashtra Cricket Association Stadium, Pune",2.0,10.75
VG Arora,"Narendra Modi Stadium, Ahmedabad",1.0,8.5
VG Arora,"Rajiv Gandhi International Stadium, Uppal, Hyderabad",2.0,10.666666666666666
VG Arora,"Wankhede Stadium, Mumbai",0.0,11.666666666666666
VR Aaron,Arun Jaitley Stadium,0.0,10.5
VR Aaron,Dubai International Cricket Stadium,1.3333333333333333,8.68840579710145
VR Aaron,Eden Gardens,1.6666666666666667,8.666666666666666
VR Aaron,Feroz Shah Kotla,1.5,7.659090909090909
VR Aaron,Himachal Pradesh Cricket Association Stadium,0.0,6.375
VR Aaron,Holkar Cricket Stadium,2.0,5.25
VR Aaron,JSCA International Stadium Complex,2.0,9.666666666666668
VR Aaron,M Chinnaswamy Stadium,0.4166666666666667,10.974569221628045
VR Aaron,M.Chinnaswamy Stadium,0.0,23.0
VR Aaron,"MA Chidambaram Stadium, Chepauk",1.0,9.716666666666667
VR Aaron,"Maharashtra Cricket Association Stadium, Pune",0.0,7.0
VR Aaron,"Punjab Cricket Association IS Bindra Stadium, Mohali",0.6666666666666666,6.861111111111111
VR Aaron,"Rajiv Gandhi International Stadium, Uppal",1.3333333333333333,8.5
VR Aaron,Sawai Mansingh Stadium,1.0,12.5
VR Aaron,Sharjah Cricket Stadium,1.3333333333333333,6.5
VR Aaron,Sheikh Zayed Stadium,0.0,11.75
VR Aaron,Subrata Roy Sahara Stadium,1.0,12.0
VR Aaron,Wankhede Stadium,0.5,9.75
VR Aaron,"Wankhede Stadium, Mumbai",2.0,11.25
WD Parnell,Barabati Stadium,1.0,6.25
WD Parnell,Dr DY Patil Sports Academy,1.4,8.32
WD Parnell,Dubai International Cricket Stadium,0.0,9.5
WD Parnell,Eden Gardens,0.0,9.25
WD Parnell,Feroz Shah Kotla,1.0,7.926136363636364
WD Parnell,JSCA International Stadium Complex,3.0,8.5
WD Parnell,"M Chinnaswamy Stadium, Bengaluru",1.25,10.62828947368421
WD Parnell,"Punjab Cricket Association IS Bindra Stadium, Mohali, Chandigarh",1.0,10.666666666666666
WD Parnell,"Punjab Cricket Association Stadium, Mohali",2.0,3.0
WD Parnell,"Rajiv Gandhi International Stadium, Uppal",1.0,9.5
WD Parnell,"Rajiv Gandhi International Stadium, Uppal, Hyderabad",0.0,8.75
WD Parnell,Sawai Mansingh Stadium,3.0,7.043478260869566
WD Parnell,"Sawai Mansingh Stadium, Jaipur",3.0,3.333333333333333
WD Parnell,Sharjah Cricket Stadium,0.5,5.291666666666667
WD Parnell,Subrata Roy Sahara Stadium,1.2,7.4
WD Parnell,Wankhede Stadium,1.0,6.80952380952381
Washington Sundar,Arun Jaitley Stadium,1.0,7.25
Washington Sundar,"Arun Jaitley Stadium, Delhi",1.0,23.0
Washington Sundar,"Bharat Ratna Shri Atal Bihari Vajpayee Ekana Cricket Stadium, Lucknow",0.5,9.0
Washington Sundar,"Dr DY Patil Sports Academy, Mumbai",1.3333333333333333,5.638888888888889
Washington Sundar,Dubai International Cricket Stadium,0.42857142857142855,5.988095238095238
Washington Sundar,Eden Gardens,1.5,10.5
Washington Sundar,"Eden Gardens, Kolkata",0.5,11.0
Washington Sundar,Feroz Shah Kotla,1.0,7.666666666666666
Washington Sundar,M.Chinnaswamy Stadium,0.8571428571428571,9.75
Washington Sundar,"MA Chidambaram Stadium, Chepauk, Chennai",0.5,7.0625
Washington Sundar,"Maharaja Yadavindra Singh International Cricket Stadium, New Chandigarh",0.0,7.0
Washington Sundar,Maharashtra Cricket Association Stadium,0.5,6.625
Washington Sundar,"Maharashtra Cricket Association Stadium, Pune",0.0,12.833333333333334
Washington Sundar,"Narendra Modi Stadium, Ahmedabad",0.0,7.333333333333333
Washington Sundar,"Rajiv Gandhi International Stadium, Uppal",0.0,4.791666666666667
Washington Sundar,"Rajiv Gandhi International Stadium, Uppal, Hyderabad",0.75,7.979166666666666
Washington Sundar,"Sawai Mansingh Stadium, Jaipur",0.0,18.545454545454547
Washington Sundar,Sharjah Cricket Stadium,1.3333333333333333,7.166666666666667
Washington Sundar,Sheikh Zayed Stadium,0.4,6.0
Washington Sundar,Wankhede Stadium,1.3333333333333333,8.833333333333334
Washington Sundar,"Wankhede Stadium, Mumbai",0.6,8.233333333333333
Y Venugopal Rao,De Beers Diamond Oval,0.0,3.0
Y Venugopal Rao,Dr DY Patil Sports Academy,0.0,14.0
Y Venugopal Rao,Dubai International Cricket Stadium,0.0,9.0
Y Venugopal Rao,Eden Gardens,0.0,10.0
Y Venugopal Rao,Feroz Shah Kotla,0.0,12.5
Y Venugopal Rao,Kingsmead,0.5,8.5
Y Venugopal Rao,New Wanderers Stadium,1.0,4.0
Y Venugopal Rao,"Punjab Cricket Association Stadium, Mohali",0.0,11.5
Y Venugopal Rao,"Rajiv Gandhi International Stadium, Uppal",0.5,10.055555555555555
Y Venugopal Rao,Sawai Mansingh Stadium,0.0,15.0
Y Venugopal Rao,St George's Park,2.0,11.5
Y Venugopal Rao,SuperSport Park,0.0,10.0
YK Pathan,Barabati Stadium,0.0,9.75
YK Pathan,Brabourne Stadium,0.0,11.0
YK Pathan,De Beers Diamond Oval,1.5,7.75
YK Pathan,Dr DY Patil Sports Academy,2.5,5.625
YK Pathan,Dr. Y.S. Rajasekhara Reddy ACA-VDCA Cricket Stadium,0.0,9.0
YK Pathan,Eden Gardens,0.6190476190476191,7.351473922902494
YK Pathan,Feroz Shah Kotla,0.2,6.769230769230769
YK Pathan,Green Park,0.0,6.0
YK Pathan,JSCA International Stadium Complex,0.0,6.0
YK Pathan,Kingsmead,0.5,7.666666666666666
YK Pathan,M Chinnaswamy Stadium,0.0,8.5
YK Pathan,"MA Chidambaram Stadium, Chepauk",0.3333333333333333,10.611111111111112
YK Pathan,Nehru Stadium,1.0,5.333333333333333
YK Pathan,Newlands,0.0,7.583333333333333
YK Pathan,OUTsurance Oval,0.0,4.0
YK Pathan,"Punjab Cricket Association IS Bindra Stadium, Mohali",1.0,6.0
YK Pathan,"Punjab Cricket Association Stadium, Mohali",1.0,7.833333333333333
YK Pathan,Rajiv Gandhi International Stadium,0.0,8.0
YK Pathan,"Rajiv Gandhi International Stadium, Uppal",0.5,10.145833333333334
YK Pathan,"Sardar Patel Stadium, Motera",1.3333333333333333,6.083333333333333
YK Pathan,Saurashtra Cricket Association Stadium,0.0,15.0
YK Pathan,Sawai Mansingh Stadium,0.45454545454545453,8.045454545454545
YK Pathan,Shaheed Veer Narayan Singh International Stadium,0.0,13.2
YK Pathan,St George's Park,1.0,4.75
YK Pathan,Subrata Roy Sahara Stadium,2.0,6.0
YK Pathan,SuperSport Park,1.0,6.333333333333333
YK Pathan,"Vidarbha Cricket Association Stadium, Jamtha",0.0,1.5
YK Pathan,Wankhede Stadium,0.0,9.0
YS Chahal,Arun Jaitley Stadium,2.0,8.625
YS Chahal,"Arun Jaitley Stadium, Delhi",1.0,12.0
YS Chahal,"Barsapara Cricket Stadium, Guwahati",2.0,9.0
YS Chahal,"Bharat Ratna Shri Atal Bihari Vajpayee Ekana Cricket Stadium, Lucknow",0.5,9.625
YS Chahal,"Brabourne Stadium, Mumbai",2.6666666666666665,9.0
YS Chahal,"Dr DY Patil Sports Academy, Mumbai",1.25,8.375
YS Chahal,Dubai International Cricket Stadium,1.5833333333333333,6.722222222222222
YS Chahal,Eden Gardens,0.7142857142857143,9.452380952380953
YS Chahal,"Eden Gardens, Kolkata",1.6666666666666667,9.25
YS Chahal,Feroz Shah Kotla,0.0,8.0
YS Chahal,"Himachal Pradesh Cricket Association Stadium, Dharamsala",0.5,11.25
YS Chahal,Holkar Cricket Stadium,1.0,5.642857142857142
YS Chahal,JSCA International Stadium Complex,1.0,6.875
YS Chahal,M Chinnaswamy Stadium,1.4,8.364615384615384
YS Chahal,"M Chinnaswamy Stadium, Bengaluru",2.0,5.333333333333334
YS Chahal,M.Chinnaswamy Stadium,1.1333333333333333,6.905555555555555
YS Chahal,MA Chidambaram Stadium,1.0,1.5
YS Chahal,"MA Chidambaram Stadium, Chepauk",1.0,9.0
YS Chahal,"MA Chidambaram Stadium, Chepauk, Chennai",1.4285714285714286,8.202380952380953
YS Chahal,"Maharaja Yadavindra Singh International Cricket Stadium, Mullanpur",1.4,8.683333333333334
YS Chahal,Maharashtra Cricket Association Stadium,0.6666666666666666,9.055555555555555
YS Chahal,"Maharashtra Cricket Association Stadium, Pune",2.0,5.625
YS Chahal,"Narendra Modi Stadium, Ahmedabad",0.6666666666666666,8.87037037037037
YS Chahal,Punjab Cricket Association IS Bindra Stadium,2.0,8.25
YS Chahal,"Punjab Cricket Association IS Bindra Stadium, Mohali",2.0,7.5
YS Chahal,"Punjab Cricket Association Stadium, Mohali",2.0,12.5
YS Chahal,Rajiv Gandhi International Stadium,1.0,8.625
YS Chahal,"Rajiv Gandhi International Stadium, Uppal",0.3333333333333333,10.166666666666666
YS Chahal,"Rajiv Gandhi International Stadium, Uppal, Hyderabad",1.6666666666666667,11.25
YS Chahal,"Sardar Patel Stadium, Motera",2.0,7.894736842105264
YS Chahal,Saurashtra Cricket Association Stadium,2.0,8.0
YS Chahal,Sawai Mansingh Stadium,1.0,5.375
YS Chahal,"Sawai Mansingh Stadium, Jaipur",1.1818181818181819,8.764163372859025
YS Chahal,Shaheed Veer Narayan Singh International Stadium,3.0,8.0
YS Chahal,Sharjah Cricket Stadium,1.625,6.177083333333333
YS Chahal,Sheikh Zayed Stadium,1.5,6.319444444444444
YS Chahal,Wankhede Stadium,1.2,9.333333333333332
YS Chahal,"Wankhede Stadium, Mumbai",1.6666666666666667,7.351851851851852
YS Chahal,"Zayed Cricket Stadium, Abu Dhabi",1.0,9.125
Yash Dayal,"Arun Jaitley Stadium, Delhi",0.5,11.25
Yash Dayal,"Bharat Ratna Shri Atal Bihari Vajpayee Ekana Cricket Stadium, Lucknow",0.0,13.333333333333334
Yash Dayal,"Dr DY Patil Sports Academy, Mumbai",2.5,10.25
Yash Dayal,"Eden Gardens, Kolkata",2.0,11.277777777777777
Yash Dayal,"Himachal Pradesh Cricket Association Stadium, Dharamsala",0.0,11.0
Yash Dayal,"M Chinnaswamy Stadium, Bengaluru",1.2307692307692308,8.906098375601983
Yash Dayal,"MA Chidambaram Stadium, Chepauk, Chennai",1.5,7.666666666666667
Yash Dayal,"Maharaja Yadavindra Singh International Cricket Stadium, Mullanpur",1.0,8.75
Yash Dayal,"Maharashtra Cricket Association Stadium, Pune",1.5,11.0
Yash Dayal,"Narendra Modi Stadium, Ahmedabad",0.42857142857142855,10.261904761904761
Yash Dayal,"Rajiv Gandhi International Stadium, Uppal, Hyderabad",1.0,6.0
Yash Dayal,"Sawai Mansingh Stadium, Jaipur",1.0,9.125
Yash Dayal,"Wankhede Stadium, Mumbai",0.75,8.8125
Yash Thakur,"Bharat Ratna Shri Atal Bihari Vajpayee Ekana Cricket Stadium, Lucknow",1.625,9.31159420289855
Yash Thakur,"Eden Gardens, Kolkata",1.5,11.416666666666668
Yash Thakur,"M Chinnaswamy Stadium, Bengaluru",2.0,9.5
Yash Thakur,"MA Chidambaram Stadium, Chepauk, Chennai",1.3333333333333333,9.75
Yash Thakur,"Maharaja Yadavindra Singh International Cricket Stadium, Mullanpur",1.0,9.75
Yash Thakur,"Narendra Modi Stadium, Ahmedabad",0.0,12.0
Yash Thakur,"Punjab Cricket Association IS Bindra Stadium, Mohali, Chandigarh",4.0,9.652173913043478
Yash Thakur,"Rajiv Gandhi International Stadium, Uppal, Hyderabad",0.3333333333333333,13.541666666666666
Yash Thakur,"Sawai Mansingh Stadium, Jaipur",0.0,14.333333333333332
Yuvraj Singh,Barabati Stadium,3.0,5.25
Yuvraj Singh,De Beers Diamond Oval,0.0,11.0
Yuvraj Singh,Dr DY Patil Sports Academy,1.1666666666666667,7.916666666666667
Yuvraj Singh,Dr. Y.S. Rajasekhara Reddy ACA-VDCA Cricket Stadium,0.0,10.0
Yuvraj Singh,Dubai International Cricket Stadium,0.0,6.25
Yuvraj Singh,Eden Gardens,0.6666666666666666,10.166666666666666
Yuvraj Singh,Feroz Shah Kotla,0.25,9.625
Yuvraj Singh,Himachal Pradesh Cricket Association Stadium,0.5,9.0
Yuvraj Singh,JSCA International Stadium Complex,0.0,11.0
Yuvraj Singh,Kingsmead,1.0,7.9444444444444455
Yuvraj Singh,M Chinnaswamy Stadium,0.8333333333333334,9.375
Yuvraj Singh,"MA Chidambaram Stadium, Chepauk",0.3333333333333333,8.0
Yuvraj Singh,Maharashtra Cricket Association Stadium,0.0,9.0
Yuvraj Singh,New Wanderers Stadium,3.0,3.25
Yuvraj Singh,Newlands,0.0,4.5
Yuvraj Singh,OUTsurance Oval,0.0,14.0
Yuvraj Singh,Punjab Cricket Association IS Bindra Stadium,0.0,10.0
Yuvraj Singh,"Punjab Cricket Association IS Bindra Stadium, Mohali",0.0,11.0
Yuvraj Singh,"Punjab Cricket Association Stadium, Mohali",0.2,9.666666666666668
Yuvraj Singh,"Rajiv Gandhi International Stadium, Uppal",0.8333333333333334,6.029761904761905
Yuvraj Singh,Sawai Mansingh Stadium,0.0,8.5
Yuvraj Singh,Shaheed Veer Narayan Singh International Stadium,0.0,6.388888888888888
Yuvraj Singh,Sharjah Cricket Stadium,0.0,8.0
Yuvraj Singh,St George's Park,0.0,11.0
Yuvraj Singh,Subrata Roy Sahara Stadium,0.75,8.875
Yuvraj Singh,SuperSport Park,0.0,7.0
Yuvraj Singh,Wankhede Stadium,0.6,6.3
Z Khan,Brabourne Stadium,1.4285714285714286,7.25
Z Khan,"Brabourne Stadium, Mumbai",0.0,11.25
Z Khan,Buffalo Park,3.0,7.75
Z Khan,Dr DY Patil Sports Academy,1.3333333333333333,8.0
Z Khan,Dr. Y.S. Rajasekhara Reddy ACA-VDCA Cricket Stadium,0.5,6.041666666666667
Z Khan,Dubai International Cricket Stadium,1.3333333333333333,6.5
Z Khan,Eden Gardens,0.6666666666666666,10.114010989010989
Z Khan,Feroz Shah Kotla,1.4285714285714286,7.696428571428571
Z Khan,Green Park,0.0,7.5
Z Khan,Kingsmead,1.0,6.375
Z Khan,M Chinnaswamy Stadium,1.2916666666666667,7.614583333333333
Z Khan,M.Chinnaswamy Stadium,3.0,7.75
Z Khan,"MA Chidambaram Stadium, Chepauk",0.75,7.9375
Z Khan,Maharashtra Cricket Association Stadium,3.0,6.666666666666667
Z Khan,Nehru Stadium,1.0,7.0
Z Khan,New Wanderers Stadium,1.0,6.0
Z Khan,Newlands,0.0,8.5
Z Khan,"Punjab Cricket Association IS Bindra Stadium, Mohali",1.0,8.333333333333332
Z Khan,"Punjab Cricket Association Stadium, Mohali",0.6666666666666666,8.6
Z Khan,"Rajiv Gandhi International Stadium, Uppal",1.6666666666666667,8.25
Z Khan,Saurashtra Cricket Association Stadium,1.0,6.75
Z Khan,Sawai Mansingh Stadium,1.0,7.25
Z Khan,Shaheed Veer Narayan Singh International Stadium,1.0,6.125
Z Khan,Sharjah Cricket Stadium,0.0,6.0
Z Khan,Sheikh Zayed Stadium,1.0,5.75
Z Khan,St George's Park,1.0,4.666666666666667
Z Khan,Subrata Roy Sahara Stadium,2.0,5.25
Z Khan,Wankhede Stadium,1.3333333333333333,6.833333333333333
