player,opponent,vs_opponent_runs_avg,vs_opponent_strike_rate_avg
A Ashish Reddy,Chennai Super Kings,15.0,141.66666666666666
A Ashish Reddy,Delhi Daredevils,12.0,149.53703703703704
A Ashish Reddy,Kings XI Punjab,12.333333333333334,158.33333333333334
A Ashish Reddy,Kolkata Knight Riders,8.5,121.25
A Ashish Reddy,Mumbai Indians,13.5,106.66666666666666
A Ashish Reddy,Pune Warriors,13.0,150.83333333333331
A Ashish Reddy,Rajasthan Royals,12.333333333333334,173.9057239057239
A Ashish Reddy,Royal Challengers Bangalore,11.0,107.22222222222221
A Badoni,Chennai Super Kings,30.75,163.79419191919192
A Badoni,Delhi Capitals,21.5,177.61904761904762
A Badoni,Gujarat Titans,23.166666666666668,141.74919931017493
A Badoni,Kolkata Knight Riders,21.0,108.69708994708995
A Badoni,Mumbai Indians,18.0,129.75734791524266
A Badoni,Punjab Kings,29.166666666666668,126.588713219148
A Badoni,Rajasthan Royals,12.5,66.99148890325361
A Badoni,Royal Challengers Bangalore,15.666666666666666,87.12121212121212
A Badoni,Royal Challengers Bengaluru,0.0,0.0
A Badoni,Sunrisers Hyderabad,20.75,125.41666666666666
A Manohar,Chennai Super Kings,12.0,100.0
A Manohar,Delhi Capitals,9.75,63.149350649350644
A Manohar,Kolkata Knight Riders,8.0,112.5
A Manohar,Lucknow Super Giants,6.666666666666667,102.53968253968253
A Manohar,Mumbai Indians,29.0,127.62762762762763
A Manohar,Rajasthan Royals,17.75,102.81593406593407
A Manohar,Royal Challengers Bengaluru,12.0,109.09090909090908
A Manohar,Sunrisers Hyderabad,17.5,83.33333333333334
A Mishra,Chennai Super Kings,7.25,112.08198051948052
A Mishra,Deccan Chargers,1.5,27.777777777777775
A Mishra,Delhi Daredevils,11.0,111.53846153846155
A Mishra,Gujarat Lions,8.0,400.0
A Mishra,Kings XI Punjab,4.5,72.4074074074074
A Mishra,Kochi Tuskers Kerala,0.0,0.0
A Mishra,Kolkata Knight Riders,7.75,104.609375
A Mishra,Mumbai Indians,8.8,106.7531328320802
A Mishra,Pune Warriors,15.0,62.5
A Mishra,Rajasthan Royals,4.285714285714286,46.904761904761905
A Mishra,Rising Pune Supergiant,13.0,144.44444444444443
A Mishra,Royal Challengers Bangalore,9.0,86.36904761904762
A Mishra,Sunrisers Hyderabad,1.0,50.0
A Symonds,Chennai Super Kings,32.75,115.6956415677346
A Symonds,Deccan Chargers,26.0,87.71929824561403
A Symonds,Delhi Daredevils,28.333333333333332,144.08411033411033
A Symonds,Kings XI Punjab,22.0,118.14894378804152
A Symonds,Kolkata Knight Riders,25.0,102.30711480711481
A Symonds,Mumbai Indians,11.0,66.66666666666667
A Symonds,Pune Warriors,9.5,103.33333333333334
A Symonds,Rajasthan Royals,40.2,136.87391555812607
A Symonds,Royal Challengers Bangalore,25.0,123.59523809523807
AB de Villiers,Chennai Super Kings,21.28,111.50096453254348
AB de Villiers,Deccan Chargers,21.857142857142858,102.60966857605513
AB de Villiers,Delhi Capitals,29.833333333333332,131.8269632414369
AB de Villiers,Delhi Daredevils,45.44444444444444,177.3565366702622
AB de Villiers,Gujarat Lions,58.25,147.8702070770281
AB de Villiers,Kings XI Punjab,33.80952380952381,147.22352308175564
AB de Villiers,Kochi Tuskers Kerala,54.0,135.0
AB de Villiers,Kolkata Knight Riders,24.857142857142858,121.49428529223925
AB de Villiers,Mumbai Indians,32.958333333333336,138.1251314104632
AB de Villiers,Pune Warriors,29.8,239.12111801242236
AB de Villiers,Punjab Kings,13.0,80.55555555555554
AB de Villiers,Rajasthan Royals,32.6,152.9145709882939
AB de Villiers,Rising Pune Supergiant,16.0,67.08333333333334
AB de Villiers,Rising Pune Supergiants,42.0,106.8840579710145
AB de Villiers,Royal Challengers Bangalore,28.75,100.10687513386165
AB de Villiers,Sunrisers Hyderabad,31.764705882352942,116.84140031136613
AC Gilchrist,Chennai Super Kings,25.5,125.4728989994167
AC Gilchrist,Deccan Chargers,56.0,135.22326674500587
AC Gilchrist,Delhi Daredevils,26.75,150.52397833647834
AC Gilchrist,Kings XI Punjab,23.5,164.05067155067152
AC Gilchrist,Kochi Tuskers Kerala,9.0,60.0
AC Gilchrist,Kolkata Knight Riders,24.636363636363637,116.8541825924955
AC Gilchrist,Mumbai Indians,26.0,97.9460719235114
AC Gilchrist,Pune Warriors,8.333333333333334,88.70692216280452
AC Gilchrist,Rajasthan Royals,25.5,118.39389695272048
AC Gilchrist,Royal Challengers Bangalore,33.54545454545455,98.37936239850114
AC Gilchrist,Sunrisers Hyderabad,26.0,111.0909090909091
AD Mathews,Chennai Super Kings,27.0,89.62703962703962
AD Mathews,Deccan Chargers,34.5,122.22222222222221
AD Mathews,Delhi Daredevils,26.5,183.495670995671
AD Mathews,Kings XI Punjab,11.4,149.8989898989899
AD Mathews,Kolkata Knight Riders,25.2,115.4973544973545
AD Mathews,Mumbai Indians,10.2,107.61111111111111
AD Mathews,Rajasthan Royals,16.0,119.94901469359674
AD Mathews,Royal Challengers Bangalore,9.142857142857142,79.66977884271117
AD Mathews,Sunrisers Hyderabad,18.5,121.95322793148881
AD Russell,Chennai Super Kings,25.642857142857142,144.85357400535972
AD Russell,Delhi Capitals,32.111111111111114,158.69015429853008
AD Russell,Delhi Daredevils,26.75,182.5
AD Russell,Gujarat Titans,26.0,142.23684210526315
AD Russell,Kings XI Punjab,31.375,198.57142857142856
AD Russell,Kolkata Knight Riders,4.0,50.0
AD Russell,Lucknow Super Giants,15.2,137.0148856990962
AD Russell,Mumbai Indians,16.25,137.16724758085053
AD Russell,Punjab Kings,33.0,180.68150268300192
AD Russell,Rajasthan Royals,19.76923076923077,143.52830502830503
AD Russell,Rising Pune Supergiants,17.0,154.54545454545453
AD Russell,Royal Challengers Bangalore,28.285714285714285,170.04033591107896
AD Russell,Royal Challengers Bengaluru,15.5,141.66666666666666
AD Russell,Sunrisers Hyderabad,18.0,123.43638508034792
AJ Finch,Chennai Super Kings,19.25,111.59406565656565
AJ Finch,Deccan Chargers,0.0,0.0
AJ Finch,Delhi Capitals,8.0,67.85714285714286
AJ Finch,Delhi Daredevils,35.5,119.65891520808572
AJ Finch,Kings XI Punjab,24.3,106.82765343403642
AJ Finch,Kolkata Knight Riders,24.23076923076923,142.02312800138887
AJ Finch,Lucknow Super Giants,14.0,100.0
AJ Finch,Mumbai Indians,26.8,79.46605843380037
AJ Finch,Pune Warriors,25.0,208.3333333333333
AJ Finch,Rajasthan Royals,22.5,104.7223872825288
AJ Finch,Rising Pune Supergiant,23.0,195.17543859649123
AJ Finch,Rising Pune Supergiants,50.0,138.88888888888889
AJ Finch,Royal Challengers Bangalore,21.818181818181817,115.10652913698718
AJ Finch,Sunrisers Hyderabad,19.272727272727273,120.31110556110556
AK Markram,Chennai Super Kings,21.666666666666668,133.2314814814815
AK Markram,Delhi Capitals,20.166666666666668,99.3053613053613
AK Markram,Gujarat Titans,31.5,136.09507640067912
AK Markram,Kolkata Knight Riders,36.75,139.68397303179913
AK Markram,Lucknow Super Giants,13.333333333333334,77.43589743589745
AK Markram,Mumbai Indians,26.142857142857142,125.89221466511039
AK Markram,Punjab Kings,23.333333333333332,122.85454922709825
AK Markram,Rajasthan Royals,31.2,117.13821138211381
AK Markram,Royal Challengers Bangalore,19.666666666666668,103.54497354497356
AK Markram,Royal Challengers Bengaluru,19.5,143.75
AK Markram,Sunrisers Hyderabad,29.666666666666668,91.4132882882883
AL Menaria,Chennai Super Kings,11.5,72.72058823529412
AL Menaria,Deccan Chargers,21.0,113.82352941176471
AL Menaria,Delhi Daredevils,8.333333333333334,82.22222222222221
AL Menaria,Kings XI Punjab,22.666666666666668,85.5650522317189
AL Menaria,Kochi Tuskers Kerala,31.0,110.71428571428572
AL Menaria,Kolkata Knight Riders,22.25,100.52521008403362
AL Menaria,Mumbai Indians,15.0,116.66666666666667
AL Menaria,Pune Warriors,23.5,108.76623376623377
AL Menaria,Royal Challengers Bangalore,8.0,133.33333333333331
AM Nayar,Chennai Super Kings,18.375,104.29238159501317
AM Nayar,Deccan Chargers,16.5,116.96741854636592
AM Nayar,Delhi Daredevils,8.4,72.34432234432235
AM Nayar,Kings XI Punjab,15.666666666666666,105.6455240665767
AM Nayar,Kolkata Knight Riders,4.333333333333333,58.97435897435898
AM Nayar,Mumbai Indians,10.333333333333334,106.61375661375662
AM Nayar,Pune Warriors,18.0,78.15126050420167
AM Nayar,Rajasthan Royals,15.333333333333334,111.91239316239317
AM Nayar,Royal Challengers Bangalore,11.875,91.99853186888791
AM Nayar,Sunrisers Hyderabad,7.666666666666667,89.68253968253968
AM Rahane,Chennai Super Kings,21.38888888888889,108.47647813334089
AM Rahane,Deccan Chargers,16.666666666666668,75.88325652841782
AM Rahane,Delhi Capitals,34.5,119.08730158730158
AM Rahane,Delhi Daredevils,42.3125,117.5854840434288
AM Rahane,Gujarat Lions,19.5,85.32679738562092
AM Rahane,Gujarat Titans,21.4,127.3162393162393
AM Rahane,Kings XI Punjab,26.764705882352942,99.79805364259146
AM Rahane,Kochi Tuskers Kerala,8.0,88.88888888888889
AM Rahane,Kolkata Knight Riders,25.681818181818183,108.28599738637728
AM Rahane,Lucknow Super Giants,32.666666666666664,119.2063492063492
AM Rahane,Mumbai Indians,27.807692307692307,110.76223616426289
AM Rahane,Pune Warriors,34.6,109.42966903073287
AM Rahane,Punjab Kings,16.75,114.62391774891775
AM Rahane,Rajasthan Royals,15.285714285714286,98.3745536001175
AM Rahane,Royal Challengers Bangalore,32.61904761904762,116.47652050223671
AM Rahane,Royal Challengers Bengaluru,38.666666666666664,157.58347481607242
AM Rahane,Sunrisers Hyderabad,24.136363636363637,90.30325579220083
AP Tare,Chennai Super Kings,7.8,80.21052631578947
AP Tare,Delhi Daredevils,13.0,141.66666666666666
AP Tare,Kings XI Punjab,11.25,129.99999999999997
AP Tare,Kolkata Knight Riders,8.5,77.27272727272727
AP Tare,Mumbai Indians,0.0,0.0
AP Tare,Rajasthan Royals,30.75,266.50304150304146
AP Tare,Rising Pune Supergiant,0.0,0.0
AP Tare,Rising Pune Supergiants,8.0,57.14285714285714
AP Tare,Royal Challengers Bangalore,14.666666666666666,98.62745098039215
AP Tare,Sunrisers Hyderabad,7.0,140.0
AR Patel,Chennai Super Kings,11.933333333333334,121.86137234413097
AR Patel,Delhi Daredevils,24.666666666666668,142.72325375773653
AR Patel,Gujarat Lions,10.0,150.0
AR Patel,Gujarat Titans,33.5,147.54162262156447
AR Patel,Kings XI Punjab,3.5,87.5
AR Patel,Kolkata Knight Riders,11.38888888888889,104.3136655189085
AR Patel,Lucknow Super Giants,25.6,166.0909090909091
AR Patel,Mumbai Indians,15.61111111111111,126.99732468914054
AR Patel,Punjab Kings,13.0,98.84615384615385
AR Patel,Rajasthan Royals,11.76923076923077,136.3848971541279
AR Patel,Rising Pune Supergiant,23.0,109.54545454545453
AR Patel,Rising Pune Supergiants,1.0,33.33333333333333
AR Patel,Royal Challengers Bangalore,14.76923076923077,167.81915922187412
AR Patel,Royal Challengers Bengaluru,29.0,132.63403263403262
AR Patel,Sunrisers Hyderabad,14.928571428571429,114.86587408856316
AT Rayudu,Chennai Super Kings,18.823529411764707,108.43477217079435
AT Rayudu,Deccan Chargers,18.0,98.9504652435687
AT Rayudu,Delhi Capitals,20.22222222222222,130.077899376805
AT Rayudu,Delhi Daredevils,27.9375,138.76772527822004
AT Rayudu,Gujarat Lions,20.0,111.11111111111111
AT Rayudu,Gujarat Titans,23.5,169.93055555555554
AT Rayudu,Kings XI Punjab,21.0,126.4129913691317
AT Rayudu,Kochi Tuskers Kerala,53.0,160.6060606060606
AT Rayudu,Kolkata Knight Riders,21.285714285714285,118.25348249717997
AT Rayudu,Lucknow Super Giants,27.0,163.92857142857144
AT Rayudu,Mumbai Indians,24.142857142857142,93.0959628544015
AT Rayudu,Pune Warriors,18.4,77.06107660455487
AT Rayudu,Punjab Kings,23.75,85.47619047619048
AT Rayudu,Rajasthan Royals,18.85,103.26289655558325
AT Rayudu,Rising Pune Supergiant,7.333333333333333,54.44444444444445
AT Rayudu,Rising Pune Supergiants,22.0,98.635477582846
AT Rayudu,Royal Challengers Bangalore,30.333333333333332,127.08235849347248
AT Rayudu,Sunrisers Hyderabad,30.5,108.92985363321331
Abdul Samad,Chennai Super Kings,16.25,137.31962481962483
Abdul Samad,Delhi Capitals,19.333333333333332,138.640873015873
Abdul Samad,Gujarat Titans,11.666666666666666,135.71428571428572
Abdul Samad,Kings XI Punjab,7.5,127.14285714285714
Abdul Samad,Kolkata Knight Riders,16.375,145.83426173499703
Abdul Samad,Lucknow Super Giants,19.333333333333332,119.33333333333333
Abdul Samad,Mumbai Indians,6.714285714285714,110.91269841269842
Abdul Samad,Punjab Kings,21.8,161.66666666666666
Abdul Samad,Rajasthan Royals,15.5,146.3709677419355
Abdul Samad,Royal Challengers Bangalore,0.5,16.666666666666664
Abdul Samad,Royal Challengers Bengaluru,16.0,212.22222222222226
Abdul Samad,Sunrisers Hyderabad,12.5,162.5
Abhishek Sharma,Chennai Super Kings,27.88888888888889,141.2214395910048
Abhishek Sharma,Delhi Capitals,16.75,142.0138888888889
Abhishek Sharma,Gujarat Titans,38.833333333333336,137.33328493999227
Abhishek Sharma,Kings XI Punjab,8.5,183.33333333333334
Abhishek Sharma,Kolkata Knight Riders,15.090909090909092,100.47525230187767
Abhishek Sharma,Lucknow Super Giants,32.0,191.2077922077922
Abhishek Sharma,Mumbai Indians,17.636363636363637,117.07368389186571
Abhishek Sharma,Punjab Kings,59.4,180.13098845598847
Abhishek Sharma,Rajasthan Royals,19.0,131.22356358811467
Abhishek Sharma,Royal Challengers Bangalore,18.857142857142858,136.21911922663804
Abhishek Sharma,Royal Challengers Bengaluru,33.0,201.83566433566432
Abishek Porel,Chennai Super Kings,21.0,172.5
Abishek Porel,Gujarat Titans,20.75,188.49965823650035
Abishek Porel,Kolkata Knight Riders,7.333333333333333,106.66666666666667
Abishek Porel,Lucknow Super Giants,36.333333333333336,105.80808080808082
Abishek Porel,Mumbai Indians,23.4,99.51827956989246
Abishek Porel,Punjab Kings,32.0,320.0
Abishek Porel,Rajasthan Royals,32.5,120.19144144144144
Abishek Porel,Royal Challengers Bangalore,5.0,62.5
Abishek Porel,Royal Challengers Bengaluru,12.333333333333334,140.4040404040404
Abishek Porel,Sunrisers Hyderabad,28.0,153.26599326599327
Anuj Rawat,Chennai Super Kings,30.0,133.5
Anuj Rawat,Delhi Capitals,7.666666666666667,111.6161616161616
Anuj Rawat,Gujarat Titans,23.0,153.33333333333334
Anuj Rawat,Kolkata Knight Riders,1.0,30.0
Anuj Rawat,Lucknow Super Giants,8.0,71.3997113997114
Anuj Rawat,Mumbai Indians,36.0,145.2127659574468
Anuj Rawat,Punjab Kings,16.0,91.78571428571428
Anuj Rawat,Rajasthan Royals,27.5,183.8181818181818
Anuj Rawat,Sunrisers Hyderabad,12.5,89.28571428571429
Azhar Mahmood,Chennai Super Kings,11.666666666666666,130.95238095238096
Azhar Mahmood,Deccan Chargers,22.5,155.27777777777777
Azhar Mahmood,Delhi Daredevils,18.0,97.51301330248698
Azhar Mahmood,Kolkata Knight Riders,1.0,14.285714285714285
Azhar Mahmood,Mumbai Indians,33.0,131.3020313020313
Azhar Mahmood,Pune Warriors,0.0,0.0
Azhar Mahmood,Rajasthan Royals,17.666666666666668,100.23809523809524
Azhar Mahmood,Royal Challengers Bangalore,32.0,144.8315911730546
Azhar Mahmood,Sunrisers Hyderabad,4.0,100.0
B Chipli,Chennai Super Kings,11.666666666666666,99.05723905723904
B Chipli,Deccan Chargers,10.0,142.85714285714286
B Chipli,Delhi Daredevils,8.25,95.93137254901961
B Chipli,Kings XI Punjab,14.0,116.66666666666669
B Chipli,Kochi Tuskers Kerala,4.0,40.0
B Chipli,Kolkata Knight Riders,30.0,145.71428571428572
B Chipli,Mumbai Indians,4.5,53.97727272727273
B Chipli,Pune Warriors,13.0,115.89635854341736
B Chipli,Rajasthan Royals,6.0,66.66666666666666
B Chipli,Royal Challengers Bangalore,61.0,174.28571428571428
B Kumar,Chennai Super Kings,6.5,74.4949494949495
B Kumar,Deccan Chargers,4.0,137.5
B Kumar,Delhi Capitals,3.25,102.08333333333334
B Kumar,Delhi Daredevils,7.0,117.85714285714285
B Kumar,Gujarat Titans,14.0,76.92307692307692
B Kumar,Kings XI Punjab,4.5,49.99999999999999
B Kumar,Kolkata Knight Riders,3.9285714285714284,87.58503401360544
B Kumar,Lucknow Super Giants,1.5,125.0
B Kumar,Mumbai Indians,3.5,77.78787878787878
B Kumar,Punjab Kings,3.8,72.3076923076923
B Kumar,Rajasthan Royals,4.5,64.16666666666667
B Kumar,Rising Pune Supergiant,0.0,0.0
B Kumar,Rising Pune Supergiants,11.0,156.25
B Kumar,Royal Challengers Bangalore,3.2222222222222223,71.72839506172839
B Kumar,Royal Challengers Bengaluru,13.0,100.0
B Kumar,Sunrisers Hyderabad,2.0,83.33333333333333
B Sai Sudharsan,Chennai Super Kings,59.8,161.8999027201821
B Sai Sudharsan,Delhi Capitals,56.6,158.86221701795472
B Sai Sudharsan,Kolkata Knight Riders,52.5,141.95906432748535
B Sai Sudharsan,Lucknow Super Giants,36.0,145.86711711711712
B Sai Sudharsan,Mumbai Indians,41.666666666666664,133.04847713075205
B Sai Sudharsan,Punjab Kings,42.833333333333336,131.61136898062605
B Sai Sudharsan,Rajasthan Royals,44.0,127.66744854980652
B Sai Sudharsan,Royal Challengers Bangalore,20.0,142.85714285714286
B Sai Sudharsan,Royal Challengers Bengaluru,46.333333333333336,117.98941798941799
B Sai Sudharsan,Sunrisers Hyderabad,31.2,129.9417448138676
BA Stokes,Chennai Super Kings,29.8,147.2214272214272
BA Stokes,Delhi Capitals,24.5,108.57142857142858
BA Stokes,Delhi Daredevils,13.0,88.83333333333333
BA Stokes,Gujarat Lions,64.0,151.1904761904762
BA Stokes,Gujarat Titans,7.0,116.66666666666669
BA Stokes,Kings XI Punjab,26.4,184.37820512820514
BA Stokes,Kolkata Knight Riders,12.5,106.19852369852369
BA Stokes,Lucknow Super Giants,8.0,100.0
BA Stokes,Mumbai Indians,37.0,123.62962962962963
BA Stokes,Punjab Kings,0.0,0.0
BA Stokes,Royal Challengers Bangalore,11.25,81.04636591478697
BA Stokes,Sunrisers Hyderabad,15.0,97.78174603174602
BB McCullum,Chennai Super Kings,26.11111111111111,114.12253717829653
BB McCullum,Deccan Chargers,7.2,71.11111111111111
BB McCullum,Delhi Daredevils,20.333333333333332,114.1816191471364
BB McCullum,Kings XI Punjab,21.307692307692307,85.31980770023038
BB McCullum,Kolkata Knight Riders,28.583333333333332,145.6965091104668
BB McCullum,Mumbai Indians,29.6875,122.37980667613861
BB McCullum,Pune Warriors,27.666666666666668,64.34108527131782
BB McCullum,Rajasthan Royals,15.9,135.4929742388759
BB McCullum,Rising Pune Supergiant,47.0,159.89583333333334
BB McCullum,Rising Pune Supergiants,46.0,176.75953079178885
BB McCullum,Royal Challengers Bangalore,37.93333333333333,114.3779358502624
BB McCullum,Sunrisers Hyderabad,30.571428571428573,121.85152175509734
BJ Hodge,Chennai Super Kings,23.25,93.29545454545455
BJ Hodge,Deccan Chargers,28.0,118.53881715287739
BJ Hodge,Delhi Daredevils,12.714285714285714,86.32605322830887
BJ Hodge,Kings XI Punjab,23.5,111.88473187019699
BJ Hodge,Kolkata Knight Riders,27.8,131.5670498084291
BJ Hodge,Mumbai Indians,32.75,140.49879469635826
BJ Hodge,Pune Warriors,19.75,101.03070175438596
BJ Hodge,Rajasthan Royals,14.833333333333334,89.48412698412699
BJ Hodge,Royal Challengers Bangalore,18.333333333333332,101.64888851163361
BJ Hodge,Sunrisers Hyderabad,21.0,104.33087027914614
C Green,Chennai Super Kings,18.5,141.1096256684492
C Green,Delhi Capitals,24.5,172.91666666666666
C Green,Gujarat Titans,16.75,108.70445344129554
C Green,Kolkata Knight Riders,13.333333333333334,135.7142857142857
C Green,Lucknow Super Giants,18.0,114.975845410628
C Green,Punjab Kings,34.75,128.49052540913004
C Green,Rajasthan Royals,25.333333333333332,127.04517704517706
C Green,Royal Challengers Bangalore,3.5,112.5
C Green,Sunrisers Hyderabad,67.0,189.07407407407405
C de Grandhomme,Chennai Super Kings,7.666666666666667,107.93650793650794
C de Grandhomme,Delhi Daredevils,2.0,62.5
C de Grandhomme,Kings XI Punjab,11.0,157.14285714285714
C de Grandhomme,Kolkata Knight Riders,11.0,183.3333333333333
C de Grandhomme,Mumbai Indians,13.5,116.34424603174604
C de Grandhomme,Rajasthan Royals,2.0,66.66666666666666
C de Grandhomme,Rising Pune Supergiant,36.0,189.4736842105263
C de Grandhomme,Royal Challengers Bangalore,15.5,55.35714285714286
C de Grandhomme,Sunrisers Hyderabad,21.833333333333332,109.95203684922245
CA Lynn,Chennai Super Kings,29.0,124.57107843137254
CA Lynn,Delhi Capitals,20.0,111.11111111111111
CA Lynn,Delhi Daredevils,18.0,95.11494252873564
CA Lynn,Gujarat Lions,93.0,226.8292682926829
CA Lynn,Kings XI Punjab,42.333333333333336,147.02715452356773
CA Lynn,Mumbai Indians,25.625,135.5716912397947
CA Lynn,Rajasthan Royals,19.833333333333332,68.64628427128427
CA Lynn,Royal Challengers Bangalore,33.75,126.56226501992631
CA Lynn,Sunrisers Hyderabad,36.0,149.83505590244417
CA Pujara,Chennai Super Kings,5.0,60.0
CA Pujara,Deccan Chargers,17.333333333333332,119.97863247863249
CA Pujara,Delhi Daredevils,11.666666666666666,83.33333333333333
CA Pujara,Kings XI Punjab,35.0,100.625
CA Pujara,Kolkata Knight Riders,6.333333333333333,72.22222222222221
CA Pujara,Mumbai Indians,19.0,105.55555555555556
CA Pujara,Rajasthan Royals,38.0,113.22807017543857
CA Pujara,Royal Challengers Bangalore,10.333333333333334,96.29629629629629
CA Pujara,Sunrisers Hyderabad,35.0,109.375
CH Gayle,Chennai Super Kings,26.333333333333332,105.09357418953502
CH Gayle,Deccan Chargers,16.75,132.16450216450215
CH Gayle,Delhi Capitals,30.5,169.05751905751907
CH Gayle,Delhi Daredevils,29.46153846153846,109.1813955011239
CH Gayle,Gujarat Lions,25.0,99.12817445712183
CH Gayle,Kings XI Punjab,49.8125,149.47908118667047
CH Gayle,Kochi Tuskers Kerala,44.0,293.3333333333333
CH Gayle,Kolkata Knight Riders,36.8421052631579,128.0406882313821
CH Gayle,Mumbai Indians,35.75,118.81775677127203
CH Gayle,Pune Warriors,76.6,183.28846153846152
CH Gayle,Rajasthan Royals,32.470588235294116,123.69321131244511
CH Gayle,Royal Challengers Bangalore,44.714285714285715,165.3540211129497
CH Gayle,Sunrisers Hyderabad,26.625,133.035519879802
CH Morris,Chennai Super Kings,4.5,54.44444444444444
CH Morris,Delhi Capitals,18.0,100.0
CH Morris,Delhi Daredevils,13.0,216.66666666666663
CH Morris,Gujarat Lions,82.0,256.25
CH Morris,Kings XI Punjab,13.285714285714286,133.98809523809524
CH Morris,Kolkata Knight Riders,6.285714285714286,79.52380952380952
CH Morris,Mumbai Indians,14.666666666666666,99.84191508581752
CH Morris,Pune Warriors,5.0,100.0
CH Morris,Punjab Kings,3.5,75.0
CH Morris,Rajasthan Royals,9.0,171.42857142857142
CH Morris,Rising Pune Supergiant,38.0,422.22222222222223
CH Morris,Rising Pune Supergiants,38.0,190.0
CH Morris,Royal Challengers Bangalore,8.125,96.89123376623377
CH Morris,Sunrisers Hyderabad,12.166666666666666,126.95165945165945
CJ Anderson,Chennai Super Kings,16.6,141.58986175115209
CJ Anderson,Delhi Daredevils,14.0,104.12087912087911
CJ Anderson,Gujarat Lions,12.0,125.0
CJ Anderson,Kings XI Punjab,24.25,110.79220779220779
CJ Anderson,Kolkata Knight Riders,19.25,87.28658536585365
CJ Anderson,Mumbai Indians,3.3333333333333335,41.666666666666664
CJ Anderson,Rajasthan Royals,72.5,175.52211302211302
CJ Anderson,Rising Pune Supergiant,2.5,55.0
CJ Anderson,Royal Challengers Bangalore,9.0,92.69005847953217
CJ Anderson,Sunrisers Hyderabad,21.0,91.66666666666666
CL White,Chennai Super Kings,27.2,117.89207385905499
CL White,Deccan Chargers,16.0,233.81642512077292
CL White,Delhi Daredevils,21.0,84.57272727272728
CL White,Kings XI Punjab,16.5,101.95458074534162
CL White,Kochi Tuskers Kerala,31.0,91.17647058823528
CL White,Kolkata Knight Riders,15.833333333333334,105.13142174432498
CL White,Mumbai Indians,20.0,94.8895955303278
CL White,Pune Warriors,40.5,97.39130434782608
CL White,Rajasthan Royals,10.5,49.55357142857143
CL White,Royal Challengers Bangalore,30.0,129.39600840336135
D Padikkal,Chennai Super Kings,28.4,133.40795805501688
D Padikkal,Delhi Capitals,19.666666666666668,76.31468576590527
D Padikkal,Gujarat Titans,11.285714285714286,85.33333333333333
D Padikkal,Kings XI Punjab,9.5,100.0
D Padikkal,Kolkata Knight Riders,20.125,109.84773136307663
D Padikkal,Lucknow Super Giants,31.333333333333332,146.8253968253968
D Padikkal,Mumbai Indians,23.625,90.59613997113996
D Padikkal,Punjab Kings,31.428571428571427,127.69425280233551
D Padikkal,Rajasthan Royals,44.42857142857143,127.74258421317245
D Padikkal,Royal Challengers Bangalore,21.8,111.10547667342799
D Padikkal,Royal Challengers Bengaluru,6.0,54.54545454545454
D Padikkal,Sunrisers Hyderabad,22.428571428571427,79.6201212580523
DA Miller,Chennai Super Kings,27.0,120.19767012267012
DA Miller,Deccan Chargers,28.0,155.55555555555557
DA Miller,Delhi Capitals,24.363636363636363,121.85452860250635
DA Miller,Delhi Daredevils,22.666666666666668,106.94412094360057
DA Miller,Gujarat Lions,23.0,132.4074074074074
DA Miller,Gujarat Titans,7.0,63.63636363636363
DA Miller,Kolkata Knight Riders,18.0,122.24036180677804
DA Miller,Lucknow Super Giants,20.75,119.04761904761904
DA Miller,Mumbai Indians,23.72222222222222,142.12590020774164
DA Miller,Pune Warriors,80.0,195.1219512195122
DA Miller,Punjab Kings,11.333333333333334,105.4563492063492
DA Miller,Rajasthan Royals,35.36363636363637,158.01623439028901
DA Miller,Rising Pune Supergiant,30.0,111.11111111111111
DA Miller,Rising Pune Supergiants,7.0,128.33333333333334
DA Miller,Royal Challengers Bangalore,23.571428571428573,120.87942336587658
DA Miller,Royal Challengers Bengaluru,28.0,143.42105263157896
DA Miller,Sunrisers Hyderabad,17.875,121.2909087744614
DA Warner,Chennai Super Kings,33.142857142857146,103.54584299387737
DA Warner,Deccan Chargers,37.666666666666664,112.71738612540499
DA Warner,Delhi Capitals,26.0,90.56305952426104
DA Warner,Delhi Daredevils,33.5,126.09623015873015
DA Warner,Gujarat Lions,67.2,151.45383228446107
DA Warner,Gujarat Titans,19.5,107.8125
DA Warner,Kings XI Punjab,47.68421052631579,134.02563343194538
DA Warner,Kochi Tuskers Kerala,8.0,67.85714285714286
DA Warner,Kolkata Knight Riders,39.035714285714285,131.2037166383807
DA Warner,Lucknow Super Giants,17.75,78.47222222222223
DA Warner,Mumbai Indians,33.04545454545455,125.03014458158908
DA Warner,Pune Warriors,29.5,149.57142857142856
DA Warner,Punjab Kings,32.57142857142857,121.87842879087118
DA Warner,Rajasthan Royals,36.4375,122.6668904442333
DA Warner,Rising Pune Supergiant,41.5,113.95173453996983
DA Warner,Rising Pune Supergiants,5.5,39.285714285714285
DA Warner,Royal Challengers Bangalore,39.13636363636363,154.70436533907335
DA Warner,Royal Challengers Bengaluru,1.0,50.0
DA Warner,Sunrisers Hyderabad,20.333333333333332,58.38122605363984
DB Das,Chennai Super Kings,19.0,169.01041666666666
DB Das,Deccan Chargers,9.0,112.5
DB Das,Delhi Daredevils,12.333333333333334,100.85470085470085
DB Das,Kings XI Punjab,10.25,62.001811594202906
DB Das,Mumbai Indians,12.8,166.53501400560225
DB Das,Pune Warriors,11.5,110.7843137254902
DB Das,Rajasthan Royals,18.0,108.44322344322343
DB Ravi Teja,Chennai Super Kings,20.0,71.42857142857143
DB Ravi Teja,Delhi Daredevils,12.666666666666666,93.87799564270152
DB Ravi Teja,Kings XI Punjab,26.666666666666668,126.55826558265584
DB Ravi Teja,Kochi Tuskers Kerala,8.0,160.0
DB Ravi Teja,Kolkata Knight Riders,16.0,125.65934065934067
DB Ravi Teja,Mumbai Indians,11.0,113.46153846153848
DB Ravi Teja,Pune Warriors,17.0,105.55555555555556
DB Ravi Teja,Rajasthan Royals,13.666666666666666,149.44444444444443
DB Ravi Teja,Royal Challengers Bangalore,7.5,130.0
DJ Bravo,Chennai Super Kings,9.4,112.26190476190477
DJ Bravo,Deccan Chargers,22.25,163.38848039215685
DJ Bravo,Delhi Capitals,1.6666666666666667,77.77777777777777
DJ Bravo,Delhi Daredevils,12.090909090909092,121.96885428253614
DJ Bravo,Kings XI Punjab,18.727272727272727,120.57865283607065
DJ Bravo,Kolkata Knight Riders,16.444444444444443,123.43932302265635
DJ Bravo,Lucknow Super Giants,1.0,100.0
DJ Bravo,Mumbai Indians,17.61111111111111,128.635591441964
DJ Bravo,Pune Warriors,6.0,141.66666666666666
DJ Bravo,Punjab Kings,2.0,100.0
DJ Bravo,Rajasthan Royals,17.916666666666668,140.35248316498317
DJ Bravo,Rising Pune Supergiants,14.5,168.33333333333337
DJ Bravo,Royal Challengers Bangalore,9.764705882352942,162.63607403745812
DJ Bravo,Sunrisers Hyderabad,11.625,93.63162878787878
DJ Hooda,Chennai Super Kings,15.7,122.10876623376623
DJ Hooda,Delhi Capitals,13.181818181818182,93.94541881172896
DJ Hooda,Delhi Daredevils,18.5,166.5
DJ Hooda,Gujarat Lions,11.0,97.22222222222223
DJ Hooda,Gujarat Titans,23.75,109.49812382739212
DJ Hooda,Kings XI Punjab,17.0,194.24036281179139
DJ Hooda,Kolkata Knight Riders,10.333333333333334,96.32268965602299
DJ Hooda,Mumbai Indians,14.733333333333333,126.11583470995237
DJ Hooda,Punjab Kings,12.25,117.85714285714283
DJ Hooda,Rajasthan Royals,25.22222222222222,111.53067528515557
DJ Hooda,Rising Pune Supergiant,19.0,190.0
DJ Hooda,Rising Pune Supergiants,7.5,145.55555555555554
DJ Hooda,Royal Challengers Bangalore,9.416666666666666,88.06064306064305
DJ Hooda,Royal Challengers Bengaluru,4.0,44.44444444444444
DJ Hooda,Sunrisers Hyderabad,16.142857142857142,96.85786435786437
DJ Hussey,Chennai Super Kings,10.25,84.54861111111111
DJ Hussey,Deccan Chargers,41.666666666666664,163.92587386773434
DJ Hussey,Delhi Daredevils,20.857142857142858,103.59268707482993
DJ Hussey,Kings XI Punjab,19.6,115.3544137022398
DJ Hussey,Kochi Tuskers Kerala,21.0,140.0
DJ Hussey,Kolkata Knight Riders,18.0,86.93087557603687
DJ Hussey,Mumbai Indians,22.555555555555557,98.19720117663252
DJ Hussey,Pune Warriors,10.0,88.62745098039215
DJ Hussey,Rajasthan Royals,17.857142857142858,101.6412619638426
DJ Hussey,Royal Challengers Bangalore,25.625,116.34382680275175
DJ Hussey,Sunrisers Hyderabad,36.0,121.59090909090908
DJG Sammy,Chennai Super Kings,12.25,136.25
DJG Sammy,Delhi Daredevils,18.0,90.0
DJG Sammy,Kings XI Punjab,7.5,68.18181818181819
DJG Sammy,Kolkata Knight Riders,15.0,103.95650584795322
DJG Sammy,Mumbai Indians,5.5,175.0
DJG Sammy,Rajasthan Royals,29.5,115.00869690856854
DJG Sammy,Royal Challengers Bangalore,9.0,175.0
DJG Sammy,Sunrisers Hyderabad,6.0,66.66666666666666
DP Conway,Delhi Capitals,49.25,129.47986887062518
DP Conway,Gujarat Titans,29.0,106.67703081232494
DP Conway,Kolkata Knight Riders,20.2,78.74675324675324
DP Conway,Lucknow Super Giants,47.0,167.85714285714286
DP Conway,Mumbai Indians,14.666666666666666,34.92063492063492
DP Conway,Punjab Kings,80.5,158.8697017268446
DP Conway,Rajasthan Royals,21.0,105.21616541353384
DP Conway,Royal Challengers Bangalore,69.5,167.8978978978979
DP Conway,Sunrisers Hyderabad,81.0,144.81658692185007
DPMD Jayawardene,Chennai Super Kings,19.5,130.03796992481202
DPMD Jayawardene,Deccan Chargers,31.285714285714285,137.82559400571822
DPMD Jayawardene,Delhi Daredevils,17.142857142857142,94.53781512605042
DPMD Jayawardene,Kings XI Punjab,36.6,107.11230233181452
DPMD Jayawardene,Kolkata Knight Riders,37.583333333333336,125.68720146927303
DPMD Jayawardene,Mumbai Indians,26.1,114.12569213732004
DPMD Jayawardene,Pune Warriors,10.6,94.70372764490412
DPMD Jayawardene,Rajasthan Royals,14.818181818181818,99.37297673001486
DPMD Jayawardene,Royal Challengers Bangalore,15.555555555555555,105.28429754236205
DPMD Jayawardene,Sunrisers Hyderabad,11.5,88.69047619047618
DR Smith,Chennai Super Kings,25.88888888888889,173.23833573833573
DR Smith,Delhi Daredevils,26.583333333333332,120.30929038281978
DR Smith,Kings XI Punjab,27.666666666666668,124.66457153957153
DR Smith,Kolkata Knight Riders,18.7,86.18238492170966
DR Smith,Mumbai Indians,31.272727272727273,111.9416508400916
DR Smith,Pune Warriors,0.0,0.0
DR Smith,Rajasthan Royals,35.5,120.15609900535037
DR Smith,Rising Pune Supergiant,23.5,78.33333333333333
DR Smith,Rising Pune Supergiants,63.0,170.27027027027026
DR Smith,Royal Challengers Bangalore,21.153846153846153,107.03234061518334
DR Smith,Sunrisers Hyderabad,31.3,109.59448738346302
DS Kulkarni,Chennai Super Kings,19.0,173.68421052631578
DS Kulkarni,Deccan Chargers,7.0,77.77777777777779
DS Kulkarni,Delhi Daredevils,1.0,25.0
DS Kulkarni,Kings XI Punjab,3.75,94.79166666666667
DS Kulkarni,Kolkata Knight Riders,3.0,100.0
DS Kulkarni,Mumbai Indians,6.0,200.0
DS Kulkarni,Rajasthan Royals,1.0,25.0
DS Kulkarni,Royal Challengers Bangalore,4.0,100.0
DS Kulkarni,Sunrisers Hyderabad,3.4,108.33333333333334
DT Christian,Chennai Super Kings,6.6,82.5
DT Christian,Delhi Daredevils,14.25,97.94372294372295
DT Christian,Gujarat Lions,17.0,212.5
DT Christian,Kings XI Punjab,18.0,169.22960372960375
DT Christian,Kochi Tuskers Kerala,9.0,81.81818181818183
DT Christian,Kolkata Knight Riders,12.0,142.17582417582418
DT Christian,Mumbai Indians,11.222222222222221,90.5536090318699
DT Christian,Pune Warriors,12.0,103.7878787878788
DT Christian,Punjab Kings,0.0,0.0
DT Christian,Rajasthan Royals,27.5,144.73684210526318
DT Christian,Royal Challengers Bangalore,0.5,16.666666666666664
DT Christian,Sunrisers Hyderabad,3.25,88.19444444444444
DW Steyn,Chennai Super Kings,5.0,55.04807692307692
DW Steyn,Deccan Chargers,0.0,0.0
DW Steyn,Delhi Daredevils,6.333333333333333,111.85185185185185
DW Steyn,Kings XI Punjab,3.2,48.33333333333333
DW Steyn,Kolkata Knight Riders,5.5,122.91666666666666
DW Steyn,Mumbai Indians,4.714285714285714,68.16738816738817
DW Steyn,Pune Warriors,7.5,291.66666666666663
DW Steyn,Rajasthan Royals,7.6,130.83333333333334
DW Steyn,Royal Challengers Bangalore,3.0,100.0
DW Steyn,Sunrisers Hyderabad,1.0,50.0
Dhruv Jurel,Chennai Super Kings,20.0,150.015873015873
Dhruv Jurel,Delhi Capitals,18.0,195.4248366013072
Dhruv Jurel,Gujarat Titans,10.666666666666666,139.16666666666666
Dhruv Jurel,Kolkata Knight Riders,11.666666666666666,55.952380952380956
Dhruv Jurel,Lucknow Super Giants,19.5,109.90196078431373
Dhruv Jurel,Mumbai Indians,6.5,83.33333333333333
Dhruv Jurel,Punjab Kings,19.0,158.14108830237862
Dhruv Jurel,Royal Challengers Bangalore,17.5,113.39285714285714
Dhruv Jurel,Royal Challengers Bengaluru,23.0,114.26896845694799
Dhruv Jurel,Sunrisers Hyderabad,42.333333333333336,131.11111111111111
E Lewis,Chennai Super Kings,32.2,136.01988540613416
E Lewis,Delhi Capitals,5.0,38.46153846153847
E Lewis,Delhi Daredevils,48.0,163.1336405529954
E Lewis,Gujarat Titans,10.0,111.11111111111111
E Lewis,Kings XI Punjab,9.5,102.74725274725276
E Lewis,Kolkata Knight Riders,25.333333333333332,128.59432234432234
E Lewis,Mumbai Indians,24.0,126.3157894736842
E Lewis,Punjab Kings,36.0,171.42857142857142
E Lewis,Rajasthan Royals,30.0,71.42857142857143
E Lewis,Royal Challengers Bangalore,41.666666666666664,114.95066495066494
E Lewis,Sunrisers Hyderabad,8.4,82.56209150326796
EJG Morgan,Chennai Super Kings,10.818181818181818,82.09278936551664
EJG Morgan,Deccan Chargers,14.0,93.33333333333331
EJG Morgan,Delhi Capitals,12.2,89.54248366013071
EJG Morgan,Delhi Daredevils,12.5,90.4017094017094
EJG Morgan,Kings XI Punjab,31.857142857142858,157.72775823936334
EJG Morgan,Kochi Tuskers Kerala,38.0,106.37254901960785
EJG Morgan,Kolkata Knight Riders,22.0,102.305446491493
EJG Morgan,Mumbai Indians,14.666666666666666,94.28908958219303
EJG Morgan,Pune Warriors,15.0,100.0
EJG Morgan,Punjab Kings,24.5,108.75
EJG Morgan,Rajasthan Royals,42.666666666666664,151.58402428997394
EJG Morgan,Rising Pune Supergiant,4.0,100.0
EJG Morgan,Rising Pune Supergiants,0.0,0.0
EJG Morgan,Royal Challengers Bangalore,12.777777777777779,90.1980631221893
EJG Morgan,Sunrisers Hyderabad,22.0,121.94798609098812
F du Plessis,Chennai Super Kings,39.4,148.02608019999326
F du Plessis,Deccan Chargers,40.5,138.0
F du Plessis,Delhi Capitals,25.636363636363637,98.28682145840823
F du Plessis,Delhi Daredevils,23.5,123.83457912150368
F du Plessis,Gujarat Lions,69.0,160.46511627906978
F du Plessis,Gujarat Titans,27.5,131.90312738367658
F du Plessis,Kings XI Punjab,50.2,132.88729008241816
F du Plessis,Kolkata Knight Riders,28.894736842105264,135.76108211259248
F du Plessis,Lucknow Super Giants,44.5,123.16734794995665
F du Plessis,Mumbai Indians,27.047619047619047,109.13980876678745
F du Plessis,Pune Warriors,50.5,126.85364281108961
F du Plessis,Punjab Kings,41.125,125.51848370927318
F du Plessis,Rajasthan Royals,32.35294117647059,120.7168582304259
F du Plessis,Royal Challengers Bangalore,29.454545454545453,117.47334375221175
F du Plessis,Royal Challengers Bengaluru,12.0,58.285714285714285
F du Plessis,Sunrisers Hyderabad,31.2,118.06749881646722
G Gambhir,Chennai Super Kings,26.8125,100.00409511831144
G Gambhir,Deccan Chargers,25.0,106.91177649510982
G Gambhir,Delhi Daredevils,31.76923076923077,115.44328545275752
G Gambhir,Gujarat Lions,30.5,114.88095238095238
G Gambhir,Kings XI Punjab,31.73913043478261,112.26949081778946
G Gambhir,Kochi Tuskers Kerala,1.5,30.0
G Gambhir,Kolkata Knight Riders,25.833333333333332,111.46220436147841
G Gambhir,Mumbai Indians,22.238095238095237,98.84730077791922
G Gambhir,Pune Warriors,36.4,108.10095843343927
G Gambhir,Rajasthan Royals,26.4375,103.35975655963351
G Gambhir,Rising Pune Supergiant,43.0,130.5491990846682
G Gambhir,Rising Pune Supergiants,5.5,110.00000000000001
G Gambhir,Royal Challengers Bangalore,32.35,114.5619869975994
G Gambhir,Sunrisers Hyderabad,27.0,109.60180293195337
GC Smith,Chennai Super Kings,39.5,97.22147950089126
GC Smith,Deccan Chargers,28.0,71.03359173126614
GC Smith,Delhi Daredevils,20.5,82.88515406162465
GC Smith,Kings XI Punjab,26.333333333333332,72.2222222222222
GC Smith,Kochi Tuskers Kerala,24.0,100.0
GC Smith,Kolkata Knight Riders,13.666666666666666,66.66666666666667
GC Smith,Mumbai Indians,14.0,80.93434343434345
GC Smith,Royal Challengers Bangalore,36.5,95.50189393939394
GH Vihari,Chennai Super Kings,4.333333333333333,88.05555555555554
GH Vihari,Delhi Daredevils,14.0,98.06763285024155
GH Vihari,Kings XI Punjab,15.5,85.46932234432235
GH Vihari,Kolkata Knight Riders,3.75,53.205128205128204
GH Vihari,Mumbai Indians,27.333333333333332,134.0749840749841
GH Vihari,Pune Warriors,6.0,52.08333333333333
GH Vihari,Rajasthan Royals,8.0,41.6005291005291
GH Vihari,Royal Challengers Bangalore,24.0,114.4927536231884
GJ Bailey,Chennai Super Kings,14.2,146.49084249084248
GJ Bailey,Delhi Daredevils,10.4,103.60007639419402
GJ Bailey,Kings XI Punjab,12.0,103.4090909090909
GJ Bailey,Kolkata Knight Riders,24.714285714285715,107.4331550802139
GJ Bailey,Mumbai Indians,34.0,136.10863095238096
GJ Bailey,Rajasthan Royals,25.0,143.13725490196077
GJ Bailey,Royal Challengers Bangalore,8.333333333333334,63.67724867724868
GJ Bailey,Sunrisers Hyderabad,21.4,117.2511961722488
GJ Maxwell,Chennai Super Kings,25.4,150.14874748534478
GJ Maxwell,Delhi Capitals,26.857142857142858,110.15315216995889
GJ Maxwell,Delhi Daredevils,7.5,95.45454545454545
GJ Maxwell,Gujarat Lions,13.25,101.01010101010101
GJ Maxwell,Gujarat Titans,17.6,151.77777777777777
GJ Maxwell,Kings XI Punjab,6.0,60.0
GJ Maxwell,Kolkata Knight Riders,22.454545454545453,118.18684992650655
GJ Maxwell,Lucknow Super Giants,19.0,116.50783699059562
GJ Maxwell,Mumbai Indians,24.27777777777778,157.0373435569514
GJ Maxwell,Pune Warriors,13.0,185.7142857142857
GJ Maxwell,Punjab Kings,19.0,78.36363636363636
GJ Maxwell,Rajasthan Royals,24.875,117.11645788851672
GJ Maxwell,Rising Pune Supergiant,22.0,110.00000000000001
GJ Maxwell,Rising Pune Supergiants,32.0,228.57142857142856
GJ Maxwell,Royal Challengers Bangalore,11.444444444444445,102.47474747474747
GJ Maxwell,Sunrisers Hyderabad,21.375,115.21388490221337
Gurkeerat Singh,Chennai Super Kings,12.0,81.5934065934066
Gurkeerat Singh,Deccan Chargers,29.0,241.66666666666663
Gurkeerat Singh,Delhi Capitals,27.0,142.10526315789474
Gurkeerat Singh,Delhi Daredevils,17.0,198.1818181818182
Gurkeerat Singh,Gujarat Lions,0.0,0.0
Gurkeerat Singh,Kolkata Knight Riders,12.5,89.0964590964591
Gurkeerat Singh,Mumbai Indians,5.5,81.81818181818181
Gurkeerat Singh,Rajasthan Royals,14.5,118.56617647058823
Gurkeerat Singh,Rising Pune Supergiants,51.0,170.0
Gurkeerat Singh,Royal Challengers Bangalore,13.333333333333334,88.88888888888887
Gurkeerat Singh,Sunrisers Hyderabad,25.4,106.91666666666667
H Klaasen,Chennai Super Kings,12.2,95.97943722943724
H Klaasen,Delhi Capitals,26.8,168.5478685401286
H Klaasen,Gujarat Titans,34.5,149.98824275140063
H Klaasen,Kolkata Knight Riders,39.875,181.43554245654704
H Klaasen,Lucknow Super Giants,40.0,160.95576161499082
H Klaasen,Mumbai Indians,34.857142857142854,137.27581941867658
H Klaasen,Punjab Kings,24.0,137.17948717948718
H Klaasen,Rajasthan Royals,31.6,185.52705292643373
H Klaasen,Royal Challengers Bangalore,68.0,178.15126050420167
H Klaasen,Royal Challengers Bengaluru,32.666666666666664,250.2481389578164
HH Gibbs,Chennai Super Kings,25.0,83.28088578088578
HH Gibbs,Delhi Daredevils,13.25,54.80769230769231
HH Gibbs,Kings XI Punjab,18.833333333333332,90.43221153195577
HH Gibbs,Kolkata Knight Riders,32.0,97.26367212398357
HH Gibbs,Mumbai Indians,25.5,103.47537878787878
HH Gibbs,Rajasthan Royals,17.333333333333332,117.85714285714285
HH Gibbs,Royal Challengers Bangalore,27.428571428571427,114.09471928306206
HH Pandya,Chennai Super Kings,13.125,136.50275072150072
HH Pandya,Delhi Capitals,19.571428571428573,102.87641204757107
HH Pandya,Delhi Daredevils,12.714285714285714,100.6034231874568
HH Pandya,Gujarat Lions,4.75,100.20833333333333
HH Pandya,Gujarat Titans,11.25,154.37091503267976
HH Pandya,Kings XI Punjab,18.88888888888889,202.1923690344743
HH Pandya,Kolkata Knight Riders,28.214285714285715,140.74686049279333
HH Pandya,Lucknow Super Giants,23.0,108.83058608058609
HH Pandya,Mumbai Indians,17.25,157.7380952380952
HH Pandya,Punjab Kings,16.0,107.44430814283756
HH Pandya,Rajasthan Royals,33.733333333333334,175.43890503405018
HH Pandya,Rising Pune Supergiant,18.0,150.65656565656565
HH Pandya,Rising Pune Supergiants,9.0,81.81818181818183
HH Pandya,Royal Challengers Bangalore,19.933333333333334,162.81701651382502
HH Pandya,Royal Challengers Bengaluru,31.5,315.0
HH Pandya,Sunrisers Hyderabad,15.066666666666666,114.78592314118629
HV Patel,Chennai Super Kings,7.571428571428571,68.18681318681318
HV Patel,Deccan Chargers,5.0,100.0
HV Patel,Delhi Capitals,5.5,102.77777777777777
HV Patel,Delhi Daredevils,0.0,0.0
HV Patel,Gujarat Titans,0.0,0.0
HV Patel,Kings XI Punjab,3.0,100.0
HV Patel,Kolkata Knight Riders,7.428571428571429,116.58730158730158
HV Patel,Lucknow Super Giants,6.0,54.54545454545454
HV Patel,Mumbai Indians,3.4,122.77777777777779
HV Patel,Punjab Kings,14.333333333333334,165.2014652014652
HV Patel,Rajasthan Royals,8.0,150.87878787878788
HV Patel,Royal Challengers Bengaluru,0.0,0.0
HV Patel,Sunrisers Hyderabad,7.75,85.29411764705883
Harbhajan Singh,Chennai Super Kings,10.6875,130.7224025974026
Harbhajan Singh,Deccan Chargers,21.5,174.47916666666669
Harbhajan Singh,Delhi Daredevils,9.0,117.7056277056277
Harbhajan Singh,Gujarat Lions,3.6666666666666665,40.51282051282052
Harbhajan Singh,Kings XI Punjab,11.333333333333334,106.2141994478951
Harbhajan Singh,Kolkata Knight Riders,9.25,141.77032019704433
Harbhajan Singh,Mumbai Indians,3.6666666666666665,97.77777777777777
Harbhajan Singh,Pune Warriors,7.25,135.0
Harbhajan Singh,Rajasthan Royals,8.25,153.4970238095238
Harbhajan Singh,Rising Pune Supergiant,7.0,350.0
Harbhajan Singh,Rising Pune Supergiants,45.0,150.0
Harbhajan Singh,Royal Challengers Bangalore,6.9,111.9047619047619
Harbhajan Singh,Sunrisers Hyderabad,4.142857142857143,45.38239538239538
Harpreet Brar,Chennai Super Kings,17.0,130.76923076923077
Harpreet Brar,Delhi Capitals,5.142857142857143,129.52380952380955
Harpreet Brar,Gujarat Titans,12.666666666666666,150.55555555555554
Harpreet Brar,Kolkata Knight Riders,15.5,133.33333333333334
Harpreet Brar,Lucknow Super Giants,6.0,150.0
Harpreet Brar,Mumbai Indians,13.333333333333334,142.89473684210526
Harpreet Brar,Rajasthan Royals,3.0,100.0
Harpreet Brar,Royal Challengers Bangalore,12.0,134.26470588235293
Harpreet Brar,Royal Challengers Bengaluru,3.0,68.18181818181819
Harpreet Brar,Sunrisers Hyderabad,9.5,75.0
I Sharma,Chennai Super Kings,5.25,151.66666666666669
I Sharma,Deccan Chargers,9.0,100.0
I Sharma,Kings XI Punjab,0.0,0.0
I Sharma,Kolkata Knight Riders,1.0,66.66666666666666
I Sharma,Mumbai Indians,3.6666666666666665,110.0
I Sharma,Rajasthan Royals,1.25,125.0
I Sharma,Rising Pune Supergiant,1.0,20.0
I Sharma,Royal Challengers Bangalore,0.0,0.0
I Sharma,Royal Challengers Bengaluru,0.0,0.0
I Sharma,Sunrisers Hyderabad,2.6666666666666665,130.0
IK Pathan,Chennai Super Kings,20.6,102.79425381263616
IK Pathan,Deccan Chargers,15.714285714285714,103.68363437328955
IK Pathan,Delhi Daredevils,14.0,129.0256557168322
IK Pathan,Kings XI Punjab,5.777777777777778,74.79406577445792
IK Pathan,Kochi Tuskers Kerala,9.0,134.52380952380952
IK Pathan,Kolkata Knight Riders,19.25,137.14730799386373
IK Pathan,Mumbai Indians,7.583333333333333,100.52910052910052
IK Pathan,Pune Warriors,14.25,177.3944805194805
IK Pathan,Rajasthan Royals,14.777777777777779,113.05024943199663
IK Pathan,Royal Challengers Bangalore,14.6,197.9047619047619
IK Pathan,Sunrisers Hyderabad,18.0,72.54385964912281
Ishan Kishan,Chennai Super Kings,25.636363636363637,113.03661505192618
Ishan Kishan,Delhi Capitals,36.5,135.0665415086912
Ishan Kishan,Delhi Daredevils,15.166666666666666,94.29431438127091
Ishan Kishan,Gujarat Titans,19.833333333333332,94.99605589362181
Ishan Kishan,Kings XI Punjab,19.25,116.47907131960336
Ishan Kishan,Kolkata Knight Riders,26.181818181818183,131.94595608760514
Ishan Kishan,Lucknow Super Giants,22.0,87.81431803490626
Ishan Kishan,Mumbai Indians,15.5,76.84523809523809
Ishan Kishan,Punjab Kings,17.0,90.53682448589193
Ishan Kishan,Rajasthan Royals,32.666666666666664,122.79144969362362
Ishan Kishan,Rising Pune Supergiant,31.0,129.16666666666669
Ishan Kishan,Rising Pune Supergiants,0.0,0.0
Ishan Kishan,Royal Challengers Bangalore,26.25,126.41292684679708
Ishan Kishan,Royal Challengers Bengaluru,81.5,199.38725490196077
Ishan Kishan,Sunrisers Hyderabad,29.615384615384617,127.97419701886203
J Botha,Chennai Super Kings,14.25,97.67156862745097
J Botha,Deccan Chargers,28.0,124.36958234830576
J Botha,Delhi Daredevils,31.0,195.06944444444446
J Botha,Kings XI Punjab,5.666666666666667,91.66666666666667
J Botha,Kochi Tuskers Kerala,14.0,200.0
J Botha,Kolkata Knight Riders,8.25,108.92857142857143
J Botha,Mumbai Indians,16.333333333333332,82.9059829059829
J Botha,Pune Warriors,9.5,149.99999999999997
J Botha,Rajasthan Royals,2.0,66.66666666666666
J Botha,Royal Challengers Bangalore,19.0,95.0
J Botha,Sunrisers Hyderabad,7.333333333333333,92.85714285714285
JA Morkel,Chennai Super Kings,40.5,116.36363636363637
JA Morkel,Deccan Chargers,15.333333333333334,152.3328263679141
JA Morkel,Delhi Daredevils,10.0,88.69047619047619
JA Morkel,Kings XI Punjab,12.444444444444445,136.82760141093476
JA Morkel,Kochi Tuskers Kerala,11.0,177.5
JA Morkel,Kolkata Knight Riders,15.142857142857142,169.56349206349205
JA Morkel,Mumbai Indians,6.5,118.75
JA Morkel,Pune Warriors,5.333333333333333,72.72727272727273
JA Morkel,Rajasthan Royals,25.4,182.693336075689
JA Morkel,Royal Challengers Bangalore,11.545454545454545,133.11582208641033
JC Archer,Chennai Super Kings,13.4,185.3030303030303
JC Archer,Delhi Capitals,1.5,45.83333333333333
JC Archer,Gujarat Titans,4.0,100.0
JC Archer,Kings XI Punjab,3.2,113.33333333333333
JC Archer,Kolkata Knight Riders,12.166666666666666,156.7063492063492
JC Archer,Mumbai Indians,20.666666666666668,147.85954785954786
JC Archer,Punjab Kings,1.0,50.0
JC Archer,Royal Challengers Bangalore,6.0,75.55555555555556
JC Archer,Royal Challengers Bengaluru,0.0,0.0
JC Archer,Sunrisers Hyderabad,6.0,142.85714285714286
JC Buttler,Chennai Super Kings,33.81818181818182,123.80498259910024
JC Buttler,Delhi Capitals,40.666666666666664,132.51778571223016
JC Buttler,Delhi Daredevils,28.8,161.53846153846155
JC Buttler,Gujarat Lions,21.25,100.5216333845366
JC Buttler,Gujarat Titans,33.0,118.5966810966811
JC Buttler,Kings XI Punjab,40.111111111111114,145.3082361007263
JC Buttler,Kolkata Knight Riders,37.0,130.14014570456038
JC Buttler,Lucknow Super Giants,21.285714285714285,122.89218717790145
JC Buttler,Mumbai Indians,50.166666666666664,134.33783953624445
JC Buttler,Punjab Kings,25.6,143.23426573426573
JC Buttler,Rajasthan Royals,43.0,168.15384615384616
JC Buttler,Rising Pune Supergiant,27.5,165.3846153846154
JC Buttler,Rising Pune Supergiants,13.5,79.41176470588235
JC Buttler,Royal Challengers Bangalore,29.428571428571427,127.55004826332285
JC Buttler,Royal Challengers Bengaluru,86.5,179.79664014146772
JC Buttler,Sunrisers Hyderabad,29.666666666666668,110.42071046308335
JD Ryder,Chennai Super Kings,29.0,128.76352813852813
JD Ryder,Deccan Chargers,15.0,105.05952380952382
JD Ryder,Delhi Daredevils,48.666666666666664,127.21547458389564
JD Ryder,Kings XI Punjab,15.833333333333334,103.6172650878533
JD Ryder,Kochi Tuskers Kerala,17.0,170.0
JD Ryder,Kolkata Knight Riders,15.0,74.70760233918128
JD Ryder,Mumbai Indians,7.0,49.743589743589745
JD Ryder,Rajasthan Royals,6.333333333333333,66.66666666666667
JD Ryder,Royal Challengers Bangalore,42.5,152.27272727272725
JD Unadkat,Chennai Super Kings,12.2,116.45751633986929
JD Unadkat,Delhi Capitals,11.0,157.14285714285714
JD Unadkat,Kings XI Punjab,1.75,33.92857142857143
JD Unadkat,Kolkata Knight Riders,7.666666666666667,78.33980833980833
JD Unadkat,Lucknow Super Giants,7.5,166.66666666666663
JD Unadkat,Punjab Kings,9.0,385.7142857142857
JD Unadkat,Rajasthan Royals,5.0,250.0
JD Unadkat,Royal Challengers Bangalore,8.0,87.14285714285715
JD Unadkat,Royal Challengers Bengaluru,8.0,80.0
JD Unadkat,Sunrisers Hyderabad,1.0,75.0
JH Kallis,Chennai Super Kings,22.857142857142858,98.08782483790073
JH Kallis,Deccan Chargers,26.545454545454547,100.73504135154558
JH Kallis,Delhi Daredevils,24.142857142857142,95.5120769667808
JH Kallis,Kings XI Punjab,24.181818181818183,81.66959449568145
JH Kallis,Kochi Tuskers Kerala,25.5,88.21138211382114
JH Kallis,Kolkata Knight Riders,27.2,100.11632289279348
JH Kallis,Mumbai Indians,36.53846153846154,107.30862187678545
JH Kallis,Pune Warriors,4.25,37.272408963585434
JH Kallis,Rajasthan Royals,20.583333333333332,70.30885244297356
JH Kallis,Royal Challengers Bangalore,31.428571428571427,105.98189746277356
JH Kallis,Sunrisers Hyderabad,32.5,117.30523627075351
JJ Bumrah,Chennai Super Kings,3.0,108.33333333333334
JJ Bumrah,Delhi Capitals,2.0,100.0
JJ Bumrah,Delhi Daredevils,0.0,0.0
JJ Bumrah,Gujarat Lions,0.0,0.0
JJ Bumrah,Gujarat Titans,1.0,100.0
JJ Bumrah,Kings XI Punjab,2.0,100.0
JJ Bumrah,Kolkata Knight Riders,0.5,50.0
JJ Bumrah,Lucknow Super Giants,0.0,0.0
JJ Bumrah,Punjab Kings,0.0,0.0
JJ Bumrah,Rajasthan Royals,3.3333333333333335,96.2962962962963
JJ Bumrah,Rising Pune Supergiant,16.0,145.45454545454547
JJ Bumrah,Royal Challengers Bangalore,1.75,58.333333333333336
JJ Bumrah,Royal Challengers Bengaluru,0.0,0.0
JJ Bumrah,Sunrisers Hyderabad,4.2,107.33333333333333
JJ Roy,Chennai Super Kings,25.0,114.3956043956044
JJ Roy,Delhi Capitals,43.0,110.25641025641026
JJ Roy,Kolkata Knight Riders,8.333333333333334,77.77777777777779
JJ Roy,Lucknow Super Giants,45.0,160.71428571428572
JJ Roy,Mumbai Indians,46.333333333333336,177.86762503743637
JJ Roy,Punjab Kings,38.0,158.33333333333331
JJ Roy,Rajasthan Royals,35.0,133.92857142857144
JJ Roy,Royal Challengers Bangalore,29.25,118.36906382335148
JJ Roy,Sunrisers Hyderabad,20.666666666666668,114.44851444851444
JM Bairstow,Chennai Super Kings,18.75,105.55871212121212
JM Bairstow,Delhi Capitals,32.285714285714285,175.54138321995464
JM Bairstow,Gujarat Titans,19.5,124.88344988344988
JM Bairstow,Kings XI Punjab,39.0,96.010101010101
JM Bairstow,Kolkata Knight Riders,53.833333333333336,140.30397042537945
JM Bairstow,Lucknow Super Giants,37.0,131.67305236270752
JM Bairstow,Mumbai Indians,24.0,153.60722610722613
JM Bairstow,Punjab Kings,50.5,135.41666666666666
JM Bairstow,Rajasthan Royals,26.571428571428573,116.17468997168245
JM Bairstow,Royal Challengers Bangalore,63.25,168.36346792742142
JM Bairstow,Royal Challengers Bengaluru,17.5,151.04166666666666
JM Bairstow,Sunrisers Hyderabad,11.666666666666666,91.11111111111113
JM Sharma,Chennai Super Kings,13.2,130.08823529411765
JM Sharma,Delhi Capitals,15.5,82.63582112686971
JM Sharma,Gujarat Titans,22.0,156.6525503482025
JM Sharma,Kolkata Knight Riders,21.0,153.7878787878788
JM Sharma,Lucknow Super Giants,23.8,137.79166666666666
JM Sharma,Mumbai Indians,30.6,209.8301308827625
JM Sharma,Punjab Kings,12.333333333333334,135.35714285714286
JM Sharma,Rajasthan Royals,30.0,161.30621693121694
JM Sharma,Royal Challengers Bangalore,25.0,168.84615384615384
JM Sharma,Royal Challengers Bengaluru,16.0,130.0
JM Sharma,Sunrisers Hyderabad,18.166666666666668,166.57227032227033
JO Holder,Chennai Super Kings,2.5,50.0
JO Holder,Delhi Capitals,10.5,99.16666666666666
JO Holder,Delhi Daredevils,0.0,0.0
JO Holder,Gujarat Lions,13.0,162.5
JO Holder,Gujarat Titans,1.0,50.0
JO Holder,Kings XI Punjab,5.0,62.5
JO Holder,Kolkata Knight Riders,10.333333333333334,160.1851851851852
JO Holder,Mumbai Indians,4.0,57.40740740740741
JO Holder,Punjab Kings,19.666666666666668,133.1896551724138
JO Holder,Rajasthan Royals,4.5,53.57142857142857
JO Holder,Royal Challengers Bangalore,17.2,156.17094017094018
JO Holder,Sunrisers Hyderabad,5.666666666666667,150.79365079365078
JP Duminy,Chennai Super Kings,18.5,117.65112610700845
JP Duminy,Deccan Chargers,49.5,112.91666666666666
JP Duminy,Delhi Daredevils,17.0,117.96296296296295
JP Duminy,Gujarat Lions,30.5,148.67109634551494
JP Duminy,Kings XI Punjab,24.285714285714285,106.08992719894977
JP Duminy,Kolkata Knight Riders,24.6,114.95093957593959
JP Duminy,Mumbai Indians,32.625,123.843671679198
JP Duminy,Pune Warriors,20.75,107.53205128205127
JP Duminy,Rajasthan Royals,30.88888888888889,116.10109866432897
JP Duminy,Rising Pune Supergiants,24.0,103.125
JP Duminy,Royal Challengers Bangalore,35.5,126.12047317571398
JP Duminy,Sunrisers Hyderabad,21.4,146.6747967479675
JP Faulkner,Chennai Super Kings,5.5,102.08333333333333
JP Faulkner,Delhi Daredevils,13.142857142857142,168.19252176395034
JP Faulkner,Kings XI Punjab,24.4,134.95245495245496
JP Faulkner,Kolkata Knight Riders,2.8,125.0
JP Faulkner,Mumbai Indians,16.666666666666668,118.72710622710623
JP Faulkner,Pune Warriors,8.333333333333334,120.23809523809524
JP Faulkner,Rajasthan Royals,11.0,122.22222222222224
JP Faulkner,Rising Pune Supergiant,6.0,85.71428571428571
JP Faulkner,Rising Pune Supergiants,9.0,180.0
JP Faulkner,Royal Challengers Bangalore,10.6,112.80672268907563
JP Faulkner,Sunrisers Hyderabad,10.428571428571429,160.65162907268171
JR Hopes,Chennai Super Kings,23.75,147.12121212121212
JR Hopes,Deccan Chargers,17.0,145.71428571428572
JR Hopes,Delhi Daredevils,4.0,66.66666666666666
JR Hopes,Kings XI Punjab,7.0,100.0
JR Hopes,Kolkata Knight Riders,14.0,161.96428571428572
JR Hopes,Mumbai Indians,27.5,62.5
JR Hopes,Pune Warriors,13.0,325.0
JR Hopes,Rajasthan Royals,33.5,122.85714285714285
JR Hopes,Royal Challengers Bangalore,28.666666666666668,131.8922305764411
K Gowtham,Chennai Super Kings,8.2,138.16666666666669
K Gowtham,Delhi Capitals,10.666666666666666,280.95238095238096
K Gowtham,Delhi Daredevils,10.0,250.0
K Gowtham,Kings XI Punjab,5.333333333333333,125.0
K Gowtham,Kolkata Knight Riders,8.75,158.75
K Gowtham,Mumbai Indians,14.25,133.97435897435898
K Gowtham,Punjab Kings,1.0,50.0
K Gowtham,Rajasthan Royals,0.0,0.0
K Gowtham,Royal Challengers Bangalore,18.5,228.46153846153845
K Gowtham,Sunrisers Hyderabad,4.0,80.0
K Rabada,Chennai Super Kings,9.0,203.33333333333334
K Rabada,Delhi Capitals,4.0,166.66666666666666
K Rabada,Gujarat Titans,1.0,100.0
K Rabada,Kings XI Punjab,5.5,27.500000000000004
K Rabada,Kolkata Knight Riders,11.333333333333334,85.55555555555556
K Rabada,Lucknow Super Giants,1.0,26.666666666666664
K Rabada,Mumbai Indians,13.571428571428571,129.0593929879644
K Rabada,Rajasthan Royals,5.5,145.83333333333331
K Rabada,Royal Challengers Bangalore,0.0,0.0
K Rabada,Sunrisers Hyderabad,5.75,108.03571428571428
KA Pollard,Chennai Super Kings,25.347826086956523,145.72597181164957
KA Pollard,Deccan Chargers,14.0,109.58974358974358
KA Pollard,Delhi Capitals,7.428571428571429,88.82522239665096
KA Pollard,Delhi Daredevils,18.294117647058822,133.8561472334292
KA Pollard,Gujarat Lions,18.5,115.82204027856201
KA Pollard,Gujarat Titans,4.0,28.57142857142857
KA Pollard,Kings XI Punjab,25.3,150.5941070154625
KA Pollard,Kolkata Knight Riders,15.45,133.30125028480293
KA Pollard,Lucknow Super Giants,22.0,136.78571428571428
KA Pollard,Pune Warriors,18.333333333333332,116.14718614718616
KA Pollard,Punjab Kings,13.666666666666666,146.17604617604616
KA Pollard,Rajasthan Royals,19.333333333333332,133.5574680342931
KA Pollard,Rising Pune Supergiant,12.5,140.5392156862745
KA Pollard,Rising Pune Supergiants,1.0,12.5
KA Pollard,Royal Challengers Bangalore,23.166666666666668,156.17203878571414
KA Pollard,Sunrisers Hyderabad,27.0625,134.5554159640258
KC Sangakkara,Chennai Super Kings,16.375,90.74968434343434
KC Sangakkara,Deccan Chargers,31.0,115.27777777777777
KC Sangakkara,Delhi Daredevils,21.727272727272727,107.15865601241094
KC Sangakkara,Kings XI Punjab,13.333333333333334,72.22222222222221
KC Sangakkara,Kochi Tuskers Kerala,65.0,144.44444444444443
KC Sangakkara,Kolkata Knight Riders,21.6,92.77272727272728
KC Sangakkara,Mumbai Indians,37.375,104.6387275005696
KC Sangakkara,Pune Warriors,29.2,110.32078215901745
KC Sangakkara,Rajasthan Royals,22.125,128.76609297565182
KC Sangakkara,Royal Challengers Bangalore,23.5,140.06128581208503
KD Karthik,Chennai Super Kings,23.451612903225808,148.91694651440935
KD Karthik,Deccan Chargers,18.22222222222222,105.49031260383919
KD Karthik,Delhi Capitals,15.0,79.232605409076
KD Karthik,Delhi Daredevils,31.5,129.6107163361538
KD Karthik,Gujarat Titans,6.25,85.41666666666666
KD Karthik,Kings XI Punjab,25.318181818181817,129.69156768506494
KD Karthik,Kochi Tuskers Kerala,69.0,209.0909090909091
KD Karthik,Kolkata Knight Riders,23.263157894736842,131.43969032284394
KD Karthik,Lucknow Super Giants,14.2,123.76482213438734
KD Karthik,Mumbai Indians,16.46153846153846,124.4039603094787
KD Karthik,Pune Warriors,23.0,84.3674511950374
KD Karthik,Punjab Kings,17.0,192.6530612244898
KD Karthik,Rajasthan Royals,22.103448275862068,112.81053625938844
KD Karthik,Rising Pune Supergiant,16.0,85.76923076923077
KD Karthik,Rising Pune Supergiants,33.0,165.0
KD Karthik,Royal Challengers Bangalore,17.958333333333332,98.17690438720383
KD Karthik,Sunrisers Hyderabad,17.625,116.79587765400123
KH Pandya,Chennai Super Kings,12.636363636363637,79.09794586177986
KH Pandya,Delhi Capitals,18.857142857142858,121.3236297863627
KH Pandya,Delhi Daredevils,30.8,158.75609432962375
KH Pandya,Gujarat Lions,17.666666666666668,153.38383838383837
KH Pandya,Gujarat Titans,9.333333333333334,93.58974358974359
KH Pandya,Kings XI Punjab,21.166666666666668,153.18840579710147
KH Pandya,Kolkata Knight Riders,13.0,130.22847522847522
KH Pandya,Mumbai Indians,12.0,101.80375180375181
KH Pandya,Punjab Kings,11.571428571428571,126.85064935064936
KH Pandya,Rajasthan Royals,12.272727272727273,109.71254545655847
KH Pandya,Rising Pune Supergiant,21.666666666666668,106.68261562998406
KH Pandya,Royal Challengers Bangalore,12.846153846153847,85.47391205285943
KH Pandya,Sunrisers Hyderabad,17.4,163.64772425641993
KK Nair,Chennai Super Kings,20.4,126.86822980940629
KK Nair,Delhi Capitals,1.0,33.33333333333333
KK Nair,Delhi Daredevils,42.833333333333336,144.44540328092958
KK Nair,Gujarat Lions,17.0,145.8874458874459
KK Nair,Gujarat Titans,31.0,172.22222222222223
KK Nair,Kings XI Punjab,13.0,108.3947163947164
KK Nair,Kolkata Knight Riders,18.363636363636363,88.23745209039326
KK Nair,Lucknow Super Giants,15.0,166.66666666666669
KK Nair,Mumbai Indians,21.75,114.39043209876543
KK Nair,Punjab Kings,44.0,169.23076923076923
KK Nair,Rajasthan Royals,11.333333333333334,64.92753623188406
KK Nair,Rising Pune Supergiant,64.0,142.22222222222223
KK Nair,Rising Pune Supergiants,36.5,120.4016913319239
KK Nair,Royal Challengers Bangalore,21.09090909090909,112.94946184635764
KK Nair,Royal Challengers Bengaluru,4.0,100.0
KK Nair,Sunrisers Hyderabad,22.272727272727273,101.29329590749677
KL Rahul,Chennai Super Kings,42.0,127.96118560558781
KL Rahul,Delhi Capitals,27.9,131.1891265597148
KL Rahul,Delhi Daredevils,29.6,170.31728778467908
KL Rahul,Gujarat Lions,25.5,72.85714285714285
KL Rahul,Gujarat Titans,41.5,106.70578584116394
KL Rahul,Kings XI Punjab,22.0,180.93333333333334
KL Rahul,Kolkata Knight Riders,34.8,117.04434658572589
KL Rahul,Lucknow Super Giants,57.0,135.71428571428572
KL Rahul,Mumbai Indians,49.0,129.2133148068589
KL Rahul,Punjab Kings,28.4,130.67099567099567
KL Rahul,Rajasthan Royals,44.588235294117645,113.27979264023422
KL Rahul,Rising Pune Supergiants,22.5,89.28571428571428
KL Rahul,Royal Challengers Bangalore,44.857142857142854,126.86265849640638
KL Rahul,Royal Challengers Bengaluru,51.333333333333336,141.1523486995185
KL Rahul,Sunrisers Hyderabad,32.13333333333333,122.29214451493819
KM Jadhav,Chennai Super Kings,13.714285714285714,131.68934240362813
KM Jadhav,Deccan Chargers,0.0,0.0
KM Jadhav,Delhi Capitals,16.25,85.7819264069264
KM Jadhav,Delhi Daredevils,30.0,133.87933387933387
KM Jadhav,Gujarat Lions,34.5,204.86111111111111
KM Jadhav,Kings XI Punjab,1.4285714285714286,26.428571428571427
KM Jadhav,Kolkata Knight Riders,11.0,147.55444050898598
KM Jadhav,Mumbai Indians,16.0,108.25235941874021
KM Jadhav,Pune Warriors,25.0,131.57894736842107
KM Jadhav,Punjab Kings,12.0,100.0
KM Jadhav,Rajasthan Royals,12.181818181818182,120.04329004329003
KM Jadhav,Rising Pune Supergiant,12.5,70.07575757575758
KM Jadhav,Royal Challengers Bangalore,20.666666666666668,113.24569805740404
KM Jadhav,Sunrisers Hyderabad,18.09090909090909,122.30091514639784
KP Pietersen,Chennai Super Kings,16.5,82.41758241758242
KP Pietersen,Deccan Chargers,47.666666666666664,124.12202380952381
KP Pietersen,Delhi Daredevils,26.5,119.18859649122808
KP Pietersen,Gujarat Lions,37.0,119.35483870967742
KP Pietersen,Kings XI Punjab,37.6,108.91768292682927
KP Pietersen,Kolkata Knight Riders,9.5,79.16666666666666
KP Pietersen,Mumbai Indians,27.142857142857142,144.02170090534145
KP Pietersen,Pune Warriors,29.5,133.85093167701865
KP Pietersen,Rajasthan Royals,27.0,115.31627976861243
KP Pietersen,Royal Challengers Bangalore,16.5,56.89655172413794
KP Pietersen,Sunrisers Hyderabad,25.5,139.1640866873065
KS Williamson,Chennai Super Kings,34.75,131.0738962944845
KS Williamson,Delhi Capitals,30.25,99.47227078477079
KS Williamson,Delhi Daredevils,51.0,130.75408805031446
KS Williamson,Gujarat Lions,6.0,66.66666666666666
KS Williamson,Gujarat Titans,31.0,93.20652173913044
KS Williamson,Kings XI Punjab,28.4,146.34146341463415
KS Williamson,Kolkata Knight Riders,22.636363636363637,116.3643370655051
KS Williamson,Lucknow Super Giants,8.5,60.0
KS Williamson,Mumbai Indians,8.5,90.87301587301586
KS Williamson,Punjab Kings,11.5,63.09808612440192
KS Williamson,Rajasthan Royals,27.625,116.30321016665316
KS Williamson,Rising Pune Supergiant,12.5,175.0
KS Williamson,Rising Pune Supergiants,32.0,86.48648648648648
KS Williamson,Royal Challengers Bangalore,40.77777777777778,118.42446145139999
KV Sharma,Chennai Super Kings,16.0,156.9264069264069
KV Sharma,Deccan Chargers,1.0,33.33333333333333
KV Sharma,Delhi Capitals,6.0,150.0
KV Sharma,Delhi Daredevils,17.5,156.53846153846155
KV Sharma,Gujarat Titans,1.0,100.0
KV Sharma,Kings XI Punjab,10.666666666666666,153.505291005291
KV Sharma,Kolkata Knight Riders,9.625,132.16630591630593
KV Sharma,Lucknow Super Giants,2.0,100.0
KV Sharma,Mumbai Indians,8.5,55.714285714285715
KV Sharma,Pune Warriors,7.0,53.84615384615385
KV Sharma,Rajasthan Royals,3.5,85.55555555555554
KV Sharma,Rising Pune Supergiant,5.333333333333333,62.38095238095238
KV Sharma,Royal Challengers Bangalore,12.0,121.81372549019608
KV Sharma,Sunrisers Hyderabad,5.0,100.0
Kuldeep Yadav,Chennai Super Kings,1.25,7.352941176470589
Kuldeep Yadav,Delhi Capitals,6.0,150.0
Kuldeep Yadav,Delhi Daredevils,7.0,116.66666666666669
Kuldeep Yadav,Gujarat Titans,4.75,150.0
Kuldeep Yadav,Kolkata Knight Riders,18.0,117.3076923076923
Kuldeep Yadav,Lucknow Super Giants,9.0,120.0
Kuldeep Yadav,Mumbai Indians,4.428571428571429,68.21428571428571
Kuldeep Yadav,Punjab Kings,4.333333333333333,69.6078431372549
Kuldeep Yadav,Rajasthan Royals,2.6666666666666665,97.6190476190476
Kuldeep Yadav,Royal Challengers Bangalore,8.25,94.9561403508772
Kuldeep Yadav,Royal Challengers Bengaluru,6.0,60.0
Kuldeep Yadav,Sunrisers Hyderabad,1.3333333333333333,44.444444444444436
LMP Simmons,Chennai Super Kings,46.833333333333336,116.31006090683509
LMP Simmons,Delhi Daredevils,29.0,100.15780730897009
LMP Simmons,Kings XI Punjab,76.66666666666667,158.3650468384075
LMP Simmons,Kolkata Knight Riders,7.25,57.26190476190476
LMP Simmons,Rajasthan Royals,37.333333333333336,132.19354838709677
LMP Simmons,Rising Pune Supergiant,4.0,37.98076923076923
LMP Simmons,Rising Pune Supergiants,8.0,100.0
LMP Simmons,Royal Challengers Bangalore,63.5,131.19639794168097
LMP Simmons,Sunrisers Hyderabad,42.0,96.62987012987013
LR Shukla,Chennai Super Kings,13.11111111111111,100.83754208754209
LR Shukla,Deccan Chargers,8.666666666666666,222.2222222222222
LR Shukla,Delhi Daredevils,20.0,165.37433155080214
LR Shukla,Kings XI Punjab,6.0,97.5
LR Shukla,Kolkata Knight Riders,10.0,71.42857142857143
LR Shukla,Mumbai Indians,13.0,81.88311688311688
LR Shukla,Pune Warriors,0.0,0.0
LR Shukla,Rajasthan Royals,14.666666666666666,96.0950080515298
LR Shukla,Royal Challengers Bangalore,6.0,83.7962962962963
LR Shukla,Sunrisers Hyderabad,21.0,95.45454545454544
LRPL Taylor,Chennai Super Kings,20.11111111111111,109.9156660333131
LRPL Taylor,Deccan Chargers,10.666666666666666,84.95337995337995
LRPL Taylor,Delhi Daredevils,25.0,182.35650623885917
LRPL Taylor,Kings XI Punjab,12.5,59.50956937799043
LRPL Taylor,Kochi Tuskers Kerala,2.0,200.0
LRPL Taylor,Kolkata Knight Riders,24.142857142857142,135.55435305435304
LRPL Taylor,Mumbai Indians,15.25,119.1657647907648
LRPL Taylor,Pune Warriors,22.666666666666668,98.60805860805861
LRPL Taylor,Rajasthan Royals,15.142857142857142,95.33395176252318
LRPL Taylor,Royal Challengers Bangalore,37.0,140.59829059829062
LRPL Taylor,Sunrisers Hyderabad,19.0,100.0
LS Livingstone,Chennai Super Kings,32.25,184.17658730158732
LS Livingstone,Delhi Capitals,20.0,99.95739767478898
LS Livingstone,Gujarat Titans,38.5,184.67592592592592
LS Livingstone,Kolkata Knight Riders,13.75,178.54166666666666
LS Livingstone,Lucknow Super Giants,17.25,110.37289915966386
LS Livingstone,Mumbai Indians,16.0,75.83333333333333
LS Livingstone,Punjab Kings,18.0,126.79738562091502
LS Livingstone,Rajasthan Royals,17.333333333333332,129.48717948717947
LS Livingstone,Royal Challengers Bangalore,21.6,126.0952380952381
LS Livingstone,Royal Challengers Bengaluru,8.5,65.38461538461539
LS Livingstone,Sunrisers Hyderabad,39.25,160.1107226107226
Lalit Yadav,Chennai Super Kings,9.0,145.0
Lalit Yadav,Gujarat Titans,25.0,113.63636363636364
Lalit Yadav,Kolkata Knight Riders,6.75,40.17857142857143
Lalit Yadav,Lucknow Super Giants,3.0,75.0
Lalit Yadav,Mumbai Indians,18.75,86.74199084668192
Lalit Yadav,Punjab Kings,18.0,180.0
Lalit Yadav,Rajasthan Royals,27.25,122.29166666666666
Lalit Yadav,Royal Challengers Bangalore,2.5,41.07142857142857
Lalit Yadav,Sunrisers Hyderabad,7.0,87.5
M Jansen,Chennai Super Kings,18.333333333333332,152.07336523125994
M Jansen,Delhi Capitals,1.0,33.33333333333333
M Jansen,Gujarat Titans,5.5,105.0
M Jansen,Kolkata Knight Riders,1.1666666666666667,44.64285714285714
M Jansen,Mumbai Indians,15.0,179.16666666666666
M Jansen,Rajasthan Royals,3.0,100.0
M Jansen,Royal Challengers Bangalore,0.0,0.0
M Jansen,Royal Challengers Bengaluru,25.0,125.0
M Jansen,Sunrisers Hyderabad,5.0,100.0
M Kaif,Chennai Super Kings,12.0,121.23015873015872
M Kaif,Deccan Chargers,25.5,166.96428571428572
M Kaif,Delhi Daredevils,7.0,69.11483253588517
M Kaif,Kings XI Punjab,6.0,75.69805194805195
M Kaif,Kolkata Knight Riders,23.333333333333332,113.90956713537359
M Kaif,Mumbai Indians,8.0,68.57142857142857
M Kaif,Pune Warriors,8.0,160.0
M Kaif,Rajasthan Royals,11.0,93.75
M Kaif,Royal Challengers Bangalore,4.0,66.66666666666666
M Manhas,Chennai Super Kings,15.4,62.10721343873517
M Manhas,Deccan Chargers,10.5,114.44805194805195
M Manhas,Delhi Daredevils,11.666666666666666,140.37037037037035
M Manhas,Kings XI Punjab,26.166666666666668,135.46329365079364
M Manhas,Kochi Tuskers Kerala,12.0,63.1578947368421
M Manhas,Kolkata Knight Riders,1.0,33.33333333333333
M Manhas,Mumbai Indians,8.8,51.372549019607845
M Manhas,Rajasthan Royals,15.8,120.45760233918129
M Manhas,Royal Challengers Bangalore,8.6,94.3076923076923
M Manhas,Sunrisers Hyderabad,3.0,75.0
M Morkel,Chennai Super Kings,2.0,50.0
M Morkel,Deccan Chargers,7.666666666666667,155.55555555555554
M Morkel,Gujarat Lions,1.0,100.0
M Morkel,Kings XI Punjab,11.0,241.66666666666666
M Morkel,Kolkata Knight Riders,3.0,60.0
M Morkel,Mumbai Indians,11.0,126.85185185185186
M Morkel,Pune Warriors,0.5,50.0
M Morkel,Rajasthan Royals,4.0,133.33333333333331
M Morkel,Royal Challengers Bangalore,7.666666666666667,92.96296296296298
M Morkel,Sunrisers Hyderabad,0.0,0.0
M Shahrukh Khan,Chennai Super Kings,14.0,87.516835016835
M Shahrukh Khan,Delhi Capitals,6.714285714285714,121.42857142857143
M Shahrukh Khan,Gujarat Titans,18.5,215.97222222222223
M Shahrukh Khan,Kolkata Knight Riders,13.0,162.82407407407408
M Shahrukh Khan,Lucknow Super Giants,24.25,169.13793103448273
M Shahrukh Khan,Mumbai Indians,10.75,166.07142857142856
M Shahrukh Khan,Punjab Kings,7.0,400.0
M Shahrukh Khan,Rajasthan Royals,18.833333333333332,175.91384863123994
M Shahrukh Khan,Royal Challengers Bangalore,11.75,101.36363636363637
M Shahrukh Khan,Royal Challengers Bengaluru,47.5,173.75
M Shahrukh Khan,Sunrisers Hyderabad,15.4,169.1204481792717
M Vijay,Chennai Super Kings,26.666666666666668,104.86111111111113
M Vijay,Deccan Chargers,13.0,94.22339565196708
M Vijay,Delhi Capitals,10.0,66.66666666666666
M Vijay,Delhi Daredevils,30.454545454545453,133.77354459557674
M Vijay,Gujarat Lions,48.5,128.83787661406026
M Vijay,Kings XI Punjab,23.428571428571427,92.02905898088623
M Vijay,Kochi Tuskers Kerala,22.0,150.50505050505052
M Vijay,Kolkata Knight Riders,19.692307692307693,87.51522836138221
M Vijay,Mumbai Indians,21.68421052631579,93.83145396853936
M Vijay,Pune Warriors,23.5,97.17868338557993
M Vijay,Rajasthan Royals,32.25,108.03548881673883
M Vijay,Rising Pune Supergiants,56.0,126.03285216525634
M Vijay,Royal Challengers Bangalore,26.266666666666666,105.99680825996616
M Vijay,Sunrisers Hyderabad,20.428571428571427,97.4025974025974
M Vohra,Chennai Super Kings,15.6,106.09132802681191
M Vohra,Delhi Capitals,9.0,81.81818181818183
M Vohra,Delhi Daredevils,19.285714285714285,93.58330892165479
M Vohra,Gujarat Lions,20.0,107.6086956521739
M Vohra,Kolkata Knight Riders,24.1,100.70746719740528
M Vohra,Mumbai Indians,21.8,122.93600138002417
M Vohra,Pune Warriors,32.5,161.40109890109892
M Vohra,Punjab Kings,12.0,150.0
M Vohra,Rajasthan Royals,14.0,87.5
M Vohra,Rising Pune Supergiant,14.0,155.55555555555557
M Vohra,Rising Pune Supergiants,51.0,154.54545454545453
M Vohra,Royal Challengers Bangalore,16.333333333333332,125.28258778258777
M Vohra,Sunrisers Hyderabad,25.375,106.57306763285024
MA Agarwal,Chennai Super Kings,15.411764705882353,106.95656768412186
MA Agarwal,Deccan Chargers,11.666666666666666,161.11111111111111
MA Agarwal,Delhi Capitals,34.8,103.28909918474346
MA Agarwal,Delhi Daredevils,16.0,122.25694444444446
MA Agarwal,Gujarat Titans,10.5,74.83660130718954
MA Agarwal,Kings XI Punjab,19.428571428571427,103.73015873015872
MA Agarwal,Kochi Tuskers Kerala,33.0,150.0
MA Agarwal,Kolkata Knight Riders,20.0,102.03310242237578
MA Agarwal,Lucknow Super Giants,24.666666666666668,146.5351357934478
MA Agarwal,Mumbai Indians,24.61111111111111,117.45855559077715
MA Agarwal,Pune Warriors,9.0,100.0
MA Agarwal,Punjab Kings,21.333333333333332,128.16239316239316
MA Agarwal,Rajasthan Royals,30.23076923076923,144.07787289514897
MA Agarwal,Royal Challengers Bangalore,25.833333333333332,122.2958159427851
MA Agarwal,Sunrisers Hyderabad,16.571428571428573,109.29097452934661
MA Starc,Chennai Super Kings,2.6,72.85714285714286
MA Starc,Delhi Capitals,1.0,100.0
MA Starc,Gujarat Titans,2.0,100.0
MA Starc,Kings XI Punjab,18.5,86.57289002557545
MA Starc,Kolkata Knight Riders,6.0,75.0
MA Starc,Lucknow Super Giants,2.0,40.0
MA Starc,Mumbai Indians,2.0,81.25
MA Starc,Rajasthan Royals,18.0,112.5
MA Starc,Sunrisers Hyderabad,4.5,115.625
MC Henriques,Chennai Super Kings,11.333333333333334,237.03703703703704
MC Henriques,Deccan Chargers,8.5,147.5
MC Henriques,Delhi Daredevils,23.375,113.30022634370461
MC Henriques,Gujarat Lions,20.25,151.04166666666666
MC Henriques,Kings XI Punjab,11.875,92.11309523809524
MC Henriques,Kolkata Knight Riders,15.25,110.64935064935065
MC Henriques,Mumbai Indians,19.0,82.21177944862156
MC Henriques,Pune Warriors,27.0,207.6923076923077
MC Henriques,Rajasthan Royals,17.0,95.56369556369556
MC Henriques,Rising Pune Supergiant,29.5,131.54761904761904
MC Henriques,Rising Pune Supergiants,5.5,75.0
MC Henriques,Royal Challengers Bangalore,29.166666666666668,154.8899520638651
MC Henriques,Sunrisers Hyderabad,21.666666666666668,90.04357298474946
MEK Hussey,Chennai Super Kings,20.0,66.23376623376625
MEK Hussey,Deccan Chargers,27.0,92.46119733924613
MEK Hussey,Delhi Daredevils,29.375,109.15561868686868
MEK Hussey,Kings XI Punjab,41.833333333333336,105.98626256672235
MEK Hussey,Kochi Tuskers Kerala,20.0,83.24324324324324
MEK Hussey,Kolkata Knight Riders,40.142857142857146,97.73221907351953
MEK Hussey,Mumbai Indians,25.8,95.85190970948092
MEK Hussey,Pune Warriors,25.0,80.84150326797385
MEK Hussey,Rajasthan Royals,50.0,138.92620859532624
MEK Hussey,Royal Challengers Bangalore,31.22222222222222,95.36555188729102
MEK Hussey,Sunrisers Hyderabad,56.0,168.24577861163226
MG Johnson,Chennai Super Kings,4.0,93.8095238095238
MG Johnson,Delhi Daredevils,7.666666666666667,155.55555555555554
MG Johnson,Kolkata Knight Riders,7.0,84.84848484848484
MG Johnson,Mumbai Indians,3.0,73.21428571428571
MG Johnson,Rajasthan Royals,6.5,84.12698412698413
MG Johnson,Rising Pune Supergiant,13.0,92.85714285714286
MG Johnson,Royal Challengers Bangalore,8.666666666666666,112.77777777777777
MG Johnson,Sunrisers Hyderabad,4.0,77.77777777777777
MK Lomror,Chennai Super Kings,14.0,51.851851851851855
MK Lomror,Delhi Capitals,20.166666666666668,149.5802343926076
MK Lomror,Gujarat Titans,8.5,116.66666666666666
MK Lomror,Kings XI Punjab,9.0,100.0
MK Lomror,Kolkata Knight Riders,19.0,161.1111111111111
MK Lomror,Lucknow Super Giants,16.666666666666668,161.46723646723646
MK Lomror,Mumbai Indians,4.0,39.31623931623931
MK Lomror,Punjab Kings,14.6,148.6437908496732
MK Lomror,Rajasthan Royals,12.25,112.89215686274508
MK Lomror,Royal Challengers Bangalore,25.0,97.75641025641026
MK Lomror,Sunrisers Hyderabad,16.5,135.74134199134198
MK Pandey,Chennai Super Kings,19.61904761904762,97.83376049290061
MK Pandey,Deccan Chargers,26.5,69.93721461187215
MK Pandey,Delhi Capitals,20.833333333333332,103.07364902122966
MK Pandey,Delhi Daredevils,30.181818181818183,114.31591940521466
MK Pandey,Gujarat Lions,8.333333333333334,49.206349206349195
MK Pandey,Gujarat Titans,3.5,72.5
MK Pandey,Kings XI Punjab,25.571428571428573,130.4968354406482
MK Pandey,Kolkata Knight Riders,21.307692307692307,95.9198247749297
MK Pandey,Mumbai Indians,31.88,118.34143964608202
MK Pandey,Punjab Kings,6.5,28.26086956521739
MK Pandey,Rajasthan Royals,29.46153846153846,110.98136712439019
MK Pandey,Rising Pune Supergiant,37.0,115.625
MK Pandey,Rising Pune Supergiants,15.0,150.0
MK Pandey,Royal Challengers Bangalore,21.72222222222222,106.4060336328643
MK Pandey,Sunrisers Hyderabad,25.866666666666667,110.35812621263646
MK Tiwary,Chennai Super Kings,14.416666666666666,137.71644872451324
MK Tiwary,Deccan Chargers,17.0,141.3919413919414
MK Tiwary,Delhi Daredevils,25.428571428571427,91.55690645052346
MK Tiwary,Gujarat Lions,15.5,57.4074074074074
MK Tiwary,Kings XI Punjab,29.11111111111111,103.33903271638059
MK Tiwary,Kochi Tuskers Kerala,23.5,52.240896358543424
MK Tiwary,Kolkata Knight Riders,13.833333333333334,100.72751322751323
MK Tiwary,Mumbai Indians,28.0,144.87396577669077
MK Tiwary,Pune Warriors,10.6,97.77777777777779
MK Tiwary,Rajasthan Royals,25.75,99.02319406783693
MK Tiwary,Royal Challengers Bangalore,18.363636363636363,104.63124867121732
MK Tiwary,Sunrisers Hyderabad,12.5,147.35576923076923
ML Hayden,Deccan Chargers,27.2,132.57187257187258
ML Hayden,Delhi Daredevils,45.25,151.32122943016455
ML Hayden,Kings XI Punjab,38.0,127.42456896551724
ML Hayden,Kolkata Knight Riders,23.666666666666668,52.77777777777777
ML Hayden,Mumbai Indians,42.833333333333336,124.91282580841157
ML Hayden,Rajasthan Royals,25.5,114.17748917748918
ML Hayden,Royal Challengers Bangalore,34.666666666666664,124.81203007518796
MM Ali,Chennai Super Kings,12.0,108.33333333333333
MM Ali,Delhi Capitals,16.571428571428573,127.36568986568986
MM Ali,Delhi Daredevils,1.0,33.33333333333333
MM Ali,Gujarat Titans,18.333333333333332,126.02805010893246
MM Ali,Kings XI Punjab,4.0,80.0
MM Ali,Kolkata Knight Riders,26.833333333333332,132.2222222222222
MM Ali,Lucknow Super Giants,28.0,151.74825174825173
MM Ali,Mumbai Indians,24.2,100.61507936507937
MM Ali,Punjab Kings,14.666666666666666,94.45340501792116
MM Ali,Rajasthan Royals,22.666666666666668,116.32707963977315
MM Ali,Royal Challengers Bangalore,19.75,140.65806878306879
MM Ali,Sunrisers Hyderabad,20.375,110.45955882352942
MM Sharma,Chennai Super Kings,2.0,66.66666666666666
MM Sharma,Delhi Capitals,2.0,14.285714285714285
MM Sharma,Delhi Daredevils,10.0,160.11904761904762
MM Sharma,Gujarat Lions,2.5,91.66666666666666
MM Sharma,Kings XI Punjab,1.0,33.33333333333333
MM Sharma,Kolkata Knight Riders,3.2,78.33333333333333
MM Sharma,Lucknow Super Giants,1.0,50.0
MM Sharma,Mumbai Indians,4.0,66.66666666666667
MM Sharma,Rising Pune Supergiant,6.0,50.0
MM Sharma,Royal Challengers Bangalore,5.2,82.0
MM Sharma,Royal Challengers Bengaluru,0.0,0.0
MM Sharma,Sunrisers Hyderabad,4.0,83.33333333333333
MP Stoinis,Chennai Super Kings,24.444444444444443,138.07966977365885
MP Stoinis,Delhi Capitals,19.0,127.51150460184074
MP Stoinis,Delhi Daredevils,37.0,137.66233766233768
MP Stoinis,Gujarat Lions,22.333333333333332,128.86710239651416
MP Stoinis,Gujarat Titans,16.8,82.53229974160206
MP Stoinis,Kings XI Punjab,34.0,166.3235294117647
MP Stoinis,Kolkata Knight Riders,13.25,123.82561580931146
MP Stoinis,Lucknow Super Giants,15.0,300.0
MP Stoinis,Mumbai Indians,22.8,97.38727650645629
MP Stoinis,Punjab Kings,26.8,145.86247086247084
MP Stoinis,Rajasthan Royals,16.307692307692307,88.52613717551799
MP Stoinis,Royal Challengers Bangalore,24.3,142.99338274384712
MP Stoinis,Royal Challengers Bengaluru,12.8,202.58823529411765
MP Stoinis,Sunrisers Hyderabad,17.875,131.53878528878528
MR Marsh,Chennai Super Kings,15.166666666666666,107.22222222222221
MR Marsh,Deccan Chargers,37.0,132.14285714285714
MR Marsh,Delhi Capitals,58.5,162.5
MR Marsh,Delhi Daredevils,13.0,68.42105263157895
MR Marsh,Gujarat Lions,7.0,63.63636363636363
MR Marsh,Gujarat Titans,60.5,141.40625
MR Marsh,Kings XI Punjab,10.666666666666666,119.06565656565657
MR Marsh,Kolkata Knight Riders,20.2,87.8373015873016
MR Marsh,Lucknow Super Giants,18.5,92.5
MR Marsh,Mumbai Indians,33.0,121.88208005178552
MR Marsh,Punjab Kings,17.2,74.58333333333334
MR Marsh,Rajasthan Royals,37.75,142.13709677419357
MR Marsh,Royal Challengers Bangalore,12.8,63.12446717817561
MR Marsh,Royal Challengers Bengaluru,67.0,186.11111111111111
MR Marsh,Sunrisers Hyderabad,33.714285714285715,163.78521631977853
MS Bisla,Chennai Super Kings,46.4,126.21195949644225
MS Bisla,Deccan Chargers,9.666666666666666,55.79975579975581
MS Bisla,Delhi Daredevils,3.3333333333333335,44.97354497354497
MS Bisla,Kings XI Punjab,22.25,75.62012987012987
MS Bisla,Kochi Tuskers Kerala,16.0,114.28571428571428
MS Bisla,Kolkata Knight Riders,20.0,115.06410256410255
MS Bisla,Mumbai Indians,12.25,93.61842105263158
MS Bisla,Pune Warriors,6.5,58.65384615384615
MS Bisla,Rajasthan Royals,15.875,85.7346681096681
MS Bisla,Royal Challengers Bangalore,30.0,87.26259946949602
MS Bisla,Sunrisers Hyderabad,21.5,100.00000000000001
MS Dhoni,Deccan Chargers,28.1,107.50777489006074
MS Dhoni,Delhi Capitals,19.384615384615383,150.04942706865785
MS Dhoni,Delhi Daredevils,25.63157894736842,132.8033697408836
MS Dhoni,Gujarat Lions,20.75,131.98863636363637
MS Dhoni,Gujarat Titans,9.6,111.27272727272728
MS Dhoni,Kings XI Punjab,28.333333333333332,135.04149805514544
MS Dhoni,Kochi Tuskers Kerala,11.5,128.84615384615384
MS Dhoni,Kolkata Knight Riders,19.133333333333333,113.1512013443386
MS Dhoni,Lucknow Super Giants,17.2,322.8282828282828
MS Dhoni,Mumbai Indians,20.31578947368421,118.79087104416053
MS Dhoni,Pune Warriors,27.0,162.32244607244607
MS Dhoni,Punjab Kings,14.0,158.43223905723906
MS Dhoni,Rajasthan Royals,22.5,121.7586339138095
MS Dhoni,Royal Challengers Bangalore,27.06451612903226,131.52140329541183
MS Dhoni,Royal Challengers Bengaluru,22.333333333333332,181.94444444444443
MS Dhoni,Sunrisers Hyderabad,23.80952380952381,136.79166724141317
MV Boucher,Chennai Super Kings,9.25,109.28571428571428
MV Boucher,Deccan Chargers,10.5,98.80952380952381
MV Boucher,Delhi Daredevils,19.75,125.64775910364142
MV Boucher,Kings XI Punjab,20.5,85.9375
MV Boucher,Kochi Tuskers Kerala,5.0,125.0
MV Boucher,Kolkata Knight Riders,23.75,134.88247863247864
MV Boucher,Mumbai Indians,35.0,156.90590111642743
MV Boucher,Rajasthan Royals,5.0,57.5
MV Boucher,Royal Challengers Bangalore,1.0,50.0
Mandeep Singh,Chennai Super Kings,16.916666666666668,103.10963124566065
Mandeep Singh,Deccan Chargers,36.666666666666664,127.91666666666667
Mandeep Singh,Delhi Capitals,23.666666666666668,119.43241943241942
Mandeep Singh,Delhi Daredevils,12.25,111.73611111111111
Mandeep Singh,Gujarat Lions,8.0,57.14285714285714
Mandeep Singh,Gujarat Titans,18.0,112.5
Mandeep Singh,Kings XI Punjab,24.0,102.62848297213623
Mandeep Singh,Kochi Tuskers Kerala,15.0,150.0
Mandeep Singh,Kolkata Knight Riders,26.266666666666666,124.25871640645923
Mandeep Singh,Mumbai Indians,11.083333333333334,106.50488400488399
Mandeep Singh,Pune Warriors,29.6,103.1251507113576
Mandeep Singh,Punjab Kings,2.0,50.0
Mandeep Singh,Rajasthan Royals,16.272727272727273,98.59001782531195
Mandeep Singh,Rising Pune Supergiant,0.0,0.0
Mandeep Singh,Royal Challengers Bangalore,17.428571428571427,110.35714285714286
Mandeep Singh,Sunrisers Hyderabad,7.7272727272727275,65.48260698458327
Mohammed Shami,Chennai Super Kings,5.0,69.44444444444444
Mohammed Shami,Delhi Capitals,0.5,50.0
Mohammed Shami,Gujarat Lions,4.0,200.0
Mohammed Shami,Gujarat Titans,6.0,300.0
Mohammed Shami,Kings XI Punjab,1.0,33.333333333333336
Mohammed Shami,Kolkata Knight Riders,2.0,43.333333333333336
Mohammed Shami,Lucknow Super Giants,1.0,33.33333333333333
Mohammed Shami,Mumbai Indians,4.5,137.5
Mohammed Shami,Rajasthan Royals,5.0,50.0
Mohammed Shami,Rising Pune Supergiant,2.0,50.0
Mohammed Shami,Rising Pune Supergiants,2.0,66.66666666666666
Mohammed Shami,Royal Challengers Bangalore,11.0,166.66666666666663
Mohammed Shami,Sunrisers Hyderabad,1.0,50.0
Mohammed Siraj,Chennai Super Kings,6.4,66.16883116883116
Mohammed Siraj,Delhi Capitals,3.0,75.0
Mohammed Siraj,Kolkata Knight Riders,8.0,80.0
Mohammed Siraj,Lucknow Super Giants,6.0,75.0
Mohammed Siraj,Mumbai Indians,4.0,133.33333333333331
Mohammed Siraj,Punjab Kings,4.5,34.61538461538461
Mohammed Siraj,Rajasthan Royals,6.666666666666667,105.55555555555556
Mohammed Siraj,Sunrisers Hyderabad,4.25,75.5952380952381
N Pooran,Chennai Super Kings,23.363636363636363,145.6333735840377
N Pooran,Delhi Capitals,33.888888888888886,145.72146142407578
N Pooran,Gujarat Titans,27.142857142857142,121.91793267423519
N Pooran,Kolkata Knight Riders,27.636363636363637,136.8786075036075
N Pooran,Lucknow Super Giants,34.0,141.66666666666669
N Pooran,Mumbai Indians,24.4,142.55929766274593
N Pooran,Punjab Kings,25.285714285714285,124.31077694235589
N Pooran,Rajasthan Royals,19.181818181818183,128.1858336292926
N Pooran,Royal Challengers Bangalore,20.25,186.5236006683375
N Pooran,Royal Challengers Bengaluru,26.5,160.23809523809524
N Pooran,Sunrisers Hyderabad,39.55555555555556,209.78164978164978
N Rana,Chennai Super Kings,30.416666666666668,107.39060292660422
N Rana,Delhi Capitals,32.45454545454545,126.72899998800513
N Rana,Delhi Daredevils,25.0,123.91534391534391
N Rana,Gujarat Lions,47.333333333333336,155.32407407407408
N Rana,Gujarat Titans,11.2,110.08210180623973
N Rana,Kings XI Punjab,22.25,118.87796027501909
N Rana,Kolkata Knight Riders,29.0,130.65134099616859
N Rana,Lucknow Super Giants,15.0,100.84415584415584
N Rana,Mumbai Indians,22.25,130.68759711447606
N Rana,Punjab Kings,19.666666666666668,103.17296509246974
N Rana,Rajasthan Royals,20.363636363636363,115.82889954012948
N Rana,Rising Pune Supergiant,18.5,77.38095238095238
N Rana,Royal Challengers Bangalore,23.357142857142858,121.22445954666452
N Rana,Royal Challengers Bengaluru,16.0,263.6363636363636
N Rana,Sunrisers Hyderabad,32.76470588235294,133.20187843028893
N Wadhera,Chennai Super Kings,26.0,147.38562091503266
N Wadhera,Delhi Capitals,10.0,150.0
N Wadhera,Gujarat Titans,19.666666666666668,179.36507936507937
N Wadhera,Kolkata Knight Riders,6.25,103.91414141414141
N Wadhera,Lucknow Super Giants,24.166666666666668,127.82881662149954
N Wadhera,Mumbai Indians,25.0,132.75862068965517
N Wadhera,Punjab Kings,0.0,0.0
N Wadhera,Rajasthan Royals,60.333333333333336,181.52512268365925
N Wadhera,Royal Challengers Bangalore,36.5,159.55710955710956
N Wadhera,Royal Challengers Bengaluru,15.25,107.30994152046785
N Wadhera,Sunrisers Hyderabad,27.0,122.72727272727272
NLTC Perera,Chennai Super Kings,23.0,176.9230769230769
NLTC Perera,Deccan Chargers,22.0,95.65217391304348
NLTC Perera,Delhi Daredevils,6.333333333333333,153.17460317460316
NLTC Perera,Gujarat Lions,3.0,150.0
NLTC Perera,Kings XI Punjab,18.0,142.13731297941825
NLTC Perera,Kolkata Knight Riders,14.8,109.6030303030303
NLTC Perera,Mumbai Indians,7.0,86.66666666666666
NLTC Perera,Pune Warriors,10.666666666666666,72.22222222222223
NLTC Perera,Rajasthan Royals,8.25,109.77564102564102
NLTC Perera,Royal Challengers Bangalore,24.25,177.6128762541806
NLTC Perera,Sunrisers Hyderabad,17.0,130.76923076923077
NV Ojha,Chennai Super Kings,27.7,120.84360612932042
NV Ojha,Deccan Chargers,13.125,62.98260971055089
NV Ojha,Delhi Daredevils,15.428571428571429,166.0891023075897
NV Ojha,Gujarat Lions,9.5,137.5
NV Ojha,Kings XI Punjab,29.666666666666668,133.73705578446956
NV Ojha,Kochi Tuskers Kerala,6.5,46.42857142857143
NV Ojha,Kolkata Knight Riders,16.1875,99.88222677081373
NV Ojha,Mumbai Indians,8.0,94.24603174603175
NV Ojha,Pune Warriors,10.0,115.88693957115008
NV Ojha,Rajasthan Royals,10.285714285714286,110.01697792869268
NV Ojha,Rising Pune Supergiant,9.0,100.0
NV Ojha,Rising Pune Supergiants,12.5,112.85714285714286
NV Ojha,Royal Challengers Bangalore,16.727272727272727,104.44697248525
NV Ojha,Sunrisers Hyderabad,1.0,25.0
Nithish Kumar Reddy,Chennai Super Kings,16.0,144.44444444444443
Nithish Kumar Reddy,Delhi Capitals,18.5,68.51851851851852
Nithish Kumar Reddy,Gujarat Titans,26.0,150.58823529411762
Nithish Kumar Reddy,Kolkata Knight Riders,13.666666666666666,115.55555555555554
Nithish Kumar Reddy,Lucknow Super Giants,18.5,182.14285714285714
Nithish Kumar Reddy,Mumbai Indians,13.666666666666666,85.71428571428571
Nithish Kumar Reddy,Punjab Kings,50.5,160.48648648648648
Nithish Kumar Reddy,Rajasthan Royals,37.0,143.65079365079364
Nithish Kumar Reddy,Royal Challengers Bengaluru,8.5,78.57142857142857
OA Shah,Chennai Super Kings,20.0,115.31007751937985
OA Shah,Deccan Chargers,32.666666666666664,108.50014875260315
OA Shah,Delhi Daredevils,1.0,66.66666666666666
OA Shah,Kings XI Punjab,18.5,183.33333333333334
OA Shah,Kolkata Knight Riders,26.0,137.37373737373738
OA Shah,Mumbai Indians,45.0,144.13388543823328
OA Shah,Pune Warriors,4.0,57.14285714285714
OA Shah,Rajasthan Royals,19.0,111.76470588235294
OA Shah,Royal Challengers Bangalore,18.25,109.35897435897436
P Kumar,Chennai Super Kings,7.0,102.98701298701299
P Kumar,Deccan Chargers,6.0,124.99999999999999
P Kumar,Delhi Daredevils,3.3333333333333335,95.0
P Kumar,Kings XI Punjab,8.4,100.21978021978022
P Kumar,Kolkata Knight Riders,5.714285714285714,86.42857142857143
P Kumar,Mumbai Indians,4.555555555555555,58.60990860990861
P Kumar,Pune Warriors,2.3333333333333335,56.666666666666664
P Kumar,Rajasthan Royals,11.571428571428571,121.3265306122449
P Kumar,Royal Challengers Bangalore,5.666666666666667,96.42857142857143
P Kumar,Sunrisers Hyderabad,3.1666666666666665,80.55555555555556
P Negi,Chennai Super Kings,4.333333333333333,72.22222222222221
P Negi,Delhi Capitals,0.0,0.0
P Negi,Delhi Daredevils,9.333333333333334,149.16666666666666
P Negi,Gujarat Lions,17.5,121.71052631578947
P Negi,Kings XI Punjab,14.5,245.65217391304347
P Negi,Kolkata Knight Riders,11.8,125.23862102809471
P Negi,Mumbai Indians,14.285714285714286,105.5626598465473
P Negi,Pune Warriors,8.0,100.0
P Negi,Rajasthan Royals,3.0,91.66666666666667
P Negi,Rising Pune Supergiant,6.5,92.85714285714286
P Negi,Rising Pune Supergiants,19.0,158.33333333333331
P Negi,Royal Challengers Bangalore,9.25,146.42857142857142
P Negi,Sunrisers Hyderabad,15.0,136.36363636363637
P Simran Singh,Chennai Super Kings,27.8,117.08695652173913
P Simran Singh,Delhi Capitals,40.166666666666664,140.48882155951299
P Simran Singh,Gujarat Titans,18.75,95.83333333333333
P Simran Singh,Kolkata Knight Riders,34.333333333333336,173.62103174603178
P Simran Singh,Lucknow Super Giants,38.4,166.63677009265243
P Simran Singh,Mumbai Indians,10.8,85.88585434173669
P Simran Singh,Rajasthan Royals,19.333333333333332,135.69152661064425
P Simran Singh,Royal Challengers Bangalore,26.5,126.66666666666667
P Simran Singh,Royal Challengers Bengaluru,20.166666666666668,155.633788869083
P Simran Singh,Sunrisers Hyderabad,22.571428571428573,109.42050206116701
PA Patel,Chennai Super Kings,25.384615384615383,92.9399609373536
PA Patel,Deccan Chargers,6.0,35.18518518518518
PA Patel,Delhi Capitals,24.0,147.5
PA Patel,Delhi Daredevils,19.125,99.04099266843325
PA Patel,Gujarat Lions,34.666666666666664,92.11076280041796
PA Patel,Kings XI Punjab,34.294117647058826,132.5466041401444
PA Patel,Kolkata Knight Riders,21.125,107.61363323399084
PA Patel,Mumbai Indians,17.5,92.46892483734588
PA Patel,Pune Warriors,15.2,96.54970760233917
PA Patel,Rajasthan Royals,19.4375,117.87832571839925
PA Patel,Rising Pune Supergiant,27.0,113.65079365079364
PA Patel,Rising Pune Supergiants,21.0,140.0
PA Patel,Royal Challengers Bangalore,13.125,83.11067238360194
PA Patel,Sunrisers Hyderabad,14.916666666666666,91.27595355536532
PC Valthaty,Chennai Super Kings,120.0,190.47619047619045
PC Valthaty,Deccan Chargers,40.0,125.00000000000001
PC Valthaty,Delhi Daredevils,19.75,76.0
PC Valthaty,Kochi Tuskers Kerala,17.0,170.0
PC Valthaty,Kolkata Knight Riders,6.666666666666667,86.30952380952381
PC Valthaty,Mumbai Indians,23.5,93.42105263157896
PC Valthaty,Pune Warriors,7.5,56.13636363636364
PC Valthaty,Rajasthan Royals,29.5,122.64367816091954
PC Valthaty,Royal Challengers Bangalore,15.666666666666666,99.63235294117646
PC Valthaty,Sunrisers Hyderabad,6.0,35.294117647058826
PD Salt,Chennai Super Kings,13.0,101.13636363636363
PD Salt,Delhi Capitals,41.0,195.77020202020205
PD Salt,Gujarat Titans,7.0,53.84615384615385
PD Salt,Kolkata Knight Riders,30.5,173.65591397849462
PD Salt,Lucknow Super Giants,50.333333333333336,196.24629756208705
PD Salt,Mumbai Indians,5.0,162.22222222222223
PD Salt,Punjab Kings,28.428571428571427,148.0136499044062
PD Salt,Rajasthan Royals,33.666666666666664,128.97875071788116
PD Salt,Royal Challengers Bangalore,87.0,193.3333333333333
PD Salt,Royal Challengers Bengaluru,39.0,246.42857142857142
PD Salt,Sunrisers Hyderabad,43.75,125.89285714285714
PJ Cummins,Chennai Super Kings,22.0,113.60877684407097
PJ Cummins,Delhi Capitals,4.6,94.3040293040293
PJ Cummins,Gujarat Lions,24.0,184.6153846153846
PJ Cummins,Gujarat Titans,14.333333333333334,178.14814814814815
PJ Cummins,Kings XI Punjab,6.0,112.5
PJ Cummins,Kolkata Knight Riders,14.2,83.9298245614035
PJ Cummins,Lucknow Super Giants,18.0,450.0
PJ Cummins,Mumbai Indians,20.0,147.09722222222223
PJ Cummins,Punjab Kings,3.0,75.0
PJ Cummins,Rajasthan Royals,7.0,87.17171717171716
PJ Cummins,Rising Pune Supergiant,11.0,183.3333333333333
PJ Cummins,Royal Challengers Bangalore,4.8,138.0392156862745
PJ Cummins,Royal Challengers Bengaluru,22.0,211.66666666666666
PJ Cummins,Sunrisers Hyderabad,3.0,100.0
PP Chawla,Chennai Super Kings,5.416666666666667,79.01709401709401
PP Chawla,Deccan Chargers,9.166666666666666,155.45380545380544
PP Chawla,Delhi Capitals,12.0,241.1111111111111
PP Chawla,Delhi Daredevils,6.0,87.25703146755778
PP Chawla,Gujarat Lions,11.0,68.75
PP Chawla,Gujarat Titans,6.0,50.0
PP Chawla,Kings XI Punjab,9.0,185.42087542087543
PP Chawla,Kolkata Knight Riders,6.444444444444445,87.77777777777777
PP Chawla,Mumbai Indians,6.555555555555555,65.06308506308505
PP Chawla,Pune Warriors,17.333333333333332,113.69047619047619
PP Chawla,Rajasthan Royals,6.071428571428571,93.10657596371881
PP Chawla,Rising Pune Supergiants,8.0,160.0
PP Chawla,Royal Challengers Bangalore,5.25,172.91666666666666
PP Chawla,Sunrisers Hyderabad,8.0,75.55555555555556
PP Shaw,Chennai Super Kings,26.75,124.0668871474425
PP Shaw,Gujarat Titans,8.75,139.16666666666669
PP Shaw,Kings XI Punjab,9.4,91.47474747474749
PP Shaw,Kolkata Knight Riders,38.90909090909091,151.93801801837583
PP Shaw,Lucknow Super Giants,27.5,132.40705373058313
PP Shaw,Mumbai Indians,17.416666666666668,116.74760022586109
PP Shaw,Punjab Kings,41.5,178.15332113706728
PP Shaw,Rajasthan Royals,18.333333333333332,94.5925925925926
PP Shaw,Royal Challengers Bangalore,20.444444444444443,120.4959691495456
PP Shaw,Sunrisers Hyderabad,25.22222222222222,135.90439936931165
Q de Kock,Chennai Super Kings,25.75,119.4796066341894
Q de Kock,Delhi Capitals,29.666666666666668,137.55174042551494
Q de Kock,Delhi Daredevils,18.0,112.5
Q de Kock,Gujarat Lions,25.5,73.83838383838383
Q de Kock,Gujarat Titans,23.5,127.12737127371274
Q de Kock,Kings XI Punjab,37.0,103.26194691923592
Q de Kock,Kolkata Knight Riders,30.333333333333332,109.21422426020128
Q de Kock,Lucknow Super Giants,15.0,166.66666666666669
Q de Kock,Mumbai Indians,15.777777777777779,109.5556912223579
Q de Kock,Pune Warriors,2.0,25.0
Q de Kock,Punjab Kings,26.4,93.90660715161623
Q de Kock,Rajasthan Royals,39.0,143.0477774240137
Q de Kock,Rising Pune Supergiants,2.0,25.0
Q de Kock,Royal Challengers Bangalore,33.72727272727273,122.50899972733329
Q de Kock,Royal Challengers Bengaluru,42.5,112.32142857142857
Q de Kock,Sunrisers Hyderabad,27.533333333333335,102.88561906558512
R Ashwin,Chennai Super Kings,12.571428571428571,100.60229625447018
R Ashwin,Deccan Chargers,3.6666666666666665,67.77777777777779
R Ashwin,Delhi Capitals,20.0,108.0325814536341
R Ashwin,Delhi Daredevils,6.6,108.37362637362637
R Ashwin,Gujarat Titans,5.6,146.66666666666669
R Ashwin,Kings XI Punjab,4.888888888888889,101.02693602693603
R Ashwin,Kolkata Knight Riders,9.416666666666666,98.80432067932067
R Ashwin,Lucknow Super Giants,13.666666666666666,138.19875776397518
R Ashwin,Mumbai Indians,8.5,88.46938775510203
R Ashwin,Pune Warriors,11.0,220.00000000000003
R Ashwin,Punjab Kings,14.0,73.68421052631578
R Ashwin,Rajasthan Royals,8.25,130.30563186813185
R Ashwin,Royal Challengers Bangalore,8.818181818181818,133.8816738816739
R Ashwin,Royal Challengers Bengaluru,11.0,137.5
R Ashwin,Sunrisers Hyderabad,6.142857142857143,67.52380952380952
R Bhatia,Chennai Super Kings,6.875,82.73809523809523
R Bhatia,Deccan Chargers,2.0,100.0
R Bhatia,Delhi Daredevils,16.5,100.66616390145802
R Bhatia,Gujarat Lions,0.0,0.0
R Bhatia,Kings XI Punjab,7.4,110.0
R Bhatia,Kochi Tuskers Kerala,5.5,112.5
R Bhatia,Kolkata Knight Riders,3.0,255.55555555555554
R Bhatia,Mumbai Indians,5.555555555555555,115.83333333333333
R Bhatia,Pune Warriors,8.0,134.8148148148148
R Bhatia,Rajasthan Royals,10.0,135.71428571428572
R Bhatia,Royal Challengers Bangalore,9.666666666666666,206.1038961038961
R Bhatia,Sunrisers Hyderabad,4.0,91.66666666666666
R Dhawan,Chennai Super Kings,14.0,112.5
R Dhawan,Delhi Capitals,4.0,30.76923076923077
R Dhawan,Delhi Daredevils,8.0,160.0
R Dhawan,Gujarat Titans,1.0,100.0
R Dhawan,Kings XI Punjab,14.0,93.33333333333331
R Dhawan,Kolkata Knight Riders,14.0,109.57070707070706
R Dhawan,Lucknow Super Giants,21.0,95.45454545454544
R Dhawan,Mumbai Indians,10.0,127.77777777777779
R Dhawan,Rajasthan Royals,3.0,150.0
R Dhawan,Rising Pune Supergiants,11.0,275.0
R Dhawan,Royal Challengers Bangalore,10.333333333333334,145.95959595959596
R Dhawan,Sunrisers Hyderabad,3.5,108.33333333333333
R Dravid,Chennai Super Kings,23.083333333333332,93.57952777070425
R Dravid,Deccan Chargers,30.818181818181817,120.19421514158357
R Dravid,Delhi Daredevils,35.3,118.25285371698217
R Dravid,Kings XI Punjab,25.0,99.86465740142211
R Dravid,Kochi Tuskers Kerala,22.5,71.95945945945945
R Dravid,Kolkata Knight Riders,20.4,109.19208542002659
R Dravid,Mumbai Indians,17.727272727272727,92.80856786538605
R Dravid,Pune Warriors,33.0,108.47872340425533
R Dravid,Rajasthan Royals,29.2,94.16666666666666
R Dravid,Royal Challengers Bangalore,35.4,116.37371238818109
R Dravid,Sunrisers Hyderabad,24.333333333333332,109.0079365079365
R Parag,Chennai Super Kings,17.428571428571427,106.93877551020408
R Parag,Delhi Capitals,19.8,100.69758812615956
R Parag,Gujarat Titans,22.5,130.16369047619045
R Parag,Kings XI Punjab,0.0,0.0
R Parag,Kolkata Knight Riders,28.25,139.8390587906717
R Parag,Lucknow Super Giants,23.0,144.88309822361546
R Parag,Mumbai Indians,21.5,140.84512231063954
R Parag,Punjab Kings,21.77777777777778,134.98818247837855
R Parag,Royal Challengers Bangalore,26.5,120.50851254480287
R Parag,Royal Challengers Bengaluru,23.0,148.7062937062937
R Parag,Sunrisers Hyderabad,20.333333333333332,131.79131054131054
R Powell,Chennai Super Kings,3.0,33.33333333333333
R Powell,Delhi Capitals,9.0,115.0
R Powell,Gujarat Titans,20.0,166.66666666666669
R Powell,Kolkata Knight Riders,22.333333333333332,179.8611111111111
R Powell,Lucknow Super Giants,13.0,76.66666666666667
R Powell,Mumbai Indians,15.666666666666666,75.49019607843137
R Powell,Punjab Kings,5.666666666666667,111.11111111111113
R Powell,Rajasthan Royals,19.0,170.0
R Powell,Royal Challengers Bangalore,0.0,0.0
R Powell,Royal Challengers Bengaluru,16.0,200.0
R Powell,Sunrisers Hyderabad,33.333333333333336,140.47619047619048
R Sathish,Chennai Super Kings,3.4,53.77777777777777
R Sathish,Deccan Chargers,3.0,60.0
R Sathish,Delhi Daredevils,14.0,127.47252747252747
R Sathish,Kings XI Punjab,18.5,153.26797385620915
R Sathish,Kolkata Knight Riders,16.0,145.45454545454544
R Sathish,Rajasthan Royals,5.8,104.0
R Sathish,Rising Pune Supergiants,10.0,125.0
R Sathish,Royal Challengers Bangalore,20.25,136.2012987012987
R Sathish,Sunrisers Hyderabad,16.5,113.88888888888889
R Tewatia,Chennai Super Kings,9.777777777777779,95.56677890011223
R Tewatia,Delhi Capitals,15.444444444444445,151.04294335869724
R Tewatia,Kings XI Punjab,25.5,134.22545196738747
R Tewatia,Kolkata Knight Riders,15.875,102.33796296296296
R Tewatia,Lucknow Super Giants,16.0,99.30555555555556
R Tewatia,Mumbai Indians,12.444444444444445,154.56922706922708
R Tewatia,Punjab Kings,12.25,205.68108974358972
R Tewatia,Rajasthan Royals,14.0,181.25
R Tewatia,Rising Pune Supergiant,4.0,133.33333333333331
R Tewatia,Royal Challengers Bangalore,16.444444444444443,127.17776801834773
R Tewatia,Royal Challengers Bengaluru,35.0,166.66666666666669
R Tewatia,Sunrisers Hyderabad,13.375,117.41071428571428
R Vinay Kumar,Chennai Super Kings,3.4,196.66666666666669
R Vinay Kumar,Deccan Chargers,9.25,87.96992481203007
R Vinay Kumar,Delhi Daredevils,7.0,106.94444444444446
R Vinay Kumar,Gujarat Lions,1.0,100.0
R Vinay Kumar,Kings XI Punjab,1.0,77.77777777777777
R Vinay Kumar,Kolkata Knight Riders,12.5,78.46153846153847
R Vinay Kumar,Mumbai Indians,12.5,92.82679738562092
R Vinay Kumar,Pune Warriors,1.0,100.0
R Vinay Kumar,Rajasthan Royals,8.428571428571429,172.3137973137973
R Vinay Kumar,Rising Pune Supergiants,12.0,109.09090909090908
R Vinay Kumar,Royal Challengers Bangalore,4.333333333333333,126.66666666666667
R Vinay Kumar,Sunrisers Hyderabad,3.5,87.5
RA Jadeja,Chennai Super Kings,19.8,133.40939761992394
RA Jadeja,Deccan Chargers,17.833333333333332,79.09959002758191
RA Jadeja,Delhi Capitals,17.88888888888889,160.80900308841487
RA Jadeja,Delhi Daredevils,17.1875,135.76829243149575
RA Jadeja,Gujarat Titans,15.142857142857142,164.4047619047619
RA Jadeja,Kings XI Punjab,17.125,141.5762189199689
RA Jadeja,Kolkata Knight Riders,17.0,162.8106120230493
RA Jadeja,Lucknow Super Giants,20.0,105.84715576820841
RA Jadeja,Mumbai Indians,15.2,108.7085110795637
RA Jadeja,Pune Warriors,31.25,168.04159382284382
RA Jadeja,Punjab Kings,14.875,109.56707202111615
RA Jadeja,Rajasthan Royals,15.444444444444445,134.81154915937523
RA Jadeja,Rising Pune Supergiant,19.0,158.33333333333331
RA Jadeja,Rising Pune Supergiants,2.0,28.57142857142857
RA Jadeja,Royal Challengers Bangalore,12.652173913043478,113.7810916729681
RA Jadeja,Royal Challengers Bengaluru,42.25,160.1644932295087
RA Jadeja,Sunrisers Hyderabad,15.38888888888889,115.60117655386199
RA Tripathi,Chennai Super Kings,23.0,121.4976422057624
RA Tripathi,Delhi Capitals,17.0,136.81330107800696
RA Tripathi,Delhi Daredevils,10.25,141.38257575757575
RA Tripathi,Gujarat Lions,19.5,139.91596638655466
RA Tripathi,Gujarat Titans,11.333333333333334,121.5151515151515
RA Tripathi,Kings XI Punjab,16.833333333333332,95.95441595441595
RA Tripathi,Kolkata Knight Riders,29.142857142857142,145.34914107804133
RA Tripathi,Lucknow Super Giants,26.75,118.3599124452783
RA Tripathi,Mumbai Indians,20.818181818181817,98.04758942588855
RA Tripathi,Punjab Kings,35.285714285714285,135.91521981753075
RA Tripathi,Rajasthan Royals,25.375,116.61946057216687
RA Tripathi,Royal Challengers Bangalore,27.0,146.29166250792937
RA Tripathi,Royal Challengers Bengaluru,5.0,166.66666666666669
RA Tripathi,Sunrisers Hyderabad,23.428571428571427,115.0587228162922
RD Chahar,Chennai Super Kings,6.0,72.0
RD Chahar,Delhi Capitals,14.333333333333334,101.3888888888889
RD Chahar,Gujarat Lions,3.0,150.0
RD Chahar,Gujarat Titans,22.0,157.14285714285714
RD Chahar,Kings XI Punjab,1.0,100.0
RD Chahar,Kolkata Knight Riders,3.0,71.42857142857143
RD Chahar,Lucknow Super Giants,2.0,50.0
RD Chahar,Royal Challengers Bangalore,1.0,50.0
RD Chahar,Royal Challengers Bengaluru,5.0,100.0
RD Chahar,Sunrisers Hyderabad,3.3333333333333335,47.61904761904762
RD Gaikwad,Delhi Capitals,27.0,105.21759259259258
RD Gaikwad,Gujarat Titans,50.0,124.86560859116625
RD Gaikwad,Kings XI Punjab,62.0,126.53061224489797
RD Gaikwad,Kolkata Knight Riders,40.875,122.31389876599701
RD Gaikwad,Lucknow Super Giants,45.75,129.91004962779158
RD Gaikwad,Mumbai Indians,32.333333333333336,117.316452172774
RD Gaikwad,Punjab Kings,22.5,86.25742685829765
RD Gaikwad,Rajasthan Royals,34.125,95.78494395988088
RD Gaikwad,Royal Challengers Bangalore,30.666666666666668,115.8233518044899
RD Gaikwad,Royal Challengers Bengaluru,5.0,33.333333333333336
RD Gaikwad,Sunrisers Hyderabad,56.285714285714285,143.9420576638622
RG Sharma,Chennai Super Kings,27.0,108.60380353682238
RG Sharma,Deccan Chargers,43.75,116.21813725490196
RG Sharma,Delhi Capitals,23.733333333333334,107.38347917514584
RG Sharma,Delhi Daredevils,30.47826086956522,128.26477836121416
RG Sharma,Gujarat Lions,20.5,107.66023473934224
RG Sharma,Gujarat Titans,27.625,131.46801450465244
RG Sharma,Kings XI Punjab,27.958333333333332,113.48612420739079
RG Sharma,Kolkata Knight Riders,31.852941176470587,114.26576724656283
RG Sharma,Lucknow Super Giants,25.285714285714285,138.35258653546308
RG Sharma,Mumbai Indians,20.6,94.17704517704517
RG Sharma,Pune Warriors,22.5,89.6702800361337
RG Sharma,Punjab Kings,26.375,112.67426500514736
RG Sharma,Rajasthan Royals,20.689655172413794,99.94624559266443
RG Sharma,Rising Pune Supergiant,21.5,87.66650016650016
RG Sharma,Rising Pune Supergiants,46.0,140.83333333333334
RG Sharma,Royal Challengers Bangalore,25.580645161290324,109.08702904597045
RG Sharma,Royal Challengers Bengaluru,27.5,173.6111111111111
RG Sharma,Sunrisers Hyderabad,21.4,133.50414821893082
RJ Harris,Chennai Super Kings,5.333333333333333,70.83333333333333
RJ Harris,Deccan Chargers,0.0,0.0
RJ Harris,Delhi Daredevils,6.0,150.0
RJ Harris,Kings XI Punjab,2.0,100.0
RJ Harris,Mumbai Indians,6.25,113.75
RJ Harris,Pune Warriors,4.0,100.0
RJ Harris,Rajasthan Royals,2.0,58.888888888888886
RJ Harris,Royal Challengers Bangalore,9.2,111.72222222222221
RK Singh,Chennai Super Kings,21.125,110.45759795759795
RK Singh,Delhi Capitals,20.4,166.83571428571426
RK Singh,Gujarat Titans,29.75,142.5
RK Singh,Lucknow Super Giants,33.4,185.6969696969697
RK Singh,Mumbai Indians,13.714285714285714,122.14017185821697
RK Singh,Punjab Kings,8.0,114.30555555555556
RK Singh,Rajasthan Royals,20.0,182.07729468599032
RK Singh,Royal Challengers Bangalore,23.333333333333332,142.79569892473117
RK Singh,Royal Challengers Bengaluru,13.666666666666666,123.33333333333333
RK Singh,Sunrisers Hyderabad,29.0,145.66626650660262
RM Patidar,Chennai Super Kings,24.8,110.19384057971016
RM Patidar,Delhi Capitals,28.5,128.026185770751
RM Patidar,Gujarat Titans,22.0,109.72222222222221
RM Patidar,Kolkata Knight Riders,22.5,140.89673913043478
RM Patidar,Lucknow Super Giants,51.666666666666664,183.13866427073978
RM Patidar,Mumbai Indians,40.666666666666664,164.10256410256412
RM Patidar,Punjab Kings,25.75,142.04484525136698
RM Patidar,Rajasthan Royals,27.25,106.49350649350649
RM Patidar,Sunrisers Hyderabad,31.25,167.20394736842104
RN ten Doeschate,Chennai Super Kings,38.0,135.71428571428572
RN ten Doeschate,Delhi Daredevils,11.0,154.16666666666666
RN ten Doeschate,Kings XI Punjab,8.0,95.47619047619047
RN ten Doeschate,Mumbai Indians,44.0,146.42857142857144
RN ten Doeschate,Pune Warriors,36.5,143.8095238095238
RN ten Doeschate,Rajasthan Royals,3.5,116.66666666666664
RN ten Doeschate,Royal Challengers Bangalore,8.0,150.89285714285714
RN ten Doeschate,Sunrisers Hyderabad,8.5,75.23809523809524
RP Singh,Chennai Super Kings,2.8,96.66666666666666
RP Singh,Deccan Chargers,0.0,0.0
RP Singh,Delhi Daredevils,0.8571428571428571,57.142857142857146
RP Singh,Kings XI Punjab,2.0,100.0
RP Singh,Kolkata Knight Riders,3.3333333333333335,86.66666666666667
RP Singh,Mumbai Indians,2.6666666666666665,73.33333333333333
RP Singh,Pune Warriors,0.0,0.0
RP Singh,Rajasthan Royals,1.75,62.916666666666664
RP Singh,Royal Challengers Bangalore,1.0,33.33333333333333
RR Pant,Chennai Super Kings,36.5,155.1322416009916
RR Pant,Delhi Capitals,0.0,0.0
RR Pant,Gujarat Lions,47.5,178.93211354309165
RR Pant,Gujarat Titans,36.8,176.34298072950838
RR Pant,Kings XI Punjab,16.22222222222222,114.96593012722045
RR Pant,Kolkata Knight Riders,24.4375,138.2748264595769
RR Pant,Lucknow Super Giants,39.25,142.32789855072463
RR Pant,Mumbai Indians,22.666666666666668,104.59097511058296
RR Pant,Punjab Kings,12.333333333333334,124.15832533479592
RR Pant,Rajasthan Royals,33.583333333333336,151.89942914222632
RR Pant,Rising Pune Supergiant,33.5,152.27272727272725
RR Pant,Rising Pune Supergiants,3.0,34.72222222222222
RR Pant,Royal Challengers Bangalore,35.083333333333336,137.00410088277735
RR Pant,Royal Challengers Bengaluru,118.0,193.44262295081967
RR Pant,Sunrisers Hyderabad,31.27777777777778,125.6895205725615
RR Rossouw,Chennai Super Kings,15.5,77.01777864821344
RR Rossouw,Gujarat Titans,5.666666666666667,87.3015873015873
RR Rossouw,Kolkata Knight Riders,26.0,162.5
RR Rossouw,Lucknow Super Giants,30.0,150.0
RR Rossouw,Mumbai Indians,8.333333333333334,68.25396825396825
RR Rossouw,Punjab Kings,43.5,160.8108108108108
RR Rossouw,Rajasthan Royals,18.0,142.94871794871796
RR Rossouw,Royal Challengers Bangalore,35.0,166.66666666666669
RR Rossouw,Royal Challengers Bengaluru,61.0,225.9259259259259
RR Rossouw,Sunrisers Hyderabad,31.5,136.95652173913044
RS Bopara,Chennai Super Kings,11.5,79.58333333333333
RS Bopara,Deccan Chargers,38.0,118.75
RS Bopara,Delhi Daredevils,34.0,136.34469696969697
RS Bopara,Kings XI Punjab,0.0,0.0
RS Bopara,Kolkata Knight Riders,5.666666666666667,50.0
RS Bopara,Mumbai Indians,10.0,51.014109347442684
RS Bopara,Rajasthan Royals,16.8,100.98675009201325
RS Bopara,Royal Challengers Bangalore,67.66666666666667,141.21520287621982
RV Uthappa,Chennai Super Kings,24.863636363636363,116.25336201011079
RV Uthappa,Deccan Chargers,13.8,95.39231452815044
RV Uthappa,Delhi Capitals,25.833333333333332,102.92227833894499
RV Uthappa,Delhi Daredevils,27.952380952380953,118.39805680611818
RV Uthappa,Gujarat Lions,37.0,140.52631578947367
RV Uthappa,Gujarat Titans,3.0,30.0
RV Uthappa,Kings XI Punjab,27.0,135.24106307078083
RV Uthappa,Kochi Tuskers Kerala,31.0,238.46153846153845
RV Uthappa,Kolkata Knight Riders,20.214285714285715,128.46996773190935
RV Uthappa,Lucknow Super Giants,50.0,185.1851851851852
RV Uthappa,Mumbai Indians,22.76923076923077,106.97100357469087
RV Uthappa,Punjab Kings,5.333333333333333,59.206349206349195
RV Uthappa,Rajasthan Royals,22.529411764705884,107.27645872212813
RV Uthappa,Rising Pune Supergiant,87.0,185.1063829787234
RV Uthappa,Rising Pune Supergiants,2.0,200.0
RV Uthappa,Royal Challengers Bangalore,31.227272727272727,114.49404503907458
RV Uthappa,Sunrisers Hyderabad,27.57894736842105,123.88102924480633
Ramandeep Singh,Chennai Super Kings,8.5,104.16666666666666
Ramandeep Singh,Delhi Capitals,7.5,180.0
Ramandeep Singh,Gujarat Titans,1.0,50.0
Ramandeep Singh,Kolkata Knight Riders,12.0,75.0
Ramandeep Singh,Lucknow Super Giants,13.0,233.33333333333334
Ramandeep Singh,Mumbai Indians,13.666666666666666,148.6111111111111
Ramandeep Singh,Punjab Kings,3.0,100.0
Ramandeep Singh,Rajasthan Royals,1.0,100.0
Ramandeep Singh,Royal Challengers Bangalore,6.0,50.0
Ramandeep Singh,Royal Challengers Bengaluru,15.0,166.66666666666663
Ramandeep Singh,Sunrisers Hyderabad,20.666666666666668,237.3611111111111
Rashid Khan,Chennai Super Kings,15.666666666666666,182.45319495319495
Rashid Khan,Delhi Capitals,9.777777777777779,85.39241622574956
Rashid Khan,Kings XI Punjab,2.3333333333333335,216.66666666666666
Rashid Khan,Kolkata Knight Riders,8.6,114.66666666666666
Rashid Khan,Lucknow Super Giants,2.6666666666666665,100.0
Rashid Khan,Mumbai Indians,7.933333333333334,99.09325396825396
Rashid Khan,Punjab Kings,2.0,58.333333333333336
Rashid Khan,Rajasthan Royals,10.0,153.33333333333331
Rashid Khan,Rising Pune Supergiant,3.0,75.0
Rashid Khan,Royal Challengers Bangalore,8.5,136.66666666666666
Rashid Khan,Royal Challengers Bengaluru,18.0,128.57142857142858
Rashid Khan,Sunrisers Hyderabad,7.75,70.45454545454545
S Badrinath,Deccan Chargers,10.875,99.47493224932249
S Badrinath,Delhi Daredevils,23.125,128.12893907563026
S Badrinath,Kings XI Punjab,30.625,113.25143532590342
S Badrinath,Kochi Tuskers Kerala,16.0,120.88235294117646
S Badrinath,Kolkata Knight Riders,34.333333333333336,102.72139784334907
S Badrinath,Mumbai Indians,22.928571428571427,98.5385581464774
S Badrinath,Pune Warriors,39.8,131.90426508974898
S Badrinath,Rajasthan Royals,19.25,158.65338929363318
S Badrinath,Royal Challengers Bangalore,12.777777777777779,94.3244890548812
S Dhawan,Chennai Super Kings,36.44827586206897,118.1239413437344
S Dhawan,Deccan Chargers,23.6,87.45421245421245
S Dhawan,Delhi Capitals,11.4,98.83333333333333
S Dhawan,Delhi Daredevils,34.8,135.63363012389382
S Dhawan,Gujarat Lions,25.4,102.08093126385809
S Dhawan,Gujarat Titans,26.5,95.9119496855346
S Dhawan,Kings XI Punjab,30.541666666666668,101.94475714403994
S Dhawan,Kochi Tuskers Kerala,4.0,44.44444444444444
S Dhawan,Kolkata Knight Riders,29.258064516129032,116.0157577097087
S Dhawan,Lucknow Super Giants,25.333333333333332,74.44444444444444
S Dhawan,Mumbai Indians,32.17857142857143,108.97921121938539
S Dhawan,Pune Warriors,20.25,117.71330956625074
S Dhawan,Punjab Kings,80.5,167.2818063395571
S Dhawan,Rajasthan Royals,28.291666666666668,115.86546186896057
S Dhawan,Rising Pune Supergiant,24.5,130.89080459770113
S Dhawan,Rising Pune Supergiants,44.5,113.9412997903564
S Dhawan,Royal Challengers Bangalore,28.291666666666668,115.74837354951616
S Dhawan,Royal Challengers Bengaluru,45.0,121.62162162162164
S Dhawan,Sunrisers Hyderabad,31.5,99.49509706494153
S Dube,Chennai Super Kings,26.25,108.63095238095238
S Dube,Delhi Capitals,18.77777777777778,142.05359779921184
S Dube,Gujarat Titans,20.0,124.8515173906798
S Dube,Kings XI Punjab,17.5,110.52631578947367
S Dube,Kolkata Knight Riders,30.625,127.05575477317365
S Dube,Lucknow Super Giants,37.6,146.69444444444446
S Dube,Mumbai Indians,23.166666666666668,129.0289336952113
S Dube,Punjab Kings,20.5,110.55402620818442
S Dube,Rajasthan Royals,27.0,142.39520202020202
S Dube,Royal Challengers Bangalore,64.33333333333333,180.95477724100908
S Dube,Royal Challengers Bengaluru,17.0,173.69047619047618
S Dube,Sunrisers Hyderabad,17.0,113.7571951857666
S Gopal,Chennai Super Kings,9.0,117.14285714285715
S Gopal,Delhi Capitals,7.25,102.97619047619048
S Gopal,Delhi Daredevils,11.0,110.0
S Gopal,Kings XI Punjab,8.333333333333334,83.33333333333333
S Gopal,Kolkata Knight Riders,11.5,92.85714285714286
S Gopal,Mumbai Indians,4.666666666666667,78.57142857142857
S Gopal,Rajasthan Royals,1.0,100.0
S Gopal,Rising Pune Supergiants,2.0,12.5
S Gopal,Royal Challengers Bangalore,7.0,175.0
S Gopal,Sunrisers Hyderabad,18.0,100.0
S Nadeem,Chennai Super Kings,3.3333333333333335,55.357142857142854
S Nadeem,Delhi Capitals,2.0,66.66666666666666
S Nadeem,Kings XI Punjab,1.5,21.428571428571423
S Nadeem,Kolkata Knight Riders,3.3333333333333335,41.666666666666664
S Nadeem,Mumbai Indians,1.0,28.888888888888886
S Nadeem,Pune Warriors,6.0,120.0
S Nadeem,Rajasthan Royals,1.0,25.0
S Nadeem,Royal Challengers Bangalore,1.0,15.476190476190474
S Nadeem,Sunrisers Hyderabad,0.0,0.0
S Sohal,Chennai Super Kings,20.333333333333332,106.66666666666664
S Sohal,Deccan Chargers,19.5,125.73529411764706
S Sohal,Delhi Daredevils,32.5,88.10975609756098
S Sohal,Kings XI Punjab,7.0,140.0
S Sohal,Kochi Tuskers Kerala,1.0,25.0
S Sohal,Kolkata Knight Riders,25.5,138.52941176470588
S Sohal,Mumbai Indians,17.0,115.5844155844156
S Sohal,Pune Warriors,17.0,60.71428571428571
S Sohal,Rajasthan Royals,2.0,50.0
S Sohal,Royal Challengers Bangalore,38.0,105.55555555555556
SA Yadav,Chennai Super Kings,25.705882352941178,101.89601976871701
SA Yadav,Delhi Capitals,27.615384615384617,110.23874820592408
SA Yadav,Delhi Daredevils,18.857142857142858,197.7588383838384
SA Yadav,Gujarat Lions,7.333333333333333,84.92063492063492
SA Yadav,Gujarat Titans,45.142857142857146,166.12011243321663
SA Yadav,Kings XI Punjab,19.0,138.35978835978835
SA Yadav,Kolkata Knight Riders,36.46153846153846,150.70908402808857
SA Yadav,Lucknow Super Giants,26.875,124.39407222837457
SA Yadav,Mumbai Indians,20.428571428571427,210.12324929971987
SA Yadav,Pune Warriors,0.0,0.0
SA Yadav,Punjab Kings,47.25,145.64831325422233
SA Yadav,Rajasthan Royals,34.13333333333333,137.5690031260657
SA Yadav,Rising Pune Supergiant,30.0,187.5
SA Yadav,Rising Pune Supergiants,60.0,122.44897959183672
SA Yadav,Royal Challengers Bangalore,25.0,115.24697998881948
SA Yadav,Royal Challengers Bengaluru,40.0,190.68825910931173
SA Yadav,Sunrisers Hyderabad,26.31578947368421,160.44761206982648
SC Ganguly,Chennai Super Kings,11.285714285714286,63.91004984989947
SC Ganguly,Deccan Chargers,32.7,79.0434892501941
SC Ganguly,Delhi Daredevils,25.666666666666668,107.86922015182886
SC Ganguly,Kings XI Punjab,33.57142857142857,128.14191085239128
SC Ganguly,Kolkata Knight Riders,19.666666666666668,82.39177489177489
SC Ganguly,Mumbai Indians,18.125,89.10539215686273
SC Ganguly,Rajasthan Royals,31.625,96.88480608866004
SC Ganguly,Royal Challengers Bangalore,13.857142857142858,76.58279220779221
SE Marsh,Chennai Super Kings,42.285714285714285,130.94539251107142
SE Marsh,Deccan Chargers,31.666666666666668,115.92691845321578
SE Marsh,Delhi Daredevils,31.285714285714285,115.79803133374561
SE Marsh,Gujarat Lions,29.666666666666668,97.7390180878553
SE Marsh,Kochi Tuskers Kerala,42.0,140.0
SE Marsh,Kolkata Knight Riders,26.571428571428573,99.81612314477324
SE Marsh,Mumbai Indians,43.833333333333336,131.18645808023155
SE Marsh,Pune Warriors,32.333333333333336,88.71252204585538
SE Marsh,Rajasthan Royals,60.142857142857146,141.47943899782135
SE Marsh,Rising Pune Supergiant,10.0,76.92307692307693
SE Marsh,Rising Pune Supergiants,4.0,66.66666666666666
SE Marsh,Royal Challengers Bangalore,26.6,112.95531545951715
SE Marsh,Sunrisers Hyderabad,35.75,101.01890756302521
SE Rutherford,Chennai Super Kings,4.0,44.44444444444445
SE Rutherford,Delhi Capitals,43.0,130.3030303030303
SE Rutherford,Kings XI Punjab,2.0,100.0
SE Rutherford,Kolkata Knight Riders,28.0,70.0
SE Rutherford,Lucknow Super Giants,30.0,144.25837320574163
SE Rutherford,Mumbai Indians,23.333333333333332,170.10101010101008
SE Rutherford,Punjab Kings,46.0,164.28571428571428
SE Rutherford,Rajasthan Royals,8.5,171.66666666666666
SE Rutherford,Royal Challengers Bangalore,28.0,215.3846153846154
SE Rutherford,Royal Challengers Bengaluru,30.0,166.66666666666669
SE Rutherford,Sunrisers Hyderabad,22.0,146.875
SK Raina,Deccan Chargers,31.0,138.70099667774087
SK Raina,Delhi Capitals,38.5,145.39371101871103
SK Raina,Delhi Daredevils,23.045454545454547,111.74107120213854
SK Raina,Kings XI Punjab,35.73913043478261,148.09316215639663
SK Raina,Kochi Tuskers Kerala,34.5,135.57692307692307
SK Raina,Kolkata Knight Riders,36.04347826086956,124.93964109378891
SK Raina,Mumbai Indians,24.235294117647058,105.63148030027344
SK Raina,Pune Warriors,21.166666666666668,83.85185185185185
SK Raina,Punjab Kings,8.0,88.88888888888889
SK Raina,Rajasthan Royals,27.391304347826086,115.92432181328908
SK Raina,Rising Pune Supergiant,21.5,129.54545454545456
SK Raina,Rising Pune Supergiants,29.0,110.71428571428571
SK Raina,Royal Challengers Bangalore,24.20689655172414,118.20728318425684
SK Raina,Sunrisers Hyderabad,23.842105263157894,115.10746045899764
SK Warne,Chennai Super Kings,8.25,81.06060606060606
SK Warne,Deccan Chargers,11.0,105.88235294117646
SK Warne,Delhi Daredevils,5.166666666666667,66.55982905982906
SK Warne,Kings XI Punjab,13.0,122.96296296296298
SK Warne,Kochi Tuskers Kerala,2.0,22.22222222222222
SK Warne,Kolkata Knight Riders,5.666666666666667,70.76149425287356
SK Warne,Mumbai Indians,4.0,100.0
SK Warne,Royal Challengers Bangalore,3.5,45.238095238095234
SL Malinga,Chennai Super Kings,3.6,41.25
SL Malinga,Delhi Daredevils,8.5,72.3076923076923
SL Malinga,Gujarat Lions,0.0,0.0
SL Malinga,Kings XI Punjab,1.0,100.0
SL Malinga,Kolkata Knight Riders,8.0,133.33333333333331
SL Malinga,Pune Warriors,9.5,133.33333333333334
SL Malinga,Rajasthan Royals,2.25,47.15909090909091
SL Malinga,Rising Pune Supergiant,7.0,350.0
SL Malinga,Royal Challengers Bangalore,3.0,63.333333333333336
SM Curran,Chennai Super Kings,13.6,87.75901875901876
SM Curran,Delhi Capitals,18.625,114.25531914893617
SM Curran,Gujarat Titans,15.666666666666666,89.25438596491227
SM Curran,Kolkata Knight Riders,19.833333333333332,128.99248083071612
SM Curran,Lucknow Super Giants,9.0,103.33333333333333
SM Curran,Mumbai Indians,23.833333333333332,167.3153776877181
SM Curran,Punjab Kings,46.5,158.1521739130435
SM Curran,Rajasthan Royals,24.428571428571427,144.24615038777117
SM Curran,Royal Challengers Bangalore,3.6666666666666665,38.88888888888889
SM Curran,Royal Challengers Bengaluru,14.5,108.5831447963801
SM Curran,Sunrisers Hyderabad,18.5,165.46176046176046
SN Khan,Chennai Super Kings,21.833333333333332,112.97688666109718
SN Khan,Delhi Capitals,25.5,117.24137931034483
SN Khan,Delhi Daredevils,6.0,93.75
SN Khan,Gujarat Titans,30.0,88.23529411764706
SN Khan,Kings XI Punjab,5.0,74.6031746031746
SN Khan,Kolkata Knight Riders,9.5,80.0
SN Khan,Lucknow Super Giants,20.0,89.28571428571429
SN Khan,Mumbai Indians,12.5,117.31150793650795
SN Khan,Punjab Kings,22.0,146.15384615384616
SN Khan,Rajasthan Royals,20.0,120.89080459770113
SN Khan,Rising Pune Supergiants,2.0,200.0
SN Khan,Royal Challengers Bangalore,7.5,57.69230769230768
SN Khan,Sunrisers Hyderabad,19.0,206.52777777777777
SN Thakur,Chennai Super Kings,15.0,138.1578947368421
SN Thakur,Delhi Capitals,0.0,0.0
SN Thakur,Delhi Daredevils,7.0,116.66666666666669
SN Thakur,Gujarat Lions,0.0,0.0
SN Thakur,Gujarat Titans,1.25,28.75
SN Thakur,Kolkata Knight Riders,13.333333333333334,156.9264069264069
SN Thakur,Lucknow Super Giants,2.0,46.42857142857142
SN Thakur,Mumbai Indians,8.75,142.89772727272728
SN Thakur,Punjab Kings,7.75,149.05303030303028
SN Thakur,Rajasthan Royals,5.5,96.42857142857143
SN Thakur,Royal Challengers Bangalore,21.5,130.8429118773946
SN Thakur,Royal Challengers Bengaluru,1.0,50.0
SN Thakur,Sunrisers Hyderabad,7.8,200.95238095238093
SO Hetmyer,Chennai Super Kings,17.5,125.10664682539684
SO Hetmyer,Delhi Capitals,18.75,164.1346153846154
SO Hetmyer,Gujarat Titans,24.571428571428573,144.44693261920153
SO Hetmyer,Kings XI Punjab,8.5,110.25641025641026
SO Hetmyer,Kolkata Knight Riders,12.7,123.01681531029358
SO Hetmyer,Lucknow Super Giants,19.5,111.68650793650794
SO Hetmyer,Mumbai Indians,11.0,112.46608329941664
SO Hetmyer,Punjab Kings,26.714285714285715,212.33843537414967
SO Hetmyer,Rajasthan Royals,24.666666666666668,124.53703703703702
SO Hetmyer,Royal Challengers Bangalore,22.25,120.43907238771415
SO Hetmyer,Royal Challengers Bengaluru,14.25,154.76190476190476
SO Hetmyer,Sunrisers Hyderabad,23.666666666666668,141.90023515474488
SP Goswami,Chennai Super Kings,9.0,103.6549707602339
SP Goswami,Deccan Chargers,3.0,100.0
SP Goswami,Delhi Capitals,0.0,0.0
SP Goswami,Delhi Daredevils,30.666666666666668,106.5079365079365
SP Goswami,Kings XI Punjab,10.0,71.42857142857143
SP Goswami,Kolkata Knight Riders,26.6,110.06938954765042
SP Goswami,Mumbai Indians,5.25,29.166666666666668
SP Goswami,Pune Warriors,6.0,200.0
SP Goswami,Royal Challengers Bangalore,0.5,25.0
SP Narine,Chennai Super Kings,12.866666666666667,131.98972922502335
SP Narine,Delhi Capitals,20.272727272727273,117.27564102564102
SP Narine,Delhi Daredevils,7.2,129.44444444444443
SP Narine,Gujarat Lions,22.0,137.81512605042016
SP Narine,Gujarat Titans,7.333333333333333,76.92307692307692
SP Narine,Kings XI Punjab,17.0,121.05555555555557
SP Narine,Lucknow Super Giants,26.833333333333332,178.63247863247864
SP Narine,Mumbai Indians,3.923076923076923,74.23076923076923
SP Narine,Punjab Kings,15.0,155.0347222222222
SP Narine,Rajasthan Royals,19.142857142857142,128.23015873015873
SP Narine,Rising Pune Supergiant,8.0,72.72727272727273
SP Narine,Royal Challengers Bangalore,23.2,160.16006929087425
SP Narine,Royal Challengers Bengaluru,33.666666666666664,149.84459984459986
SP Narine,Sunrisers Hyderabad,9.61111111111111,124.58333333333333
SPD Smith,Chennai Super Kings,26.416666666666668,116.09739937610713
SPD Smith,Deccan Chargers,36.5,198.71794871794873
SPD Smith,Delhi Capitals,25.0,107.47549019607844
SPD Smith,Delhi Daredevils,24.75,175.97489316239316
SPD Smith,Gujarat Lions,38.25,156.86769991015274
SPD Smith,Kings XI Punjab,24.083333333333332,146.44200539128073
SPD Smith,Kolkata Knight Riders,22.25,108.76766064079125
SPD Smith,Mumbai Indians,31.4,114.8272497388094
SPD Smith,Punjab Kings,16.5,92.04545454545453
SPD Smith,Rajasthan Royals,27.5,102.57575757575759
SPD Smith,Royal Challengers Bangalore,25.428571428571427,124.44655672442674
SPD Smith,Sunrisers Hyderabad,27.90909090909091,114.69957819957818
SR Tendulkar,Chennai Super Kings,30.666666666666668,97.36342030984889
SR Tendulkar,Deccan Chargers,28.75,111.05280203322565
SR Tendulkar,Delhi Daredevils,29.4,115.3796089548749
SR Tendulkar,Kings XI Punjab,27.0,98.43076318983364
SR Tendulkar,Kochi Tuskers Kerala,100.0,151.5151515151515
SR Tendulkar,Kolkata Knight Riders,32.6,109.89351851851852
SR Tendulkar,Pune Warriors,30.4,110.79904004041934
SR Tendulkar,Rajasthan Royals,34.125,107.82397396554924
SR Tendulkar,Royal Challengers Bangalore,22.416666666666668,98.77597137122973
SR Tendulkar,Sunrisers Hyderabad,26.0,119.6236559139785
SR Watson,Chennai Super Kings,40.0,143.5084492884539
SR Watson,Deccan Chargers,20.0,144.44444444444446
SR Watson,Delhi Capitals,28.8,108.31043956043956
SR Watson,Delhi Daredevils,29.76923076923077,135.61775286445845
SR Watson,Gujarat Lions,2.3333333333333335,38.888888888888886
SR Watson,Kings XI Punjab,26.41176470588235,107.93243439676954
SR Watson,Kochi Tuskers Kerala,34.5,138.17307692307693
SR Watson,Kolkata Knight Riders,29.941176470588236,128.81424875507355
SR Watson,Mumbai Indians,21.181818181818183,104.57505591941016
SR Watson,Pune Warriors,41.25,138.9687636841337
SR Watson,Rajasthan Royals,33.166666666666664,139.8169482846902
SR Watson,Rising Pune Supergiant,14.0,77.77777777777779
SR Watson,Rising Pune Supergiants,18.5,188.46153846153845
SR Watson,Royal Challengers Bangalore,20.533333333333335,110.47311136320604
SR Watson,Sunrisers Hyderabad,31.444444444444443,113.99474262406271
SS Iyer,Chennai Super Kings,24.733333333333334,100.07888116587235
SS Iyer,Delhi Capitals,40.0,148.9741124523733
SS Iyer,Gujarat Lions,55.0,171.71052631578948
SS Iyer,Gujarat Titans,54.5,155.47619047619045
SS Iyer,Kings XI Punjab,27.09090909090909,113.77533451397086
SS Iyer,Kolkata Knight Riders,30.3125,111.70520540368643
SS Iyer,Lucknow Super Giants,35.666666666666664,140.95785440613028
SS Iyer,Mumbai Indians,25.05,116.23152087376225
SS Iyer,Punjab Kings,27.0,226.66666666666669
SS Iyer,Rajasthan Royals,31.23076923076923,133.68414673561733
SS Iyer,Rising Pune Supergiant,3.0,75.0
SS Iyer,Rising Pune Supergiants,8.0,80.0
SS Iyer,Royal Challengers Bangalore,25.333333333333332,95.55139012512285
SS Iyer,Royal Challengers Bengaluru,17.5,91.3425925925926
SS Iyer,Sunrisers Hyderabad,29.842105263157894,116.18008238534968
SS Tiwary,Chennai Super Kings,19.4,97.78018471092474
SS Tiwary,Deccan Chargers,17.6,100.03174603174602
SS Tiwary,Delhi Capitals,15.0,83.33333333333334
SS Tiwary,Delhi Daredevils,24.666666666666668,109.07981759955443
SS Tiwary,Gujarat Lions,1.0,50.0
SS Tiwary,Kings XI Punjab,10.4,112.92486981617417
SS Tiwary,Kochi Tuskers Kerala,26.0,108.33333333333331
SS Tiwary,Kolkata Knight Riders,19.5,118.15779140748542
SS Tiwary,Mumbai Indians,22.666666666666668,122.00691121743755
SS Tiwary,Pune Warriors,28.0,134.83838383838383
SS Tiwary,Punjab Kings,45.0,121.62162162162164
SS Tiwary,Rajasthan Royals,25.714285714285715,136.53280340349306
SS Tiwary,Royal Challengers Bangalore,29.4,125.41346646185355
SS Tiwary,Sunrisers Hyderabad,12.0,75.77777777777777
ST Jayasuriya,Chennai Super Kings,47.5,184.20454545454544
ST Jayasuriya,Deccan Chargers,15.0,102.41071428571429
ST Jayasuriya,Delhi Daredevils,26.75,109.91071428571428
ST Jayasuriya,Kings XI Punjab,6.25,59.523809523809526
ST Jayasuriya,Kolkata Knight Riders,31.0,179.375
ST Jayasuriya,Rajasthan Royals,19.2,97.3976833976834
ST Jayasuriya,Royal Challengers Bangalore,33.2,119.10671718229858
STR Binny,Chennai Super Kings,21.625,131.0560044175773
STR Binny,Deccan Chargers,7.0,87.5
STR Binny,Delhi Capitals,9.5,73.07692307692307
STR Binny,Delhi Daredevils,14.6,96.86868686868686
STR Binny,Gujarat Lions,21.0,140.0
STR Binny,Kings XI Punjab,13.6,127.33928571428571
STR Binny,Kolkata Knight Riders,7.2,108.33838383838383
STR Binny,Mumbai Indians,13.666666666666666,126.4311471715123
STR Binny,Pune Warriors,13.0,130.3846153846154
STR Binny,Rising Pune Supergiant,9.5,119.64285714285714
STR Binny,Royal Challengers Bangalore,13.333333333333334,104.35185185185185
STR Binny,Sunrisers Hyderabad,13.11111111111111,98.81648565859092
SV Samson,Chennai Super Kings,17.058823529411764,87.45391937547761
SV Samson,Delhi Capitals,26.636363636363637,126.64587615913628
SV Samson,Delhi Daredevils,25.0,120.25541125541126
SV Samson,Gujarat Lions,22.75,128.6578341013825
SV Samson,Gujarat Titans,38.714285714285715,152.98827112736885
SV Samson,Kings XI Punjab,32.0,132.5529317073304
SV Samson,Kolkata Knight Riders,25.80952380952381,115.70147196744
SV Samson,Lucknow Super Giants,40.0,133.5204991087344
SV Samson,Mumbai Indians,26.130434782608695,116.51957906086592
SV Samson,Pune Warriors,10.0,166.66666666666669
SV Samson,Punjab Kings,31.555555555555557,135.33267688106397
SV Samson,Rising Pune Supergiant,52.0,105.95238095238095
SV Samson,Rising Pune Supergiants,15.0,97.28506787330318
SV Samson,Royal Challengers Bangalore,18.238095238095237,109.49164463101745
SV Samson,Royal Challengers Bengaluru,33.666666666666664,124.66743782533256
SV Samson,Sunrisers Hyderabad,36.125,123.02397195681186
SW Billings,Chennai Super Kings,25.0,113.63636363636364
SW Billings,Delhi Capitals,15.0,166.66666666666669
SW Billings,Delhi Daredevils,1.0,20.0
SW Billings,Gujarat Titans,4.0,100.0
SW Billings,Kings XI Punjab,14.0,64.03846153846153
SW Billings,Kolkata Knight Riders,43.666666666666664,176.8813454235449
SW Billings,Lucknow Super Giants,36.0,156.52173913043478
SW Billings,Mumbai Indians,10.0,100.83333333333334
SW Billings,Punjab Kings,24.0,104.34782608695652
SW Billings,Rajasthan Royals,15.0,82.79220779220779
SW Billings,Rising Pune Supergiant,24.0,141.1764705882353
SW Billings,Rising Pune Supergiants,24.0,160.0
SW Billings,Royal Challengers Bangalore,13.0,105.0375939849624
SW Billings,Sunrisers Hyderabad,15.666666666666666,87.22860791826308
Sandeep Sharma,Chennai Super Kings,1.0,37.5
Sandeep Sharma,Delhi Capitals,1.0,50.0
Sandeep Sharma,Delhi Daredevils,1.5,75.0
Sandeep Sharma,Gujarat Lions,1.0,100.0
Sandeep Sharma,Gujarat Titans,4.0,80.0
Sandeep Sharma,Kings XI Punjab,0.0,0.0
Sandeep Sharma,Kolkata Knight Riders,1.5,70.0
Sandeep Sharma,Mumbai Indians,1.25,62.5
Sandeep Sharma,Rajasthan Royals,8.0,133.33333333333331
Sandeep Sharma,Royal Challengers Bangalore,4.2,65.55555555555556
Sandeep Sharma,Sunrisers Hyderabad,2.0,88.8888888888889
Shahbaz Ahmed,Chennai Super Kings,15.8,111.31773879142301
Shahbaz Ahmed,Delhi Capitals,24.2,146.9991789819376
Shahbaz Ahmed,Gujarat Titans,12.0,105.0
Shahbaz Ahmed,Kolkata Knight Riders,9.571428571428571,104.17830290010741
Shahbaz Ahmed,Lucknow Super Giants,26.0,118.1818181818182
Shahbaz Ahmed,Mumbai Indians,4.0,55.555555555555564
Shahbaz Ahmed,Punjab Kings,7.833333333333333,125.61327561327562
Shahbaz Ahmed,Rajasthan Royals,18.8,107.20797720797721
Shahbaz Ahmed,Royal Challengers Bengaluru,40.0,108.10810810810813
Shahbaz Ahmed,Sunrisers Hyderabad,11.666666666666666,119.73063973063974
Shakib Al Hasan,Chennai Super Kings,15.5,116.9204260651629
Shakib Al Hasan,Delhi Capitals,0.0,0.0
Shakib Al Hasan,Delhi Daredevils,15.5,84.84848484848484
Shakib Al Hasan,Gujarat Lions,23.333333333333332,90.73129251700679
Shakib Al Hasan,Kings XI Punjab,16.166666666666668,120.90728715728714
Shakib Al Hasan,Kochi Tuskers Kerala,2.0,40.0
Shakib Al Hasan,Kolkata Knight Riders,21.666666666666668,129.36507936507937
Shakib Al Hasan,Mumbai Indians,10.2,108.66666666666667
Shakib Al Hasan,Pune Warriors,42.0,140.0
Shakib Al Hasan,Rajasthan Royals,16.0,130.7867132867133
Shakib Al Hasan,Rising Pune Supergiants,3.0,33.33333333333333
Shakib Al Hasan,Royal Challengers Bangalore,21.714285714285715,112.12944292549557
Shakib Al Hasan,Sunrisers Hyderabad,3.6666666666666665,50.0
Shashank Singh,Chennai Super Kings,28.4,134.88156288156287
Shashank Singh,Delhi Capitals,7.0,92.22222222222223
Shashank Singh,Gujarat Titans,34.5,242.16954022988506
Shashank Singh,Kolkata Knight Riders,32.333333333333336,146.80205415499532
Shashank Singh,Lucknow Super Giants,21.0,174.2857142857143
Shashank Singh,Mumbai Indians,21.5,115.33333333333333
Shashank Singh,Rajasthan Royals,19.5,93.39743589743588
Shashank Singh,Royal Challengers Bangalore,8.0,88.88888888888889
Shashank Singh,Royal Challengers Bengaluru,25.666666666666668,139.08492822966505
Shashank Singh,Sunrisers Hyderabad,16.666666666666668,100.22222222222221
Shubman Gill,Chennai Super Kings,29.0625,120.71811561871141
Shubman Gill,Delhi Capitals,31.642857142857142,125.19607107084053
Shubman Gill,Delhi Daredevils,21.5,123.79310344827586
Shubman Gill,Kings XI Punjab,41.8,151.11926472716746
Shubman Gill,Kolkata Knight Riders,46.25,143.11827956989248
Shubman Gill,Lucknow Super Giants,38.714285714285715,105.17944019713148
Shubman Gill,Mumbai Indians,34.8,121.7241473622367
Shubman Gill,Punjab Kings,43.125,150.4708957297121
Shubman Gill,Rajasthan Royals,35.333333333333336,120.39765296423083
Shubman Gill,Royal Challengers Bangalore,26.0,133.46547471146403
Shubman Gill,Royal Challengers Bengaluru,10.666666666666666,70.92731829573934
Shubman Gill,Sunrisers Hyderabad,38.214285714285715,120.82487995892068
T Stubbs,Chennai Super Kings,9.8,69.04761904761905
T Stubbs,Gujarat Titans,26.0,243.015873015873
T Stubbs,Kolkata Knight Riders,19.666666666666668,88.22324628776242
T Stubbs,Lucknow Super Giants,35.333333333333336,183.07070707070707
T Stubbs,Mumbai Indians,30.5,140.70833333333334
T Stubbs,Punjab Kings,11.5,95.53571428571429
T Stubbs,Rajasthan Royals,41.666666666666664,202.27688787185355
T Stubbs,Royal Challengers Bengaluru,25.0,143.0354267310789
T Stubbs,Sunrisers Hyderabad,18.5,113.69949494949495
TA Boult,Chennai Super Kings,2.0,87.5
TA Boult,Delhi Capitals,2.0,88.88888888888887
TA Boult,Gujarat Titans,8.666666666666666,97.83549783549783
TA Boult,Kolkata Knight Riders,0.0,0.0
TA Boult,Lucknow Super Giants,9.5,194.44444444444446
TA Boult,Mumbai Indians,2.3333333333333335,87.5
TA Boult,Punjab Kings,6.5,91.66666666666666
TA Boult,Royal Challengers Bangalore,2.5,35.714285714285715
TA Boult,Royal Challengers Bengaluru,1.0,100.0
TA Boult,Sunrisers Hyderabad,0.0,0.0
TH David,Chennai Super Kings,12.428571428571429,150.64007421150276
TH David,Delhi Capitals,28.142857142857142,239.98854087089381
TH David,Gujarat Titans,15.666666666666666,121.77248677248679
TH David,Kolkata Knight Riders,15.25,112.26495726495726
TH David,Lucknow Super Giants,26.666666666666668,161.22004357298476
TH David,Mumbai Indians,1.0,100.0
TH David,Punjab Kings,27.0,195.5769230769231
TH David,Rajasthan Royals,18.166666666666668,143.52513227513228
TH David,Royal Challengers Bangalore,2.0,28.57142857142857
TH David,Sunrisers Hyderabad,26.25,152.97979797979798
TL Suman,Chennai Super Kings,17.2,115.0
TL Suman,Deccan Chargers,9.5,81.62393162393163
TL Suman,Delhi Daredevils,16.8,107.82155388471179
TL Suman,Kings XI Punjab,17.666666666666668,89.76202797834678
TL Suman,Kolkata Knight Riders,11.8,96.32034632034632
TL Suman,Mumbai Indians,17.25,116.04119532428356
TL Suman,Pune Warriors,36.0,225.0
TL Suman,Rajasthan Royals,18.8,106.52631578947368
TL Suman,Royal Challengers Bangalore,22.2,81.26452494873547
TL Suman,Sunrisers Hyderabad,12.0,85.71428571428571
TM Dilshan,Chennai Super Kings,15.8,79.53703703703704
TM Dilshan,Deccan Chargers,32.875,133.4429466230937
TM Dilshan,Delhi Daredevils,5.0,71.42857142857143
TM Dilshan,Kings XI Punjab,8.5,97.60233918128654
TM Dilshan,Kochi Tuskers Kerala,26.5,96.37096774193549
TM Dilshan,Kolkata Knight Riders,21.4,92.20446752555013
TM Dilshan,Mumbai Indians,21.77777777777778,85.92865150258633
TM Dilshan,Pune Warriors,26.25,85.92190704032808
TM Dilshan,Rajasthan Royals,28.75,103.22385439763488
TM Dilshan,Royal Challengers Bangalore,35.5,91.27659574468085
TM Dilshan,Sunrisers Hyderabad,5.0,55.55555555555556
TM Head,Chennai Super Kings,21.0,144.5436507936508
TM Head,Delhi Capitals,55.5,230.72916666666663
TM Head,Delhi Daredevils,2.0,100.0
TM Head,Gujarat Lions,15.0,93.75
TM Head,Gujarat Titans,15.666666666666666,140.23809523809524
TM Head,Kings XI Punjab,11.0,157.14285714285714
TM Head,Kolkata Knight Riders,31.0,109.91489361702129
TM Head,Lucknow Super Giants,68.0,235.37037037037038
TM Head,Mumbai Indians,31.166666666666668,127.32142857142857
TM Head,Punjab Kings,29.0,106.12612612612612
TM Head,Rajasthan Royals,53.0,161.42707866845797
TM Head,Rising Pune Supergiant,2.0,40.0
TM Head,Rising Pune Supergiants,6.0,75.0
TM Head,Royal Challengers Bengaluru,40.0,150.70460704607046
TM Head,Sunrisers Hyderabad,30.0,136.36363636363637
Tilak Varma,Chennai Super Kings,33.8,126.24870801033595
Tilak Varma,Delhi Capitals,34.142857142857146,143.8911810805827
Tilak Varma,Gujarat Titans,23.142857142857142,154.42779025485794
Tilak Varma,Kolkata Knight Riders,22.0,127.12854030501089
Tilak Varma,Lucknow Super Giants,21.333333333333332,108.54242912213927
Tilak Varma,Punjab Kings,24.0,148.64197530864197
Tilak Varma,Rajasthan Royals,44.4,138.87993232820818
Tilak Varma,Royal Challengers Bangalore,42.0,93.33333333333331
Tilak Varma,Royal Challengers Bengaluru,36.0,176.55172413793105
Tilak Varma,Sunrisers Hyderabad,28.166666666666668,139.93829223608637
UBT Chand,Chennai Super Kings,16.0,133.33333333333331
UBT Chand,Delhi Daredevils,14.0,127.27272727272728
UBT Chand,Kings XI Punjab,8.333333333333334,54.166666666666664
UBT Chand,Kolkata Knight Riders,18.5,47.43589743589743
UBT Chand,Mumbai Indians,0.6666666666666666,7.407407407407407
UBT Chand,Pune Warriors,17.0,89.47368421052632
UBT Chand,Rajasthan Royals,12.5,76.12450243255196
UBT Chand,Royal Challengers Bangalore,39.0,151.29987129987128
UBT Chand,Sunrisers Hyderabad,11.0,99.45652173913044
UT Yadav,Chennai Super Kings,3.1,49.92424242424242
UT Yadav,Deccan Chargers,3.0,75.0
UT Yadav,Delhi Capitals,1.0,20.0
UT Yadav,Delhi Daredevils,2.0,66.66666666666666
UT Yadav,Gujarat Titans,10.0,91.66666666666667
UT Yadav,Kings XI Punjab,1.0,25.0
UT Yadav,Kolkata Knight Riders,1.0,100.0
UT Yadav,Lucknow Super Giants,1.0,25.0
UT Yadav,Mumbai Indians,2.25,80.20833333333333
UT Yadav,Pune Warriors,8.0,88.88888888888889
UT Yadav,Rajasthan Royals,15.0,150.5050505050505
UT Yadav,Rising Pune Supergiant,2.0,100.0
UT Yadav,Rising Pune Supergiants,7.0,350.0
UT Yadav,Royal Challengers Bangalore,6.0,180.0
UT Yadav,Sunrisers Hyderabad,5.5,123.42592592592592
V Kohli,Chennai Super Kings,33.705882352941174,121.78613933596101
V Kohli,Deccan Chargers,30.6,135.36098795840175
V Kohli,Delhi Capitals,30.75,122.95011036151458
V Kohli,Delhi Daredevils,42.27777777777778,127.35501850538081
V Kohli,Gujarat Lions,56.6,112.36701076701077
V Kohli,Gujarat Titans,58.5,140.25100820904512
V Kohli,Kings XI Punjab,27.24,119.53758088721347
V Kohli,Kochi Tuskers Kerala,25.0,104.79797979797979
V Kohli,Kolkata Knight Riders,31.90625,119.8726493665187
V Kohli,Lucknow Super Giants,32.166666666666664,110.60606060606061
V Kohli,Mumbai Indians,27.264705882352942,113.00832849145479
V Kohli,Pune Warriors,25.6,115.96908939014202
V Kohli,Punjab Kings,43.45454545454545,123.73994641840225
V Kohli,Rajasthan Royals,28.0,104.49377247747414
V Kohli,Rising Pune Supergiant,41.5,130.97587719298244
V Kohli,Rising Pune Supergiants,94.0,157.61957730812014
V Kohli,Sunrisers Hyderabad,33.75,120.31002589042707
V Sehwag,Chennai Super Kings,28.928571428571427,127.25118383033552
V Sehwag,Deccan Chargers,28.818181818181817,142.48103460963773
V Sehwag,Delhi Daredevils,20.0,99.43775736458664
V Sehwag,Kings XI Punjab,25.0,133.42635142635143
V Sehwag,Kochi Tuskers Kerala,47.5,168.43971631205676
V Sehwag,Kolkata Knight Riders,23.46153846153846,134.92961070887492
V Sehwag,Mumbai Indians,30.785714285714285,143.82569550332707
V Sehwag,Pune Warriors,44.0,147.5873745819398
V Sehwag,Rajasthan Royals,21.066666666666666,133.80449718839813
V Sehwag,Royal Challengers Bangalore,21.25,128.01270123638545
V Sehwag,Sunrisers Hyderabad,13.5,125.85561497326204
V Shankar,Chennai Super Kings,20.88888888888889,115.15570451054322
V Shankar,Delhi Capitals,20.875,106.96140252282582
V Shankar,Gujarat Lions,63.0,143.1818181818182
V Shankar,Kings XI Punjab,18.0,116.89814814814814
V Shankar,Kolkata Knight Riders,28.125,149.71619626111314
V Shankar,Lucknow Super Giants,10.0,90.625
V Shankar,Mumbai Indians,17.555555555555557,110.75715841892313
V Shankar,Punjab Kings,5.0,90.0
V Shankar,Rajasthan Royals,16.666666666666668,137.4665421724245
V Shankar,Royal Challengers Bangalore,18.833333333333332,128.65914786967417
V Shankar,Royal Challengers Bengaluru,10.0,142.85714285714286
V Shankar,Sunrisers Hyderabad,18.5,152.09790209790208
VR Iyer,Chennai Super Kings,19.333333333333332,123.125
VR Iyer,Delhi Capitals,16.375,125.69039413220219
VR Iyer,Gujarat Titans,31.25,114.9389097744361
VR Iyer,Lucknow Super Giants,17.5,103.79310344827587
VR Iyer,Mumbai Indians,52.142857142857146,149.95069134595678
VR Iyer,Punjab Kings,26.833333333333332,122.44972744455146
VR Iyer,Rajasthan Royals,27.25,115.83333333333333
VR Iyer,Royal Challengers Bangalore,22.2,94.40700040700041
VR Iyer,Royal Challengers Bengaluru,24.0,150.7936507936508
VR Iyer,Sunrisers Hyderabad,23.11111111111111,134.99020774882845
VVS Laxman,Chennai Super Kings,5.333333333333333,63.030303030303024
VVS Laxman,Delhi Daredevils,2.0,33.33333333333333
VVS Laxman,Kings XI Punjab,29.0,142.01680672268907
VVS Laxman,Kolkata Knight Riders,10.666666666666666,85.71428571428571
VVS Laxman,Mumbai Indians,13.666666666666666,66.48351648351648
VVS Laxman,Pune Warriors,0.0,0.0
VVS Laxman,Rajasthan Royals,10.0,82.5
VVS Laxman,Royal Challengers Bangalore,31.0,98.91774891774894
WP Saha,Chennai Super Kings,22.8125,125.08461212695674
WP Saha,Deccan Chargers,9.0,180.718954248366
WP Saha,Delhi Capitals,24.0,109.1577964519141
WP Saha,Delhi Daredevils,14.3,91.81990068754774
WP Saha,Gujarat Lions,21.0,151.2280701754386
WP Saha,Kings XI Punjab,19.428571428571427,111.66633961276818
WP Saha,Kochi Tuskers Kerala,46.0,139.3939393939394
WP Saha,Kolkata Knight Riders,26.789473684210527,121.52701794670713
WP Saha,Lucknow Super Giants,44.333333333333336,121.77957177957178
WP Saha,Mumbai Indians,24.88888888888889,99.1455120267177
WP Saha,Pune Warriors,13.0,86.66666666666667
WP Saha,Punjab Kings,21.2,113.60102703755953
WP Saha,Rajasthan Royals,10.466666666666667,116.2419573890162
WP Saha,Rising Pune Supergiant,13.5,116.01307189542484
WP Saha,Rising Pune Supergiants,3.5,87.5
WP Saha,Royal Challengers Bangalore,17.85,129.75856296481297
WP Saha,Royal Challengers Bengaluru,3.0,69.64285714285714
WP Saha,Sunrisers Hyderabad,24.77777777777778,102.62348889351178
Washington Sundar,Chennai Super Kings,7.666666666666667,164.77272727272728
Washington Sundar,Delhi Capitals,9.6,86.24242424242424
Washington Sundar,Delhi Daredevils,5.0,166.66666666666669
Washington Sundar,Gujarat Titans,1.5,37.5
Washington Sundar,Kings XI Punjab,17.333333333333332,142.989417989418
Washington Sundar,Kolkata Knight Riders,2.5,38.888888888888886
Washington Sundar,Lucknow Super Giants,12.0,84.12698412698413
Washington Sundar,Mumbai Indians,10.777777777777779,105.48941798941799
Washington Sundar,Punjab Kings,25.0,131.57894736842107
Washington Sundar,Rajasthan Royals,22.25,163.1062030075188
Washington Sundar,Sunrisers Hyderabad,15.0,86.61087475742649
Y Nagar,Chennai Super Kings,22.5,71.80851063829789
Y Nagar,Deccan Chargers,13.5,153.1060606060606
Y Nagar,Kings XI Punjab,10.5,132.53968253968256
Y Nagar,Kochi Tuskers Kerala,20.0,75.79710144927536
Y Nagar,Kolkata Knight Riders,14.5,150.59523809523807
Y Nagar,Mumbai Indians,0.0,0.0
Y Nagar,Pune Warriors,24.0,126.3157894736842
Y Nagar,Rajasthan Royals,18.0,117.5
Y Nagar,Royal Challengers Bangalore,12.0,68.8888888888889
Y Venugopal Rao,Chennai Super Kings,18.857142857142858,147.43197278911566
Y Venugopal Rao,Deccan Chargers,12.0,59.28853754940711
Y Venugopal Rao,Delhi Daredevils,13.2,88.5050505050505
Y Venugopal Rao,Kings XI Punjab,13.11111111111111,95.61023641725396
Y Venugopal Rao,Kochi Tuskers Kerala,20.5,60.55555555555556
Y Venugopal Rao,Kolkata Knight Riders,21.571428571428573,99.62450441544517
Y Venugopal Rao,Mumbai Indians,27.333333333333332,120.58678286129266
Y Venugopal Rao,Pune Warriors,15.5,77.5
Y Venugopal Rao,Rajasthan Royals,22.6,140.77056277056278
Y Venugopal Rao,Royal Challengers Bangalore,18.125,103.95413161717511
YBK Jaiswal,Chennai Super Kings,33.25,151.66858080719769
YBK Jaiswal,Delhi Capitals,25.428571428571427,131.75132011537542
YBK Jaiswal,Gujarat Titans,20.0,100.51264524948735
YBK Jaiswal,Kolkata Knight Riders,33.666666666666664,138.62860155882683
YBK Jaiswal,Lucknow Super Giants,41.4,149.55677655677655
YBK Jaiswal,Mumbai Indians,37.0,137.90983606557376
YBK Jaiswal,Punjab Kings,42.25,145.81603271389855
YBK Jaiswal,Royal Challengers Bangalore,20.6,99.22824922824923
YBK Jaiswal,Royal Challengers Bengaluru,42.25,141.8673012318029
YBK Jaiswal,Sunrisers Hyderabad,33.375,140.48397956006653
YK Pathan,Chennai Super Kings,18.157894736842106,123.79410323602703
YK Pathan,Deccan Chargers,34.666666666666664,158.03934833346597
YK Pathan,Delhi Capitals,9.0,81.81818181818183
YK Pathan,Delhi Daredevils,22.57894736842105,125.35638338269918
YK Pathan,Gujarat Lions,36.666666666666664,176.21951219512195
YK Pathan,Kings XI Punjab,16.789473684210527,120.95329570398822
YK Pathan,Kochi Tuskers Kerala,12.5,198.7179487179487
YK Pathan,Kolkata Knight Riders,21.8,130.0832053251408
YK Pathan,Mumbai Indians,21.454545454545453,138.60109382836654
YK Pathan,Pune Warriors,26.0,114.8939393939394
YK Pathan,Rajasthan Royals,16.625,84.56932773109243
YK Pathan,Rising Pune Supergiant,4.0,44.44444444444444
YK Pathan,Rising Pune Supergiants,36.5,169.44444444444446
YK Pathan,Royal Challengers Bangalore,16.227272727272727,117.67253998211082
YK Pathan,Sunrisers Hyderabad,26.0,127.06501667889324
Yuvraj Singh,Chennai Super Kings,21.5625,107.68407887077562
Yuvraj Singh,Deccan Chargers,14.75,106.71945701357467
Yuvraj Singh,Delhi Capitals,53.0,151.42857142857142
Yuvraj Singh,Delhi Daredevils,27.0,128.62338410513524
Yuvraj Singh,Gujarat Lions,6.5,48.62637362637363
Yuvraj Singh,Kings XI Punjab,25.7,117.19274475524476
Yuvraj Singh,Kochi Tuskers Kerala,8.0,66.66666666666666
Yuvraj Singh,Kolkata Knight Riders,21.444444444444443,124.83727894912106
Yuvraj Singh,Mumbai Indians,14.421052631578947,89.44748299912823
Yuvraj Singh,Rajasthan Royals,29.53846153846154,140.36470370477173
Yuvraj Singh,Rising Pune Supergiant,47.0,109.30232558139534
Yuvraj Singh,Rising Pune Supergiants,23.0,109.52380952380952
Yuvraj Singh,Royal Challengers Bangalore,24.214285714285715,143.54719785887218
Yuvraj Singh,Sunrisers Hyderabad,9.6,61.86043956043956
Z Khan,Chennai Super Kings,7.8,113.3333333333333
Z Khan,Deccan Chargers,1.3333333333333333,22.222222222222218
Z Khan,Delhi Daredevils,4.0,400.0
Z Khan,Kings XI Punjab,0.3333333333333333,8.333333333333334
Z Khan,Kolkata Knight Riders,5.0,84.77182539682539
Z Khan,Mumbai Indians,1.6666666666666667,33.83838383838384
Z Khan,Rajasthan Royals,6.0,40.0
Z Khan,Royal Challengers Bangalore,6.25,113.8888888888889
Z Khan,Sunrisers Hyderabad,1.0,50.0
