eliminator,team1,neutralvenue,balls_per_over,umpire2,umpire1,outcome,venue,date1,date2,method,date,team2,player_of_match,winner_wickets,winner_runs,reserve_umpire,season,city,winner,match_number,event,gender,match_referee,tv_umpire,toss_winner,toss_decision,matchId
,Royal Challengers Bangalore,,6,RE Koertzen,Asad Rauf,,M Chinnaswamy Stadium,,,,2008-04-18,Kolkata Knight Riders,BB McCullum,,140,VN Kulkarni,2007/08,Bangalore,Kolkata Knight Riders,1,Indian Premier League,male,J Srinath,AM Saheba,Royal Challengers Bangalore,field,335982
,Kings XI Punjab,,6,SL Shastri,MR Benson,,"Punjab Cricket Association Stadium, Mohali",,,,2008-04-19,Chennai Super Kings,MEK Hussey,,33,MSS Ranawat,2007/08,Chandigarh,Chennai Super Kings,2,Indian Premier League,male,S Venkataraghavan,RB Tiffin,Chennai Super Kings,bat,335983
,Delhi Daredevils,,6,GA Pratapkumar,Aleem Dar,,Feroz Shah Kotla,,,,2008-04-19,Rajasthan Royals,MF Maharoof,9,,,2007/08,Delhi,Delhi Daredevils,3,Indian Premier League,male,GR Viswanath,IL Howell,Rajasthan Royals,bat,335984
,Mumbai Indians,,6,DJ Harper,SJ Davis,,Wankhede Stadium,,,,2008-04-20,Royal Challengers Bangalore,MV Boucher,5,,SN Bandekar,2007/08,Mumbai,Royal Challengers Bangalore,5,Indian Premier League,male,J Srinath,AV Jayaprakash,Mumbai Indians,bat,335985
,Kolkata Knight Riders,,6,K Hariharan,BF Bowden,,Eden Gardens,,,,2008-04-20,Deccan Chargers,DJ Hussey,5,,F Gomes,2007/08,Kolkata,Kolkata Knight Riders,4,Indian Premier League,male,FM Engineer,Asad Rauf,Deccan Chargers,bat,335986
,Rajasthan Royals,,6,RB Tiffin,Aleem Dar,,Sawai Mansingh Stadium,,,,2008-04-21,Kings XI Punjab,SR Watson,6,,MSS Ranawat,2007/08,Jaipur,Rajasthan Royals,6,Indian Premier League,male,S Venkataraghavan,I Shivram,Kings XI Punjab,bat,335987
,Deccan Chargers,,6,AM Saheba,IL Howell,,"Rajiv Gandhi International Stadium, Uppal",,,,2008-04-22,Delhi Daredevils,V Sehwag,9,,C Shamshuddin,2007/08,Hyderabad,Delhi Daredevils,7,Indian Premier League,male,Talat Ali,MR Benson,Deccan Chargers,bat,335988
,Chennai Super Kings,,6,GA Pratapkumar,DJ Harper,,"MA Chidambaram Stadium, Chepauk",,,,2008-04-23,Mumbai Indians,ML Hayden,,6,S Ravi,2007/08,Chennai,Chennai Super Kings,8,Indian Premier League,male,FM Engineer,BF Bowden,Mumbai Indians,field,335989
,Deccan Chargers,,6,MR Benson,Asad Rauf,,"Rajiv Gandhi International Stadium, Uppal",,,,2008-04-24,Rajasthan Royals,YK Pathan,3,,C Shamshuddin,2007/08,Hyderabad,Rajasthan Royals,9,Indian Premier League,male,S Venkataraghavan,SL Shastri,Rajasthan Royals,field,335990
,Kings XI Punjab,,6,AM Saheba,Aleem Dar,,"Punjab Cricket Association Stadium, Mohali",,,,2008-04-25,Mumbai Indians,KC Sangakkara,,66,HS Sekhon,2007/08,Chandigarh,Kings XI Punjab,10,Indian Premier League,male,FM Engineer,RE Koertzen,Mumbai Indians,field,335991
,Royal Challengers Bangalore,,6,IL Howell,MR Benson,,M Chinnaswamy Stadium,,,,2008-04-26,Rajasthan Royals,SR Watson,7,,SK Tarapore,2007/08,Bangalore,Rajasthan Royals,12,Indian Premier League,male,J Srinath,GA Pratapkumar,Rajasthan Royals,field,335992
,Chennai Super Kings,,6,AV Jayaprakash,BF Bowden,,"MA Chidambaram Stadium, Chepauk",,,,2008-04-26,Kolkata Knight Riders,JDP Oram,9,,S Ravi,2007/08,Chennai,Chennai Super Kings,11,Indian Premier League,male,Talat Ali,SJ Davis,Kolkata Knight Riders,bat,335993
,Mumbai Indians,,6,SL Shastri,Asad Rauf,,Dr DY Patil Sports Academy,,,,2008-04-27,Deccan Chargers,AC Gilchrist,10,,VD Nerurkar,2007/08,Mumbai,Deccan Chargers,14,Indian Premier League,male,S Venkataraghavan,DJ Harper,Deccan Chargers,field,335994
,Kings XI Punjab,,6,I Shivram,RE Koertzen,,"Punjab Cricket Association Stadium, Mohali",,,,2008-04-27,Delhi Daredevils,SM Katich,4,,MS Mahal,2007/08,Chandigarh,Kings XI Punjab,13,Indian Premier League,male,FM Engineer,Aleem Dar,Delhi Daredevils,bat,335995
,Royal Challengers Bangalore,,6,RB Tiffin,BR Doctrove,,M Chinnaswamy Stadium,,,,2008-04-28,Chennai Super Kings,MS Dhoni,,13,,2007/08,Bangalore,Chennai Super Kings,15,Indian Premier League,male,J Srinath,K Hariharan,Chennai Super Kings,bat,335996
,Kolkata Knight Riders,,6,AV Jayaprakash,BF Bowden,,Eden Gardens,,,,2008-04-29,Mumbai Indians,ST Jayasuriya,7,,SK Porel,2007/08,Kolkata,Mumbai Indians,16,Indian Premier League,male,S Venkataraghavan,MR Benson,Kolkata Knight Riders,bat,335997
,Delhi Daredevils,,6,I Shivram,Aleem Dar,,Feroz Shah Kotla,,,,2008-04-30,Royal Challengers Bangalore,GD McGrath,,10,AK Chaudhary,2007/08,Delhi,Delhi Daredevils,17,Indian Premier League,male,CH Lloyd,IL Howell,Royal Challengers Bangalore,field,335998
,Deccan Chargers,,6,RB Tiffin,BR Doctrove,,"Rajiv Gandhi International Stadium, Uppal",,,,2008-05-01,Kings XI Punjab,SE Marsh,7,,C Shamshuddin,2007/08,Hyderabad,Kings XI Punjab,19,Indian Premier League,male,Talat Ali,SJ Davis,Kings XI Punjab,field,335999
,Rajasthan Royals,,6,GA Pratapkumar,RE Koertzen,,Sawai Mansingh Stadium,,,,2008-05-01,Kolkata Knight Riders,SA Asnodkar,,45,MSS Ranawat,2007/08,Jaipur,Rajasthan Royals,18,Indian Premier League,male,FM Engineer,Asad Rauf,Rajasthan Royals,bat,336000
,Chennai Super Kings,,6,K Hariharan,BF Bowden,,"MA Chidambaram Stadium, Chepauk",,,,2008-05-02,Delhi Daredevils,V Sehwag,8,,S Ravi,2007/08,Chennai,Delhi Daredevils,20,Indian Premier League,male,S Venkataraghavan,MR Benson,Chennai Super Kings,bat,336001
,Kings XI Punjab,,6,I Shivram,DJ Harper,,"Punjab Cricket Association Stadium, Mohali",,,,2008-05-03,Kolkata Knight Riders,IK Pathan,,9,MS Mahal,2007/08,Chandigarh,Kings XI Punjab,22,Indian Premier League,male,CH Lloyd,SJ Davis,Kings XI Punjab,bat,336003
,Royal Challengers Bangalore,,6,SL Shastri,BR Doctrove,,M Chinnaswamy Stadium,,,,2008-05-03,Deccan Chargers,P Kumar,,3,CK Nandan,2007/08,Bangalore,Royal Challengers Bangalore,21,Indian Premier League,male,Talat Ali,SK Tarapore,Deccan Chargers,field,336034
,Mumbai Indians,,6,RE Koertzen,IL Howell,,Dr DY Patil Sports Academy,,,,2008-05-04,Delhi Daredevils,SM Pollock,,29,UL Dubey,2007/08,Mumbai,Mumbai Indians,23,Indian Premier League,male,J Srinath,BF Bowden,Delhi Daredevils,field,336004
,Rajasthan Royals,,6,AV Jayaprakash,Asad Rauf,,Sawai Mansingh Stadium,,,,2008-05-04,Chennai Super Kings,Sohail Tanvir,8,,MSS Ranawat,2007/08,Jaipur,Rajasthan Royals,24,Indian Premier League,male,FM Engineer,Aleem Dar,Chennai Super Kings,bat,336005
,Royal Challengers Bangalore,,6,BR Doctrove,SJ Davis,,M Chinnaswamy Stadium,,,,2008-05-05,Kings XI Punjab,S Sreesanth,6,,SK Tarapore,2007/08,Bangalore,Kings XI Punjab,25,Indian Premier League,male,CH Lloyd,SL Shastri,Kings XI Punjab,field,336006
,Chennai Super Kings,,6,RB Tiffin,MR Benson,,"MA Chidambaram Stadium, Chepauk",,,,2008-05-06,Deccan Chargers,AC Gilchrist,7,,K Srinivasan,2007/08,Chennai,Deccan Chargers,26,Indian Premier League,male,J Srinath,S Ravi,Deccan Chargers,field,336007
,Mumbai Indians,,6,RE Koertzen,DJ Harper,,Dr DY Patil Sports Academy,,,,2008-05-07,Rajasthan Royals,A Nehra,7,,UL Dubey,2007/08,Mumbai,Mumbai Indians,27,Indian Premier League,male,Talat Ali,BF Bowden,Mumbai Indians,field,336008
,Kolkata Knight Riders,,6,IL Howell,Asad Rauf,,Eden Gardens,,,,2008-05-08,Royal Challengers Bangalore,SC Ganguly,,5,,2007/08,Kolkata,Kolkata Knight Riders,29,Indian Premier League,male,FM Engineer,BR Doctrove,Kolkata Knight Riders,bat,336010
,Delhi Daredevils,,6,RB Tiffin,Aleem Dar,,Feroz Shah Kotla,,,,2008-05-08,Chennai Super Kings,MS Dhoni,4,,,2007/08,Delhi,Chennai Super Kings,28,Indian Premier League,male,CH Lloyd,K Hariharan,Chennai Super Kings,field,336009
,Rajasthan Royals,,6,AM Saheba,MR Benson,,Sawai Mansingh Stadium,,,,2008-05-09,Deccan Chargers,YK Pathan,8,,,2007/08,Jaipur,Rajasthan Royals,30,Indian Premier League,male,S Venkataraghavan,SJ Davis,Rajasthan Royals,field,336011
,Chennai Super Kings,,6,BG Jerling,AV Jayaprakash,,"MA Chidambaram Stadium, Chepauk",,,,2008-05-10,Kings XI Punjab,L Balaji,,18,S Ravi,2007/08,Chennai,Chennai Super Kings,31,Indian Premier League,male,J Srinath,I Shivram,Kings XI Punjab,field,336013
,Deccan Chargers,,6,AM Saheba,IL Howell,,"Rajiv Gandhi International Stadium, Uppal",,,,2008-05-11,Kolkata Knight Riders,SC Ganguly,,23,,2007/08,Hyderabad,Kolkata Knight Riders,32,Indian Premier League,male,Talat Ali,BF Bowden,Kolkata Knight Riders,bat,336014
,Rajasthan Royals,,6,RE Koertzen,SJ Davis,,Sawai Mansingh Stadium,,,,2008-05-11,Delhi Daredevils,SR Watson,3,,,2007/08,Jaipur,Rajasthan Royals,33,Indian Premier League,male,FM Engineer,MSS Ranawat,Rajasthan Royals,field,336015
,Kings XI Punjab,,6,I Shivram,BR Doctrove,,"Punjab Cricket Association Stadium, Mohali",,,,2008-05-12,Royal Challengers Bangalore,SE Marsh,9,,HS Sekhon,2007/08,Chandigarh,Kings XI Punjab,34,Indian Premier League,male,CH Lloyd,Jasbir Singh,Royal Challengers Bangalore,bat,336016
,Kolkata Knight Riders,,6,IL Howell,Asad Rauf,,Eden Gardens,,,,2008-05-13,Delhi Daredevils,Shoaib Akhtar,,23,,2007/08,Kolkata,Kolkata Knight Riders,35,Indian Premier League,male,Talat Ali,AV Jayaprakash,Kolkata Knight Riders,bat,336017
,Mumbai Indians,,6,AM Saheba,BR Doctrove,,Wankhede Stadium,,,,2008-05-14,Chennai Super Kings,ST Jayasuriya,9,,RM Deshpande,2007/08,Mumbai,Mumbai Indians,36,Indian Premier League,male,J Srinath,RE Koertzen,Mumbai Indians,field,336018
,Delhi Daredevils,,6,GA Pratapkumar,BG Jerling,,Feroz Shah Kotla,,,,2008-05-15,Deccan Chargers,A Mishra,,12,,2007/08,Delhi,Delhi Daredevils,37,Indian Premier League,male,CH Lloyd,Asad Rauf,Deccan Chargers,field,336020
,Mumbai Indians,,6,DJ Harper,BR Doctrove,,Wankhede Stadium,,,,2008-05-16,Kolkata Knight Riders,SM Pollock,8,,SN Bandekar,2007/08,Mumbai,Mumbai Indians,38,Indian Premier League,male,FM Engineer,I Shivram,Mumbai Indians,field,336021
,Rajasthan Royals,,6,SL Shastri,BF Bowden,,Sawai Mansingh Stadium,,,,2008-05-17,Royal Challengers Bangalore,GC Smith,,65,MSS Ranawat,2007/08,Jaipur,Rajasthan Royals,39,Indian Premier League,male,Talat Ali,SJ Davis,Royal Challengers Bangalore,field,336023
,Delhi Daredevils,,6,RE Koertzen,AV Jayaprakash,,Feroz Shah Kotla,,,D/L,2008-05-17,Kings XI Punjab,DPMD Jayawardene,,6,AK Chaudhary,2007/08,Delhi,Kings XI Punjab,40,Indian Premier League,male,CH Lloyd,BG Jerling,Delhi Daredevils,bat,336022
,Deccan Chargers,,6,DJ Harper,BR Doctrove,,"Rajiv Gandhi International Stadium, Uppal",,,,2008-05-18,Mumbai Indians,DJ Bravo,,25,C Shamshuddin,2007/08,Hyderabad,Mumbai Indians,42,Indian Premier League,male,S Venkataraghavan,I Shivram,Deccan Chargers,field,336024
,Kolkata Knight Riders,,6,K Hariharan,Asad Rauf,,Eden Gardens,,,D/L,2008-05-18,Chennai Super Kings,M Ntini,,3,S Banerjee,2007/08,Kolkata,Chennai Super Kings,41,Indian Premier League,male,FM Engineer,AM Saheba,Kolkata Knight Riders,bat,336025
,Royal Challengers Bangalore,,6,GA Pratapkumar,SJ Davis,,M Chinnaswamy Stadium,,,,2008-05-19,Delhi Daredevils,SP Goswami,5,,VN Kulkarni,2007/08,Bangalore,Delhi Daredevils,43,Indian Premier League,male,Talat Ali,SL Shastri,Delhi Daredevils,field,336026
,Kolkata Knight Riders,,6,RE Koertzen,BG Jerling,,Eden Gardens,,,,2008-05-20,Rajasthan Royals,YK Pathan,6,,AK Mitra,2007/08,Kolkata,Rajasthan Royals,44,Indian Premier League,male,FM Engineer,K Hariharan,Rajasthan Royals,field,336027
,Mumbai Indians,,6,GA Pratapkumar,BF Bowden,,Wankhede Stadium,,,,2008-05-21,Kings XI Punjab,SE Marsh,,1,,2007/08,Mumbai,Kings XI Punjab,45,Indian Premier League,male,Talat Ali,SL Shastri,Mumbai Indians,field,336028
,Chennai Super Kings,,6,I Shivram,DJ Harper,,"MA Chidambaram Stadium, Chepauk",,,,2008-05-21,Royal Challengers Bangalore,A Kumble,,14,S Ravi,2007/08,Chennai,Royal Challengers Bangalore,46,Indian Premier League,male,J Srinath,BR Doctrove,Royal Challengers Bangalore,bat,336029
,Kings XI Punjab,,6,SJ Davis,Asad Rauf,,"Punjab Cricket Association Stadium, Mohali",,,,2008-05-23,Deccan Chargers,SE Marsh,6,,HS Sekhon,2007/08,Chandigarh,Kings XI Punjab,48,Indian Premier League,male,Talat Ali,AM Saheba,Kings XI Punjab,field,336031
,Delhi Daredevils,,6,K Hariharan,BF Bowden,,Feroz Shah Kotla,,,,2008-05-24,Mumbai Indians,KD Karthik,5,,,2007/08,Delhi,Delhi Daredevils,50,Indian Premier League,male,CH Lloyd,BG Jerling,Delhi Daredevils,field,336032
,Chennai Super Kings,,6,SL Shastri,DJ Harper,,"MA Chidambaram Stadium, Chepauk",,,,2008-05-24,Rajasthan Royals,JA Morkel,,10,,2007/08,Chennai,Rajasthan Royals,49,Indian Premier League,male,J Srinath,AV Jayaprakash,Rajasthan Royals,bat,336033
,Deccan Chargers,,6,RE Koertzen,Asad Rauf,,"Rajiv Gandhi International Stadium, Uppal",,,,2008-05-25,Royal Challengers Bangalore,R Vinay Kumar,5,,,2007/08,Hyderabad,Royal Challengers Bangalore,51,Indian Premier League,male,Talat Ali,GA Pratapkumar,Deccan Chargers,bat,336002
,Kolkata Knight Riders,,6,I Shivram,SJ Davis,,Eden Gardens,,,,2008-05-25,Kings XI Punjab,Umar Gul,3,,,2007/08,Kolkata,Kolkata Knight Riders,52,Indian Premier League,male,S Venkataraghavan,BR Doctrove,Kings XI Punjab,bat,336035
,Rajasthan Royals,,6,K Hariharan,BF Bowden,,Sawai Mansingh Stadium,,,,2008-05-26,Mumbai Indians,Sohail Tanvir,5,,MSS Ranawat,2007/08,Jaipur,Rajasthan Royals,53,Indian Premier League,male,CH Lloyd,SL Shastri,Rajasthan Royals,field,336036
,Deccan Chargers,,6,AM Saheba,BG Jerling,,"Rajiv Gandhi International Stadium, Uppal",,,,2008-05-27,Chennai Super Kings,SK Raina,7,,,2007/08,Hyderabad,Chennai Super Kings,54,Indian Premier League,male,Talat Ali,GA Pratapkumar,Deccan Chargers,bat,336037
,Royal Challengers Bangalore,,6,AV Jayaprakash,BF Bowden,,M Chinnaswamy Stadium,,,,2008-05-28,Mumbai Indians,CRD Fernando,9,,,2007/08,Bangalore,Mumbai Indians,55,Indian Premier League,male,CH Lloyd,BR Doctrove,Mumbai Indians,field,336012
,Kings XI Punjab,,6,K Hariharan,SJ Davis,,"Punjab Cricket Association Stadium, Mohali",,,,2008-05-28,Rajasthan Royals,SE Marsh,,41,MS Mahal,2007/08,Chandigarh,Kings XI Punjab,56,Indian Premier League,male,S Venkataraghavan,DJ Harper,Rajasthan Royals,field,336019
,Delhi Daredevils,,6,RE Koertzen,BF Bowden,,Wankhede Stadium,,,,2008-05-30,Rajasthan Royals,SR Watson,,105,,2007/08,Mumbai,Rajasthan Royals,,Indian Premier League,male,J Srinath,BR Doctrove,Delhi Daredevils,field,336038
,Chennai Super Kings,,6,DJ Harper,Asad Rauf,,Wankhede Stadium,,,,2008-05-31,Kings XI Punjab,M Ntini,9,,,2007/08,Mumbai,Chennai Super Kings,,Indian Premier League,male,S Venkataraghavan,K Hariharan,Kings XI Punjab,bat,336039
,Chennai Super Kings,,6,RE Koertzen,BF Bowden,,Dr DY Patil Sports Academy,,,,2008-06-01,Rajasthan Royals,YK Pathan,3,,MR Singh,2007/08,Mumbai,Rajasthan Royals,,Indian Premier League,male,J Srinath,DJ Harper,Rajasthan Royals,field,336040
,Chennai Super Kings,true,6,K Hariharan,BR Doctrove,,Newlands,,,,2009-04-18,Mumbai Indians,SR Tendulkar,,19,EC Hendrikse,2009,Cape Town,Mumbai Indians,1,Indian Premier League,male,GR Viswanath,RB Tiffin,Chennai Super Kings,field,392181
,Royal Challengers Bangalore,true,6,RB Tiffin,BR Doctrove,,Newlands,,,,2009-04-18,Rajasthan Royals,R Dravid,,75,EC Hendrikse,2009,Cape Town,Royal Challengers Bangalore,2,Indian Premier League,male,GR Viswanath,K Hariharan,Royal Challengers Bangalore,bat,392182
,Delhi Daredevils,true,6,SD Ranade,MR Benson,,Newlands,,,,2009-04-19,Kings XI Punjab,DL Vettori,10,,MW Brown,2009,Cape Town,Delhi Daredevils,3,Indian Premier League,male,Yashpal Sharma,AL Hill,Delhi Daredevils,field,392183
,Deccan Chargers,true,6,BR Doctrove,MR Benson,,Newlands,,,,2009-04-19,Kolkata Knight Riders,RP Singh,8,,MW Brown,2009,Cape Town,Deccan Chargers,4,Indian Premier League,male,Yashpal Sharma,SD Ranade,Kolkata Knight Riders,bat,392184
,Royal Challengers Bangalore,true,6,SJA Taufel,BG Jerling,,St George's Park,,,,2009-04-20,Chennai Super Kings,M Muralitharan,,92,S George,2009,Port Elizabeth,Chennai Super Kings,5,Indian Premier League,male,GR Viswanath,RB Tiffin,Chennai Super Kings,bat,392185
,Kings XI Punjab,true,6,SD Ranade,DJ Harper,,Kingsmead,,,,2009-04-21,Kolkata Knight Riders,CH Gayle,,11,EC Hendrikse,2009,Durban,Kolkata Knight Riders,6,Indian Premier League,male,D Govindjee,TH Wijewardene,Kolkata Knight Riders,field,392186
,Royal Challengers Bangalore,true,6,AM Saheba,M Erasmus,,Newlands,,,,2009-04-22,Deccan Chargers,AC Gilchrist,,24,,2009,Cape Town,Deccan Chargers,8,Indian Premier League,male,Yashpal Sharma,MR Benson,Deccan Chargers,bat,392188
,Chennai Super Kings,true,6,SJA Taufel,BR Doctrove,,Kingsmead,,,,2009-04-23,Delhi Daredevils,AB de Villiers,,9,ZTA Ndamane,2009,Durban,Delhi Daredevils,9,Indian Premier League,male,D Govindjee,SD Ranade,Delhi Daredevils,bat,392189
Rajasthan Royals,Kolkata Knight Riders,true,6,M Erasmus,MR Benson,tie,Newlands,,,,2009-04-23,Rajasthan Royals,YK Pathan,,,EC Hendrikse,2009,Cape Town,,10,Indian Premier League,male,GR Viswanath,AM Saheba,Kolkata Knight Riders,field,392190
,Royal Challengers Bangalore,true,6,TH Wijewardene,BR Doctrove,,Kingsmead,,,,2009-04-24,Kings XI Punjab,RS Bopara,7,,ZTA Ndamane,2009,Durban,Kings XI Punjab,11,Indian Premier League,male,D Govindjee,SJA Taufel,Royal Challengers Bangalore,bat,392191
,Deccan Chargers,true,6,SJA Taufel,HDPK Dharmasena,,Kingsmead,,,,2009-04-25,Mumbai Indians,PP Ojha,,12,ZTA Ndamane,2009,Durban,Deccan Chargers,12,Indian Premier League,male,D Govindjee,SD Ranade,Deccan Chargers,bat,392192
,Kings XI Punjab,true,6,K Hariharan,M Erasmus,,Newlands,,,,2009-04-26,Rajasthan Royals,KC Sangakkara,,27,EC Hendrikse,2009,Cape Town,Kings XI Punjab,15,Indian Premier League,male,GR Viswanath,MR Benson,Kings XI Punjab,bat,392195
,Royal Challengers Bangalore,true,6,BG Jerling,S Asnani,,St George's Park,,,,2009-04-26,Delhi Daredevils,TM Dilshan,6,,S George,2009,Port Elizabeth,Delhi Daredevils,14,Indian Premier League,male,Yashpal Sharma,BR Doctrove,Royal Challengers Bangalore,bat,392194
,Chennai Super Kings,true,6,TH Wijewardene,IL Howell,,Kingsmead,,,,2009-04-27,Deccan Chargers,HH Gibbs,6,,MW Brown,2009,Durban,Deccan Chargers,16,Indian Premier League,male,D Govindjee,SD Ranade,Deccan Chargers,field,392196
,Kolkata Knight Riders,true,6,RB Tiffin,BG Jerling,,St George's Park,,,,2009-04-27,Mumbai Indians,SR Tendulkar,,92,S George,2009,Port Elizabeth,Mumbai Indians,17,Indian Premier League,male,Yashpal Sharma,S Asnani,Mumbai Indians,bat,392197
,Delhi Daredevils,true,6,RE Koertzen,GAV Baxter,,SuperSport Park,,,,2009-04-28,Rajasthan Royals,YK Pathan,5,,JD Cloete,2009,Centurion,Rajasthan Royals,18,Indian Premier League,male,J Srinath,DJ Harper,Delhi Daredevils,bat,392198
,Royal Challengers Bangalore,true,6,TH Wijewardene,MR Benson,,Kingsmead,,,,2009-04-29,Kolkata Knight Riders,MV Boucher,5,,ZTA Ndamane,2009,Durban,Royal Challengers Bangalore,19,Indian Premier League,male,D Govindjee,SL Shastri,Kolkata Knight Riders,bat,392199
,Kings XI Punjab,true,6,SL Shastri,MR Benson,,Kingsmead,,,,2009-04-29,Mumbai Indians,KC Sangakkara,,3,ZTA Ndamane,2009,Durban,Kings XI Punjab,20,Indian Premier League,male,D Govindjee,TH Wijewardene,Kings XI Punjab,bat,392200
,Chennai Super Kings,true,6,RE Koertzen,GAV Baxter,,SuperSport Park,,,,2009-04-30,Rajasthan Royals,SK Raina,,38,JD Cloete,2009,Centurion,Chennai Super Kings,22,Indian Premier League,male,GR Viswanath,AM Saheba,Rajasthan Royals,field,392202
,Deccan Chargers,true,6,AM Saheba,GAV Baxter,,SuperSport Park,,,,2009-04-30,Delhi Daredevils,DP Nannes,6,,JD Cloete,2009,Centurion,Delhi Daredevils,21,Indian Premier League,male,GR Viswanath,RE Koertzen,Delhi Daredevils,field,392201
,Royal Challengers Bangalore,true,6,S Ravi,HDPK Dharmasena,,Kingsmead,,,,2009-05-01,Kings XI Punjab,Yuvraj Singh,,8,EC Hendrikse,2009,Durban,Royal Challengers Bangalore,24,Indian Premier League,male,D Govindjee,SJA Taufel,Royal Challengers Bangalore,bat,392204
,Kolkata Knight Riders,true,6,SK Tarapore,M Erasmus,,Buffalo Park,,,,2009-05-01,Mumbai Indians,JP Duminy,,9,S George,2009,East London,Mumbai Indians,23,Indian Premier League,male,Yashpal Sharma,BR Doctrove,Mumbai Indians,bat,392203
,Deccan Chargers,true,6,BG Jerling,S Asnani,,St George's Park,,,,2009-05-02,Rajasthan Royals,YK Pathan,3,,S George,2009,Port Elizabeth,Rajasthan Royals,25,Indian Premier League,male,S Venkataraghavan,MR Benson,Deccan Chargers,bat,392205
,Chennai Super Kings,true,6,RE Koertzen,DJ Harper,,New Wanderers Stadium,,,,2009-05-02,Delhi Daredevils,SB Jakati,,18,KH Hurter,2009,Johannesburg,Chennai Super Kings,26,Indian Premier League,male,GR Viswanath,SS Hazare,Delhi Daredevils,field,392206
,Royal Challengers Bangalore,true,6,TH Wijewardene,RE Koertzen,,New Wanderers Stadium,,,,2009-05-03,Mumbai Indians,JH Kallis,9,,ZTA Ndamane,2009,Johannesburg,Royal Challengers Bangalore,28,Indian Premier League,male,GR Viswanath,K Hariharan,Mumbai Indians,bat,392208
,Kings XI Punjab,true,6,MR Benson,S Asnani,,St George's Park,,,,2009-05-03,Kolkata Knight Riders,DPMD Jayawardene,6,,S George,2009,Port Elizabeth,Kings XI Punjab,27,Indian Premier League,male,S Venkataraghavan,BG Jerling,Kolkata Knight Riders,bat,392207
,Chennai Super Kings,true,6,M Erasmus,BR Doctrove,,Buffalo Park,,,,2009-05-04,Deccan Chargers,MS Dhoni,,78,S George,2009,East London,Chennai Super Kings,29,Indian Premier League,male,Yashpal Sharma,SK Tarapore,Chennai Super Kings,bat,392209
,Kings XI Punjab,true,6,IL Howell,SS Hazare,,Kingsmead,,,,2009-05-05,Rajasthan Royals,GC Smith,,78,KH Hurter,2009,Durban,Rajasthan Royals,30,Indian Premier League,male,J Srinath,GAV Baxter,Kings XI Punjab,field,392210
,Delhi Daredevils,true,6,IL Howell,GAV Baxter,,Kingsmead,,,,2009-05-05,Kolkata Knight Riders,G Gambhir,9,,KH Hurter,2009,Durban,Delhi Daredevils,31,Indian Premier League,male,J Srinath,S Ravi,Kolkata Knight Riders,bat,392211
,Deccan Chargers,true,6,HDPK Dharmasena,MR Benson,,SuperSport Park,,,,2009-05-06,Mumbai Indians,RG Sharma,,19,JD Cloete,2009,Centurion,Deccan Chargers,32,Indian Premier League,male,GR Viswanath,K Hariharan,Deccan Chargers,bat,392212
,Royal Challengers Bangalore,true,6,DJ Harper,K Hariharan,,SuperSport Park,,,,2009-05-07,Rajasthan Royals,A Singh,7,,JD Cloete,2009,Centurion,Rajasthan Royals,33,Indian Premier League,male,S Venkataraghavan,TH Wijewardene,Rajasthan Royals,field,392213
,Chennai Super Kings,true,6,TH Wijewardene,DJ Harper,,SuperSport Park,,,,2009-05-07,Kings XI Punjab,ML Hayden,,12,JD Cloete,2009,Centurion,Chennai Super Kings,34,Indian Premier League,male,S Venkataraghavan,K Hariharan,Chennai Super Kings,bat,392214
,Delhi Daredevils,true,6,SK Tarapore,M Erasmus,,Buffalo Park,,,,2009-05-08,Mumbai Indians,A Nehra,7,,S George,2009,East London,Delhi Daredevils,35,Indian Premier League,male,Yashpal Sharma,BG Jerling,Mumbai Indians,bat,392215
,Deccan Chargers,true,6,AM Saheba,GAV Baxter,,De Beers Diamond Oval,,,,2009-05-09,Kings XI Punjab,DPMD Jayawardene,3,,KH Hurter,2009,Kimberley,Kings XI Punjab,36,Indian Premier League,male,J Srinath,HDPK Dharmasena,Kings XI Punjab,field,392216
,Chennai Super Kings,true,6,HDPK Dharmasena,GAV Baxter,,De Beers Diamond Oval,,,,2009-05-09,Rajasthan Royals,S Badrinath,7,,KH Hurter,2009,Kimberley,Chennai Super Kings,37,Indian Premier League,male,J Srinath,AM Saheba,Rajasthan Royals,bat,392217
,Delhi Daredevils,true,6,RB Tiffin,SL Shastri,,New Wanderers Stadium,,,,2009-05-10,Kolkata Knight Riders,A Mishra,7,,ZTA Ndamane,2009,Johannesburg,Delhi Daredevils,39,Indian Premier League,male,S Venkataraghavan,S Ravi,Delhi Daredevils,field,392219
,Royal Challengers Bangalore,true,6,BG Jerling,BR Doctrove,,St George's Park,,,,2009-05-10,Mumbai Indians,JP Duminy,,16,S George,2009,Port Elizabeth,Mumbai Indians,38,Indian Premier League,male,Yashpal Sharma,IL Howell,Mumbai Indians,bat,392218
,Deccan Chargers,true,6,HDPK Dharmasena,GAV Baxter,,De Beers Diamond Oval,,,,2009-05-11,Rajasthan Royals,DR Smith,,53,KH Hurter,2009,Kimberley,Deccan Chargers,40,Indian Premier League,male,J Srinath,S Asnani,Deccan Chargers,bat,392220
,Royal Challengers Bangalore,true,6,SS Hazare,M Erasmus,,SuperSport Park,,,,2009-05-12,Kolkata Knight Riders,LRPL Taylor,6,,JD Cloete,2009,Centurion,Royal Challengers Bangalore,41,Indian Premier League,male,Yashpal Sharma,RE Koertzen,Royal Challengers Bangalore,field,392221
,Kings XI Punjab,true,6,RE Koertzen,SS Hazare,,SuperSport Park,,,,2009-05-12,Mumbai Indians,Harbhajan Singh,8,,JD Cloete,2009,Centurion,Mumbai Indians,42,Indian Premier League,male,Yashpal Sharma,M Erasmus,Kings XI Punjab,bat,392222
,Deccan Chargers,true,6,SL Shastri,DJ Harper,,Kingsmead,,,,2009-05-13,Delhi Daredevils,R Bhatia,,12,MW Brown,2009,Durban,Delhi Daredevils,43,Indian Premier League,male,D Govindjee,RB Tiffin,Deccan Chargers,field,392223
,Royal Challengers Bangalore,true,6,DJ Harper,BR Doctrove,,Kingsmead,,,,2009-05-14,Chennai Super Kings,LRPL Taylor,2,,MW Brown,2009,Durban,Royal Challengers Bangalore,44,Indian Premier League,male,D Govindjee,SL Shastri,Chennai Super Kings,bat,392224
,Mumbai Indians,true,6,DJ Harper,BR Doctrove,,Kingsmead,,,,2009-05-14,Rajasthan Royals,SK Warne,,2,MW Brown,2009,Durban,Rajasthan Royals,45,Indian Premier League,male,D Govindjee,SL Shastri,Rajasthan Royals,bat,392225
,Delhi Daredevils,true,6,IL Howell,HDPK Dharmasena,,OUTsurance Oval,,,,2009-05-15,Kings XI Punjab,B Lee,6,,ZTA Ndamane,2009,Bloemfontein,Kings XI Punjab,46,Indian Premier League,male,J Srinath,S Asnani,Kings XI Punjab,field,392226
,Deccan Chargers,true,6,S Ravi,RE Koertzen,,New Wanderers Stadium,,,,2009-05-16,Kolkata Knight Riders,RG Sharma,6,,KH Hurter,2009,Johannesburg,Deccan Chargers,48,Indian Premier League,male,S Venkataraghavan,SL Shastri,Deccan Chargers,field,392228
,Chennai Super Kings,true,6,SJA Taufel,SK Tarapore,,St George's Park,,,,2009-05-16,Mumbai Indians,ML Hayden,7,,S George,2009,Port Elizabeth,Chennai Super Kings,47,Indian Premier League,male,Yashpal Sharma,BG Jerling,Mumbai Indians,bat,392227
,Delhi Daredevils,true,6,IL Howell,SS Hazare,,OUTsurance Oval,,,,2009-05-17,Rajasthan Royals,AB de Villiers,,14,ZTA Ndamane,2009,Bloemfontein,Delhi Daredevils,50,Indian Premier League,male,J Srinath,HDPK Dharmasena,Delhi Daredevils,bat,392230
,Deccan Chargers,true,6,RB Tiffin,S Ravi,,New Wanderers Stadium,,,,2009-05-17,Kings XI Punjab,Yuvraj Singh,,1,KH Hurter,2009,Johannesburg,Kings XI Punjab,49,Indian Premier League,male,S Venkataraghavan,GAV Baxter,Deccan Chargers,field,392229
,Chennai Super Kings,true,6,RB Tiffin,SJA Taufel,,SuperSport Park,,,,2009-05-18,Kolkata Knight Riders,BJ Hodge,7,,JD Cloete,2009,Centurion,Kolkata Knight Riders,51,Indian Premier League,male,S Venkataraghavan,SK Tarapore,Chennai Super Kings,bat,392231
,Royal Challengers Bangalore,true,6,RB Tiffin,IL Howell,,New Wanderers Stadium,,,,2009-05-19,Delhi Daredevils,JH Kallis,7,,KH Hurter,2009,Johannesburg,Royal Challengers Bangalore,52,Indian Premier League,male,J Srinath,S Asnani,Delhi Daredevils,bat,392232
,Kolkata Knight Riders,true,6,SJA Taufel,BG Jerling,,Kingsmead,,,,2009-05-20,Rajasthan Royals,LR Shukla,4,,EC Hendrikse,2009,Durban,Kolkata Knight Riders,53,Indian Premier League,male,D Govindjee,SS Hazare,Kolkata Knight Riders,field,392233
,Chennai Super Kings,true,6,SJA Taufel,BG Jerling,,Kingsmead,,,,2009-05-20,Kings XI Punjab,M Muralitharan,,24,EC Hendrikse,2009,Durban,Chennai Super Kings,54,Indian Premier League,male,D Govindjee,SS Hazare,Chennai Super Kings,bat,392234
,Delhi Daredevils,true,6,S Ravi,IL Howell,,SuperSport Park,,,,2009-05-21,Mumbai Indians,V Sehwag,4,,MW Brown,2009,Centurion,Delhi Daredevils,55,Indian Premier League,male,S Venkataraghavan,SK Tarapore,Delhi Daredevils,field,392235
,Royal Challengers Bangalore,true,6,S Ravi,IL Howell,,SuperSport Park,,,,2009-05-21,Deccan Chargers,MK Pandey,,12,MW Brown,2009,Centurion,Royal Challengers Bangalore,56,Indian Premier League,male,S Venkataraghavan,SK Tarapore,Royal Challengers Bangalore,bat,392236
,Delhi Daredevils,true,6,DJ Harper,BR Doctrove,,SuperSport Park,,,,2009-05-22,Deccan Chargers,AC Gilchrist,6,,JD Cloete,2009,Centurion,Deccan Chargers,,Indian Premier League,male,S Venkataraghavan,RE Koertzen,Deccan Chargers,field,392237
,Royal Challengers Bangalore,true,6,SJA Taufel,RE Koertzen,,New Wanderers Stadium,,,,2009-05-23,Chennai Super Kings,MK Pandey,6,,KH Hurter,2009,Johannesburg,Royal Challengers Bangalore,,Indian Premier League,male,J Srinath,IL Howell,Royal Challengers Bangalore,field,392238
,Royal Challengers Bangalore,true,6,SJA Taufel,RE Koertzen,,New Wanderers Stadium,,,,2009-05-24,Deccan Chargers,A Kumble,,6,ZTA Ndamane,2009,Johannesburg,Deccan Chargers,,Indian Premier League,male,J Srinath,DJ Harper,Royal Challengers Bangalore,field,392239
,Deccan Chargers,,6,RB Tiffin,RE Koertzen,,Dr DY Patil Sports Academy,,,,2010-03-12,Kolkata Knight Riders,AD Mathews,,11,SN Bandekar,2009/10,Mumbai,Kolkata Knight Riders,1,Indian Premier League,male,AJ Pycroft,BG Jerling,Deccan Chargers,field,419106
,Mumbai Indians,,6,RB Tiffin,RE Koertzen,,Brabourne Stadium,,,,2010-03-13,Rajasthan Royals,YK Pathan,,4,VM Bandiwadekar,2009/10,Mumbai,Mumbai Indians,2,Indian Premier League,male,AJ Pycroft,BG Jerling,Mumbai Indians,bat,419107
,Kings XI Punjab,,6,S Ravi,BR Doctrove,,"Punjab Cricket Association Stadium, Mohali",,,,2010-03-13,Delhi Daredevils,G Gambhir,5,,C Shamshuddin,2009/10,Chandigarh,Delhi Daredevils,3,Indian Premier League,male,S Venkataraghavan,SK Tarapore,Delhi Daredevils,field,419108
,Kolkata Knight Riders,,6,AM Saheba,HDPK Dharmasena,,Eden Gardens,,,,2010-03-14,Royal Challengers Bangalore,MK Tiwary,7,,R Shankar,2009/10,Kolkata,Kolkata Knight Riders,4,Indian Premier League,male,Yashpal Sharma,M Erasmus,Kolkata Knight Riders,field,419109
,Chennai Super Kings,,6,DJ Harper,K Hariharan,,"MA Chidambaram Stadium, Chepauk",,,,2010-03-14,Deccan Chargers,WPUJC Vaas,,31,J Madanagopal,2009/10,Chennai,Deccan Chargers,5,Indian Premier League,male,D Govindjee,S Das,Deccan Chargers,bat,419110
,Rajasthan Royals,,6,RE Koertzen,BG Jerling,,"Sardar Patel Stadium, Motera",,,,2010-03-15,Delhi Daredevils,V Sehwag,6,,S Dua,2009/10,Ahmedabad,Delhi Daredevils,6,Indian Premier League,male,AJ Pycroft,RB Tiffin,Delhi Daredevils,field,419111
,Kolkata Knight Riders,,6,AM Saheba,HDPK Dharmasena,,Eden Gardens,,,,2010-03-16,Chennai Super Kings,MS Dhoni,,55,R Shankar,2009/10,Kolkata,Chennai Super Kings,8,Indian Premier League,male,Yashpal Sharma,M Erasmus,Chennai Super Kings,bat,419113
,Royal Challengers Bangalore,,6,DJ Harper,S Das,,M Chinnaswamy Stadium,,,,2010-03-16,Kings XI Punjab,JH Kallis,8,,KN Ananthapadmanabhan,2009/10,Bangalore,Royal Challengers Bangalore,7,Indian Premier League,male,D Govindjee,K Hariharan,Kings XI Punjab,bat,419112
,Delhi Daredevils,,6,SK Tarapore,BR Doctrove,,Feroz Shah Kotla,,,,2010-03-17,Mumbai Indians,SR Tendulkar,,98,A Chaudhary,2009/10,Delhi,Mumbai Indians,9,Indian Premier League,male,S Venkataraghavan,S Ravi,Delhi Daredevils,field,419114
,Royal Challengers Bangalore,,6,DJ Harper,K Hariharan,,M Chinnaswamy Stadium,,,,2010-03-18,Rajasthan Royals,JH Kallis,10,,KN Ananthapadmanabhan,2009/10,Bangalore,Royal Challengers Bangalore,10,Indian Premier League,male,D Govindjee,S Das,Royal Challengers Bangalore,field,419115
,Delhi Daredevils,,6,SK Tarapore,BR Doctrove,,Feroz Shah Kotla,,,,2010-03-19,Chennai Super Kings,ML Hayden,5,,A Chaudhary,2009/10,Delhi,Chennai Super Kings,11,Indian Premier League,male,S Venkataraghavan,S Ravi,Delhi Daredevils,bat,419116
,Deccan Chargers,,6,M Erasmus,BF Bowden,,Barabati Stadium,,,,2010-03-19,Kings XI Punjab,A Symonds,,6,BK Ravi,2009/10,Cuttack,Deccan Chargers,12,Indian Premier League,male,GR Viswanath,AM Saheba,Kings XI Punjab,field,419117
,Rajasthan Royals,,6,RB Tiffin,RE Koertzen,,"Sardar Patel Stadium, Motera",,,,2010-03-20,Kolkata Knight Riders,AA Jhunjhunwala,,34,S Dua,2009/10,Ahmedabad,Rajasthan Royals,13,Indian Premier League,male,AJ Pycroft,BG Jerling,Rajasthan Royals,bat,419118
,Mumbai Indians,,6,SS Hazare,HDPK Dharmasena,,Brabourne Stadium,,,,2010-03-20,Royal Challengers Bangalore,JH Kallis,7,,SN Bandekar,2009/10,Mumbai,Royal Challengers Bangalore,14,Indian Premier League,male,Yashpal Sharma,SK Tarapore,Mumbai Indians,bat,419119
,Deccan Chargers,,6,M Erasmus,BF Bowden,,Barabati Stadium,,,,2010-03-21,Delhi Daredevils,A Symonds,,10,BK Ravi,2009/10,Cuttack,Deccan Chargers,15,Indian Premier League,male,GR Viswanath,AM Saheba,Deccan Chargers,bat,419120
Kings XI Punjab,Chennai Super Kings,,6,DJ Harper,K Hariharan,tie,"MA Chidambaram Stadium, Chepauk",,,,2010-03-21,Kings XI Punjab,J Theron,,,,2009/10,Chennai,,16,Indian Premier League,male,S Venkataraghavan,S Das,Chennai Super Kings,field,419121
,Mumbai Indians,,6,SJA Taufel,SS Hazare,,Brabourne Stadium,,,,2010-03-22,Kolkata Knight Riders,SR Tendulkar,7,,VM Bandiwadekar,2009/10,Mumbai,Mumbai Indians,17,Indian Premier League,male,Yashpal Sharma,HDPK Dharmasena,Kolkata Knight Riders,bat,419122
,Royal Challengers Bangalore,,6,RB Tiffin,RE Koertzen,,M Chinnaswamy Stadium,,,,2010-03-23,Chennai Super Kings,RV Uthappa,,36,KN Ananthapadmanabhan,2009/10,Bangalore,Royal Challengers Bangalore,18,Indian Premier League,male,AJ Pycroft,BG Jerling,Chennai Super Kings,field,419123
,Kings XI Punjab,,6,SK Tarapore,BR Doctrove,,"Punjab Cricket Association Stadium, Mohali",,,,2010-03-24,Rajasthan Royals,AC Voges,,31,C Shamshuddin,2009/10,Chandigarh,Rajasthan Royals,19,Indian Premier League,male,S Venkataraghavan,S Ravi,Kings XI Punjab,field,419124
,Royal Challengers Bangalore,,6,RE Koertzen,BG Jerling,,M Chinnaswamy Stadium,,,,2010-03-25,Delhi Daredevils,KM Jadhav,,17,KN Ananthapadmanabhan,2009/10,Bangalore,Delhi Daredevils,20,Indian Premier League,male,AJ Pycroft,RB Tiffin,Royal Challengers Bangalore,field,419128
,Chennai Super Kings,,6,BF Bowden,AM Saheba,,"Brabourne Stadium, Mumbai",,,,2010-03-25,Mumbai Indians,SR Tendulkar,5,,SN Bandekar,2009/10,Mumbai,Mumbai Indians,21,Indian Premier League,male,GR Viswanath,M Erasmus,Mumbai Indians,field,419125
,Rajasthan Royals,,6,SJA Taufel,HDPK Dharmasena,,"Sardar Patel Stadium, Motera",,,,2010-03-26,Deccan Chargers,YK Pathan,8,,S Dua,2009/10,Ahmedabad,Rajasthan Royals,22,Indian Premier League,male,RS Mahanama,SS Hazare,Deccan Chargers,bat,419126
,Kings XI Punjab,,6,S Ravi,BR Doctrove,,"Punjab Cricket Association Stadium, Mohali",,,,2010-03-27,Kolkata Knight Riders,MK Tiwary,,39,C Shamshuddin,2009/10,Chandigarh,Kolkata Knight Riders,23,Indian Premier League,male,S Venkataraghavan,SK Tarapore,Kolkata Knight Riders,bat,419127
,Rajasthan Royals,,6,SJA Taufel,SS Hazare,,"Sardar Patel Stadium, Motera",,,,2010-03-28,Chennai Super Kings,NV Ojha,,17,S Dua,2009/10,Ahmedabad,Rajasthan Royals,24,Indian Premier League,male,RS Mahanama,HDPK Dharmasena,Rajasthan Royals,bat,419129
,Deccan Chargers,,6,K Hariharan,S Das,,Dr DY Patil Sports Academy,,,,2010-03-28,Mumbai Indians,Harbhajan Singh,,41,SN Bandekar,2009/10,Mumbai,Mumbai Indians,25,Indian Premier League,male,GR Viswanath,DJ Harper,Deccan Chargers,field,419130
,Delhi Daredevils,,6,SJA Taufel,SS Hazare,,Feroz Shah Kotla,,,,2010-03-29,Kolkata Knight Riders,DA Warner,,40,A Chaudhary,2009/10,Delhi,Delhi Daredevils,26,Indian Premier League,male,RS Mahanama,HDPK Dharmasena,Delhi Daredevils,bat,419131
,Mumbai Indians,,6,SK Tarapore,BR Doctrove,,Brabourne Stadium,,,,2010-03-30,Kings XI Punjab,SL Malinga,4,,VM Bandiwadekar,2009/10,Mumbai,Mumbai Indians,27,Indian Premier League,male,S Venkataraghavan,S Ravi,Mumbai Indians,field,419132
,Delhi Daredevils,,6,SJA Taufel,HDPK Dharmasena,,Feroz Shah Kotla,,,,2010-03-31,Rajasthan Royals,KD Karthik,,67,A Chaudhary,2009/10,Delhi,Delhi Daredevils,29,Indian Premier League,male,RS Mahanama,SS Hazare,Delhi Daredevils,bat,419134
,Chennai Super Kings,,6,RE Koertzen,BG Jerling,,"MA Chidambaram Stadium, Chepauk",,,,2010-03-31,Royal Challengers Bangalore,M Vijay,5,,J Madanagopal,2009/10,Chennai,Chennai Super Kings,28,Indian Premier League,male,AJ Pycroft,RB Tiffin,Royal Challengers Bangalore,bat,419133
,Kolkata Knight Riders,,6,DJ Harper,K Hariharan,,Eden Gardens,,,,2010-04-01,Deccan Chargers,SC Ganguly,,24,R Shankar,2009/10,Kolkata,Kolkata Knight Riders,30,Indian Premier League,male,GR Viswanath,S Asnani,Kolkata Knight Riders,bat,419135
,Kings XI Punjab,,6,M Erasmus,BF Bowden,,"Punjab Cricket Association Stadium, Mohali",,,,2010-04-02,Royal Challengers Bangalore,KP Pietersen,6,,C Shamshuddin,2009/10,Chandigarh,Royal Challengers Bangalore,31,Indian Premier League,male,D Govindjee,AM Saheba,Kings XI Punjab,bat,419136
,Chennai Super Kings,,6,RB Tiffin,RE Koertzen,,"MA Chidambaram Stadium, Chepauk",,,,2010-04-03,Rajasthan Royals,M Vijay,,23,J Madanagopal,2009/10,Chennai,Chennai Super Kings,32,Indian Premier League,male,AJ Pycroft,BG Jerling,Chennai Super Kings,bat,419137
,Mumbai Indians,,6,S Ravi,BR Doctrove,,Brabourne Stadium,,,,2010-04-03,Deccan Chargers,AT Rayudu,,63,SN Bandekar,2009/10,Mumbai,Mumbai Indians,33,Indian Premier League,male,S Venkataraghavan,SK Tarapore,Mumbai Indians,bat,419138
,Kolkata Knight Riders,,6,DJ Harper,S Asnani,,Eden Gardens,,,,2010-04-04,Kings XI Punjab,DPMD Jayawardene,8,,R Shankar,2009/10,Kolkata,Kings XI Punjab,34,Indian Premier League,male,J Srinath,K Hariharan,Kolkata Knight Riders,bat,419139
,Delhi Daredevils,,6,M Erasmus,BF Bowden,,Feroz Shah Kotla,,,,2010-04-04,Royal Challengers Bangalore,PD Collingwood,,37,A Chaudhary,2009/10,Delhi,Delhi Daredevils,35,Indian Premier League,male,D Govindjee,AM Saheba,Delhi Daredevils,bat,419140
,Deccan Chargers,,6,SJA Taufel,HDPK Dharmasena,,"Vidarbha Cricket Association Stadium, Jamtha",,,,2010-04-05,Rajasthan Royals,SK Warne,,2,VM Bandiwadekar,2009/10,Nagpur,Rajasthan Royals,36,Indian Premier League,male,RS Mahanama,SS Hazare,Rajasthan Royals,bat,419141
,Chennai Super Kings,,6,DJ Harper,S Asnani,,"MA Chidambaram Stadium, Chepauk",,,,2010-04-06,Mumbai Indians,SK Raina,,24,J Madanagopal,2009/10,Chennai,Chennai Super Kings,37,Indian Premier League,male,J Srinath,K Hariharan,Chennai Super Kings,bat,419142
,Rajasthan Royals,,6,SK Tarapore,S Ravi,,Sawai Mansingh Stadium,,,,2010-04-07,Kings XI Punjab,MJ Lumb,9,,K Sharma,2009/10,Jaipur,Rajasthan Royals,38,Indian Premier League,male,S Venkataraghavan,BR Doctrove,Kings XI Punjab,bat,419143
,Kolkata Knight Riders,,6,RE Koertzen,BG Jerling,,Eden Gardens,,,,2010-04-07,Delhi Daredevils,SC Ganguly,,14,R Shankar,2009/10,Kolkata,Kolkata Knight Riders,39,Indian Premier League,male,AJ Pycroft,RB Tiffin,Kolkata Knight Riders,bat,419144
,Royal Challengers Bangalore,,6,DJ Harper,S Asnani,,M Chinnaswamy Stadium,,,,2010-04-08,Deccan Chargers,TL Suman,7,,KN Ananthapadmanabhan,2009/10,Bangalore,Deccan Chargers,40,Indian Premier League,male,J Srinath,K Hariharan,Deccan Chargers,field,419145
,Kings XI Punjab,,6,AM Saheba,M Erasmus,,"Punjab Cricket Association Stadium, Mohali",,,,2010-04-09,Mumbai Indians,KC Sangakkara,6,,C Shamshuddin,2009/10,Chandigarh,Kings XI Punjab,41,Indian Premier League,male,D Govindjee,BF Bowden,Mumbai Indians,bat,419146
,Deccan Chargers,,6,SJA Taufel,HDPK Dharmasena,,"Vidarbha Cricket Association Stadium, Jamtha",,,,2010-04-10,Chennai Super Kings,RJ Harris,6,,VM Bandiwadekar,2009/10,Nagpur,Deccan Chargers,42,Indian Premier League,male,RS Mahanama,SS Hazare,Chennai Super Kings,bat,419147
,Royal Challengers Bangalore,,6,DJ Harper,K Hariharan,,M Chinnaswamy Stadium,,,,2010-04-10,Kolkata Knight Riders,R Vinay Kumar,7,,KN Ananthapadmanabhan,2009/10,Bangalore,Royal Challengers Bangalore,43,Indian Premier League,male,J Srinath,S Asnani,Royal Challengers Bangalore,field,419148
,Delhi Daredevils,,6,AM Saheba,BF Bowden,,Feroz Shah Kotla,,,,2010-04-11,Kings XI Punjab,PP Chawla,7,,A Chaudhary,2009/10,Delhi,Kings XI Punjab,44,Indian Premier League,male,D Govindjee,M Erasmus,Delhi Daredevils,bat,419149
,Rajasthan Royals,,6,SK Tarapore,BR Doctrove,,Sawai Mansingh Stadium,,,,2010-04-11,Mumbai Indians,SR Tendulkar,,37,K Sharma,2009/10,Jaipur,Mumbai Indians,45,Indian Premier League,male,S Venkataraghavan,S Ravi,Rajasthan Royals,field,419150
,Deccan Chargers,,6,RB Tiffin,RE Koertzen,,"Vidarbha Cricket Association Stadium, Jamtha",,,,2010-04-12,Royal Challengers Bangalore,Harmeet Singh,,13,VM Bandiwadekar,2009/10,Nagpur,Deccan Chargers,46,Indian Premier League,male,AJ Pycroft,BG Jerling,Royal Challengers Bangalore,field,419151
,Mumbai Indians,,6,DJ Harper,S Asnani,,Brabourne Stadium,,,,2010-04-13,Delhi Daredevils,KA Pollard,,39,SN Bandekar,2009/10,Mumbai,Mumbai Indians,47,Indian Premier League,male,J Srinath,K Hariharan,Mumbai Indians,bat,419152
,Chennai Super Kings,,6,SJA Taufel,SS Hazare,,"MA Chidambaram Stadium, Chepauk",,,,2010-04-13,Kolkata Knight Riders,R Ashwin,9,,J Madanagopal,2009/10,Chennai,Chennai Super Kings,48,Indian Premier League,male,GR Viswanath,HDPK Dharmasena,Kolkata Knight Riders,bat,419153
,Rajasthan Royals,,6,S Ravi,BR Doctrove,,Sawai Mansingh Stadium,,,,2010-04-14,Royal Challengers Bangalore,KP Pietersen,5,,K Sharma,2009/10,Jaipur,Royal Challengers Bangalore,49,Indian Premier League,male,S Venkataraghavan,SK Tarapore,Rajasthan Royals,bat,419154
,Chennai Super Kings,,6,SS Hazare,HDPK Dharmasena,,"MA Chidambaram Stadium, Chepauk",,,,2010-04-15,Delhi Daredevils,G Gambhir,6,,J Madanagopal,2009/10,Chennai,Delhi Daredevils,50,Indian Premier League,male,GR Viswanath,SJA Taufel,Chennai Super Kings,bat,419155
,Kings XI Punjab,,6,AM Saheba,M Erasmus,,Himachal Pradesh Cricket Association Stadium,,,,2010-04-16,Deccan Chargers,RG Sharma,5,,C Shamshuddin,2009/10,Dharamsala,Deccan Chargers,51,Indian Premier League,male,D Govindjee,BF Bowden,Deccan Chargers,field,419156
,Royal Challengers Bangalore,,6,SJA Taufel,HDPK Dharmasena,,M Chinnaswamy Stadium,,,,2010-04-17,Mumbai Indians,R McLaren,,57,KN Ananthapadmanabhan,2009/10,Bangalore,Mumbai Indians,52,Indian Premier League,male,GR Viswanath,SS Hazare,Royal Challengers Bangalore,field,419157
,Kolkata Knight Riders,,6,RB Tiffin,BG Jerling,,Eden Gardens,,,,2010-04-17,Rajasthan Royals,JD Unadkat,8,,R Shankar,2009/10,Kolkata,Kolkata Knight Riders,53,Indian Premier League,male,AJ Pycroft,RE Koertzen,Rajasthan Royals,bat,419158
,Kings XI Punjab,,6,AM Saheba,BF Bowden,,Himachal Pradesh Cricket Association Stadium,,,,2010-04-18,Chennai Super Kings,MS Dhoni,6,,C Shamshuddin,2009/10,Dharamsala,Chennai Super Kings,54,Indian Premier League,male,D Govindjee,M Erasmus,Chennai Super Kings,field,419159
,Delhi Daredevils,,6,SK Tarapore,BR Doctrove,,Feroz Shah Kotla,,,,2010-04-18,Deccan Chargers,A Symonds,,11,A Chaudhary,2009/10,Delhi,Deccan Chargers,55,Indian Premier League,male,S Venkataraghavan,S Ravi,Deccan Chargers,bat,419160
,Kolkata Knight Riders,,6,RE Koertzen,BG Jerling,,Eden Gardens,,,,2010-04-19,Mumbai Indians,M Kartik,9,,R Shankar,2009/10,Kolkata,Kolkata Knight Riders,56,Indian Premier League,male,AJ Pycroft,RB Tiffin,Mumbai Indians,bat,419161
,Royal Challengers Bangalore,,6,RB Tiffin,BR Doctrove,,Dr DY Patil Sports Academy,,,,2010-04-21,Mumbai Indians,KA Pollard,,35,SN Bandekar,2009/10,Mumbai,Mumbai Indians,,Indian Premier League,male,J Srinath,DJ Harper,Mumbai Indians,bat,419162
,Chennai Super Kings,,6,RB Tiffin,BR Doctrove,,Dr DY Patil Sports Academy,,,,2010-04-22,Deccan Chargers,DE Bollinger,,38,SN Bandekar,2009/10,Mumbai,Chennai Super Kings,,Indian Premier League,male,J Srinath,DJ Harper,Chennai Super Kings,bat,419163
,Royal Challengers Bangalore,,6,SJA Taufel,RE Koertzen,,Dr DY Patil Sports Academy,,,,2010-04-24,Deccan Chargers,A Kumble,9,,SN Bandekar,2009/10,Mumbai,Royal Challengers Bangalore,,Indian Premier League,male,S Venkataraghavan,S Ravi,Deccan Chargers,bat,419164
,Chennai Super Kings,,6,SJA Taufel,RE Koertzen,,Dr DY Patil Sports Academy,,,,2010-04-25,Mumbai Indians,SK Raina,,22,SN Bandekar,2009/10,Mumbai,Chennai Super Kings,,Indian Premier League,male,S Venkataraghavan,S Ravi,Chennai Super Kings,bat,419165
,Chennai Super Kings,,6,PR Reiffel,BR Doctrove,,"MA Chidambaram Stadium, Chepauk",,,,2011-04-08,Kolkata Knight Riders,S Anirudha,,2,K Srinath,2011,Chennai,Chennai Super Kings,1,Indian Premier League,male,J Srinath,S Asnani,Chennai Super Kings,bat,501198
,Deccan Chargers,,6,SK Tarapore,RE Koertzen,,"Rajiv Gandhi International Stadium, Uppal",,,,2011-04-09,Rajasthan Royals,SK Trivedi,8,,C Shamshuddin,2011,Hyderabad,Rajasthan Royals,2,Indian Premier League,male,AJ Pycroft,SS Hazare,Rajasthan Royals,field,501199
,Kochi Tuskers Kerala,,6,K Hariharan,HDPK Dharmasena,,Nehru Stadium,,,,2011-04-09,Royal Challengers Bangalore,AB de Villiers,6,,KN Ananthapadmanabhan,2011,Kochi,Royal Challengers Bangalore,3,Indian Premier League,male,Raju Mukherjee,AL Hill,Kochi Tuskers Kerala,bat,501200
,Delhi Daredevils,,6,RB Tiffin,AM Saheba,,Feroz Shah Kotla,,,,2011-04-10,Mumbai Indians,SL Malinga,8,,A Chaudhary,2011,Delhi,Mumbai Indians,4,Indian Premier League,male,S Venkataraghavan,SL Shastri,Delhi Daredevils,bat,501201
,Pune Warriors,,6,PR Reiffel,BR Doctrove,,Dr DY Patil Sports Academy,,,,2011-04-10,Kings XI Punjab,SB Wagh,7,,NA Patwardhan,2011,Mumbai,Pune Warriors,5,Indian Premier League,male,J Srinath,S Asnani,Kings XI Punjab,bat,501202
,Kolkata Knight Riders,,6,SK Tarapore,RE Koertzen,,Eden Gardens,,,,2011-04-11,Deccan Chargers,JH Kallis,,9,S Das,2011,Kolkata,Kolkata Knight Riders,6,Indian Premier League,male,D Govindjee,S Ravi,Kolkata Knight Riders,bat,501203
,Rajasthan Royals,,6,RB Tiffin,Aleem Dar,,Sawai Mansingh Stadium,,,,2011-04-12,Delhi Daredevils,SK Warne,6,,R Subramanian,2011,Jaipur,Rajasthan Royals,7,Indian Premier League,male,AJ Pycroft,SS Hazare,Delhi Daredevils,bat,501204
,Royal Challengers Bangalore,,6,AL Hill,HDPK Dharmasena,,M Chinnaswamy Stadium,,,,2011-04-12,Mumbai Indians,SR Tendulkar,9,,CK Nandan,2011,Bangalore,Mumbai Indians,8,Indian Premier League,male,Raju Mukherjee,K Hariharan,Mumbai Indians,field,501205
,Kings XI Punjab,,6,SL Shastri,Asad Rauf,,"Punjab Cricket Association Stadium, Mohali",,,,2011-04-13,Chennai Super Kings,PC Valthaty,6,,K Bharatan,2011,Chandigarh,Kings XI Punjab,9,Indian Premier League,male,S Venkataraghavan,AM Saheba,Kings XI Punjab,field,501206
,Pune Warriors,,6,PR Reiffel,S Asnani,,Dr DY Patil Sports Academy,,,,2011-04-13,Kochi Tuskers Kerala,MD Mishra,4,,NA Patwardhan,2011,Mumbai,Pune Warriors,10,Indian Premier League,male,J Srinath,BR Doctrove,Kochi Tuskers Kerala,bat,501207
,Deccan Chargers,,6,S Ravi,RE Koertzen,,"Rajiv Gandhi International Stadium, Uppal",,,,2011-04-14,Royal Challengers Bangalore,DW Steyn,,33,C Shamshuddin,2011,Hyderabad,Deccan Chargers,11,Indian Premier League,male,D Govindjee,SK Tarapore,Royal Challengers Bangalore,field,501208
,Mumbai Indians,,6,PR Reiffel,BR Doctrove,,Wankhede Stadium,,,,2011-04-15,Kochi Tuskers Kerala,BB McCullum,8,,VA Kulkarni,2011,Mumbai,Kochi Tuskers Kerala,13,Indian Premier League,male,J Srinath,S Asnani,Kochi Tuskers Kerala,field,501210
,Rajasthan Royals,,6,SS Hazare,Aleem Dar,,Sawai Mansingh Stadium,,,,2011-04-15,Kolkata Knight Riders,G Gambhir,9,,R Subramanian,2011,Jaipur,Kolkata Knight Riders,12,Indian Premier League,male,AJ Pycroft,RB Tiffin,Kolkata Knight Riders,field,501209
,Deccan Chargers,,6,S Ravi,RE Koertzen,,"Rajiv Gandhi International Stadium, Uppal",,,,2011-04-16,Kings XI Punjab,PC Valthaty,8,,C Shamshuddin,2011,Hyderabad,Kings XI Punjab,15,Indian Premier League,male,D Govindjee,SK Tarapore,Kings XI Punjab,field,501212
,Chennai Super Kings,,6,AL Hill,HDPK Dharmasena,,"MA Chidambaram Stadium, Chepauk",,,,2011-04-16,Royal Challengers Bangalore,MEK Hussey,,21,K Srinath,2011,Chennai,Chennai Super Kings,14,Indian Premier League,male,Raju Mukherjee,K Hariharan,Chennai Super Kings,bat,501211
,Kolkata Knight Riders,,6,RB Tiffin,Aleem Dar,,Eden Gardens,,,,2011-04-17,Rajasthan Royals,L Balaji,8,,S Das,2011,Kolkata,Kolkata Knight Riders,17,Indian Premier League,male,AJ Pycroft,SS Hazare,Kolkata Knight Riders,field,501214
,Pune Warriors,,6,AM Saheba,Asad Rauf,,Dr DY Patil Sports Academy,,,,2011-04-17,Delhi Daredevils,Yuvraj Singh,3,,NA Patwardhan,2011,Mumbai,Delhi Daredevils,16,Indian Premier League,male,S Venkataraghavan,SL Shastri,Delhi Daredevils,field,501213
,Kochi Tuskers Kerala,,6,AL Hill,K Hariharan,,Nehru Stadium,,,D/L,2011-04-18,Chennai Super Kings,BB McCullum,7,,KN Ananthapadmanabhan,2011,Kochi,Kochi Tuskers Kerala,18,Indian Premier League,male,Raju Mukherjee,HDPK Dharmasena,Kochi Tuskers Kerala,field,501215
,Delhi Daredevils,,6,RJ Tucker,PR Reiffel,,Feroz Shah Kotla,,,,2011-04-19,Deccan Chargers,S Sohal,,16,A Chaudhary,2011,Delhi,Deccan Chargers,19,Indian Premier League,male,J Srinath,S Asnani,Deccan Chargers,bat,501216
,Mumbai Indians,,6,AM Saheba,Asad Rauf,,Wankhede Stadium,,,,2011-04-20,Pune Warriors,MM Patel,7,,VA Kulkarni,2011,Mumbai,Mumbai Indians,21,Indian Premier League,male,Raju Mukherjee,SL Shastri,Pune Warriors,bat,501218
,Kolkata Knight Riders,,6,RB Tiffin,Aleem Dar,,Eden Gardens,,,,2011-04-20,Kochi Tuskers Kerala,DPMD Jayawardene,,6,S Das,2011,Kolkata,Kochi Tuskers Kerala,22,Indian Premier League,male,AJ Pycroft,SS Hazare,Kolkata Knight Riders,field,501219
,Kings XI Punjab,,6,PR Reiffel,S Asnani,,"Punjab Cricket Association Stadium, Mohali",,,,2011-04-21,Rajasthan Royals,SE Marsh,,48,K Bharatan,2011,Chandigarh,Kings XI Punjab,23,Indian Premier League,male,J Srinath,RJ Tucker,Rajasthan Royals,field,501220
,Mumbai Indians,,6,AM Saheba,Asad Rauf,,Wankhede Stadium,,,,2011-04-22,Chennai Super Kings,Harbhajan Singh,,8,VA Kulkarni,2011,Mumbai,Mumbai Indians,25,Indian Premier League,male,Raju Mukherjee,SL Shastri,Chennai Super Kings,field,501221
,Kolkata Knight Riders,,6,RB Tiffin,SS Hazare,,Eden Gardens,,,,2011-04-22,Royal Challengers Bangalore,CH Gayle,9,,S Das,2011,Kolkata,Royal Challengers Bangalore,24,Indian Premier League,male,AJ Pycroft,Aleem Dar,Royal Challengers Bangalore,field,501222
,Delhi Daredevils,,6,RE Koertzen,S Asnani,,Feroz Shah Kotla,,,,2011-04-23,Kings XI Punjab,DA Warner,,29,A Chaudhary,2011,Delhi,Delhi Daredevils,26,Indian Premier League,male,J Srinath,PR Reiffel,Kings XI Punjab,field,501223
,Rajasthan Royals,,6,SK Tarapore,BR Doctrove,,Sawai Mansingh Stadium,,,,2011-04-24,Kochi Tuskers Kerala,SK Warne,8,,R Subramanian,2011,Jaipur,Rajasthan Royals,28,Indian Premier League,male,D Govindjee,S Ravi,Rajasthan Royals,field,501225
,Deccan Chargers,,6,AL Hill,HDPK Dharmasena,,"Rajiv Gandhi International Stadium, Uppal",,,,2011-04-24,Mumbai Indians,SL Malinga,,37,C Shamshuddin,2011,Hyderabad,Mumbai Indians,27,Indian Premier League,male,Raju Mukherjee,K Hariharan,Deccan Chargers,field,501224
,Chennai Super Kings,,6,RB Tiffin,Aleem Dar,,"MA Chidambaram Stadium, Chepauk",,,,2011-04-25,Pune Warriors,MEK Hussey,,25,K Srinath,2011,Chennai,Chennai Super Kings,29,Indian Premier League,male,AJ Pycroft,SS Hazare,Pune Warriors,field,501226
,Delhi Daredevils,,6,RJ Tucker,S Asnani,,Feroz Shah Kotla,,,,2011-04-26,Royal Challengers Bangalore,V Kohli,3,,A Chaudhary,2011,Delhi,Royal Challengers Bangalore,30,Indian Premier League,male,J Srinath,PR Reiffel,Royal Challengers Bangalore,field,501227
,Pune Warriors,,6,SL Shastri,Asad Rauf,,Dr DY Patil Sports Academy,,,,2011-04-27,Chennai Super Kings,DE Bollinger,8,,NA Patwardhan,2011,Mumbai,Chennai Super Kings,31,Indian Premier League,male,GF Labrooy,AM Saheba,Pune Warriors,bat,501228
,Kochi Tuskers Kerala,,6,AL Hill,HDPK Dharmasena,,Nehru Stadium,,,,2011-04-27,Deccan Chargers,I Sharma,,55,KN Ananthapadmanabhan,2011,Kochi,Deccan Chargers,32,Indian Premier League,male,Raju Mukherjee,K Hariharan,Kochi Tuskers Kerala,field,501229
,Delhi Daredevils,,6,RJ Tucker,PR Reiffel,,Feroz Shah Kotla,,,,2011-04-28,Kolkata Knight Riders,MK Tiwary,,17,A Chaudhary,2011,Delhi,Kolkata Knight Riders,33,Indian Premier League,male,J Srinath,S Asnani,Delhi Daredevils,field,501230
,Royal Challengers Bangalore,,6,SS Hazare,Aleem Dar,,M Chinnaswamy Stadium,,,,2011-04-29,Pune Warriors,V Kohli,,26,CK Nandan,2011,Bangalore,Royal Challengers Bangalore,35,Indian Premier League,male,AJ Pycroft,RB Tiffin,Pune Warriors,field,501232
,Rajasthan Royals,,6,SK Tarapore,Asad Rauf,,Sawai Mansingh Stadium,,,,2011-04-29,Mumbai Indians,J Botha,7,,R Subramanian,2011,Jaipur,Rajasthan Royals,34,Indian Premier League,male,D Govindjee,S Ravi,Rajasthan Royals,field,501231
,Kolkata Knight Riders,,6,SL Shastri,AM Saheba,,Eden Gardens,,,,2011-04-30,Kings XI Punjab,Iqbal Abdulla,8,,S Das,2011,Kolkata,Kolkata Knight Riders,37,Indian Premier League,male,GF Labrooy,RJ Tucker,Kolkata Knight Riders,field,501234
,Kochi Tuskers Kerala,,6,AL Hill,HDPK Dharmasena,,Nehru Stadium,,,,2011-04-30,Delhi Daredevils,V Sehwag,,38,KN Ananthapadmanabhan,2011,Kochi,Delhi Daredevils,36,Indian Premier League,male,Raju Mukherjee,K Hariharan,Delhi Daredevils,bat,501233
,Chennai Super Kings,,6,RB Tiffin,Aleem Dar,,"MA Chidambaram Stadium, Chepauk",,,,2011-05-01,Deccan Chargers,JA Morkel,,19,K Srinath,2011,Chennai,Chennai Super Kings,39,Indian Premier League,male,AJ Pycroft,SS Hazare,Chennai Super Kings,bat,501236
,Rajasthan Royals,,6,SJA Taufel,SK Tarapore,,Sawai Mansingh Stadium,,,,2011-05-01,Pune Warriors,LRPL Taylor,6,,R Subramanian,2011,Jaipur,Rajasthan Royals,38,Indian Premier League,male,D Govindjee,S Ravi,Rajasthan Royals,field,501235
,Delhi Daredevils,,6,SL Shastri,Asad Rauf,,Feroz Shah Kotla,,,,2011-05-02,Kochi Tuskers Kerala,P Parameswaran,7,,A Chaudhary,2011,Delhi,Kochi Tuskers Kerala,41,Indian Premier League,male,GF Labrooy,AM Saheba,Kochi Tuskers Kerala,field,501238
,Mumbai Indians,,6,PR Reiffel,HDPK Dharmasena,,Wankhede Stadium,,,,2011-05-02,Kings XI Punjab,KA Pollard,,23,VA Kulkarni,2011,Mumbai,Mumbai Indians,40,Indian Premier League,male,Raju Mukherjee,K Hariharan,Kings XI Punjab,field,501237
,Deccan Chargers,,6,RJ Tucker,S Asnani,,"Rajiv Gandhi International Stadium, Uppal",,,,2011-05-03,Kolkata Knight Riders,YK Pathan,,20,C Shamshuddin,2011,Hyderabad,Kolkata Knight Riders,42,Indian Premier League,male,J Srinath,PR Reiffel,Deccan Chargers,field,501239
,Chennai Super Kings,,6,RB Tiffin,SS Hazare,,"MA Chidambaram Stadium, Chepauk",,,,2011-05-04,Rajasthan Royals,MEK Hussey,8,,K Srinath,2011,Chennai,Chennai Super Kings,43,Indian Premier League,male,AJ Pycroft,Aleem Dar,Rajasthan Royals,bat,501240
,Pune Warriors,,6,SJA Taufel,HDPK Dharmasena,,Dr DY Patil Sports Academy,,,,2011-05-04,Mumbai Indians,R Sharma,,21,NA Patwardhan,2011,Mumbai,Mumbai Indians,44,Indian Premier League,male,Raju Mukherjee,K Hariharan,Pune Warriors,field,501241
,Kochi Tuskers Kerala,,6,RJ Tucker,S Ravi,,Nehru Stadium,,,,2011-05-05,Kolkata Knight Riders,BJ Hodge,,17,KN Ananthapadmanabhan,2011,Kochi,Kochi Tuskers Kerala,45,Indian Premier League,male,D Govindjee,SK Tarapore,Kolkata Knight Riders,field,501242
,Deccan Chargers,,6,AM Saheba,Asad Rauf,,"Rajiv Gandhi International Stadium, Uppal",,,,2011-05-05,Delhi Daredevils,V Sehwag,4,,C Shamshuddin,2011,Hyderabad,Delhi Daredevils,46,Indian Premier League,male,GF Labrooy,SL Shastri,Delhi Daredevils,field,501243
,Royal Challengers Bangalore,,6,RB Tiffin,Aleem Dar,,M Chinnaswamy Stadium,,,,2011-05-06,Kings XI Punjab,CH Gayle,,85,CK Nandan,2011,Bangalore,Royal Challengers Bangalore,47,Indian Premier League,male,AJ Pycroft,SS Hazare,Kings XI Punjab,field,501244
,Kolkata Knight Riders,,6,PR Reiffel,Asad Rauf,,Eden Gardens,,,D/L,2011-05-07,Chennai Super Kings,Iqbal Abdulla,,10,S Das,2011,Kolkata,Kolkata Knight Riders,48,Indian Premier League,male,Raju Mukherjee,S Asnani,Chennai Super Kings,bat,501245
,Mumbai Indians,,6,SJA Taufel,K Hariharan,,Wankhede Stadium,,,,2011-05-07,Delhi Daredevils,AT Rayudu,,32,VA Kulkarni,2011,Mumbai,Mumbai Indians,49,Indian Premier League,male,RS Mahanama,HDPK Dharmasena,Delhi Daredevils,field,501246
,Royal Challengers Bangalore,,6,SS Hazare,Aleem Dar,,M Chinnaswamy Stadium,,,,2011-05-08,Kochi Tuskers Kerala,CH Gayle,9,,CK Nandan,2011,Bangalore,Royal Challengers Bangalore,50,Indian Premier League,male,AJ Pycroft,RB Tiffin,Kochi Tuskers Kerala,bat,501247
,Kings XI Punjab,,6,RJ Tucker,SK Tarapore,,"Punjab Cricket Association Stadium, Mohali",,,,2011-05-08,Pune Warriors,R Sharma,5,,K Bharatan,2011,Chandigarh,Pune Warriors,51,Indian Premier League,male,D Govindjee,S Ravi,Kings XI Punjab,bat,501248
,Rajasthan Royals,,6,SJA Taufel,K Hariharan,,Sawai Mansingh Stadium,,,,2011-05-09,Chennai Super Kings,M Vijay,,63,R Subramanian,2011,Jaipur,Chennai Super Kings,52,Indian Premier League,male,RS Mahanama,HDPK Dharmasena,Rajasthan Royals,field,501249
,Deccan Chargers,,6,AM Saheba,Asad Rauf,,"Rajiv Gandhi International Stadium, Uppal",,,,2011-05-10,Pune Warriors,MR Marsh,6,,C Shamshuddin,2011,Hyderabad,Pune Warriors,53,Indian Premier League,male,GF Labrooy,SL Shastri,Deccan Chargers,bat,501250
,Kings XI Punjab,,6,RJ Tucker,SK Tarapore,,"Punjab Cricket Association Stadium, Mohali",,,,2011-05-10,Mumbai Indians,BA Bhatt,,76,K Bharatan,2011,Chandigarh,Kings XI Punjab,54,Indian Premier League,male,D Govindjee,,Mumbai Indians,field,501251
,Rajasthan Royals,,6,K Hariharan,HDPK Dharmasena,,Sawai Mansingh Stadium,,,,2011-05-11,Royal Challengers Bangalore,S Aravind,9,,R Subramanian,2011,Jaipur,Royal Challengers Bangalore,55,Indian Premier League,male,RS Mahanama,SJA Taufel,Royal Challengers Bangalore,field,501252
,Chennai Super Kings,,6,SL Shastri,AM Saheba,,"MA Chidambaram Stadium, Chepauk",,,,2011-05-12,Delhi Daredevils,MS Dhoni,,18,K Srinath,2011,Chennai,Chennai Super Kings,56,Indian Premier League,male,GF Labrooy,Asad Rauf,Chennai Super Kings,bat,501253
,Kochi Tuskers Kerala,,6,RJ Tucker,S Asnani,,Holkar Cricket Stadium,,,,2011-05-13,Kings XI Punjab,KD Karthik,6,,NA Patwardhan,2011,Indore,Kings XI Punjab,57,Indian Premier League,male,Raju Mukherjee,PR Reiffel,Kings XI Punjab,field,501254
,Mumbai Indians,,6,SK Tarapore,S Ravi,,Wankhede Stadium,,,,2011-05-14,Deccan Chargers,A Mishra,,10,VA Kulkarni,2011,Mumbai,Deccan Chargers,59,Indian Premier League,male,D Govindjee,SJA Taufel,Deccan Chargers,bat,501256
,Royal Challengers Bangalore,,6,RB Tiffin,RE Koertzen,,M Chinnaswamy Stadium,,,D/L,2011-05-14,Kolkata Knight Riders,CH Gayle,4,,CK Nandan,2011,Bangalore,Royal Challengers Bangalore,58,Indian Premier League,male,AJ Pycroft,SS Hazare,Royal Challengers Bangalore,field,501255
,Kochi Tuskers Kerala,,6,RJ Tucker,PR Reiffel,,Holkar Cricket Stadium,,,,2011-05-15,Rajasthan Royals,BJ Hodge,8,,NA Patwardhan,2011,Indore,Kochi Tuskers Kerala,61,Indian Premier League,male,RS Mahanama,S Asnani,Kochi Tuskers Kerala,field,501258
,Kings XI Punjab,,6,SL Shastri,Asad Rauf,,Himachal Pradesh Cricket Association Stadium,,,,2011-05-15,Delhi Daredevils,PP Chawla,,29,K Bharatan,2011,Dharamsala,Kings XI Punjab,60,Indian Premier League,male,GF Labrooy,AM Saheba,Delhi Daredevils,field,501257
,Pune Warriors,,6,SK Tarapore,S Ravi,,Dr DY Patil Sports Academy,,,,2011-05-16,Deccan Chargers,A Mishra,6,,NA Patwardhan,2011,Mumbai,Deccan Chargers,62,Indian Premier League,male,D Govindjee,SJA Taufel,Deccan Chargers,field,501259
,Kings XI Punjab,,6,AM Saheba,Asad Rauf,,Himachal Pradesh Cricket Association Stadium,,,,2011-05-17,Royal Challengers Bangalore,AC Gilchrist,,111,K Bharatan,2011,Dharamsala,Kings XI Punjab,63,Indian Premier League,male,GF Labrooy,SL Shastri,Kings XI Punjab,bat,501260
,Chennai Super Kings,,6,RE Koertzen,HDPK Dharmasena,,"MA Chidambaram Stadium, Chepauk",,,,2011-05-18,Kochi Tuskers Kerala,WP Saha,,11,K Srinath,2011,Chennai,Chennai Super Kings,64,Indian Premier League,male,RS Mahanama,K Hariharan,Chennai Super Kings,bat,501261
,Pune Warriors,,6,SJA Taufel,S Ravi,,Dr DY Patil Sports Academy,,,,2011-05-19,Kolkata Knight Riders,YK Pathan,7,,NA Patwardhan,2011,Mumbai,Kolkata Knight Riders,65,Indian Premier League,male,D Govindjee,SK Tarapore,Kolkata Knight Riders,field,501262
,Mumbai Indians,,6,PR Reiffel,RE Koertzen,,Wankhede Stadium,,,,2011-05-20,Rajasthan Royals,SR Watson,10,,VA Kulkarni,2011,Mumbai,Rajasthan Royals,66,Indian Premier League,male,J Srinath,S Asnani,Mumbai Indians,bat,501263
,Kings XI Punjab,,6,AM Saheba,Asad Rauf,,Himachal Pradesh Cricket Association Stadium,,,,2011-05-21,Deccan Chargers,S Dhawan,,82,K Bharatan,2011,Dharamsala,Deccan Chargers,67,Indian Premier League,male,GF Labrooy,SL Shastri,Kings XI Punjab,field,501264
,Delhi Daredevils,,6,RJ Tucker,SS Hazare,no result,Feroz Shah Kotla,,,,2011-05-21,Pune Warriors,,,,A Chaudhary,2011,Delhi,,68,Indian Premier League,male,AJ Pycroft,RB Tiffin,Delhi Daredevils,bat,501265
,Kolkata Knight Riders,,6,SJA Taufel,SK Tarapore,,Eden Gardens,,,,2011-05-22,Mumbai Indians,JEC Franklin,5,,S Das,2011,Kolkata,Mumbai Indians,70,Indian Premier League,male,D Govindjee,S Ravi,Mumbai Indians,field,501267
,Royal Challengers Bangalore,,6,RE Koertzen,K Hariharan,,M Chinnaswamy Stadium,,,,2011-05-22,Chennai Super Kings,CH Gayle,8,,CK Nandan,2011,Bangalore,Royal Challengers Bangalore,69,Indian Premier League,male,RS Mahanama,HDPK Dharmasena,Royal Challengers Bangalore,field,501266
,Royal Challengers Bangalore,,6,SJA Taufel,Asad Rauf,,Wankhede Stadium,,,,2011-05-24,Chennai Super Kings,SK Raina,6,,VA Kulkarni,2011,Mumbai,Chennai Super Kings,,Indian Premier League,male,RS Mahanama,PR Reiffel,Chennai Super Kings,field,501268
,Mumbai Indians,,6,SJA Taufel,Asad Rauf,,Wankhede Stadium,,,,2011-05-25,Kolkata Knight Riders,MM Patel,4,,VN Kulkarni,2011,Mumbai,Mumbai Indians,,Indian Premier League,male,RS Mahanama,PR Reiffel,Mumbai Indians,field,501269
,Royal Challengers Bangalore,,6,SJA Taufel,Asad Rauf,,"MA Chidambaram Stadium, Chepauk",,,,2011-05-27,Mumbai Indians,CH Gayle,,43,K Srinath,2011,Chennai,Royal Challengers Bangalore,,Indian Premier League,male,RS Mahanama,HDPK Dharmasena,Mumbai Indians,field,501270
,Chennai Super Kings,,6,SJA Taufel,Asad Rauf,,"MA Chidambaram Stadium, Chepauk",,,,2011-05-28,Royal Challengers Bangalore,M Vijay,,58,K Srinath,2011,Chennai,Chennai Super Kings,,Indian Premier League,male,RS Mahanama,HDPK Dharmasena,Chennai Super Kings,bat,501271
,Chennai Super Kings,,6,SJA Taufel,JD Cloete,,"MA Chidambaram Stadium, Chepauk",,,,2012-04-04,Mumbai Indians,RE Levi,8,,K Srinath,2012,Chennai,Mumbai Indians,1,Indian Premier League,male,RS Madugalle,S Ravi,Mumbai Indians,field,548306
,Kolkata Knight Riders,,6,HDPK Dharmasena,S Asnani,,Eden Gardens,,,,2012-04-05,Delhi Daredevils,IK Pathan,8,,Premdip Chatterjee,2012,Kolkata,Delhi Daredevils,2,Indian Premier League,male,GF Labrooy,S Das,Delhi Daredevils,field,548307
,Rajasthan Royals,,6,SK Tarapore,BF Bowden,,Sawai Mansingh Stadium,,,,2012-04-06,Kings XI Punjab,AM Rahane,,31,PK Khakhar,2012,Jaipur,Rajasthan Royals,4,Indian Premier League,male,RS Madugalle,VA Kulkarni,Kings XI Punjab,field,548309
,Mumbai Indians,,6,SJA Taufel,AK Chaudhary,,Wankhede Stadium,,,,2012-04-06,Pune Warriors,SPD Smith,,28,PG Pathak,2012,Mumbai,Pune Warriors,3,Indian Premier League,male,RR Jadeja,JD Cloete,Mumbai Indians,field,548308
,Deccan Chargers,,6,HDPK Dharmasena,JD Cloete,,Dr. Y.S. Rajasekhara Reddy ACA-VDCA Cricket Stadium,,,,2012-04-07,Chennai Super Kings,RA Jadeja,,74,R Subramanian,2012,Visakhapatnam,Chennai Super Kings,6,Indian Premier League,male,GF Labrooy,AK Chaudhary,Deccan Chargers,field,548311
,Royal Challengers Bangalore,,6,S Ravi,S Asnani,,M Chinnaswamy Stadium,,,,2012-04-07,Delhi Daredevils,AB de Villiers,,20,BK Ravi,2012,Bangalore,Royal Challengers Bangalore,5,Indian Premier League,male,Raju Mukherjee,S Das,Delhi Daredevils,field,548310
,Pune Warriors,,6,SJA Taufel,S Das,,Subrata Roy Sahara Stadium,,,,2012-04-08,Kings XI Punjab,MN Samuels,,22,SD Ranade,2012,Pune,Pune Warriors,8,Indian Premier League,male,RR Jadeja,S Asnani,Pune Warriors,bat,548313
,Rajasthan Royals,,6,VA Kulkarni,BF Bowden,,Sawai Mansingh Stadium,,,,2012-04-08,Kolkata Knight Riders,BJ Hodge,,22,PK Khakhar,2012,Jaipur,Rajasthan Royals,7,Indian Premier League,male,RS Madugalle,SK Tarapore,Kolkata Knight Riders,field,548312
,Deccan Chargers,,6,JD Cloete,AK Chaudhary,,Dr. Y.S. Rajasekhara Reddy ACA-VDCA Cricket Stadium,,,,2012-04-09,Mumbai Indians,RG Sharma,5,,R Subramanian,2012,Visakhapatnam,Mumbai Indians,9,Indian Premier League,male,GF Labrooy,HDPK Dharmasena,Deccan Chargers,bat,548314
,Delhi Daredevils,,6,SK Tarapore,Asad Rauf,,Feroz Shah Kotla,,,,2012-04-10,Chennai Super Kings,M Morkel,8,,S Dua,2012,Delhi,Delhi Daredevils,11,Indian Premier League,male,RS Madugalle,VA Kulkarni,Delhi Daredevils,field,548316
,Royal Challengers Bangalore,,6,RJ Tucker,S Ravi,,M Chinnaswamy Stadium,,,,2012-04-10,Kolkata Knight Riders,L Balaji,,42,BK Ravi,2012,Bangalore,Kolkata Knight Riders,10,Indian Premier League,male,Raju Mukherjee,S Asnani,Royal Challengers Bangalore,field,548315
,Mumbai Indians,,6,BNJ Oxenford,Aleem Dar,,Wankhede Stadium,,,,2012-04-11,Rajasthan Royals,KA Pollard,,27,PG Pathak,2012,Mumbai,Mumbai Indians,12,Indian Premier League,male,J Srinath,S Das,Rajasthan Royals,field,548317
,Chennai Super Kings,,6,RJ Tucker,HDPK Dharmasena,,"MA Chidambaram Stadium, Chepauk",,,,2012-04-12,Royal Challengers Bangalore,F du Plessis,5,,K Srinath,2012,Chennai,Chennai Super Kings,13,Indian Premier League,male,Raju Mukherjee,S Ravi,Royal Challengers Bangalore,bat,548318
,Kings XI Punjab,,6,SK Tarapore,VA Kulkarni,,"Punjab Cricket Association Stadium, Mohali",,,,2012-04-12,Pune Warriors,AD Mascarenhas,7,,B Vij,2012,Chandigarh,Kings XI Punjab,14,Indian Premier League,male,RS Madugalle,BF Bowden,Kings XI Punjab,field,548319
,Kolkata Knight Riders,,6,S Asnani,Asad Rauf,,Eden Gardens,,,,2012-04-13,Rajasthan Royals,Shakib Al Hasan,5,,Premdip Chatterjee,2012,Kolkata,Kolkata Knight Riders,15,Indian Premier League,male,GF Labrooy,S Das,Rajasthan Royals,bat,548320
,Pune Warriors,,6,BNJ Oxenford,Aleem Dar,,Subrata Roy Sahara Stadium,,,,2012-04-14,Chennai Super Kings,JD Ryder,7,,SD Ranade,2012,Pune,Pune Warriors,16,Indian Premier League,male,RR Jadeja,AK Chaudhary,Chennai Super Kings,bat,548322
,Kolkata Knight Riders,,6,S Asnani,Asad Rauf,,Eden Gardens,,,,2012-04-15,Kings XI Punjab,SP Narine,,2,Premdip Chatterjee,2012,Kolkata,Kings XI Punjab,17,Indian Premier League,male,GF Labrooy,S Das,Kolkata Knight Riders,field,548323
,Royal Challengers Bangalore,,6,RJ Tucker,JD Cloete,,M Chinnaswamy Stadium,,,,2012-04-15,Rajasthan Royals,AM Rahane,,59,BK Ravi,2012,Bangalore,Rajasthan Royals,18,Indian Premier League,male,Raju Mukherjee,S Ravi,Rajasthan Royals,bat,548324
,Mumbai Indians,,6,SK Tarapore,BF Bowden,,Wankhede Stadium,,,,2012-04-16,Delhi Daredevils,S Nadeem,7,,PG Pathak,2012,Mumbai,Delhi Daredevils,19,Indian Premier League,male,RS Madugalle,VA Kulkarni,Delhi Daredevils,field,548325
,Rajasthan Royals,,6,BNJ Oxenford,Aleem Dar,,Sawai Mansingh Stadium,,,,2012-04-17,Deccan Chargers,BJ Hodge,5,,PK Khakhar,2012,Jaipur,Rajasthan Royals,20,Indian Premier League,male,RR Jadeja,AK Chaudhary,Deccan Chargers,bat,548326
,Royal Challengers Bangalore,,6,S Das,S Asnani,,M Chinnaswamy Stadium,,,,2012-04-17,Pune Warriors,CH Gayle,6,,BK Ravi,2012,Bangalore,Royal Challengers Bangalore,21,Indian Premier League,male,GF Labrooy,Asad Rauf,Pune Warriors,bat,548327
,Kings XI Punjab,,6,RJ Tucker,JD Cloete,,"Punjab Cricket Association Stadium, Mohali",,,,2012-04-18,Kolkata Knight Riders,G Gambhir,8,,B Vij,2012,Chandigarh,Kolkata Knight Riders,22,Indian Premier League,male,RS Mahanama,S Ravi,Kings XI Punjab,bat,548328
,Delhi Daredevils,,6,SK Tarapore,BF Bowden,,Feroz Shah Kotla,,,,2012-04-19,Deccan Chargers,KP Pietersen,5,,S Dua,2012,Delhi,Delhi Daredevils,23,Indian Premier League,male,RS Madugalle,VA Kulkarni,Deccan Chargers,bat,548321
,Chennai Super Kings,,6,S Das,Asad Rauf,,"MA Chidambaram Stadium, Chepauk",,,,2012-04-19,Pune Warriors,KMDN Kulasekara,,13,K Srinath,2012,Chennai,Chennai Super Kings,24,Indian Premier League,male,GF Labrooy,S Asnani,Pune Warriors,field,548330
,Kings XI Punjab,,6,RJ Tucker,S Ravi,,"Punjab Cricket Association Stadium, Mohali",,,,2012-04-20,Royal Challengers Bangalore,CH Gayle,5,,B Vij,2012,Chandigarh,Royal Challengers Bangalore,25,Indian Premier League,male,RS Mahanama,JD Cloete,Royal Challengers Bangalore,field,548331
,Delhi Daredevils,,6,S Das,Asad Rauf,,Feroz Shah Kotla,,,,2012-04-21,Pune Warriors,SC Ganguly,,20,S Dua,2012,Delhi,Pune Warriors,27,Indian Premier League,male,GF Labrooy,S Asnani,Delhi Daredevils,field,548333
,Chennai Super Kings,,6,BNJ Oxenford,Aleem Dar,,"MA Chidambaram Stadium, Chepauk",,,,2012-04-21,Rajasthan Royals,F du Plessis,7,,K Srinath,2012,Chennai,Chennai Super Kings,26,Indian Premier League,male,J Srinath,AK Chaudhary,Rajasthan Royals,bat,548332
,Mumbai Indians,,6,RJ Tucker,S Ravi,,Wankhede Stadium,,,,2012-04-22,Kings XI Punjab,SE Marsh,6,,PG Pathak,2012,Mumbai,Kings XI Punjab,28,Indian Premier League,male,Raju Mukherjee,JD Cloete,Mumbai Indians,bat,548334
,Deccan Chargers,,6,SK Tarapore,BF Bowden,,Barabati Stadium,,,,2012-04-22,Kolkata Knight Riders,B Lee,5,,R Subramanian,2012,Cuttack,Kolkata Knight Riders,29,Indian Premier League,male,RS Mahanama,VA Kulkarni,Kolkata Knight Riders,field,548335
,Rajasthan Royals,,6,S Asnani,Asad Rauf,,Sawai Mansingh Stadium,,,,2012-04-23,Royal Challengers Bangalore,AB de Villiers,,46,PK Khakhar,2012,Jaipur,Royal Challengers Bangalore,30,Indian Premier League,male,RS Madugalle,S Das,Rajasthan Royals,field,548336
,Pune Warriors,,6,RJ Tucker,S Ravi,,Subrata Roy Sahara Stadium,,,,2012-04-24,Delhi Daredevils,V Sehwag,8,,SD Ranade,2012,Pune,Delhi Daredevils,31,Indian Premier League,male,Raju Mukherjee,JD Cloete,Pune Warriors,bat,548337
,Kings XI Punjab,,6,BNJ Oxenford,Aleem Dar,,"Punjab Cricket Association Stadium, Mohali",,,,2012-04-25,Mumbai Indians,AT Rayudu,4,,B Vij,2012,Chandigarh,Mumbai Indians,33,Indian Premier League,male,RS Mahanama,AK Chaudhary,Kings XI Punjab,bat,548339
,Pune Warriors,,6,RJ Tucker,S Ravi,,Subrata Roy Sahara Stadium,,,,2012-04-26,Deccan Chargers,CL White,,18,SD Ranade,2012,Pune,Deccan Chargers,35,Indian Premier League,male,Raju Mukherjee,JD Cloete,Deccan Chargers,bat,548341
,Delhi Daredevils,,6,BNJ Oxenford,Aleem Dar,,Feroz Shah Kotla,,,,2012-04-27,Mumbai Indians,V Sehwag,,37,S Dua,2012,Delhi,Delhi Daredevils,36,Indian Premier League,male,J Srinath,AK Chaudhary,Mumbai Indians,field,548342
,Chennai Super Kings,,6,SK Tarapore,BF Bowden,,"MA Chidambaram Stadium, Chepauk",,,,2012-04-28,Kings XI Punjab,Mandeep Singh,,7,K Srinivasan,2012,Chennai,Kings XI Punjab,37,Indian Premier League,male,RS Mahanama,C Shamshuddin,Kings XI Punjab,bat,548343
,Kolkata Knight Riders,,6,BR Doctrove,Asad Rauf,,Eden Gardens,,,,2012-04-28,Royal Challengers Bangalore,G Gambhir,,47,AS Pathania,2012,Kolkata,Kolkata Knight Riders,38,Indian Premier League,male,RR Jadeja,S Asnani,Kolkata Knight Riders,bat,548344
,Delhi Daredevils,,6,RJ Tucker,S Ravi,,Feroz Shah Kotla,,,,2012-04-29,Rajasthan Royals,V Sehwag,,1,R Risodkar,2012,Delhi,Delhi Daredevils,39,Indian Premier League,male,Raju Mukherjee,JD Cloete,Delhi Daredevils,bat,548345
,Mumbai Indians,,6,BNJ Oxenford,AK Chaudhary,,Wankhede Stadium,,,,2012-04-29,Deccan Chargers,DW Steyn,5,,RM Deshpande,2012,Mumbai,Mumbai Indians,40,Indian Premier League,male,J Srinath,Aleem Dar,Mumbai Indians,field,548346
,Chennai Super Kings,,6,C Shamshuddin,BF Bowden,,"MA Chidambaram Stadium, Chepauk",,,,2012-04-30,Kolkata Knight Riders,G Gambhir,5,,K Srinivasan,2012,Chennai,Kolkata Knight Riders,41,Indian Premier League,male,RS Mahanama,SK Tarapore,Chennai Super Kings,bat,548347
,Deccan Chargers,,6,AK Chaudhary,Aleem Dar,,Barabati Stadium,,,,2012-05-01,Pune Warriors,KC Sangakkara,,13,R Subramanian,2012,Cuttack,Deccan Chargers,42,Indian Premier League,male,AJ Pycroft,BNJ Oxenford,Deccan Chargers,bat,548348
,Rajasthan Royals,,6,SJA Taufel,JD Cloete,,Sawai Mansingh Stadium,,,,2012-05-01,Delhi Daredevils,P Negi,6,,K Bharatan,2012,Jaipur,Delhi Daredevils,43,Indian Premier League,male,Raju Mukherjee,S Ravi,Rajasthan Royals,bat,548349
,Royal Challengers Bangalore,,6,C Shamshuddin,BF Bowden,,M Chinnaswamy Stadium,,,,2012-05-02,Kings XI Punjab,Azhar Mahmood,4,,CK Nandan,2012,Bangalore,Kings XI Punjab,44,Indian Premier League,male,RS Mahanama,SK Tarapore,Kings XI Punjab,field,548350
,Pune Warriors,,6,S Asnani,Asad Rauf,,Subrata Roy Sahara Stadium,,,,2012-05-03,Mumbai Indians,SL Malinga,,1,NA Patwardhan,2012,Pune,Mumbai Indians,45,Indian Premier League,male,AJ Pycroft,BR Doctrove,Mumbai Indians,bat,548351
,Chennai Super Kings,,6,BNJ Oxenford,HDPK Dharmasena,,"MA Chidambaram Stadium, Chepauk",,,,2012-05-04,Deccan Chargers,SK Raina,,10,K Srinivasan,2012,Chennai,Chennai Super Kings,46,Indian Premier League,male,RS Mahanama,Aleem Dar,Chennai Super Kings,bat,548352
,Kolkata Knight Riders,,6,SK Tarapore,BF Bowden,,Eden Gardens,,,,2012-05-05,Pune Warriors,SP Narine,,7,AS Pathania,2012,Kolkata,Kolkata Knight Riders,47,Indian Premier League,male,J Srinath,C Shamshuddin,Kolkata Knight Riders,bat,548353
,Kings XI Punjab,,6,SJA Taufel,JD Cloete,,"Punjab Cricket Association Stadium, Mohali",,,,2012-05-05,Rajasthan Royals,SR Watson,,43,B Vij,2012,Chandigarh,Rajasthan Royals,48,Indian Premier League,male,AJ Pycroft,S Ravi,Rajasthan Royals,bat,548354
,Mumbai Indians,,6,S Asnani,Asad Rauf,,Wankhede Stadium,,,,2012-05-06,Chennai Super Kings,DR Smith,2,,RM Deshpande,2012,Mumbai,Mumbai Indians,49,Indian Premier League,male,GF Labrooy,BR Doctrove,Mumbai Indians,field,548355
,Royal Challengers Bangalore,,6,BNJ Oxenford,HDPK Dharmasena,,M Chinnaswamy Stadium,,,,2012-05-06,Deccan Chargers,AB de Villiers,5,,CK Nandan,2012,Bangalore,Royal Challengers Bangalore,50,Indian Premier League,male,RS Mahanama,Aleem Dar,Royal Challengers Bangalore,field,548356
,Delhi Daredevils,,6,S Ravi,JD Cloete,,Feroz Shah Kotla,,,,2012-05-07,Kolkata Knight Riders,JH Kallis,6,,R Risodkar,2012,Delhi,Kolkata Knight Riders,51,Indian Premier League,male,AJ Pycroft,SJA Taufel,Delhi Daredevils,bat,548357
,Pune Warriors,,6,BR Doctrove,Asad Rauf,,Subrata Roy Sahara Stadium,,,,2012-05-08,Rajasthan Royals,SR Watson,7,,NA Patwardhan,2012,Pune,Rajasthan Royals,52,Indian Premier League,male,GF Labrooy,S Asnani,Pune Warriors,bat,548358
,Deccan Chargers,,6,BNJ Oxenford,HDPK Dharmasena,,"Rajiv Gandhi International Stadium, Uppal",,,,2012-05-08,Kings XI Punjab,Mandeep Singh,,25,KN Ananthapadmanabhan,2012,Hyderabad,Kings XI Punjab,53,Indian Premier League,male,J Srinath,C Shamshuddin,Deccan Chargers,field,548359
,Mumbai Indians,,6,VA Kulkarni,BF Bowden,,Wankhede Stadium,,,,2012-05-09,Royal Challengers Bangalore,CH Gayle,9,,RM Deshpande,2012,Mumbai,Royal Challengers Bangalore,54,Indian Premier League,male,RS Madugalle,SK Tarapore,Royal Challengers Bangalore,field,548360
,Deccan Chargers,,6,SJA Taufel,JD Cloete,,"Rajiv Gandhi International Stadium, Uppal",,,,2012-05-10,Delhi Daredevils,DA Warner,9,,KN Ananthapadmanabhan,2012,Hyderabad,Delhi Daredevils,55,Indian Premier League,male,J Srinath,S Ravi,Deccan Chargers,bat,548329
,Rajasthan Royals,,6,C Shamshuddin,BNJ Oxenford,,Sawai Mansingh Stadium,,,,2012-05-10,Chennai Super Kings,BW Hilfenhaus,4,,K Bharatan,2012,Jaipur,Chennai Super Kings,56,Indian Premier League,male,AJ Pycroft,HDPK Dharmasena,Chennai Super Kings,field,548361
,Pune Warriors,,6,SK Tarapore,BF Bowden,,Subrata Roy Sahara Stadium,,,,2012-05-11,Royal Challengers Bangalore,CH Gayle,,35,NA Patwardhan,2012,Pune,Royal Challengers Bangalore,57,Indian Premier League,male,RS Madugalle,VA Kulkarni,Pune Warriors,field,548362
,Kolkata Knight Riders,,6,SJA Taufel,S Ravi,,Eden Gardens,,,,2012-05-12,Mumbai Indians,RG Sharma,,27,AS Pathania,2012,Kolkata,Mumbai Indians,58,Indian Premier League,male,J Srinath,JD Cloete,Mumbai Indians,bat,548363
,Chennai Super Kings,,6,BR Doctrove,S Das,,"MA Chidambaram Stadium, Chepauk",,,,2012-05-12,Delhi Daredevils,BW Hilfenhaus,9,,K Srinivasan,2012,Chennai,Chennai Super Kings,59,Indian Premier League,male,GF Labrooy,S Asnani,Chennai Super Kings,field,548364
,Rajasthan Royals,,6,SK Tarapore,BF Bowden,,Sawai Mansingh Stadium,,,,2012-05-13,Pune Warriors,A Chandila,,45,K Bharatan,2012,Jaipur,Rajasthan Royals,60,Indian Premier League,male,RS Madugalle,VA Kulkarni,Rajasthan Royals,bat,548365
,Kings XI Punjab,,6,BNJ Oxenford,HDPK Dharmasena,,"Punjab Cricket Association Stadium, Mohali",,,,2012-05-13,Deccan Chargers,DJ Hussey,4,,B Vij,2012,Chandigarh,Kings XI Punjab,61,Indian Premier League,male,AJ Pycroft,C Shamshuddin,Deccan Chargers,bat,548366
,Royal Challengers Bangalore,,6,BR Doctrove,S Das,,M Chinnaswamy Stadium,,,,2012-05-14,Mumbai Indians,AT Rayudu,5,,CK Nandan,2012,Bangalore,Mumbai Indians,62,Indian Premier League,male,GF Labrooy,S Asnani,Mumbai Indians,field,548367
,Kolkata Knight Riders,,6,SJA Taufel,JD Cloete,,Eden Gardens,,,,2012-05-14,Chennai Super Kings,MEK Hussey,5,,AS Pathania,2012,Kolkata,Chennai Super Kings,63,Indian Premier League,male,Raju Mukherjee,S Ravi,Chennai Super Kings,field,548368
,Delhi Daredevils,,6,BNJ Oxenford,HDPK Dharmasena,,Feroz Shah Kotla,,,,2012-05-15,Kings XI Punjab,UT Yadav,5,,R Risodkar,2012,Delhi,Delhi Daredevils,64,Indian Premier League,male,AJ Pycroft,C Shamshuddin,Kings XI Punjab,bat,548369
,Mumbai Indians,,6,BR Doctrove,S Das,,Wankhede Stadium,,,,2012-05-16,Kolkata Knight Riders,SP Narine,,32,RM Deshpande,2012,Mumbai,Kolkata Knight Riders,65,Indian Premier League,male,GF Labrooy,S Asnani,Mumbai Indians,field,548370
,Kings XI Punjab,,6,SK Tarapore,VA Kulkarni,,Himachal Pradesh Cricket Association Stadium,,,,2012-05-17,Chennai Super Kings,AC Gilchrist,6,,VK Sharma,2012,Dharamsala,Kings XI Punjab,66,Indian Premier League,male,RS Madugalle,BF Bowden,Kings XI Punjab,field,548371
,Delhi Daredevils,,6,C Shamshuddin,HDPK Dharmasena,,Feroz Shah Kotla,,,,2012-05-17,Royal Challengers Bangalore,CH Gayle,,21,R Risodkar,2012,Delhi,Royal Challengers Bangalore,67,Indian Premier League,male,AJ Pycroft,BNJ Oxenford,Delhi Daredevils,field,548372
,Deccan Chargers,,6,SJA Taufel,S Ravi,,"Rajiv Gandhi International Stadium, Uppal",,,,2012-05-18,Rajasthan Royals,DW Steyn,5,,KN Ananthapadmanabhan,2012,Hyderabad,Deccan Chargers,68,Indian Premier League,male,J Srinath,JD Cloete,Rajasthan Royals,bat,548373
,Kings XI Punjab,,6,VA Kulkarni,BF Bowden,,Himachal Pradesh Cricket Association Stadium,,,,2012-05-19,Delhi Daredevils,UT Yadav,6,,VK Sharma,2012,Dharamsala,Delhi Daredevils,69,Indian Premier League,male,RS Madugalle,SK Tarapore,Delhi Daredevils,field,548374
,Pune Warriors,,6,BR Doctrove,S Asnani,,Subrata Roy Sahara Stadium,,,,2012-05-19,Kolkata Knight Riders,Shakib Al Hasan,,34,NA Patwardhan,2012,Pune,Kolkata Knight Riders,70,Indian Premier League,male,GF Labrooy,S Das,Kolkata Knight Riders,bat,548375
,Deccan Chargers,,6,SJA Taufel,S Ravi,,"Rajiv Gandhi International Stadium, Uppal",,,,2012-05-20,Royal Challengers Bangalore,DW Steyn,,9,KN Ananthapadmanabhan,2012,Hyderabad,Deccan Chargers,71,Indian Premier League,male,AJ Pycroft,JD Cloete,Royal Challengers Bangalore,field,548376
,Rajasthan Royals,,6,C Shamshuddin,HDPK Dharmasena,,Sawai Mansingh Stadium,,,,2012-05-20,Mumbai Indians,DR Smith,10,,K Bharatan,2012,Jaipur,Mumbai Indians,72,Indian Premier League,male,Raju Mukherjee,BNJ Oxenford,Rajasthan Royals,bat,548377
,Delhi Daredevils,,6,SJA Taufel,BR Doctrove,,Subrata Roy Sahara Stadium,,,,2012-05-22,Kolkata Knight Riders,YK Pathan,,18,NA Patwardhan,2012,Pune,Kolkata Knight Riders,,Indian Premier League,male,AJ Pycroft,HDPK Dharmasena,Kolkata Knight Riders,bat,548378
,Chennai Super Kings,,6,HDPK Dharmasena,BF Bowden,,M Chinnaswamy Stadium,,,,2012-05-23,Mumbai Indians,MS Dhoni,,38,CK Nandan,2012,Bangalore,Chennai Super Kings,,Indian Premier League,male,RS Madugalle,SJA Taufel,Mumbai Indians,field,548379
,Delhi Daredevils,,6,SJA Taufel,BR Doctrove,,"MA Chidambaram Stadium, Chepauk",,,,2012-05-25,Chennai Super Kings,M Vijay,,86,K Srinath,2012,Chennai,Chennai Super Kings,,Indian Premier League,male,RS Madugalle,BF Bowden,Delhi Daredevils,field,548380
,Kolkata Knight Riders,,6,SJA Taufel,BF Bowden,,"MA Chidambaram Stadium, Chepauk",,,,2012-05-27,Chennai Super Kings,MS Bisla,5,,K Srinivasan,2012,Chennai,Kolkata Knight Riders,,Indian Premier League,male,RS Madugalle,BR Doctrove,Chennai Super Kings,bat,548381
,Kolkata Knight Riders,,6,SJA Taufel,S Ravi,,Eden Gardens,,,,2013-04-03,Delhi Daredevils,SP Narine,6,,AS Pathania,2013,Kolkata,Kolkata Knight Riders,1,Indian Premier League,male,DC Boon,S Asnani,Kolkata Knight Riders,field,597998
,Royal Challengers Bangalore,,6,C Shamshuddin,VA Kulkarni,,M Chinnaswamy Stadium,,,,2013-04-04,Mumbai Indians,CH Gayle,,2,KN Ananthapadmanabhan,2013,Bangalore,Royal Challengers Bangalore,2,Indian Premier League,male,AJ Pycroft,K Srinath,Mumbai Indians,field,597999
,Sunrisers Hyderabad,,6,SJA Taufel,S Ravi,,"Rajiv Gandhi International Stadium, Uppal",,,,2013-04-05,Pune Warriors,A Mishra,,22,A Nand Kishore,2013,Hyderabad,Sunrisers Hyderabad,3,Indian Premier League,male,DC Boon,CK Nandan,Pune Warriors,field,598000
,Delhi Daredevils,,6,C Shamshuddin,S Das,,Feroz Shah Kotla,,,,2013-04-06,Rajasthan Royals,R Dravid,,5,K Bharatan,2013,Delhi,Rajasthan Royals,4,Indian Premier League,male,AJ Pycroft,AK Chaudhary,Rajasthan Royals,bat,598001
,Chennai Super Kings,,6,VA Kulkarni,M Erasmus,,"MA Chidambaram Stadium, Chepauk",,,,2013-04-06,Mumbai Indians,KA Pollard,,9,K Srinivasan,2013,Chennai,Mumbai Indians,5,Indian Premier League,male,J Srinath,K Srinath,Mumbai Indians,bat,598002
,Pune Warriors,,6,SJA Taufel,S Asnani,,Subrata Roy Sahara Stadium,,,,2013-04-07,Kings XI Punjab,M Vohra,8,,PG Pathak,2013,Pune,Kings XI Punjab,6,Indian Premier League,male,RS Madugalle,CK Nandan,Pune Warriors,bat,598003
Sunrisers Hyderabad,Sunrisers Hyderabad,,6,S Ravi,AK Chaudhary,tie,"Rajiv Gandhi International Stadium, Uppal",,,,2013-04-07,Royal Challengers Bangalore,GH Vihari,,,A Nand Kishore,2013,Hyderabad,,7,Indian Premier League,male,DC Boon,K Srinath,Royal Challengers Bangalore,bat,598004
,Rajasthan Royals,,6,S Das,Aleem Dar,,Sawai Mansingh Stadium,,,,2013-04-08,Kolkata Knight Riders,SK Trivedi,,19,Tapan Sharma,2013,Jaipur,Rajasthan Royals,8,Indian Premier League,male,AJ Pycroft,C Shamshuddin,Kolkata Knight Riders,field,598005
,Mumbai Indians,,6,VA Kulkarni,M Erasmus,,Wankhede Stadium,,,,2013-04-09,Delhi Daredevils,KD Karthik,,44,RM Deshpande,2013,Mumbai,Mumbai Indians,10,Indian Premier League,male,RS Madugalle,S Asnani,Mumbai Indians,bat,598006
,Royal Challengers Bangalore,,6,SJA Taufel,S Ravi,,M Chinnaswamy Stadium,,,,2013-04-09,Sunrisers Hyderabad,V Kohli,7,,KN Ananthapadmanabhan,2013,Bangalore,Royal Challengers Bangalore,9,Indian Premier League,male,DC Boon,CK Nandan,Sunrisers Hyderabad,bat,598048
,Kings XI Punjab,,6,C Shamshuddin,Aleem Dar,,"Punjab Cricket Association Stadium, Mohali",,,,2013-04-10,Chennai Super Kings,MEK Hussey,10,,Nitin Menon,2013,Chandigarh,Chennai Super Kings,11,Indian Premier League,male,AJ Pycroft,S Das,Chennai Super Kings,field,598007
,Royal Challengers Bangalore,,6,AK Chaudhary,Asad Rauf,,M Chinnaswamy Stadium,,,,2013-04-11,Kolkata Knight Riders,CH Gayle,8,,KN Ananthapadmanabhan,2013,Bangalore,Royal Challengers Bangalore,12,Indian Premier League,male,DC Boon,S Asnani,Royal Challengers Bangalore,field,598008
,Pune Warriors,,6,K Srinath,M Erasmus,,Subrata Roy Sahara Stadium,,,,2013-04-11,Rajasthan Royals,AJ Finch,7,,PG Pathak,2013,Pune,Pune Warriors,13,Indian Premier League,male,RS Madugalle,VA Kulkarni,Rajasthan Royals,bat,598009
,Delhi Daredevils,,6,Subroto Das,Aleem Dar,,Feroz Shah Kotla,,,,2013-04-12,Sunrisers Hyderabad,A Mishra,3,,K Bharatan,2013,Delhi,Sunrisers Hyderabad,14,Indian Premier League,male,AJ Pycroft,C Shamshuddin,Delhi Daredevils,bat,598010
,Mumbai Indians,,6,SJA Taufel,S Ravi,,Wankhede Stadium,,,,2013-04-13,Pune Warriors,RG Sharma,,41,RM Deshpande,2013,Mumbai,Mumbai Indians,15,Indian Premier League,male,DC Boon,CK Nandan,Mumbai Indians,bat,598011
,Chennai Super Kings,,6,AK Chaudhary,Asad Rauf,,"MA Chidambaram Stadium, Chepauk",,,,2013-04-13,Royal Challengers Bangalore,RA Jadeja,4,,K Srinivasan,2013,Chennai,Chennai Super Kings,16,Indian Premier League,male,J Srinath,S Asnani,Chennai Super Kings,field,598012
,Rajasthan Royals,,6,C Shamshuddin,Aleem Dar,,Sawai Mansingh Stadium,,,,2013-04-14,Kings XI Punjab,JP Faulkner,6,,Tapan Sharma,2013,Jaipur,Rajasthan Royals,18,Indian Premier League,male,AJ Pycroft,S Das,Rajasthan Royals,field,598014
,Kolkata Knight Riders,,6,VA Kulkarni,M Erasmus,,Eden Gardens,,,,2013-04-14,Sunrisers Hyderabad,G Gambhir,,48,AS Pathania,2013,Kolkata,Kolkata Knight Riders,17,Indian Premier League,male,RS Madugalle,K Srinath,Kolkata Knight Riders,bat,598013
,Chennai Super Kings,,6,AK Chaudhary,Asad Rauf,,"MA Chidambaram Stadium, Chepauk",,,,2013-04-15,Pune Warriors,SPD Smith,,24,K Srinivasan,2013,Chennai,Pune Warriors,19,Indian Premier League,male,RR Jadeja,S Asnani,Pune Warriors,bat,598015
,Kings XI Punjab,,6,SJA Taufel,CK Nandan,,"Punjab Cricket Association Stadium, Mohali",,,,2013-04-16,Kolkata Knight Riders,MS Gony,,4,,2013,Chandigarh,Kings XI Punjab,20,Indian Premier League,male,RS Mahanama,HDPK Dharmasena,Kolkata Knight Riders,field,598016
Royal Challengers Bangalore,Royal Challengers Bangalore,,6,VA Kulkarni,M Erasmus,tie,M Chinnaswamy Stadium,,,,2013-04-16,Delhi Daredevils,V Kohli,,,KN Ananthapadmanabhan,2013,Bangalore,,21,Indian Premier League,male,RS Madugalle,K Srinath,Royal Challengers Bangalore,field,598017
,Pune Warriors,,6,AK Chaudhary,Asad Rauf,,Maharashtra Cricket Association Stadium,,,,2013-04-17,Sunrisers Hyderabad,A Mishra,,11,PG Pathak,2013,Pune,Sunrisers Hyderabad,22,Indian Premier League,male,J Srinath,S Asnani,Pune Warriors,field,598018
,Rajasthan Royals,,6,C Shamshuddin,Aleem Dar,,Sawai Mansingh Stadium,,,,2013-04-17,Mumbai Indians,AM Rahane,,87,Tapan Sharma,2013,Jaipur,Rajasthan Royals,23,Indian Premier League,male,AJ Pycroft,S Das,Rajasthan Royals,bat,598019
,Delhi Daredevils,,6,VA Kulkarni,M Erasmus,,Feroz Shah Kotla,,,,2013-04-18,Chennai Super Kings,MEK Hussey,,86,K Bharatan,2013,Delhi,Chennai Super Kings,24,Indian Premier League,male,RS Madugalle,K Srinath,Chennai Super Kings,bat,598020
,Sunrisers Hyderabad,,6,CK Nandan,HDPK Dharmasena,,"Rajiv Gandhi International Stadium, Uppal",,,,2013-04-19,Kings XI Punjab,GH Vihari,5,,A Nand Kishore,2013,Hyderabad,Sunrisers Hyderabad,25,Indian Premier League,male,RS Mahanama,,Kings XI Punjab,bat,598021
,Kolkata Knight Riders,,6,AK Chaudhary,Asad Rauf,,Eden Gardens,,,,2013-04-20,Chennai Super Kings,RA Jadeja,4,,AS Pathania,2013,Kolkata,Chennai Super Kings,26,Indian Premier League,male,Raju Mukherjee,S Asnani,Kolkata Knight Riders,bat,598022
,Royal Challengers Bangalore,,6,C Shamshuddin,Aleem Dar,,M Chinnaswamy Stadium,,,,2013-04-20,Rajasthan Royals,R Vinay Kumar,7,,KN Ananthapadmanabhan,2013,Bangalore,Royal Challengers Bangalore,27,Indian Premier League,male,AJ Pycroft,S Das,Royal Challengers Bangalore,field,598023
,Delhi Daredevils,,6,S Ravi,HDPK Dharmasena,,Feroz Shah Kotla,,,,2013-04-21,Mumbai Indians,V Sehwag,9,,K Bharatan,2013,Delhi,Delhi Daredevils,28,Indian Premier League,male,RS Mahanama,CK Nandan,Mumbai Indians,bat,598024
,Kings XI Punjab,,6,K Srinath,M Erasmus,,"Punjab Cricket Association Stadium, Mohali",,,,2013-04-21,Pune Warriors,DA Miller,7,,Nitin Menon,2013,Chandigarh,Kings XI Punjab,29,Indian Premier League,male,RS Madugalle,VA Kulkarni,Kings XI Punjab,field,598025
,Chennai Super Kings,,6,AK Chaudhary,S Asnani,,"MA Chidambaram Stadium, Chepauk",,,,2013-04-22,Rajasthan Royals,MEK Hussey,5,,K Srinivasan,2013,Chennai,Chennai Super Kings,30,Indian Premier League,male,RR Jadeja,Asad Rauf,Rajasthan Royals,bat,598026
,Royal Challengers Bangalore,,6,C Shamshuddin,Aleem Dar,,M Chinnaswamy Stadium,,,,2013-04-23,Pune Warriors,CH Gayle,,130,KN Ananthapadmanabhan,2013,Bangalore,Royal Challengers Bangalore,31,Indian Premier League,male,AJ Pycroft,S Das,Pune Warriors,field,598027
,Delhi Daredevils,,6,K Srinath,VA Kulkarni,,Feroz Shah Kotla,,,,2013-04-23,Kings XI Punjab,Harmeet Singh,5,,K Bharatan,2013,Delhi,Kings XI Punjab,32,Indian Premier League,male,RS Madugalle,M Erasmus,Kings XI Punjab,field,598059
,Kolkata Knight Riders,,6,S Ravi,HDPK Dharmasena,,Eden Gardens,,,,2013-04-24,Mumbai Indians,DR Smith,5,,AS Pathania,2013,Kolkata,Mumbai Indians,33,Indian Premier League,male,RS Mahanama,CK Nandan,Kolkata Knight Riders,bat,598029
,Chennai Super Kings,,6,S Das,Aleem Dar,,"MA Chidambaram Stadium, Chepauk",,,,2013-04-25,Sunrisers Hyderabad,MS Dhoni,5,,K Srinivasan,2013,Chennai,Chennai Super Kings,34,Indian Premier League,male,AJ Pycroft,C Shamshuddin,Sunrisers Hyderabad,bat,598030
,Kolkata Knight Riders,,6,S Ravi,CK Nandan,,Eden Gardens,,,,2013-04-26,Kings XI Punjab,JH Kallis,6,,AS Pathania,2013,Kolkata,Kolkata Knight Riders,35,Indian Premier League,male,RS Mahanama,HDPK Dharmasena,Kings XI Punjab,bat,598031
,Mumbai Indians,,6,S Asnani,Asad Rauf,,Wankhede Stadium,,,,2013-04-27,Royal Challengers Bangalore,DR Smith,,58,RM Deshpande,2013,Mumbai,Mumbai Indians,37,Indian Premier League,male,J Srinath,AK Chaudhary,Mumbai Indians,bat,598033
,Rajasthan Royals,,6,K Srinath,VA Kulkarni,,Sawai Mansingh Stadium,,,,2013-04-27,Sunrisers Hyderabad,JP Faulkner,8,,Tapan Sharma,2013,Jaipur,Rajasthan Royals,36,Indian Premier League,male,RS Madugalle,M Erasmus,Sunrisers Hyderabad,bat,598032
,Chennai Super Kings,,6,SJA Taufel,Aleem Dar,,"MA Chidambaram Stadium, Chepauk",,,,2013-04-28,Kolkata Knight Riders,MEK Hussey,,14,K Srinivasan,2013,Chennai,Chennai Super Kings,38,Indian Premier League,male,AJ Pycroft,C Shamshuddin,Kolkata Knight Riders,field,598034
,Delhi Daredevils,,6,S Ravi,CK Nandan,,Shaheed Veer Narayan Singh International Stadium,,,,2013-04-28,Pune Warriors,DA Warner,,15,VK Sharma,2013,Raipur,Delhi Daredevils,39,Indian Premier League,male,RS Mahanama,HDPK Dharmasena,Pune Warriors,field,598035
,Rajasthan Royals,,6,K Srinath,M Erasmus,,Sawai Mansingh Stadium,,,,2013-04-29,Royal Challengers Bangalore,SV Samson,4,,Tapan Sharma,2013,Jaipur,Rajasthan Royals,40,Indian Premier League,male,RS Madugalle,VA Kulkarni,Rajasthan Royals,field,598036
,Mumbai Indians,,6,AK Chaudhary,Asad Rauf,,Wankhede Stadium,,,,2013-04-29,Kings XI Punjab,RG Sharma,,4,RM Deshpande,2013,Mumbai,Mumbai Indians,41,Indian Premier League,male,J Srinath,S Asnani,Mumbai Indians,bat,598037
,Pune Warriors,,6,SJA Taufel,S Das,,Subrata Roy Sahara Stadium,,,,2013-04-30,Chennai Super Kings,MS Dhoni,,37,PG Pathak,2013,Pune,Chennai Super Kings,42,Indian Premier League,male,AJ Pycroft,Aleem Dar,Chennai Super Kings,bat,598038
,Sunrisers Hyderabad,,6,S Asnani,Asad Rauf,,"Rajiv Gandhi International Stadium, Uppal",,,,2013-05-01,Mumbai Indians,I Sharma,7,,A Nand Kishore,2013,Hyderabad,Sunrisers Hyderabad,43,Indian Premier League,male,J Srinath,AK Chaudhary,Mumbai Indians,bat,598039
,Delhi Daredevils,,6,CK Nandan,HDPK Dharmasena,,Shaheed Veer Narayan Singh International Stadium,,,,2013-05-01,Kolkata Knight Riders,DA Warner,7,,VK Sharma,2013,Raipur,Delhi Daredevils,44,Indian Premier League,male,RS Mahanama,S Ravi,Kolkata Knight Riders,bat,598040
,Chennai Super Kings,,6,VA Kulkarni,M Erasmus,,"MA Chidambaram Stadium, Chepauk",,,,2013-05-02,Kings XI Punjab,SK Raina,,15,K Srinivasan,2013,Chennai,Chennai Super Kings,45,Indian Premier League,male,Raju Mukherjee,NJ Llong,Chennai Super Kings,bat,598041
,Pune Warriors,,6,C Shamshuddin,Aleem Dar,,Subrata Roy Sahara Stadium,,,,2013-05-02,Royal Challengers Bangalore,AB de Villiers,,17,PG Pathak,2013,Pune,Royal Challengers Bangalore,46,Indian Premier League,male,AJ Pycroft,Subroto Das,Royal Challengers Bangalore,bat,598042
,Kolkata Knight Riders,,6,CK Nandan,HDPK Dharmasena,,Eden Gardens,,,,2013-05-03,Rajasthan Royals,YK Pathan,8,,AS Pathania,2013,Kolkata,Kolkata Knight Riders,47,Indian Premier League,male,RS Mahanama,S Ravi,Rajasthan Royals,bat,598043
,Sunrisers Hyderabad,,6,S Asnani,Asad Rauf,,"Rajiv Gandhi International Stadium, Uppal",,,,2013-05-04,Delhi Daredevils,DJG Sammy,6,,A Nand Kishore,2013,Hyderabad,Sunrisers Hyderabad,48,Indian Premier League,male,J Srinath,AK Chaudhary,Delhi Daredevils,bat,598044
,Mumbai Indians,,6,CK Nandan,HDPK Dharmasena,,Wankhede Stadium,,,,2013-05-05,Chennai Super Kings,MG Johnson,,60,RM Deshpande,2013,Mumbai,Mumbai Indians,49,Indian Premier League,male,RS Mahanama,S Ravi,Mumbai Indians,bat,598046
,Rajasthan Royals,,6,RJ Tucker,C Shamshuddin,,Sawai Mansingh Stadium,,,,2013-05-05,Pune Warriors,AM Rahane,5,,Tapan Sharma,2013,Jaipur,Rajasthan Royals,50,Indian Premier League,male,AJ Pycroft,Aleem Dar,Pune Warriors,bat,598047
,Kings XI Punjab,,6,NJ Llong,VA Kulkarni,,"Punjab Cricket Association Stadium, Mohali",,,,2013-05-06,Royal Challengers Bangalore,DA Miller,6,,Nitin Menon,2013,Chandigarh,Kings XI Punjab,51,Indian Premier League,male,RR Jadeja,K Srinath,Kings XI Punjab,field,598064
,Rajasthan Royals,,6,RJ Tucker,Aleem Dar,,Sawai Mansingh Stadium,,,,2013-05-07,Delhi Daredevils,AM Rahane,9,,Tapan Sharma,2013,Jaipur,Rajasthan Royals,52,Indian Premier League,male,AJ Pycroft,C Shamshuddin,Delhi Daredevils,bat,598049
,Mumbai Indians,,6,S Ravi,HDPK Dharmasena,,Wankhede Stadium,,,,2013-05-07,Kolkata Knight Riders,SR Tendulkar,,65,RM Deshpande,2013,Mumbai,Mumbai Indians,53,Indian Premier League,male,RS Mahanama,CK Nandan,Mumbai Indians,bat,598050
,Sunrisers Hyderabad,,6,NJ Llong,S Das,,"Rajiv Gandhi International Stadium, Uppal",,,,2013-05-08,Chennai Super Kings,SK Raina,,77,A Nand Kishore,2013,Hyderabad,Chennai Super Kings,54,Indian Premier League,male,Raju Mukherjee,K Srinath,Sunrisers Hyderabad,field,598051
,Kings XI Punjab,,6,S Ravi,HDPK Dharmasena,,"Punjab Cricket Association Stadium, Mohali",,,,2013-05-09,Rajasthan Royals,KK Cooper,8,,Nitin Menon,2013,Chandigarh,Rajasthan Royals,55,Indian Premier League,male,RS Mahanama,CK Nandan,Rajasthan Royals,field,598052
,Pune Warriors,,6,S Asnani,Asad Rauf,,Subrata Roy Sahara Stadium,,,,2013-05-09,Kolkata Knight Riders,G Gambhir,,46,PG Pathak,2013,Pune,Kolkata Knight Riders,56,Indian Premier League,male,J Srinath,SJA Taufel,Kolkata Knight Riders,bat,598053
,Delhi Daredevils,,6,K Srinath,NJ Llong,,Feroz Shah Kotla,,,,2013-05-10,Royal Challengers Bangalore,JD Unadkat,,4,K Bharatan,2013,Delhi,Royal Challengers Bangalore,57,Indian Premier League,male,RS Madugalle,VA Kulkarni,Delhi Daredevils,field,598054
,Pune Warriors,,6,AK Chaudhary,Asad Rauf,,Subrata Roy Sahara Stadium,,,,2013-05-11,Mumbai Indians,MG Johnson,5,,RM Deshpande,2013,Pune,Mumbai Indians,58,Indian Premier League,male,J Srinath,S Asnani,Pune Warriors,bat,598055
,Kings XI Punjab,,6,RJ Tucker,S Das,,"Punjab Cricket Association Stadium, Mohali",,,,2013-05-11,Sunrisers Hyderabad,PA Patel,,30,Nitin Menon,2013,Chandigarh,Sunrisers Hyderabad,59,Indian Premier League,male,AJ Pycroft,C Shamshuddin,Kings XI Punjab,field,598056
,Rajasthan Royals,,6,CK Nandan,HDPK Dharmasena,,Sawai Mansingh Stadium,,,,2013-05-12,Chennai Super Kings,SR Watson,5,,Tapan Sharma,2013,Jaipur,Rajasthan Royals,61,Indian Premier League,male,RS Mahanama,S Ravi,Rajasthan Royals,field,598058
,Kolkata Knight Riders,,6,K Srinath,NJ Llong,,JSCA International Stadium Complex,,,,2013-05-12,Royal Challengers Bangalore,JH Kallis,5,,PK Khakhar,2013,Ranchi,Kolkata Knight Riders,60,Indian Premier League,male,RS Madugalle,VA Kulkarni,Kolkata Knight Riders,field,598057
,Mumbai Indians,,6,SJA Taufel,AK Chaudhary,,Wankhede Stadium,,,,2013-05-13,Sunrisers Hyderabad,KA Pollard,7,,RM Deshpande,2013,Mumbai,Mumbai Indians,62,Indian Premier League,male,RR Jadeja,Asad Rauf,Sunrisers Hyderabad,bat,598060
,Chennai Super Kings,,6,RJ Tucker,C Shamshuddin,,"MA Chidambaram Stadium, Chepauk",,,,2013-05-14,Delhi Daredevils,MS Dhoni,,33,K Srinivasan,2013,Chennai,Chennai Super Kings,64,Indian Premier League,male,AJ Pycroft,S Das,Chennai Super Kings,bat,598062
,Royal Challengers Bangalore,,6,S Ravi,HDPK Dharmasena,,M Chinnaswamy Stadium,,,,2013-05-14,Kings XI Punjab,AC Gilchrist,7,,KN Ananthapadmanabhan,2013,Bangalore,Kings XI Punjab,63,Indian Premier League,male,RS Mahanama,CK Nandan,Kings XI Punjab,field,598045
,Kolkata Knight Riders,,6,K Srinath,NJ Llong,,JSCA International Stadium Complex,,,,2013-05-15,Pune Warriors,MK Pandey,,7,PK Khakhar,2013,Ranchi,Pune Warriors,65,Indian Premier League,male,RS Madugalle,VA Kulkarni,Kolkata Knight Riders,field,598061
,Mumbai Indians,,6,S Asnani,Asad Rauf,,Wankhede Stadium,,,,2013-05-15,Rajasthan Royals,AP Tare,,14,PG Pathak,2013,Mumbai,Mumbai Indians,66,Indian Premier League,male,RR Jadeja,AK Chaudhary,Rajasthan Royals,field,598063
,Kings XI Punjab,,6,S Ravi,HDPK Dharmasena,,Himachal Pradesh Cricket Association Stadium,,,,2013-05-16,Delhi Daredevils,DA Miller,,7,Nitin Menon,2013,Dharamsala,Kings XI Punjab,67,Indian Premier League,male,RS Mahanama,CK Nandan,Delhi Daredevils,field,598028
,Sunrisers Hyderabad,,6,AK Chaudhary,Asad Rauf,,"Rajiv Gandhi International Stadium, Uppal",,,,2013-05-17,Rajasthan Royals,A Mishra,,23,A Nand Kishore,2013,Hyderabad,Sunrisers Hyderabad,68,Indian Premier League,male,J Srinath,S Asnani,Sunrisers Hyderabad,bat,598065
,Kings XI Punjab,,6,CK Nandan,HDPK Dharmasena,,Himachal Pradesh Cricket Association Stadium,,,,2013-05-18,Mumbai Indians,Azhar Mahmood,,50,,2013,Dharamsala,Kings XI Punjab,69,Indian Premier League,male,RS Mahanama,S Ravi,Mumbai Indians,field,598066
,Royal Challengers Bangalore,,6,RJ Tucker,C Shamshuddin,,M Chinnaswamy Stadium,,,,2013-05-18,Chennai Super Kings,V Kohli,,24,KN Ananthapadmanabhan,2013,Bangalore,Royal Challengers Bangalore,70,Indian Premier League,male,AJ Pycroft,S Das,Chennai Super Kings,field,598068
,Sunrisers Hyderabad,,6,S Asnani,Asad Rauf,,"Rajiv Gandhi International Stadium, Uppal",,,,2013-05-19,Kolkata Knight Riders,PA Patel,5,,A Nand Kishore,2013,Hyderabad,Sunrisers Hyderabad,72,Indian Premier League,male,Raju Mukherjee,AK Chaudhary,Kolkata Knight Riders,bat,598069
,Pune Warriors,,6,SJA Taufel,NJ Llong,,Subrata Roy Sahara Stadium,,,,2013-05-19,Delhi Daredevils,LJ Wright,,38,PG Pathak,2013,Pune,Pune Warriors,71,Indian Premier League,male,RS Madugalle,VA Kulkarni,Pune Warriors,bat,598067
,Chennai Super Kings,,6,RJ Tucker,NJ Llong,,Feroz Shah Kotla,,,,2013-05-21,Mumbai Indians,MEK Hussey,,48,CK Nandan,2013,Delhi,Chennai Super Kings,,Indian Premier League,male,RS Mahanama,S Ravi,Chennai Super Kings,bat,598070
,Rajasthan Royals,,6,RJ Tucker,S Ravi,,Feroz Shah Kotla,,,,2013-05-22,Sunrisers Hyderabad,BJ Hodge,4,,CK Nandan,2013,Delhi,Rajasthan Royals,,Indian Premier League,male,RS Mahanama,NJ Llong,Sunrisers Hyderabad,bat,598071
,Mumbai Indians,,6,SJA Taufel,C Shamshuddin,,Eden Gardens,,,,2013-05-24,Rajasthan Royals,Harbhajan Singh,4,,K Srinath,2013,Kolkata,Mumbai Indians,,Indian Premier League,male,RS Madugalle,HDPK Dharmasena,Rajasthan Royals,bat,598072
,Chennai Super Kings,,6,SJA Taufel,HDPK Dharmasena,,Eden Gardens,,,,2013-05-26,Mumbai Indians,KA Pollard,,23,K Srinath,2013,Kolkata,Mumbai Indians,,Indian Premier League,male,RS Madugalle,C Shamshuddin,Mumbai Indians,bat,598073
,Mumbai Indians,true,6,RK Illingworth,M Erasmus,,Sheikh Zayed Stadium,,,,2014-04-16,Kolkata Knight Riders,JH Kallis,,41,K Srinath,2014,Abu Dhabi,Kolkata Knight Riders,1,Indian Premier League,male,AJ Pycroft,BF Bowden,Kolkata Knight Riders,bat,729279
,Delhi Daredevils,true,6,S Ravi,Aleem Dar,,Sharjah Cricket Stadium,,,,2014-04-17,Royal Challengers Bangalore,YS Chahal,8,,K Bharatan,2014,,Royal Challengers Bangalore,2,Indian Premier League,male,GF Labrooy,VA Kulkarni,Royal Challengers Bangalore,field,729281
,Chennai Super Kings,true,6,C Shamshuddin,RK Illingworth,,Sheikh Zayed Stadium,,,,2014-04-18,Kings XI Punjab,GJ Maxwell,6,,K Srinath,2014,Abu Dhabi,Kings XI Punjab,3,Indian Premier League,male,AJ Pycroft,BF Bowden,Chennai Super Kings,bat,729283
,Sunrisers Hyderabad,true,6,RK Illingworth,BF Bowden,,Sheikh Zayed Stadium,,,,2014-04-18,Rajasthan Royals,AM Rahane,4,,K Srinath,2014,Abu Dhabi,Rajasthan Royals,4,Indian Premier League,male,AJ Pycroft,C Shamshuddin,Rajasthan Royals,field,729285
,Royal Challengers Bangalore,true,6,AK Chaudhary,Aleem Dar,,Dubai International Cricket Stadium,,,,2014-04-19,Mumbai Indians,PA Patel,7,,K Srinivasan,2014,,Royal Challengers Bangalore,5,Indian Premier League,male,GF Labrooy,VA Kulkarni,Royal Challengers Bangalore,field,729287
,Kolkata Knight Riders,true,6,VA Kulkarni,Aleem Dar,,Dubai International Cricket Stadium,,,,2014-04-19,Delhi Daredevils,JP Duminy,4,,K Srinivasan,2014,,Delhi Daredevils,6,Indian Premier League,male,GF Labrooy,AK Chaudhary,Kolkata Knight Riders,bat,729289
,Rajasthan Royals,true,6,M Erasmus,BF Bowden,,Sharjah Cricket Stadium,,,,2014-04-20,Kings XI Punjab,GJ Maxwell,7,,K Bharatan,2014,,Kings XI Punjab,7,Indian Premier League,male,AJ Pycroft,S Ravi,Kings XI Punjab,field,729291
,Chennai Super Kings,true,6,C Shamshuddin,RK Illingworth,,Sheikh Zayed Stadium,,,,2014-04-21,Delhi Daredevils,SK Raina,,93,K Srinath,2014,Abu Dhabi,Chennai Super Kings,8,Indian Premier League,male,GF Labrooy,HDPK Dharmasena,Chennai Super Kings,bat,729293
,Kings XI Punjab,true,6,S Ravi,M Erasmus,,Sharjah Cricket Stadium,,,,2014-04-22,Sunrisers Hyderabad,GJ Maxwell,,72,K Bharatan,2014,,Kings XI Punjab,9,Indian Premier League,male,AJ Pycroft,BF Bowden,Sunrisers Hyderabad,field,729295
,Rajasthan Royals,true,6,RK Illingworth,HDPK Dharmasena,,Dubai International Cricket Stadium,,,,2014-04-23,Chennai Super Kings,RA Jadeja,,7,K Srinivasan,2014,,Chennai Super Kings,10,Indian Premier League,male,GF Labrooy,C Shamshuddin,Rajasthan Royals,field,729297
,Royal Challengers Bangalore,true,6,VA Kulkarni,Aleem Dar,,Sharjah Cricket Stadium,,,,2014-04-24,Kolkata Knight Riders,CA Lynn,,2,K Bharatan,2014,,Kolkata Knight Riders,11,Indian Premier League,male,AJ Pycroft,AK Chaudhary,Royal Challengers Bangalore,field,729299
,Chennai Super Kings,true,6,M Erasmus,BF Bowden,,Dubai International Cricket Stadium,,,,2014-04-25,Mumbai Indians,MM Sharma,7,,K Srinivasan,2014,,Chennai Super Kings,13,Indian Premier League,male,GF Labrooy,S Ravi,Mumbai Indians,bat,729303
,Sunrisers Hyderabad,true,6,S Ravi,M Erasmus,,Dubai International Cricket Stadium,,,,2014-04-25,Delhi Daredevils,AJ Finch,,4,K Srinivasan,2014,,Sunrisers Hyderabad,12,Indian Premier League,male,GF Labrooy,BF Bowden,Sunrisers Hyderabad,bat,729301
,Rajasthan Royals,true,6,C Shamshuddin,HDPK Dharmasena,,Sheikh Zayed Stadium,,,,2014-04-26,Royal Challengers Bangalore,PV Tambe,6,,K Srinath,2014,Abu Dhabi,Rajasthan Royals,14,Indian Premier League,male,AJ Pycroft,RK Illingworth,Rajasthan Royals,field,729305
,Kolkata Knight Riders,true,6,RK Illingworth,HDPK Dharmasena,,Sheikh Zayed Stadium,,,,2014-04-26,Kings XI Punjab,Sandeep Sharma,,23,K Srinath,2014,Abu Dhabi,Kings XI Punjab,15,Indian Premier League,male,AJ Pycroft,C Shamshuddin,Kolkata Knight Riders,field,729307
,Delhi Daredevils,true,6,VA Kulkarni,Aleem Dar,,Sharjah Cricket Stadium,,,,2014-04-27,Mumbai Indians,M Vijay,6,,K Bharatan,2014,,Delhi Daredevils,16,Indian Premier League,male,GF Labrooy,AK Chaudhary,Mumbai Indians,bat,729309
,Sunrisers Hyderabad,true,6,VA Kulkarni,AK Chaudhary,,Sharjah Cricket Stadium,,,,2014-04-27,Chennai Super Kings,DR Smith,5,,K Bharatan,2014,,Chennai Super Kings,17,Indian Premier League,male,GF Labrooy,Aleem Dar,Sunrisers Hyderabad,bat,729311
,Kings XI Punjab,true,6,S Ravi,BF Bowden,,Dubai International Cricket Stadium,,,,2014-04-28,Royal Challengers Bangalore,Sandeep Sharma,5,,K Srinivasan,2014,,Kings XI Punjab,18,Indian Premier League,male,AJ Pycroft,M Erasmus,Kings XI Punjab,field,729313
Rajasthan Royals,Kolkata Knight Riders,true,6,AK Chaudhary,Aleem Dar,tie,Sheikh Zayed Stadium,,,,2014-04-29,Rajasthan Royals,JP Faulkner,,,K Srinath,2014,Abu Dhabi,,19,Indian Premier League,male,GF Labrooy,VA Kulkarni,Rajasthan Royals,bat,729315
,Mumbai Indians,true,6,M Erasmus,HDPK Dharmasena,,Dubai International Cricket Stadium,,,,2014-04-30,Sunrisers Hyderabad,B Kumar,,15,K Srinivasan,2014,,Sunrisers Hyderabad,20,Indian Premier League,male,AJ Pycroft,S Ravi,Mumbai Indians,field,729317
,Chennai Super Kings,,6,NJ Llong,AK Chaudhary,,JSCA International Stadium Complex,,,,2014-05-02,Kolkata Knight Riders,RA Jadeja,,34,AY Dandekar,2014,Ranchi,Chennai Super Kings,21,Indian Premier League,male,J Srinath,CK Nandan,Chennai Super Kings,bat,733971
,Mumbai Indians,,6,C Shamshuddin,BNJ Oxenford,,Wankhede Stadium,,,,2014-05-03,Kings XI Punjab,CJ Anderson,5,,R Pandit,2014,Mumbai,Mumbai Indians,22,Indian Premier League,male,RS Madugalle,RM Deshpande,Kings XI Punjab,bat,733973
,Delhi Daredevils,,6,S Ravi,SS Hazare,,Feroz Shah Kotla,,,,2014-05-03,Rajasthan Royals,KK Nair,7,,Navdeep Singh,2014,Delhi,Rajasthan Royals,23,Indian Premier League,male,AJ Pycroft,K Srinath,Rajasthan Royals,field,733975
,Royal Challengers Bangalore,,6,VA Kulkarni,HDPK Dharmasena,,M Chinnaswamy Stadium,,,,2014-05-04,Sunrisers Hyderabad,AB de Villiers,4,,J Madanagopal,2014,Bangalore,Royal Challengers Bangalore,24,Indian Premier League,male,RS Mahanama,PG Pathak,Royal Challengers Bangalore,field,733977
,Rajasthan Royals,,6,CK Nandan,NJ Llong,,"Sardar Patel Stadium, Motera",,,,2014-05-05,Kolkata Knight Riders,PV Tambe,,10,Nitin Menon,2014,Ahmedabad,Rajasthan Royals,25,Indian Premier League,male,RS Madugalle,AK Chaudhary,Kolkata Knight Riders,field,733979
,Delhi Daredevils,,6,BNJ Oxenford,RM Deshpande,,Feroz Shah Kotla,,,,2014-05-05,Chennai Super Kings,DR Smith,8,,Navdeep Singh,2014,Delhi,Chennai Super Kings,26,Indian Premier League,male,J Srinath,C Shamshuddin,Chennai Super Kings,field,733981
,Mumbai Indians,,6,K Srinath,S Ravi,,Wankhede Stadium,,,,2014-05-06,Royal Challengers Bangalore,RG Sharma,,19,R Pandit,2014,Mumbai,Mumbai Indians,27,Indian Premier League,male,AJ Pycroft,SS Hazare,Royal Challengers Bangalore,field,733983
,Kings XI Punjab,,6,PG Pathak,HDPK Dharmasena,,Barabati Stadium,,,,2014-05-07,Chennai Super Kings,GJ Maxwell,,44,UV Gandhe,2014,Cuttack,Kings XI Punjab,29,Indian Premier League,male,RS Mahanama,VA Kulkarni,Chennai Super Kings,field,733987
,Delhi Daredevils,,6,C Shamshuddin,BNJ Oxenford,,Feroz Shah Kotla,,,,2014-05-07,Kolkata Knight Riders,G Gambhir,8,,Navdeep Singh,2014,Delhi,Kolkata Knight Riders,28,Indian Premier League,male,J Srinath,RM Deshpande,Delhi Daredevils,bat,733985
,Rajasthan Royals,,6,NJ Llong,AK Chaudhary,,"Sardar Patel Stadium, Motera",,,,2014-05-08,Sunrisers Hyderabad,B Kumar,,32,Nitin Menon,2014,Ahmedabad,Sunrisers Hyderabad,30,Indian Premier League,male,RS Madugalle,CK Nandan,Rajasthan Royals,field,733989
,Royal Challengers Bangalore,,6,K Srinath,S Ravi,,M Chinnaswamy Stadium,,,,2014-05-09,Kings XI Punjab,Sandeep Sharma,,32,KN Ananthapadmanabhan,2014,Bangalore,Kings XI Punjab,31,Indian Premier League,male,AJ Pycroft,K Srinivasan,Royal Challengers Bangalore,field,733991
,Delhi Daredevils,,6,BNJ Oxenford,RM Deshpande,,Feroz Shah Kotla,,,D/L,2014-05-10,Sunrisers Hyderabad,DW Steyn,8,,Navdeep Singh,2014,Delhi,Sunrisers Hyderabad,32,Indian Premier League,male,J Srinath,C Shamshuddin,Sunrisers Hyderabad,field,733993
,Mumbai Indians,,6,VA Kulkarni,HDPK Dharmasena,,Wankhede Stadium,,,,2014-05-10,Chennai Super Kings,DR Smith,4,,R Pandit,2014,Mumbai,Chennai Super Kings,33,Indian Premier League,male,RS Mahanama,PG Pathak,Chennai Super Kings,field,733995
,Kings XI Punjab,,6,CK Nandan,NJ Llong,,Barabati Stadium,,,,2014-05-11,Kolkata Knight Riders,G Gambhir,9,,UV Gandhe,2014,Cuttack,Kolkata Knight Riders,34,Indian Premier League,male,RS Madugalle,AK Chaudhary,Kolkata Knight Riders,field,733997
,Royal Challengers Bangalore,,6,RJ Tucker,S Ravi,,M Chinnaswamy Stadium,,,,2014-05-11,Rajasthan Royals,JP Faulkner,5,,KN Ananthapadmanabhan,2014,Bangalore,Rajasthan Royals,35,Indian Premier League,male,AJ Pycroft,K Srinath,Royal Challengers Bangalore,bat,733999
,Sunrisers Hyderabad,,6,VA Kulkarni,HDPK Dharmasena,,"Rajiv Gandhi International Stadium, Uppal",,,,2014-05-12,Mumbai Indians,AT Rayudu,7,,A Nand Kishore,2014,Hyderabad,Mumbai Indians,36,Indian Premier League,male,RS Mahanama,PG Pathak,Sunrisers Hyderabad,bat,734001
,Chennai Super Kings,,6,C Shamshuddin,BNJ Oxenford,,JSCA International Stadium Complex,,,,2014-05-13,Rajasthan Royals,RA Jadeja,5,,AY Dandekar,2014,Ranchi,Chennai Super Kings,37,Indian Premier League,male,J Srinath,RM Deshpande,Rajasthan Royals,bat,734003
,Royal Challengers Bangalore,,6,RJ Tucker,K Srinath,,M Chinnaswamy Stadium,,,,2014-05-13,Delhi Daredevils,Yuvraj Singh,,16,KN Ananthapadmanabhan,2014,Bangalore,Royal Challengers Bangalore,38,Indian Premier League,male,AJ Pycroft,S Ravi,Delhi Daredevils,field,734005
,Sunrisers Hyderabad,,6,PG Pathak,VA Kulkarni,,"Rajiv Gandhi International Stadium, Uppal",,,,2014-05-14,Kings XI Punjab,WP Saha,6,,A Nand Kishore,2014,Hyderabad,Kings XI Punjab,39,Indian Premier League,male,RS Mahanama,HDPK Dharmasena,Kings XI Punjab,field,734007
,Kolkata Knight Riders,,6,NJ Llong,AK Chaudhary,,Barabati Stadium,,,,2014-05-14,Mumbai Indians,RV Uthappa,6,,R Pandit,2014,Cuttack,Kolkata Knight Riders,40,Indian Premier League,male,RS Madugalle,CK Nandan,Kolkata Knight Riders,field,734009
,Rajasthan Royals,,6,RJ Tucker,S Ravi,,"Sardar Patel Stadium, Motera",,,,2014-05-15,Delhi Daredevils,AM Rahane,,62,KN Ananthapadmanabhan,2014,Ahmedabad,Rajasthan Royals,41,Indian Premier League,male,AJ Pycroft,K Srinath,Delhi Daredevils,field,734011
,Chennai Super Kings,,6,C Shamshuddin,BNJ Oxenford,,JSCA International Stadium Complex,,,,2014-05-18,Royal Challengers Bangalore,AB de Villiers,5,,J Madanagopal,2014,Ranchi,Royal Challengers Bangalore,42,Indian Premier League,male,J Srinath,RM Deshpande,Chennai Super Kings,bat,734013
,Sunrisers Hyderabad,,6,CK Nandan,NJ Llong,,"Rajiv Gandhi International Stadium, Uppal",,,,2014-05-18,Kolkata Knight Riders,UT Yadav,7,,A Nand Kishore,2014,Hyderabad,Kolkata Knight Riders,43,Indian Premier League,male,RS Madugalle,AK Chaudhary,Sunrisers Hyderabad,bat,734015
,Rajasthan Royals,,6,RJ Tucker,S Ravi,,"Sardar Patel Stadium, Motera",,,,2014-05-19,Mumbai Indians,MEK Hussey,,25,KN Ananthapadmanabhan,2014,Ahmedabad,Mumbai Indians,44,Indian Premier League,male,AJ Pycroft,K Srinath,Mumbai Indians,bat,734017
,Delhi Daredevils,,6,PG Pathak,HDPK Dharmasena,,Feroz Shah Kotla,,,,2014-05-19,Kings XI Punjab,AR Patel,4,,Navdeep Singh,2014,Delhi,Kings XI Punjab,45,Indian Premier League,male,RS Mahanama,VA Kulkarni,Kings XI Punjab,field,734019
,Sunrisers Hyderabad,,6,NJ Llong,AK Chaudhary,,"Rajiv Gandhi International Stadium, Uppal",,,,2014-05-20,Royal Challengers Bangalore,DA Warner,7,,A Nand Kishore,2014,Hyderabad,Sunrisers Hyderabad,46,Indian Premier League,male,RS Madugalle,CK Nandan,Royal Challengers Bangalore,bat,734021
,Kolkata Knight Riders,,6,C Shamshuddin,RM Deshpande,,Eden Gardens,,,,2014-05-20,Chennai Super Kings,RV Uthappa,8,,Nitin Menon,2014,Kolkata,Kolkata Knight Riders,47,Indian Premier League,male,J Srinath,BNJ Oxenford,Kolkata Knight Riders,field,734023
,Kings XI Punjab,,6,VA Kulkarni,HDPK Dharmasena,,"Punjab Cricket Association Stadium, Mohali",,,,2014-05-21,Mumbai Indians,LMP Simmons,7,,UV Gandhe,2014,Chandigarh,Mumbai Indians,48,Indian Premier League,male,RS Mahanama,PG Pathak,Mumbai Indians,field,734025
,Kolkata Knight Riders,,6,CK Nandan,AK Chaudhary,,Eden Gardens,,,,2014-05-22,Royal Challengers Bangalore,RV Uthappa,,30,Nitin Menon,2014,Kolkata,Kolkata Knight Riders,49,Indian Premier League,male,RS Madugalle,NJ Llong,Royal Challengers Bangalore,field,734027
,Chennai Super Kings,,6,C Shamshuddin,BNJ Oxenford,,JSCA International Stadium Complex,,,,2014-05-22,Sunrisers Hyderabad,DA Warner,6,,J Madanagopal,2014,Ranchi,Sunrisers Hyderabad,50,Indian Premier League,male,J Srinath,RM Deshpande,Sunrisers Hyderabad,field,734029
,Mumbai Indians,,6,RJ Tucker,S Ravi,,Wankhede Stadium,,,,2014-05-23,Delhi Daredevils,MEK Hussey,,15,AY Dandekar,2014,Mumbai,Mumbai Indians,51,Indian Premier League,male,AJ Pycroft,K Srinath,Delhi Daredevils,field,734031
,Kings XI Punjab,,6,PG Pathak,HDPK Dharmasena,,"Punjab Cricket Association Stadium, Mohali",,,,2014-05-23,Rajasthan Royals,SE Marsh,,16,UV Gandhe,2014,Chandigarh,Kings XI Punjab,52,Indian Premier League,male,RS Mahanama,VA Kulkarni,Rajasthan Royals,field,734033
,Royal Challengers Bangalore,,6,NJ Llong,AK Chaudhary,,M Chinnaswamy Stadium,,,,2014-05-24,Chennai Super Kings,MS Dhoni,8,,A Nand Kishore,2014,Bangalore,Chennai Super Kings,53,Indian Premier League,male,RS Madugalle,CK Nandan,Chennai Super Kings,field,734035
,Kolkata Knight Riders,,6,BNJ Oxenford,RM Deshpande,,Eden Gardens,,,,2014-05-24,Sunrisers Hyderabad,YK Pathan,4,,Nitin Menon,2014,Kolkata,Kolkata Knight Riders,54,Indian Premier League,male,J Srinath,C Shamshuddin,Kolkata Knight Riders,field,734037
,Kings XI Punjab,,6,VA Kulkarni,HDPK Dharmasena,,"Punjab Cricket Association Stadium, Mohali",,,,2014-05-25,Delhi Daredevils,M Vohra,7,,UV Gandhe,2014,Chandigarh,Kings XI Punjab,55,Indian Premier League,male,RS Mahanama,PG Pathak,Kings XI Punjab,field,734039
,Mumbai Indians,,6,RJ Tucker,K Srinath,,Wankhede Stadium,,,,2014-05-25,Rajasthan Royals,CJ Anderson,5,,R Pandit,2014,Mumbai,Mumbai Indians,56,Indian Premier League,male,AJ Pycroft,S Ravi,Mumbai Indians,field,734041
,Kings XI Punjab,,6,S Ravi,NJ Llong,,Eden Gardens,2014/05/27,2014/05/28,,2014-05-27,Kolkata Knight Riders,UT Yadav,,28,CK Nandan,2014,Kolkata,Kolkata Knight Riders,,Indian Premier League,male,RS Mahanama,C Shamshuddin,Kings XI Punjab,field,734043
,Chennai Super Kings,,6,BNJ Oxenford,VA Kulkarni,,Brabourne Stadium,,,,2014-05-28,Mumbai Indians,SK Raina,7,,RM Deshpande,2014,Mumbai,Chennai Super Kings,,Indian Premier League,male,AJ Pycroft,RJ Tucker,Chennai Super Kings,field,734045
,Chennai Super Kings,,6,RJ Tucker,HDPK Dharmasena,,Wankhede Stadium,,,,2014-05-30,Kings XI Punjab,V Sehwag,,24,RM Deshpande,2014,Mumbai,Kings XI Punjab,,Indian Premier League,male,J Srinath,AK Chaudhary,Chennai Super Kings,field,734047
,Kolkata Knight Riders,,6,BNJ Oxenford,HDPK Dharmasena,,M Chinnaswamy Stadium,,,,2014-06-01,Kings XI Punjab,MK Pandey,3,,CK Nandan,2014,Bangalore,Kolkata Knight Riders,,Indian Premier League,male,RS Mahanama,S Ravi,Kolkata Knight Riders,field,734049
,Kolkata Knight Riders,,6,C Shamshuddin,S Ravi,,Eden Gardens,,,,2015-04-08,Mumbai Indians,M Morkel,7,,VK Sharma,2015,Kolkata,Kolkata Knight Riders,1,Indian Premier League,male,J Srinath,PG Pathak,Kolkata Knight Riders,field,829705
,Chennai Super Kings,,6,VA Kulkarni,RK Illingworth,,"MA Chidambaram Stadium, Chepauk",,,,2015-04-09,Delhi Daredevils,A Nehra,,1,K Bharatan,2015,Chennai,Chennai Super Kings,2,Indian Premier League,male,M Nayyar,RM Deshpande,Delhi Daredevils,field,829707
,Kings XI Punjab,,6,CB Gaffaney,SD Fry,,Maharashtra Cricket Association Stadium,,,,2015-04-10,Rajasthan Royals,JP Faulkner,,26,CK Nandan,2015,Pune,Rajasthan Royals,3,Indian Premier League,male,GF Labrooy,K Srinath,Kings XI Punjab,field,829709
,Chennai Super Kings,,6,VA Kulkarni,RK Illingworth,,"MA Chidambaram Stadium, Chepauk",,,,2015-04-11,Sunrisers Hyderabad,BB McCullum,,45,K Bharatan,2015,Chennai,Chennai Super Kings,4,Indian Premier League,male,M Nayyar,RM Deshpande,Chennai Super Kings,bat,829711
,Kolkata Knight Riders,,6,C Shamshuddin,S Ravi,,Eden Gardens,,,,2015-04-11,Royal Challengers Bangalore,CH Gayle,3,,VK Sharma,2015,Kolkata,Royal Challengers Bangalore,5,Indian Premier League,male,J Srinath,PG Pathak,Royal Challengers Bangalore,field,829713
,Mumbai Indians,,6,K Srinivasan,AK Chaudhary,,Wankhede Stadium,,,,2015-04-12,Kings XI Punjab,GJ Bailey,,18,A Nand Kishore,2015,Mumbai,Kings XI Punjab,7,Indian Premier League,male,Chinmay Sharma,K Srinath,Mumbai Indians,field,829717
,Delhi Daredevils,,6,CB Gaffaney,SD Fry,,Feroz Shah Kotla,,,,2015-04-12,Rajasthan Royals,DJ Hooda,3,,Nitin Menon,2015,Delhi,Rajasthan Royals,6,Indian Premier League,male,GF Labrooy,CK Nandan,Rajasthan Royals,field,829715
,Royal Challengers Bangalore,,6,RK Illingworth,RM Deshpande,,M Chinnaswamy Stadium,,,,2015-04-13,Sunrisers Hyderabad,DA Warner,8,,K Bharatan,2015,Bangalore,Sunrisers Hyderabad,8,Indian Premier League,male,M Nayyar,VA Kulkarni,Sunrisers Hyderabad,field,829719
,Rajasthan Royals,,6,SD Fry,AK Chaudhary,,"Sardar Patel Stadium, Motera",,,,2015-04-14,Mumbai Indians,SPD Smith,7,,A Nand Kishore,2015,Ahmedabad,Rajasthan Royals,9,Indian Premier League,male,Chinmay Sharma,K Srinivasan,Mumbai Indians,bat,829721
,Kings XI Punjab,,6,K Srinath,CB Gaffaney,,Maharashtra Cricket Association Stadium,,,,2015-04-15,Delhi Daredevils,MA Agarwal,5,,Nitin Menon,2015,Pune,Delhi Daredevils,10,Indian Premier League,male,GF Labrooy,CK Nandan,Kings XI Punjab,bat,829725
,Sunrisers Hyderabad,,6,S Ravi,PG Pathak,,Dr. Y.S. Rajasekhara Reddy ACA-VDCA Cricket Stadium,,,,2015-04-16,Rajasthan Royals,AM Rahane,6,,VK Sharma,2015,Visakhapatnam,Rajasthan Royals,11,Indian Premier League,male,M Nayyar,C Shamshuddin,Rajasthan Royals,field,829727
,Mumbai Indians,,6,M Erasmus,AK Chaudhary,,Wankhede Stadium,,,,2015-04-17,Chennai Super Kings,A Nehra,6,,K Srinivasan,2015,Mumbai,Chennai Super Kings,12,Indian Premier League,male,Chinmay Sharma,K Srinath,Mumbai Indians,bat,829729
,Sunrisers Hyderabad,,6,S Ravi,PG Pathak,,Dr. Y.S. Rajasekhara Reddy ACA-VDCA Cricket Stadium,,,,2015-04-18,Delhi Daredevils,JP Duminy,,4,VK Sharma,2015,Visakhapatnam,Delhi Daredevils,13,Indian Premier League,male,M Nayyar,C Shamshuddin,Delhi Daredevils,bat,829731
,Kings XI Punjab,,6,CK Nandan,SD Fry,,Maharashtra Cricket Association Stadium,,,,2015-04-18,Kolkata Knight Riders,AD Russell,4,,Nitin Menon,2015,Pune,Kolkata Knight Riders,14,Indian Premier League,male,GF Labrooy,CB Gaffaney,Kolkata Knight Riders,field,829733
,Rajasthan Royals,,6,M Erasmus,AK Chaudhary,,"Sardar Patel Stadium, Motera",,,,2015-04-19,Chennai Super Kings,AM Rahane,8,,K Srinivasan,2015,Ahmedabad,Rajasthan Royals,15,Indian Premier League,male,Chinmay Sharma,K Srinath,Chennai Super Kings,bat,829735
,Royal Challengers Bangalore,,6,VA Kulkarni,RK Illingworth,,M Chinnaswamy Stadium,,,,2015-04-19,Mumbai Indians,Harbhajan Singh,,18,K Bharatan,2015,Bangalore,Mumbai Indians,16,Indian Premier League,male,J Srinath,RM Deshpande,Royal Challengers Bangalore,field,829737
,Delhi Daredevils,,6,CB Gaffaney,SD Fry,,Feroz Shah Kotla,,,,2015-04-20,Kolkata Knight Riders,UT Yadav,6,,Nitin Menon,2015,Delhi,Kolkata Knight Riders,17,Indian Premier League,male,GF Labrooy,CK Nandan,Kolkata Knight Riders,field,829739
Kings XI Punjab,Rajasthan Royals,,6,S Ravi,M Erasmus,tie,"Sardar Patel Stadium, Motera",,,,2015-04-21,Kings XI Punjab,SE Marsh,,,K Srinath,2015,Ahmedabad,,18,Indian Premier League,male,Chinmay Sharma,AK Chaudhary,Kings XI Punjab,field,829741
,Sunrisers Hyderabad,,6,VA Kulkarni,RK Illingworth,,Dr. Y.S. Rajasekhara Reddy ACA-VDCA Cricket Stadium,,,D/L,2015-04-22,Kolkata Knight Riders,DA Warner,,16,K Bharatan,2015,Visakhapatnam,Sunrisers Hyderabad,19,Indian Premier League,male,M Nayyar,RM Deshpande,Kolkata Knight Riders,field,829743
,Royal Challengers Bangalore,,6,C Shamshuddin,JD Cloete,,M Chinnaswamy Stadium,,,,2015-04-22,Chennai Super Kings,SK Raina,,27,VK Sharma,2015,Bangalore,Chennai Super Kings,20,Indian Premier League,male,J Srinath,PG Pathak,Royal Challengers Bangalore,field,829745
,Delhi Daredevils,,6,CK Nandan,SD Fry,,Feroz Shah Kotla,,,,2015-04-23,Mumbai Indians,SS Iyer,,37,Nitin Menon,2015,Delhi,Delhi Daredevils,21,Indian Premier League,male,GF Labrooy,CB Gaffaney,Mumbai Indians,field,829747
,Rajasthan Royals,,6,S Ravi,M Erasmus,,"Sardar Patel Stadium, Motera",,,,2015-04-24,Royal Challengers Bangalore,MA Starc,9,,K Srinath,2015,Ahmedabad,Royal Challengers Bangalore,22,Indian Premier League,male,Chinmay Sharma,AK Chaudhary,Royal Challengers Bangalore,field,829749
,Mumbai Indians,,6,CB Gaffaney,HDPK Dharmasena,,Wankhede Stadium,,,,2015-04-25,Sunrisers Hyderabad,SL Malinga,,20,CK Nandan,2015,Mumbai,Mumbai Indians,23,Indian Premier League,male,RS Mahanama,SD Fry,Mumbai Indians,bat,829751
,Chennai Super Kings,,6,C Shamshuddin,JD Cloete,,"MA Chidambaram Stadium, Chepauk",,,,2015-04-25,Kings XI Punjab,BB McCullum,,97,VK Sharma,2015,Chennai,Chennai Super Kings,24,Indian Premier League,male,J Srinath,PG Pathak,Chennai Super Kings,bat,829753
,Delhi Daredevils,,6,S Ravi,M Erasmus,,Feroz Shah Kotla,,,,2015-04-26,Royal Challengers Bangalore,VR Aaron,10,,K Srinath,2015,Delhi,Royal Challengers Bangalore,26,Indian Premier League,male,GF Labrooy,AK Chaudhary,Royal Challengers Bangalore,field,829757
,Kings XI Punjab,,6,CB Gaffaney,HDPK Dharmasena,,"Punjab Cricket Association Stadium, Mohali",,,,2015-04-27,Sunrisers Hyderabad,TA Boult,,20,CK Nandan,2015,Chandigarh,Sunrisers Hyderabad,27,Indian Premier League,male,RS Mahanama,SD Fry,Kings XI Punjab,field,829759
,Chennai Super Kings,,6,VA Kulkarni,RM Deshpande,,"MA Chidambaram Stadium, Chepauk",,,,2015-04-28,Kolkata Knight Riders,DJ Bravo,,2,K Bharatan,2015,Chennai,Chennai Super Kings,28,Indian Premier League,male,J Srinath,RK Illingworth,Kolkata Knight Riders,field,829765
,Royal Challengers Bangalore,,6,PG Pathak,JD Cloete,no result,M Chinnaswamy Stadium,,,,2015-04-29,Rajasthan Royals,,,,VK Sharma,2015,Bangalore,,29,Indian Premier League,male,RS Madugalle,C Shamshuddin,Rajasthan Royals,field,829763
,Kolkata Knight Riders,,6,M Erasmus,AK Chaudhary,,Eden Gardens,,,,2015-04-30,Chennai Super Kings,AD Russell,7,,A Nand Kishore,2015,Kolkata,Kolkata Knight Riders,30,Indian Premier League,male,RR Jadeja,RM Deshpande,Kolkata Knight Riders,field,829723
,Delhi Daredevils,,6,S Ravi,RK Illingworth,,Feroz Shah Kotla,,,,2015-05-01,Kings XI Punjab,NM Coulter-Nile,9,,K Bharatan,2015,Delhi,Delhi Daredevils,31,Indian Premier League,male,RS Madugalle,VA Kulkarni,Delhi Daredevils,field,829767
,Mumbai Indians,,6,CK Nandan,HDPK Dharmasena,,Wankhede Stadium,,,,2015-05-01,Rajasthan Royals,AT Rayudu,,8,Nitin Menon,2015,Mumbai,Mumbai Indians,32,Indian Premier League,male,RS Mahanama,CB Gaffaney,Rajasthan Royals,field,829769
,Royal Challengers Bangalore,,6,PG Pathak,JD Cloete,,M Chinnaswamy Stadium,,,,2015-05-02,Kolkata Knight Riders,Mandeep Singh,7,,VK Sharma,2015,Bangalore,Royal Challengers Bangalore,33,Indian Premier League,male,J Srinath,C Shamshuddin,Royal Challengers Bangalore,field,829771
,Sunrisers Hyderabad,,6,K Srinivasan,AK Chaudhary,,"Rajiv Gandhi International Stadium, Uppal",,,,2015-05-02,Chennai Super Kings,DA Warner,,22,A Nand Kishore,2015,Hyderabad,Sunrisers Hyderabad,34,Indian Premier League,male,RR Jadeja,M Erasmus,Chennai Super Kings,field,829773
,Kings XI Punjab,,6,VA Kulkarni,RK Illingworth,,"Punjab Cricket Association Stadium, Mohali",,,,2015-05-03,Mumbai Indians,LMP Simmons,,23,RM Deshpande,2015,Chandigarh,Mumbai Indians,35,Indian Premier League,male,RS Madugalle,S Ravi,Mumbai Indians,bat,829775
,Rajasthan Royals,,6,CB Gaffaney,HDPK Dharmasena,,Brabourne Stadium,,,,2015-05-03,Delhi Daredevils,AM Rahane,,14,,2015,Mumbai,Rajasthan Royals,36,Indian Premier League,male,RS Mahanama,CK Nandan,Delhi Daredevils,field,829777
,Chennai Super Kings,,6,K Srinath,C Shamshuddin,,"MA Chidambaram Stadium, Chepauk",,,,2015-05-04,Royal Challengers Bangalore,SK Raina,,24,PG Pathak,2015,Chennai,Chennai Super Kings,37,Indian Premier League,male,J Srinath,JD Cloete,Chennai Super Kings,bat,829779
,Kolkata Knight Riders,,6,M Erasmus,AK Chaudhary,,Eden Gardens,,,,2015-05-04,Sunrisers Hyderabad,UT Yadav,,35,A Nand Kishore,2015,Kolkata,Kolkata Knight Riders,38,Indian Premier League,male,RR Jadeja,K Srinivasan,Sunrisers Hyderabad,field,829781
,Mumbai Indians,,6,CB Gaffaney,HDPK Dharmasena,,Wankhede Stadium,,,,2015-05-05,Delhi Daredevils,Harbhajan Singh,5,,Nitin Menon,2015,Mumbai,Mumbai Indians,39,Indian Premier League,male,RS Mahanama,CK Nandan,Delhi Daredevils,bat,829783
,Royal Challengers Bangalore,,6,VA Kulkarni,RK Illingworth,,M Chinnaswamy Stadium,,,,2015-05-06,Kings XI Punjab,CH Gayle,,138,RM Deshpande,2015,Bangalore,Royal Challengers Bangalore,40,Indian Premier League,male,RS Madugalle,S Ravi,Kings XI Punjab,field,829785
,Kolkata Knight Riders,,6,M Erasmus,AK Chaudhary,,Eden Gardens,,,,2015-05-07,Delhi Daredevils,PP Chawla,,13,A Nand Kishore,2015,Kolkata,Kolkata Knight Riders,42,Indian Premier League,male,RS Mahanama,K Srinivasan,Kolkata Knight Riders,bat,829761
,Rajasthan Royals,,6,C Shamshuddin,JD Cloete,,Brabourne Stadium,,,,2015-05-07,Sunrisers Hyderabad,EJG Morgan,,7,PG Pathak,2015,Mumbai,Sunrisers Hyderabad,41,Indian Premier League,male,J Srinath,HDPK Dharmasena,Rajasthan Royals,field,829787
,Chennai Super Kings,,6,CK Nandan,CB Gaffaney,,"MA Chidambaram Stadium, Chepauk",,,,2015-05-08,Mumbai Indians,HH Pandya,6,,Nitin Menon,2015,Chennai,Mumbai Indians,43,Indian Premier League,male,RR Jadeja,K Srinath,Chennai Super Kings,bat,829789
,Kolkata Knight Riders,,6,HDPK Dharmasena,AK Chaudhary,,Eden Gardens,,,,2015-05-09,Kings XI Punjab,AD Russell,1,,A Nand Kishore,2015,Kolkata,Kolkata Knight Riders,44,Indian Premier League,male,RS Mahanama,K Srinivasan,Kings XI Punjab,bat,829791
,Delhi Daredevils,,6,S Ravi,VA Kulkarni,,Shaheed Veer Narayan Singh International Stadium,,,,2015-05-09,Sunrisers Hyderabad,MC Henriques,,6,RM Deshpande,2015,Raipur,Sunrisers Hyderabad,45,Indian Premier League,male,RS Madugalle,RK Illingworth,Sunrisers Hyderabad,bat,829793
,Chennai Super Kings,,6,CK Nandan,M Erasmus,,"MA Chidambaram Stadium, Chepauk",,,,2015-05-10,Rajasthan Royals,RA Jadeja,,12,Nitin Menon,2015,Chennai,Chennai Super Kings,47,Indian Premier League,male,RR Jadeja,CB Gaffaney,Chennai Super Kings,bat,829797
,Mumbai Indians,,6,C Shamshuddin,JD Cloete,,Wankhede Stadium,,,,2015-05-10,Royal Challengers Bangalore,AB de Villiers,,39,PG Pathak,2015,Mumbai,Royal Challengers Bangalore,46,Indian Premier League,male,J Srinath,K Srinath,Royal Challengers Bangalore,bat,829795
,Sunrisers Hyderabad,,6,HDPK Dharmasena,AK Chaudhary,,"Rajiv Gandhi International Stadium, Uppal",,,,2015-05-11,Kings XI Punjab,DA Warner,,5,A Nand Kishore,2015,Hyderabad,Sunrisers Hyderabad,48,Indian Premier League,male,RS Mahanama,K Srinivasan,Sunrisers Hyderabad,bat,829799
,Delhi Daredevils,,6,VA Kulkarni,RK Illingworth,,Shaheed Veer Narayan Singh International Stadium,,,,2015-05-12,Chennai Super Kings,Z Khan,6,,RM Deshpande,2015,Raipur,Delhi Daredevils,49,Indian Premier League,male,RS Madugalle,S Ravi,Chennai Super Kings,bat,829801
,Kings XI Punjab,,6,C Shamshuddin,JD Cloete,,"Punjab Cricket Association Stadium, Mohali",,,,2015-05-13,Royal Challengers Bangalore,AR Patel,,22,PG Pathak,2015,Chandigarh,Kings XI Punjab,50,Indian Premier League,male,J Srinath,CK Nandan,Royal Challengers Bangalore,field,829803
,Mumbai Indians,,6,VA Kulkarni,RK Illingworth,,Wankhede Stadium,,,,2015-05-14,Kolkata Knight Riders,HH Pandya,,5,AY Dandekar,2015,Mumbai,Mumbai Indians,51,Indian Premier League,male,RR Jadeja,RM Deshpande,Kolkata Knight Riders,field,829805
,Sunrisers Hyderabad,,6,HDPK Dharmasena,AK Chaudhary,,"Rajiv Gandhi International Stadium, Uppal",,,D/L,2015-05-15,Royal Challengers Bangalore,V Kohli,6,,A Nand Kishore,2015,Hyderabad,Royal Challengers Bangalore,52,Indian Premier League,male,RS Mahanama,K Srinath,Sunrisers Hyderabad,bat,829807
,Kings XI Punjab,,6,C Shamshuddin,CK Nandan,,"Punjab Cricket Association Stadium, Mohali",,,,2015-05-16,Chennai Super Kings,P Negi,7,,VK Sharma,2015,Chandigarh,Chennai Super Kings,53,Indian Premier League,male,J Srinath,JD Cloete,Kings XI Punjab,bat,829809
,Rajasthan Royals,,6,RK Illingworth,RM Deshpande,,Brabourne Stadium,,,,2015-05-16,Kolkata Knight Riders,SR Watson,,9,AY Dandekar,2015,Mumbai,Rajasthan Royals,54,Indian Premier League,male,RR Jadeja,VA Kulkarni,Rajasthan Royals,bat,829811
,Royal Challengers Bangalore,,6,K Srinivasan,HDPK Dharmasena,no result,M Chinnaswamy Stadium,,,,2015-05-17,Delhi Daredevils,,,,Nitin Menon,2015,Bangalore,,55,Indian Premier League,male,RS Madugalle,PG Pathak,Royal Challengers Bangalore,field,829813
,Sunrisers Hyderabad,,6,K Srinath,CB Gaffaney,,"Rajiv Gandhi International Stadium, Uppal",,,,2015-05-17,Mumbai Indians,MJ McClenaghan,9,,A Nand Kishore,2015,Hyderabad,Mumbai Indians,56,Indian Premier League,male,RS Mahanama,AK Chaudhary,Sunrisers Hyderabad,bat,829815
,Chennai Super Kings,,6,RK Illingworth,HDPK Dharmasena,,Wankhede Stadium,,,,2015-05-19,Mumbai Indians,KA Pollard,,25,CK Nandan,2015,Mumbai,Mumbai Indians,,Indian Premier League,male,RS Madugalle,VA Kulkarni,Mumbai Indians,bat,829817
,Royal Challengers Bangalore,,6,C Shamshuddin,AK Chaudhary,,Maharashtra Cricket Association Stadium,,,,2015-05-20,Rajasthan Royals,AB de Villiers,,71,K Srinath,2015,Pune,Royal Challengers Bangalore,,Indian Premier League,male,RS Mahanama,CB Gaffaney,Royal Challengers Bangalore,bat,829819
,Chennai Super Kings,,6,CB Gaffaney,AK Chaudhary,,JSCA International Stadium Complex,,,,2015-05-22,Royal Challengers Bangalore,A Nehra,3,,K Srinath,2015,Ranchi,Chennai Super Kings,,Indian Premier League,male,RS Mahanama,C Shamshuddin,Chennai Super Kings,field,829821
,Mumbai Indians,,6,RK Illingworth,HDPK Dharmasena,,Eden Gardens,,,,2015-05-24,Chennai Super Kings,RG Sharma,,41,CK Nandan,2015,Kolkata,Mumbai Indians,,Indian Premier League,male,RS Madugalle,VA Kulkarni,Chennai Super Kings,field,829823
,Mumbai Indians,,6,CK Nandan,HDPK Dharmasena,,Wankhede Stadium,,,,2016-04-09,Rising Pune Supergiants,AM Rahane,9,,VK Sharma,2016,Mumbai,Rising Pune Supergiants,1,Indian Premier League,male,J Srinath,VA Kulkarni,Mumbai Indians,bat,980901
,Kolkata Knight Riders,,6,C Shamshuddin,S Ravi,,Eden Gardens,,,,2016-04-10,Delhi Daredevils,AD Russell,9,,A Deshmukh,2016,Kolkata,Kolkata Knight Riders,2,Indian Premier League,male,M Nayyar,Nitin Menon,Kolkata Knight Riders,field,980903
,Kings XI Punjab,,6,VA Kulkarni,AK Chaudhary,,"Punjab Cricket Association IS Bindra Stadium, Mohali",,,,2016-04-11,Gujarat Lions,AJ Finch,5,,K Bharatan,2016,Chandigarh,Gujarat Lions,3,Indian Premier League,male,Chinmay Sharma,A Nand Kishore,Gujarat Lions,field,980905
,Royal Challengers Bangalore,,6,VK Sharma,HDPK Dharmasena,,M Chinnaswamy Stadium,,,,2016-04-12,Sunrisers Hyderabad,AB de Villiers,,45,YC Barde,2016,Bangalore,Royal Challengers Bangalore,4,Indian Premier League,male,J Srinath,KN Ananthapadmanabhan,Sunrisers Hyderabad,field,980907
,Kolkata Knight Riders,,6,S Ravi,Nitin Menon,,Eden Gardens,,,,2016-04-13,Mumbai Indians,RG Sharma,6,,Navdeep Singh,2016,Kolkata,Mumbai Indians,5,Indian Premier League,male,M Nayyar,C Shamshuddin,Mumbai Indians,field,980909
,Gujarat Lions,,6,CK Nandan,VA Kulkarni,,Saurashtra Cricket Association Stadium,,,,2016-04-14,Rising Pune Supergiants,AJ Finch,7,,K Bharatan,2016,Rajkot,Gujarat Lions,6,Indian Premier League,male,Chinmay Sharma,AY Dandekar,Rising Pune Supergiants,bat,980911
,Delhi Daredevils,,6,C Shamshuddin,S Ravi,,Feroz Shah Kotla,,,,2016-04-15,Kings XI Punjab,A Mishra,8,,Navdeep Singh,2016,Delhi,Delhi Daredevils,7,Indian Premier League,male,RS Mahanama,Nitin Menon,Delhi Daredevils,field,980913
,Mumbai Indians,,6,VK Sharma,HDPK Dharmasena,,Wankhede Stadium,,,,2016-04-16,Gujarat Lions,AJ Finch,3,,YC Barde,2016,Mumbai,Gujarat Lions,9,Indian Premier League,male,Chinmay Sharma,KN Ananthapadmanabhan,Gujarat Lions,field,980917
,Sunrisers Hyderabad,,6,CK Nandan,AK Chaudhary,,"Rajiv Gandhi International Stadium, Uppal",,,,2016-04-16,Kolkata Knight Riders,G Gambhir,8,,A Deshmukh,2016,Hyderabad,Kolkata Knight Riders,8,Indian Premier League,male,J Srinath,K Bharatan,Sunrisers Hyderabad,bat,980915
,Kings XI Punjab,,6,C Shamshuddin,S Ravi,,"Punjab Cricket Association IS Bindra Stadium, Mohali",,,,2016-04-17,Rising Pune Supergiants,M Vohra,6,,Navdeep Singh,2016,Chandigarh,Kings XI Punjab,10,Indian Premier League,male,M Nayyar,Nitin Menon,Rising Pune Supergiants,bat,980919
,Royal Challengers Bangalore,,6,A Nand Kishore,VA Kulkarni,,M Chinnaswamy Stadium,,,,2016-04-17,Delhi Daredevils,Q de Kock,7,,R Pandit,2016,Bangalore,Delhi Daredevils,11,Indian Premier League,male,RS Mahanama,AY Dandekar,Delhi Daredevils,field,980921
,Sunrisers Hyderabad,,6,VK Sharma,HDPK Dharmasena,,"Rajiv Gandhi International Stadium, Uppal",,,,2016-04-18,Mumbai Indians,DA Warner,7,,A Deshmukh,2016,Hyderabad,Sunrisers Hyderabad,12,Indian Premier League,male,J Srinath,KN Ananthapadmanabhan,Sunrisers Hyderabad,field,980923
,Kings XI Punjab,,6,C Shamshuddin,S Ravi,,"Punjab Cricket Association IS Bindra Stadium, Mohali",,,,2016-04-19,Kolkata Knight Riders,RV Uthappa,6,,YC Barde,2016,Chandigarh,Kolkata Knight Riders,13,Indian Premier League,male,M Nayyar,Nitin Menon,Kolkata Knight Riders,field,980925
,Mumbai Indians,,6,CK Nandan,AK Chaudhary,,Wankhede Stadium,,,,2016-04-20,Royal Challengers Bangalore,RG Sharma,6,,R Pandit,2016,Mumbai,Mumbai Indians,14,Indian Premier League,male,RS Mahanama,A Nand Kishore,Mumbai Indians,field,980927
,Gujarat Lions,,6,HDPK Dharmasena,K Bharatan,,Saurashtra Cricket Association Stadium,,,,2016-04-21,Sunrisers Hyderabad,B Kumar,10,,A Deshmukh,2016,Rajkot,Sunrisers Hyderabad,15,Indian Premier League,male,S Chaturvedi,AY Dandekar,Sunrisers Hyderabad,field,980929
,Rising Pune Supergiants,,6,VK Sharma,CB Gaffaney,,Maharashtra Cricket Association Stadium,,,,2016-04-22,Royal Challengers Bangalore,AB de Villiers,,13,YC Barde,2016,Pune,Royal Challengers Bangalore,16,Indian Premier League,male,Chinmay Sharma,KN Ananthapadmanabhan,Rising Pune Supergiants,field,980931
,Delhi Daredevils,,6,C Shamshuddin,S Ravi,,Feroz Shah Kotla,,,,2016-04-23,Mumbai Indians,SV Samson,,10,Navdeep Singh,2016,Delhi,Delhi Daredevils,17,Indian Premier League,male,M Nayyar,Nitin Menon,Mumbai Indians,field,980933
,Sunrisers Hyderabad,,6,CK Nandan,AK Chaudhary,,"Rajiv Gandhi International Stadium, Uppal",,,,2016-04-23,Kings XI Punjab,Mustafizur Rahman,5,,R Pandit,2016,Hyderabad,Sunrisers Hyderabad,18,Indian Premier League,male,RS Mahanama,AY Dandekar,Sunrisers Hyderabad,field,980935
,Rising Pune Supergiants,,6,A Nand Kishore,CB Gaffaney,,Maharashtra Cricket Association Stadium,,,,2016-04-24,Kolkata Knight Riders,SA Yadav,2,,YC Barde,2016,Pune,Kolkata Knight Riders,20,Indian Premier League,male,Chinmay Sharma,VK Sharma,Kolkata Knight Riders,field,980939
,Gujarat Lions,,6,BNJ Oxenford,K Bharatan,,Saurashtra Cricket Association Stadium,,,,2016-04-24,Royal Challengers Bangalore,V Kohli,6,,A Deshmukh,2016,Rajkot,Gujarat Lions,19,Indian Premier League,male,S Chaturvedi,KN Ananthapadmanabhan,Royal Challengers Bangalore,bat,980937
,Kings XI Punjab,,6,RJ Tucker,Nitin Menon,,"Punjab Cricket Association IS Bindra Stadium, Mohali",,,,2016-04-25,Mumbai Indians,PA Patel,,25,Navdeep Singh,2016,Chandigarh,Mumbai Indians,21,Indian Premier League,male,RS Madugalle,C Shamshuddin,Kings XI Punjab,field,980941
,Sunrisers Hyderabad,,6,CK Nandan,AY Dandekar,,"Rajiv Gandhi International Stadium, Uppal",,,D/L,2016-04-26,Rising Pune Supergiants,AB Dinda,,34,YC Barde,2016,Hyderabad,Rising Pune Supergiants,22,Indian Premier League,male,Amit Sharma,HDPK Dharmasena,Rising Pune Supergiants,field,980943
,Delhi Daredevils,,6,S Ravi,M Erasmus,,Feroz Shah Kotla,,,,2016-04-27,Gujarat Lions,CH Morris,,1,A Deshmukh,2016,Delhi,Gujarat Lions,23,Indian Premier League,male,J Srinath,AK Chaudhary,Delhi Daredevils,field,980945
,Mumbai Indians,,6,RJ Tucker,Nitin Menon,,Wankhede Stadium,,,,2016-04-28,Kolkata Knight Riders,RG Sharma,6,,Navdeep Singh,2016,Mumbai,Mumbai Indians,24,Indian Premier League,male,RS Madugalle,C Shamshuddin,Mumbai Indians,field,980947
,Rising Pune Supergiants,,6,BNJ Oxenford,CB Gaffaney,,Maharashtra Cricket Association Stadium,,,,2016-04-29,Gujarat Lions,DR Smith,3,,VK Sharma,2016,Pune,Gujarat Lions,25,Indian Premier League,male,Chinmay Sharma,A Nand Kishore,Gujarat Lions,field,980949
,Delhi Daredevils,,6,M Erasmus,KN Ananthapadmanabhan,,Feroz Shah Kotla,,,,2016-04-30,Kolkata Knight Riders,CR Brathwaite,,27,A Deshmukh,2016,Delhi,Delhi Daredevils,26,Indian Premier League,male,J Srinath,S Ravi,Kolkata Knight Riders,field,980951
,Sunrisers Hyderabad,,6,HDPK Dharmasena,AK Chaudhary,,"Rajiv Gandhi International Stadium, Uppal",,,,2016-04-30,Royal Challengers Bangalore,DA Warner,,15,R Pandit,2016,Hyderabad,Sunrisers Hyderabad,27,Indian Premier League,male,RS Mahanama,CK Nandan,Royal Challengers Bangalore,field,980953
,Gujarat Lions,,6,VK Sharma,BNJ Oxenford,,Saurashtra Cricket Association Stadium,,,,2016-05-01,Kings XI Punjab,AR Patel,,23,YC Barde,2016,Rajkot,Kings XI Punjab,28,Indian Premier League,male,M Nayyar,CB Gaffaney,Gujarat Lions,field,980955
,Rising Pune Supergiants,,6,RJ Tucker,AY Dandekar,,Maharashtra Cricket Association Stadium,,,,2016-05-01,Mumbai Indians,RG Sharma,8,,Navdeep Singh,2016,Pune,Mumbai Indians,29,Indian Premier League,male,RS Madugalle,Nitin Menon,Mumbai Indians,field,980957
,Royal Challengers Bangalore,,6,S Ravi,M Erasmus,,M Chinnaswamy Stadium,,,,2016-05-02,Kolkata Knight Riders,AD Russell,5,,A Deshmukh,2016,Bangalore,Kolkata Knight Riders,30,Indian Premier League,male,J Srinath,K Bharatan,Kolkata Knight Riders,field,980959
,Gujarat Lions,,6,BNJ Oxenford,CB Gaffaney,,Saurashtra Cricket Association Stadium,,,,2016-05-03,Delhi Daredevils,RR Pant,8,,YC Barde,2016,Rajkot,Delhi Daredevils,31,Indian Premier League,male,M Nayyar,A Nand Kishore,Delhi Daredevils,field,980961
,Kolkata Knight Riders,,6,HDPK Dharmasena,AK Chaudhary,,Eden Gardens,,,,2016-05-04,Kings XI Punjab,AD Russell,,7,R Pandit,2016,Kolkata,Kolkata Knight Riders,32,Indian Premier League,male,Amit Sharma,CK Nandan,Kings XI Punjab,field,980963
,Delhi Daredevils,,6,RJ Tucker,C Shamshuddin,,Feroz Shah Kotla,,,,2016-05-05,Rising Pune Supergiants,AM Rahane,7,,Navdeep Singh,2016,Delhi,Rising Pune Supergiants,33,Indian Premier League,male,RS Madugalle,AY Dandekar,Rising Pune Supergiants,field,980965
,Sunrisers Hyderabad,,6,S Ravi,M Erasmus,,"Rajiv Gandhi International Stadium, Uppal",,,,2016-05-06,Gujarat Lions,B Kumar,5,,A Deshmukh,2016,Hyderabad,Sunrisers Hyderabad,34,Indian Premier League,male,J Srinath,KN Ananthapadmanabhan,Sunrisers Hyderabad,field,980967
,Kings XI Punjab,,6,CK Nandan,HDPK Dharmasena,,"Punjab Cricket Association IS Bindra Stadium, Mohali",,,,2016-05-07,Delhi Daredevils,MP Stoinis,,9,R Pandit,2016,Chandigarh,Kings XI Punjab,36,Indian Premier League,male,RS Mahanama,AK Chaudhary,Delhi Daredevils,field,980971
,Royal Challengers Bangalore,,6,BNJ Oxenford,CB Gaffaney,,M Chinnaswamy Stadium,,,,2016-05-07,Rising Pune Supergiants,V Kohli,7,,YC Barde,2016,Bangalore,Royal Challengers Bangalore,35,Indian Premier League,male,Chinmay Sharma,A Nand Kishore,Royal Challengers Bangalore,field,980969
,Mumbai Indians,,6,C Shamshuddin,S Ravi,,Dr. Y.S. Rajasekhara Reddy ACA-VDCA Cricket Stadium,,,,2016-05-08,Sunrisers Hyderabad,A Nehra,,85,Navdeep Singh,2016,Visakhapatnam,Sunrisers Hyderabad,37,Indian Premier League,male,RS Madugalle,Nitin Menon,Mumbai Indians,field,980973
,Kolkata Knight Riders,,6,RJ Tucker,M Erasmus,,Eden Gardens,,,,2016-05-08,Gujarat Lions,P Kumar,5,,KN Ananthapadmanabhan,2016,Kolkata,Gujarat Lions,38,Indian Premier League,male,J Srinath,K Bharatan,Gujarat Lions,field,980975
,Kings XI Punjab,,6,HDPK Dharmasena,AK Chaudhary,,"Punjab Cricket Association IS Bindra Stadium, Mohali",,,,2016-05-09,Royal Challengers Bangalore,SR Watson,,1,R Pandit,2016,Chandigarh,Royal Challengers Bangalore,39,Indian Premier League,male,Amit Sharma,CK Nandan,Kings XI Punjab,field,980977
,Rising Pune Supergiants,,6,VK Sharma,CB Gaffaney,,Dr. Y.S. Rajasekhara Reddy ACA-VDCA Cricket Stadium,,,,2016-05-10,Sunrisers Hyderabad,A Zampa,,4,YC Barde,2016,Visakhapatnam,Sunrisers Hyderabad,40,Indian Premier League,male,S Chaturvedi,BNJ Oxenford,Sunrisers Hyderabad,bat,980979
,Royal Challengers Bangalore,,6,C Shamshuddin,AY Dandekar,,M Chinnaswamy Stadium,,,,2016-05-11,Mumbai Indians,KH Pandya,6,,Navdeep Singh,2016,Bangalore,Mumbai Indians,41,Indian Premier League,male,RS Madugalle,RJ Tucker,Mumbai Indians,field,980981
,Sunrisers Hyderabad,,6,M Erasmus,K Bharatan,,"Rajiv Gandhi International Stadium, Uppal",,,,2016-05-12,Delhi Daredevils,CH Morris,7,,A Deshmukh,2016,Hyderabad,Delhi Daredevils,42,Indian Premier League,male,J Srinath,KN Ananthapadmanabhan,Delhi Daredevils,field,980983
,Mumbai Indians,,6,CK Nandan,HDPK Dharmasena,,Dr. Y.S. Rajasekhara Reddy ACA-VDCA Cricket Stadium,,,,2016-05-13,Kings XI Punjab,MP Stoinis,7,,R Pandit,2016,Visakhapatnam,Kings XI Punjab,43,Indian Premier League,male,RS Mahanama,AK Chaudhary,Mumbai Indians,bat,980985
,Royal Challengers Bangalore,,6,VK Sharma,AY Dandekar,,M Chinnaswamy Stadium,,,,2016-05-14,Gujarat Lions,AB de Villiers,,144,Navdeep Singh,2016,Bangalore,Royal Challengers Bangalore,44,Indian Premier League,male,RS Madugalle,C Shamshuddin,Gujarat Lions,field,980987
,Kolkata Knight Riders,,6,BNJ Oxenford,A Nand Kishore,,Eden Gardens,,,D/L,2016-05-14,Rising Pune Supergiants,YK Pathan,8,,YC Barde,2016,Kolkata,Kolkata Knight Riders,45,Indian Premier League,male,Chinmay Sharma,CB Gaffaney,Rising Pune Supergiants,bat,980989
,Mumbai Indians,,6,CK Nandan,Nitin Menon,,Dr. Y.S. Rajasekhara Reddy ACA-VDCA Cricket Stadium,,,,2016-05-15,Delhi Daredevils,KH Pandya,,80,R Pandit,2016,Visakhapatnam,Mumbai Indians,47,Indian Premier League,male,Amit Sharma,AK Chaudhary,Delhi Daredevils,field,980993
,Kings XI Punjab,,6,M Erasmus,KN Ananthapadmanabhan,,"Punjab Cricket Association IS Bindra Stadium, Mohali",,,,2016-05-15,Sunrisers Hyderabad,HM Amla,7,,A Deshmukh,2016,Chandigarh,Sunrisers Hyderabad,46,Indian Premier League,male,M Nayyar,K Bharatan,Kings XI Punjab,bat,980991
,Kolkata Knight Riders,,6,A Nand Kishore,CB Gaffaney,,Eden Gardens,,,,2016-05-16,Royal Challengers Bangalore,V Kohli,9,,YC Barde,2016,Kolkata,Royal Challengers Bangalore,48,Indian Premier League,male,Chinmay Sharma,BNJ Oxenford,Royal Challengers Bangalore,field,980995
,Rising Pune Supergiants,,6,C Shamshuddin,Nitin Menon,,Dr. Y.S. Rajasekhara Reddy ACA-VDCA Cricket Stadium,,,D/L,2016-05-17,Delhi Daredevils,AB Dinda,,19,Navdeep Singh,2016,Visakhapatnam,Rising Pune Supergiants,49,Indian Premier League,male,RS Mahanama,HDPK Dharmasena,Rising Pune Supergiants,field,980997
,Royal Challengers Bangalore,,6,M Erasmus,KN Ananthapadmanabhan,,M Chinnaswamy Stadium,,,D/L,2016-05-18,Kings XI Punjab,V Kohli,,82,A Deshmukh,2016,Bangalore,Royal Challengers Bangalore,50,Indian Premier League,male,M Nayyar,K Bharatan,Kings XI Punjab,field,980999
,Gujarat Lions,,6,CK Nandan,AK Chaudhary,,Green Park,,,,2016-05-19,Kolkata Knight Riders,DR Smith,6,,R Pandit,2016,Kanpur,Gujarat Lions,51,Indian Premier League,male,RS Mahanama,AY Dandekar,Gujarat Lions,field,981001
,Delhi Daredevils,,6,BNJ Oxenford,A Nand Kishore,,Shaheed Veer Narayan Singh International Stadium,,,,2016-05-20,Sunrisers Hyderabad,KK Nair,6,,YC Barde,2016,Raipur,Delhi Daredevils,52,Indian Premier League,male,S Chaturvedi,VK Sharma,Delhi Daredevils,field,981003
,Rising Pune Supergiants,,6,Nitin Menon,HDPK Dharmasena,,Dr. Y.S. Rajasekhara Reddy ACA-VDCA Cricket Stadium,,,,2016-05-21,Kings XI Punjab,MS Dhoni,4,,Navdeep Singh,2016,Visakhapatnam,Rising Pune Supergiants,53,Indian Premier League,male,RS Madugalle,C Shamshuddin,Kings XI Punjab,bat,981005
,Gujarat Lions,,6,CK Nandan,AK Chaudhary,,Green Park,,,,2016-05-21,Mumbai Indians,SK Raina,6,,R Pandit,2016,Kanpur,Gujarat Lions,54,Indian Premier League,male,RS Mahanama,AY Dandekar,Gujarat Lions,field,981007
,Kolkata Knight Riders,,6,M Erasmus,KN Ananthapadmanabhan,,Eden Gardens,,,,2016-05-22,Sunrisers Hyderabad,YK Pathan,,22,A Deshmukh,2016,Kolkata,Kolkata Knight Riders,55,Indian Premier League,male,J Srinath,K Bharatan,Sunrisers Hyderabad,field,981009
,Delhi Daredevils,,6,BNJ Oxenford,A Nand Kishore,,Shaheed Veer Narayan Singh International Stadium,,,,2016-05-22,Royal Challengers Bangalore,V Kohli,6,,YC Barde,2016,Raipur,Royal Challengers Bangalore,56,Indian Premier League,male,Chinmay Sharma,VK Sharma,Royal Challengers Bangalore,field,981011
,Gujarat Lions,,6,HDPK Dharmasena,AK Chaudhary,,M Chinnaswamy Stadium,,,,2016-05-24,Royal Challengers Bangalore,AB de Villiers,4,,A Deshmukh,2016,Bangalore,Royal Challengers Bangalore,,Indian Premier League,male,RS Mahanama,BNJ Oxenford,Royal Challengers Bangalore,field,981013
,Sunrisers Hyderabad,,6,C Shamshuddin,M Erasmus,,Feroz Shah Kotla,,,,2016-05-25,Kolkata Knight Riders,MC Henriques,,22,Navdeep Singh,2016,Delhi,Sunrisers Hyderabad,,Indian Premier League,male,RS Mahanama,CK Nandan,Kolkata Knight Riders,field,981015
,Gujarat Lions,,6,CK Nandan,M Erasmus,,Feroz Shah Kotla,,,,2016-05-27,Sunrisers Hyderabad,DA Warner,4,,Navdeep Singh,2016,Delhi,Sunrisers Hyderabad,,Indian Premier League,male,RS Mahanama,C Shamshuddin,Sunrisers Hyderabad,field,981017
,Royal Challengers Bangalore,,6,BNJ Oxenford,HDPK Dharmasena,,M Chinnaswamy Stadium,,,,2016-05-29,Sunrisers Hyderabad,BCJ Cutting,,8,A Deshmukh,2016,Bangalore,Sunrisers Hyderabad,,Indian Premier League,male,RS Madugalle,AK Chaudhary,Sunrisers Hyderabad,bat,981019
,Sunrisers Hyderabad,,6,NJ Llong,AY Dandekar,,"Rajiv Gandhi International Stadium, Uppal",,,,2017-04-05,Royal Challengers Bangalore,Yuvraj Singh,,35,N Pandit,2017,Hyderabad,Sunrisers Hyderabad,1,Indian Premier League,male,J Srinath,A Deshmukh,Royal Challengers Bangalore,field,1082591
,Rising Pune Supergiant,,6,S Ravi,A Nand Kishore,,Maharashtra Cricket Association Stadium,,,,2017-04-06,Mumbai Indians,SPD Smith,7,,Navdeep Singh,2017,Pune,Rising Pune Supergiant,2,Indian Premier League,male,M Nayyar,VK Sharma,Rising Pune Supergiant,field,1082592
,Gujarat Lions,,6,CK Nandan,Nitin Menon,,Saurashtra Cricket Association Stadium,,,,2017-04-07,Kolkata Knight Riders,CA Lynn,10,,K Srinivasan,2017,Rajkot,Kolkata Knight Riders,3,Indian Premier League,male,V Narayan Kutty,YC Barde,Kolkata Knight Riders,field,1082593
,Kings XI Punjab,,6,C Shamshuddin,AK Chaudhary,,Holkar Cricket Stadium,,,,2017-04-08,Rising Pune Supergiant,GJ Maxwell,6,,R Pandit,2017,Indore,Kings XI Punjab,4,Indian Premier League,male,Chinmay Sharma,KN Ananthapadmanabhan,Kings XI Punjab,field,1082594
,Royal Challengers Bangalore,,6,VK Sharma,S Ravi,,M.Chinnaswamy Stadium,,,,2017-04-08,Delhi Daredevils,KM Jadhav,,15,Navdeep Singh,2017,Bengaluru,Royal Challengers Bangalore,5,Indian Premier League,male,J Srinath,A Nand Kishore,Royal Challengers Bangalore,bat,1082595
,Sunrisers Hyderabad,,6,NJ Llong,A Deshmukh,,"Rajiv Gandhi International Stadium, Uppal",,,,2017-04-09,Gujarat Lions,Rashid Khan,9,,N Pandit,2017,Hyderabad,Sunrisers Hyderabad,6,Indian Premier League,male,M Nayyar,AY Dandekar,Sunrisers Hyderabad,field,1082596
,Mumbai Indians,,6,CK Nandan,Nitin Menon,,Wankhede Stadium,,,,2017-04-09,Kolkata Knight Riders,N Rana,4,,K Srinivasan,2017,Mumbai,Mumbai Indians,7,Indian Premier League,male,S Chaturvedi,YC Barde,Mumbai Indians,field,1082597
,Kings XI Punjab,,6,C Shamshuddin,AK Chaudhary,,Holkar Cricket Stadium,,,,2017-04-10,Royal Challengers Bangalore,AR Patel,8,,R Pandit,2017,Indore,Kings XI Punjab,8,Indian Premier League,male,Chinmay Sharma,KN Ananthapadmanabhan,Royal Challengers Bangalore,bat,1082598
,Rising Pune Supergiant,,6,S Ravi,AY Dandekar,,Maharashtra Cricket Association Stadium,,,,2017-04-11,Delhi Daredevils,SV Samson,,97,Navdeep Singh,2017,Pune,Delhi Daredevils,9,Indian Premier League,male,J Srinath,A Nand Kishore,Rising Pune Supergiant,field,1082599
,Mumbai Indians,,6,CK Nandan,Nitin Menon,,Wankhede Stadium,,,,2017-04-12,Sunrisers Hyderabad,JJ Bumrah,4,,K Srinivasan,2017,Mumbai,Mumbai Indians,10,Indian Premier League,male,M Nayyar,YC Barde,Mumbai Indians,field,1082600
,Kolkata Knight Riders,,6,NJ Llong,A Deshmukh,,Eden Gardens,,,,2017-04-13,Kings XI Punjab,SP Narine,8,,N Pandit,2017,Kolkata,Kolkata Knight Riders,11,Indian Premier League,male,AJ Pycroft,AY Dandekar,Kolkata Knight Riders,field,1082601
,Royal Challengers Bangalore,,6,AK Chaudhary,KN Ananthapadmanabhan,,M Chinnaswamy Stadium,,,,2017-04-14,Mumbai Indians,KA Pollard,4,,R Pandit,2017,Bangalore,Mumbai Indians,12,Indian Premier League,male,Chinmay Sharma,C Shamshuddin,Mumbai Indians,field,1082602
,Gujarat Lions,,6,S Ravi,A Nand Kishore,,Saurashtra Cricket Association Stadium,,,,2017-04-14,Rising Pune Supergiant,AJ Tye,7,,Navdeep Singh,2017,Rajkot,Gujarat Lions,13,Indian Premier League,male,J Srinath,VK Sharma,Gujarat Lions,field,1082603
,Delhi Daredevils,,6,Nitin Menon,YC Barde,,Feroz Shah Kotla,,,,2017-04-15,Kings XI Punjab,CJ Anderson,,51,K Srinivasan,2017,Delhi,Delhi Daredevils,15,Indian Premier League,male,S Chaturvedi,CK Nandan,Delhi Daredevils,bat,1082605
,Kolkata Knight Riders,,6,NJ Llong,AY Dandekar,,Eden Gardens,,,,2017-04-15,Sunrisers Hyderabad,RV Uthappa,,17,N Pandit,2017,Kolkata,Kolkata Knight Riders,14,Indian Premier League,male,AJ Pycroft,A Deshmukh,Sunrisers Hyderabad,field,1082604
,Mumbai Indians,,6,S Ravi,A Nand Kishore,,Wankhede Stadium,,,,2017-04-16,Gujarat Lions,N Rana,6,,Navdeep Singh,2017,Mumbai,Mumbai Indians,16,Indian Premier League,male,M Nayyar,VK Sharma,Mumbai Indians,field,1082606
,Royal Challengers Bangalore,,6,C Shamshuddin,KN Ananthapadmanabhan,,M Chinnaswamy Stadium,,,,2017-04-16,Rising Pune Supergiant,BA Stokes,,27,R Pandit,2017,Bangalore,Rising Pune Supergiant,17,Indian Premier League,male,Chinmay Sharma,AK Chaudhary,Royal Challengers Bangalore,field,1082607
,Delhi Daredevils,,6,CK Nandan,Nitin Menon,,Feroz Shah Kotla,,,,2017-04-17,Kolkata Knight Riders,NM Coulter-Nile,4,,K Srinivasan,2017,Delhi,Kolkata Knight Riders,18,Indian Premier League,male,S Chaturvedi,YC Barde,Delhi Daredevils,bat,1082608
,Sunrisers Hyderabad,,6,A Deshmukh,AY Dandekar,,"Rajiv Gandhi International Stadium, Uppal",,,,2017-04-17,Kings XI Punjab,B Kumar,,5,N Pandit,2017,Hyderabad,Sunrisers Hyderabad,19,Indian Premier League,male,AJ Pycroft,NJ Llong,Kings XI Punjab,field,1082609
,Gujarat Lions,,6,VK Sharma,S Ravi,,Saurashtra Cricket Association Stadium,,,,2017-04-18,Royal Challengers Bangalore,CH Gayle,,21,Navdeep Singh,2017,Rajkot,Royal Challengers Bangalore,20,Indian Premier League,male,J Srinath,A Nand Kishore,Gujarat Lions,field,1082610
,Sunrisers Hyderabad,,6,NJ Llong,CB Gaffaney,,"Rajiv Gandhi International Stadium, Uppal",,,,2017-04-19,Delhi Daredevils,KS Williamson,,15,N Pandit,2017,Hyderabad,Sunrisers Hyderabad,21,Indian Premier League,male,M Nayyar,AY Dandekar,Sunrisers Hyderabad,bat,1082611
,Kings XI Punjab,,6,C Shamshuddin,M Erasmus,,Holkar Cricket Stadium,,,,2017-04-20,Mumbai Indians,JC Buttler,8,,R Pandit,2017,Indore,Mumbai Indians,22,Indian Premier League,male,AJ Pycroft,AK Chaudhary,Mumbai Indians,field,1082612
,Kolkata Knight Riders,,6,Nitin Menon,CB Gaffaney,,Eden Gardens,,,,2017-04-21,Gujarat Lions,SK Raina,4,,K Srinivasan,2017,Kolkata,Gujarat Lions,23,Indian Premier League,male,V Narayan Kutty,CK Nandan,Gujarat Lions,field,1082613
,Mumbai Indians,,6,S Ravi,A Nand Kishore,,Wankhede Stadium,,,,2017-04-22,Delhi Daredevils,MJ McClenaghan,,14,Navdeep Singh,2017,Mumbai,Mumbai Indians,25,Indian Premier League,male,J Srinath,KN Ananthapadmanabhan,Delhi Daredevils,field,1082614
,Rising Pune Supergiant,,6,A Deshmukh,AY Dandekar,,Maharashtra Cricket Association Stadium,,,,2017-04-22,Sunrisers Hyderabad,MS Dhoni,6,,N Pandit,2017,Pune,Rising Pune Supergiant,24,Indian Premier League,male,M Nayyar,NJ Llong,Rising Pune Supergiant,field,1082615
,Gujarat Lions,,6,M Erasmus,AK Chaudhary,,Saurashtra Cricket Association Stadium,,,,2017-04-23,Kings XI Punjab,HM Amla,,26,R Pandit,2017,Rajkot,Kings XI Punjab,26,Indian Premier League,male,Chinmay Sharma,C Shamshuddin,Gujarat Lions,field,1082616
,Kolkata Knight Riders,,6,CK Nandan,CB Gaffaney,,Eden Gardens,,,,2017-04-23,Royal Challengers Bangalore,NM Coulter-Nile,,82,K Srinivasan,2017,Kolkata,Kolkata Knight Riders,27,Indian Premier League,male,V Narayan Kutty,Nitin Menon,Royal Challengers Bangalore,field,1082617
,Mumbai Indians,,6,S Ravi,A Nand Kishore,,Wankhede Stadium,,,,2017-04-24,Rising Pune Supergiant,BA Stokes,,3,Navdeep Singh,2017,Mumbai,Rising Pune Supergiant,28,Indian Premier League,male,J Srinath,KN Ananthapadmanabhan,Mumbai Indians,field,1082618
,Rising Pune Supergiant,,6,NJ Llong,AY Dandekar,,Maharashtra Cricket Association Stadium,,,,2017-04-26,Kolkata Knight Riders,RV Uthappa,7,,N Pandit,2017,Pune,Kolkata Knight Riders,30,Indian Premier League,male,AJ Pycroft,CB Gaffaney,Kolkata Knight Riders,field,1082620
,Royal Challengers Bangalore,,6,C Shamshuddin,AK Chaudhary,,M Chinnaswamy Stadium,,,,2017-04-27,Gujarat Lions,AJ Tye,7,,R Pandit,2017,Bangalore,Gujarat Lions,31,Indian Premier League,male,Chinmay Sharma,M Erasmus,Gujarat Lions,field,1082621
,Kings XI Punjab,,6,CK Nandan,Nitin Menon,,"Punjab Cricket Association IS Bindra Stadium, Mohali",,,,2017-04-28,Sunrisers Hyderabad,Rashid Khan,,26,K Srinivasan,2017,Chandigarh,Sunrisers Hyderabad,33,Indian Premier League,male,S Chaturvedi,YC Barde,Kings XI Punjab,field,1082623
,Kolkata Knight Riders,,6,S Ravi,NJ Llong,,Eden Gardens,,,,2017-04-28,Delhi Daredevils,G Gambhir,7,,Navdeep Singh,2017,Kolkata,Kolkata Knight Riders,32,Indian Premier League,male,AJ Pycroft,VK Sharma,Kolkata Knight Riders,field,1082622
,Rising Pune Supergiant,,6,M Erasmus,KN Ananthapadmanabhan,,Maharashtra Cricket Association Stadium,,,,2017-04-29,Royal Challengers Bangalore,LH Ferguson,,61,R Pandit,2017,Pune,Rising Pune Supergiant,34,Indian Premier League,male,Chinmay Sharma,C Shamshuddin,Royal Challengers Bangalore,field,1082624
Mumbai Indians,Gujarat Lions,,6,CB Gaffaney,AK Chaudhary,tie,Saurashtra Cricket Association Stadium,,,,2017-04-29,Mumbai Indians,KH Pandya,,,N Pandit,2017,Rajkot,,35,Indian Premier League,male,M Nayyar,A Nand Kishore,Gujarat Lions,bat,1082625
,Kings XI Punjab,,6,CK Nandan,YC Barde,,"Punjab Cricket Association IS Bindra Stadium, Mohali",,,,2017-04-30,Delhi Daredevils,Sandeep Sharma,10,,K Srinivasan,2017,Chandigarh,Kings XI Punjab,36,Indian Premier League,male,S Chaturvedi,Nitin Menon,Kings XI Punjab,field,1082626
,Sunrisers Hyderabad,,6,S Ravi,AY Dandekar,,"Rajiv Gandhi International Stadium, Uppal",,,,2017-04-30,Kolkata Knight Riders,DA Warner,,48,Navdeep Singh,2017,Hyderabad,Sunrisers Hyderabad,37,Indian Premier League,male,J Srinath,VK Sharma,Kolkata Knight Riders,field,1082627
,Mumbai Indians,,6,CB Gaffaney,AK Chaudhary,,Wankhede Stadium,,,,2017-05-01,Royal Challengers Bangalore,RG Sharma,5,,N Pandit,2017,Mumbai,Mumbai Indians,38,Indian Premier League,male,M Nayyar,A Deshmukh,Royal Challengers Bangalore,bat,1082628
,Rising Pune Supergiant,,6,C Shamshuddin,M Erasmus,,Maharashtra Cricket Association Stadium,,,,2017-05-01,Gujarat Lions,BA Stokes,5,,R Pandit,2017,Pune,Rising Pune Supergiant,39,Indian Premier League,male,Chinmay Sharma,KN Ananthapadmanabhan,Rising Pune Supergiant,field,1082629
,Delhi Daredevils,,6,Nitin Menon,YC Barde,,Feroz Shah Kotla,,,,2017-05-02,Sunrisers Hyderabad,Mohammed Shami,6,,K Srinivasan,2017,Delhi,Delhi Daredevils,40,Indian Premier League,male,AJ Pycroft,CK Nandan,Delhi Daredevils,field,1082630
,Kolkata Knight Riders,,6,A Nand Kishore,KN Ananthapadmanabhan,,Eden Gardens,,,,2017-05-03,Rising Pune Supergiant,RA Tripathi,4,,Navdeep Singh,2017,Kolkata,Rising Pune Supergiant,41,Indian Premier League,male,J Srinath,S Ravi,Rising Pune Supergiant,field,1082631
,Delhi Daredevils,,6,Nitin Menon,M Erasmus,,Feroz Shah Kotla,,,,2017-05-04,Gujarat Lions,RR Pant,7,,K Srinivasan,2017,Delhi,Delhi Daredevils,42,Indian Premier League,male,M Nayyar,CK Nandan,Delhi Daredevils,field,1082632
,Royal Challengers Bangalore,,6,C Shamshuddin,CB Gaffaney,,M Chinnaswamy Stadium,,,,2017-05-05,Kings XI Punjab,Sandeep Sharma,,19,N Pandit,2017,Bangalore,Kings XI Punjab,43,Indian Premier League,male,V Narayan Kutty,AY Dandekar,Royal Challengers Bangalore,field,1082633
,Sunrisers Hyderabad,,6,AK Chaudhary,KN Ananthapadmanabhan,,"Rajiv Gandhi International Stadium, Uppal",,,,2017-05-06,Rising Pune Supergiant,JD Unadkat,,12,R Pandit,2017,Hyderabad,Rising Pune Supergiant,44,Indian Premier League,male,Chinmay Sharma,M Erasmus,Sunrisers Hyderabad,field,1082634
,Delhi Daredevils,,6,CK Nandan,Nitin Menon,,Feroz Shah Kotla,,,,2017-05-06,Mumbai Indians,LMP Simmons,,146,K Srinivasan,2017,Delhi,Mumbai Indians,45,Indian Premier League,male,M Nayyar,YC Barde,Delhi Daredevils,field,1082635
,Kings XI Punjab,,6,VK Sharma,A Nand Kishore,,"Punjab Cricket Association IS Bindra Stadium, Mohali",,,,2017-05-07,Gujarat Lions,DR Smith,6,,Navdeep Singh,2017,Chandigarh,Gujarat Lions,47,Indian Premier League,male,J Srinath,S Ravi,Gujarat Lions,field,1082637
,Royal Challengers Bangalore,,6,C Shamshuddin,AY Dandekar,,M Chinnaswamy Stadium,,,,2017-05-07,Kolkata Knight Riders,SP Narine,6,,N Pandit,2017,Bangalore,Kolkata Knight Riders,46,Indian Premier League,male,AJ Pycroft,CB Gaffaney,Kolkata Knight Riders,field,1082636
,Sunrisers Hyderabad,,6,M Erasmus,KN Ananthapadmanabhan,,"Rajiv Gandhi International Stadium, Uppal",,,,2017-05-08,Mumbai Indians,S Dhawan,7,,R Pandit,2017,Hyderabad,Sunrisers Hyderabad,48,Indian Premier League,male,Chinmay Sharma,AK Chaudhary,Mumbai Indians,bat,1082638
,Kings XI Punjab,,6,S Ravi,A Nand Kishore,,"Punjab Cricket Association IS Bindra Stadium, Mohali",,,,2017-05-09,Kolkata Knight Riders,MM Sharma,,14,Navdeep Singh,2017,Chandigarh,Kings XI Punjab,49,Indian Premier League,male,J Srinath,VK Sharma,Kolkata Knight Riders,field,1082639
,Gujarat Lions,,6,AK Chaudhary,YC Barde,,Green Park,,,,2017-05-10,Delhi Daredevils,SS Iyer,2,,K Srinivasan,2017,Kanpur,Delhi Daredevils,50,Indian Premier League,male,V Narayan Kutty,Nitin Menon,Delhi Daredevils,field,1082640
,Mumbai Indians,,6,A Nand Kishore,A Deshmukh,,Wankhede Stadium,,,,2017-05-11,Kings XI Punjab,WP Saha,,7,N Pandit,2017,Mumbai,Kings XI Punjab,51,Indian Premier League,male,M Nayyar,VK Sharma,Mumbai Indians,field,1082641
,Delhi Daredevils,,6,CK Nandan,KN Ananthapadmanabhan,,Feroz Shah Kotla,,,,2017-05-12,Rising Pune Supergiant,KK Nair,,7,R Pandit,2017,Delhi,Delhi Daredevils,52,Indian Premier League,male,AJ Pycroft,C Shamshuddin,Delhi Daredevils,bat,1082642
,Gujarat Lions,,6,Nitin Menon,AK Chaudhary,,Green Park,,,,2017-05-13,Sunrisers Hyderabad,Mohammed Siraj,8,,K Srinivasan,2017,Kanpur,Sunrisers Hyderabad,53,Indian Premier League,male,Chinmay Sharma,YC Barde,Sunrisers Hyderabad,field,1082643
,Kolkata Knight Riders,,6,S Ravi,A Nand Kishore,,Eden Gardens,,,,2017-05-13,Mumbai Indians,AT Rayudu,,9,Navdeep Singh,2017,Kolkata,Mumbai Indians,54,Indian Premier League,male,J Srinath,VK Sharma,Kolkata Knight Riders,field,1082644
,Rising Pune Supergiant,,6,A Deshmukh,AY Dandekar,,Maharashtra Cricket Association Stadium,,,,2017-05-14,Kings XI Punjab,JD Unadkat,9,,N Pandit,2017,Pune,Rising Pune Supergiant,55,Indian Premier League,male,M Nayyar,KN Ananthapadmanabhan,Rising Pune Supergiant,field,1082645
,Delhi Daredevils,,6,C Shamshuddin,CK Nandan,,Feroz Shah Kotla,,,,2017-05-14,Royal Challengers Bangalore,HV Patel,,10,R Pandit,2017,Delhi,Royal Challengers Bangalore,56,Indian Premier League,male,AJ Pycroft,KN Ananthapadmanabhan,Royal Challengers Bangalore,bat,1082646
,Mumbai Indians,,6,C Shamshuddin,S Ravi,,Wankhede Stadium,,,,2017-05-16,Rising Pune Supergiant,Washington Sundar,,20,YC Barde,2017,Mumbai,Rising Pune Supergiant,,Indian Premier League,male,J Srinath,CK Nandan,Mumbai Indians,field,1082647
,Sunrisers Hyderabad,,6,Nitin Menon,AK Chaudhary,,M Chinnaswamy Stadium,2017/05/17,2017/05/18,D/L,2017-05-17,Kolkata Knight Riders,NM Coulter-Nile,7,,KN Ananthapadmanabhan,2017,Bangalore,Kolkata Knight Riders,,Indian Premier League,male,M Nayyar,A Nand Kishore,Kolkata Knight Riders,field,1082648
,Mumbai Indians,,6,Nitin Menon,NJ Llong,,M Chinnaswamy Stadium,,,,2017-05-19,Kolkata Knight Riders,KV Sharma,6,,KN Ananthapadmanabhan,2017,Bangalore,Mumbai Indians,,Indian Premier League,male,Chinmay Sharma,C Shamshuddin,Mumbai Indians,field,1082649
,Mumbai Indians,,6,S Ravi,NJ Llong,,"Rajiv Gandhi International Stadium, Uppal",,,,2017-05-21,Rising Pune Supergiant,KH Pandya,,1,A Nand Kishore,2017,Hyderabad,Mumbai Indians,,Indian Premier League,male,J Srinath,AK Chaudhary,Mumbai Indians,bat,1082650
,Mumbai Indians,,6,A Nand Kishore,CB Gaffaney,,Wankhede Stadium,,,,2018-04-07,Chennai Super Kings,DJ Bravo,1,,UV Gandhe,2018,Mumbai,Chennai Super Kings,1,Indian Premier League,male,RB Richardson,AK Chaudhary,Chennai Super Kings,field,1136561
,Royal Challengers Bangalore,,6,C Shamshuddin,A Deshmukh,,Eden Gardens,,,,2018-04-08,Kolkata Knight Riders,SP Narine,4,,K Srinath,2018,Kolkata,Kolkata Knight Riders,3,Indian Premier League,male,V Narayan Kutty,S Ravi,Kolkata Knight Riders,field,1136563
,Delhi Daredevils,,6,RJ Tucker,KN Ananthapadmanabhan,,Punjab Cricket Association IS Bindra Stadium,,,,2018-04-08,Kings XI Punjab,KL Rahul,6,,N Pandit,2018,Chandigarh,Kings XI Punjab,2,Indian Premier League,male,J Srinath,Nitin Menon,Kings XI Punjab,field,1136562
,Rajasthan Royals,,6,VA Kulkarni,NJ Llong,,Rajiv Gandhi International Stadium,,,,2018-04-09,Sunrisers Hyderabad,S Dhawan,9,,R Pandit,2018,Hyderabad,Sunrisers Hyderabad,4,Indian Premier League,male,S Chaturvedi,CK Nandan,Sunrisers Hyderabad,field,1136564
,Kolkata Knight Riders,,6,CB Gaffaney,AK Chaudhary,,MA Chidambaram Stadium,,,,2018-04-10,Chennai Super Kings,SW Billings,5,,UV Gandhe,2018,Chennai,Chennai Super Kings,5,Indian Premier League,male,RB Richardson,A Nand Kishore,Chennai Super Kings,field,1136565
,Rajasthan Royals,,6,Nitin Menon,KN Ananthapadmanabhan,,Sawai Mansingh Stadium,,,D/L,2018-04-11,Delhi Daredevils,SV Samson,,10,N Pandit,2018,Jaipur,Rajasthan Royals,6,Indian Premier League,male,J Srinath,RJ Tucker,Delhi Daredevils,field,1136566
,Mumbai Indians,,6,NJ Llong,CK Nandan,,Rajiv Gandhi International Stadium,,,,2018-04-12,Sunrisers Hyderabad,Rashid Khan,1,,R Pandit,2018,Hyderabad,Sunrisers Hyderabad,7,Indian Premier League,male,S Chaturvedi,VA Kulkarni,Sunrisers Hyderabad,field,1136567
,Kings XI Punjab,,6,S Ravi,A Deshmukh,,M.Chinnaswamy Stadium,,,,2018-04-13,Royal Challengers Bangalore,UT Yadav,4,,K Srinath,2018,Bengaluru,Royal Challengers Bangalore,8,Indian Premier League,male,V Narayan Kutty,C Shamshuddin,Royal Challengers Bangalore,field,1136568
,Mumbai Indians,,6,Nitin Menon,KN Ananthapadmanabhan,,Wankhede Stadium,,,,2018-04-14,Delhi Daredevils,JJ Roy,7,,N Pandit,2018,Mumbai,Delhi Daredevils,9,Indian Premier League,male,J Srinath,RJ Tucker,Delhi Daredevils,field,1136569
,Kolkata Knight Riders,,6,A Nand Kishore,AK Chaudhary,,Eden Gardens,,,,2018-04-14,Sunrisers Hyderabad,B Stanlake,5,,UV Gandhe,2018,Kolkata,Sunrisers Hyderabad,10,Indian Premier League,male,RB Richardson,CB Gaffaney,Sunrisers Hyderabad,field,1136570
,Rajasthan Royals,,6,S Ravi,C Shamshuddin,,M.Chinnaswamy Stadium,,,,2018-04-15,Royal Challengers Bangalore,SV Samson,,19,K Srinath,2018,Bengaluru,Rajasthan Royals,11,Indian Premier League,male,M Nayyar,A Deshmukh,Royal Challengers Bangalore,field,1136571
,Kings XI Punjab,,6,VA Kulkarni,CK Nandan,,Punjab Cricket Association IS Bindra Stadium,,,,2018-04-15,Chennai Super Kings,CH Gayle,,4,R Pandit,2018,Chandigarh,Kings XI Punjab,12,Indian Premier League,male,S Chaturvedi,NJ Llong,Chennai Super Kings,field,1136572
,Kolkata Knight Riders,,6,A Nand Kishore,AK Chaudhary,,Eden Gardens,,,,2018-04-16,Delhi Daredevils,N Rana,,71,UV Gandhe,2018,Kolkata,Kolkata Knight Riders,13,Indian Premier League,male,RB Richardson,CB Gaffaney,Delhi Daredevils,field,1136573
,Mumbai Indians,,6,RJ Tucker,Nitin Menon,,Wankhede Stadium,,,,2018-04-17,Royal Challengers Bangalore,RG Sharma,,46,N Pandit,2018,Mumbai,Mumbai Indians,14,Indian Premier League,male,J Srinath,KN Ananthapadmanabhan,Royal Challengers Bangalore,field,1136574
,Rajasthan Royals,,6,S Ravi,A Deshmukh,,Sawai Mansingh Stadium,,,,2018-04-18,Kolkata Knight Riders,N Rana,7,,K Srinath,2018,Jaipur,Kolkata Knight Riders,15,Indian Premier League,male,M Nayyar,C Shamshuddin,Kolkata Knight Riders,field,1136575
,Kings XI Punjab,,6,NJ Llong,AK Chaudhary,,Punjab Cricket Association IS Bindra Stadium,,,,2018-04-19,Sunrisers Hyderabad,CH Gayle,,15,R Pandit,2018,Chandigarh,Kings XI Punjab,16,Indian Premier League,male,S Chaturvedi,VA Kulkarni,Kings XI Punjab,bat,1136576
,Chennai Super Kings,,6,Nitin Menon,KN Ananthapadmanabhan,,Maharashtra Cricket Association Stadium,,,,2018-04-20,Rajasthan Royals,SR Watson,,64,N Pandit,2018,Pune,Chennai Super Kings,17,Indian Premier League,male,J Srinath,RJ Tucker,Rajasthan Royals,field,1136577
,Kolkata Knight Riders,,6,C Shamshuddin,A Deshmukh,,Eden Gardens,,,D/L,2018-04-21,Kings XI Punjab,KL Rahul,9,,K Srinath,2018,Kolkata,Kings XI Punjab,18,Indian Premier League,male,M Nayyar,S Ravi,Kings XI Punjab,field,1136578
,Delhi Daredevils,,6,CK Nandan,CB Gaffaney,,M.Chinnaswamy Stadium,,,,2018-04-21,Royal Challengers Bangalore,AB de Villiers,6,,UV Gandhe,2018,Bengaluru,Royal Challengers Bangalore,19,Indian Premier League,male,RB Richardson,A Nand Kishore,Royal Challengers Bangalore,field,1136579
,Mumbai Indians,,6,RJ Tucker,KN Ananthapadmanabhan,,Sawai Mansingh Stadium,,,,2018-04-22,Rajasthan Royals,JC Archer,3,,HAS Khalid,2018,Jaipur,Rajasthan Royals,21,Indian Premier League,male,J Srinath,Nitin Menon,Mumbai Indians,bat,1136581
,Chennai Super Kings,,6,VA Kulkarni,AK Chaudhary,,Rajiv Gandhi International Stadium,,,,2018-04-22,Sunrisers Hyderabad,AT Rayudu,,4,R Pandit,2018,Hyderabad,Chennai Super Kings,20,Indian Premier League,male,S Chaturvedi,NJ Llong,Sunrisers Hyderabad,field,1136580
,Kings XI Punjab,,6,CK Nandan,A Nand Kishore,,Arun Jaitley Stadium,,,,2018-04-23,Delhi Daredevils,AS Rajpoot,,4,GR Sadashiv Iyer,2018,Delhi,Kings XI Punjab,22,Indian Premier League,male,RB Richardson,CB Gaffaney,Delhi Daredevils,field,1136582
,Sunrisers Hyderabad,,6,S Ravi,C Shamshuddin,,Wankhede Stadium,,,,2018-04-24,Mumbai Indians,Rashid Khan,,31,K Srinath,2018,Mumbai,Sunrisers Hyderabad,23,Indian Premier League,male,V Narayan Kutty,A Deshmukh,Mumbai Indians,field,1136583
,Royal Challengers Bangalore,,6,VK Sharma,NJ Llong,,M.Chinnaswamy Stadium,,,,2018-04-25,Chennai Super Kings,MS Dhoni,5,,N Pandit,2018,Bengaluru,Chennai Super Kings,24,Indian Premier League,male,S Chaturvedi,AK Chaudhary,Chennai Super Kings,field,1136584
,Sunrisers Hyderabad,,6,YC Barde,CK Nandan,,Rajiv Gandhi International Stadium,,,,2018-04-26,Kings XI Punjab,AS Rajpoot,,13,GR Sadashiv Iyer,2018,Hyderabad,Sunrisers Hyderabad,25,Indian Premier League,male,J Srinath,RJ Tucker,Kings XI Punjab,field,1136585
,Delhi Daredevils,,6,S Ravi,C Shamshuddin,,Arun Jaitley Stadium,,,,2018-04-27,Kolkata Knight Riders,SS Iyer,,55,UV Gandhe,2018,Delhi,Delhi Daredevils,26,Indian Premier League,male,RB Richardson,A Nand Kishore,Kolkata Knight Riders,field,1136586
,Chennai Super Kings,,6,Nitin Menon,CB Gaffaney,,Maharashtra Cricket Association Stadium,,,,2018-04-28,Mumbai Indians,RG Sharma,8,,HAS Khalid,2018,Pune,Mumbai Indians,27,Indian Premier League,male,V Narayan Kutty,AY Dandekar,Mumbai Indians,field,1136587
,Royal Challengers Bangalore,,6,NJ Llong,AK Chaudhary,,M.Chinnaswamy Stadium,,,,2018-04-29,Kolkata Knight Riders,CA Lynn,6,,R Pandit,2018,Bengaluru,Kolkata Knight Riders,29,Indian Premier League,male,M Nayyar,VK Sharma,Kolkata Knight Riders,field,1136589
,Sunrisers Hyderabad,,6,A Nand Kishore,BNJ Oxenford,,Sawai Mansingh Stadium,,,,2018-04-29,Rajasthan Royals,KS Williamson,,11,GR Sadashiv Iyer,2018,Jaipur,Sunrisers Hyderabad,28,Indian Premier League,male,AJ Pycroft,S Ravi,Sunrisers Hyderabad,bat,1136588
,Chennai Super Kings,,6,C Shamshuddin,AY Dandekar,,Maharashtra Cricket Association Stadium,,,,2018-04-30,Delhi Daredevils,SR Watson,,13,HAS Khalid,2018,Pune,Chennai Super Kings,30,Indian Premier League,male,V Narayan Kutty,CK Nandan,Delhi Daredevils,field,1136590
,Royal Challengers Bangalore,,6,Nitin Menon,M Erasmus,,M.Chinnaswamy Stadium,,,,2018-05-01,Mumbai Indians,TG Southee,,14,N Pandit,2018,Bengaluru,Royal Challengers Bangalore,31,Indian Premier League,male,J Srinath,YC Barde,Mumbai Indians,field,1136591
,Delhi Daredevils,,6,VK Sharma,CK Nandan,,Arun Jaitley Stadium,,,D/L,2018-05-02,Rajasthan Royals,RR Pant,,4,GR Sadashiv Iyer,2018,Delhi,Delhi Daredevils,32,Indian Premier League,male,AJ Pycroft,BNJ Oxenford,Rajasthan Royals,field,1136592
,Chennai Super Kings,,6,HDPK Dharmasena,A Deshmukh,,Eden Gardens,,,,2018-05-03,Kolkata Knight Riders,SP Narine,6,,R Pandit,2018,Kolkata,Kolkata Knight Riders,33,Indian Premier League,male,V Narayan Kutty,AK Chaudhary,Kolkata Knight Riders,field,1136593
,Kings XI Punjab,,6,S Ravi,AY Dandekar,,Holkar Cricket Stadium,,,,2018-05-04,Mumbai Indians,SA Yadav,6,,HAS Khalid,2018,Indore,Mumbai Indians,34,Indian Premier League,male,M Nayyar,C Shamshuddin,Mumbai Indians,field,1136594
,Delhi Daredevils,,6,CK Nandan,BNJ Oxenford,,Rajiv Gandhi International Stadium,,,,2018-05-05,Sunrisers Hyderabad,Rashid Khan,7,,GR Sadashiv Iyer,2018,Hyderabad,Sunrisers Hyderabad,36,Indian Premier League,male,AJ Pycroft,VK Sharma,Delhi Daredevils,bat,1136596
,Royal Challengers Bangalore,,6,YC Barde,Nitin Menon,,Maharashtra Cricket Association Stadium,,,,2018-05-05,Chennai Super Kings,RA Jadeja,6,,N Pandit,2018,Pune,Chennai Super Kings,35,Indian Premier League,male,J Srinath,M Erasmus,Chennai Super Kings,field,1136595
,Rajasthan Royals,,6,S Ravi,C Shamshuddin,,Holkar Cricket Stadium,,,,2018-05-06,Kings XI Punjab,Mujeeb Ur Rahman,6,,HAS Khalid,2018,Indore,Kings XI Punjab,38,Indian Premier League,male,M Nayyar,AY Dandekar,Kings XI Punjab,field,1136598
,Mumbai Indians,,6,HDPK Dharmasena,A Deshmukh,,Wankhede Stadium,,,,2018-05-06,Kolkata Knight Riders,HH Pandya,,13,R Pandit,2018,Mumbai,Mumbai Indians,37,Indian Premier League,male,V Narayan Kutty,AK Chaudhary,Kolkata Knight Riders,field,1136597
,Sunrisers Hyderabad,,6,VK Sharma,BNJ Oxenford,,Rajiv Gandhi International Stadium,,,,2018-05-07,Royal Challengers Bangalore,KS Williamson,,5,GR Sadashiv Iyer,2018,Hyderabad,Sunrisers Hyderabad,39,Indian Premier League,male,AJ Pycroft,CK Nandan,Royal Challengers Bangalore,field,1136599
,Rajasthan Royals,,6,Nitin Menon,M Erasmus,,Sawai Mansingh Stadium,,,,2018-05-08,Kings XI Punjab,JC Buttler,,15,N Pandit,2018,Jaipur,Rajasthan Royals,40,Indian Premier League,male,J Srinath,YC Barde,Rajasthan Royals,bat,1136600
,Mumbai Indians,,6,AK Chaudhary,KN Ananthapadmanabhan,,Eden Gardens,,,,2018-05-09,Kolkata Knight Riders,Ishan Kishan,,102,R Pandit,2018,Kolkata,Mumbai Indians,41,Indian Premier League,male,Prakash Bhatt,HDPK Dharmasena,Kolkata Knight Riders,field,1136601
,Delhi Daredevils,,6,C Shamshuddin,AY Dandekar,,Arun Jaitley Stadium,,,,2018-05-10,Sunrisers Hyderabad,S Dhawan,9,,HAS Khalid,2018,Delhi,Sunrisers Hyderabad,42,Indian Premier League,male,M Nayyar,S Ravi,Delhi Daredevils,bat,1136602
,Chennai Super Kings,,6,YC Barde,M Erasmus,,Sawai Mansingh Stadium,,,,2018-05-11,Rajasthan Royals,JC Buttler,4,,N Pandit,2018,Jaipur,Rajasthan Royals,43,Indian Premier League,male,J Srinath,Nitin Menon,Chennai Super Kings,bat,1136603
,Kolkata Knight Riders,,6,VK Sharma,CK Nandan,,Holkar Cricket Stadium,,,,2018-05-12,Kings XI Punjab,SP Narine,,31,GR Sadashiv Iyer,2018,Indore,Kolkata Knight Riders,44,Indian Premier League,male,AJ Pycroft,BNJ Oxenford,Kings XI Punjab,field,1136604
,Delhi Daredevils,,6,HDPK Dharmasena,KN Ananthapadmanabhan,,Arun Jaitley Stadium,,,,2018-05-12,Royal Challengers Bangalore,AB de Villiers,5,,K Srinath,2018,Delhi,Royal Challengers Bangalore,45,Indian Premier League,male,Prakash Bhatt,AK Chaudhary,Royal Challengers Bangalore,field,1136605
,Sunrisers Hyderabad,,6,YC Barde,M Erasmus,,Maharashtra Cricket Association Stadium,,,,2018-05-13,Chennai Super Kings,AT Rayudu,8,,HAS Khalid,2018,Pune,Chennai Super Kings,46,Indian Premier League,male,M Nayyar,AY Dandekar,Chennai Super Kings,field,1136606
,Mumbai Indians,,6,S Ravi,Nitin Menon,,Wankhede Stadium,,,,2018-05-13,Rajasthan Royals,JC Buttler,7,,UV Gandhe,2018,Mumbai,Rajasthan Royals,47,Indian Premier League,male,J Srinath,C Shamshuddin,Rajasthan Royals,field,1136607
,Kings XI Punjab,,6,VK Sharma,BNJ Oxenford,,Holkar Cricket Stadium,,,,2018-05-14,Royal Challengers Bangalore,UT Yadav,10,,GR Sadashiv Iyer,2018,Indore,Royal Challengers Bangalore,48,Indian Premier League,male,AJ Pycroft,CK Nandan,Royal Challengers Bangalore,field,1136608
,Rajasthan Royals,,6,HDPK Dharmasena,AK Chaudhary,,Eden Gardens,,,,2018-05-15,Kolkata Knight Riders,Kuldeep Yadav,6,,K Srinath,2018,Kolkata,Kolkata Knight Riders,49,Indian Premier League,male,M Nayyar,VA Kulkarni,Kolkata Knight Riders,field,1136609
,Mumbai Indians,,6,Nitin Menon,M Erasmus,,Wankhede Stadium,,,,2018-05-16,Kings XI Punjab,JJ Bumrah,,3,UV Gandhe,2018,Mumbai,Mumbai Indians,50,Indian Premier League,male,J Srinath,YC Barde,Kings XI Punjab,field,1136610
,Royal Challengers Bangalore,,6,S Ravi,AY Dandekar,,M.Chinnaswamy Stadium,,,,2018-05-17,Sunrisers Hyderabad,AB de Villiers,,14,HAS Khalid,2018,Bengaluru,Royal Challengers Bangalore,51,Indian Premier League,male,Prakash Bhatt,C Shamshuddin,Sunrisers Hyderabad,field,1136611
,Delhi Daredevils,,6,VA Kulkarni,HDPK Dharmasena,,Arun Jaitley Stadium,,,,2018-05-18,Chennai Super Kings,HV Patel,,34,K Srinath,2018,Delhi,Delhi Daredevils,52,Indian Premier League,male,M Nayyar,CK Nandan,Chennai Super Kings,field,1136612
,Sunrisers Hyderabad,,6,S Ravi,AK Chaudhary,,Rajiv Gandhi International Stadium,,,,2018-05-19,Kolkata Knight Riders,CA Lynn,5,,HAS Khalid,2018,Hyderabad,Kolkata Knight Riders,54,Indian Premier League,male,Prakash Bhatt,AY Dandekar,Sunrisers Hyderabad,bat,1136614
,Rajasthan Royals,,6,VK Sharma,BNJ Oxenford,,Sawai Mansingh Stadium,,,,2018-05-19,Royal Challengers Bangalore,S Gopal,,30,GR Sadashiv Iyer,2018,Jaipur,Rajasthan Royals,53,Indian Premier League,male,AJ Pycroft,C Shamshuddin,Rajasthan Royals,bat,1136613
,Delhi Daredevils,,6,CK Nandan,HDPK Dharmasena,,Arun Jaitley Stadium,,,,2018-05-20,Mumbai Indians,A Mishra,,11,K Srinath,2018,Delhi,Delhi Daredevils,55,Indian Premier League,male,M Nayyar,VA Kulkarni,Delhi Daredevils,bat,1136615
,Kings XI Punjab,,6,YC Barde,Nitin Menon,,Maharashtra Cricket Association Stadium,,,,2018-05-20,Chennai Super Kings,L Ngidi,5,,UV Gandhe,2018,Pune,Chennai Super Kings,56,Indian Premier League,male,J Srinath,M Erasmus,Chennai Super Kings,field,1136616
,Sunrisers Hyderabad,,6,M Erasmus,C Shamshuddin,,Wankhede Stadium,,,,2018-05-22,Chennai Super Kings,F du Plessis,2,,YC Barde,2018,Mumbai,Chennai Super Kings,,Indian Premier League,male,AJ Pycroft,S Ravi,Chennai Super Kings,field,1136617
,Kolkata Knight Riders,,6,Nitin Menon,AK Chaudhary,,Eden Gardens,,,,2018-05-23,Rajasthan Royals,AD Russell,,25,A Nand Kishore,2018,Kolkata,Kolkata Knight Riders,,Indian Premier League,male,J Srinath,HDPK Dharmasena,Rajasthan Royals,field,1136618
,Sunrisers Hyderabad,,6,Nitin Menon,HDPK Dharmasena,,Eden Gardens,,,,2018-05-25,Kolkata Knight Riders,Rashid Khan,,14,A Nand Kishore,2018,Kolkata,Sunrisers Hyderabad,,Indian Premier League,male,J Srinath,AK Chaudhary,Kolkata Knight Riders,field,1136619
,Sunrisers Hyderabad,,6,S Ravi,M Erasmus,,Wankhede Stadium,,,,2018-05-27,Chennai Super Kings,SR Watson,8,,YC Barde,2018,Mumbai,Chennai Super Kings,,Indian Premier League,male,AJ Pycroft,Nitin Menon,Chennai Super Kings,field,1136620
,Royal Challengers Bangalore,,6,BNJ Oxenford,AY Dandekar,,MA Chidambaram Stadium,,,,2019-03-23,Chennai Super Kings,Harbhajan Singh,7,,HAS Khalid,2019,Chennai,Chennai Super Kings,1,Indian Premier League,male,J Srinath,Nitin Menon,Chennai Super Kings,field,1175356
,Sunrisers Hyderabad,,6,CB Gaffaney,AK Chaudhary,,Eden Gardens,,,,2019-03-24,Kolkata Knight Riders,AD Russell,6,,GR Sadashiv Iyer,2019,Kolkata,Kolkata Knight Riders,2,Indian Premier League,male,V Narayan Kutty,VA Kulkarni,Kolkata Knight Riders,field,1175357
,Delhi Capitals,,6,YC Barde,S Ravi,,Wankhede Stadium,,,,2019-03-24,Mumbai Indians,RR Pant,,37,BK Ravi,2019,Mumbai,Delhi Capitals,3,Indian Premier League,male,M Nayyar,CK Nandan,Mumbai Indians,field,1175358
,Kings XI Punjab,,6,KN Ananthapadmanabhan,C Shamshuddin,,Sawai Mansingh Stadium,,,,2019-03-25,Rajasthan Royals,CH Gayle,,14,K Srinath,2019,Jaipur,Kings XI Punjab,4,Indian Premier League,male,Chinmay Sharma,BNJ Oxenford,Rajasthan Royals,field,1175359
,Delhi Capitals,,6,Nitin Menon,M Erasmus,,Arun Jaitley Stadium,,,,2019-03-26,Chennai Super Kings,SR Watson,6,,HAS Khalid,2019,Delhi,Chennai Super Kings,5,Indian Premier League,male,J Srinath,AY Dandekar,Delhi Capitals,bat,1175360
,Kolkata Knight Riders,,6,VA Kulkarni,AK Chaudhary,,Eden Gardens,,,,2019-03-27,Kings XI Punjab,AD Russell,,28,GR Sadashiv Iyer,2019,Kolkata,Kolkata Knight Riders,6,Indian Premier League,male,V Narayan Kutty,CB Gaffaney,Kings XI Punjab,field,1175361
,Mumbai Indians,,6,S Ravi,CK Nandan,,M.Chinnaswamy Stadium,,,,2019-03-28,Royal Challengers Bangalore,JJ Bumrah,,6,BK Ravi,2019,Bengaluru,Mumbai Indians,7,Indian Premier League,male,M Nayyar,YC Barde,Royal Challengers Bangalore,field,1175362
,Rajasthan Royals,,6,C Shamshuddin,BNJ Oxenford,,Rajiv Gandhi International Stadium,,,,2019-03-29,Sunrisers Hyderabad,Rashid Khan,5,,K Srinath,2019,Hyderabad,Sunrisers Hyderabad,8,Indian Premier League,male,Chinmay Sharma,KN Ananthapadmanabhan,Rajasthan Royals,bat,1175363
Delhi Capitals,Kolkata Knight Riders,,6,Nitin Menon,AY Dandekar,tie,Arun Jaitley Stadium,,,,2019-03-30,Delhi Capitals,PP Shaw,,,HAS Khalid,2019,Delhi,,10,Indian Premier League,male,J Srinath,M Erasmus,Delhi Capitals,field,1175365
,Mumbai Indians,,6,VA Kulkarni,CB Gaffaney,,Punjab Cricket Association IS Bindra Stadium,,,,2019-03-30,Kings XI Punjab,MA Agarwal,8,,GR Sadashiv Iyer,2019,Chandigarh,Kings XI Punjab,9,Indian Premier League,male,V Narayan Kutty,AK Chaudhary,Kings XI Punjab,field,1175364
,Sunrisers Hyderabad,,6,S Ravi,KN Ananthapadmanabhan,,Rajiv Gandhi International Stadium,,,,2019-03-31,Royal Challengers Bangalore,JM Bairstow,,118,K Srinath,2019,Hyderabad,Sunrisers Hyderabad,11,Indian Premier League,male,Chinmay Sharma,C Shamshuddin,Royal Challengers Bangalore,field,1175366
,Chennai Super Kings,,6,YC Barde,CK Nandan,,MA Chidambaram Stadium,,,,2019-03-31,Rajasthan Royals,MS Dhoni,,8,BK Ravi,2019,Chennai,Chennai Super Kings,12,Indian Premier League,male,M Nayyar,BNJ Oxenford,Rajasthan Royals,field,1175367
,Kings XI Punjab,,6,CB Gaffaney,AK Chaudhary,,Punjab Cricket Association IS Bindra Stadium,,,,2019-04-01,Delhi Capitals,SM Curran,,14,GR Sadashiv Iyer,2019,Chandigarh,Kings XI Punjab,13,Indian Premier League,male,V Narayan Kutty,VA Kulkarni,Delhi Capitals,field,1175368
,Royal Challengers Bangalore,,6,M Erasmus,AY Dandekar,,Sawai Mansingh Stadium,,,,2019-04-02,Rajasthan Royals,S Gopal,7,,HAS Khalid,2019,Jaipur,Rajasthan Royals,14,Indian Premier League,male,J Srinath,Nitin Menon,Rajasthan Royals,field,1175369
,Mumbai Indians,,6,RJ Tucker,BNJ Oxenford,,Wankhede Stadium,,,,2019-04-03,Chennai Super Kings,HH Pandya,,37,BK Ravi,2019,Mumbai,Mumbai Indians,15,Indian Premier League,male,M Nayyar,YC Barde,Chennai Super Kings,field,1175370
,Delhi Capitals,,6,KN Ananthapadmanabhan,C Shamshuddin,,Arun Jaitley Stadium,,,,2019-04-04,Sunrisers Hyderabad,JM Bairstow,5,,K Srinath,2019,Delhi,Sunrisers Hyderabad,16,Indian Premier League,male,Chinmay Sharma,S Ravi,Sunrisers Hyderabad,field,1175371
,Royal Challengers Bangalore,,6,CB Gaffaney,AK Chaudhary,,M.Chinnaswamy Stadium,,,,2019-04-05,Kolkata Knight Riders,AD Russell,5,,GR Sadashiv Iyer,2019,Bengaluru,Kolkata Knight Riders,17,Indian Premier League,male,V Narayan Kutty,CK Nandan,Kolkata Knight Riders,field,1175372
,Chennai Super Kings,,6,RJ Tucker,KN Ananthapadmanabhan,,MA Chidambaram Stadium,,,,2019-04-06,Kings XI Punjab,Harbhajan Singh,,22,K Srinath,2019,Chennai,Chennai Super Kings,18,Indian Premier League,male,Chinmay Sharma,C Shamshuddin,Chennai Super Kings,bat,1178393
,Mumbai Indians,,6,Nitin Menon,AY Dandekar,,Rajiv Gandhi International Stadium,,,,2019-04-06,Sunrisers Hyderabad,AS Joseph,,40,HAS Khalid,2019,Hyderabad,Mumbai Indians,19,Indian Premier League,male,J Srinath,M Erasmus,Sunrisers Hyderabad,field,1178394
,Royal Challengers Bangalore,,6,YC Barde,S Ravi,,M.Chinnaswamy Stadium,,,,2019-04-07,Delhi Capitals,K Rabada,4,,BK Ravi,2019,Bengaluru,Delhi Capitals,20,Indian Premier League,male,M Nayyar,CK Nandan,Delhi Capitals,field,1178395
,Rajasthan Royals,,6,CB Gaffaney,AK Chaudhary,,Sawai Mansingh Stadium,,,,2019-04-07,Kolkata Knight Riders,HF Gurney,8,,GR Sadashiv Iyer,2019,Jaipur,Kolkata Knight Riders,21,Indian Premier League,male,V Narayan Kutty,BNJ Oxenford,Kolkata Knight Riders,field,1178396
,Sunrisers Hyderabad,,6,M Erasmus,AY Dandekar,,Punjab Cricket Association IS Bindra Stadium,,,,2019-04-08,Kings XI Punjab,KL Rahul,6,,HAS Khalid,2019,Chandigarh,Kings XI Punjab,22,Indian Premier League,male,J Srinath,Nitin Menon,Kings XI Punjab,field,1178397
,Kolkata Knight Riders,,6,RJ Tucker,C Shamshuddin,,MA Chidambaram Stadium,,,,2019-04-09,Chennai Super Kings,DL Chahar,7,,K Srinath,2019,Chennai,Chennai Super Kings,23,Indian Premier League,male,Prakash Bhatt,UV Gandhe,Chennai Super Kings,field,1178398
,Kings XI Punjab,,6,YC Barde,S Ravi,,Wankhede Stadium,,,,2019-04-10,Mumbai Indians,KA Pollard,3,,K Srinivasan,2019,Mumbai,Mumbai Indians,24,Indian Premier League,male,M Nayyar,CK Nandan,Mumbai Indians,field,1178399
,Rajasthan Royals,,6,UV Gandhe,BNJ Oxenford,,Sawai Mansingh Stadium,,,,2019-04-11,Chennai Super Kings,MS Dhoni,4,,GR Sadashiv Iyer,2019,Jaipur,Chennai Super Kings,25,Indian Premier League,male,Prakash Bhatt,CB Gaffaney,Chennai Super Kings,field,1178400
,Kolkata Knight Riders,,6,YC Barde,CK Nandan,,Eden Gardens,,,,2019-04-12,Delhi Capitals,S Dhawan,7,,BK Ravi,2019,Kolkata,Delhi Capitals,26,Indian Premier League,male,M Nayyar,RJ Tucker,Delhi Capitals,field,1178401
,Mumbai Indians,,6,Nitin Menon,A Nand Kishore,,Wankhede Stadium,,,,2019-04-13,Rajasthan Royals,JC Buttler,4,,N Pandit,2019,Mumbai,Rajasthan Royals,27,Indian Premier League,male,J Srinath,M Erasmus,Rajasthan Royals,field,1178402
,Kings XI Punjab,,6,UV Gandhe,S Ravi,,Punjab Cricket Association IS Bindra Stadium,,,,2019-04-13,Royal Challengers Bangalore,AB de Villiers,8,,K Srinath,2019,Chandigarh,Royal Challengers Bangalore,28,Indian Premier League,male,Prakash Bhatt,NJ Llong,Royal Challengers Bangalore,field,1178403
,Kolkata Knight Riders,,6,RJ Tucker,CK Nandan,,Eden Gardens,,,,2019-04-14,Chennai Super Kings,Imran Tahir,5,,BK Ravi,2019,Kolkata,Chennai Super Kings,29,Indian Premier League,male,M Nayyar,YC Barde,Chennai Super Kings,field,1178404
,Delhi Capitals,,6,BNJ Oxenford,AK Chaudhary,,Rajiv Gandhi International Stadium,,,,2019-04-14,Sunrisers Hyderabad,KMA Paul,,39,GR Sadashiv Iyer,2019,Hyderabad,Delhi Capitals,30,Indian Premier League,male,V Narayan Kutty,CB Gaffaney,Sunrisers Hyderabad,field,1178405
,Royal Challengers Bangalore,,6,Nitin Menon,M Erasmus,,Wankhede Stadium,,,,2019-04-15,Mumbai Indians,SL Malinga,5,,N Pandit,2019,Mumbai,Mumbai Indians,31,Indian Premier League,male,J Srinath,A Nand Kishore,Mumbai Indians,field,1178406
,Kings XI Punjab,,6,VA Kulkarni,AK Chaudhary,,Punjab Cricket Association IS Bindra Stadium,,,,2019-04-16,Rajasthan Royals,R Ashwin,,12,K Srinivasan,2019,Chandigarh,Kings XI Punjab,32,Indian Premier League,male,AJ Pycroft,S Ravi,Rajasthan Royals,field,1178407
,Chennai Super Kings,,6,UV Gandhe,IJ Gould,,Rajiv Gandhi International Stadium,,,,2019-04-17,Sunrisers Hyderabad,DA Warner,6,,BK Ravi,2019,Hyderabad,Sunrisers Hyderabad,33,Indian Premier League,male,Prakash Bhatt,C Shamshuddin,Chennai Super Kings,bat,1178408
,Mumbai Indians,,6,NJ Llong,BNJ Oxenford,,Arun Jaitley Stadium,,,,2019-04-18,Delhi Capitals,HH Pandya,,40,N Pandit,2019,Delhi,Mumbai Indians,34,Indian Premier League,male,J Srinath,AK Chaudhary,Mumbai Indians,bat,1178409
,Royal Challengers Bangalore,,6,Nitin Menon,IJ Gould,,Eden Gardens,,,,2019-04-19,Kolkata Knight Riders,V Kohli,,10,K Srinath,2019,Kolkata,Royal Challengers Bangalore,35,Indian Premier League,male,AJ Pycroft,AY Dandekar,Kolkata Knight Riders,field,1178410
,Mumbai Indians,,6,YC Barde,S Ravi,,Sawai Mansingh Stadium,,,,2019-04-20,Rajasthan Royals,SPD Smith,5,,K Srinivasan,2019,Jaipur,Rajasthan Royals,36,Indian Premier League,male,M Nayyar,CK Nandan,Rajasthan Royals,field,1178411
,Kings XI Punjab,,6,UV Gandhe,C Shamshuddin,,Arun Jaitley Stadium,,,,2019-04-20,Delhi Capitals,SS Iyer,5,,N Pandit,2019,Delhi,Delhi Capitals,37,Indian Premier League,male,Prakash Bhatt,BNJ Oxenford,Delhi Capitals,field,1178412
,Royal Challengers Bangalore,,6,VA Kulkarni,RJ Tucker,,M.Chinnaswamy Stadium,,,,2019-04-21,Chennai Super Kings,PA Patel,,1,BK Ravi,2019,Bengaluru,Royal Challengers Bangalore,39,Indian Premier League,male,J Srinath,AK Chaudhary,Chennai Super Kings,field,1178414
,Kolkata Knight Riders,,6,Nitin Menon,NJ Llong,,Rajiv Gandhi International Stadium,,,,2019-04-21,Sunrisers Hyderabad,KK Ahmed,9,,K Srinath,2019,Hyderabad,Sunrisers Hyderabad,38,Indian Premier League,male,AJ Pycroft,IJ Gould,Sunrisers Hyderabad,field,1178413
,Rajasthan Royals,,6,S Ravi,A Nand Kishore,,Sawai Mansingh Stadium,,,,2019-04-22,Delhi Capitals,RR Pant,6,,K Srinath,2019,Jaipur,Delhi Capitals,40,Indian Premier League,male,M Nayyar,YC Barde,Delhi Capitals,field,1178415
,Sunrisers Hyderabad,,6,NJ Llong,AK Chaudhary,,MA Chidambaram Stadium,,,,2019-04-23,Chennai Super Kings,SR Watson,6,,N Pandit,2019,Chennai,Chennai Super Kings,41,Indian Premier League,male,V Narayan Kutty,VA Kulkarni,Chennai Super Kings,field,1178416
,Royal Challengers Bangalore,,6,C Shamshuddin,BNJ Oxenford,,M.Chinnaswamy Stadium,,,,2019-04-24,Kings XI Punjab,AB de Villiers,,17,K Srinivasan,2019,Bengaluru,Royal Challengers Bangalore,42,Indian Premier League,male,J Srinath,RJ Tucker,Kings XI Punjab,field,1178417
,Kolkata Knight Riders,,6,IJ Gould,AY Dandekar,,Eden Gardens,,,,2019-04-25,Rajasthan Royals,VR Aaron,3,,HAS Khalid,2019,Kolkata,Rajasthan Royals,43,Indian Premier League,male,AJ Pycroft,Nitin Menon,Rajasthan Royals,field,1178418
,Mumbai Indians,,6,NJ Llong,AK Chaudhary,,MA Chidambaram Stadium,,,,2019-04-26,Chennai Super Kings,RG Sharma,,46,N Pandit,2019,Chennai,Mumbai Indians,44,Indian Premier League,male,V Narayan Kutty,VA Kulkarni,Chennai Super Kings,field,1178419
,Sunrisers Hyderabad,,6,YC Barde,A Nand Kishore,,Sawai Mansingh Stadium,,,,2019-04-27,Rajasthan Royals,JD Unadkat,7,,K Srinivasan,2019,Jaipur,Rajasthan Royals,45,Indian Premier League,male,M Nayyar,S Ravi,Rajasthan Royals,field,1178420
,Delhi Capitals,,6,KN Ananthapadmanabhan,BNJ Oxenford,,Arun Jaitley Stadium,,,,2019-04-28,Royal Challengers Bangalore,S Dhawan,,16,N Pandit,2019,Delhi,Delhi Capitals,46,Indian Premier League,male,J Srinath,C Shamshuddin,Delhi Capitals,bat,1178421
,Kolkata Knight Riders,,6,Nitin Menon,IJ Gould,,Eden Gardens,,,,2019-04-28,Mumbai Indians,AD Russell,,34,HAS Khalid,2019,Kolkata,Kolkata Knight Riders,47,Indian Premier League,male,AJ Pycroft,AY Dandekar,Mumbai Indians,field,1178422
,Sunrisers Hyderabad,,6,S Ravi,CK Nandan,,Rajiv Gandhi International Stadium,,,,2019-04-29,Kings XI Punjab,DA Warner,,45,K Srinivasan,2019,Hyderabad,Sunrisers Hyderabad,48,Indian Premier League,male,M Nayyar,A Nand Kishore,Kings XI Punjab,field,1178423
,Royal Challengers Bangalore,,6,UV Gandhe,NJ Llong,no result,M.Chinnaswamy Stadium,,,,2019-04-30,Rajasthan Royals,,,,GR Sadashiv Iyer,2019,Bengaluru,,49,Indian Premier League,male,V Narayan Kutty,AK Chaudhary,Rajasthan Royals,field,1178424
,Chennai Super Kings,,6,Nitin Menon,AY Dandekar,,MA Chidambaram Stadium,,,,2019-05-01,Delhi Capitals,MS Dhoni,,80,HAS Khalid,2019,Chennai,Chennai Super Kings,50,Indian Premier League,male,AJ Pycroft,IJ Gould,Delhi Capitals,field,1178425
Mumbai Indians,Mumbai Indians,,6,S Ravi,CK Nandan,tie,Wankhede Stadium,,,,2019-05-02,Sunrisers Hyderabad,JJ Bumrah,,,K Srinivasan,2019,Mumbai,,51,Indian Premier League,male,M Nayyar,A Nand Kishore,Mumbai Indians,bat,1178426
,Kings XI Punjab,,6,C Shamshuddin,BNJ Oxenford,,Punjab Cricket Association IS Bindra Stadium,,,,2019-05-03,Kolkata Knight Riders,Shubman Gill,7,,N Pandit,2019,Chandigarh,Kolkata Knight Riders,52,Indian Premier League,male,J Srinath,KN Ananthapadmanabhan,Kolkata Knight Riders,field,1178427
,Sunrisers Hyderabad,,6,NJ Llong,AK Chaudhary,,M.Chinnaswamy Stadium,,,,2019-05-04,Royal Challengers Bangalore,SO Hetmyer,4,,,2019,Bengaluru,Royal Challengers Bangalore,54,Indian Premier League,male,V Narayan Kutty,UV Gandhe,Royal Challengers Bangalore,field,1178429
,Rajasthan Royals,,6,IJ Gould,AY Dandekar,,Arun Jaitley Stadium,,,,2019-05-04,Delhi Capitals,A Mishra,5,,HAS Khalid,2019,Delhi,Delhi Capitals,53,Indian Premier League,male,AJ Pycroft,Nitin Menon,Rajasthan Royals,bat,1178428
,Chennai Super Kings,,6,KN Ananthapadmanabhan,C Shamshuddin,,Punjab Cricket Association IS Bindra Stadium,,,,2019-05-05,Kings XI Punjab,KL Rahul,6,,N Pandit,2019,Chandigarh,Kings XI Punjab,55,Indian Premier League,male,J Srinath,BNJ Oxenford,Kings XI Punjab,field,1178430
,Kolkata Knight Riders,,6,CK Nandan,A Nand Kishore,,Wankhede Stadium,,,,2019-05-05,Mumbai Indians,HH Pandya,9,,K Srinivasan,2019,Mumbai,Mumbai Indians,56,Indian Premier League,male,M Nayyar,S Ravi,Mumbai Indians,field,1178431
,Chennai Super Kings,,6,Nitin Menon,NJ Llong,,MA Chidambaram Stadium,,,,2019-05-07,Mumbai Indians,SA Yadav,6,,CK Nandan,2019,Chennai,Mumbai Indians,,Indian Premier League,male,J Srinath,IJ Gould,Chennai Super Kings,bat,1181764
,Sunrisers Hyderabad,,6,S Ravi,BNJ Oxenford,,Dr. Y.S. Rajasekhara Reddy ACA-VDCA Cricket Stadium,,,,2019-05-08,Delhi Capitals,RR Pant,2,,C Shamshuddin,2019,Visakhapatnam,Delhi Capitals,,Indian Premier League,male,AJ Pycroft,AK Chaudhary,Delhi Capitals,field,1181766
,Delhi Capitals,,6,S Ravi,BNJ Oxenford,,Dr. Y.S. Rajasekhara Reddy ACA-VDCA Cricket Stadium,,,,2019-05-10,Chennai Super Kings,F du Plessis,6,,AK Chaudhary,2019,Visakhapatnam,Chennai Super Kings,,Indian Premier League,male,AJ Pycroft,C Shamshuddin,Chennai Super Kings,field,1181767
,Mumbai Indians,,6,Nitin Menon,IJ Gould,,Rajiv Gandhi International Stadium,,,,2019-05-12,Chennai Super Kings,JJ Bumrah,,1,CK Nandan,2019,Hyderabad,Mumbai Indians,,Indian Premier League,male,J Srinath,NJ Llong,Mumbai Indians,bat,1181768
,Mumbai Indians,,6,VK Sharma,CB Gaffaney,,Sheikh Zayed Stadium,,,,2020-09-19,Chennai Super Kings,AT Rayudu,5,,UV Gandhe,2020/21,Abu Dhabi,Chennai Super Kings,1,Indian Premier League,male,M Nayyar,S Ravi,Chennai Super Kings,field,1216492
Delhi Capitals,Delhi Capitals,,6,Nitin Menon,AK Chaudhary,tie,Dubai International Cricket Stadium,,,,2020-09-20,Kings XI Punjab,MP Stoinis,,,YC Barde,2020/21,,,2,Indian Premier League,male,J Srinath,PR Reiffel,Kings XI Punjab,field,1216493
,Royal Challengers Bangalore,,6,Nitin Menon,AY Dandekar,,Dubai International Cricket Stadium,,,,2020-09-21,Sunrisers Hyderabad,YS Chahal,,10,YC Barde,2020/21,,Royal Challengers Bangalore,3,Indian Premier League,male,Prakash Bhatt,AK Chaudhary,Sunrisers Hyderabad,field,1216534
,Rajasthan Royals,,6,VA Kulkarni,C Shamshuddin,,Sharjah Cricket Stadium,,,,2020-09-22,Chennai Super Kings,SV Samson,,16,K Srinivasan,2020/21,,Rajasthan Royals,4,Indian Premier League,male,V Narayan Kutty,KN Ananthapadmanabhan,Chennai Super Kings,field,1216496
,Mumbai Indians,,6,S Ravi,CB Gaffaney,,Sheikh Zayed Stadium,,,,2020-09-23,Kolkata Knight Riders,RG Sharma,,49,PG Pathak,2020/21,Abu Dhabi,Mumbai Indians,5,Indian Premier League,male,M Nayyar,VK Sharma,Kolkata Knight Riders,field,1216508
,Kings XI Punjab,,6,PR Reiffel,AK Chaudhary,,Dubai International Cricket Stadium,,,,2020-09-24,Royal Challengers Bangalore,KL Rahul,,97,AY Dandekar,2020/21,,Kings XI Punjab,6,Indian Premier League,male,J Srinath,Nitin Menon,Royal Challengers Bangalore,field,1216510
,Delhi Capitals,,6,RK Illingworth,KN Ananthapadmanabhan,,Dubai International Cricket Stadium,,,,2020-09-25,Chennai Super Kings,PP Shaw,,44,VA Kulkarni,2020/21,,Delhi Capitals,7,Indian Premier League,male,V Narayan Kutty,K Srinivasan,Chennai Super Kings,field,1216539
,Sunrisers Hyderabad,,6,VK Sharma,CB Gaffaney,,Sheikh Zayed Stadium,,,,2020-09-26,Kolkata Knight Riders,Shubman Gill,7,,UV Gandhe,2020/21,Abu Dhabi,Kolkata Knight Riders,8,Indian Premier League,male,Shakti Singh,S Ravi,Sunrisers Hyderabad,bat,1216545
,Kings XI Punjab,,6,K Srinivasan,RK Illingworth,,Sharjah Cricket Stadium,,,,2020-09-27,Rajasthan Royals,SV Samson,4,,VA Kulkarni,2020/21,,Rajasthan Royals,9,Indian Premier League,male,V Narayan Kutty,C Shamshuddin,Rajasthan Royals,field,1216527
Royal Challengers Bangalore,Royal Challengers Bangalore,,6,PR Reiffel,Nitin Menon,tie,Dubai International Cricket Stadium,,,,2020-09-28,Mumbai Indians,AB de Villiers,,,YC Barde,2020/21,,,10,Indian Premier League,male,J Srinath,AK Chaudhary,Mumbai Indians,field,1216547
,Sunrisers Hyderabad,,6,S Ravi,VK Sharma,,Sheikh Zayed Stadium,,,,2020-09-29,Delhi Capitals,Rashid Khan,,15,PG Pathak,2020/21,Abu Dhabi,Sunrisers Hyderabad,11,Indian Premier League,male,M Nayyar,CB Gaffaney,Delhi Capitals,field,1216532
,Kolkata Knight Riders,,6,C Shamshuddin,KN Ananthapadmanabhan,,Dubai International Cricket Stadium,,,,2020-09-30,Rajasthan Royals,Shivam Mavi,,37,K Srinivasan,2020/21,,Kolkata Knight Riders,12,Indian Premier League,male,V Narayan Kutty,VA Kulkarni,Rajasthan Royals,field,1216504
,Mumbai Indians,,6,S Ravi,VK Sharma,,Sheikh Zayed Stadium,,,,2020-10-01,Kings XI Punjab,KA Pollard,,48,PG Pathak,2020/21,Abu Dhabi,Mumbai Indians,13,Indian Premier League,male,M Nayyar,UV Gandhe,Kings XI Punjab,field,1216503
,Sunrisers Hyderabad,,6,PR Reiffel,AK Chaudhary,,Dubai International Cricket Stadium,,,,2020-10-02,Chennai Super Kings,PK Garg,,7,AY Dandekar,2020/21,,Sunrisers Hyderabad,14,Indian Premier League,male,Prakash Bhatt,YC Barde,Sunrisers Hyderabad,bat,1216516
,Delhi Capitals,,6,RK Illingworth,VA Kulkarni,,Sharjah Cricket Stadium,,,,2020-10-03,Kolkata Knight Riders,SS Iyer,,18,K Srinivasan,2020/21,,Delhi Capitals,16,Indian Premier League,male,V Narayan Kutty,KN Ananthapadmanabhan,Kolkata Knight Riders,field,1216515
,Rajasthan Royals,,6,S Ravi,CB Gaffaney,,Sheikh Zayed Stadium,,,,2020-10-03,Royal Challengers Bangalore,YS Chahal,8,,UV Gandhe,2020/21,Abu Dhabi,Royal Challengers Bangalore,15,Indian Premier League,male,M Nayyar,PG Pathak,Rajasthan Royals,bat,1216514
,Mumbai Indians,,6,RK Illingworth,KN Ananthapadmanabhan,,Sharjah Cricket Stadium,,,,2020-10-04,Sunrisers Hyderabad,TA Boult,,34,VA Kulkarni,2020/21,,Mumbai Indians,17,Indian Premier League,male,V Narayan Kutty,K Srinivasan,Mumbai Indians,bat,1216538
,Kings XI Punjab,,6,Nitin Menon,AY Dandekar,,Dubai International Cricket Stadium,,,,2020-10-04,Chennai Super Kings,SR Watson,10,,YC Barde,2020/21,,Chennai Super Kings,18,Indian Premier League,male,J Srinath,PR Reiffel,Kings XI Punjab,bat,1216513
,Delhi Capitals,,6,YC Barde,Nitin Menon,,Dubai International Cricket Stadium,,,,2020-10-05,Royal Challengers Bangalore,AR Patel,,59,AY Dandekar,2020/21,,Delhi Capitals,19,Indian Premier League,male,Prakash Bhatt,PR Reiffel,Royal Challengers Bangalore,field,1216519
,Mumbai Indians,,6,S Ravi,VK Sharma,,Sheikh Zayed Stadium,,,,2020-10-06,Rajasthan Royals,SA Yadav,,57,UV Gandhe,2020/21,Abu Dhabi,Mumbai Indians,20,Indian Premier League,male,Shakti Singh,CB Gaffaney,Mumbai Indians,bat,1216511
,Kolkata Knight Riders,,6,RK Illingworth,KN Ananthapadmanabhan,,Sheikh Zayed Stadium,,,,2020-10-07,Chennai Super Kings,RA Tripathi,,10,K Srinivasan,2020/21,Abu Dhabi,Kolkata Knight Riders,21,Indian Premier League,male,V Narayan Kutty,C Shamshuddin,Kolkata Knight Riders,bat,1216501
,Sunrisers Hyderabad,,6,Nitin Menon,AK Chaudhary,,Dubai International Cricket Stadium,,,,2020-10-08,Kings XI Punjab,JM Bairstow,,69,AY Dandekar,2020/21,,Sunrisers Hyderabad,22,Indian Premier League,male,J Srinath,YC Barde,Sunrisers Hyderabad,bat,1216542
,Delhi Capitals,,6,C Shamshuddin,KN Ananthapadmanabhan,,Sharjah Cricket Stadium,,,,2020-10-09,Rajasthan Royals,R Ashwin,,46,K Srinivasan,2020/21,,Delhi Capitals,23,Indian Premier League,male,V Narayan Kutty,VA Kulkarni,Rajasthan Royals,field,1216500
,Kolkata Knight Riders,,6,CB Gaffaney,UV Gandhe,,Sheikh Zayed Stadium,,,,2020-10-10,Kings XI Punjab,KD Karthik,,2,PG Pathak,2020/21,Abu Dhabi,Kolkata Knight Riders,24,Indian Premier League,male,M Nayyar,VK Sharma,Kolkata Knight Riders,bat,1216523
,Royal Challengers Bangalore,,6,PR Reiffel,AK Chaudhary,,Dubai International Cricket Stadium,,,,2020-10-10,Chennai Super Kings,V Kohli,,37,YC Barde,2020/21,,Royal Challengers Bangalore,25,Indian Premier League,male,J Srinath,AY Dandekar,Royal Challengers Bangalore,bat,1216525
,Sunrisers Hyderabad,,6,PR Reiffel,YC Barde,,Dubai International Cricket Stadium,,,,2020-10-11,Rajasthan Royals,R Tewatia,5,,AY Dandekar,2020/21,,Rajasthan Royals,26,Indian Premier League,male,Prakash Bhatt,Nitin Menon,Sunrisers Hyderabad,bat,1216507
,Delhi Capitals,,6,S Ravi,CB Gaffaney,,Sheikh Zayed Stadium,,,,2020-10-11,Mumbai Indians,Q de Kock,5,,UV Gandhe,2020/21,Abu Dhabi,Mumbai Indians,27,Indian Premier League,male,Shakti Singh,VK Sharma,Delhi Capitals,bat,1216529
,Royal Challengers Bangalore,,6,K Srinivasan,RK Illingworth,,Sharjah Cricket Stadium,,,,2020-10-12,Kolkata Knight Riders,AB de Villiers,,82,VA Kulkarni,2020/21,,Royal Challengers Bangalore,28,Indian Premier League,male,V Narayan Kutty,KN Ananthapadmanabhan,Royal Challengers Bangalore,bat,1216540
,Chennai Super Kings,,6,PR Reiffel,AK Chaudhary,,Dubai International Cricket Stadium,,,,2020-10-13,Sunrisers Hyderabad,RA Jadeja,,20,YC Barde,2020/21,,Chennai Super Kings,29,Indian Premier League,male,J Srinath,Nitin Menon,Chennai Super Kings,bat,1216528
,Delhi Capitals,,6,Nitin Menon,AK Chaudhary,,Dubai International Cricket Stadium,,,,2020-10-14,Rajasthan Royals,A Nortje,,13,YC Barde,2020/21,,Delhi Capitals,30,Indian Premier League,male,J Srinath,AY Dandekar,Delhi Capitals,bat,1216543
,Royal Challengers Bangalore,,6,C Shamshuddin,KN Ananthapadmanabhan,,Sharjah Cricket Stadium,,,,2020-10-15,Kings XI Punjab,KL Rahul,8,,K Srinivasan,2020/21,,Kings XI Punjab,31,Indian Premier League,male,V Narayan Kutty,RK Illingworth,Royal Challengers Bangalore,bat,1216531
,Kolkata Knight Riders,,6,VK Sharma,CB Gaffaney,,Sheikh Zayed Stadium,,,,2020-10-16,Mumbai Indians,Q de Kock,8,,PG Pathak,2020/21,Abu Dhabi,Mumbai Indians,32,Indian Premier League,male,M Nayyar,S Ravi,Kolkata Knight Riders,bat,1216526
,Chennai Super Kings,,6,RK Illingworth,KN Ananthapadmanabhan,,Sharjah Cricket Stadium,,,,2020-10-17,Delhi Capitals,S Dhawan,5,,VA Kulkarni,2020/21,,Delhi Capitals,34,Indian Premier League,male,V Narayan Kutty,C Shamshuddin,Chennai Super Kings,bat,1216509
,Rajasthan Royals,,6,Nitin Menon,AK Chaudhary,,Dubai International Cricket Stadium,,,,2020-10-17,Royal Challengers Bangalore,AB de Villiers,7,,YC Barde,2020/21,,Royal Challengers Bangalore,33,Indian Premier League,male,J Srinath,PR Reiffel,Rajasthan Royals,bat,1216522
Kolkata Knight Riders,Kolkata Knight Riders,,6,S Ravi,PG Pathak,tie,Sheikh Zayed Stadium,,,,2020-10-18,Sunrisers Hyderabad,LH Ferguson,,,UV Gandhe,2020/21,Abu Dhabi,,35,Indian Premier League,male,M Nayyar,VK Sharma,Sunrisers Hyderabad,field,1216512
Kings XI Punjab,Mumbai Indians,,6,PR Reiffel,Nitin Menon,tie,Dubai International Cricket Stadium,,,,2020-10-18,Kings XI Punjab,KL Rahul,,,AY Dandekar,2020/21,,,36,Indian Premier League,male,J Srinath,AK Chaudhary,Mumbai Indians,bat,1216517
,Chennai Super Kings,,6,VK Sharma,CB Gaffaney,,Sheikh Zayed Stadium,,,,2020-10-19,Rajasthan Royals,JC Buttler,7,,PG Pathak,2020/21,Abu Dhabi,Rajasthan Royals,37,Indian Premier League,male,M Nayyar,UV Gandhe,Chennai Super Kings,bat,1216533
,Delhi Capitals,,6,RK Illingworth,C Shamshuddin,,Dubai International Cricket Stadium,,,,2020-10-20,Kings XI Punjab,S Dhawan,5,,K Srinivasan,2020/21,,Kings XI Punjab,38,Indian Premier League,male,Prakash Bhatt,KN Ananthapadmanabhan,Delhi Capitals,bat,1216546
,Kolkata Knight Riders,,6,S Ravi,VK Sharma,,Sheikh Zayed Stadium,,,,2020-10-21,Royal Challengers Bangalore,Mohammed Siraj,8,,UV Gandhe,2020/21,Abu Dhabi,Royal Challengers Bangalore,39,Indian Premier League,male,Shakti Singh,CB Gaffaney,Kolkata Knight Riders,bat,1216494
,Rajasthan Royals,,6,PR Reiffel,Nitin Menon,,Dubai International Cricket Stadium,,,,2020-10-22,Sunrisers Hyderabad,MK Pandey,8,,AY Dandekar,2020/21,,Sunrisers Hyderabad,40,Indian Premier League,male,J Srinath,AK Chaudhary,Sunrisers Hyderabad,field,1216518
,Chennai Super Kings,,6,VA Kulkarni,C Shamshuddin,,Sharjah Cricket Stadium,,,,2020-10-23,Mumbai Indians,TA Boult,10,,K Srinivasan,2020/21,,Mumbai Indians,41,Indian Premier League,male,V Narayan Kutty,RK Illingworth,Mumbai Indians,field,1216521
,Kolkata Knight Riders,,6,PG Pathak,CB Gaffaney,,Sheikh Zayed Stadium,,,,2020-10-24,Delhi Capitals,CV Varun,,59,UV Gandhe,2020/21,Abu Dhabi,Kolkata Knight Riders,42,Indian Premier League,male,M Nayyar,S Ravi,Delhi Capitals,field,1216497
,Kings XI Punjab,,6,PR Reiffel,AY Dandekar,,Dubai International Cricket Stadium,,,,2020-10-24,Sunrisers Hyderabad,CJ Jordan,,12,YC Barde,2020/21,,Kings XI Punjab,43,Indian Premier League,male,J Srinath,Nitin Menon,Sunrisers Hyderabad,field,1216498
,Royal Challengers Bangalore,,6,RK Illingworth,C Shamshuddin,,Dubai International Cricket Stadium,,,,2020-10-25,Chennai Super Kings,RD Gaikwad,8,,VA Kulkarni,2020/21,,Chennai Super Kings,44,Indian Premier League,male,Prakash Bhatt,KN Ananthapadmanabhan,Royal Challengers Bangalore,bat,1216544
,Mumbai Indians,,6,VK Sharma,UV Gandhe,,Sheikh Zayed Stadium,,,,2020-10-25,Rajasthan Royals,BA Stokes,8,,PG Pathak,2020/21,Abu Dhabi,Rajasthan Royals,45,Indian Premier League,male,Shakti Singh,S Ravi,Mumbai Indians,bat,1216541
,Kolkata Knight Riders,,6,RK Illingworth,KN Ananthapadmanabhan,,Sharjah Cricket Stadium,,,,2020-10-26,Kings XI Punjab,CH Gayle,8,,VA Kulkarni,2020/21,,Kings XI Punjab,46,Indian Premier League,male,V Narayan Kutty,K Srinivasan,Kings XI Punjab,field,1216520
,Sunrisers Hyderabad,,6,Nitin Menon,AK Chaudhary,,Dubai International Cricket Stadium,,,,2020-10-27,Delhi Capitals,WP Saha,,88,AY Dandekar,2020/21,,Sunrisers Hyderabad,47,Indian Premier League,male,J Srinath,PR Reiffel,Delhi Capitals,field,1216524
,Royal Challengers Bangalore,,6,CB Gaffaney,UV Gandhe,,Sheikh Zayed Stadium,,,,2020-10-28,Mumbai Indians,SA Yadav,5,,PG Pathak,2020/21,Abu Dhabi,Mumbai Indians,48,Indian Premier League,male,M Nayyar,S Ravi,Mumbai Indians,field,1216499
,Kolkata Knight Riders,,6,RK Illingworth,C Shamshuddin,,Dubai International Cricket Stadium,,,,2020-10-29,Chennai Super Kings,RD Gaikwad,6,,K Srinivasan,2020/21,,Chennai Super Kings,49,Indian Premier League,male,Prakash Bhatt,KN Ananthapadmanabhan,Chennai Super Kings,field,1216536
,Kings XI Punjab,,6,S Ravi,CB Gaffaney,,Sheikh Zayed Stadium,,,,2020-10-30,Rajasthan Royals,BA Stokes,7,,UV Gandhe,2020/21,Abu Dhabi,Rajasthan Royals,50,Indian Premier League,male,M Nayyar,PG Pathak,Rajasthan Royals,field,1216537
,Delhi Capitals,,6,PR Reiffel,YC Barde,,Dubai International Cricket Stadium,,,,2020-10-31,Mumbai Indians,Ishan Kishan,9,,AY Dandekar,2020/21,,Mumbai Indians,51,Indian Premier League,male,J Srinath,AK Chaudhary,Mumbai Indians,field,1216535
,Royal Challengers Bangalore,,6,K Srinivasan,KN Ananthapadmanabhan,,Sharjah Cricket Stadium,,,,2020-10-31,Sunrisers Hyderabad,Sandeep Sharma,5,,VA Kulkarni,2020/21,,Sunrisers Hyderabad,52,Indian Premier League,male,V Narayan Kutty,C Shamshuddin,Sunrisers Hyderabad,field,1216502
,Kings XI Punjab,,6,VK Sharma,PG Pathak,,Sheikh Zayed Stadium,,,,2020-11-01,Chennai Super Kings,RD Gaikwad,9,,UV Gandhe,2020/21,Abu Dhabi,Chennai Super Kings,53,Indian Premier League,male,M Nayyar,CB Gaffaney,Chennai Super Kings,field,1216506
,Kolkata Knight Riders,,6,PR Reiffel,Nitin Menon,,Dubai International Cricket Stadium,,,,2020-11-01,Rajasthan Royals,PJ Cummins,,60,YC Barde,2020/21,,Kolkata Knight Riders,54,Indian Premier League,male,Shakti Singh,AK Chaudhary,Rajasthan Royals,field,1216530
,Royal Challengers Bangalore,,6,S Ravi,CB Gaffaney,,Sheikh Zayed Stadium,,,,2020-11-02,Delhi Capitals,A Nortje,6,,PG Pathak,2020/21,Abu Dhabi,Delhi Capitals,55,Indian Premier League,male,M Nayyar,VK Sharma,Delhi Capitals,field,1216505
,Mumbai Indians,,6,RK Illingworth,C Shamshuddin,,Sharjah Cricket Stadium,,,,2020-11-03,Sunrisers Hyderabad,S Nadeem,10,,VA Kulkarni,2020/21,,Sunrisers Hyderabad,56,Indian Premier League,male,Prakash Bhatt,KN Ananthapadmanabhan,Sunrisers Hyderabad,field,1216495
,Mumbai Indians,,6,Nitin Menon,CB Gaffaney,,Dubai International Cricket Stadium,,,,2020-11-05,Delhi Capitals,JJ Bumrah,,57,AK Chaudhary,2020/21,,Mumbai Indians,,Indian Premier League,male,J Srinath,KN Ananthapadmanabhan,Delhi Capitals,field,1237177
,Royal Challengers Bangalore,,6,S Ravi,PR Reiffel,,Sheikh Zayed Stadium,,,,2020-11-06,Sunrisers Hyderabad,KS Williamson,6,,C Shamshuddin,2020/21,Abu Dhabi,Sunrisers Hyderabad,,Indian Premier League,male,M Nayyar,VK Sharma,Sunrisers Hyderabad,field,1237178
,Delhi Capitals,,6,S Ravi,PR Reiffel,,Sheikh Zayed Stadium,,,,2020-11-08,Sunrisers Hyderabad,MP Stoinis,,17,VK Sharma,2020/21,Abu Dhabi,Delhi Capitals,,Indian Premier League,male,M Nayyar,C Shamshuddin,Delhi Capitals,bat,1237180
,Delhi Capitals,,6,Nitin Menon,CB Gaffaney,,Dubai International Cricket Stadium,,,,2020-11-10,Mumbai Indians,TA Boult,5,,KN Ananthapadmanabhan,2020/21,,Mumbai Indians,,Indian Premier League,male,J Srinath,AK Chaudhary,Delhi Capitals,bat,1237181
,Mumbai Indians,,6,Nitin Menon,KN Ananthapadmanabhan,,"MA Chidambaram Stadium, Chepauk, Chennai",,,,2021-04-09,Royal Challengers Bangalore,HV Patel,2,,UV Gandhe,2021,Chennai,Royal Challengers Bangalore,1,Indian Premier League,male,V Narayan Kutty,C Shamshuddin,Royal Challengers Bangalore,field,1254058
,Chennai Super Kings,,6,VK Sharma,AK Chaudhary,,"Wankhede Stadium, Mumbai",,,,2021-04-10,Delhi Capitals,S Dhawan,7,,AY Dandekar,2021,Mumbai,Delhi Capitals,2,Indian Premier League,male,M Nayyar,S Ravi,Delhi Capitals,field,1254059
,Kolkata Knight Riders,,6,Nitin Menon,KN Ananthapadmanabhan,,"MA Chidambaram Stadium, Chepauk, Chennai",,,,2021-04-11,Sunrisers Hyderabad,N Rana,,10,HAS Khalid,2021,Chennai,Kolkata Knight Riders,3,Indian Premier League,male,V Narayan Kutty,CB Gaffaney,Sunrisers Hyderabad,field,1254060
,Punjab Kings,,6,S Ravi,AK Chaudhary,,"Wankhede Stadium, Mumbai",,,,2021-04-12,Rajasthan Royals,SV Samson,,4,YC Barde,2021,Mumbai,Punjab Kings,4,Indian Premier League,male,M Nayyar,VK Sharma,Rajasthan Royals,field,1254061
,Mumbai Indians,,6,CB Gaffaney,C Shamshuddin,,"MA Chidambaram Stadium, Chepauk, Chennai",,,,2021-04-13,Kolkata Knight Riders,RD Chahar,,10,HAS Khalid,2021,Chennai,Mumbai Indians,5,Indian Premier League,male,S Chaturvedi,KN Ananthapadmanabhan,Kolkata Knight Riders,field,1254062
,Royal Challengers Bangalore,,6,UV Gandhe,Nitin Menon,,"MA Chidambaram Stadium, Chepauk, Chennai",,,,2021-04-14,Sunrisers Hyderabad,GJ Maxwell,,6,Tapan Sharma,2021,Chennai,Royal Challengers Bangalore,6,Indian Premier League,male,V Narayan Kutty,C Shamshuddin,Sunrisers Hyderabad,field,1254063
,Delhi Capitals,,6,VK Sharma,S Ravi,,"Wankhede Stadium, Mumbai",,,,2021-04-15,Rajasthan Royals,JD Unadkat,3,,J Madanagopal,2021,Mumbai,Rajasthan Royals,7,Indian Premier League,male,Shakti Singh,AK Chaudhary,Rajasthan Royals,field,1254064
,Punjab Kings,,6,AY Dandekar,AK Chaudhary,,"Wankhede Stadium, Mumbai",,,,2021-04-16,Chennai Super Kings,DL Chahar,6,,Navdeep Singh,2021,Mumbai,Chennai Super Kings,8,Indian Premier League,male,Prakash Bhatt,VK Sharma,Chennai Super Kings,field,1254065
,Mumbai Indians,,6,K Srinivasan,CB Gaffaney,,"MA Chidambaram Stadium, Chepauk, Chennai",,,,2021-04-17,Sunrisers Hyderabad,KA Pollard,,13,Tapan Sharma,2021,Chennai,Mumbai Indians,9,Indian Premier League,male,S Chaturvedi,KN Ananthapadmanabhan,Mumbai Indians,bat,1254066
,Royal Challengers Bangalore,,6,Nitin Menon,C Shamshuddin,,"MA Chidambaram Stadium, Chepauk, Chennai",,,,2021-04-18,Kolkata Knight Riders,AB de Villiers,,38,K Srinivasan,2021,Chennai,Royal Challengers Bangalore,10,Indian Premier League,male,V Narayan Kutty,CB Gaffaney,Royal Challengers Bangalore,bat,1254067
,Punjab Kings,,6,PR Reiffel,AK Chaudhary,,"Wankhede Stadium, Mumbai",,,,2021-04-18,Delhi Capitals,S Dhawan,6,,J Madanagopal,2021,Mumbai,Delhi Capitals,11,Indian Premier League,male,M Nayyar,S Ravi,Delhi Capitals,field,1254068
,Chennai Super Kings,,6,VK Sharma,PR Reiffel,,"Wankhede Stadium, Mumbai",,,,2021-04-19,Rajasthan Royals,MM Ali,,45,Navdeep Singh,2021,Mumbai,Chennai Super Kings,12,Indian Premier League,male,Prakash Bhatt,YC Barde,Rajasthan Royals,field,1254069
,Mumbai Indians,,6,CB Gaffaney,C Shamshuddin,,"MA Chidambaram Stadium, Chepauk, Chennai",,,,2021-04-20,Delhi Capitals,A Mishra,6,,Tapan Sharma,2021,Chennai,Delhi Capitals,13,Indian Premier League,male,V Narayan Kutty,UV Gandhe,Mumbai Indians,bat,1254070
,Punjab Kings,,6,Nitin Menon,K Srinivasan,,"MA Chidambaram Stadium, Chepauk, Chennai",,,,2021-04-21,Sunrisers Hyderabad,JM Bairstow,9,,HAS Khalid,2021,Chennai,Sunrisers Hyderabad,14,Indian Premier League,male,S Chaturvedi,KN Ananthapadmanabhan,Punjab Kings,bat,1254071
,Chennai Super Kings,,6,PR Reiffel,AY Dandekar,,"Wankhede Stadium, Mumbai",,,,2021-04-21,Kolkata Knight Riders,F du Plessis,,18,YC Barde,2021,Mumbai,Chennai Super Kings,15,Indian Premier League,male,Shakti Singh,AK Chaudhary,Kolkata Knight Riders,field,1254072
,Rajasthan Royals,,6,S Ravi,J Madanagopal,,"Wankhede Stadium, Mumbai",,,,2021-04-22,Royal Challengers Bangalore,D Padikkal,10,,AY Dandekar,2021,Mumbai,Royal Challengers Bangalore,16,Indian Premier League,male,Shakti Singh,VK Sharma,Royal Challengers Bangalore,field,1254073
,Mumbai Indians,,6,Nitin Menon,C Shamshuddin,,"MA Chidambaram Stadium, Chepauk, Chennai",,,,2021-04-23,Punjab Kings,KL Rahul,9,,UV Gandhe,2021,Chennai,Punjab Kings,17,Indian Premier League,male,V Narayan Kutty,HAS Khalid,Punjab Kings,field,1254074
,Kolkata Knight Riders,,6,S Ravi,Navdeep Singh,,"Wankhede Stadium, Mumbai",,,,2021-04-24,Rajasthan Royals,CH Morris,6,,YC Barde,2021,Mumbai,Rajasthan Royals,18,Indian Premier League,male,M Nayyar,PR Reiffel,Rajasthan Royals,field,1254075
,Chennai Super Kings,,6,VK Sharma,AK Chaudhary,,"Wankhede Stadium, Mumbai",,,,2021-04-25,Royal Challengers Bangalore,RA Jadeja,,69,J Madanagopal,2021,Mumbai,Chennai Super Kings,19,Indian Premier League,male,Shakti Singh,Navdeep Singh,Chennai Super Kings,bat,1254076
Delhi Capitals,Delhi Capitals,,6,KN Ananthapadmanabhan,CB Gaffaney,tie,"MA Chidambaram Stadium, Chepauk, Chennai",,,,2021-04-25,Sunrisers Hyderabad,PP Shaw,,,K Srinivasan,2021,Chennai,,20,Indian Premier League,male,S Chaturvedi,Tapan Sharma,Delhi Capitals,bat,1254077
,Punjab Kings,,6,YC Barde,PR Reiffel,,"Narendra Modi Stadium, Ahmedabad",,,,2021-04-26,Kolkata Knight Riders,EJG Morgan,5,,AY Dandekar,2021,Ahmedabad,Kolkata Knight Riders,21,Indian Premier League,male,Prakash Bhatt,S Ravi,Kolkata Knight Riders,field,1254078
,Royal Challengers Bangalore,,6,VK Sharma,S Ravi,,"Narendra Modi Stadium, Ahmedabad",,,,2021-04-27,Delhi Capitals,AB de Villiers,,1,J Madanagopal,2021,Ahmedabad,Royal Challengers Bangalore,22,Indian Premier League,male,M Nayyar,AK Chaudhary,Delhi Capitals,field,1254079
,Sunrisers Hyderabad,,6,CK Nandan,C Shamshuddin,,"Arun Jaitley Stadium, Delhi",,,,2021-04-28,Chennai Super Kings,RD Gaikwad,7,,UV Gandhe,2021,Delhi,Chennai Super Kings,23,Indian Premier League,male,J Srinath,KN Ananthapadmanabhan,Sunrisers Hyderabad,bat,1254080
,Rajasthan Royals,,6,KN Ananthapadmanabhan,CB Gaffaney,,"Arun Jaitley Stadium, Delhi",,,,2021-04-29,Mumbai Indians,Q de Kock,7,,Tapan Sharma,2021,Delhi,Mumbai Indians,24,Indian Premier League,male,V Narayan Kutty,C Shamshuddin,Mumbai Indians,field,1254081
,Kolkata Knight Riders,,6,YC Barde,AK Chaudhary,,"Narendra Modi Stadium, Ahmedabad",,,,2021-04-29,Delhi Capitals,PP Shaw,7,,Navdeep Singh,2021,Ahmedabad,Delhi Capitals,25,Indian Premier League,male,Prakash Bhatt,AY Dandekar,Delhi Capitals,field,1254082
,Punjab Kings,,6,VK Sharma,S Ravi,,"Narendra Modi Stadium, Ahmedabad",,,,2021-04-30,Royal Challengers Bangalore,Harpreet Brar,,34,YC Barde,2021,Ahmedabad,Punjab Kings,26,Indian Premier League,male,Shakti Singh,J Madanagopal,Royal Challengers Bangalore,field,1254083
,Chennai Super Kings,,6,CK Nandan,KN Ananthapadmanabhan,,"Arun Jaitley Stadium, Delhi",,,,2021-05-01,Mumbai Indians,KA Pollard,4,,K Srinivasan,2021,Delhi,Mumbai Indians,27,Indian Premier League,male,J Srinath,CB Gaffaney,Mumbai Indians,field,1254084
,Rajasthan Royals,,6,CB Gaffaney,C Shamshuddin,,"Arun Jaitley Stadium, Delhi",,,,2021-05-02,Sunrisers Hyderabad,JC Buttler,,55,HAS Khalid,2021,Delhi,Rajasthan Royals,28,Indian Premier League,male,S Chaturvedi,UV Gandhe,Sunrisers Hyderabad,field,1254085
,Punjab Kings,,6,AY Dandekar,AK Chaudhary,,"Narendra Modi Stadium, Ahmedabad",,,,2021-05-02,Delhi Capitals,MA Agarwal,7,,Navdeep Singh,2021,Ahmedabad,Delhi Capitals,29,Indian Premier League,male,Shakti Singh,J Madanagopal,Delhi Capitals,field,1254086
,Chennai Super Kings,,6,RK Illingworth,Nitin Menon,,Dubai International Cricket Stadium,,,,2021-09-19,Mumbai Indians,RD Gaikwad,,20,AY Dandekar,2021,Dubai,Chennai Super Kings,30,Indian Premier League,male,J Srinath,AK Chaudhary,Chennai Super Kings,bat,1254104
,Royal Challengers Bangalore,,6,S Ravi,CB Gaffaney,,"Zayed Cricket Stadium, Abu Dhabi",,,,2021-09-20,Kolkata Knight Riders,CV Varun,9,,UV Gandhe,2021,Abu Dhabi,Kolkata Knight Riders,31,Indian Premier League,male,V Narayan Kutty,VK Sharma,Royal Challengers Bangalore,bat,1254087
,Rajasthan Royals,,6,MA Gough,AK Chaudhary,,Dubai International Cricket Stadium,,,,2021-09-21,Punjab Kings,Kartik Tyagi,,2,YC Barde,2021,Dubai,Rajasthan Royals,32,Indian Premier League,male,Prakash Bhatt,KN Ananthapadmanabhan,Punjab Kings,field,1254111
,Sunrisers Hyderabad,,6,RK Illingworth,KN Ananthapadmanabhan,,Dubai International Cricket Stadium,,,,2021-09-22,Delhi Capitals,A Nortje,8,,K Srinivasan,2021,Dubai,Delhi Capitals,33,Indian Premier League,male,M Nayyar,J Madanagopal,Sunrisers Hyderabad,bat,1254105
,Mumbai Indians,,6,VK Sharma,S Ravi,,"Zayed Cricket Stadium, Abu Dhabi",,,,2021-09-23,Kolkata Knight Riders,SP Narine,7,,Tapan Sharma,2021,Abu Dhabi,Kolkata Knight Riders,34,Indian Premier League,male,V Narayan Kutty,CB Gaffaney,Kolkata Knight Riders,field,1254096
,Royal Challengers Bangalore,,6,Nitin Menon,AK Chaudhary,,Sharjah Cricket Stadium,,,,2021-09-24,Chennai Super Kings,DJ Bravo,6,,Navdeep Singh,2021,Sharjah,Chennai Super Kings,35,Indian Premier League,male,J Srinath,MA Gough,Chennai Super Kings,field,1254113
,Punjab Kings,,6,YC Barde,RK Illingworth,,Sharjah Cricket Stadium,,,,2021-09-25,Sunrisers Hyderabad,JO Holder,,5,J Madanagopal,2021,Sharjah,Punjab Kings,37,Indian Premier League,male,Prakash Bhatt,KN Ananthapadmanabhan,Sunrisers Hyderabad,field,1254107
,Delhi Capitals,,6,UV Gandhe,CB Gaffaney,,"Zayed Cricket Stadium, Abu Dhabi",,,,2021-09-25,Rajasthan Royals,SS Iyer,,33,Tapan Sharma,2021,Abu Dhabi,Delhi Capitals,36,Indian Premier League,male,V Narayan Kutty,S Ravi,Rajasthan Royals,field,1254097
,Royal Challengers Bangalore,,6,MA Gough,AK Chaudhary,,Dubai International Cricket Stadium,,,,2021-09-26,Mumbai Indians,GJ Maxwell,,54,HAS Khalid,2021,Dubai,Royal Challengers Bangalore,39,Indian Premier League,male,M Nayyar,Nitin Menon,Mumbai Indians,field,1254108
,Kolkata Knight Riders,,6,Tapan Sharma,CB Gaffaney,,"Zayed Cricket Stadium, Abu Dhabi",,,,2021-09-26,Chennai Super Kings,RA Jadeja,2,,UV Gandhe,2021,Abu Dhabi,Chennai Super Kings,38,Indian Premier League,male,V Narayan Kutty,VK Sharma,Kolkata Knight Riders,bat,1254098
,Rajasthan Royals,,6,Navdeep Singh,KN Ananthapadmanabhan,,Dubai International Cricket Stadium,,,,2021-09-27,Sunrisers Hyderabad,JJ Roy,7,,AY Dandekar,2021,Dubai,Sunrisers Hyderabad,40,Indian Premier League,male,J Srinath,RK Illingworth,Rajasthan Royals,bat,1254100
,Punjab Kings,,6,VK Sharma,S Ravi,,"Zayed Cricket Stadium, Abu Dhabi",,,,2021-09-28,Mumbai Indians,KA Pollard,6,,Tapan Sharma,2021,Abu Dhabi,Mumbai Indians,42,Indian Premier League,male,V Narayan Kutty,UV Gandhe,Mumbai Indians,field,1254099
,Delhi Capitals,,6,HAS Khalid,Nitin Menon,,Sharjah Cricket Stadium,,,,2021-09-28,Kolkata Knight Riders,SP Narine,3,,YC Barde,2021,Sharjah,Kolkata Knight Riders,41,Indian Premier League,male,Prakash Bhatt,AK Chaudhary,Kolkata Knight Riders,field,1254092
,Rajasthan Royals,,6,KN Ananthapadmanabhan,AY Dandekar,,Dubai International Cricket Stadium,,,,2021-09-29,Royal Challengers Bangalore,YS Chahal,7,,K Srinivasan,2021,Dubai,Royal Challengers Bangalore,43,Indian Premier League,male,M Nayyar,RK Illingworth,Royal Challengers Bangalore,field,1254103
,Sunrisers Hyderabad,,6,YC Barde,Nitin Menon,,Sharjah Cricket Stadium,,,,2021-09-30,Chennai Super Kings,JR Hazlewood,6,,HAS Khalid,2021,Sharjah,Chennai Super Kings,44,Indian Premier League,male,Prakash Bhatt,MA Gough,Chennai Super Kings,field,1254091
,Kolkata Knight Riders,,6,RK Illingworth,KN Ananthapadmanabhan,,Dubai International Cricket Stadium,,,,2021-10-01,Punjab Kings,KL Rahul,5,,J Madanagopal,2021,Dubai,Punjab Kings,45,Indian Premier League,male,M Nayyar,AY Dandekar,Punjab Kings,field,1254102
,Mumbai Indians,,6,MA Gough,AK Chaudhary,,Sharjah Cricket Stadium,,,,2021-10-02,Delhi Capitals,AR Patel,4,,Navdeep Singh,2021,Sharjah,Delhi Capitals,46,Indian Premier League,male,J Srinath,Nitin Menon,Delhi Capitals,field,1254112
,Chennai Super Kings,,6,VK Sharma,CB Gaffaney,,"Zayed Cricket Stadium, Abu Dhabi",,,,2021-10-02,Rajasthan Royals,RD Gaikwad,7,,UV Gandhe,2021,Abu Dhabi,Rajasthan Royals,47,Indian Premier League,male,V Narayan Kutty,Tapan Sharma,Rajasthan Royals,field,1254089
,Sunrisers Hyderabad,,6,MA Gough,J Madanagopal,,Dubai International Cricket Stadium,,,,2021-10-03,Kolkata Knight Riders,Shubman Gill,6,,HAS Khalid,2021,Dubai,Kolkata Knight Riders,49,Indian Premier League,male,M Nayyar,Navdeep Singh,Sunrisers Hyderabad,bat,1254109
,Royal Challengers Bangalore,,6,RK Illingworth,KN Ananthapadmanabhan,,Sharjah Cricket Stadium,,,,2021-10-03,Punjab Kings,GJ Maxwell,,6,YC Barde,2021,Sharjah,Royal Challengers Bangalore,48,Indian Premier League,male,Prakash Bhatt,K Srinivasan,Royal Challengers Bangalore,bat,1254090
,Chennai Super Kings,,6,Nitin Menon,AK Chaudhary,,Dubai International Cricket Stadium,,,,2021-10-04,Delhi Capitals,AR Patel,3,,AY Dandekar,2021,Dubai,Delhi Capitals,50,Indian Premier League,male,J Srinath,HAS Khalid,Delhi Capitals,field,1254110
,Rajasthan Royals,,6,MA Gough,AK Chaudhary,,Sharjah Cricket Stadium,,,,2021-10-05,Mumbai Indians,NM Coulter-Nile,8,,K Srinivasan,2021,Sharjah,Mumbai Indians,51,Indian Premier League,male,Prakash Bhatt,J Madanagopal,Mumbai Indians,field,1254093
,Sunrisers Hyderabad,,6,UV Gandhe,S Ravi,,"Zayed Cricket Stadium, Abu Dhabi",,,,2021-10-06,Royal Challengers Bangalore,KS Williamson,,4,Tapan Sharma,2021,Abu Dhabi,Sunrisers Hyderabad,52,Indian Premier League,male,V Narayan Kutty,CB Gaffaney,Royal Challengers Bangalore,field,1254095
,Kolkata Knight Riders,,6,HAS Khalid,MA Gough,,Sharjah Cricket Stadium,,,,2021-10-07,Rajasthan Royals,Shivam Mavi,,86,Navdeep Singh,2021,Sharjah,Kolkata Knight Riders,54,Indian Premier League,male,M Nayyar,YC Barde,Rajasthan Royals,field,1254106
,Chennai Super Kings,,6,RK Illingworth,K Srinivasan,,Dubai International Cricket Stadium,,,,2021-10-07,Punjab Kings,KL Rahul,6,,J Madanagopal,2021,Dubai,Punjab Kings,53,Indian Premier League,male,J Srinath,AY Dandekar,Punjab Kings,field,1254094
,Delhi Capitals,,6,Nitin Menon,KN Ananthapadmanabhan,,Dubai International Cricket Stadium,,,,2021-10-08,Royal Challengers Bangalore,KS Bharat,7,,Navdeep Singh,2021,Dubai,Royal Challengers Bangalore,56,Indian Premier League,male,Prakash Bhatt,K Srinivasan,Royal Challengers Bangalore,field,1254101
,Mumbai Indians,,6,VK Sharma,Tapan Sharma,,"Zayed Cricket Stadium, Abu Dhabi",,,,2021-10-08,Sunrisers Hyderabad,Ishan Kishan,,42,UV Gandhe,2021,Abu Dhabi,Mumbai Indians,55,Indian Premier League,male,V Narayan Kutty,,Mumbai Indians,bat,1254088
,Delhi Capitals,,6,RK Illingworth,Nitin Menon,,Dubai International Cricket Stadium,,,,2021-10-10,Chennai Super Kings,RD Gaikwad,4,,KN Ananthapadmanabhan,2021,Dubai,Chennai Super Kings,,Indian Premier League,male,J Srinath,MA Gough,Chennai Super Kings,field,1254114
,Royal Challengers Bangalore,,6,VK Sharma,CB Gaffaney,,Sharjah Cricket Stadium,,,,2021-10-11,Kolkata Knight Riders,SP Narine,4,,S Ravi,2021,Sharjah,Kolkata Knight Riders,,Indian Premier League,male,M Nayyar,AK Chaudhary,Royal Challengers Bangalore,bat,1254115
,Delhi Capitals,,6,MA Gough,KN Ananthapadmanabhan,,Sharjah Cricket Stadium,,,,2021-10-13,Kolkata Knight Riders,VR Iyer,3,,AK Chaudhary,2021,Sharjah,Kolkata Knight Riders,,Indian Premier League,male,M Nayyar,CB Gaffaney,Kolkata Knight Riders,field,1254116
,Chennai Super Kings,,6,RK Illingworth,Nitin Menon,,Dubai International Cricket Stadium,,,,2021-10-15,Kolkata Knight Riders,F du Plessis,,27,VK Sharma,2021,Dubai,Chennai Super Kings,,Indian Premier League,male,J Srinath,S Ravi,Kolkata Knight Riders,field,1254117
,Chennai Super Kings,,6,Nitin Menon,AK Chaudhary,,"Wankhede Stadium, Mumbai",,,,2022-03-26,Kolkata Knight Riders,UT Yadav,6,,Chirra Ravikanthreddy,2022,Mumbai,Kolkata Knight Riders,1,Indian Premier League,male,M Nayyar,VK Sharma,Kolkata Knight Riders,field,1304047
,Mumbai Indians,,6,HAS Khalid,RJ Tucker,,"Brabourne Stadium, Mumbai",,,,2022-03-27,Delhi Capitals,Kuldeep Yadav,4,,N Pandit,2022,Mumbai,Delhi Capitals,2,Indian Premier League,male,Prakash Bhatt,J Madanagopal,Delhi Capitals,field,1304048
,Royal Challengers Bangalore,,6,YC Barde,Nitin Menon,,"Dr DY Patil Sports Academy, Mumbai",,,,2022-03-27,Punjab Kings,OF Smith,5,,R Pandit,2022,Mumbai,Punjab Kings,3,Indian Premier League,male,M Nayyar,AK Chaudhary,Punjab Kings,field,1304049
,Lucknow Super Giants,,6,VK Sharma,PG Pathak,,"Wankhede Stadium, Mumbai",,,,2022-03-28,Gujarat Titans,Mohammed Shami,5,,GR Sadashiv Iyer,2022,Mumbai,Gujarat Titans,4,Indian Premier League,male,DS Manohar,RJ Tucker,Gujarat Titans,field,1304050
,Rajasthan Royals,,6,UV Gandhe,BNJ Oxenford,,"Maharashtra Cricket Association Stadium, Pune",,,,2022-03-29,Sunrisers Hyderabad,SV Samson,,61,MV Saidharshan Kumar,2022,Pune,Rajasthan Royals,5,Indian Premier League,male,Shakti Singh,KN Ananthapadmanabhan,Sunrisers Hyderabad,field,1304051
,Kolkata Knight Riders,,6,Navdeep Singh,J Madanagopal,,"Dr DY Patil Sports Academy, Mumbai",,,,2022-03-30,Royal Challengers Bangalore,PWH de Silva,3,,Chirra Ravikanthreddy,2022,Mumbai,Royal Challengers Bangalore,6,Indian Premier League,male,M Nayyar,Nitin Menon,Royal Challengers Bangalore,field,1304052
,Chennai Super Kings,,6,VK Sharma,RJ Tucker,,"Brabourne Stadium, Mumbai",,,,2022-03-31,Lucknow Super Giants,E Lewis,6,,NA Patwardhan,2022,Mumbai,Lucknow Super Giants,7,Indian Premier League,male,J Srinath,YC Barde,Lucknow Super Giants,field,1304053
,Punjab Kings,,6,HAS Khalid,AK Chaudhary,,"Wankhede Stadium, Mumbai",,,,2022-04-01,Kolkata Knight Riders,UT Yadav,6,,A Totre,2022,Mumbai,Kolkata Knight Riders,8,Indian Premier League,male,Prakash Bhatt,J Madanagopal,Kolkata Knight Riders,field,1304054
,Rajasthan Royals,,6,PG Pathak,Nitin Menon,,"Dr DY Patil Sports Academy, Mumbai",,,,2022-04-02,Mumbai Indians,JC Buttler,,23,N Pandit,2022,Mumbai,Rajasthan Royals,9,Indian Premier League,male,DS Manohar,VK Sharma,Mumbai Indians,field,1304055
,Gujarat Titans,,6,UV Gandhe,KN Ananthapadmanabhan,,"Maharashtra Cricket Association Stadium, Pune",,,,2022-04-02,Delhi Capitals,LH Ferguson,,14,Vinod Seshan,2022,Pune,Gujarat Titans,10,Indian Premier League,male,Shakti Singh,BNJ Oxenford,Delhi Capitals,field,1304056
,Punjab Kings,,6,YC Barde,RJ Tucker,,"Brabourne Stadium, Mumbai",,,,2022-04-03,Chennai Super Kings,LS Livingstone,,54,R Pandit,2022,Mumbai,Punjab Kings,11,Indian Premier League,male,J Srinath,AK Chaudhary,Chennai Super Kings,field,1304057
,Lucknow Super Giants,,6,Navdeep Singh,J Madanagopal,,"Dr DY Patil Sports Academy, Mumbai",,,,2022-04-04,Sunrisers Hyderabad,Avesh Khan,,12,GR Sadashiv Iyer,2022,Mumbai,Lucknow Super Giants,12,Indian Premier League,male,M Nayyar,VK Sharma,Sunrisers Hyderabad,field,1304058
,Rajasthan Royals,,6,HAS Khalid,AK Chaudhary,,"Wankhede Stadium, Mumbai",,,,2022-04-05,Royal Challengers Bangalore,KD Karthik,4,,NA Patwardhan,2022,Mumbai,Royal Challengers Bangalore,13,Indian Premier League,male,Prakash Bhatt,Nitin Menon,Royal Challengers Bangalore,field,1304059
,Mumbai Indians,,6,KN Ananthapadmanabhan,BNJ Oxenford,,"Maharashtra Cricket Association Stadium, Pune",,,,2022-04-06,Kolkata Knight Riders,PJ Cummins,5,,MV Saidharshan Kumar,2022,Pune,Kolkata Knight Riders,14,Indian Premier League,male,V Narayan Kutty,UV Gandhe,Kolkata Knight Riders,field,1304060
,Delhi Capitals,,6,Tapan Sharma,RJ Tucker,,"Dr DY Patil Sports Academy, Mumbai",,,,2022-04-07,Lucknow Super Giants,Q de Kock,6,,A Totre,2022,Mumbai,Lucknow Super Giants,15,Indian Premier League,male,Shakti Singh,J Madanagopal,Lucknow Super Giants,field,1304061
,Punjab Kings,,6,VK Sharma,AK Chaudhary,,"Brabourne Stadium, Mumbai",,,,2022-04-08,Gujarat Titans,Shubman Gill,6,,Chirra Ravikanthreddy,2022,Mumbai,Gujarat Titans,16,Indian Premier League,male,J Srinath,PG Pathak,Gujarat Titans,field,1304062
,Chennai Super Kings,,6,Nitin Menon,Navdeep Singh,,"Dr DY Patil Sports Academy, Mumbai",,,,2022-04-09,Sunrisers Hyderabad,Abhishek Sharma,8,,N Pandit,2022,Mumbai,Sunrisers Hyderabad,17,Indian Premier League,male,J Srinath,YC Barde,Sunrisers Hyderabad,field,1304063
,Mumbai Indians,,6,KN Ananthapadmanabhan,BNJ Oxenford,,"Maharashtra Cricket Association Stadium, Pune",,,,2022-04-09,Royal Challengers Bangalore,Anuj Rawat,7,,Vinod Seshan,2022,Pune,Royal Challengers Bangalore,18,Indian Premier League,male,V Narayan Kutty,UV Gandhe,Royal Challengers Bangalore,field,1304064
,Delhi Capitals,,6,J Madanagopal,CB Gaffaney,,"Brabourne Stadium, Mumbai",,,,2022-04-10,Kolkata Knight Riders,Kuldeep Yadav,,44,R Pandit,2022,Mumbai,Delhi Capitals,19,Indian Premier League,male,Prakash Bhatt,HAS Khalid,Kolkata Knight Riders,field,1304065
,Rajasthan Royals,,6,Tapan Sharma,AK Chaudhary,,"Wankhede Stadium, Mumbai",,,,2022-04-10,Lucknow Super Giants,YS Chahal,,3,GR Sadashiv Iyer,2022,Mumbai,Rajasthan Royals,20,Indian Premier League,male,J Srinath,PG Pathak,Lucknow Super Giants,field,1304066
,Gujarat Titans,,6,RJ Tucker,Chirra Ravikanthreddy,,"Dr DY Patil Sports Academy, Mumbai",,,,2022-04-11,Sunrisers Hyderabad,KS Williamson,8,,NA Patwardhan,2022,Mumbai,Sunrisers Hyderabad,21,Indian Premier League,male,DS Manohar,VK Sharma,Sunrisers Hyderabad,field,1304067
,Chennai Super Kings,,6,N Pandit,Nitin Menon,,"Dr DY Patil Sports Academy, Mumbai",,,,2022-04-12,Royal Challengers Bangalore,S Dube,,23,A Totre,2022,Mumbai,Chennai Super Kings,22,Indian Premier League,male,J Srinath,YC Barde,Royal Challengers Bangalore,field,1304068
,Punjab Kings,,6,UV Gandhe,BNJ Oxenford,,"Maharashtra Cricket Association Stadium, Pune",,,,2022-04-13,Mumbai Indians,MA Agarwal,,12,MV Saidharshan Kumar,2022,Pune,Punjab Kings,23,Indian Premier League,male,V Narayan Kutty,KN Ananthapadmanabhan,Mumbai Indians,field,1304069
,Gujarat Titans,,6,R Pandit,CB Gaffaney,,"Dr DY Patil Sports Academy, Mumbai",,,,2022-04-14,Rajasthan Royals,HH Pandya,,37,Tapan Sharma,2022,Mumbai,Gujarat Titans,24,Indian Premier League,male,M Nayyar,J Madanagopal,Rajasthan Royals,field,1304070
,Kolkata Knight Riders,,6,VK Sharma,GR Sadashiv Iyer,,"Brabourne Stadium, Mumbai",,,,2022-04-15,Sunrisers Hyderabad,RA Tripathi,7,,PG Pathak,2022,Mumbai,Sunrisers Hyderabad,25,Indian Premier League,male,Prakash Bhatt,HAS Khalid,Sunrisers Hyderabad,field,1304071
,Lucknow Super Giants,,6,NA Patwardhan,AK Chaudhary,,"Brabourne Stadium, Mumbai",,,,2022-04-16,Mumbai Indians,KL Rahul,,18,YC Barde,2022,Mumbai,Lucknow Super Giants,26,Indian Premier League,male,Shakti Singh,Navdeep Singh,Mumbai Indians,field,1304072
,Royal Challengers Bangalore,,6,J Madanagopal,Chirra Ravikanthreddy,,"Wankhede Stadium, Mumbai",,,,2022-04-16,Delhi Capitals,KD Karthik,,16,N Pandit,2022,Mumbai,Royal Challengers Bangalore,27,Indian Premier League,male,J Srinath,CB Gaffaney,Delhi Capitals,field,1304073
,Punjab Kings,,6,R Pandit,PG Pathak,,"Dr DY Patil Sports Academy, Mumbai",,,,2022-04-17,Sunrisers Hyderabad,Umran Malik,7,,A Totre,2022,Mumbai,Sunrisers Hyderabad,28,Indian Premier League,male,DS Manohar,RJ Tucker,Sunrisers Hyderabad,field,1304074
,Chennai Super Kings,,6,UV Gandhe,KN Ananthapadmanabhan,,"Maharashtra Cricket Association Stadium, Pune",,,,2022-04-17,Gujarat Titans,DA Miller,3,,Vinod Seshan,2022,Pune,Gujarat Titans,29,Indian Premier League,male,V Narayan Kutty,BNJ Oxenford,Gujarat Titans,field,1304075
,Rajasthan Royals,,6,VK Sharma,GR Sadashiv Iyer,,"Brabourne Stadium, Mumbai",,,,2022-04-18,Kolkata Knight Riders,YS Chahal,,7,NA Patwardhan,2022,Mumbai,Rajasthan Royals,30,Indian Premier League,male,M Nayyar,Nitin Menon,Kolkata Knight Riders,field,1304076
,Royal Challengers Bangalore,,6,N Pandit,CB Gaffaney,,"Dr DY Patil Sports Academy, Mumbai",,,,2022-04-19,Lucknow Super Giants,F du Plessis,,18,Chirra Ravikanthreddy,2022,Mumbai,Royal Challengers Bangalore,31,Indian Premier League,male,Prakash Bhatt,J Madanagopal,Lucknow Super Giants,field,1304077
,Punjab Kings,,6,Tapan Sharma,RJ Tucker,,"Brabourne Stadium, Mumbai",,,,2022-04-20,Delhi Capitals,Kuldeep Yadav,9,,R Pandit,2022,Mumbai,Delhi Capitals,32,Indian Premier League,male,Shakti Singh,AK Chaudhary,Delhi Capitals,field,1304078
,Mumbai Indians,,6,UV Gandhe,BNJ Oxenford,,"Dr DY Patil Sports Academy, Mumbai",,,,2022-04-21,Chennai Super Kings,Mukesh Choudhary,3,,MV Saidharshan Kumar,2022,Navi Mumbai,Chennai Super Kings,33,Indian Premier League,male,V Narayan Kutty,KN Ananthapadmanabhan,Chennai Super Kings,field,1304079
,Rajasthan Royals,,6,Nitin Menon,NA Patwardhan,,"Wankhede Stadium, Mumbai",,,,2022-04-22,Delhi Capitals,JC Buttler,,15,GR Sadashiv Iyer,2022,Mumbai,Rajasthan Royals,34,Indian Premier League,male,DS Manohar,YC Barde,Delhi Capitals,field,1304080
,Gujarat Titans,,6,UV Gandhe,KN Ananthapadmanabhan,,"Dr DY Patil Sports Academy, Mumbai",,,,2022-04-23,Kolkata Knight Riders,Rashid Khan,,8,Vinod Seshan,2022,Navi Mumbai,Gujarat Titans,35,Indian Premier League,male,V Narayan Kutty,BNJ Oxenford,Gujarat Titans,bat,1304081
,Royal Challengers Bangalore,,6,J Madanagopal,Chirra Ravikanthreddy,,"Brabourne Stadium, Mumbai",,,,2022-04-23,Sunrisers Hyderabad,M Jansen,9,,HAS Khalid,2022,Mumbai,Sunrisers Hyderabad,36,Indian Premier League,male,M Nayyar,CB Gaffaney,Sunrisers Hyderabad,field,1304082
,Lucknow Super Giants,,6,HAS Khalid,M Erasmus,,"Wankhede Stadium, Mumbai",,,,2022-04-24,Mumbai Indians,KL Rahul,,36,N Pandit,2022,Mumbai,Lucknow Super Giants,37,Indian Premier League,male,Shakti Singh,VK Sharma,Mumbai Indians,field,1304083
,Punjab Kings,,6,Tapan Sharma,M Erasmus,,"Wankhede Stadium, Mumbai",,,,2022-04-25,Chennai Super Kings,S Dhawan,,11,R Pandit,2022,Mumbai,Punjab Kings,38,Indian Premier League,male,Prakash Bhatt,PG Pathak,Chennai Super Kings,field,1304084
,Rajasthan Royals,,6,KN Ananthapadmanabhan,BNJ Oxenford,,"Maharashtra Cricket Association Stadium, Pune",,,,2022-04-26,Royal Challengers Bangalore,R Parag,,29,MV Saidharshan Kumar,2022,Pune,Rajasthan Royals,39,Indian Premier League,male,V Narayan Kutty,UV Gandhe,Royal Challengers Bangalore,field,1304085
,Sunrisers Hyderabad,,6,Navdeep Singh,CB Gaffaney,,"Wankhede Stadium, Mumbai",,,,2022-04-27,Gujarat Titans,Umran Malik,5,,GR Sadashiv Iyer,2022,Mumbai,Gujarat Titans,40,Indian Premier League,male,Shakti Singh,J Madanagopal,Gujarat Titans,field,1304086
,Kolkata Knight Riders,,6,PG Pathak,AK Chaudhary,,"Wankhede Stadium, Mumbai",,,,2022-04-28,Delhi Capitals,Kuldeep Yadav,4,,A Totre,2022,Mumbai,Delhi Capitals,41,Indian Premier League,male,DS Manohar,Nitin Menon,Delhi Capitals,field,1304087
,Lucknow Super Giants,,6,UV Gandhe,MA Gough,,"Maharashtra Cricket Association Stadium, Pune",,,,2022-04-29,Punjab Kings,KH Pandya,,20,Vinod Seshan,2022,Pune,Lucknow Super Giants,42,Indian Premier League,male,V Narayan Kutty,KN Ananthapadmanabhan,Punjab Kings,field,1304088
,Royal Challengers Bangalore,,6,VK Sharma,HAS Khalid,,"Brabourne Stadium, Mumbai",,,,2022-04-30,Gujarat Titans,R Tewatia,6,,Chirra Ravikanthreddy,2022,Mumbai,Gujarat Titans,43,Indian Premier League,male,Shakti Singh,Nitin Menon,Royal Challengers Bangalore,bat,1304089
,Rajasthan Royals,,6,YC Barde,BNJ Oxenford,,"Dr DY Patil Sports Academy, Mumbai",,,,2022-04-30,Mumbai Indians,SA Yadav,5,,Tapan Sharma,2022,Navi Mumbai,Mumbai Indians,44,Indian Premier League,male,M Nayyar,Navdeep Singh,Mumbai Indians,field,1304090
,Lucknow Super Giants,,6,CB Gaffaney,Chirra Ravikanthreddy,,"Wankhede Stadium, Mumbai",,,,2022-05-01,Delhi Capitals,Mohsin Khan,,6,A Totre,2022,Mumbai,Lucknow Super Giants,45,Indian Premier League,male,Prakash Bhatt,PG Pathak,Lucknow Super Giants,bat,1304091
,Chennai Super Kings,,6,KN Ananthapadmanabhan,AK Chaudhary,,"Maharashtra Cricket Association Stadium, Pune",,,,2022-05-01,Sunrisers Hyderabad,RD Gaikwad,,13,MV Saidharshan Kumar,2022,Pune,Chennai Super Kings,46,Indian Premier League,male,V Narayan Kutty,MA Gough,Sunrisers Hyderabad,field,1304092
,Rajasthan Royals,,6,N Pandit,J Madanagopal,,"Wankhede Stadium, Mumbai",,,,2022-05-02,Kolkata Knight Riders,RK Singh,7,,Tapan Sharma,2022,Mumbai,Kolkata Knight Riders,47,Indian Premier League,male,Shakti Singh,CB Gaffaney,Kolkata Knight Riders,field,1304093
,Gujarat Titans,,6,VK Sharma,R Pandit,,"Dr DY Patil Sports Academy, Mumbai",,,,2022-05-03,Punjab Kings,K Rabada,8,,UV Gandhe,2022,Navi Mumbai,Punjab Kings,48,Indian Premier League,male,DS Manohar,HAS Khalid,Gujarat Titans,bat,1304094
,Royal Challengers Bangalore,,6,MA Gough,KN Ananthapadmanabhan,,"Maharashtra Cricket Association Stadium, Pune",,,,2022-05-04,Chennai Super Kings,HV Patel,,13,Vinod Seshan,2022,Pune,Royal Challengers Bangalore,49,Indian Premier League,male,V Narayan Kutty,AK Chaudhary,Chennai Super Kings,field,1304095
,Delhi Capitals,,6,NA Patwardhan,Navdeep Singh,,"Brabourne Stadium, Mumbai",,,,2022-05-05,Sunrisers Hyderabad,DA Warner,,21,N Pandit,2022,Mumbai,Delhi Capitals,50,Indian Premier League,male,Shakti Singh,Nitin Menon,Sunrisers Hyderabad,field,1304096
,Mumbai Indians,,6,GR Sadashiv Iyer,J Madanagopal,,"Brabourne Stadium, Mumbai",,,,2022-05-06,Gujarat Titans,TH David,,5,R Pandit,2022,Mumbai,Mumbai Indians,51,Indian Premier League,male,M Nayyar,BNJ Oxenford,Gujarat Titans,field,1304097
,Punjab Kings,,6,YC Barde,Chirra Ravikanthreddy,,"Wankhede Stadium, Mumbai",,,,2022-05-07,Rajasthan Royals,YBK Jaiswal,6,,UV Gandhe,2022,Mumbai,Rajasthan Royals,52,Indian Premier League,male,Prakash Bhatt,CB Gaffaney,Punjab Kings,bat,1304098
,Lucknow Super Giants,,6,MA Gough,AK Chaudhary,,"Maharashtra Cricket Association Stadium, Pune",,,,2022-05-07,Kolkata Knight Riders,Avesh Khan,,75,MV Saidharshan Kumar,2022,Pune,Lucknow Super Giants,53,Indian Premier League,male,V Narayan Kutty,KN Ananthapadmanabhan,Kolkata Knight Riders,field,1304099
,Royal Challengers Bangalore,,6,N Pandit,BNJ Oxenford,,"Wankhede Stadium, Mumbai",,,,2022-05-08,Sunrisers Hyderabad,PWH de Silva,,67,A Totre,2022,Mumbai,Royal Challengers Bangalore,54,Indian Premier League,male,Shakti Singh,PG Pathak,Royal Challengers Bangalore,bat,1304100
,Chennai Super Kings,,6,R Pandit,Nitin Menon,,"Dr DY Patil Sports Academy, Mumbai",,,,2022-05-08,Delhi Capitals,DP Conway,,91,Tapan Sharma,2022,Navi Mumbai,Chennai Super Kings,55,Indian Premier League,male,M Nayyar,HAS Khalid,Delhi Capitals,field,1304101
,Kolkata Knight Riders,,6,GR Sadashiv Iyer,CB Gaffaney,,"Dr DY Patil Sports Academy, Mumbai",,,,2022-05-09,Mumbai Indians,JJ Bumrah,,52,Chirra Ravikanthreddy,2022,Navi Mumbai,Kolkata Knight Riders,56,Indian Premier League,male,Prakash Bhatt,BNJ Oxenford,Mumbai Indians,field,1304102
,Gujarat Titans,,6,MA Gough,KN Ananthapadmanabhan,,"Maharashtra Cricket Association Stadium, Pune",,,,2022-05-10,Lucknow Super Giants,Shubman Gill,,62,Vinod Seshan,2022,Pune,Gujarat Titans,57,Indian Premier League,male,V Narayan Kutty,AK Chaudhary,Gujarat Titans,bat,1304103
,Rajasthan Royals,,6,Nitin Menon,NA Patwardhan,,"Dr DY Patil Sports Academy, Mumbai",,,,2022-05-11,Delhi Capitals,MR Marsh,8,,Tapan Sharma,2022,Navi Mumbai,Delhi Capitals,58,Indian Premier League,male,M Nayyar,VK Sharma,Delhi Capitals,field,1304104
,Chennai Super Kings,,6,CB Gaffaney,Chirra Ravikanthreddy,,"Wankhede Stadium, Mumbai",,,,2022-05-12,Mumbai Indians,DR Sams,5,,A Totre,2022,Mumbai,Mumbai Indians,59,Indian Premier League,male,Shakti Singh,Nitin Menon,Mumbai Indians,field,1304105
,Punjab Kings,,6,N Pandit,J Madanagopal,,"Brabourne Stadium, Mumbai",,,,2022-05-13,Royal Challengers Bangalore,JM Bairstow,,54,Vinod Seshan,2022,Mumbai,Punjab Kings,60,Indian Premier League,male,J Srinath,Navdeep Singh,Royal Challengers Bangalore,field,1304106
,Kolkata Knight Riders,,6,KN Ananthapadmanabhan,AK Chaudhary,,"Maharashtra Cricket Association Stadium, Pune",,,,2022-05-14,Sunrisers Hyderabad,AD Russell,,54,MV Saidharshan Kumar,2022,Pune,Kolkata Knight Riders,61,Indian Premier League,male,V Narayan Kutty,MA Gough,Kolkata Knight Riders,bat,1304107
,Chennai Super Kings,,6,VK Sharma,R Pandit,,"Wankhede Stadium, Mumbai",,,,2022-05-15,Gujarat Titans,WP Saha,7,,NA Patwardhan,2022,Mumbai,Gujarat Titans,62,Indian Premier League,male,J Srinath,CB Gaffaney,Chennai Super Kings,bat,1304108
,Rajasthan Royals,,6,Tapan Sharma,PG Pathak,,"Brabourne Stadium, Mumbai",,,,2022-05-15,Lucknow Super Giants,TA Boult,,24,YC Barde,2022,Mumbai,Rajasthan Royals,63,Indian Premier League,male,Prakash Bhatt,BNJ Oxenford,Rajasthan Royals,bat,1304109
,Delhi Capitals,,6,Nitin Menon,GR Sadashiv Iyer,,"Dr DY Patil Sports Academy, Mumbai",,,,2022-05-16,Punjab Kings,SN Thakur,,17,Navdeep Singh,2022,Navi Mumbai,Delhi Capitals,64,Indian Premier League,male,Prakash Bhatt,MA Gough,Punjab Kings,field,1304110
,Sunrisers Hyderabad,,6,N Pandit,CB Gaffaney,,"Wankhede Stadium, Mumbai",,,,2022-05-17,Mumbai Indians,RA Tripathi,,3,HAS Khalid,2022,Mumbai,Sunrisers Hyderabad,65,Indian Premier League,male,J Srinath,Navdeep Singh,Mumbai Indians,field,1304111
,Lucknow Super Giants,,6,YC Barde,R Pandit,,"Dr DY Patil Sports Academy, Mumbai",,,,2022-05-18,Kolkata Knight Riders,Q de Kock,,2,NA Patwardhan,2022,Navi Mumbai,Lucknow Super Giants,66,Indian Premier League,male,M Nayyar,BNJ Oxenford,Lucknow Super Giants,bat,1304112
,Gujarat Titans,,6,GR Sadashiv Iyer,KN Ananthapadmanabhan,,"Wankhede Stadium, Mumbai",,,,2022-05-19,Royal Challengers Bangalore,V Kohli,8,,Tapan Sharma,2022,Mumbai,Royal Challengers Bangalore,67,Indian Premier League,male,J Srinath,Navdeep Singh,Gujarat Titans,bat,1304113
,Chennai Super Kings,,6,NA Patwardhan,CB Gaffaney,,"Brabourne Stadium, Mumbai",,,,2022-05-20,Rajasthan Royals,R Ashwin,5,,PG Pathak,2022,Mumbai,Rajasthan Royals,68,Indian Premier League,male,M Nayyar,YC Barde,Chennai Super Kings,bat,1304114
,Delhi Capitals,,6,Tapan Sharma,Nitin Menon,,"Wankhede Stadium, Mumbai",,,,2022-05-21,Mumbai Indians,JJ Bumrah,5,,GR Sadashiv Iyer,2022,Mumbai,Mumbai Indians,69,Indian Premier League,male,J Srinath,HAS Khalid,Mumbai Indians,field,1304115
,Sunrisers Hyderabad,,6,NA Patwardhan,AK Chaudhary,,"Wankhede Stadium, Mumbai",,,,2022-05-22,Punjab Kings,Harpreet Brar,5,,Navdeep Singh,2022,Mumbai,Punjab Kings,70,Indian Premier League,male,J Srinath,CB Gaffaney,Sunrisers Hyderabad,bat,1304116
,Rajasthan Royals,,6,VK Sharma,BNJ Oxenford,,"Eden Gardens, Kolkata",,,,2022-05-24,Gujarat Titans,DA Miller,7,,J Madanagopal,2022,Kolkata,Gujarat Titans,,Indian Premier League,male,M Nayyar,MA Gough,Gujarat Titans,field,1312197
,Royal Challengers Bangalore,,6,MA Gough,J Madanagopal,,"Eden Gardens, Kolkata",,,,2022-05-25,Lucknow Super Giants,RM Patidar,,14,VK Sharma,2022,Kolkata,Royal Challengers Bangalore,,Indian Premier League,male,M Nayyar,BNJ Oxenford,Lucknow Super Giants,field,1312198
,Royal Challengers Bangalore,,6,Nitin Menon,CB Gaffaney,,"Narendra Modi Stadium, Ahmedabad",,,,2022-05-27,Rajasthan Royals,JC Buttler,7,,KN Ananthapadmanabhan,2022,Ahmedabad,Rajasthan Royals,,Indian Premier League,male,J Srinath,AK Chaudhary,Rajasthan Royals,field,1312199
,Rajasthan Royals,,6,Nitin Menon,CB Gaffaney,,"Narendra Modi Stadium, Ahmedabad",,,,2022-05-29,Gujarat Titans,HH Pandya,7,,AK Chaudhary,2022,Ahmedabad,Gujarat Titans,,Indian Premier League,male,J Srinath,KN Ananthapadmanabhan,Rajasthan Royals,bat,1312200
,Chennai Super Kings,,6,HAS Khalid,Nitin Menon,,"Narendra Modi Stadium, Ahmedabad",,,,2023-03-31,Gujarat Titans,Rashid Khan,5,,A Bengeri,2023,Ahmedabad,Gujarat Titans,1,Indian Premier League,male,J Srinath,VK Sharma,Gujarat Titans,field,1359475
,Punjab Kings,,6,YC Barde,BNJ Oxenford,,"Punjab Cricket Association IS Bindra Stadium, Mohali, Chandigarh",,,D/L,2023-04-01,Kolkata Knight Riders,Arshdeep Singh,,7,PM Joshi,2023,Chandigarh,Punjab Kings,2,Indian Premier League,male,M Nayyar,J Madanagopal,Kolkata Knight Riders,field,1359476
,Lucknow Super Giants,,6,NA Patwardhan,AK Chaudhary,,"Bharat Ratna Shri Atal Bihari Vajpayee Ekana Cricket Stadium, Lucknow",,,,2023-04-01,Delhi Capitals,MA Wood,,50,M Kuppuraj,2023,Lucknow,Lucknow Super Giants,3,Indian Premier League,male,DS Manohar,GR Sadashiv Iyer,Delhi Capitals,field,1359477
,Rajasthan Royals,,6,R Pandit,KN Ananthapadmanabhan,,"Rajiv Gandhi International Stadium, Uppal, Hyderabad",,,,2023-04-02,Sunrisers Hyderabad,JC Buttler,,72,Abhijit Bhattacharya,2023,Hyderabad,Rajasthan Royals,4,Indian Premier League,male,V Narayan Kutty,Navdeep Singh,Sunrisers Hyderabad,field,1359478
,Mumbai Indians,,6,Tapan Sharma,Nitin Menon,,"M Chinnaswamy Stadium, Bengaluru",,,,2023-04-02,Royal Challengers Bangalore,F du Plessis,8,,A Bengeri,2023,Bengaluru,Royal Challengers Bangalore,5,Indian Premier League,male,J Srinath,VK Sharma,Royal Challengers Bangalore,field,1359479
,Chennai Super Kings,,6,BNJ Oxenford,A Totre,,"MA Chidambaram Stadium, Chepauk, Chennai",,,,2023-04-03,Lucknow Super Giants,MM Ali,,12,PM Joshi,2023,Chennai,Chennai Super Kings,6,Indian Premier League,male,M Nayyar,UV Gandhe,Lucknow Super Giants,field,1359480
,Delhi Capitals,,6,GR Sadashiv Iyer,A Nand Kishore,,"Arun Jaitley Stadium, Delhi",,,,2023-04-04,Gujarat Titans,B Sai Sudharsan,6,,M Kuppuraj,2023,Delhi,Gujarat Titans,7,Indian Premier League,male,DS Manohar,AK Chaudhary,Gujarat Titans,field,1359481
,Punjab Kings,,6,MV Saidharshan Kumar,KN Ananthapadmanabhan,,"Barsapara Cricket Stadium, Guwahati",,,,2023-04-05,Rajasthan Royals,NT Ellis,,5,Abhijit Bhattacharya,2023,Guwahati,Punjab Kings,8,Indian Premier League,male,V Narayan Kutty,R Pandit,Rajasthan Royals,field,1359482
,Kolkata Knight Riders,,6,VK Sharma,Vinod Seshan,,"Eden Gardens, Kolkata",,,,2023-04-06,Royal Challengers Bangalore,SN Thakur,,81,A Bengeri,2023,Kolkata,Kolkata Knight Riders,9,Indian Premier League,male,Shakti Singh,Nitin Menon,Royal Challengers Bangalore,field,1359483
,Sunrisers Hyderabad,,6,YC Barde,J Madanagopal,,"Bharat Ratna Shri Atal Bihari Vajpayee Ekana Cricket Stadium, Lucknow",,,,2023-04-07,Lucknow Super Giants,KH Pandya,5,,PM Joshi,2023,Lucknow,Lucknow Super Giants,10,Indian Premier League,male,M Nayyar,BNJ Oxenford,Sunrisers Hyderabad,bat,1359484
,Rajasthan Royals,,6,MV Saidharshan Kumar,Navdeep Singh,,"Barsapara Cricket Stadium, Guwahati",,,,2023-04-08,Delhi Capitals,YBK Jaiswal,,57,Abhijit Bhattacharya,2023,Guwahati,Rajasthan Royals,11,Indian Premier League,male,V Narayan Kutty,KN Ananthapadmanabhan,Delhi Capitals,field,1359485
,Mumbai Indians,,6,NA Patwardhan,CB Gaffaney,,"Wankhede Stadium, Mumbai",,,,2023-04-08,Chennai Super Kings,RA Jadeja,7,,M Kuppuraj,2023,Mumbai,Chennai Super Kings,12,Indian Premier League,male,DS Manohar,AK Chaudhary,Chennai Super Kings,field,1359486
,Gujarat Titans,,6,Tapan Sharma,Nitin Menon,,"Narendra Modi Stadium, Ahmedabad",,,,2023-04-09,Kolkata Knight Riders,RK Singh,3,,A Bengeri,2023,Ahmedabad,Kolkata Knight Riders,13,Indian Premier League,male,J Srinath,HAS Khalid,Gujarat Titans,bat,1359487
,Punjab Kings,,6,UV Gandhe,BNJ Oxenford,,"Rajiv Gandhi International Stadium, Uppal, Hyderabad",,,,2023-04-09,Sunrisers Hyderabad,S Dhawan,8,,PM Joshi,2023,Hyderabad,Sunrisers Hyderabad,14,Indian Premier League,male,M Nayyar,J Madanagopal,Sunrisers Hyderabad,field,1359488
,Royal Challengers Bangalore,,6,A Nand Kishore,AK Chaudhary,,"M Chinnaswamy Stadium, Bengaluru",,,,2023-04-10,Lucknow Super Giants,N Pooran,1,,M Kuppuraj,2023,Bengaluru,Lucknow Super Giants,15,Indian Premier League,male,DS Manohar,CB Gaffaney,Lucknow Super Giants,field,1359489
,Delhi Capitals,,6,R Pandit,MA Gough,,"Arun Jaitley Stadium, Delhi",,,,2023-04-11,Mumbai Indians,RG Sharma,6,,Abhijit Bhattacharya,2023,Delhi,Mumbai Indians,16,Indian Premier League,male,V Narayan Kutty,KN Ananthapadmanabhan,Mumbai Indians,field,1359490
,Rajasthan Royals,,6,VK Sharma,Vinod Seshan,,"MA Chidambaram Stadium, Chepauk, Chennai",,,,2023-04-12,Chennai Super Kings,R Ashwin,,3,A Bengeri,2023,Chennai,Rajasthan Royals,17,Indian Premier League,male,J Srinath,Nitin Menon,Chennai Super Kings,field,1359491
,Punjab Kings,,6,J Madanagopal,A Totre,,"Punjab Cricket Association IS Bindra Stadium, Mohali, Chandigarh",,,,2023-04-13,Gujarat Titans,MM Sharma,6,,PM Joshi,2023,Chandigarh,Gujarat Titans,18,Indian Premier League,male,R Seth,BNJ Oxenford,Gujarat Titans,field,1359492
,Sunrisers Hyderabad,,6,GR Sadashiv Iyer,CB Gaffaney,,"Eden Gardens, Kolkata",,,,2023-04-14,Kolkata Knight Riders,HC Brook,,23,M Kuppuraj,2023,Kolkata,Sunrisers Hyderabad,19,Indian Premier League,male,DS Manohar,NA Patwardhan,Kolkata Knight Riders,field,1359493
,Royal Challengers Bangalore,,6,MV Saidharshan Kumar,KN Ananthapadmanabhan,,"M Chinnaswamy Stadium, Bengaluru",,,,2023-04-15,Delhi Capitals,V Kohli,,23,Abhijit Bhattacharya,2023,Bengaluru,Royal Challengers Bangalore,20,Indian Premier League,male,Amit Sharma,MA Gough,Delhi Capitals,field,1359494
,Lucknow Super Giants,,6,VK Sharma,HAS Khalid,,"Bharat Ratna Shri Atal Bihari Vajpayee Ekana Cricket Stadium, Lucknow",,,,2023-04-15,Punjab Kings,Sikandar Raza,2,,A Bengeri,2023,Lucknow,Punjab Kings,21,Indian Premier League,male,Shakti Singh,Tapan Sharma,Punjab Kings,field,1359495
,Kolkata Knight Riders,,6,UV Gandhe,BNJ Oxenford,,"Wankhede Stadium, Mumbai",,,,2023-04-16,Mumbai Indians,VR Iyer,5,,PM Joshi,2023,Mumbai,Mumbai Indians,22,Indian Premier League,male,R Seth,J Madanagopal,Mumbai Indians,field,1359496
,Gujarat Titans,,6,CB Gaffaney,AK Chaudhary,,"Narendra Modi Stadium, Ahmedabad",,,,2023-04-16,Rajasthan Royals,SO Hetmyer,3,,M Kuppuraj,2023,Ahmedabad,Rajasthan Royals,23,Indian Premier League,male,Prakash Bhatt,A Nand Kishore,Rajasthan Royals,field,1359497
,Chennai Super Kings,,6,Navdeep Singh,KN Ananthapadmanabhan,,"M Chinnaswamy Stadium, Bengaluru",,,,2023-04-17,Royal Challengers Bangalore,DP Conway,,8,Abhijit Bhattacharya,2023,Bengaluru,Chennai Super Kings,24,Indian Premier League,male,Amit Sharma,MA Gough,Royal Challengers Bangalore,field,1359498
,Mumbai Indians,,6,Vinod Seshan,Nitin Menon,,"Rajiv Gandhi International Stadium, Uppal, Hyderabad",,,,2023-04-18,Sunrisers Hyderabad,C Green,,14,A Bengeri,2023,Hyderabad,Mumbai Indians,25,Indian Premier League,male,Shakti Singh,VK Sharma,Sunrisers Hyderabad,field,1359499
,Lucknow Super Giants,,6,YC Barde,J Madanagopal,,"Sawai Mansingh Stadium, Jaipur",,,,2023-04-19,Rajasthan Royals,MP Stoinis,,10,PM Joshi,2023,Jaipur,Lucknow Super Giants,26,Indian Premier League,male,R Seth,BNJ Oxenford,Rajasthan Royals,field,1359500
,Royal Challengers Bangalore,,6,GR Sadashiv Iyer,AK Chaudhary,,"Punjab Cricket Association IS Bindra Stadium, Mohali, Chandigarh",,,,2023-04-20,Punjab Kings,Mohammed Siraj,,24,M Kuppuraj,2023,Chandigarh,Royal Challengers Bangalore,27,Indian Premier League,male,Prakash Bhatt,CB Gaffaney,Punjab Kings,field,1359501
,Kolkata Knight Riders,,6,R Pandit,MA Gough,,"Arun Jaitley Stadium, Delhi",,,,2023-04-20,Delhi Capitals,I Sharma,4,,Abhijit Bhattacharya,2023,Delhi,Delhi Capitals,28,Indian Premier League,male,Amit Sharma,KN Ananthapadmanabhan,Delhi Capitals,field,1359502
,Sunrisers Hyderabad,,6,VK Sharma,HAS Khalid,,"MA Chidambaram Stadium, Chepauk, Chennai",,,,2023-04-21,Chennai Super Kings,RA Jadeja,7,,A Bengeri,2023,Chennai,Chennai Super Kings,29,Indian Premier League,male,Shakti Singh,Nitin Menon,Chennai Super Kings,field,1359503
,Gujarat Titans,,6,RJ Tucker,A Totre,,"Bharat Ratna Shri Atal Bihari Vajpayee Ekana Cricket Stadium, Lucknow",,,,2023-04-22,Lucknow Super Giants,MM Sharma,,7,PM Joshi,2023,Lucknow,Gujarat Titans,30,Indian Premier League,male,R Seth,J Madanagopal,Gujarat Titans,bat,1359504
,Punjab Kings,,6,GR Sadashiv Iyer,CB Gaffaney,,"Wankhede Stadium, Mumbai",,,,2023-04-22,Mumbai Indians,SM Curran,,13,M Kuppuraj,2023,Mumbai,Punjab Kings,31,Indian Premier League,male,Prakash Bhatt,AK Chaudhary,Mumbai Indians,field,1359505
,Chennai Super Kings,,6,Tapan Sharma,Nitin Menon,,"Eden Gardens, Kolkata",,,,2023-04-23,Kolkata Knight Riders,AM Rahane,,49,A Bengeri,2023,Kolkata,Chennai Super Kings,33,Indian Premier League,male,Shakti Singh,VK Sharma,Kolkata Knight Riders,field,1359507
,Royal Challengers Bangalore,,6,MV Saidharshan Kumar,MA Gough,,"M Chinnaswamy Stadium, Bengaluru",,,,2023-04-23,Rajasthan Royals,GJ Maxwell,,7,Abhijit Bhattacharya,2023,Bengaluru,Royal Challengers Bangalore,32,Indian Premier League,male,Amit Sharma,Navdeep Singh,Rajasthan Royals,field,1359506
,Delhi Capitals,,6,RJ Tucker,J Madanagopal,,"Rajiv Gandhi International Stadium, Uppal, Hyderabad",,,,2023-04-24,Sunrisers Hyderabad,AR Patel,,7,PM Joshi,2023,Hyderabad,Delhi Capitals,34,Indian Premier League,male,R Seth,UV Gandhe,Delhi Capitals,bat,1359508
,Gujarat Titans,,6,A Nand Kishore,AK Chaudhary,,"Narendra Modi Stadium, Ahmedabad",,,,2023-04-25,Mumbai Indians,A Manohar,,55,M Krishnadas,2023,Ahmedabad,Gujarat Titans,35,Indian Premier League,male,SA Satbhai,CB Gaffaney,Mumbai Indians,field,1359509
,Kolkata Knight Riders,,6,R Pandit,KN Ananthapadmanabhan,,"M Chinnaswamy Stadium, Bengaluru",,,,2023-04-26,Royal Challengers Bangalore,CV Varun,,21,Abhijit Bhattacharya,2023,Bengaluru,Kolkata Knight Riders,36,Indian Premier League,male,Amit Sharma,MA Gough,Royal Challengers Bangalore,field,1359510
,Rajasthan Royals,,6,YC Barde,A Totre,,"Sawai Mansingh Stadium, Jaipur",,,,2023-04-27,Chennai Super Kings,YBK Jaiswal,,32,Mohamad Rafi,2023,Jaipur,Rajasthan Royals,37,Indian Premier League,male,M Nayyar,RJ Tucker,Rajasthan Royals,bat,1359511
,Lucknow Super Giants,,6,Vinod Seshan,Nitin Menon,,"Punjab Cricket Association IS Bindra Stadium, Mohali, Chandigarh",,,,2023-04-28,Punjab Kings,MP Stoinis,,56,VM Dhokre,2023,Chandigarh,Lucknow Super Giants,38,Indian Premier League,male,Shakti Singh,HAS Khalid,Punjab Kings,field,1359512
,Kolkata Knight Riders,,6,GR Sadashiv Iyer,NA Patwardhan,,"Eden Gardens, Kolkata",,,,2023-04-29,Gujarat Titans,J Little,7,,M Krishnadas,2023,Kolkata,Gujarat Titans,39,Indian Premier League,male,SA Satbhai,CB Gaffaney,Gujarat Titans,field,1359513
,Sunrisers Hyderabad,,6,Navdeep Singh,MA Gough,,"Arun Jaitley Stadium, Delhi",,,,2023-04-29,Delhi Capitals,MR Marsh,,9,P Joshi,2023,Delhi,Sunrisers Hyderabad,40,Indian Premier League,male,V Narayan Kutty,MV Saidharshan Kumar,Sunrisers Hyderabad,bat,1359514
,Chennai Super Kings,,6,UV Gandhe,RJ Tucker,,"MA Chidambaram Stadium, Chepauk, Chennai",,,,2023-04-30,Punjab Kings,DP Conway,4,,Mohamad Rafi,2023,Chennai,Punjab Kings,41,Indian Premier League,male,M Nayyar,YC Barde,Chennai Super Kings,bat,1359515
,Rajasthan Royals,,6,VK Sharma,Vinod Seshan,,"Wankhede Stadium, Mumbai",,,,2023-04-30,Mumbai Indians,YBK Jaiswal,6,,VM Dhokre,2023,Mumbai,Mumbai Indians,42,Indian Premier League,male,J Srinath,Tapan Sharma,Rajasthan Royals,bat,1359516
,Royal Challengers Bangalore,,6,GR Sadashiv Iyer,AK Chaudhary,,"Bharat Ratna Shri Atal Bihari Vajpayee Ekana Cricket Stadium, Lucknow",,,,2023-05-01,Lucknow Super Giants,F du Plessis,,18,M Krishnadas,2023,Lucknow,Royal Challengers Bangalore,43,Indian Premier League,male,Prakash Bhatt,A Nand Kishore,Royal Challengers Bangalore,bat,1359517
,Delhi Capitals,,6,R Pandit,MA Gough,,"Narendra Modi Stadium, Ahmedabad",,,,2023-05-02,Gujarat Titans,Mohammed Shami,,5,P Joshi,2023,Ahmedabad,Delhi Capitals,44,Indian Premier League,male,V Narayan Kutty,KN Ananthapadmanabhan,Delhi Capitals,bat,1359518
,Lucknow Super Giants,,6,NA Patwardhan,AK Chaudhary,no result,"Bharat Ratna Shri Atal Bihari Vajpayee Ekana Cricket Stadium, Lucknow",,,,2023-05-03,Chennai Super Kings,,,,M Krishnadas,2023,Lucknow,,45,Indian Premier League,male,Prakash Bhatt,CB Gaffaney,Chennai Super Kings,field,1359519
,Punjab Kings,,6,RJ Tucker,J Madanagopal,,"Punjab Cricket Association IS Bindra Stadium, Mohali, Chandigarh",,,,2023-05-03,Mumbai Indians,Ishan Kishan,6,,Mohamad Rafi,2023,Chandigarh,Mumbai Indians,46,Indian Premier League,male,SS Raul,A Totre,Mumbai Indians,field,1359520
,Kolkata Knight Riders,,6,MA Gough,KN Ananthapadmanabhan,,"Rajiv Gandhi International Stadium, Uppal, Hyderabad",,,,2023-05-04,Sunrisers Hyderabad,CV Varun,,5,P Joshi,2023,Hyderabad,Kolkata Knight Riders,47,Indian Premier League,male,V Narayan Kutty,MV Saidharshan Kumar,Kolkata Knight Riders,bat,1359521
,Rajasthan Royals,,6,VK Sharma,HAS Khalid,,"Sawai Mansingh Stadium, Jaipur",,,,2023-05-05,Gujarat Titans,Rashid Khan,9,,VM Dhokre,2023,Jaipur,Gujarat Titans,48,Indian Premier League,male,J Srinath,Nitin Menon,Rajasthan Royals,bat,1359522
,Mumbai Indians,,6,Navdeep Singh,BNJ Oxenford,,"MA Chidambaram Stadium, Chepauk, Chennai",,,,2023-05-06,Chennai Super Kings,M Pathirana,6,,P Joshi,2023,Chennai,Chennai Super Kings,49,Indian Premier League,male,V Narayan Kutty,KN Ananthapadmanabhan,Chennai Super Kings,field,1359523
,Royal Challengers Bangalore,,6,YC Barde,RJ Tucker,,"Arun Jaitley Stadium, Delhi",,,,2023-05-06,Delhi Capitals,PD Salt,7,,Mohamad Rafi,2023,Delhi,Delhi Capitals,50,Indian Premier League,male,M Nayyar,J Madanagopal,Royal Challengers Bangalore,bat,1359524
,Gujarat Titans,,6,A Nand Kishore,AK Chaudhary,,"Narendra Modi Stadium, Ahmedabad",,,,2023-05-07,Lucknow Super Giants,Shubman Gill,,56,M Krishnadas,2023,Ahmedabad,Gujarat Titans,51,Indian Premier League,male,Prakash Bhatt,CB Gaffaney,Lucknow Super Giants,field,1359525
,Rajasthan Royals,,6,Vinod Seshan,Nitin Menon,,"Sawai Mansingh Stadium, Jaipur",,,,2023-05-07,Sunrisers Hyderabad,GD Phillips,4,,VM Dhokre,2023,Jaipur,Sunrisers Hyderabad,52,Indian Premier League,male,J Srinath,VK Sharma,Rajasthan Royals,bat,1359526
,Punjab Kings,,6,J Madanagopal,A Totre,,"Eden Gardens, Kolkata",,,,2023-05-08,Kolkata Knight Riders,AD Russell,5,,Mohamad Rafi,2023,Kolkata,Kolkata Knight Riders,53,Indian Premier League,male,SS Raul,UV Gandhe,Punjab Kings,bat,1359527
,Royal Challengers Bangalore,,6,VK Sharma,HAS Khalid,,"Wankhede Stadium, Mumbai",,,,2023-05-09,Mumbai Indians,SA Yadav,6,,VM Dhokre,2023,Mumbai,Mumbai Indians,54,Indian Premier League,male,RS Sodhi,Nitin Menon,Mumbai Indians,field,1359528
,Chennai Super Kings,,6,NA Patwardhan,CB Gaffaney,,"MA Chidambaram Stadium, Chepauk, Chennai",,,,2023-05-10,Delhi Capitals,RA Jadeja,,27,M Krishnadas,2023,Chennai,Chennai Super Kings,55,Indian Premier League,male,Sanjay Verma,AK Chaudhary,Chennai Super Kings,bat,1359529
,Kolkata Knight Riders,,6,MV Saidharshan Kumar,RJ Tucker,,"Eden Gardens, Kolkata",,,,2023-05-11,Rajasthan Royals,YBK Jaiswal,9,,P Joshi,2023,Kolkata,Rajasthan Royals,56,Indian Premier League,male,P Dharmani,R Pandit,Rajasthan Royals,field,1359530
,Mumbai Indians,,6,Tapan Sharma,Nitin Menon,,"Wankhede Stadium, Mumbai",,,,2023-05-12,Gujarat Titans,SA Yadav,,27,VM Dhokre,2023,Mumbai,Mumbai Indians,57,Indian Premier League,male,RS Sodhi,Vinod Seshan,Gujarat Titans,field,1359531
,Sunrisers Hyderabad,,6,J Madanagopal,A Totre,,"Rajiv Gandhi International Stadium, Uppal, Hyderabad",,,,2023-05-13,Lucknow Super Giants,PN Mankad,7,,Mohamad Rafi,2023,Hyderabad,Lucknow Super Giants,58,Indian Premier League,male,P Dharmani,YC Barde,Sunrisers Hyderabad,bat,1359532
,Punjab Kings,,6,NA Patwardhan,CB Gaffaney,,"Arun Jaitley Stadium, Delhi",,,,2023-05-13,Delhi Capitals,P Simran Singh,,31,M Krishnadas,2023,Delhi,Punjab Kings,59,Indian Premier League,male,Sanjay Verma,GR Sadashiv Iyer,Delhi Capitals,field,1359533
,Royal Challengers Bangalore,,6,Navdeep Singh,KN Ananthapadmanabhan,,"Sawai Mansingh Stadium, Jaipur",,,,2023-05-14,Rajasthan Royals,WD Parnell,,112,P Joshi,2023,Jaipur,Royal Challengers Bangalore,60,Indian Premier League,male,V Narayan Kutty,RJ Tucker,Royal Challengers Bangalore,bat,1359534
,Chennai Super Kings,,6,Vinod Seshan,Tapan Sharma,,"MA Chidambaram Stadium, Chepauk, Chennai",,,,2023-05-14,Kolkata Knight Riders,RK Singh,6,,VM Dhokre,2023,Chennai,Kolkata Knight Riders,61,Indian Premier League,male,J Srinath,Nitin Menon,Chennai Super Kings,bat,1359535
,Gujarat Titans,,6,UV Gandhe,J Madanagopal,,"Narendra Modi Stadium, Ahmedabad",,,,2023-05-15,Sunrisers Hyderabad,Shubman Gill,,34,Mohamad Rafi,2023,Ahmedabad,Gujarat Titans,62,Indian Premier League,male,M Nayyar,A Totre,Sunrisers Hyderabad,field,1359536
,Lucknow Super Giants,,6,A Nand Kishore,AK Chaudhary,,"Bharat Ratna Shri Atal Bihari Vajpayee Ekana Cricket Stadium, Lucknow",,,,2023-05-16,Mumbai Indians,MP Stoinis,,5,M Krishnadas,2023,Lucknow,Lucknow Super Giants,63,Indian Premier League,male,Sanjay Verma,CB Gaffaney,Mumbai Indians,field,1359537
,Delhi Capitals,,6,MV Saidharshan Kumar,KN Ananthapadmanabhan,,"Himachal Pradesh Cricket Association Stadium, Dharamsala",,,,2023-05-17,Punjab Kings,RR Rossouw,,15,P Joshi,2023,Dharamsala,Delhi Capitals,64,Indian Premier League,male,P Dharmani,RJ Tucker,Punjab Kings,field,1359538
,Sunrisers Hyderabad,,6,VK Sharma,BNJ Oxenford,,"Rajiv Gandhi International Stadium, Uppal, Hyderabad",,,,2023-05-18,Royal Challengers Bangalore,V Kohli,8,,VM Dhokre,2023,Hyderabad,Royal Challengers Bangalore,65,Indian Premier League,male,J Srinath,HAS Khalid,Royal Challengers Bangalore,field,1359539
,Punjab Kings,,6,RJ Tucker,A Nand Kishore,,"Himachal Pradesh Cricket Association Stadium, Dharamsala",,,,2023-05-19,Rajasthan Royals,D Padikkal,4,,P Joshi,2023,Dharamsala,Rajasthan Royals,66,Indian Premier League,male,P Dharmani,Navdeep Singh,Rajasthan Royals,field,1359540
,Chennai Super Kings,,6,NA Patwardhan,CB Gaffaney,,"Arun Jaitley Stadium, Delhi",,,,2023-05-20,Delhi Capitals,RD Gaikwad,,77,M Krishnadas,2023,Delhi,Chennai Super Kings,67,Indian Premier League,male,Sanjay Verma,AK Chaudhary,Chennai Super Kings,bat,1359541
,Lucknow Super Giants,,6,UV Gandhe,J Madanagopal,,"Eden Gardens, Kolkata",,,,2023-05-20,Kolkata Knight Riders,N Pooran,,1,Mohamad Rafi,2023,Kolkata,Lucknow Super Giants,68,Indian Premier League,male,M Nayyar,YC Barde,Kolkata Knight Riders,field,1359542
,Sunrisers Hyderabad,,6,RJ Tucker,KN Ananthapadmanabhan,,"Wankhede Stadium, Mumbai",,,,2023-05-21,Mumbai Indians,C Green,8,,P Joshi,2023,Mumbai,Mumbai Indians,69,Indian Premier League,male,P Dharmani,R Pandit,Mumbai Indians,field,1359543
,Royal Challengers Bangalore,,6,VK Sharma,Nitin Menon,,"M Chinnaswamy Stadium, Bengaluru",,,,2023-05-21,Gujarat Titans,Shubman Gill,6,,VM Dhokre,2023,Bengaluru,Gujarat Titans,70,Indian Premier League,male,J Srinath,Tapan Sharma,Gujarat Titans,field,1359544
,Chennai Super Kings,,6,CB Gaffaney,AK Chaudhary,,"MA Chidambaram Stadium, Chepauk, Chennai",,,,2023-05-23,Gujarat Titans,RD Gaikwad,,15,VK Sharma,2023,Chennai,Chennai Super Kings,,Indian Premier League,male,M Nayyar,BNJ Oxenford,Gujarat Titans,field,1370350
,Mumbai Indians,,6,VK Sharma,BNJ Oxenford,,"MA Chidambaram Stadium, Chepauk, Chennai",,,,2023-05-24,Lucknow Super Giants,Akash Madhwal,,81,AK Chaudhary,2023,Chennai,Mumbai Indians,,Indian Premier League,male,V Narayan Kutty,CB Gaffaney,Mumbai Indians,bat,1370351
,Gujarat Titans,,6,RJ Tucker,Nitin Menon,,"Narendra Modi Stadium, Ahmedabad",,,,2023-05-26,Mumbai Indians,Shubman Gill,,62,KN Ananthapadmanabhan,2023,Ahmedabad,Gujarat Titans,,Indian Premier League,male,J Srinath,J Madanagopal,Mumbai Indians,field,1370352
,Gujarat Titans,,6,RJ Tucker,Nitin Menon,,"Narendra Modi Stadium, Ahmedabad",,,D/L,2023-05-29,Chennai Super Kings,DP Conway,5,,J Madanagopal,2023,Ahmedabad,Chennai Super Kings,,Indian Premier League,male,J Srinath,KN Ananthapadmanabhan,Chennai Super Kings,field,1370353
,Royal Challengers Bengaluru,,6,VK Sharma,HAS Khalid,,"MA Chidambaram Stadium, Chepauk, Chennai",,,,2024-03-22,Chennai Super Kings,Mustafizur Rahman,6,,M Kuppuraj,2024,Chennai,Chennai Super Kings,1,Indian Premier League,male,J Srinath,Nitin Menon,Royal Challengers Bengaluru,bat,1422119
,Delhi Capitals,,6,NA Patwardhan,J Madanagopal,,"Maharaja Yadavindra Singh International Cricket Stadium, Mullanpur",,,,2024-03-23,Punjab Kings,SM Curran,4,,PM Joshi,2024,Mohali,Punjab Kings,2,Indian Premier League,male,V Narayan Kutty,AG Wharf,Punjab Kings,field,1422120
,Kolkata Knight Riders,,6,YC Barde,R Pandit,,"Eden Gardens, Kolkata",,,,2024-03-23,Sunrisers Hyderabad,AD Russell,,4,M Krishnadas,2024,Kolkata,Kolkata Knight Riders,3,Indian Premier League,male,M Nayyar,BNJ Oxenford,Sunrisers Hyderabad,field,1422121
,Rajasthan Royals,,6,HDPK Dharmasena,A Totre,,"Sawai Mansingh Stadium, Jaipur",,,,2024-03-24,Lucknow Super Giants,SV Samson,,20,VM Dhokre,2024,Jaipur,Rajasthan Royals,4,Indian Premier League,male,Prakash Bhatt,KN Ananthapadmanabhan,Rajasthan Royals,bat,1422122
,Gujarat Titans,,6,VK Sharma,VA Kulkarni,,"Narendra Modi Stadium, Ahmedabad",,,,2024-03-24,Mumbai Indians,B Sai Sudharsan,,6,M Kuppuraj,2024,Ahmedabad,Gujarat Titans,5,Indian Premier League,male,J Srinath,Nitin Menon,Mumbai Indians,field,1422123
,Punjab Kings,,6,MV Saidharshan Kumar,AK Chaudhary,,"M Chinnaswamy Stadium, Bengaluru",,,,2024-03-25,Royal Challengers Bengaluru,V Kohli,4,,M Krishnadas,2024,Bengaluru,Royal Challengers Bengaluru,6,Indian Premier League,male,M Nayyar,BNJ Oxenford,Royal Challengers Bengaluru,field,1422124
,Chennai Super Kings,,6,Tapan Sharma,AG Wharf,,"MA Chidambaram Stadium, Chepauk, Chennai",,,,2024-03-26,Gujarat Titans,S Dube,,63,PM Joshi,2024,Chennai,Chennai Super Kings,7,Indian Premier League,male,V Narayan Kutty,J Madanagopal,Gujarat Titans,field,1422125
,Sunrisers Hyderabad,,6,UV Gandhe,KN Ananthapadmanabhan,,"Rajiv Gandhi International Stadium, Uppal, Hyderabad",,,,2024-03-27,Mumbai Indians,Abhishek Sharma,,31,VM Dhokre,2024,Hyderabad,Sunrisers Hyderabad,8,Indian Premier League,male,Prakash Bhatt,HDPK Dharmasena,Mumbai Indians,field,1422126
,Rajasthan Royals,,6,Nitin Menon,A Nand Kishore,,"Sawai Mansingh Stadium, Jaipur",,,,2024-03-28,Delhi Capitals,R Parag,,12,M Kuppuraj,2024,Jaipur,Rajasthan Royals,9,Indian Premier League,male,J Srinath,VK Sharma,Delhi Capitals,field,1422127
,Royal Challengers Bengaluru,,6,R Pandit,AK Chaudhary,,"M Chinnaswamy Stadium, Bengaluru",,,,2024-03-29,Kolkata Knight Riders,SP Narine,7,,M Krishnadas,2024,Bengaluru,Kolkata Knight Riders,10,Indian Premier League,male,M Nayyar,BNJ Oxenford,Kolkata Knight Riders,field,1422128
,Lucknow Super Giants,,6,Navdeep Singh,J Madanagopal,,"Bharat Ratna Shri Atal Bihari Vajpayee Ekana Cricket Stadium, Lucknow",,,,2024-03-30,Punjab Kings,MP Yadav,,21,PM Joshi,2024,Lucknow,Lucknow Super Giants,11,Indian Premier League,male,V Narayan Kutty,AG Wharf,Lucknow Super Giants,bat,1422129
,Sunrisers Hyderabad,,6,VK Sharma,HAS Khalid,,"Narendra Modi Stadium, Ahmedabad",,,,2024-03-31,Gujarat Titans,MM Sharma,7,,M Kuppuraj,2024,Ahmedabad,Gujarat Titans,12,Indian Premier League,male,J Srinath,,Sunrisers Hyderabad,bat,1422130
,Delhi Capitals,,6,Vinod Seshan,HDPK Dharmasena,,"Dr. Y.S. Rajasekhara Reddy ACA-VDCA Cricket Stadium, Visakhapatnam",,,,2024-03-31,Chennai Super Kings,KK Ahmed,,20,VM Dhokre,2024,Visakhapatnam,Delhi Capitals,13,Indian Premier League,male,Prakash Bhatt,KN Ananthapadmanabhan,Delhi Capitals,bat,1422131
,Mumbai Indians,,6,YC Barde,MV Saidharshan Kumar,,"Wankhede Stadium, Mumbai",,,,2024-04-01,Rajasthan Royals,TA Boult,6,,M Krishnadas,2024,Mumbai,Rajasthan Royals,14,Indian Premier League,male,M Nayyar,BNJ Oxenford,Rajasthan Royals,field,1422132
,Lucknow Super Giants,,6,NA Patwardhan,J Madanagopal,,"M Chinnaswamy Stadium, Bengaluru",,,,2024-04-02,Royal Challengers Bengaluru,MP Yadav,,28,PM Joshi,2024,Bengaluru,Lucknow Super Giants,15,Indian Premier League,male,V Narayan Kutty,AG Wharf,Royal Challengers Bengaluru,field,1422133
,Kolkata Knight Riders,,6,UV Gandhe,A Totre,,"Dr. Y.S. Rajasekhara Reddy ACA-VDCA Cricket Stadium, Visakhapatnam",,,,2024-04-03,Delhi Capitals,SP Narine,,106,VM Dhokre,2024,Visakhapatnam,Kolkata Knight Riders,16,Indian Premier League,male,Prakash Bhatt,HDPK Dharmasena,Kolkata Knight Riders,bat,1422134
,Gujarat Titans,,6,VA Kulkarni,Nitin Menon,,"Narendra Modi Stadium, Ahmedabad",,,,2024-04-04,Punjab Kings,Shashank Singh,3,,M Kuppuraj,2024,Ahmedabad,Punjab Kings,17,Indian Premier League,male,J Srinath,VK Sharma,Punjab Kings,field,1422135
,Chennai Super Kings,,6,YC Barde,R Pandit,,"Rajiv Gandhi International Stadium, Uppal, Hyderabad",,,,2024-04-05,Sunrisers Hyderabad,Abhishek Sharma,6,,M Krishnadas,2024,Hyderabad,Sunrisers Hyderabad,18,Indian Premier League,male,M Nayyar,BNJ Oxenford,Sunrisers Hyderabad,field,1422136
,Royal Challengers Bengaluru,,6,Tapan Sharma,AG Wharf,,"Sawai Mansingh Stadium, Jaipur",,,,2024-04-06,Rajasthan Royals,JC Buttler,6,,PM Joshi,2024,Jaipur,Rajasthan Royals,19,Indian Premier League,male,V Narayan Kutty,J Madanagopal,Rajasthan Royals,field,1422137
,Mumbai Indians,,6,UV Gandhe,HDPK Dharmasena,,"Wankhede Stadium, Mumbai",,,,2024-04-07,Delhi Capitals,R Shepherd,,29,VM Dhokre,2024,Mumbai,Mumbai Indians,20,Indian Premier League,male,Prakash Bhatt,KN Ananthapadmanabhan,Delhi Capitals,field,1422138
,Lucknow Super Giants,,6,VK Sharma,A Nand Kishore,,"Bharat Ratna Shri Atal Bihari Vajpayee Ekana Cricket Stadium, Lucknow",,,,2024-04-07,Gujarat Titans,Yash Thakur,,33,M Kuppuraj,2024,Lucknow,Lucknow Super Giants,21,Indian Premier League,male,J Srinath,Nitin Menon,Lucknow Super Giants,bat,1422139
,Kolkata Knight Riders,,6,MV Saidharshan Kumar,AK Chaudhary,,"MA Chidambaram Stadium, Chepauk, Chennai",,,,2024-04-08,Chennai Super Kings,RA Jadeja,7,,M Krishnadas,2024,Chennai,Chennai Super Kings,22,Indian Premier League,male,M Nayyar,BNJ Oxenford,Chennai Super Kings,field,1426260
,Sunrisers Hyderabad,,6,NA Patwardhan,Navdeep Singh,,"Maharaja Yadavindra Singh International Cricket Stadium, Mullanpur",,,,2024-04-09,Punjab Kings,Nithish Kumar Reddy,,2,PM Joshi,2024,Mohali,Sunrisers Hyderabad,23,Indian Premier League,male,V Narayan Kutty,AG Wharf,Punjab Kings,field,1426261
,Rajasthan Royals,,6,Vinod Seshan,HDPK Dharmasena,,"Sawai Mansingh Stadium, Jaipur",,,,2024-04-10,Gujarat Titans,Rashid Khan,3,,VM Dhokre,2024,Jaipur,Gujarat Titans,24,Indian Premier League,male,Prakash Bhatt,KN Ananthapadmanabhan,Gujarat Titans,field,1426262
,Royal Challengers Bengaluru,,6,VA Kulkarni,Nitin Menon,,"Wankhede Stadium, Mumbai",,,,2024-04-11,Mumbai Indians,JJ Bumrah,7,,M Kuppuraj,2024,Mumbai,Mumbai Indians,25,Indian Premier League,male,J Srinath,VK Sharma,Mumbai Indians,field,1426263
,Lucknow Super Giants,,6,YC Barde,R Pandit,,"Bharat Ratna Shri Atal Bihari Vajpayee Ekana Cricket Stadium, Lucknow",,,,2024-04-12,Delhi Capitals,Kuldeep Yadav,6,,M Krishnadas,2024,Lucknow,Delhi Capitals,26,Indian Premier League,male,M Nayyar,BNJ Oxenford,Lucknow Super Giants,bat,1426264
,Punjab Kings,,6,Tapan Sharma,AK Chaudhary,,"Maharaja Yadavindra Singh International Cricket Stadium, Mullanpur",,,,2024-04-13,Rajasthan Royals,SO Hetmyer,3,,PM Joshi,2024,Mohali,Rajasthan Royals,27,Indian Premier League,male,V Narayan Kutty,J Madanagopal,Rajasthan Royals,field,1426265
,Lucknow Super Giants,,6,Vinod Seshan,A Totre,,"Eden Gardens, Kolkata",,,,2024-04-14,Kolkata Knight Riders,PD Salt,8,,VM Dhokre,2024,Kolkata,Kolkata Knight Riders,28,Indian Premier League,male,Amit Sharma,KN Ananthapadmanabhan,Kolkata Knight Riders,field,1426266
,Chennai Super Kings,,6,HAS Khalid,Nitin Menon,,"Wankhede Stadium, Mumbai",,,,2024-04-14,Mumbai Indians,M Pathirana,,20,M Kuppuraj,2024,Mumbai,Chennai Super Kings,29,Indian Premier League,male,J Srinath,VK Sharma,Mumbai Indians,field,1426267
,Sunrisers Hyderabad,,6,R Pandit,AK Chaudhary,,"M Chinnaswamy Stadium, Bengaluru",,,,2024-04-15,Royal Challengers Bengaluru,TM Head,,25,M Krishnadas,2024,Bengaluru,Sunrisers Hyderabad,30,Indian Premier League,male,M Nayyar,BNJ Oxenford,Royal Challengers Bengaluru,field,1426268
,Kolkata Knight Riders,,6,UV Gandhe,MA Gough,,"Eden Gardens, Kolkata",,,,2024-04-16,Rajasthan Royals,JC Buttler,2,,VM Dhokre,2024,Kolkata,Rajasthan Royals,31,Indian Premier League,male,Amit Sharma,KN Ananthapadmanabhan,Rajasthan Royals,field,1426269
,Gujarat Titans,,6,VK Sharma,NA Patwardhan,,"Narendra Modi Stadium, Ahmedabad",,,,2024-04-17,Delhi Capitals,RR Pant,6,,PM Joshi,2024,Ahmedabad,Delhi Capitals,32,Indian Premier League,male,V Narayan Kutty,J Madanagopal,Delhi Capitals,field,1426270
,Mumbai Indians,,6,VA Kulkarni,A Nand Kishore,,"Maharaja Yadavindra Singh International Cricket Stadium, Mullanpur",,,,2024-04-18,Punjab Kings,JJ Bumrah,,9,K Kelkar,2024,Mohali,Mumbai Indians,33,Indian Premier League,male,Sanjay Verma,Nitin Menon,Punjab Kings,field,1426271
,Chennai Super Kings,,6,R Pandit,AK Chaudhary,,"Bharat Ratna Shri Atal Bihari Vajpayee Ekana Cricket Stadium, Lucknow",,,,2024-04-19,Lucknow Super Giants,KL Rahul,8,,R Rajesh Kannan,2024,Lucknow,Lucknow Super Giants,34,Indian Premier League,male,M Nayyar,BNJ Oxenford,Lucknow Super Giants,field,1426272
,Sunrisers Hyderabad,,6,Navdeep Singh,J Madanagopal,,"Arun Jaitley Stadium, Delhi",,,,2024-04-20,Delhi Capitals,TM Head,,67,K Swaroopanand,2024,Delhi,Sunrisers Hyderabad,35,Indian Premier League,male,Sanjay Verma,Tapan Sharma,Delhi Capitals,field,1426273
,Kolkata Knight Riders,,6,Vinod Seshan,A Totre,,"Eden Gardens, Kolkata",,,,2024-04-21,Royal Challengers Bengaluru,AD Russell,,1,A Bengeri,2024,Kolkata,Kolkata Knight Riders,36,Indian Premier League,male,Amit Sharma,MA Gough,Royal Challengers Bengaluru,field,1426274
,Punjab Kings,,6,VA Kulkarni,A Nand Kishore,,"Maharaja Yadavindra Singh International Cricket Stadium, Mullanpur",,,,2024-04-21,Gujarat Titans,R Sai Kishore,3,,K Kelkar,2024,Mohali,Gujarat Titans,37,Indian Premier League,male,J Srinath,HAS Khalid,Punjab Kings,bat,1426275
,Mumbai Indians,,6,MV Saidharshan Kumar,AK Chaudhary,,"Sawai Mansingh Stadium, Jaipur",,,,2024-04-22,Rajasthan Royals,Sandeep Sharma,9,,R Rajesh Kannan,2024,Jaipur,Rajasthan Royals,38,Indian Premier League,male,M Nayyar,BNJ Oxenford,Mumbai Indians,bat,1426276
,Chennai Super Kings,,6,Tapan Sharma,NA Patwardhan,,"MA Chidambaram Stadium, Chepauk, Chennai",,,,2024-04-23,Lucknow Super Giants,MP Stoinis,6,,K Swaroopanand,2024,Chennai,Lucknow Super Giants,39,Indian Premier League,male,Sanjay Verma,J Madanagopal,Lucknow Super Giants,field,1426277
,Delhi Capitals,,6,UV Gandhe,KN Ananthapadmanabhan,,"Arun Jaitley Stadium, Delhi",,,,2024-04-24,Gujarat Titans,RR Pant,,4,A Bengeri,2024,Delhi,Delhi Capitals,40,Indian Premier League,male,Amit Sharma,A Totre,Gujarat Titans,field,1426278
,Royal Challengers Bengaluru,,6,HAS Khalid,Nitin Menon,,"Rajiv Gandhi International Stadium, Uppal, Hyderabad",,,,2024-04-25,Sunrisers Hyderabad,RM Patidar,,35,K Kelkar,2024,Hyderabad,Royal Challengers Bengaluru,41,Indian Premier League,male,J Srinath,VK Sharma,Royal Challengers Bengaluru,bat,1426279
,Kolkata Knight Riders,,6,YC Barde,AK Chaudhary,,"Eden Gardens, Kolkata",,,,2024-04-26,Punjab Kings,JM Bairstow,8,,R Rajesh Kannan,2024,Kolkata,Punjab Kings,42,Indian Premier League,male,Sanjay Verma,R Pandit,Punjab Kings,field,1426280
,Delhi Capitals,,6,NA Patwardhan,Navdeep Singh,,"Arun Jaitley Stadium, Delhi",,,,2024-04-27,Mumbai Indians,J Fraser-McGurk,,10,K Swaroopanand,2024,Delhi,Delhi Capitals,43,Indian Premier League,male,V Narayan Kutty,J Madanagopal,Mumbai Indians,field,1426281
,Lucknow Super Giants,,6,MA Gough,KN Ananthapadmanabhan,,"Bharat Ratna Shri Atal Bihari Vajpayee Ekana Cricket Stadium, Lucknow",,,,2024-04-27,Rajasthan Royals,SV Samson,7,,A Bengeri,2024,Lucknow,Rajasthan Royals,44,Indian Premier League,male,Amit Sharma,Vinod Seshan,Rajasthan Royals,field,1426282
,Gujarat Titans,,6,VK Sharma,Nitin Menon,,"Narendra Modi Stadium, Ahmedabad",,,,2024-04-28,Royal Challengers Bengaluru,WG Jacks,9,,Bhavesh Patel,2024,Ahmedabad,Royal Challengers Bengaluru,45,Indian Premier League,male,J Srinath,VA Kulkarni,Royal Challengers Bengaluru,field,1426283
,Chennai Super Kings,,6,MV Saidharshan Kumar,R Pandit,,"MA Chidambaram Stadium, Chepauk, Chennai",,,,2024-04-28,Sunrisers Hyderabad,RD Gaikwad,,78,K Kelkar,2024,Chennai,Chennai Super Kings,46,Indian Premier League,male,Sanjay Verma,AK Chaudhary,Sunrisers Hyderabad,field,1426284
,Delhi Capitals,,6,Tapan Sharma,Navdeep Singh,,"Eden Gardens, Kolkata",,,,2024-04-29,Kolkata Knight Riders,CV Varun,7,,K Swaroopanand,2024,Kolkata,Kolkata Knight Riders,47,Indian Premier League,male,V Narayan Kutty,NA Patwardhan,Delhi Capitals,bat,1426285
,Mumbai Indians,,6,UV Gandhe,MA Gough,,"Bharat Ratna Shri Atal Bihari Vajpayee Ekana Cricket Stadium, Lucknow",,,,2024-04-30,Lucknow Super Giants,MP Stoinis,4,,A Bengeri,2024,Lucknow,Lucknow Super Giants,48,Indian Premier League,male,DS Manohar,KN Ananthapadmanabhan,Lucknow Super Giants,field,1426286
,Chennai Super Kings,,6,VK Sharma,HAS Khalid,,"MA Chidambaram Stadium, Chepauk, Chennai",,,,2024-05-01,Punjab Kings,Harpreet Brar,7,,Bhavesh Patel,2024,Chennai,Punjab Kings,49,Indian Premier League,male,R Seth,A Nand Kishore,Punjab Kings,field,1426287
,Sunrisers Hyderabad,,6,YC Barde,AK Chaudhary,,"Rajiv Gandhi International Stadium, Uppal, Hyderabad",,,,2024-05-02,Rajasthan Royals,B Kumar,,1,K Kelkar,2024,Hyderabad,Sunrisers Hyderabad,50,Indian Premier League,male,Shakti Singh,R Pandit,Sunrisers Hyderabad,bat,1426288
,Kolkata Knight Riders,,6,Tapan Sharma,J Madanagopal,,"Wankhede Stadium, Mumbai",,,,2024-05-03,Mumbai Indians,VR Iyer,,24,K Swaroopanand,2024,Mumbai,Kolkata Knight Riders,51,Indian Premier League,male,P Dharmani,MA Gough,Mumbai Indians,field,1426289
,Gujarat Titans,,6,Vinod Seshan,A Totre,,"M Chinnaswamy Stadium, Bengaluru",,,,2024-05-04,Royal Challengers Bengaluru,Mohammed Siraj,4,,K Kelkar,2024,Bengaluru,Royal Challengers Bengaluru,52,Indian Premier League,male,DS Manohar,KN Ananthapadmanabhan,Royal Challengers Bengaluru,field,1426290
,Chennai Super Kings,,6,VA Kulkarni,A Nand Kishore,,"Himachal Pradesh Cricket Association Stadium, Dharamsala",,,,2024-05-05,Punjab Kings,RA Jadeja,,28,Bhavesh Patel,2024,Dharamsala,Chennai Super Kings,53,Indian Premier League,male,R Seth,Nitin Menon,Punjab Kings,field,1426291
,Kolkata Knight Riders,,6,YC Barde,MV Saidharshan Kumar,,"Bharat Ratna Shri Atal Bihari Vajpayee Ekana Cricket Stadium, Lucknow",,,,2024-05-05,Lucknow Super Giants,SP Narine,,98,R Rajesh Kannan,2024,Lucknow,Kolkata Knight Riders,54,Indian Premier League,male,Shakti Singh,AK Chaudhary,Lucknow Super Giants,field,1426292
,Sunrisers Hyderabad,,6,Tapan Sharma,Navdeep Singh,,"Wankhede Stadium, Mumbai",,,,2024-05-06,Mumbai Indians,SA Yadav,7,,K Kelkar,2024,Mumbai,Mumbai Indians,55,Indian Premier League,male,P Dharmani,J Madanagopal,Mumbai Indians,field,1426293
,Delhi Capitals,,6,UV Gandhe,KN Ananthapadmanabhan,,"Arun Jaitley Stadium, Delhi",,,,2024-05-07,Rajasthan Royals,Kuldeep Yadav,,20,A Bengeri,2024,Delhi,Delhi Capitals,56,Indian Premier League,male,DS Manohar,MA Gough,Rajasthan Royals,field,1426294
,Lucknow Super Giants,,6,YC Barde,MV Saidharshan Kumar,,"Rajiv Gandhi International Stadium, Uppal, Hyderabad",,,,2024-05-08,Sunrisers Hyderabad,TM Head,10,,R Pandit,2024,Hyderabad,Sunrisers Hyderabad,57,Indian Premier League,male,Shakti Singh,AK Chaudhary,Lucknow Super Giants,bat,1426295
,Royal Challengers Bengaluru,,6,HAS Khalid,Nitin Menon,,"Himachal Pradesh Cricket Association Stadium, Dharamsala",,,,2024-05-09,Punjab Kings,V Kohli,,60,Bhavesh Patel,2024,Dharamsala,Royal Challengers Bengaluru,58,Indian Premier League,male,R Seth,VK Sharma,Punjab Kings,field,1426296
,Gujarat Titans,,6,NA Patwardhan,KN Ananthapadmanabhan,,"Narendra Modi Stadium, Ahmedabad",,,,2024-05-10,Chennai Super Kings,Shubman Gill,,35,K Swaroopanand,2024,Ahmedabad,Gujarat Titans,59,Indian Premier League,male,P Dharmani,J Madanagopal,Chennai Super Kings,field,1426297
,Kolkata Knight Riders,,6,Vinod Seshan,UV Gandhe,,"Eden Gardens, Kolkata",,,,2024-05-11,Mumbai Indians,CV Varun,,18,A Bengeri,2024,Kolkata,Kolkata Knight Riders,60,Indian Premier League,male,DS Manohar,MA Gough,Mumbai Indians,field,1426298
,Rajasthan Royals,,6,YC Barde,R Pandit,,"MA Chidambaram Stadium, Chepauk, Chennai",,,,2024-05-12,Chennai Super Kings,Simarjeet Singh,5,,R Rajesh Kannan,2024,Chennai,Chennai Super Kings,61,Indian Premier League,male,Shakti Singh,AK Chaudhary,Rajasthan Royals,bat,1426299
,Royal Challengers Bengaluru,,6,VA Kulkarni,A Nand Kishore,,"M Chinnaswamy Stadium, Bengaluru",,,,2024-05-12,Delhi Capitals,C Green,,47,Bhavesh Patel,2024,Bengaluru,Royal Challengers Bengaluru,62,Indian Premier League,male,R Seth,Nitin Menon,Delhi Capitals,field,1426300
,Delhi Capitals,,6,Vinod Seshan,A Totre,,"Arun Jaitley Stadium, Delhi",,,,2024-05-14,Lucknow Super Giants,I Sharma,,19,A Bengeri,2024,Delhi,Delhi Capitals,64,Indian Premier League,male,DS Manohar,KN Ananthapadmanabhan,Lucknow Super Giants,field,1426302
,Rajasthan Royals,,6,MV Saidharshan Kumar,R Pandit,,"Barsapara Cricket Stadium, Guwahati",,,,2024-05-15,Punjab Kings,SM Curran,5,,R Rajesh Kannan,2024,Guwahati,Punjab Kings,65,Indian Premier League,male,Shakti Singh,AK Chaudhary,Rajasthan Royals,bat,1426303
,Lucknow Super Giants,,6,R Pandit,Navdeep Singh,,"Wankhede Stadium, Mumbai",,,,2024-05-17,Mumbai Indians,N Pooran,,18,K Swaroopanand,2024,Mumbai,Lucknow Super Giants,67,Indian Premier League,male,P Dharmani,J Madanagopal,Mumbai Indians,field,1426305
,Royal Challengers Bengaluru,,6,KN Ananthapadmanabhan,A Totre,,"M Chinnaswamy Stadium, Bengaluru",,,,2024-05-18,Chennai Super Kings,F du Plessis,,27,A Bengeri,2024,Bengaluru,Royal Challengers Bengaluru,68,Indian Premier League,male,DS Manohar,MA Gough,Chennai Super Kings,field,1426306
,Punjab Kings,,6,VK Sharma,Nitin Menon,,"Rajiv Gandhi International Stadium, Uppal, Hyderabad",,,,2024-05-19,Sunrisers Hyderabad,Abhishek Sharma,4,,Bhavesh Patel,2024,Hyderabad,Sunrisers Hyderabad,69,Indian Premier League,male,Prakash Bhatt,HAS Khalid,Punjab Kings,bat,1426307
,Sunrisers Hyderabad,,6,R Pandit,AK Chaudhary,,"Narendra Modi Stadium, Ahmedabad",,,,2024-05-21,Kolkata Knight Riders,MA Starc,8,,MV Saidharshan Kumar,2024,Ahmedabad,Kolkata Knight Riders,,Indian Premier League,male,J Srinath,KN Ananthapadmanabhan,Sunrisers Hyderabad,bat,1426309
,Royal Challengers Bengaluru,,6,MV Saidharshan Kumar,KN Ananthapadmanabhan,,"Narendra Modi Stadium, Ahmedabad",,,,2024-05-22,Rajasthan Royals,R Ashwin,4,,R Pandit,2024,Ahmedabad,Rajasthan Royals,,Indian Premier League,male,V Narayan Kutty,AK Chaudhary,Rajasthan Royals,field,1426310
,Sunrisers Hyderabad,,6,VK Sharma,Nitin Menon,,"MA Chidambaram Stadium, Chepauk, Chennai",,,,2024-05-24,Rajasthan Royals,Shahbaz Ahmed,,36,J Madanagopal,2024,Chennai,Sunrisers Hyderabad,,Indian Premier League,male,J Srinath,MA Gough,Rajasthan Royals,field,1426311
,Sunrisers Hyderabad,,6,Nitin Menon,J Madanagopal,,"MA Chidambaram Stadium, Chepauk, Chennai",,,,2024-05-26,Kolkata Knight Riders,MA Starc,8,,VK Sharma,2024,Chennai,Kolkata Knight Riders,,Indian Premier League,male,M Nayyar,MA Gough,Sunrisers Hyderabad,bat,1426312
