season,batter,matches_played,avg_runs_last_5,avg_sr_last_5,career_avg_runs,runs
2013,A Ashish Reddy,5,7.0,126.0,7.0,7
2013,A Ashish Reddy,6,6.4,141.0,7.0,14
2013,A Ashish Reddy,7,8.6,144.33333333333331,8.0,16
2013,A Ashish Reddy,8,10.2,159.88888888888889,9.0,4
2013,A Ashish Reddy,9,9.0,125.88888888888889,8.444444444444445,19
2013,A Ashish Reddy,10,12.0,135.22222222222223,9.5,7
2013,A Ashish Reddy,11,12.0,120.22222222222221,9.272727272727273,36
2013,A Ashish Reddy,12,16.4,141.88888888888889,11.5,14
2013,A Ashish Reddy,13,16.0,131.7878787878788,11.692307692307692,5
2013,A Ashish Reddy,14,16.2,130.0735930735931,11.214285714285714,3
2015,A Ashish Reddy,15,13.0,119.74025974025975,10.666666666666666,13
2015,A Ashish Reddy,16,14.2,128.62914862914863,10.8125,15
2015,A Ashish Reddy,17,10.0,121.12914862914863,11.058823529411764,22
2015,A Ashish Reddy,18,11.6,150.6746031746032,11.666666666666666,6
2015,A Ashish Reddy,19,11.8,156.38888888888886,11.368421052631579,17
2016,A Ashish Reddy,20,14.6,164.05555555555554,11.65,32
2016,A Ashish Reddy,21,18.4,170.72222222222223,12.619047619047619,13
2016,A Ashish Reddy,22,18.0,162.1111111111111,12.636363636363637,2
2022,A Badoni,5,21.4,163.04029304029305,21.4,13
2022,A Badoni,6,13.2,157.32600732600733,20.0,14
2022,A Badoni,7,12.2,155.63769563769566,19.142857142857142,4
2022,A Badoni,8,9.2,146.4069264069264,17.25,15
2022,A Badoni,9,10.2,95.52973342447027,17.0,8
2022,A Badoni,10,10.8,94.5773524720893,16.1,0
2023,A Badoni,11,8.2,74.5773524720893,14.636363636363637,18
2023,A Badoni,12,9.0,89.12280701754386,14.916666666666666,23
2023,A Badoni,13,12.8,93.33333333333333,15.538461538461538,30
2023,A Badoni,14,15.8,98.2335148215366,16.571428571428573,5
2023,A Badoni,15,15.2,99.18589577391757,15.8,1
2023,A Badoni,16,15.4,104.18589577391757,14.875,8
2023,A Badoni,17,13.4,90.85256244058421,14.470588235294118,43
2023,A Badoni,18,17.4,101.04203612479473,16.055555555555557,4
2023,A Badoni,19,12.2,87.62510822510822,15.421052631578947,59
2023,A Badoni,20,23.0,107.05367965367964,17.6,21
2023,A Badoni,21,27.0,137.05367965367964,17.761904761904763,25
2023,A Badoni,22,30.4,133.11428571428573,18.09090909090909,1
2024,A Badoni,23,22.0,101.57142857142858,17.347826086956523,1
2024,A Badoni,24,21.4,98.2987012987013,16.666666666666668,8
2024,A Badoni,25,11.2,80.5844155844156,16.32,0
2024,A Badoni,26,7.0,45.58441558441559,15.692307692307692,20
2024,A Badoni,27,6.0,56.19047619047619,15.851851851851851,55
2024,A Badoni,28,16.8,82.28070175438597,17.25,29
2024,A Badoni,29,22.4,99.76218323586745,17.655172413793103,18
2024,A Badoni,30,24.4,107.76218323586745,17.666666666666668,6
2024,A Badoni,31,25.6,127.76218323586745,17.29032258064516,15
2024,A Badoni,32,24.6,117.50577297945719,17.21875,55
2024,A Badoni,33,24.6,122.93340455840458,18.363636363636363,6
2024,A Badoni,34,20.0,114.7852564102564,18.0,22
2009,A Chopra,5,8.4,59.977777777777774,8.4,11
2009,A Kumble,5,2.8,72.57142857142858,2.8,1
2009,A Kumble,6,2.4,84.0,2.5,5
2009,A Kumble,7,3.4,117.33333333333334,2.857142857142857,1
2009,A Kumble,8,2.0,102.33333333333334,2.625,7
2009,A Kumble,9,3.0,85.66666666666667,3.111111111111111,1
2009/10,A Kumble,10,3.0,101.66666666666667,2.9,1
2009/10,A Kumble,11,3.0,101.66666666666667,2.727272727272727,1
2009/10,A Kumble,12,2.2,88.33333333333333,2.5833333333333335,2
2009/10,A Kumble,13,2.4,93.33333333333333,2.5384615384615383,1
2009/10,A Kumble,14,1.2,76.66666666666667,2.4285714285714284,1
2022,A Manohar,5,21.2,134.33049708911776,21.2,2
2022,A Manohar,6,18.6,99.47335423197492,18.0,0
2023,A Manohar,7,18.4,89.47335423197492,15.428571428571429,14
2023,A Manohar,8,14.2,92.65517241379311,15.25,27
2023,A Manohar,9,11.0,104.53846153846155,16.555555555555557,3
2023,A Manohar,10,9.2,96.53846153846155,15.2,42
2023,A Manohar,11,17.2,128.53846153846155,17.636363636363637,26
2023,A Manohar,12,22.4,142.98290598290598,18.333333333333332,2
2024,A Manohar,13,20.0,121.3162393162393,17.076923076923077,1
2024,A Manohar,14,14.8,89.77777777777777,15.928571428571429,8
2009,A Mishra,5,9.6,70.875,9.6,2
2009,A Mishra,6,9.2,68.20833333333333,8.333333333333334,13
2009,A Mishra,7,5.6,113.83333333333333,9.0,0
2009/10,A Mishra,8,5.2,105.83333333333333,7.875,3
2009/10,A Mishra,9,5.8,117.83333333333333,7.333333333333333,6
2009/10,A Mishra,10,4.8,130.33333333333331,7.2,0
2009/10,A Mishra,11,4.4,117.0,6.545454545454546,4
2009/10,A Mishra,12,2.6,65.33333333333333,6.333333333333333,10
2009/10,A Mishra,13,4.6,82.0,6.615384615384615,12
2009/10,A Mishra,14,6.4,84.11764705882354,7.0,4
2011,A Mishra,15,6.0,52.117647058823536,6.8,2
2011,A Mishra,16,6.4,72.11764705882354,6.5,12
2011,A Mishra,17,8.0,98.78431372549021,6.823529411764706,0
2011,A Mishra,18,6.0,82.11764705882354,6.444444444444445,25
2011,A Mishra,19,8.6,94.3157894736842,7.421052631578948,0
2011,A Mishra,20,7.8,86.3157894736842,7.05,2
2011,A Mishra,21,7.8,74.3157894736842,6.809523809523809,9
2011,A Mishra,22,7.2,52.315789473684205,6.909090909090909,0
2011,A Mishra,23,7.2,52.315789473684205,6.608695652173913,18
2012,A Mishra,24,5.8,77.42857142857144,7.083333333333333,0
2012,A Mishra,25,5.8,77.42857142857144,6.8,6
2012,A Mishra,26,6.6,86.57142857142858,6.769230769230769,1
2012,A Mishra,27,5.0,88.57142857142858,6.555555555555555,1
2012,A Mishra,28,5.2,91.90476190476191,6.357142857142857,8
2013,A Mishra,29,3.2,72.47619047619048,6.413793103448276,16
2013,A Mishra,30,6.4,95.33333333333334,6.733333333333333,1
2013,A Mishra,31,5.4,98.19047619047619,6.548387096774194,30
2013,A Mishra,32,11.2,101.26739926739927,7.28125,15
2013,A Mishra,33,14.0,112.21978021978023,7.515151515151516,21
2013,A Mishra,34,16.6,92.94705294705297,7.911764705882353,6
2014,A Mishra,35,14.6,85.0899100899101,7.857142857142857,4
2014,A Mishra,36,15.2,81.0899100899101,7.75,0
2015,A Mishra,37,9.2,58.01298701298701,7.54054054054054,4
2015,A Mishra,38,7.0,59.727272727272734,7.447368421052632,1
2015,A Mishra,39,3.0,67.00000000000001,7.282051282051282,2
2015,A Mishra,40,2.2,62.000000000000014,7.15,1
2016,A Mishra,41,1.6,52.66666666666667,7.0,3
2016,A Mishra,42,2.2,59.33333333333335,6.904761904761905,1
2017,A Mishra,43,1.6,47.33333333333334,6.767441860465116,8
2017,A Mishra,44,3.0,38.76190476190477,6.795454545454546,4
2017,A Mishra,45,3.4,36.03463203463205,6.733333333333333,9
2017,A Mishra,46,5.0,41.36796536796538,6.782608695652174,8
2017,A Mishra,47,6.0,114.70129870129873,6.808510638297872,13
2017,A Mishra,48,8.4,136.70129870129873,6.9375,7
2018,A Mishra,49,8.2,160.2727272727273,6.938775510204081,1
2019,A Mishra,50,7.6,163.00000000000003,6.82,6
2019,A Mishra,51,7.0,164.33333333333334,6.803921568627451,8
2019,A Mishra,52,7.0,98.8787878787879,6.826923076923077,1
2019,A Mishra,53,4.6,79.54545454545458,6.716981132075472,6
2023,A Mishra,54,4.4,84.54545454545458,6.703703703703703,19
2013,A Mithun,5,6.4,121.07142857142858,6.4,2
2009/10,A Nehra,5,1.0,39.00000000000002,1.0,22
2012,A Nehra,6,5.2,56.50000000000002,4.5,2
2012,A Nehra,7,5.2,60.50000000000002,4.142857142857143,9
2013,A Nehra,8,7.0,83.00000000000003,4.75,0
2013,A Nehra,9,6.8,63.00000000000002,4.222222222222222,1
2013,A Nehra,10,6.8,62.00000000000002,3.9,0
2013,A Nehra,11,2.4,34.50000000000002,3.5454545454545454,0
2015,A Nehra,12,2.0,26.50000000000002,3.25,1
2015,A Nehra,13,0.4,9.000000000000023,3.076923076923077,0
2015,A Nehra,14,0.4,9.000000000000023,2.857142857142857,0
2015,A Nehra,15,0.2,5.000000000000023,2.6666666666666665,0
2016,A Nehra,16,0.2,5.000000000000023,2.5,1
2023,A Nortje,5,2.4,139.52380952380955,2.4,0
2023,A Nortje,6,1.8,79.52380952380955,2.0,5
2023,A Nortje,7,2.6,106.19047619047622,2.4285714285714284,23
2023,A Nortje,8,6.6,109.04761904761908,5.0,2
2023,A Nortje,9,6.8,126.19047619047619,4.666666666666667,3
2023,A Nortje,10,6.6,96.19047619047622,4.5,0
2024,A Nortje,11,6.6,96.19047619047622,4.090909090909091,4
2024,A Nortje,12,6.4,74.2857142857143,4.083333333333333,0
2024,A Raghuvanshi,5,23.6,136.90476190476193,23.6,13
2024,A Raghuvanshi,6,15.4,135.4761904761905,21.833333333333332,32
2009,A Symonds,5,50.2,139.13530593890033,50.2,41
2009,A Symonds,6,52.0,159.17772375438284,48.666666666666664,18
2009,A Symonds,7,53.2,168.40849298515204,44.285714285714285,25
2009,A Symonds,8,34.8,146.5866306369739,41.875,18
2009,A Symonds,9,26.4,135.33066879277678,39.22222222222222,24
2009,A Symonds,10,25.2,135.7517214243557,37.7,33
2009/10,A Symonds,11,23.6,131.52811893988365,37.27272727272727,5
2009/10,A Symonds,12,21.0,114.94692235868709,34.583333333333336,50
2009/10,A Symonds,13,26.0,117.45528356270047,35.76923076923077,53
2009/10,A Symonds,14,33.0,124.17354981657043,37.0,35
2009/10,A Symonds,15,35.2,121.3402164832371,36.86666666666667,22
2009/10,A Symonds,16,33.0,119.244978387999,35.9375,1
2009/10,A Symonds,17,32.2,110.99101013403074,33.88235294117647,45
2009/10,A Symonds,18,31.2,112.32880277617122,34.5,21
2009/10,A Symonds,19,24.8,106.5393290919607,33.78947368421053,15
2009/10,A Symonds,20,20.8,92.37266242529402,32.85,53
2009/10,A Symonds,21,27.0,105.43932909196069,33.80952380952381,27
2009/10,A Symonds,22,32.2,124.18218623481785,33.5,19
2009/10,A Symonds,23,27.0,119.20050125313287,32.869565217391305,4
2009/10,A Symonds,24,23.6,108.52380952380955,31.666666666666668,54
2009/10,A Symonds,25,31.4,129.52380952380955,32.56,23
2009/10,A Symonds,26,25.4,107.12380952380954,32.19230769230769,2
2011,A Symonds,27,20.4,90.52380952380955,31.074074074074073,16
2011,A Symonds,28,19.8,93.76190476190479,30.535714285714285,31
2011,A Symonds,29,25.2,103.71264367816093,30.551724137931036,44
2011,A Symonds,30,23.2,94.3793103448276,31.0,17
2011,A Symonds,31,22.0,86.9719029374202,30.548387096774192,4
2011,A Symonds,32,22.4,95.30523627075351,29.71875,3
2011,A Symonds,33,19.8,93.9719029374202,28.90909090909091,4
2011,A Symonds,34,14.4,92.59259259259261,28.176470588235293,8
2011,A Symonds,35,7.2,88.7830687830688,27.6,8
2009,AA Bilakhia,5,12.2,86.3809523809524,12.2,6
2009/10,AA Bilakhia,6,11.0,84.23809523809526,11.166666666666666,2
2009/10,AA Jhunjhunwala,5,25.6,122.8145840645841,25.6,2
2009/10,AA Jhunjhunwala,6,23.2,104.0267052767053,21.666666666666668,7
2009/10,AA Jhunjhunwala,7,14.0,116.94337194337197,19.571428571428573,11
2009/10,AA Jhunjhunwala,8,15.2,130.1576576576577,18.5,22
2009/10,AA Jhunjhunwala,9,10.6,124.96376811594205,18.88888888888889,13
2011,AA Jhunjhunwala,10,11.0,100.11528326745722,18.3,10
2011,AA Jhunjhunwala,11,12.6,105.94861660079054,17.545454545454547,0
2012,AA Jhunjhunwala,12,11.2,70.94861660079054,16.083333333333332,4
2012,AA Jhunjhunwala,13,9.8,56.78194993412389,15.153846153846153,1
2012,AA Jhunjhunwala,14,5.6,57.651515151515184,14.142857142857142,19
2007/08,AB Agarkar,5,9.8,88.25396825396828,9.8,5
2009,AB Agarkar,6,8.6,113.80952380952382,9.0,7
2009,AB Agarkar,7,9.6,154.7619047619048,8.714285714285714,1
2009,AB Agarkar,8,5.8,148.09523809523813,7.75,6
2009,AB Agarkar,9,6.8,153.09523809523813,7.555555555555555,39
2009,AB Agarkar,10,11.6,158.56321839080462,10.7,13
2009/10,AB Agarkar,11,13.2,123.85733603786346,10.909090909090908,17
2009/10,AB Agarkar,12,15.2,103.34451552504295,11.416666666666666,8
2009/10,AB Agarkar,13,16.6,115.34451552504295,11.153846153846153,6
2009/10,AB Agarkar,14,16.6,117.48737266790008,10.785714285714286,9
2011,AB Agarkar,15,10.6,126.59082094376215,10.666666666666666,7
2013,AB Agarkar,16,9.4,131.29670329670333,10.4375,3
2013,AB Agarkar,17,6.6,113.71428571428575,10.0,9
2011,AB Dinda,5,0.8,46.6666666666667,0.8,0
2012,AB Dinda,6,0.6,40.000000000000036,0.6666666666666666,2
2013,AB Dinda,7,0.8,28.000000000000036,0.8571428571428571,0
2013,AB Dinda,8,0.4,8.000000000000034,0.75,0
2013,AB Dinda,9,0.4,8.000000000000034,0.6666666666666666,1
2013,AB Dinda,10,0.6,28.000000000000036,0.7,2
2013,AB Dinda,11,1.0,48.000000000000036,0.8181818181818182,6
2014,AB Dinda,12,1.8,64.00000000000003,1.25,0
2014,AB Dinda,13,1.8,64.00000000000003,1.1538461538461537,2
2014,AB Dinda,14,2.2,72.00000000000003,1.2142857142857142,2
2017,AB Dinda,15,2.4,60.000000000000036,1.2666666666666666,7
2012,AB McDonald,5,15.2,115.97286226318488,15.2,30
2012,AB McDonald,6,20.6,132.55180963160592,17.666666666666668,8
2012,AB McDonald,7,18.6,133.50419058398688,16.285714285714285,9
2013,AB McDonald,8,17.6,118.75671583651213,15.375,0
2007/08,AB de Villiers,5,14.8,77.40021700379761,14.8,21
2009,AB de Villiers,6,13.8,70.56385336743396,15.833333333333334,105
2009,AB de Villiers,7,30.6,84.74685990338166,28.571428571428573,21
2009,AB de Villiers,8,34.8,103.00772946859907,27.625,50
2009,AB de Villiers,9,40.8,110.006669023212,30.11111111111111,5
2009,AB de Villiers,10,40.4,109.45111346765646,27.6,0
2009,AB de Villiers,11,36.2,92.65111346765644,25.09090909090909,50
2009,AB de Villiers,12,25.2,80.07801405245178,27.166666666666668,40
2009,AB de Villiers,13,29.0,86.05956872965862,28.153846153846153,44
2009,AB de Villiers,14,27.8,86.11376927166404,29.285714285714285,11
2009,AB de Villiers,15,29.0,93.33599149388627,28.066666666666666,79
2009,AB de Villiers,16,44.8,122.06326422115899,31.25,28
2009,AB de Villiers,17,40.4,115.05781957506099,31.058823529411764,6
2009,AB de Villiers,18,33.6,107.95825247549388,29.666666666666668,26
2009/10,AB de Villiers,19,30.0,108.27571279295421,29.473684210526315,7
2009/10,AB de Villiers,20,29.2,99.2757127929542,28.35,15
2009/10,AB de Villiers,21,16.4,82.08690160414301,27.714285714285715,11
2009/10,AB de Villiers,22,13.0,82.7765567765568,26.954545454545453,2
2009/10,AB de Villiers,23,12.2,78.967032967033,25.869565217391305,27
2009/10,AB de Villiers,24,12.4,74.974358974359,25.916666666666668,45
2009/10,AB de Villiers,25,20.0,91.35531135531139,26.68,4
2011,AB de Villiers,26,17.8,91.24542124542127,25.807692307692307,54
2011,AB de Villiers,27,26.4,97.58688466005542,26.85185185185185,38
2011,AB de Villiers,28,33.6,104.79409186726264,27.25,0
2011,AB de Villiers,29,28.2,84.02486109803186,26.310344827586206,65
2011,AB de Villiers,30,32.2,87.19946427263503,27.6,5
2011,AB de Villiers,31,32.4,125.77089284406361,26.870967741935484,26
2011,AB de Villiers,32,26.8,125.42942942942946,26.84375,27
2011,AB de Villiers,33,24.6,143.4603174603175,26.848484848484848,13
2011,AB de Villiers,34,27.2,162.03174603174608,26.441176470588236,34
2011,AB de Villiers,35,21.0,158.3280423280424,26.65714285714286,0
2011,AB de Villiers,36,20.0,108.32804232804237,25.916666666666668,11
2011,AB de Villiers,37,17.0,104.32804232804237,25.513513513513512,21
2011,AB de Villiers,38,15.8,92.00661375661379,25.394736842105264,18
2012,AB de Villiers,39,16.8,103.43518518518522,25.205128205128204,64
2012,AB de Villiers,40,22.8,108.72619047619051,26.175,10
2012,AB de Villiers,41,24.8,128.7261904761905,25.78048780487805,4
2012,AB de Villiers,42,23.4,133.39285714285717,25.261904761904763,6
2012,AB de Villiers,43,20.4,119.14285714285718,24.813953488372093,33
2012,AB de Villiers,44,23.4,136.2857142857143,25.0,52
2012,AB de Villiers,45,21.0,131.17537746806042,25.6,59
2012,AB de Villiers,46,30.8,160.34204413472708,26.32608695652174,0
2012,AB de Villiers,47,30.0,133.67537746806042,25.76595744680851,17
2012,AB de Villiers,48,32.2,147.82922362190658,25.583333333333332,47
2012,AB de Villiers,49,35.0,155.98048412610825,26.020408163265305,9
2012,AB de Villiers,50,26.4,175.61463046757166,25.68,14
2012,AB de Villiers,51,17.4,147.98642533936655,25.45098039215686,4
2013,AB de Villiers,52,18.2,155.25915261209383,25.03846153846154,22
2013,AB de Villiers,53,19.2,149.10530645824764,24.9811320754717,64
2013,AB de Villiers,54,22.6,132.5990675990676,25.703703703703702,52
2013,AB de Villiers,55,31.2,116.48795648795651,26.181818181818183,7
2013,AB de Villiers,56,29.8,112.44949494949499,25.839285714285715,31
2013,AB de Villiers,57,35.2,174.0656565656566,25.92982456140351,2
2013,AB de Villiers,58,31.2,167.39898989898992,25.517241379310345,21
2013,AB de Villiers,59,22.6,160.91880341880344,25.440677966101696,50
2013,AB de Villiers,60,22.2,175.5081753994798,25.85,6
2013,AB de Villiers,61,22.0,218.0081753994798,25.524590163934427,15
2013,AB de Villiers,62,18.8,169.1192865105909,25.35483870967742,32
2013,AB de Villiers,63,24.8,193.433012000787,25.46031746031746,28
2013,AB de Villiers,64,26.2,186.57986514764013,25.5,38
2013,AB de Villiers,65,23.8,181.10160427807492,25.692307692307693,5
2014,AB de Villiers,66,23.6,154.43493761140826,25.37878787878788,45
2014,AB de Villiers,67,29.6,153.18493761140826,25.671641791044777,11
2014,AB de Villiers,68,25.4,133.87121212121218,25.455882352941178,0
2014,AB de Villiers,69,19.8,108.41666666666671,25.08695652173913,17
2014,AB de Villiers,70,15.6,93.08333333333339,24.97142857142857,89
2014,AB de Villiers,71,32.4,101.14534883720935,25.87323943661972,9
2014,AB de Villiers,72,25.2,108.10963455149506,25.63888888888889,53
2014,AB de Villiers,73,33.6,127.6334440753046,26.013698630136986,58
2014,AB de Villiers,74,45.2,163.8834440753046,26.445945945945947,33
2014,AB de Villiers,75,48.4,180.04030682040263,26.533333333333335,28
2014,AB de Villiers,76,36.2,175.97829131652665,26.55263157894737,29
2014,AB de Villiers,77,40.2,182.48622782446316,26.584415584415584,13
2014,AB de Villiers,78,32.2,164.6290849673203,26.41025641025641,10
2015,AB de Villiers,79,22.6,161.71241830065364,26.20253164556962,28
2015,AB de Villiers,80,21.6,165.965811965812,26.225,46
2015,AB de Villiers,81,25.2,160.35661656351317,26.469135802469136,41
2015,AB de Villiers,82,27.6,196.46772767462429,26.646341463414632,14
2015,AB de Villiers,83,27.8,204.46772767462429,26.49397590361446,47
2015,AB de Villiers,84,35.2,198.78145316482033,26.738095238095237,57
2015,AB de Villiers,85,41.0,179.95984923683346,27.094117647058823,2
2015,AB de Villiers,86,32.2,158.23571130579893,26.802325581395348,21
2015,AB de Villiers,87,28.2,119.90237797246564,26.735632183908045,47
2015,AB de Villiers,88,34.8,131.0690446391323,26.96590909090909,133
2015,AB de Villiers,89,52.0,147.02854319265208,28.15730337078652,10
2015,AB de Villiers,90,42.6,142.77322404371589,27.955555555555556,0
2015,AB de Villiers,91,42.2,132.77322404371589,27.64835164835165,66
2015,AB de Villiers,92,51.2,135.77322404371589,28.065217391304348,1
2016,AB de Villiers,93,42.0,103.27322404371589,27.774193548387096,82
2016,AB de Villiers,94,31.8,96.93939393939398,28.351063829787233,55
2016,AB de Villiers,95,40.8,110.27272727272732,28.63157894736842,29
2016,AB de Villiers,96,46.6,136.63636363636368,28.635416666666668,83
2016,AB de Villiers,97,50.0,139.7233201581028,29.195876288659793,20
2016,AB de Villiers,98,53.8,158.05665349143615,29.102040816326532,47
2016,AB de Villiers,99,46.8,149.26877470355737,29.282828282828284,4
2016,AB de Villiers,100,36.6,129.26877470355734,29.03,1
2016,AB de Villiers,101,31.0,109.57180500658767,28.752475247524753,64
2016,AB de Villiers,102,27.2,110.0562770562771,29.098039215686274,24
2016,AB de Villiers,103,28.0,102.83405483405488,29.04854368932039,129
2016,AB de Villiers,104,44.4,123.02845163222528,30.009615384615383,59
2016,AB de Villiers,105,55.4,146.57011829889194,30.285714285714285,0
2016,AB de Villiers,106,55.2,139.90345163222528,30.0,6
2016,AB de Villiers,107,43.6,116.66535639413003,29.77570093457944,79
2016,AB de Villiers,108,54.6,131.80424528301893,30.23148148148148,5
2017,AB de Villiers,109,29.8,99.7916666666667,30.0,89
2017,AB de Villiers,110,35.8,99.2431972789116,30.536363636363635,19
2017,AB de Villiers,111,39.6,116.51592455163889,30.43243243243243,29
2017,AB de Villiers,112,44.2,121.30759121830556,30.419642857142858,8
2017,AB de Villiers,113,30.0,115.05759121830556,30.221238938053098,5
2017,AB de Villiers,114,30.0,106.72425788497222,30.0,3
2017,AB de Villiers,115,12.8,77.89772727272732,29.765217391304347,43
2017,AB de Villiers,116,17.6,91.33928571428575,29.879310344827587,10
2017,AB de Villiers,117,13.8,106.54761904761908,29.70940170940171,10
2018,AB de Villiers,118,14.2,104.88095238095244,29.54237288135593,44
2018,AB de Villiers,119,22.0,134.80848861283647,29.66386554621849,57
2018,AB de Villiers,120,32.8,155.80848861283647,29.891666666666666,20
2018,AB de Villiers,121,28.2,147.316425120773,29.8099173553719,1
2018,AB de Villiers,122,26.4,123.98309178743966,29.57377049180328,90
2018,AB de Villiers,123,42.4,143.98309178743966,30.065040650406505,68
2018,AB de Villiers,124,47.2,149.59318996415774,30.370967741935484,1
2018,AB de Villiers,125,36.0,126.09318996415774,30.136,5
2018,AB de Villiers,126,33.0,114.98207885304664,29.936507936507937,72
2018,AB de Villiers,127,47.2,143.90099777196556,30.26771653543307,69
2018,AB de Villiers,128,43.0,132.55953435733142,30.5703125,53
2019,AB de Villiers,129,40.0,118.9742809011102,30.74418604651163,9
2019,AB de Villiers,130,41.6,131.9742809011102,30.576923076923077,70
2019,AB de Villiers,131,54.6,154.19650312333243,30.87786259541985,1
2019,AB de Villiers,132,40.4,125.2775842044135,30.651515151515152,13
2019,AB de Villiers,133,29.2,120.50793650793655,30.518796992481203,63
2019,AB de Villiers,134,31.2,127.28104575163404,30.761194029850746,17
2019,AB de Villiers,135,32.8,129.28104575163405,30.659259259259258,59
2019,AB de Villiers,136,30.6,127.00034399724807,30.86764705882353,75
2019,AB de Villiers,137,45.4,146.41210870313043,31.18978102189781,25
2019,AB de Villiers,138,47.8,142.52321981424151,31.144927536231883,82
2019,AB de Villiers,139,51.6,141.11657019787327,31.510791366906474,17
2019,AB de Villiers,140,51.6,139.0113070399785,31.40714285714286,10
2019,AB de Villiers,141,41.8,157.95867546103113,31.25531914893617,1
2020/21,AB de Villiers,142,27.0,138.5469107551488,31.04225352112676,15
2020/21,AB de Villiers,143,25.0,138.5469107551488,30.93006993006993,24
2020/21,AB de Villiers,144,13.4,122.09473684210529,30.881944444444443,35
2020/21,AB de Villiers,145,17.0,137.5333333333334,30.910344827586208,28
2020/21,AB de Villiers,146,20.6,115.53333333333339,30.89041095890411,12
2020/21,AB de Villiers,147,22.8,129.5333333333334,30.761904761904763,9
2020/21,AB de Villiers,148,21.6,134.5333333333334,30.614864864864863,55
2020/21,AB de Villiers,149,27.8,163.15942028985512,30.778523489932887,0
2020/21,AB de Villiers,150,20.8,129.8260869565218,30.573333333333334,2
2020/21,AB de Villiers,151,15.6,109.82608695652179,30.3841059602649,51
2020/21,AB de Villiers,152,23.4,119.82608695652179,30.519736842105264,73
2020/21,AB de Villiers,153,36.2,132.76726342711,30.797385620915033,39
2020/21,AB de Villiers,154,33.0,106.60784313725495,30.850649350649352,61
2020/21,AB de Villiers,155,45.2,150.17927170868353,31.045161290322582,56
2021,AB de Villiers,156,56.0,167.63381716322897,31.205128205128204,48
2021,AB de Villiers,157,55.4,169.1893727187845,31.312101910828027,1
2021,AB de Villiers,158,41.0,130.24819624819628,31.120253164556964,76
2021,AB de Villiers,159,48.4,150.80375180375182,31.40251572327044,4
2021,AB de Villiers,160,37.0,116.12121212121217,31.23125,75
2021,AB de Villiers,161,40.8,125.55038759689928,31.503105590062113,3
2021,AB de Villiers,162,31.8,96.66149870801038,31.32716049382716,0
2021,AB de Villiers,163,31.6,92.66149870801038,31.134969325153374,23
2021,AB de Villiers,164,21.0,75.99483204134371,31.085365853658537,19
2021,AB de Villiers,165,24.0,96.33671238322405,31.01212121212121,26
2021,AB de Villiers,166,14.2,81.4529914529915,30.981927710843372,4
2021,AB de Villiers,167,14.4,154.78632478632485,30.820359281437124,11
2021,AB de Villiers,168,16.6,186.21489621489627,30.702380952380953,12
2021,AB de Villiers,169,14.4,182.4775224775225,30.59171597633136,11
2011,AC Blizzard,5,22.0,117.69047619047623,22.0,10
2012,AC Blizzard,6,22.8,115.87229437229443,20.0,0
2007/08,AC Gilchrist,5,31.8,129.4333333333334,31.8,46
2007/08,AC Gilchrist,6,36.4,134.4771929824562,34.166666666666664,54
2007/08,AC Gilchrist,7,45.6,145.8886043938676,37.0,61
2007/08,AC Gilchrist,8,55.2,141.8976746886522,40.0,24
2007/08,AC Gilchrist,9,38.2,126.53296880629924,38.22222222222222,14
2007/08,AC Gilchrist,10,39.8,134.53296880629924,35.8,13
2007/08,AC Gilchrist,11,33.2,125.6165601375686,33.72727272727273,50
2007/08,AC Gilchrist,12,32.4,120.23689475790323,35.083333333333336,10
2007/08,AC Gilchrist,13,22.2,112.00560224089642,33.15384615384615,5
2009,AC Gilchrist,14,18.4,96.27030812324935,31.142857142857142,13
2009,AC Gilchrist,15,18.2,91.90667175961299,29.933333333333334,71
2009,AC Gilchrist,16,29.8,108.16810966810972,32.5,35
2009,AC Gilchrist,17,26.8,117.69191919191925,32.64705882352941,44
2009,AC Gilchrist,18,33.6,145.0252525252526,33.27777777777778,8
2009,AC Gilchrist,19,34.2,164.5252525252526,31.94736842105263,39
2009,AC Gilchrist,20,39.4,162.5555555555556,32.3,0
2009,AC Gilchrist,21,25.2,131.00000000000006,30.761904761904763,25
2009,AC Gilchrist,22,23.2,113.79569892473123,30.5,20
2009,AC Gilchrist,23,18.4,93.32511068943714,30.043478260869566,10
2009,AC Gilchrist,24,18.8,77.9917773561038,29.208333333333332,64
2009,AC Gilchrist,25,23.8,92.8965392608657,30.6,43
2009,AC Gilchrist,26,32.4,119.7715392608657,31.076923076923077,23
2009,AC Gilchrist,27,32.0,139.02712238741657,30.77777777777778,15
2009,AC Gilchrist,28,31.0,131.2871843069212,30.214285714285715,85
2009,AC Gilchrist,29,46.0,161.84273986247678,32.10344827586207,0
2009/10,AC Gilchrist,30,33.2,125.27131129104819,31.033333333333335,54
2009/10,AC Gilchrist,31,35.4,126.08861898335587,31.774193548387096,38
2009/10,AC Gilchrist,32,38.4,128.70400359874048,31.96875,33
2009/10,AC Gilchrist,33,42.0,163.68376068376074,32.0,24
2009/10,AC Gilchrist,34,29.8,150.74725274725282,31.764705882352942,1
2009/10,AC Gilchrist,35,30.0,157.41391941391947,30.885714285714286,0
2009/10,AC Gilchrist,36,19.2,129.72161172161177,30.02777777777778,9
2009/10,AC Gilchrist,37,13.4,127.72161172161177,29.45945945945946,19
2009/10,AC Gilchrist,38,10.6,104.09523809523816,29.18421052631579,34
2009/10,AC Gilchrist,39,12.6,103.80952380952385,29.307692307692307,32
2009/10,AC Gilchrist,40,18.8,127.61904761904768,29.375,7
2009/10,AC Gilchrist,41,20.2,141.61904761904768,28.829268292682926,0
2009/10,AC Gilchrist,42,18.4,105.61904761904768,28.142857142857142,9
2009/10,AC Gilchrist,43,16.4,114.47619047619052,27.697674418604652,10
2009/10,AC Gilchrist,44,11.6,102.69841269841277,27.295454545454547,15
2009/10,AC Gilchrist,45,8.2,87.22222222222227,27.022222222222222,4
2011,AC Gilchrist,46,7.6,93.22222222222229,26.52173913043478,1
2011,AC Gilchrist,47,7.8,99.88888888888894,25.97872340425532,19
2011,AC Gilchrist,48,9.8,89.22222222222227,25.833333333333332,61
2011,AC Gilchrist,49,20.0,91.89795918367352,26.551020408163264,28
2011,AC Gilchrist,50,22.6,109.83913565426175,26.58,42
2011,AC Gilchrist,51,30.2,115.2936811088072,26.88235294117647,26
2011,AC Gilchrist,52,35.2,126.55804892489917,26.865384615384617,0
2011,AC Gilchrist,53,31.4,101.22471559156584,26.358490566037737,0
2011,AC Gilchrist,54,19.2,76.32675640789236,25.87037037037037,3
2011,AC Gilchrist,55,14.2,50.885579937304136,25.454545454545453,28
2011,AC Gilchrist,56,11.4,44.09770114942535,25.5,9
2011,AC Gilchrist,57,8.0,36.75490196078437,25.210526315789473,9
2011,AC Gilchrist,58,9.8,56.75490196078438,24.93103448275862,106
2011,AC Gilchrist,59,31.0,93.3066260987154,26.305084745762713,51
2012,AC Gilchrist,60,40.6,112.6487313618733,26.716666666666665,27
2012,AC Gilchrist,61,40.4,122.40311732678558,26.721311475409838,6
2012,AC Gilchrist,62,39.8,122.72397294175884,26.387096774193548,21
2012,AC Gilchrist,63,42.2,127.42985529470002,26.3015873015873,5
2012,AC Gilchrist,64,22.0,101.9892422678801,25.96875,40
2012,AC Gilchrist,65,19.8,101.81380367138887,26.184615384615384,64
2012,AC Gilchrist,66,27.2,100.05941770647658,26.757575757575758,9
2013,AC Gilchrist,67,27.8,102.99648064353951,26.492537313432837,15
2013,AC Gilchrist,68,26.6,108.29059829059834,26.323529411764707,9
2013,AC Gilchrist,69,27.4,127.17948717948723,26.07246376811594,0
2013,AC Gilchrist,70,19.4,100.51282051282057,25.7,7
2013,AC Gilchrist,71,8.0,84.61538461538467,25.43661971830986,26
2013,AC Gilchrist,72,11.4,91.56923076923083,25.444444444444443,4
2013,AC Gilchrist,73,9.2,88.23589743589748,25.15068493150685,42
2013,AC Gilchrist,74,15.8,90.54358974358979,25.37837837837838,27
2013,AC Gilchrist,75,21.2,110.54358974358979,25.4,85
2013,AC Gilchrist,76,36.8,129.5989203778678,26.18421052631579,42
2013,AC Gilchrist,77,40.0,135.0489203778678,26.38961038961039,26
2013,AC Gilchrist,78,44.4,130.99094936337505,26.384615384615383,6
2013,AC Gilchrist,79,37.2,138.68325705568276,26.126582278481013,5
2009/10,AC Voges,5,29.0,130.57679477958123,29.0,28
2009/10,AC Voges,6,27.2,117.68117188395831,28.833333333333332,8
2018,AD Hales,5,22.2,103.64636752136758,22.2,37
2009/10,AD Mascarenhas,5,9.6,101.78571428571435,9.6,9
2009/10,AD Mascarenhas,6,9.6,101.78571428571435,9.5,3
2012,AD Mascarenhas,7,10.2,121.78571428571436,8.571428571428571,5
2012,AD Mascarenhas,8,5.8,122.50000000000004,8.125,0
2012,AD Mascarenhas,9,5.0,82.50000000000006,7.222222222222222,9
2013,AD Mascarenhas,10,5.2,80.50000000000006,7.4,5
2009/10,AD Mathews,5,21.8,107.18995290423868,21.8,24
2009/10,AD Mathews,6,23.4,108.33281004709582,22.166666666666668,4
2009/10,AD Mathews,7,11.2,101.80219780219787,19.571428571428573,17
2009/10,AD Mathews,8,13.4,119.38461538461543,19.25,46
2009/10,AD Mathews,9,22.0,132.2417582417583,22.22222222222222,1
2009/10,AD Mathews,10,18.4,113.01098901098908,20.1,48
2012,AD Mathews,11,23.2,107.83451842275376,22.636363636363637,11
2012,AD Mathews,12,24.6,112.27896286719822,21.666666666666668,10
2012,AD Mathews,13,23.2,114.69654528478063,20.76923076923077,27
2012,AD Mathews,14,19.4,105.31766329720298,21.214285714285715,6
2012,AD Mathews,15,20.4,155.31766329720298,20.2,35
2012,AD Mathews,16,17.8,161.4941338854383,21.125,11
2012,AD Mathews,17,17.8,155.38302277432717,20.529411764705884,4
2012,AD Mathews,18,16.6,134.8115942028986,19.61111111111111,23
2013,AD Mathews,19,15.8,135.54385964912285,19.789473684210527,8
2013,AD Mathews,20,16.2,102.21052631578951,19.2,4
2013,AD Mathews,21,10.0,97.21052631578951,18.476190476190474,1
2013,AD Mathews,22,8.0,98.87719298245618,17.681818181818183,19
2013,AD Mathews,23,11.0,110.87719298245618,17.73913043478261,20
2013,AD Mathews,24,10.4,103.33333333333337,17.833333333333332,32
2013,AD Mathews,25,15.2,108.66666666666671,18.4,18
2013,AD Mathews,26,18.0,112.66666666666671,18.384615384615383,40
2013,AD Mathews,27,25.8,121.23809523809527,19.185185185185187,0
2013,AD Mathews,28,22.0,101.23809523809528,18.5,30
2015,AD Mathews,29,24.0,111.84415584415589,18.896551724137932,27
2015,AD Mathews,30,23.0,115.84415584415589,19.166666666666668,6
2015,AD Mathews,31,20.6,121.84415584415589,18.741935483870968,15
2015,AD Mathews,32,15.6,120.54545454545459,18.625,28
2015,AD Mathews,33,21.2,146.00000000000006,18.90909090909091,17
2015,AD Mathews,34,18.6,156.50505050505052,18.852941176470587,0
2015,AD Mathews,35,13.2,120.50505050505053,18.314285714285713,22
2015,AD Mathews,36,16.4,119.83838383838388,18.416666666666668,16
2015,AD Mathews,37,16.6,109.4077618288145,18.35135135135135,12
2015,AD Mathews,38,13.4,107.95321637426905,18.18421052631579,1
2017,AD Mathews,39,10.2,76.84210526315795,17.743589743589745,1
2017,AD Mathews,40,10.4,81.84210526315795,17.325,31
2019,AD Nath,5,5.8,55.6643356643357,5.8,19
2019,AD Nath,6,7.2,65.51282051282055,8.0,2
2019,AD Nath,7,6.6,68.84615384615388,7.142857142857143,13
2019,AD Nath,8,8.6,75.09615384615388,7.875,24
2019,AD Nath,9,13.4,99.09615384615388,9.666666666666666,3
2014,AD Russell,5,11.8,101.84090909090915,11.8,1
2015,AD Russell,6,5.8,69.75757575757581,10.0,41
2015,AD Russell,7,10.8,88.90196078431377,14.428571428571429,55
2015,AD Russell,8,21.0,112.23529411764711,19.5,66
2015,AD Russell,9,32.8,128.90196078431376,24.666666666666668,19
2015,AD Russell,10,36.4,162.90196078431376,24.1,5
2015,AD Russell,11,37.2,172.90196078431376,22.363636363636363,4
2015,AD Russell,12,29.8,144.6666666666667,20.833333333333332,45
2015,AD Russell,13,27.8,164.2745098039216,22.692307692307693,1
2015,AD Russell,14,14.8,134.2745098039216,21.142857142857142,51
2015,AD Russell,15,21.2,140.62233589087813,23.133333333333333,2
2015,AD Russell,16,20.6,133.95566922421145,21.8125,37
2016,AD Russell,17,27.2,147.5920328605751,22.705882352941178,36
2016,AD Russell,18,25.4,134.65085638998687,23.444444444444443,2
2016,AD Russell,19,25.6,135.98418972332018,22.31578947368421,17
2016,AD Russell,20,18.8,119.96969696969703,22.05,22
2016,AD Russell,21,22.8,137.46969696969703,22.047619047619047,17
2016,AD Russell,22,18.8,128.11904761904768,21.818181818181817,39
2016,AD Russell,23,19.4,117.00793650793655,22.565217391304348,16
2016,AD Russell,24,22.2,133.62332112332118,22.291666666666668,39
2018,AD Russell,25,26.6,144.28998778998783,22.96,15
2018,AD Russell,26,25.2,139.86691086691093,22.653846153846153,88
2018,AD Russell,27,39.4,164.4700854700855,25.074074074074073,9
2018,AD Russell,28,33.4,171.58119658119662,24.5,41
2018,AD Russell,29,38.4,215.29914529914532,25.06896551724138,10
2018,AD Russell,30,32.6,201.29914529914532,24.566666666666666,44
2018,AD Russell,31,38.4,205.72222222222226,25.193548387096776,0
2018,AD Russell,32,20.8,156.83333333333337,24.40625,9
2018,AD Russell,33,20.8,138.83333333333337,23.939393939393938,2
2018,AD Russell,34,13.0,80.50000000000004,23.294117647058822,31
2018,AD Russell,35,17.2,96.83333333333339,23.514285714285716,11
2018,AD Russell,36,10.6,113.3333333333334,23.166666666666668,4
2018,AD Russell,37,11.4,133.3333333333334,22.64864864864865,49
2018,AD Russell,38,19.4,151.6296296296297,23.342105263157894,3
2019,AD Russell,39,19.6,150.20105820105826,22.82051282051282,49
2019,AD Russell,40,23.2,157.86772486772492,23.475,48
2019,AD Russell,41,30.6,170.33831310301903,24.073170731707318,66
2019,AD Russell,42,43.0,191.58831310301903,25.071428571428573,48
2019,AD Russell,43,42.8,215.29201680672273,25.6046511627907,50
2019,AD Russell,44,52.2,228.45971867007674,26.15909090909091,45
2019,AD Russell,45,51.4,220.36880957916765,26.57777777777778,10
2019,AD Russell,46,43.8,213.8982213438736,26.217391304347824,65
2019,AD Russell,47,43.6,215.9815546772069,27.04255319148936,15
2019,AD Russell,48,37.0,185.9815546772069,26.791666666666668,14
2019,AD Russell,49,29.8,184.24242424242428,26.53061224489796,80
2019,AD Russell,50,36.8,179.69696969696975,27.6,24
2019,AD Russell,51,39.6,157.9322638146168,27.529411764705884,0
2020/21,AD Russell,52,26.6,114.59893048128347,27.0,2
2020/21,AD Russell,53,24.0,94.59893048128347,26.528301886792452,24
2020/21,AD Russell,54,26.0,106.59893048128347,26.48148148148148,11
2020/21,AD Russell,55,12.2,90.2352941176471,26.2,9
2020/21,AD Russell,56,9.2,78.36363636363642,25.892857142857142,13
2020/21,AD Russell,57,11.8,110.86363636363642,25.666666666666668,5
2020/21,AD Russell,58,12.4,134.19696969696975,25.310344827586206,12
2020/21,AD Russell,59,10.0,128.86363636363643,25.084745762711865,25
2020/21,AD Russell,60,12.8,154.31818181818187,25.083333333333332,16
2021,AD Russell,61,14.2,169.9545454545455,24.934426229508198,5
2021,AD Russell,62,12.6,154.12121212121218,24.612903225806452,9
2021,AD Russell,63,13.4,132.78787878787884,24.365079365079364,31
2021,AD Russell,64,17.2,135.6450216450217,24.46875,54
2021,AD Russell,65,23.0,135.19047619047623,24.923076923076923,9
2021,AD Russell,66,21.6,121.19047619047623,24.681818181818183,10
2021,AD Russell,67,22.6,126.7460317460318,24.46268656716418,45
2021,AD Russell,68,29.8,148.07936507936512,24.764705882352942,20
2022,AD Russell,69,27.6,145.22222222222226,24.695652173913043,25
2022,AD Russell,70,21.8,126.53801169590649,24.7,70
2022,AD Russell,71,34.0,150.9622541201489,25.338028169014084,11
2022,AD Russell,72,34.2,172.7400318979267,25.13888888888889,24
2022,AD Russell,73,30.0,161.22488038277518,25.123287671232877,49
2022,AD Russell,74,35.8,172.25052140841618,25.445945945945947,0
2022,AD Russell,75,30.8,145.93473193473196,25.106666666666666,48
2022,AD Russell,76,26.4,141.91048951048955,25.407894736842106,0
2022,AD Russell,77,24.2,97.91048951048955,25.07792207792208,45
2022,AD Russell,78,28.4,123.4607287449393,25.333333333333332,9
2022,AD Russell,79,20.4,121.76842105263162,25.126582278481013,49
2022,AD Russell,80,30.2,153.38132427843806,25.425,5
2023,AD Russell,81,21.6,124.07223336934717,25.17283950617284,35
2023,AD Russell,82,28.6,160.91433863250504,25.29268292682927,0
2023,AD Russell,83,19.6,113.54591757987346,24.987951807228917,1
2023,AD Russell,84,18.0,87.54591757987347,24.702380952380953,3
2023,AD Russell,85,8.8,65.93301435406703,24.44705882352941,21
2023,AD Russell,86,12.0,95.02392344497612,24.406976744186046,38
2023,AD Russell,87,12.6,79.89610389610394,24.563218390804597,9
2023,AD Russell,88,14.4,105.61038961038966,24.386363636363637,1
2023,AD Russell,89,14.4,105.61038961038966,24.123595505617978,34
2023,AD Russell,90,20.6,131.39986329460018,24.233333333333334,24
2023,AD Russell,91,21.2,125.21804511278201,24.23076923076923,42
2023,AD Russell,92,22.0,138.5037593984963,24.42391304347826,10
2023,AD Russell,93,22.2,132.78947368421058,24.268817204301076,2
2023,AD Russell,94,22.4,142.78947368421058,24.03191489361702,7
2024,AD Russell,95,17.0,122.55555555555559,23.852631578947367,64
2024,AD Russell,96,25.0,136.2698412698413,24.270833333333332,41
2024,AD Russell,97,24.8,135.43650793650798,24.443298969072163,10
2024,AD Russell,98,24.8,132.10317460317464,24.29591836734694,13
2024,AD Russell,99,27.0,135.73953823953826,24.181818181818183,27
2024,AD Russell,100,31.0,142.68398268398272,24.21,24
2024,AD Russell,101,23.0,128.96969696969703,24.207920792079207,7
2024,AD Russell,102,16.2,164.80303030303034,24.03921568627451,12
2024,AD Russell,103,16.6,169.9545454545455,23.92233009708738,24
2021,AF Milne,5,4.6,63.480392156862806,4.6,0
2011,AJ Finch,5,13.0,81.77197802197809,13.0,3
2011,AJ Finch,6,9.4,73.77197802197809,11.333333333333334,0
2012,AJ Finch,7,7.8,61.46428571428578,9.714285714285714,30
2012,AJ Finch,8,11.6,69.1428571428572,12.25,25
2013,AJ Finch,9,11.6,54.261904761904816,13.666666666666666,64
2013,AJ Finch,10,24.4,77.11904761904768,18.7,0
2013,AJ Finch,11,23.8,65.11904761904768,17.0,67
2013,AJ Finch,12,37.2,94.24948240165637,21.166666666666668,16
2013,AJ Finch,13,34.4,97.43629558846956,20.76923076923077,64
2013,AJ Finch,14,42.2,106.37040411560133,23.857142857142858,18
2013,AJ Finch,15,33.0,107.51326125845848,23.466666666666665,37
2013,AJ Finch,16,40.4,129.27796714081143,24.3125,15
2013,AJ Finch,17,30.0,133.48086569153605,23.764705882352942,15
2013,AJ Finch,18,29.8,133.86548107615144,23.27777777777778,45
2013,AJ Finch,19,26.0,131.3707664884136,24.42105263157895,5
2013,AJ Finch,20,23.4,127.37076648841362,23.45,10
2013,AJ Finch,21,18.0,123.78787878787884,22.80952380952381,48
2013,AJ Finch,22,24.6,120.4545454545455,23.954545454545453,52
2014,AJ Finch,23,32.0,126.04278074866315,25.17391304347826,2
2014,AJ Finch,24,23.4,106.77005347593588,24.208333333333332,19
2014,AJ Finch,25,26.2,112.10338680926921,24.0,88
2014,AJ Finch,26,41.8,126.51416122004362,26.46153846153846,44
2014,AJ Finch,27,41.0,115.64459600265232,27.11111111111111,16
2014,AJ Finch,28,33.8,106.38969404186801,26.714285714285715,13
2014,AJ Finch,29,36.0,130.889694041868,26.24137931034483,9
2014,AJ Finch,30,34.0,123.55636070853468,25.666666666666668,4
2014,AJ Finch,31,17.2,100.96376811594209,24.967741935483872,68
2014,AJ Finch,32,22.0,103.76881720430113,26.3125,20
2014,AJ Finch,33,22.8,98.4354838709678,26.12121212121212,8
2014,AJ Finch,34,21.8,85.9354838709678,25.58823529411765,11
2014,AJ Finch,35,22.2,92.37992831541224,25.17142857142857,7
2015,AJ Finch,36,22.8,129.04659498207891,24.666666666666668,5
2015,AJ Finch,37,10.2,127.11111111111117,24.135135135135137,8
2015,AJ Finch,38,7.8,122.5396825396826,23.710526315789473,10
2016,AJ Finch,39,8.2,116.8253968253969,23.358974358974358,74
2016,AJ Finch,40,20.8,123.21428571428578,24.625,50
2016,AJ Finch,41,29.4,103.57464607464613,25.24390243902439,67
2016,AJ Finch,42,41.8,107.9382824382825,26.238095238095237,0
2016,AJ Finch,43,40.2,96.50971100971108,25.627906976744185,5
2016,AJ Finch,44,39.2,98.89066339066345,25.15909090909091,51
2016,AJ Finch,45,34.6,91.77826028988827,25.733333333333334,29
2016,AJ Finch,46,30.4,122.75123326286123,25.804347826086957,37
2016,AJ Finch,47,24.4,116.0066445182725,26.04255319148936,26
2016,AJ Finch,48,29.6,136.00664451827248,26.041666666666668,0
2016,AJ Finch,49,28.6,119.33997785160582,25.510204081632654,4
2016,AJ Finch,50,19.2,108.952380952381,25.08,50
2017,AJ Finch,51,23.4,82.202380952381,25.568627450980394,15
2017,AJ Finch,52,19.0,102.0833333333334,25.365384615384617,3
2017,AJ Finch,53,14.4,94.0833333333334,24.943396226415093,33
2017,AJ Finch,54,21.0,127.0833333333334,25.09259259259259,19
2017,AJ Finch,55,24.0,137.50000000000006,24.98181818181818,31
2017,AJ Finch,56,20.2,147.5833333333334,25.089285714285715,13
2017,AJ Finch,57,19.8,131.75000000000006,24.87719298245614,72
2017,AJ Finch,58,33.6,159.75000000000006,25.689655172413794,1
2017,AJ Finch,59,27.2,129.60714285714292,25.271186440677965,13
2017,AJ Finch,60,26.0,143.00000000000006,25.066666666666666,27
2017,AJ Finch,61,25.2,130.08771929824564,25.098360655737704,2
2017,AJ Finch,62,23.0,128.42105263157902,24.725806451612904,69
2017,AJ Finch,63,22.4,122.921052631579,25.428571428571427,2
2018,AJ Finch,64,22.6,133.39724310776947,25.0625,0
2018,AJ Finch,65,20.0,96.25438596491233,24.676923076923078,0
2018,AJ Finch,66,14.6,67.8333333333334,24.303030303030305,14
2018,AJ Finch,67,17.0,94.50000000000006,24.149253731343283,2
2018,AJ Finch,68,3.6,70.00000000000006,23.823529411764707,8
2018,AJ Finch,69,4.8,96.66666666666671,23.594202898550726,34
2018,AJ Finch,70,11.6,130.6666666666667,23.742857142857144,26
2018,AJ Finch,71,16.8,151.46666666666673,23.774647887323944,46
2018,AJ Finch,72,23.2,131.08571428571435,24.083333333333332,4
2020/21,AJ Finch,73,23.6,134.4190476190477,23.80821917808219,16
2020/21,AJ Finch,74,25.2,107.752380952381,23.7027027027027,20
2020/21,AJ Finch,75,22.4,91.14368530020708,23.653333333333332,8
2020/21,AJ Finch,76,18.8,93.20082815734995,23.44736842105263,13
2020/21,AJ Finch,77,12.2,83.16511387163567,23.31168831168831,14
2020/21,AJ Finch,78,14.2,93.16511387163567,23.192307692307693,2
2020/21,AJ Finch,79,11.4,84.27622498274678,22.924050632911392,20
2020/21,AJ Finch,80,11.4,89.10714285714292,22.8875,29
2020/21,AJ Finch,81,15.6,87.73148148148154,22.962962962962962,47
2020/21,AJ Finch,82,22.4,96.2183235867447,23.25609756097561,15
2020/21,AJ Finch,83,22.6,95.96191333033444,23.156626506024097,52
2020/21,AJ Finch,84,32.6,120.40635777477887,23.5,32
2022,AJ Finch,85,35.0,118.82929684287924,23.6,7
2022,AJ Finch,86,30.6,125.34781536139776,23.406976744186046,58
2022,AJ Finch,87,32.8,134.72862031495814,23.804597701149426,3
2022,AJ Finch,88,30.4,119.15169723803506,23.568181818181817,4
2022,AJ Finch,89,20.8,100.26280834914617,23.348314606741575,14
2024,AJ Turner,5,1.6,19.682539682539737,1.6,16
2018,AJ Tye,5,12.6,130.8333333333334,12.6,3
2018,AJ Tye,6,12.0,117.50000000000004,11.0,4
2018,AJ Tye,7,8.4,120.8333333333334,10.0,1
2018,AJ Tye,8,3.6,99.16666666666671,8.875,14
2018,AJ Tye,9,5.0,107.12121212121217,9.444444444444445,0
2018,AJ Tye,10,4.4,92.12121212121217,8.5,0
2019,AJ Tye,11,3.8,85.45454545454551,7.7272727272727275,0
2020/21,AJ Tye,12,3.0,45.45454545454551,7.083333333333333,6
2021,AK Markram,5,24.0,125.94642857142863,24.0,26
2022,AK Markram,6,25.2,122.13690476190482,24.333333333333332,57
2022,AK Markram,7,34.0,116.77976190476197,29.0,12
2022,AK Markram,8,28.0,105.92261904761911,26.875,12
2022,AK Markram,9,26.8,115.92261904761911,25.22222222222222,68
2022,AK Markram,10,35.0,136.8253968253969,29.5,41
2022,AK Markram,11,38.0,142.43386243386252,30.545454545454547,56
2022,AK Markram,12,37.8,142.60807846173708,32.666666666666664,17
2022,AK Markram,13,38.8,159.4652213188799,31.46153846153846,42
2022,AK Markram,14,44.8,161.77291362657223,32.214285714285715,21
2022,AK Markram,15,35.4,139.55069140435,31.466666666666665,32
2022,AK Markram,16,33.6,134.78032103397965,31.5,2
2022,AK Markram,17,22.8,117.46324786324791,29.764705882352942,21
2023,AK Markram,18,23.6,108.16913021618909,29.27777777777778,0
2023,AK Markram,19,15.2,75.86143790849678,27.736842105263158,37
2023,AK Markram,20,18.4,95.54397759103647,28.2,50
2023,AK Markram,21,22.0,106.98101462807351,29.238095238095237,22
2023,AK Markram,22,26.0,122.86336756924997,28.90909090909091,12
2023,AK Markram,23,24.2,118.1574852163088,28.17391304347826,3
2023,AK Markram,24,24.8,130.1574852163088,27.125,8
2023,AK Markram,25,19.0,107.22708228590587,26.36,41
2023,AK Markram,26,17.2,89.71385477267836,26.923076923076923,6
2023,AK Markram,27,14.0,87.8315018315019,26.14814814814815,28
2023,AK Markram,28,17.2,95.8315018315019,26.214285714285715,10
2023,AK Markram,29,18.6,103.8315018315019,25.655172413793103,18
2023,AK Markram,30,20.6,109.52380952380959,25.4,13
2024,AK Markram,31,15.0,127.1428571428572,25.0,18
2024,AK Markram,32,17.4,130.8351648351649,24.78125,42
2024,AK Markram,33,20.2,128.28971028971034,25.303030303030305,17
2024,AK Markram,34,21.6,126.18444713181562,25.058823529411764,50
2024,AK Markram,35,28.0,135.21147415884263,25.771428571428572,0
2024,AK Markram,36,25.4,98.06861701598548,25.055555555555557,32
2024,AK Markram,37,28.2,105.93186487923336,25.243243243243242,1
2024,AK Markram,38,20.0,87.14398609135456,24.605263157894736,7
2024,AK Markram,39,18.0,86.7492492492493,24.153846153846153,32
2024,AK Markram,40,14.4,83.42592592592598,24.35,1
2024,AK Markram,41,14.6,93.42592592592598,23.78048780487805,20
2011,AL Menaria,5,21.6,122.13789719052883,21.6,29
2011,AL Menaria,6,23.0,119.16820022083186,22.833333333333332,2
2011,AL Menaria,7,18.0,99.62274567537732,19.857142857142858,2
2011,AL Menaria,8,14.2,84.18414918414923,17.625,8
2011,AL Menaria,9,9.0,84.69696969696975,16.555555555555557,31
2012,AL Menaria,10,14.4,85.36363636363642,18.0,0
2012,AL Menaria,11,8.6,59.00000000000004,16.363636363636363,40
2012,AL Menaria,12,16.2,79.80645161290327,18.333333333333332,20
2012,AL Menaria,13,19.8,98.13978494623662,18.46153846153846,1
2012,AL Menaria,14,18.4,74.80645161290329,17.214285714285715,22
2012,AL Menaria,15,16.6,76.13978494623662,17.533333333333335,36
2012,AL Menaria,16,23.8,97.3162555344719,18.6875,2
2012,AL Menaria,17,16.2,81.50980392156869,17.705882352941178,34
2012,AL Menaria,18,19.0,80.79551820728298,18.61111111111111,18
2012,AL Menaria,19,22.4,94.60504201680678,18.57894736842105,6
2012,AL Menaria,20,19.2,96.60504201680678,17.95,20
2012,AL Menaria,21,16.0,98.95798319327737,18.047619047619047,21
2013,AL Menaria,22,19.8,108.04889228418646,18.181818181818183,1
2007/08,AM Nayar,5,20.6,125.66666666666671,20.6,12
2007/08,AM Nayar,6,19.0,116.1428571428572,19.166666666666668,38
2007/08,AM Nayar,7,17.6,102.80952380952385,21.857142857142858,27
2007/08,AM Nayar,8,22.6,119.47619047619052,22.5,1
2007/08,AM Nayar,9,16.0,92.1428571428572,20.11111111111111,25
2009,AM Nayar,10,20.6,111.79197994987473,20.6,35
2009,AM Nayar,11,25.2,144.6491228070176,21.90909090909091,10
2009,AM Nayar,12,19.6,146.31578947368425,20.916666666666668,3
2009,AM Nayar,13,14.8,136.31578947368425,19.53846153846154,15
2009,AM Nayar,14,17.6,147.296181630547,19.214285714285715,10
2009,AM Nayar,15,14.6,136.3650075414782,18.6,29
2009,AM Nayar,16,13.4,115.36500754147819,19.25,1
2009,AM Nayar,17,11.6,87.03167420814485,18.176470588235293,18
2009,AM Nayar,18,14.6,79.88881706528771,18.166666666666668,35
2009,AM Nayar,19,18.6,99.0838635049162,19.05263157894737,33
2009,AM Nayar,20,23.2,108.14369256474524,19.75,4
2009/10,AM Nayar,21,18.2,99.14369256474525,19.0,9
2009/10,AM Nayar,22,19.8,119.85797827903097,18.545454545454547,22
2009/10,AM Nayar,23,20.6,131.44527986633256,18.695652173913043,27
2011,AM Nayar,24,19.0,115.37240537240544,19.041666666666668,12
2011,AM Nayar,25,14.8,104.26129426129432,18.76,0
2011,AM Nayar,26,14.0,84.26129426129432,18.03846153846154,13
2011,AM Nayar,27,14.8,84.54700854700862,17.85185185185185,1
2011,AM Nayar,28,10.6,66.76923076923082,17.25,17
2011,AM Nayar,29,8.6,72.15384615384622,17.24137931034483,0
2011,AM Nayar,30,6.2,58.820512820512874,16.666666666666668,14
2011,AM Nayar,31,9.0,89.93162393162399,16.580645161290324,1
2011,AM Nayar,32,6.6,68.93162393162399,16.09375,3
2012,AM Nayar,33,7.0,70.8363858363859,15.696969696969697,10
2012,AM Nayar,34,5.6,64.68253968253974,15.529411764705882,24
2012,AM Nayar,35,10.4,81.8253968253969,15.771428571428572,2
2012,AM Nayar,36,8.0,64.04761904761911,15.38888888888889,9
2013,AM Nayar,37,9.6,81.54761904761911,15.216216216216216,19
2013,AM Nayar,38,12.8,100.11904761904768,15.31578947368421,25
2013,AM Nayar,39,15.8,99.34981684981692,15.564102564102564,6
2013,AM Nayar,40,12.2,97.20695970695976,15.325,0
2013,AM Nayar,41,11.8,83.87362637362644,14.951219512195122,0
2013,AM Nayar,42,10.0,61.373626373626436,14.595238095238095,2
2013,AM Nayar,43,6.6,54.23076923076928,14.30232558139535,2
2013,AM Nayar,44,2.0,45.00000000000006,14.022727272727273,1
2013,AM Nayar,45,1.0,36.66666666666672,13.733333333333333,11
2014,AM Nayar,46,3.2,52.38095238095243,13.673913043478262,4
2014,AM Nayar,47,4.0,79.04761904761911,13.46808510638298,23
2014,AM Nayar,48,8.2,80.952380952381,13.666666666666666,5
2014,AM Nayar,49,8.8,83.452380952381,13.489795918367347,11
2009,AM Rahane,5,5.2,51.66666666666672,5.2,62
2009,AM Rahane,6,17.6,75.51282051282057,14.666666666666666,1
2009,AM Rahane,7,17.0,72.8461538461539,12.714285714285714,3
2009,AM Rahane,8,15.6,56.41758241758248,11.5,56
2011,AM Rahane,9,26.8,82.46409404548945,16.444444444444443,18
2011,AM Rahane,10,28.0,83.64056463372475,16.6,6
2011,AM Rahane,11,16.8,73.12774412090423,15.636363636363637,15
2011,AM Rahane,12,19.6,102.46107745423755,15.583333333333334,4
2011,AM Rahane,13,19.8,102.77853777169787,14.692307692307692,52
2011,AM Rahane,14,19.0,105.62091503267979,17.357142857142858,17
2011,AM Rahane,15,18.8,118.44444444444449,17.333333333333332,8
2012,AM Rahane,16,19.2,122.88888888888894,16.75,98
2012,AM Rahane,17,35.8,116.77777777777783,21.529411764705884,0
2012,AM Rahane,18,35.0,107.88888888888894,20.333333333333332,40
2012,AM Rahane,19,32.6,104.80645161290329,21.36842105263158,19
2012,AM Rahane,20,33.0,94.55645161290329,21.25,103
2012,AM Rahane,21,52.0,111.11200716845883,25.142857142857142,44
2012,AM Rahane,22,41.2,111.38978494623662,26.0,15
2012,AM Rahane,23,44.2,141.3897849462366,25.52173913043478,13
2012,AM Rahane,24,38.8,129.26754385964918,25.0,84
2012,AM Rahane,25,51.8,131.36369770580305,27.36,42
2012,AM Rahane,26,39.6,122.48490982701514,27.923076923076923,5
2012,AM Rahane,27,31.8,109.27062411272944,27.074074074074073,0
2012,AM Rahane,28,28.8,79.27062411272944,26.107142857142858,17
2012,AM Rahane,29,29.6,81.0409590409591,25.79310344827586,61
2012,AM Rahane,30,25.0,80.61147186147191,26.966666666666665,6
2012,AM Rahane,31,17.8,72.2997835497836,26.29032258064516,13
2013,AM Rahane,32,19.4,71.6982797903851,25.875,28
2013,AM Rahane,33,25.0,94.0982797903851,25.939393939393938,36
2013,AM Rahane,34,28.8,99.82020492407496,26.235294117647058,30
2013,AM Rahane,35,22.6,96.6257604796305,26.34285714285714,34
2013,AM Rahane,36,28.2,95.29685682514545,26.555555555555557,68
2013,AM Rahane,37,39.2,105.47229542163669,27.675675675675677,14
2013,AM Rahane,38,36.4,104.61075696009823,27.31578947368421,16
2013,AM Rahane,39,32.4,103.43428637186294,27.025641025641026,1
2013,AM Rahane,40,26.6,83.43428637186292,26.375,2
2013,AM Rahane,41,20.2,73.33461859777654,25.78048780487805,6
2013,AM Rahane,42,7.8,61.474969474969534,25.30952380952381,67
2013,AM Rahane,43,18.4,66.73650793650799,26.27906976744186,63
2013,AM Rahane,44,27.8,73.54501857480587,27.113636363636363,59
2013,AM Rahane,45,39.4,94.01510404489133,27.822222222222223,9
2013,AM Rahane,46,40.8,106.30081833060562,27.41304347826087,4
2013,AM Rahane,47,40.4,104.30081833060562,26.914893617021278,12
2013,AM Rahane,48,29.4,87.10081833060562,26.604166666666668,18
2013,AM Rahane,49,20.4,78.29230769230776,26.428571428571427,21
2014,AM Rahane,50,12.8,77.70526315789479,26.32,59
2014,AM Rahane,51,22.8,81.15980861244026,26.96078431372549,13
2014,AM Rahane,52,24.6,103.65980861244024,26.692307692307693,15
2014,AM Rahane,53,25.2,119.05980861244025,26.471698113207548,23
2014,AM Rahane,54,26.2,124.05980861244025,26.40740740740741,72
2014,AM Rahane,55,36.4,125.95454545454552,27.236363636363638,12
2014,AM Rahane,56,27.0,128.50000000000006,26.964285714285715,30
2014,AM Rahane,57,30.4,123.27272727272732,27.017543859649123,0
2014,AM Rahane,58,27.4,98.27272727272732,26.551724137931036,24
2014,AM Rahane,59,27.6,96.14229249011862,26.508474576271187,4
2014,AM Rahane,60,14.0,83.57086391869005,26.133333333333333,64
2014,AM Rahane,61,24.4,84.66890313437632,26.75409836065574,23
2015,AM Rahane,62,23.0,74.4332128986861,26.693548387096776,0
2015,AM Rahane,63,23.0,74.4332128986861,26.26984126984127,47
2015,AM Rahane,64,27.6,76.49047694958747,26.59375,46
2015,AM Rahane,65,36.0,88.65164911075964,26.892307692307693,62
2015,AM Rahane,66,35.6,84.93292023990095,27.424242424242426,76
2015,AM Rahane,67,46.2,95.53224683922755,28.149253731343283,74
2015,AM Rahane,68,61.0,122.93965424663494,28.823529411764707,18
2015,AM Rahane,69,55.2,127.70513267064996,28.666666666666668,16
2015,AM Rahane,70,49.2,126.97253193804924,28.485714285714284,91
2015,AM Rahane,71,55.0,138.09322159322164,29.366197183098592,8
2015,AM Rahane,72,41.4,137.12352462352467,29.069444444444443,23
2015,AM Rahane,73,31.2,136.77494074552902,28.986301369863014,37
2015,AM Rahane,74,35.0,142.71899668958497,29.094594594594593,42
2016,AM Rahane,75,40.2,140.86185383244214,29.266666666666666,66
2016,AM Rahane,76,35.2,139.79042526101358,29.75,21
2016,AM Rahane,77,37.8,137.82964094728806,29.636363636363637,9
2016,AM Rahane,78,35.0,127.13445378151266,29.371794871794872,60
2016,AM Rahane,79,39.6,119.03000503876603,29.759493670886076,67
2016,AM Rahane,80,44.6,123.79923580799682,30.225,0
2016,AM Rahane,81,31.4,92.37066437942539,29.85185185185185,53
2016,AM Rahane,82,37.8,90.21797351584593,30.134146341463413,4
2016,AM Rahane,83,36.8,87.1876704855429,29.819277108433734,63
2016,AM Rahane,84,37.4,86.36163794486704,30.214285714285715,74
2016,AM Rahane,85,38.8,90.79648880828933,30.729411764705883,0
2016,AM Rahane,86,38.8,90.79648880828933,30.372093023255815,2
2016,AM Rahane,87,28.6,74.90996398559429,30.04597701149425,42
2016,AM Rahane,88,36.2,84.90996398559429,30.181818181818183,19
2017,AM Rahane,89,27.4,85.53741496598646,30.0561797752809,60
2017,AM Rahane,90,24.6,90.62745098039221,30.38888888888889,19
2017,AM Rahane,91,28.4,115.96078431372555,30.263736263736263,10
2017,AM Rahane,92,30.0,129.29411764705887,30.043478260869566,0
2017,AM Rahane,93,21.6,105.96078431372555,29.72043010752688,30
2017,AM Rahane,94,23.8,103.70437405731529,29.72340425531915,2
2017,AM Rahane,95,12.2,74.12454212454217,29.431578947368422,38
2017,AM Rahane,96,16.0,71.82151182151188,29.520833333333332,46
2017,AM Rahane,97,23.2,73.72627372627377,29.690721649484537,6
2017,AM Rahane,98,24.4,88.72627372627377,29.448979591836736,4
2017,AM Rahane,99,19.2,85.64935064935071,29.19191919191919,11
2017,AM Rahane,100,21.0,104.37950937950946,29.01,22
2017,AM Rahane,101,17.8,103.34920634920641,28.940594059405942,0
2017,AM Rahane,102,8.6,81.4444444444445,28.65686274509804,34
2017,AM Rahane,103,14.2,86.4444444444445,28.70873786407767,56
2017,AM Rahane,104,24.6,91.89898989898997,28.971153846153847,44
2018,AM Rahane,105,31.2,90.61244019138762,29.114285714285714,13
2018,AM Rahane,106,29.4,87.1838687628162,28.962264150943398,45
2018,AM Rahane,107,38.4,109.6838687628162,29.11214953271028,36
2018,AM Rahane,108,38.8,122.41114149008892,29.175925925925927,36
2018,AM Rahane,109,34.8,134.85133287764873,29.238532110091743,16
2018,AM Rahane,110,29.2,136.30882275619123,29.118181818181817,14
2018,AM Rahane,111,29.4,134.2079824200568,28.98198198198198,65
2018,AM Rahane,112,33.4,136.23628430684923,29.303571428571427,5
2018,AM Rahane,113,27.2,117.79472586529077,29.088495575221238,9
2018,AM Rahane,114,21.8,97.89998902318553,28.912280701754387,4
2018,AM Rahane,115,19.4,99.95127107446757,28.695652173913043,37
2018,AM Rahane,116,24.0,103.48068283917345,28.767241379310345,11
2018,AM Rahane,117,13.2,97.28571428571433,28.615384615384617,33
2018,AM Rahane,118,18.8,103.62500000000004,28.652542372881356,46
2019,AM Rahane,119,26.2,107.52976190476195,28.798319327731093,27
2019,AM Rahane,120,30.8,107.8630952380953,28.783333333333335,70
2019,AM Rahane,121,37.4,116.43452380952388,29.123966942148762,0
2019,AM Rahane,122,35.2,98.10119047619055,28.885245901639344,22
2019,AM Rahane,123,33.0,98.4285714285715,28.829268292682926,5
2019,AM Rahane,124,24.8,90.80952380952388,28.637096774193548,14
2019,AM Rahane,125,22.2,87.1428571428572,28.52,37
2019,AM Rahane,126,15.6,93.80952380952387,28.58730158730159,26
2019,AM Rahane,127,20.8,118.57142857142864,28.566929133858267,12
2019,AM Rahane,128,18.8,117.61904761904768,28.4375,105
2019,AM Rahane,129,38.8,135.6410256410257,29.031007751937985,34
2019,AM Rahane,130,42.8,144.68864468864473,29.06923076923077,39
2019,AM Rahane,131,43.2,132.39172592113772,29.14503816793893,2
2020/21,AM Rahane,132,38.4,117.62982115923299,28.939393939393938,0
2020/21,AM Rahane,133,36.0,97.62982115923299,28.721804511278197,60
2020/21,AM Rahane,134,27.0,91.4090853732798,28.955223880597014,8
2020/21,AM Rahane,135,21.8,75.02813299232741,28.8,26
2020/21,AM Rahane,136,19.2,76.84886128364394,28.779411764705884,15
2020/21,AM Rahane,137,21.8,84.49592010717336,28.67883211678832,2
2020/21,AM Rahane,138,22.2,88.13228374353699,28.485507246376812,0
2020/21,AM Rahane,139,10.2,62.04532722179787,28.280575539568346,2
2021,AM Rahane,140,9.0,56.04532722179787,28.09285714285714,8
2022,AM Rahane,141,5.4,49.06120023767089,27.95035460992908,44
2022,AM Rahane,142,11.2,57.29649435531794,28.06338028169014,9
2022,AM Rahane,143,12.6,71.6601307189543,27.93006993006993,12
2022,AM Rahane,144,15.0,91.6601307189543,27.819444444444443,7
2022,AM Rahane,145,16.0,94.38740344622703,27.675862068965518,8
2022,AM Rahane,146,16.0,88.03819709702069,27.541095890410958,25
2022,AM Rahane,147,12.2,82.15584415584422,27.523809523809526,28
2023,AM Rahane,148,16.0,86.55584415584421,27.527027027027028,61
2023,AM Rahane,149,25.8,111.74102934102939,27.751677852348994,31
2023,AM Rahane,150,30.6,130.01375661375667,27.773333333333333,37
2023,AM Rahane,151,36.4,155.58518518518525,27.834437086092716,9
2023,AM Rahane,152,33.2,153.58518518518525,27.710526315789473,71
2023,AM Rahane,153,41.8,176.99163679808848,27.99346405228758,15
2023,AM Rahane,154,32.6,154.88337468982638,27.90909090909091,21
2023,AM Rahane,155,30.6,148.58925704276754,27.864516129032257,21
2023,AM Rahane,156,27.4,132.58925704276754,27.82051282051282,16
2023,AM Rahane,157,28.8,143.68016613367664,27.745222929936304,17
2023,AM Rahane,158,18.0,131.8737145207734,27.67721518987342,27
2024,AM Rahane,159,20.4,147.3682200152789,27.67295597484277,27
2024,AM Rahane,160,21.6,149.66233766233773,27.66875,12
2024,AM Rahane,161,19.8,148.66233766233773,27.571428571428573,45
2024,AM Rahane,162,25.6,148.60368663594477,27.679012345679013,35
2024,AM Rahane,163,29.2,137.18433179723507,27.7239263803681,5
2024,AM Rahane,164,24.8,111.1129032258065,27.585365853658537,36
2024,AM Rahane,165,26.6,114.1129032258065,27.636363636363637,1
2024,AM Rahane,166,24.4,100.77956989247318,27.47590361445783,9
2024,AM Rahane,167,17.2,86.74731182795705,27.365269461077844,29
2024,AM Rahane,168,16.0,88.3333333333334,27.375,9
2024,AM Rahane,169,16.8,98.3333333333334,27.266272189349113,1
2024,AM Rahane,170,9.8,72.3333333333334,27.111764705882354,33
2015,AN Ahmed,5,7.0,207.69230769230776,7.0,1
2013,AP Tare,5,21.8,116.30855855855862,21.8,22
2013,AP Tare,6,21.6,124.22522522522527,21.833333333333332,7
2013,AP Tare,7,19.6,110.22522522522527,19.714285714285715,35
2013,AP Tare,8,24.8,121.1511511511512,21.625,0
2014,AP Tare,9,24.6,114.48448448448453,19.22222222222222,24
2014,AP Tare,10,17.6,104.41077441077445,19.7,17
2014,AP Tare,11,16.6,84.7441077441078,19.454545454545453,23
2014,AP Tare,12,19.8,88.95463405989727,19.75,8
2014,AP Tare,13,14.4,76.36204146730468,18.846153846153847,7
2014,AP Tare,14,15.8,104.36204146730468,18.0,16
2014,AP Tare,15,14.2,135.8771929824562,17.866666666666667,9
2014,AP Tare,16,12.6,154.8771929824562,17.3125,2
2014,AP Tare,17,8.4,144.00000000000006,16.41176470588235,14
2014,AP Tare,18,9.6,165.6666666666667,16.27777777777778,6
2014,AP Tare,19,9.4,257.6666666666667,15.736842105263158,0
2015,AP Tare,20,6.2,204.3333333333334,14.95,7
2015,AP Tare,21,5.8,185.8333333333334,14.571428571428571,7
2016,AP Tare,22,6.8,186.50000000000006,14.227272727272727,0
2016,AP Tare,23,4.0,151.50000000000006,13.608695652173912,8
2017,AP Tare,24,4.4,42.928571428571495,13.375,18
2017,AP Tare,25,8.0,62.92857142857149,13.56,0
2017,AP Tare,26,6.6,45.428571428571495,13.038461538461538,0
2014,AR Patel,5,10.8,84.00000000000007,10.8,6
2014,AR Patel,6,11.6,90.66666666666674,10.0,2
2015,AR Patel,7,10.6,96.66666666666674,8.857142857142858,24
2015,AR Patel,8,15.0,99.88505747126445,10.75,13
2015,AR Patel,9,17.4,105.88505747126445,11.0,2
2015,AR Patel,10,9.4,95.88505747126445,10.1,12
2015,AR Patel,11,10.6,110.17077175697872,10.272727272727273,9
2015,AR Patel,12,12.0,108.17077175697872,10.166666666666666,17
2015,AR Patel,13,10.6,117.77289377289385,10.692307692307692,22
2015,AR Patel,14,12.4,107.48717948717956,11.5,0
2015,AR Patel,15,12.0,94.15384615384622,10.733333333333333,40
2015,AR Patel,16,17.6,97.96336996337003,12.5625,15
2015,AR Patel,17,18.8,103.04029304029311,12.705882352941176,20
2015,AR Patel,18,19.4,103.5531135531136,13.11111111111111,32
2016,AR Patel,19,21.4,108.48398912915047,14.105263157894736,4
2016,AR Patel,20,22.2,148.48398912915047,13.6,11
2016,AR Patel,21,16.4,120.38875103391237,13.476190476190476,9
2016,AR Patel,22,15.2,119.8118279569893,13.272727272727273,36
2016,AR Patel,23,18.4,135.49810246679323,14.26086956521739,0
2016,AR Patel,24,12.0,114.85294117647065,13.666666666666666,0
2016,AR Patel,25,11.2,74.85294117647065,13.12,21
2016,AR Patel,26,13.2,124.85294117647065,13.423076923076923,16
2016,AR Patel,27,14.6,155.68627450980398,13.518518518518519,13
2016,AR Patel,28,10.0,135.00000000000006,13.5,1
2017,AR Patel,29,10.2,141.6666666666667,13.068965517241379,24
2017,AR Patel,30,15.0,160.86666666666673,13.433333333333334,9
2017,AR Patel,31,12.6,130.86666666666673,13.290322580645162,0
2017,AR Patel,32,9.4,77.53333333333339,12.875,44
2017,AR Patel,33,15.6,86.21149425287362,13.818181818181818,7
2017,AR Patel,34,16.8,91.21149425287362,13.617647058823529,4
2017,AR Patel,35,12.8,85.34482758620695,13.342857142857143,34
2017,AR Patel,36,17.8,93.12260536398473,13.916666666666666,16
2017,AR Patel,37,21.0,128.6781609195403,13.972972972972974,38
2017,AR Patel,38,19.8,136.3333333333334,14.605263157894736,2
2017,AR Patel,39,18.8,164.66666666666674,14.282051282051283,8
2017,AR Patel,40,19.6,167.3333333333334,14.125,19
2017,AR Patel,41,16.6,158.78632478632485,14.24390243902439,22
2018,AR Patel,42,17.8,144.18315018315025,14.428571428571429,2
2018,AR Patel,43,10.6,119.51648351648358,14.13953488372093,13
2018,AR Patel,44,12.8,101.18315018315025,14.113636363636363,4
2018,AR Patel,45,12.0,101.18315018315025,13.88888888888889,9
2018,AR Patel,46,10.0,107.952380952381,13.782608695652174,19
2018,AR Patel,47,9.4,118.66666666666674,13.893617021276595,9
2018,AR Patel,48,10.8,118.19047619047626,13.791666666666666,10
2018,AR Patel,49,10.2,121.52380952380959,13.714285714285714,14
2019,AR Patel,50,12.2,128.85714285714295,13.72,4
2019,AR Patel,51,11.2,132.85714285714295,13.529411764705882,9
2019,AR Patel,52,9.2,121.19047619047626,13.442307692307692,23
2019,AR Patel,53,12.0,143.7179487179488,13.622641509433961,4
2019,AR Patel,54,10.8,198.7179487179488,13.444444444444445,14
2019,AR Patel,55,10.8,198.7179487179488,13.454545454545455,26
2019,AR Patel,56,15.2,180.38461538461544,13.678571428571429,1
2019,AR Patel,57,13.6,180.38461538461544,13.456140350877194,16
2019,AR Patel,58,12.2,180.5555555555556,13.5,9
2019,AR Patel,59,13.2,120.55555555555561,13.423728813559322,1
2019,AR Patel,60,10.6,117.22222222222229,13.216666666666667,0
2019,AR Patel,61,5.4,95.55555555555563,13.0,3
2020/21,AR Patel,62,5.8,85.55555555555563,12.838709677419354,6
2020/21,AR Patel,63,3.8,63.33333333333339,12.73015873015873,9
2020/21,AR Patel,64,3.8,65.8333333333334,12.671875,17
2020/21,AR Patel,65,7.0,79.8333333333334,12.738461538461538,21
2020/21,AR Patel,66,11.2,163.8333333333334,12.863636363636363,1
2020/21,AR Patel,67,10.8,158.8333333333334,12.686567164179104,5
2020/21,AR Patel,68,10.6,159.78571428571436,12.573529411764707,7
2020/21,AR Patel,69,10.2,172.28571428571436,12.492753623188406,42
2020/21,AR Patel,70,15.2,162.99159663865552,12.914285714285715,9
2021,AR Patel,71,12.8,98.99159663865552,12.859154929577464,0
2021,AR Patel,72,12.6,93.99159663865552,12.680555555555555,12
2021,AR Patel,73,14.0,103.70588235294125,12.67123287671233,5
2021,AR Patel,74,13.6,78.70588235294125,12.567567567567568,9
2021,AR Patel,75,7.0,72.00000000000007,12.52,10
2021,AR Patel,76,7.2,70.18181818181826,12.486842105263158,4
2022,AR Patel,77,8.0,90.18181818181824,12.376623376623376,38
2022,AR Patel,78,13.2,110.88770053475942,12.705128205128204,8
2022,AR Patel,79,13.8,140.8877005347594,12.645569620253164,22
2022,AR Patel,80,16.4,154.31627196333085,12.7625,10
2022,AR Patel,81,16.4,164.70588235294125,12.728395061728396,1
2022,AR Patel,82,15.8,149.70588235294125,12.585365853658537,24
2022,AR Patel,83,13.0,133.23529411764713,12.72289156626506,42
2022,AR Patel,84,19.8,126.83529411764714,13.071428571428571,1
2022,AR Patel,85,15.6,102.07338935574236,12.929411764705883,17
2022,AR Patel,86,17.0,89.69243697478998,12.976744186046512,19
2023,AR Patel,87,20.6,122.69243697478998,13.045977011494253,16
2023,AR Patel,88,19.0,123.54805194805203,13.079545454545455,36
2023,AR Patel,89,17.8,122.67532467532476,13.337078651685394,2
2023,AR Patel,90,18.0,121.7229437229438,13.21111111111111,54
2023,AR Patel,91,25.4,145.5324675324676,13.659340659340659,21
2023,AR Patel,92,25.8,137.5324675324676,13.73913043478261,19
2023,AR Patel,93,26.4,124.27489177489186,13.795698924731182,34
2023,AR Patel,94,26.0,111.54761904761911,14.01063829787234,29
2023,AR Patel,95,31.4,139.95098039215694,14.16842105263158,27
2023,AR Patel,96,26.0,116.82598039215694,14.302083333333334,8
2023,AR Patel,97,23.4,140.15931372549025,14.237113402061855,21
2023,AR Patel,98,23.8,154.32598039215694,14.306122448979592,1
2023,AR Patel,99,17.2,144.32598039215694,14.171717171717171,15
2024,AR Patel,100,14.4,143.54166666666674,14.18,21
2024,AR Patel,101,13.2,158.97435897435903,14.247524752475247,15
2024,AR Patel,102,14.6,125.64102564102572,14.254901960784315,7
2024,AR Patel,103,11.8,113.14102564102572,14.184466019417476,0
2024,AR Patel,104,11.6,103.14102564102572,14.048076923076923,8
2024,AR Patel,105,10.2,92.66483516483524,13.99047619047619,6
2024,AR Patel,106,7.2,75.35714285714292,13.915094339622641,66
2024,AR Patel,107,17.4,86.05481727574758,14.401869158878505,11
2024,AR Patel,108,18.2,105.22148394241424,14.37037037037037,15
2024,AR Patel,109,21.2,119.50719822812853,14.376146788990825,15
2024,AR Patel,110,22.6,123.92278264371294,14.381818181818181,57
2024,AR Patel,111,32.8,137.42278264371294,14.765765765765765,14
2020/21,AS Rajpoot,5,3.4,49.87301587301594,3.4,7
2020/21,AS Rajpoot,6,4.4,71.20634920634927,4.0,2
2009,AS Raut,5,13.2,109.01023017902821,13.2,1
2009,AS Raut,6,9.2,94.30434782608702,11.166666666666666,11
2009/10,AS Raut,7,11.2,106.22742474916394,11.142857142857142,2
2009/10,AS Raut,8,4.4,84.92307692307699,10.0,0
2009/10,AS Raut,9,4.2,64.92307692307699,8.88888888888889,20
2009/10,AS Raut,10,6.8,60.452488687782875,10.0,32
2009/10,AS Raut,11,13.0,82.45248868778287,12.0,2
2011,AS Raut,12,11.2,75.52941176470594,11.166666666666666,11
2011,AS Raut,13,13.0,80.19607843137261,11.153846153846153,25
2011,AS Raut,14,18.0,104.00560224089642,12.142857142857142,19
2011,AS Raut,15,17.8,107.61904761904768,12.6,5
2024,AS Roy,5,4.6,73.14285714285721,4.6,3
2007/08,AS Yadav,5,9.8,121.28571428571436,9.8,0
2009/10,AT Rayudu,5,21.4,106.11917494270442,21.4,55
2009/10,AT Rayudu,6,21.4,110.43290043290048,27.0,3
2009/10,AT Rayudu,7,15.2,94.52380952380959,23.571428571428573,33
2009/10,AT Rayudu,8,21.2,116.19047619047623,24.75,0
2009/10,AT Rayudu,9,20.0,101.19047619047625,22.0,24
2009/10,AT Rayudu,10,23.0,111.19047619047623,22.2,46
2009/10,AT Rayudu,11,21.2,106.24794745484408,24.363636363636363,27
2009/10,AT Rayudu,12,26.0,124.99794745484408,24.583333333333332,40
2009/10,AT Rayudu,13,27.4,108.3312807881774,25.76923076923077,21
2011,AT Rayudu,14,31.6,136.3312807881774,25.428571428571427,14
2011,AT Rayudu,15,29.6,130.97413793103456,24.666666666666668,63
2011,AT Rayudu,16,33.0,124.45000000000007,27.0625,53
2011,AT Rayudu,17,38.2,122.8212121212122,28.58823529411765,37
2011,AT Rayudu,18,37.6,121.3212121212122,29.055555555555557,27
2011,AT Rayudu,19,38.8,111.3212121212122,28.94736842105263,7
2011,AT Rayudu,20,37.4,111.3212121212122,27.85,11
2011,AT Rayudu,21,27.0,101.8354978354979,27.047619047619047,51
2011,AT Rayudu,22,26.6,97.28185328185336,28.136363636363637,27
2011,AT Rayudu,23,24.6,98.06756756756764,28.08695652173913,59
2011,AT Rayudu,24,31.0,109.56756756756764,29.375,13
2011,AT Rayudu,25,32.2,105.75177809388342,28.72,2
2011,AT Rayudu,26,30.4,95.03749237959772,27.692307692307693,2
2011,AT Rayudu,27,20.6,72.46992481203014,26.74074074074074,17
2011,AT Rayudu,28,18.6,101.75563909774442,26.392857142857142,12
2011,AT Rayudu,29,9.2,87.25563909774442,25.896551724137932,0
2012,AT Rayudu,30,6.6,73.57142857142864,25.033333333333335,18
2012,AT Rayudu,31,9.8,88.57142857142864,24.806451612903224,1
2012,AT Rayudu,32,9.6,93.57142857142864,24.0625,19
2012,AT Rayudu,33,10.0,60.83333333333339,23.90909090909091,47
2012,AT Rayudu,34,17.0,75.2083333333334,24.58823529411765,4
2012,AT Rayudu,35,17.8,81.87500000000007,24.0,3
2012,AT Rayudu,36,14.8,76.87500000000007,23.416666666666668,34
2012,AT Rayudu,37,21.4,106.87500000000007,23.7027027027027,62
2012,AT Rayudu,38,30.0,121.28556910569114,24.710526315789473,19
2012,AT Rayudu,39,24.4,115.66056910569114,24.564102564102566,1
2012,AT Rayudu,40,23.8,115.66056910569111,23.975,0
2012,AT Rayudu,41,23.2,100.66056910569112,23.390243902439025,22
2012,AT Rayudu,42,20.8,86.54292204686759,23.357142857142858,81
2012,AT Rayudu,43,24.6,84.23005409060184,24.697674418604652,11
2012,AT Rayudu,44,23.0,87.98005409060184,24.386363636363637,11
2013,AT Rayudu,45,25.0,112.74195885250658,24.08888888888889,18
2013,AT Rayudu,46,28.6,132.74195885250657,23.956521739130434,7
2013,AT Rayudu,47,25.6,120.85960591133012,23.595744680851062,24
2013,AT Rayudu,48,14.2,152.9285714285715,23.604166666666668,27
2013,AT Rayudu,49,17.4,144.04926108374391,23.6734693877551,2
2013,AT Rayudu,50,15.6,132.6206896551725,23.24,13
2013,AT Rayudu,51,14.6,145.1206896551725,23.03921568627451,34
2013,AT Rayudu,52,20.0,155.40640394088678,23.25,10
2013,AT Rayudu,53,17.2,113.58822212270495,23.0,26
2013,AT Rayudu,54,17.0,117.57622811970643,23.055555555555557,2
2013,AT Rayudu,55,17.0,105.57622811970643,22.672727272727272,7
2013,AT Rayudu,56,15.8,93.07622811970643,22.392857142857142,26
2013,AT Rayudu,57,14.2,91.39920948616607,22.45614035087719,15
2013,AT Rayudu,58,15.2,94.64596273291933,22.32758620689655,17
2013,AT Rayudu,59,13.4,100.37060041407875,22.23728813559322,37
2014,AT Rayudu,60,20.4,112.37060041407874,22.483333333333334,48
2014,AT Rayudu,61,28.6,116.37060041407874,22.901639344262296,35
2014,AT Rayudu,62,30.4,112.68082368082375,23.096774193548388,1
2014,AT Rayudu,63,27.6,101.25225225225232,22.746031746031747,14
2014,AT Rayudu,64,27.0,86.25225225225232,22.609375,35
2014,AT Rayudu,65,26.6,91.25225225225232,22.8,8
2014,AT Rayudu,66,18.6,99.25225225225232,22.575757575757574,9
2014,AT Rayudu,67,13.4,98.3333333333334,22.37313432835821,59
2014,AT Rayudu,68,25.0,114.55555555555563,22.91176470588235,68
2014,AT Rayudu,69,35.8,128.9773242630386,23.565217391304348,33
2014,AT Rayudu,70,35.4,127.54875283446718,23.7,17
2014,AT Rayudu,71,37.2,119.83446712018147,23.6056338028169,2
2014,AT Rayudu,72,35.8,115.16780045351479,23.305555555555557,30
2014,AT Rayudu,73,30.0,143.49103277674712,23.397260273972602,2
2015,AT Rayudu,74,16.8,129.0692640692641,23.10810810810811,0
2015,AT Rayudu,75,10.2,105.49783549783555,22.8,13
2015,AT Rayudu,76,9.4,94.89633173843706,22.67105263157895,29
2015,AT Rayudu,77,14.8,117.81299840510374,22.753246753246753,0
2015,AT Rayudu,78,8.8,63.26754385964919,22.46153846153846,30
2015,AT Rayudu,79,14.4,77.20693779904312,22.556962025316455,7
2015,AT Rayudu,80,15.8,97.20693779904312,22.3625,53
2015,AT Rayudu,81,23.8,122.7819865319866,22.74074074074074,4
2015,AT Rayudu,82,18.8,166.5319865319866,22.51219512195122,49
2015,AT Rayudu,83,28.6,191.0319865319866,22.83132530120482,34
2015,AT Rayudu,84,29.4,199.54873294346984,22.964285714285715,14
2015,AT Rayudu,85,30.8,235.54873294346984,22.858823529411765,2
2015,AT Rayudu,86,20.6,209.62280701754395,22.61627906976744,10
2015,AT Rayudu,87,21.8,151.84502923976615,22.471264367816094,36
2016,AT Rayudu,88,19.2,157.34502923976615,22.625,22
2016,AT Rayudu,89,16.8,137.26984126984132,22.617977528089888,20
2016,AT Rayudu,90,18.0,102.32247284878869,22.58888888888889,54
2016,AT Rayudu,91,28.4,110.58913951545537,22.934065934065934,31
2016,AT Rayudu,92,32.6,114.20025062656649,23.02173913043478,25
2016,AT Rayudu,93,30.4,105.93938106134908,23.043010752688172,65
2016,AT Rayudu,94,39.0,125.36023048219849,23.48936170212766,32
2016,AT Rayudu,95,41.4,133.3985079941602,23.57894736842105,22
2016,AT Rayudu,96,35.0,134.95640273100233,23.5625,6
2016,AT Rayudu,97,30.0,129.12306939766898,23.38144329896907,44
2016,AT Rayudu,98,33.8,125.71727229621975,23.591836734693878,0
2016,AT Rayudu,99,20.8,90.58213716108459,23.353535353535353,13
2017,AT Rayudu,100,17.0,113.4912280701755,23.25,10
2017,AT Rayudu,101,14.6,107.00000000000004,23.11881188118812,63
2017,AT Rayudu,102,26.0,121.0540540540541,23.50980392156863,0
2017,AT Rayudu,103,17.2,102.72072072072078,23.281553398058254,6
2017,AT Rayudu,104,18.4,112.72072072072078,23.115384615384617,12
2018,AT Rayudu,105,18.2,75.72072072072078,23.00952380952381,22
2018,AT Rayudu,106,20.6,82.21194879089622,23.0,39
2018,AT Rayudu,107,15.8,78.15789473684217,23.149532710280372,49
2018,AT Rayudu,108,25.6,104.64438122332865,23.38888888888889,12
2018,AT Rayudu,109,26.8,124.64438122332865,23.28440366972477,79
2018,AT Rayudu,110,40.2,150.15720173614915,23.79090909090909,82
2018,AT Rayudu,111,52.2,157.36967736967742,24.315315315315317,46
2018,AT Rayudu,112,53.6,152.92523292523296,24.508928571428573,41
2018,AT Rayudu,113,52.0,157.97720797720802,24.654867256637168,21
2018,AT Rayudu,114,53.8,152.6830903301492,24.62280701754386,32
2018,AT Rayudu,115,44.4,137.7702698173287,24.68695652173913,12
2018,AT Rayudu,116,30.4,134.06656611362502,24.57758620689655,100
2018,AT Rayudu,117,41.2,140.76907507419847,25.22222222222222,50
2018,AT Rayudu,118,43.0,143.7133721564266,25.43220338983051,1
2018,AT Rayudu,119,39.0,125.67415647015207,25.22689075630252,0
2018,AT Rayudu,120,32.6,100.07415647015208,25.016666666666666,16
2019,AT Rayudu,121,33.4,90.24959506664331,24.94214876033058,28
2019,AT Rayudu,122,19.0,71.3248638838476,24.9672131147541,5
2019,AT Rayudu,123,10.0,56.842105263157954,24.804878048780488,1
2019,AT Rayudu,124,10.0,52.67543859649129,24.612903225806452,0
2019,AT Rayudu,125,10.0,52.67543859649129,24.416,21
2019,AT Rayudu,126,11.0,63.83333333333339,24.38888888888889,21
2019,AT Rayudu,127,9.6,64.04838709677425,24.362204724409448,57
2019,AT Rayudu,128,20.0,67.79838709677425,24.6171875,5
2019,AT Rayudu,129,20.8,73.63172043010759,24.46511627906977,25
2019,AT Rayudu,130,25.8,97.4412442396314,24.46923076923077,29
2019,AT Rayudu,131,27.4,89.4412442396314,24.50381679389313,21
2019,AT Rayudu,132,27.4,92.6928571428572,24.477272727272727,0
2019,AT Rayudu,133,16.0,68.9428571428572,24.293233082706767,5
2019,AT Rayudu,134,16.0,93.9428571428572,24.149253731343283,1
2019,AT Rayudu,135,11.2,80.1333333333334,23.977777777777778,42
2019,AT Rayudu,136,13.8,82.23859649122814,24.110294117647058,20
2019,AT Rayudu,137,13.6,85.43859649122814,24.080291970802918,1
2020/21,AT Rayudu,138,13.8,90.43859649122814,23.91304347826087,71
2020/21,AT Rayudu,139,27.0,86.0848549946295,24.25179856115108,30
2020/21,AT Rayudu,140,32.8,97.51342642320091,24.292857142857144,30
2020/21,AT Rayudu,141,30.4,94.76300197498361,24.333333333333332,45
2020/21,AT Rayudu,142,35.4,109.37838659036822,24.47887323943662,8
2020/21,AT Rayudu,143,36.8,122.15616436814598,24.363636363636363,2
2020/21,AT Rayudu,144,23.0,106.50990586474464,24.208333333333332,42
2020/21,AT Rayudu,145,25.4,105.08133443617321,24.33103448275862,41
2020/21,AT Rayudu,146,27.6,109.8441427853193,24.445205479452056,13
2020/21,AT Rayudu,147,21.2,88.91296869625049,24.367346938775512,38
2020/21,AT Rayudu,148,27.2,107.32566710894889,24.45945945945946,39
2021,AT Rayudu,149,34.6,122.88122266450446,24.55704697986577,23
2021,AT Rayudu,150,30.8,131.63122266450446,24.546666666666667,0
2021,AT Rayudu,151,22.6,107.51357560568093,24.3841059602649,27
2021,AT Rayudu,152,25.4,122.25041771094406,24.401315789473685,14
2021,AT Rayudu,153,20.6,126.05994152046787,24.333333333333332,72
2021,AT Rayudu,154,27.2,148.59962406015043,24.642857142857142,2
2021,AT Rayudu,155,23.0,129.84962406015043,24.496774193548386,17
2021,AT Rayudu,156,26.4,156.0034702139966,24.44871794871795,4
2021,AT Rayudu,157,21.8,143.58241758241766,24.318471337579616,10
2021,AT Rayudu,158,21.0,123.58241758241766,24.227848101265824,0
2021,AT Rayudu,159,6.6,72.15384615384622,24.07547169811321,55
2021,AT Rayudu,160,17.2,87.15384615384622,24.26875,32
2021,AT Rayudu,161,20.2,90.09090909090915,24.316770186335404,1
2022,AT Rayudu,162,19.6,80.75757575757582,24.17283950617284,15
2022,AT Rayudu,163,20.6,78.40463458110523,24.116564417177916,27
2022,AT Rayudu,164,26.0,105.40463458110523,24.134146341463413,13
2022,AT Rayudu,165,17.6,92.22281639928704,24.066666666666666,27
2022,AT Rayudu,166,16.6,83.13190730837796,24.08433734939759,46
2022,AT Rayudu,167,25.6,106.14265999655,24.21556886227545,40
2022,AT Rayudu,168,30.6,110.1172227946422,24.30952380952381,78
2022,AT Rayudu,169,40.8,122.1172227946422,24.62721893491124,10
2022,AT Rayudu,170,40.2,135.2990409764604,24.541176470588237,5
2022,AT Rayudu,171,35.8,129.5847552621747,24.426900584795323,10
2022,AT Rayudu,172,28.6,114.19305019305025,24.343023255813954,3
2023,AT Rayudu,173,21.2,101.1428571428572,24.21965317919075,12
2023,AT Rayudu,174,8.0,82.1428571428572,24.149425287356323,27
2023,AT Rayudu,175,11.4,95.71428571428578,24.165714285714287,20
2023,AT Rayudu,176,14.4,104.95798319327737,24.142045454545453,1
2023,AT Rayudu,177,12.6,100.67226890756308,24.01129943502825,14
2023,AT Rayudu,178,14.8,138.76750700280118,23.95505617977528,9
2023,AT Rayudu,179,14.2,138.76750700280118,23.87150837988827,0
2023,AT Rayudu,180,8.8,100.1960784313726,23.738888888888887,12
2023,AT Rayudu,181,7.2,98.48484848484854,23.674033149171272,23
2023,AT Rayudu,182,11.6,114.04040404040408,23.67032967032967,4
2023,AT Rayudu,183,9.6,78.80230880230884,23.562841530054644,17
2023,AT Rayudu,184,11.2,96.58008658008664,23.527173913043477,19
2012,AUK Pathan,5,6.6,129.66666666666674,6.6,2
2012,AUK Pathan,6,4.6,91.66666666666673,5.833333333333333,4
2020/21,Abdul Samad,5,14.4,158.36414565826334,14.4,8
2020/21,Abdul Samad,6,14.6,153.22128851540623,13.333333333333334,33
2021,Abdul Samad,7,16.2,165.05952380952385,16.142857142857142,19
2021,Abdul Samad,8,18.4,185.8928571428572,16.5,0
2021,Abdul Samad,9,16.0,151.60714285714292,14.666666666666666,7
2021,Abdul Samad,10,13.4,129.10714285714292,13.9,10
2021,Abdul Samad,11,13.8,126.25000000000007,13.545454545454545,2
2021,Abdul Samad,12,7.6,98.3333333333334,12.583333333333334,18
2021,Abdul Samad,13,7.4,76.54761904761911,13.0,1
2021,Abdul Samad,14,7.6,83.21428571428577,12.142857142857142,28
2021,Abdul Samad,15,11.8,92.38095238095244,13.2,1
2021,Abdul Samad,16,10.0,82.38095238095244,12.4375,25
2022,Abdul Samad,17,14.6,96.8253968253969,13.176470588235293,4
2022,Abdul Samad,18,11.8,84.44444444444449,12.666666666666666,0
2023,Abdul Samad,19,11.6,77.77777777777783,12.0,32
2023,Abdul Samad,20,12.4,70.50505050505055,13.0,21
2023,Abdul Samad,21,16.4,102.50505050505055,13.380952380952381,9
2023,Abdul Samad,22,13.2,87.58441558441564,13.181818181818182,28
2023,Abdul Samad,23,18.0,100.91774891774898,13.826086956521738,21
2023,Abdul Samad,24,22.2,124.25108225108231,14.125,17
2023,Abdul Samad,25,19.2,153.42857142857147,14.24,37
2023,Abdul Samad,26,22.4,141.02857142857147,15.115384615384615,4
2024,Abdul Samad,27,21.4,154.8380952380953,14.703703703703704,15
2024,Abdul Samad,28,18.8,155.4441558441559,14.714285714285714,29
2024,Abdul Samad,29,20.4,170.77748917748923,15.206896551724139,25
2024,Abdul Samad,30,22.0,160.66759906759913,15.533333333333333,37
2024,Abdul Samad,31,22.0,198.34032634032638,16.225806451612904,13
2024,Abdul Samad,32,23.8,204.17365967365973,16.125,10
2024,Abdul Samad,33,22.8,210.23426573426582,15.93939393939394,19
2024,Abdul Samad,34,20.8,192.67871017871025,16.029411764705884,3
2024,Abdul Samad,35,16.4,166.21717171717177,15.657142857142857,11
2024,Abdul Samad,36,11.2,126.4444444444445,15.527777777777779,16
2024,Abdul Samad,37,11.8,120.61111111111117,15.54054054054054,0
2024,Abdul Samad,38,9.8,87.27777777777783,15.131578947368421,4
2019,Abhishek Sharma,5,14.0,121.60606060606065,14.0,2
2020/21,Abhishek Sharma,6,5.2,88.93939393939398,12.0,8
2020/21,Abhishek Sharma,7,6.4,110.939393939394,11.428571428571429,31
2020/21,Abhishek Sharma,8,9.6,107.51282051282055,13.875,1
2020/21,Abhishek Sharma,9,9.4,114.17948717948725,12.444444444444445,7
2020/21,Abhishek Sharma,10,9.8,124.17948717948725,11.9,10
2020/21,Abhishek Sharma,11,11.4,125.13186813186817,11.727272727272727,12
2020/21,Abhishek Sharma,12,12.2,133.1318681318682,11.75,2
2021,Abhishek Sharma,13,6.4,122.61904761904768,11.0,2
2021,Abhishek Sharma,14,6.6,112.61904761904766,10.357142857142858,5
2021,Abhishek Sharma,15,6.2,91.90476190476195,10.0,33
2021,Abhishek Sharma,16,10.8,118.86904761904766,11.4375,18
2021,Abhishek Sharma,17,12.0,106.56135531135537,11.823529411764707,13
2021,Abhishek Sharma,18,14.2,119.22802197802203,11.88888888888889,21
2021,Abhishek Sharma,19,18.0,132.56135531135538,12.368421052631579,6
2022,Abhishek Sharma,20,18.2,130.27564102564108,12.05,9
2022,Abhishek Sharma,21,13.4,98.4993252361674,11.904761904761905,13
2022,Abhishek Sharma,22,12.4,92.47368421052637,11.954545454545455,75
2022,Abhishek Sharma,23,24.8,95.31983805668021,14.695652173913043,42
2022,Abhishek Sharma,24,29.0,98.23650472334688,15.833333333333334,3
2022,Abhishek Sharma,25,28.4,92.23650472334688,15.32,31
2022,Abhishek Sharma,26,32.8,106.60897435897441,15.923076923076923,47
2022,Abhishek Sharma,27,39.6,118.51373626373632,17.074074074074073,65
2022,Abhishek Sharma,28,37.6,117.92845198279988,18.785714285714285,39
2022,Abhishek Sharma,29,37.0,124.17845198279988,19.482758620689655,7
2022,Abhishek Sharma,30,37.8,138.17845198279988,19.066666666666666,0
2022,Abhishek Sharma,31,31.6,114.33229813664602,18.451612903225808,43
2022,Abhishek Sharma,32,30.8,111.47515527950318,19.21875,9
2022,Abhishek Sharma,33,19.6,101.21428571428578,18.90909090909091,43
2023,Abhishek Sharma,34,20.4,95.58928571428578,19.61764705882353,0
2023,Abhishek Sharma,35,19.0,75.58928571428578,19.057142857142857,32
2023,Abhishek Sharma,36,25.4,109.27349624060157,19.416666666666668,1
2023,Abhishek Sharma,37,17.0,88.55921052631585,18.91891891891892,34
2023,Abhishek Sharma,38,22.0,95.74439571150103,19.31578947368421,5
2023,Abhishek Sharma,39,14.4,88.86939571150103,18.94871794871795,67
2023,Abhishek Sharma,40,27.8,125.08561192771724,20.15,9
2023,Abhishek Sharma,41,23.2,109.40140140140144,19.878048780487806,55
2023,Abhishek Sharma,42,34.0,129.95695695695701,20.714285714285715,7
2023,Abhishek Sharma,43,28.6,128.10510510510514,20.3953488372093,5
2023,Abhishek Sharma,44,28.6,124.77177177177184,20.045454545454547,11
2024,Abhishek Sharma,45,17.4,103.22222222222226,19.844444444444445,32
2024,Abhishek Sharma,46,22.0,118.90643274853805,20.108695652173914,63
2024,Abhishek Sharma,47,23.6,143.13348588863468,21.02127659574468,29
2024,Abhishek Sharma,48,28.0,147.41920017434896,21.1875,37
2024,Abhishek Sharma,49,34.4,192.419200174349,21.510204081632654,16
2024,Abhishek Sharma,50,35.4,204.41920017434896,21.4,34
2024,Abhishek Sharma,51,35.8,200.30020703933752,21.647058823529413,46
2024,Abhishek Sharma,52,32.4,222.18426501035202,22.115384615384617,31
2024,Abhishek Sharma,53,32.8,235.89855072463774,22.28301886792453,15
2024,Abhishek Sharma,54,28.4,207.5652173913044,22.14814814814815,12
2024,Abhishek Sharma,55,27.6,204.89855072463774,21.963636363636365,11
2024,Abhishek Sharma,56,23.0,188.27450980392163,21.767857142857142,75
2024,Abhishek Sharma,57,28.8,161.60784313725495,22.70175438596491,66
2024,Abhishek Sharma,58,35.8,164.2745098039216,23.448275862068964,3
2024,Abhishek Sharma,59,33.4,142.9411764705883,23.10169491525424,12
2024,Abhishek Sharma,60,33.4,166.9411764705883,22.916666666666668,2
2024,Abishek Porel,5,13.0,135.0858585858586,13.0,9
2024,Abishek Porel,6,10.8,116.72222222222226,12.333333333333334,9
2024,Abishek Porel,7,11.2,126.88095238095244,11.857142857142858,0
2024,Abishek Porel,8,11.0,120.21428571428578,10.375,41
2024,Abishek Porel,9,18.2,134.16589861751157,13.777777777777779,15
2024,Abishek Porel,10,14.8,107.66589861751156,13.9,42
2024,Abishek Porel,11,21.4,124.66589861751156,16.454545454545453,36
2024,Abishek Porel,12,26.8,124.66589861751159,18.083333333333332,18
2024,Abishek Porel,13,30.4,147.16589861751157,18.076923076923077,65
2024,Abishek Porel,14,35.2,156.8253968253969,21.428571428571427,2
2024,Abishek Porel,15,32.6,132.6587301587302,20.133333333333333,58
2023,Aman Hakim Khan,5,7.0,102.06060606060612,7.0,4
2023,Aman Hakim Khan,6,6.8,108.72727272727278,6.5,51
2023,Aman Hakim Khan,7,16.2,115.90909090909096,12.857142857142858,2
2023,Aman Hakim Khan,8,15.0,103.90909090909096,11.5,16
2023,Aman Hakim Khan,9,14.6,88.95959595959602,12.0,7
2014,Ankit Sharma,5,9.6,99.72222222222226,9.6,4
2015,Ankit Sharma,6,7.4,82.22222222222226,8.666666666666666,0
2015,Ankit Sharma,7,7.2,72.22222222222226,7.428571428571429,7
2016,Ankit Sharma,8,8.4,80.22222222222226,7.375,3
2017,Ankit Sharma,9,8.8,90.22222222222226,6.888888888888889,25
2023,Anmolpreet Singh,5,18.6,114.99788359788363,18.6,36
2023,Anmolpreet Singh,6,22.6,118.80740740740744,21.5,5
2024,Anmolpreet Singh,7,22.0,126.02962962962965,19.142857142857142,0
2024,Anmolpreet Singh,8,21.0,101.02962962962967,16.75,5
2022,Anuj Rawat,5,22.6,66.93877551020412,22.6,12
2022,Anuj Rawat,6,25.0,81.93877551020412,20.833333333333332,0
2022,Anuj Rawat,7,20.8,61.93877551020412,17.857142857142858,4
2022,Anuj Rawat,8,21.6,75.27210884353745,16.125,0
2023,Anuj Rawat,9,16.4,55.27210884353745,14.333333333333334,1
2023,Anuj Rawat,10,3.4,32.33333333333338,13.0,15
2023,Anuj Rawat,11,4.0,30.969696969697008,13.181818181818182,9
2023,Anuj Rawat,12,5.8,47.33333333333338,12.833333333333334,8
2023,Anuj Rawat,13,6.6,87.33333333333337,12.461538461538462,6
2023,Anuj Rawat,14,7.8,117.33333333333337,12.0,29
2023,Anuj Rawat,15,13.4,166.0606060606061,13.133333333333333,23
2024,Anuj Rawat,16,15.0,181.17424242424246,13.75,48
2024,Anuj Rawat,17,22.8,201.73368298368302,15.764705882352942,11
2024,Anuj Rawat,18,23.4,164.1146353646354,15.5,3
2024,Anuj Rawat,19,22.8,154.1146353646354,14.842105263157896,11
2024,Anuj Rawat,20,19.2,111.38736263736268,14.65,25
2015,Anureet Singh,5,3.6,63.33333333333337,3.6,0
2017,Anureet Singh,6,3.6,63.33333333333337,3.0,15
2018,Anureet Singh,7,6.6,88.33333333333337,4.714285714285714,3
2024,Arshad Khan,5,19.2,110.9803921568628,19.2,0
2022,Arshdeep Singh,5,2.4,70.00000000000004,2.4,0
2022,Arshdeep Singh,6,2.4,70.00000000000004,2.0,9
2022,Arshdeep Singh,7,4.0,70.5882352941177,3.0,0
2022,Arshdeep Singh,8,3.8,50.588235294117695,2.625,2
2023,Arshdeep Singh,9,4.2,63.92156862745103,2.5555555555555554,2
2024,Arshdeep Singh,10,2.6,43.92156862745102,2.5,4
2024,Ashutosh Sharma,5,31.8,161.45622041920223,31.8,3
2024,Ashutosh Sharma,6,26.2,130.98563218390808,27.0,8
2024,Ashutosh Sharma,7,21.2,126.31896551724142,24.285714285714285,17
2024,Ashutosh Sharma,8,18.4,118.47805642633234,23.375,2
2023,Atharva Taide,5,22.4,118.82043343653257,22.4,55
2023,Atharva Taide,6,33.4,144.4018287853698,27.833333333333332,19
2024,Atharva Taide,7,36.4,136.06849545203642,26.571428571428573,15
2024,Atharva Taide,8,33.6,126.97075109113416,25.125,46
2022,Avesh Khan,5,6.0,198.00000000000006,6.0,1
2023,Avesh Khan,6,5.4,181.3333333333334,5.166666666666667,0
2024,Avesh Khan,7,4.4,148.00000000000006,4.428571428571429,7
2024,Avesh Khan,8,4.4,124.66666666666671,4.75,3
2012,Azhar Mahmood,5,17.4,129.0351648351649,17.4,14
2012,Azhar Mahmood,6,13.6,113.00341880341887,16.833333333333332,31
2012,Azhar Mahmood,7,17.8,119.00341880341887,18.857142857142858,9
2012,Azhar Mahmood,8,16.0,117.02539682539688,17.625,9
2012,Azhar Mahmood,9,17.4,132.7396825396826,16.666666666666668,36
2013,Azhar Mahmood,10,19.8,132.48705096073525,18.6,8
2013,Azhar Mahmood,11,18.6,124.23308270676698,17.636363636363637,23
2013,Azhar Mahmood,12,17.0,116.23308270676698,18.083333333333332,0
2013,Azhar Mahmood,13,15.2,90.51879699248126,16.692307692307693,4
2013,Azhar Mahmood,14,14.2,84.80451127819553,15.785714285714286,0
2013,Azhar Mahmood,15,7.0,65.85714285714292,14.733333333333333,9
2013,Azhar Mahmood,16,7.2,55.85714285714291,14.375,2
2013,Azhar Mahmood,17,3.0,38.571428571428626,13.647058823529411,9
2013,Azhar Mahmood,18,4.8,52.417582417582466,13.38888888888889,61
2013,Azhar Mahmood,19,16.2,61.46520146520152,15.894736842105264,80
2015,Azhar Mahmood,20,32.2,96.24781016085369,19.1,6
2007/08,B Akhil,5,7.4,125.47619047619055,7.4,3
2007/08,B Akhil,6,8.0,145.47619047619054,6.666666666666667,6
2009,B Akhil,7,8.6,152.61904761904768,6.571428571428571,9
2009,B Akhil,8,10.0,159.28571428571436,6.875,8
2009,B Akhil,9,6.2,114.1428571428572,7.0,0
2011,B Akhil,10,5.2,89.1428571428572,6.3,13
2011,B Chipli,5,14.8,82.2890930208004,14.8,61
2011,B Chipli,6,25.4,103.81290254460991,22.5,14
2011,B Chipli,7,27.8,123.50987224157961,21.285714285714285,5
2011,B Chipli,8,26.8,128.27177700348437,19.25,6
2011,B Chipli,9,26.8,128.27177700348437,17.77777777777778,4
2011,B Chipli,10,18.0,112.85714285714292,16.4,17
2011,B Chipli,11,9.2,100.66666666666673,16.454545454545453,12
2011,B Chipli,12,8.8,111.61904761904766,16.083333333333332,1
2011,B Chipli,13,8.0,88.28571428571433,14.923076923076923,18
2011,B Chipli,14,10.4,100.66666666666671,15.142857142857142,10
2011,B Chipli,15,11.6,110.8484848484849,14.8,5
2012,B Chipli,16,9.2,113.18181818181824,14.1875,10
2012,B Chipli,17,8.8,101.11832611832617,13.941176470588236,1
2012,B Chipli,18,8.8,94.45165945165951,13.222222222222221,25
2012,B Chipli,19,10.2,98.14913844325613,13.842105263157896,1
2013,B Chipli,20,8.4,86.63398692810463,13.2,16
2012,B Kumar,5,4.4,106.3333333333334,4.4,11
2012,B Kumar,6,6.4,117.76190476190482,5.5,2
2012,B Kumar,7,6.4,117.76190476190482,5.0,3
2012,B Kumar,8,6.6,121.76190476190482,4.75,3
2013,B Kumar,9,5.8,96.76190476190482,4.555555555555555,3
2013,B Kumar,10,4.4,83.42857142857149,4.4,8
2013,B Kumar,11,3.8,65.3333333333334,4.7272727272727275,6
2013,B Kumar,12,4.6,66.2424242424243,4.833333333333333,0
2013,B Kumar,13,4.0,54.24242424242429,4.461538461538462,6
2013,B Kumar,14,4.6,54.24242424242429,4.571428571428571,24
2013,B Kumar,15,8.8,53.442424242424295,5.866666666666666,2
2013,B Kumar,16,7.6,53.442424242424295,5.625,1
2013,B Kumar,17,6.6,49.20000000000006,5.352941176470588,2
2014,B Kumar,18,7.0,69.20000000000006,5.166666666666667,1
2014,B Kumar,19,6.0,65.86666666666672,4.947368421052632,0
2015,B Kumar,20,1.2,46.66666666666672,4.7,6
2015,B Kumar,21,2.0,63.33333333333339,4.761904761904762,11
2015,B Kumar,22,4.0,111.66666666666674,5.045454545454546,0
2016,B Kumar,23,3.6,91.66666666666673,4.826086956521739,0
2016,B Kumar,24,3.4,85.00000000000007,4.625,21
2016,B Kumar,25,7.6,131.66666666666674,5.28,1
2016,B Kumar,26,6.6,111.66666666666674,5.115384615384615,1
2016,B Kumar,27,4.6,66.66666666666674,4.962962962962963,13
2016,B Kumar,28,7.2,103.80952380952388,5.25,5
2016,B Kumar,29,8.2,128.80952380952388,5.241379310344827,1
2016,B Kumar,30,4.2,92.1428571428572,5.1,1
2017,B Kumar,31,4.2,102.1428571428572,4.967741935483871,4
2017,B Kumar,32,4.8,118.80952380952388,4.9375,0
2018,B Kumar,33,2.2,81.66666666666674,4.787878787878788,1
2018,B Kumar,34,1.4,66.66666666666674,4.676470588235294,0
2018,B Kumar,35,1.2,56.66666666666674,4.542857142857143,7
2018,B Kumar,36,2.4,47.4358974358975,4.611111111111111,5
2019,B Kumar,37,2.6,70.76923076923083,4.621621621621622,2
2019,B Kumar,38,3.0,77.4358974358975,4.552631578947368,2
2019,B Kumar,39,3.2,77.4358974358975,4.487179487179487,1
2019,B Kumar,40,3.4,82.4358974358975,4.4,7
2020/21,B Kumar,41,3.4,99.66666666666673,4.463414634146342,0
2021,B Kumar,42,2.4,49.666666666666735,4.357142857142857,2
2021,B Kumar,43,2.4,63.00000000000007,4.3023255813953485,1
2021,B Kumar,44,2.2,63.00000000000007,4.2272727272727275,14
2021,B Kumar,45,4.8,86.00000000000007,4.444444444444445,2
2021,B Kumar,46,3.8,78.00000000000007,4.391304347826087,5
2021,B Kumar,47,4.8,98.00000000000007,4.404255319148936,3
2021,B Kumar,48,5.0,93.00000000000007,4.375,7
2022,B Kumar,49,6.2,103.00000000000007,4.428571428571429,3
2022,B Kumar,50,4.0,90.00000000000007,4.4,1
2022,B Kumar,51,3.8,80.00000000000007,4.333333333333333,5
2022,B Kumar,52,3.8,93.3333333333334,4.346153846153846,8
2022,B Kumar,53,4.8,94.3333333333334,4.415094339622642,6
2022,B Kumar,54,4.6,89.3333333333334,4.444444444444445,1
2023,B Kumar,55,4.2,94.3333333333334,4.381818181818182,6
2023,B Kumar,56,5.2,96.3333333333334,4.410714285714286,2
2023,B Kumar,57,4.6,71.00000000000007,4.368421052631579,5
2023,B Kumar,58,4.0,75.00000000000007,4.379310344827586,2
2023,B Kumar,59,3.2,100.00000000000007,4.338983050847458,27
2024,B Kumar,60,8.4,99.28571428571436,4.716666666666667,6
2024,B Kumar,61,8.4,102.28571428571436,4.737704918032787,13
2024,B Kumar,62,10.6,112.85714285714293,4.870967741935484,4
2024,B Kumar,63,10.4,119.52380952380959,4.857142857142857,0
2024,B Kumar,64,10.0,79.52380952380959,4.78125,0
2009,B Lee,5,7.8,83.55555555555561,7.8,0
2009,B Lee,6,7.8,83.55555555555561,6.5,6
2009/10,B Lee,7,5.8,65.1428571428572,6.428571428571429,7
2009/10,B Lee,8,7.0,81.80952380952388,6.5,3
2009/10,B Lee,9,4.8,68.80952380952388,6.111111111111111,1
2011,B Lee,10,3.4,75.47619047619055,5.6,1
2011,B Lee,11,3.6,82.14285714285721,5.181818181818182,1
2011,B Lee,12,2.6,85.00000000000007,4.833333333333333,1
2011,B Lee,13,1.4,71.66666666666673,4.538461538461538,2
2012,B Lee,14,1.2,70.00000000000007,4.357142857142857,9
2012,B Lee,15,2.8,86.00000000000007,4.666666666666667,25
2012,B Lee,16,7.6,121.00000000000007,5.9375,8
2013,B Lee,17,9.0,141.00000000000006,6.0588235294117645,5
2013,B Lee,18,9.8,147.66666666666674,6.0,16
2023,B Sai Sudharsan,5,29.0,125.87782587782594,29.0,22
2023,B Sai Sudharsan,6,26.4,128.42684548566908,27.833333333333332,62
2023,B Sai Sudharsan,7,36.6,129.28852349020423,32.714285714285715,53
2023,B Sai Sudharsan,8,43.2,127.89658209826284,35.25,19
2023,B Sai Sudharsan,9,34.0,122.82250802418878,33.44444444444444,20
2023,B Sai Sudharsan,10,35.2,117.36796256964331,32.1,47
2023,B Sai Sudharsan,11,40.2,114.98560962846686,33.45454545454545,43
2023,B Sai Sudharsan,12,36.4,117.42142266335823,34.25,96
2024,B Sai Sudharsan,13,45.0,130.24193548387103,39.0,45
2024,B Sai Sudharsan,14,50.2,133.74193548387103,39.42857142857143,37
2024,B Sai Sudharsan,15,53.6,134.88479262672817,39.266666666666666,45
2024,B Sai Sudharsan,16,53.2,135.06900315304398,39.625,33
2024,B Sai Sudharsan,17,51.2,142.06390977443615,39.23529411764706,31
2024,B Sai Sudharsan,18,38.2,127.89724310776948,38.77777777777778,35
2024,B Sai Sudharsan,19,36.2,129.53517414225226,38.578947368421055,12
2024,B Sai Sudharsan,20,31.2,132.39231699939512,37.25,31
2024,B Sai Sudharsan,21,28.4,126.94340059072638,36.95238095238095,65
2024,B Sai Sudharsan,22,34.8,125.53989181879656,38.22727272727273,84
2024,B Sai Sudharsan,23,45.4,130.81766959657435,40.21739130434783,6
2024,B Sai Sudharsan,24,39.6,114.67973856209157,38.791666666666664,103
2017,BA Stokes,5,20.0,106.52287581699352,20.0,10
2017,BA Stokes,6,17.8,100.74509803921576,18.333333333333332,17
2017,BA Stokes,7,11.2,99.66666666666674,18.142857142857142,103
2017,BA Stokes,8,31.4,123.85416666666674,28.75,14
2017,BA Stokes,9,29.2,114.74305555555561,27.11111111111111,39
2017,BA Stokes,10,36.6,131.4097222222223,28.3,33
2018,BA Stokes,11,41.2,134.57211538461547,28.727272727272727,5
2018,BA Stokes,12,38.8,118.73878205128213,26.75,16
2018,BA Stokes,13,21.4,113.21794871794877,25.923076923076923,27
2018,BA Stokes,14,24.0,119.09673659673665,26.0,14
2018,BA Stokes,15,19.0,114.55128205128213,25.2,45
2018,BA Stokes,16,21.4,112.85087719298251,26.4375,40
2018,BA Stokes,17,28.4,127.93708408953425,27.235294117647058,0
2018,BA Stokes,18,25.2,101.27041742286758,25.72222222222222,1
2018,BA Stokes,19,20.0,83.39162954407969,24.42105263157895,12
2018,BA Stokes,20,19.6,84.60375075620091,23.8,14
2018,BA Stokes,21,13.4,86.37408568443057,23.333333333333332,11
2018,BA Stokes,22,7.6,90.21645021645028,22.772727272727273,11
2019,BA Stokes,23,9.8,107.13952713952719,22.26086956521739,6
2019,BA Stokes,24,10.8,160.47286047286053,21.583333333333332,16
2019,BA Stokes,25,11.6,169.36174936174945,21.36,46
2019,BA Stokes,26,18.0,179.29181929181934,22.307692307692307,1
2019,BA Stokes,27,16.0,157.86324786324792,21.51851851851852,7
2019,BA Stokes,28,15.2,150.940170940171,21.0,28
2019,BA Stokes,29,19.6,111.68091168091173,21.24137931034483,0
2019,BA Stokes,30,16.4,76.12535612535618,20.533333333333335,8
2019,BA Stokes,31,8.8,60.7407407407408,20.129032258064516,11
2020/21,BA Stokes,32,10.8,72.74074074074079,19.84375,5
2020/21,BA Stokes,33,10.4,79.40740740740748,19.393939393939394,30
2020/21,BA Stokes,34,10.8,76.8484848484849,19.705882352941178,15
2020/21,BA Stokes,35,13.8,91.13419913419919,19.571428571428573,18
2020/21,BA Stokes,36,15.8,101.13419913419919,19.52777777777778,19
2020/21,BA Stokes,37,17.4,113.67965367965374,19.513513513513512,50
2020/21,BA Stokes,38,26.4,135.47452547452554,20.31578947368421,107
2020/21,BA Stokes,39,41.8,151.26096126096132,22.53846153846154,41
2021,BA Stokes,40,47.0,160.40381840381846,23.0,0
2023,BA Stokes,41,43.4,130.40381840381846,22.4390243902439,7
2023,BA Stokes,42,41.0,119.19169719169724,22.071428571428573,8
2009,BB McCullum,5,37.8,117.70562770562776,37.8,21
2009,BB McCullum,6,10.4,101.37254901960789,35.0,4
2009,BB McCullum,7,10.2,89.37254901960789,30.571428571428573,1
2009,BB McCullum,8,5.6,52.70588235294123,26.875,0
2009,BB McCullum,9,5.4,42.70588235294123,23.88888888888889,5
2009,BB McCullum,10,6.2,50.32492997198885,22.0,19
2009,BB McCullum,11,5.8,37.134199134199186,21.727272727272727,35
2009,BB McCullum,12,12.0,51.009199134199186,22.833333333333332,6
2009,BB McCullum,13,13.0,77.67586580086585,21.53846153846154,84
2009,BB McCullum,14,29.8,103.92586580086586,26.0,20
2009,BB McCullum,15,32.8,110.69278309409893,25.6,81
2009,BB McCullum,16,45.2,132.92763157894743,29.0625,9
2009/10,BB McCullum,17,40.0,156.05263157894743,27.88235294117647,6
2009/10,BB McCullum,18,40.0,143.19548872180457,26.666666666666668,45
2009/10,BB McCullum,19,32.2,140.62969924812035,27.63157894736842,0
2009/10,BB McCullum,20,28.2,119.57706766917298,26.25,6
2009/10,BB McCullum,21,13.2,102.9699248120301,25.285714285714285,57
2011,BB McCullum,22,22.8,76.65844940219405,26.727272727272727,45
2011,BB McCullum,23,30.6,87.6405922593369,27.52173913043478,0
2011,BB McCullum,24,21.6,63.956381733021125,26.375,81
2011,BB McCullum,25,37.8,89.26888173302112,28.56,47
2011,BB McCullum,26,46.0,100.61087307501246,29.26923076923077,23
2011,BB McCullum,27,39.2,106.132874800638,29.037037037037038,0
2011,BB McCullum,28,30.2,78.007874800638,28.0,7
2011,BB McCullum,29,31.6,95.507874800638,27.275862068965516,37
2011,BB McCullum,30,22.8,103.83173843700165,27.6,1
2011,BB McCullum,31,13.6,77.56911217437538,26.741935483870968,22
2011,BB McCullum,32,13.4,79.24093879976238,26.59375,32
2011,BB McCullum,33,19.8,99.88610009008497,26.757575757575758,29
2011,BB McCullum,34,24.2,130.71943342341828,26.823529411764707,33
2012,BB McCullum,35,23.4,113.58306978705464,27.0,9
2012,BB McCullum,36,25.0,133.86084756483243,26.5,2
2012,BB McCullum,37,21.0,117.97849462365596,25.83783783783784,15
2012,BB McCullum,38,17.6,114.00000000000004,25.55263157894737,10
2012,BB McCullum,39,13.8,87.88888888888894,25.153846153846153,43
2012,BB McCullum,40,15.8,94.02046783625737,25.6,2
2012,BB McCullum,41,14.4,76.52046783625735,25.024390243902438,42
2012,BB McCullum,42,22.4,85.61137692716645,25.428571428571427,56
2012,BB McCullum,43,30.6,94.39925571504523,26.13953488372093,37
2012,BB McCullum,44,36.0,97.69427487213336,26.386363636363637,1
2012,BB McCullum,45,27.6,79.06269592476494,25.822222222222223,41
2012,BB McCullum,46,35.4,93.13246336662539,26.152173913043477,31
2013,BB McCullum,47,33.2,90.79831103247307,26.25531914893617,6
2014,BB McCullum,48,23.2,82.48662272078477,25.833333333333332,67
2014,BB McCullum,49,29.2,84.31632011698461,26.6734693877551,9
2014,BB McCullum,50,30.8,98.31632011698461,26.32,6
2014,BB McCullum,51,23.8,90.15564358421506,25.92156862745098,71
2014,BB McCullum,52,31.8,99.6951831237546,26.78846153846154,40
2014,BB McCullum,53,38.6,106.7947502233217,27.037735849056602,56
2014,BB McCullum,54,36.4,107.4478114478115,27.574074074074073,32
2014,BB McCullum,55,41.0,107.7335257335258,27.654545454545456,33
2014,BB McCullum,56,46.4,118.82443482443486,27.75,13
2014,BB McCullum,57,34.8,116.16450216450221,27.49122807017544,6
2014,BB McCullum,58,28.0,131.92207792207796,27.120689655172413,19
2014,BB McCullum,59,20.6,133.1528471528472,26.983050847457626,28
2014,BB McCullum,60,19.8,137.26713286713291,27.0,14
2014,BB McCullum,61,16.0,140.72167832167835,26.78688524590164,11
2015,BB McCullum,62,15.6,130.83531468531473,26.532258064516128,4
2015,BB McCullum,63,15.2,130.83531468531473,26.174603174603174,100
2015,BB McCullum,64,31.4,135.50285053929127,27.328125,32
2015,BB McCullum,65,32.2,158.81713625357696,27.4,46
2015,BB McCullum,66,38.6,173.36259079903152,27.681818181818183,12
2015,BB McCullum,67,38.8,193.8983050847458,27.44776119402985,4
2015,BB McCullum,68,38.8,167.23163841807914,27.102941176470587,66
2015,BB McCullum,69,32.0,161.4184397163121,27.666666666666668,19
2015,BB McCullum,70,29.4,142.84701114488354,27.542857142857144,12
2015,BB McCullum,71,22.6,150.84701114488354,27.323943661971832,20
2015,BB McCullum,72,24.2,143.22796352583592,27.22222222222222,23
2015,BB McCullum,73,28.0,171.7128120106844,27.164383561643834,81
2015,BB McCullum,74,31.0,169.3419913419914,27.89189189189189,11
2015,BB McCullum,75,29.4,152.6753246753247,27.666666666666668,6
2016,BB McCullum,76,28.2,124.67532467532472,27.38157894736842,0
2016,BB McCullum,77,24.2,98.00865800865806,27.025974025974026,49
2016,BB McCullum,78,29.4,87.8033794162827,27.307692307692307,6
2016,BB McCullum,79,14.4,92.08909370199697,27.037974683544302,18
2016,BB McCullum,80,15.8,102.7893738140418,26.925,42
2016,BB McCullum,81,23.0,116.3893738140418,27.11111111111111,60
2016,BB McCullum,82,35.0,149.72270714737513,27.51219512195122,43
2016,BB McCullum,83,33.8,153.943137254902,27.698795180722893,1
2016,BB McCullum,84,32.8,130.60980392156867,27.38095238095238,1
2016,BB McCullum,85,29.4,114.43333333333337,27.070588235294117,7
2016,BB McCullum,86,22.4,87.50000000000004,26.837209302325583,29
2016,BB McCullum,87,16.2,78.33333333333339,26.862068965517242,11
2016,BB McCullum,88,9.8,59.42307692307696,26.681818181818183,6
2016,BB McCullum,89,10.8,76.7564102564103,26.44943820224719,48
2016,BB McCullum,90,20.2,104.85985853227237,26.68888888888889,1
2016,BB McCullum,91,19.0,103.1931918656057,26.406593406593405,32
2017,BB McCullum,92,19.6,99.6716864892616,26.467391304347824,35
2017,BB McCullum,93,24.4,111.91527623285135,26.559139784946236,5
2017,BB McCullum,94,24.2,97.91527623285135,26.329787234042552,49
2017,BB McCullum,95,24.4,94.50879765395898,26.568421052631578,64
2017,BB McCullum,96,37.0,118.59970674486809,26.958333333333332,72
2017,BB McCullum,97,45.0,127.9545454545455,27.422680412371133,33
2017,BB McCullum,98,44.6,137.61140819964356,27.479591836734695,6
2017,BB McCullum,99,44.8,147.61140819964356,27.262626262626263,3
2017,BB McCullum,100,35.6,127.91443850267385,27.02,7
2017,BB McCullum,101,24.2,116.32352941176475,26.821782178217823,45
2017,BB McCullum,102,18.8,118.46638655462189,27.0,1
2018,BB McCullum,103,12.4,86.30952380952385,26.74757281553398,43
2018,BB McCullum,104,19.8,97.02380952380958,26.903846153846153,0
2018,BB McCullum,105,19.2,87.02380952380958,26.64761904761905,4
2018,BB McCullum,106,18.6,89.52380952380958,26.433962264150942,38
2018,BB McCullum,107,17.2,83.58784893267656,26.542056074766354,37
2018,BB McCullum,108,24.4,106.52118226600992,26.63888888888889,5
2013,BB Samantray,5,10.2,76.66666666666671,10.2,55
2013,BB Samantray,6,20.8,79.58333333333339,17.666666666666668,5
2013,BB Samantray,7,14.4,109.5833333333334,15.857142857142858,14
2018,BB Sran,5,1.2,68.00000000000004,1.2,1
2019,BB Sran,6,1.2,68.00000000000004,1.1666666666666667,3
2017,BCJ Cutting,5,14.6,125.58441558441564,14.6,16
2017,BCJ Cutting,6,16.2,152.2510822510823,14.833333333333334,20
2017,BCJ Cutting,7,16.6,155.88744588744595,15.571428571428571,15
2018,BCJ Cutting,8,19.6,185.88744588744595,15.5,9
2018,BCJ Cutting,9,19.8,183.03030303030306,14.777777777777779,12
2018,BCJ Cutting,10,14.4,179.69696969696975,14.5,24
2018,BCJ Cutting,11,16.0,174.3636363636364,15.363636363636363,10
2018,BCJ Cutting,12,14.0,166.5714285714286,14.916666666666666,4
2018,BCJ Cutting,13,11.8,148.00000000000006,14.076923076923077,37
2019,BCJ Cutting,14,17.4,165.00000000000006,15.714285714285714,3
2019,BCJ Cutting,15,15.6,140.00000000000006,14.866666666666667,2
2019,BCJ Cutting,16,11.2,102.00000000000004,14.0625,13
2009,BJ Hodge,5,10.6,62.521008403361385,10.6,5
2009,BJ Hodge,6,11.4,70.14005602240901,9.666666666666666,24
2009,BJ Hodge,7,16.0,84.34295457313365,11.714285714285714,17
2009,BJ Hodge,8,17.4,88.92628790646697,12.375,73
2009,BJ Hodge,9,25.8,93.50349378881992,19.11111111111111,70
2009,BJ Hodge,10,37.8,111.03596132128746,24.2,10
2009,BJ Hodge,11,38.8,107.27656282504685,22.90909090909091,0
2009,BJ Hodge,12,34.0,86.40699760765555,21.0,48
2009,BJ Hodge,13,40.2,88.57163175399701,23.076923076923077,71
2009,BJ Hodge,14,39.8,98.03185902672428,26.5,6
2009/10,BJ Hodge,15,27.0,81.21367720854246,25.133333333333333,13
2009/10,BJ Hodge,16,27.6,92.35402808573544,24.375,50
2009/10,BJ Hodge,17,37.6,113.63062383041628,25.88235294117647,0
2009/10,BJ Hodge,18,28.0,90.21598968407484,24.444444444444443,36
2011,BJ Hodge,19,21.0,79.11973299958285,25.05263157894737,27
2011,BJ Hodge,20,25.2,87.59799386914808,25.15,39
2011,BJ Hodge,21,30.4,87.59799386914808,25.80952380952381,11
2011,BJ Hodge,22,22.6,97.74996955303865,25.136363636363637,19
2011,BJ Hodge,23,26.4,124.89282669589579,24.869565217391305,2
2011,BJ Hodge,24,19.6,108.7163561076605,23.916666666666668,8
2011,BJ Hodge,25,15.8,95.90476190476194,23.28,0
2011,BJ Hodge,26,8.0,74.23809523809527,22.384615384615383,27
2011,BJ Hodge,27,11.2,64.40952380952385,22.555555555555557,24
2011,BJ Hodge,28,12.2,74.18974358974364,22.607142857142858,35
2011,BJ Hodge,29,18.8,106.03184885290152,23.03448275862069,5
2011,BJ Hodge,30,18.2,103.05748987854255,22.433333333333334,4
2011,BJ Hodge,31,19.0,116.39082321187588,21.838709677419356,33
2011,BJ Hodge,32,20.2,131.45748987854256,22.1875,51
2012,BJ Hodge,33,25.6,117.20107962213231,23.060606060606062,21
2012,BJ Hodge,34,22.8,106.60897435897441,23.0,44
2012,BJ Hodge,35,30.6,129.2614942528736,23.6,12
2012,BJ Hodge,36,32.2,137.7463427377221,23.27777777777778,1
2012,BJ Hodge,37,25.8,111.07967607105543,22.675675675675677,48
2012,BJ Hodge,38,25.2,134.12729511867445,23.342105263157894,3
2012,BJ Hodge,39,21.6,119.87729511867447,22.82051282051282,10
2012,BJ Hodge,40,14.8,114.53246753246758,22.5,22
2012,BJ Hodge,41,16.8,117.15873015873021,22.48780487804878,1
2012,BJ Hodge,42,16.8,117.15873015873021,21.976190476190474,36
2012,BJ Hodge,43,14.4,102.74879227053145,22.302325581395348,33
2012,BJ Hodge,44,20.4,112.74879227053145,22.545454545454547,14
2013,BJ Hodge,45,21.2,106.41545893719812,22.355555555555554,5
2013,BJ Hodge,46,17.8,96.25672877846796,21.97826086956522,46
2013,BJ Hodge,47,26.8,115.93414813330666,22.48936170212766,22
2013,BJ Hodge,48,24.0,106.62980030721971,22.479166666666668,15
2013,BJ Hodge,49,20.4,103.37980030721971,22.3265306122449,27
2013,BJ Hodge,50,23.0,118.46313364055304,22.42,13
2013,BJ Hodge,51,24.6,119.47153700189759,22.235294117647058,9
2013,BJ Hodge,52,17.2,119.79411764705887,21.98076923076923,32
2013,BJ Hodge,53,19.2,133.3496732026144,22.169811320754718,4
2013,BJ Hodge,54,17.0,130.5996732026144,21.833333333333332,0
2013,BJ Hodge,55,11.6,96.84967320261441,21.436363636363637,39
2013,BJ Hodge,56,16.8,109.41269841269846,21.75,8
2013,BJ Hodge,57,16.6,102.2698412698413,21.50877192982456,54
2013,BJ Hodge,58,21.0,101.55299539170512,22.06896551724138,19
2014,BJ Hodge,59,24.0,103.64823348694321,22.016949152542374,1
2014,BJ Hodge,60,24.2,106.14823348694321,21.666666666666668,40
2014,BJ Hodge,61,24.4,104.09754224270357,21.9672131147541,31
2014,BJ Hodge,62,29.0,113.87197833292915,22.112903225806452,29
2013,BJ Rohrer,5,30.0,168.91737754815978,30.0,32
2013,BJ Rohrer,6,33.6,172.3196763987345,30.333333333333332,4
2013,BJ Rohrer,7,24.6,151.85990628379196,26.571428571428573,7
2018,Basil Thampi,5,5.6,68.83333333333337,5.6,3
2019,Basil Thampi,6,3.6,46.33333333333338,5.166666666666667,1
2012,Bipul Sharma,5,6.4,113.33333333333337,6.4,18
2012,Bipul Sharma,6,8.4,114.35897435897441,8.333333333333334,35
2012,Bipul Sharma,7,15.2,133.24786324786328,12.142857142857142,12
2012,Bipul Sharma,8,14.4,128.39937839937846,12.125,7
2015,Bipul Sharma,9,15.6,146.39937839937843,11.555555555555555,1
2016,Bipul Sharma,10,14.6,126.39937839937843,10.5,5
2016,Bipul Sharma,11,12.0,118.70707070707076,10.0,14
2016,Bipul Sharma,12,7.8,126.48484848484853,10.333333333333334,27
2016,Bipul Sharma,13,10.8,153.7575757575758,11.615384615384615,5
2017,Bipul Sharma,14,10.4,159.09090909090915,11.142857142857142,21
2017,Bipul Sharma,15,14.4,179.09090909090915,11.8,8
2017,Bipul Sharma,16,15.0,179.09090909090915,11.5625,2
2023,C Green,5,19.8,141.31818181818184,19.8,67
2023,C Green,6,32.2,146.7727272727273,27.666666666666668,33
2023,C Green,7,36.4,150.33916083916088,28.428571428571427,44
2023,C Green,8,41.8,140.43175343175346,30.375,23
2023,C Green,9,46.2,144.64227974754297,29.555555555555557,6
2023,C Green,10,34.6,142.64227974754294,27.2,2
2023,C Green,11,21.6,132.1877342929975,24.90909090909091,3
2023,C Green,12,15.6,126.80311890838212,23.083333333333332,4
2023,C Green,13,7.6,105.63909774436095,21.615384615384617,100
2023,C Green,14,23.0,123.98176291793315,27.214285714285715,41
2023,C Green,15,30.0,129.63393683097667,28.133333333333333,30
2024,C Green,16,35.6,138.20536540240522,28.25,18
2024,C Green,17,38.6,134.5690017660416,27.647058823529413,3
2024,C Green,18,38.4,135.14043033747015,26.27777777777778,33
2024,C Green,19,25.0,124.0158102766799,26.63157894736842,9
2024,C Green,20,18.6,106.3636363636364,25.75,5
2024,C Green,21,13.6,94.45887445887449,24.761904761904763,6
2024,C Green,22,11.2,108.09523809523814,23.90909090909091,37
2024,C Green,23,18.0,129.73160173160176,24.47826086956522,1
2024,C Green,24,11.6,108.30303030303034,23.5,46
2024,C Green,25,19.0,124.37710437710443,24.4,32
2024,C Green,26,24.4,134.37710437710442,24.692307692307693,38
2024,C Green,27,30.8,142.37710437710442,25.185185185185187,27
2018,C Munro,5,13.4,107.15686274509808,13.4,26
2018,C Munro,6,17.8,126.32352941176475,15.5,0
2019,C Munro,7,15.8,101.32352941176475,13.285714285714286,40
2019,C Munro,8,20.6,114.50000000000004,16.625,3
2019,C Munro,9,20.4,107.1666666666667,15.11111111111111,14
2019,C Munro,10,16.6,92.03846153846158,15.0,27
2023,C Sakariya,5,3.2,58.24242424242429,3.2,4
2023,C Sakariya,6,4.0,78.24242424242429,3.3333333333333335,0
2017,C de Grandhomme,5,11.0,71.8947368421053,11.0,31
2017,C de Grandhomme,6,17.2,94.03759398496246,14.333333333333334,11
2017,C de Grandhomme,7,19.2,115.46616541353387,13.857142857142858,29
2017,C de Grandhomme,8,25.0,151.71616541353387,15.75,0
2018,C de Grandhomme,9,21.4,127.71616541353387,14.0,11
2018,C de Grandhomme,10,16.4,121.25000000000004,13.7,11
2018,C de Grandhomme,11,12.4,130.53571428571433,13.454545454545455,23
2018,C de Grandhomme,12,14.8,145.1071428571429,14.25,8
2018,C de Grandhomme,13,10.6,128.8571428571429,13.76923076923077,33
2018,C de Grandhomme,14,17.2,150.85714285714292,15.142857142857142,3
2018,C de Grandhomme,15,15.6,131.42857142857147,14.333333333333334,40
2018,C de Grandhomme,16,21.4,147.0588235294118,15.9375,2
2019,C de Grandhomme,17,17.2,114.39215686274515,15.117647058823529,4
2019,C de Grandhomme,18,16.4,107.72549019607848,14.5,2
2019,C de Grandhomme,19,10.2,90.72549019607848,13.842105263157896,37
2019,C de Grandhomme,20,17.0,101.85049019607848,15.0,3
2019,CA Ingram,5,14.0,92.70833333333337,14.0,10
2019,CA Ingram,6,15.8,111.27976190476195,13.333333333333334,38
2019,CA Ingram,7,22.0,125.81999178981941,16.857142857142858,5
2019,CA Ingram,8,20.4,115.26443623426387,15.375,22
2019,CA Ingram,9,15.4,105.88943623426387,16.11111111111111,14
2019,CA Ingram,10,17.8,132.55610290093054,15.9,19
2019,CA Ingram,11,19.6,141.98467432950196,16.181818181818183,3
2019,CA Ingram,12,12.6,127.77777777777783,15.083333333333334,11
2019,CA Ingram,13,13.8,148.09523809523813,14.76923076923077,1
2019,CA Ingram,14,9.6,132.09523809523813,13.785714285714286,12
2017,CA Lynn,5,17.8,96.20192307692312,17.8,93
2017,CA Lynn,6,35.2,124.6367056856188,30.333333333333332,32
2017,CA Lynn,7,32.6,119.36884854276164,30.571428571428573,50
2017,CA Lynn,8,40.0,151.82339399730708,33.0,84
2017,CA Lynn,9,54.8,162.93450510841822,38.666666666666664,26
2017,CA Lynn,10,57.0,174.52424869816178,37.4,6
2017,CA Lynn,11,39.6,194.08946608946613,34.54545454545455,4
2018,CA Lynn,12,34.0,181.23232323232327,32.0,5
2018,CA Lynn,13,25.0,148.27777777777783,29.923076923076923,22
2018,CA Lynn,14,12.6,144.66666666666669,29.357142857142858,49
2018,CA Lynn,15,17.2,138.82352941176475,30.666666666666668,31
2018,CA Lynn,16,22.2,100.20283975659234,30.6875,0
2018,CA Lynn,17,21.4,90.20283975659234,28.88235294117647,74
2018,CA Lynn,18,35.2,113.80040073220209,31.38888888888889,5
2018,CA Lynn,19,31.8,102.96706739886876,30.0,62
2018,CA Lynn,20,34.4,96.6889925325586,31.6,12
2018,CA Lynn,21,30.6,115.309682187731,30.666666666666668,17
2018,CA Lynn,22,34.0,141.46352834157716,30.045454545454547,21
2018,CA Lynn,23,23.4,133.3659673659674,29.652173913043477,27
2018,CA Lynn,24,27.8,148.46400658165368,29.541666666666668,45
2018,CA Lynn,25,24.4,147.34712346477056,30.16,55
2018,CA Lynn,26,33.0,132.3471234647706,31.115384615384617,18
2018,CA Lynn,27,33.2,121.8454512239679,30.62962962962963,48
2019,CA Lynn,28,38.6,124.81319315945174,31.25,7
2019,CA Lynn,29,34.6,105.77576000437155,30.413793103448278,10
2019,CA Lynn,30,27.6,104.34718857580012,29.733333333333334,20
2019,CA Lynn,31,20.6,101.56941079802235,29.419354838709676,43
2019,CA Lynn,32,25.6,112.79223688497886,29.84375,50
2019,CA Lynn,33,26.0,113.07449494949499,30.454545454545453,0
2019,CA Lynn,34,24.6,100.34722222222226,29.558823529411764,82
2019,CA Lynn,35,39.0,111.29061844863736,31.057142857142857,1
2019,CA Lynn,36,35.2,99.06839622641515,30.22222222222222,51
2019,CA Lynn,37,36.8,92.59339622641514,30.783783783783782,0
2019,CA Lynn,38,26.8,61.343396226415145,29.973684210526315,54
2019,CA Lynn,39,37.6,98.58477553675998,30.58974358974359,46
2019,CA Lynn,40,30.4,109.45956112852669,30.975,41
2021,CA Lynn,41,38.4,127.73542319749222,31.21951219512195,49
2009/10,CA Pujara,5,15.4,102.20793650793655,15.4,45
2011,CA Pujara,6,22.4,112.20793650793655,20.333333333333332,25
2011,CA Pujara,7,26.4,138.8746031746032,21.0,2
2011,CA Pujara,8,21.0,123.67460317460322,18.625,7
2012,CA Pujara,9,19.0,111.05555555555561,17.333333333333332,11
2012,CA Pujara,10,18.0,92.42307692307698,16.7,6
2012,CA Pujara,11,10.2,83.2564102564103,15.727272727272727,0
2013,CA Pujara,12,5.2,49.92307692307697,14.416666666666666,19
2013,CA Pujara,13,8.6,60.92307692307698,14.76923076923077,17
2013,CA Pujara,14,10.6,68.14529914529919,14.928571428571429,5
2013,CA Pujara,15,9.4,58.36507936507941,14.266666666666667,51
2014,CA Pujara,16,18.4,66.28174603174607,16.5625,13
2014,CA Pujara,17,21.0,92.28174603174607,16.352941176470587,40
2014,CA Pujara,18,25.2,94.33437761069345,17.666666666666668,35
2014,CA Pujara,19,28.8,96.65760993392577,18.57894736842105,8
2014,CA Pujara,20,29.4,109.51475279106862,18.05,10
2014,CA Pujara,21,21.2,98.26475279106862,17.666666666666668,19
2009,CH Gayle,5,32.0,112.6095803772755,32.0,7
2009,CH Gayle,6,31.4,115.94291371060885,27.833333333333332,17
2009/10,CH Gayle,7,26.0,105.59808612440197,26.285714285714285,75
2009/10,CH Gayle,8,30.2,104.12955465587049,32.375,14
2009/10,CH Gayle,9,30.6,105.66801619433201,30.333333333333332,30
2009/10,CH Gayle,10,28.6,111.88811188811192,30.3,4
2009/10,CH Gayle,11,28.0,103.31668331668337,27.90909090909091,88
2009/10,CH Gayle,12,42.2,123.31668331668337,32.916666666666664,40
2009/10,CH Gayle,13,35.2,136.60339660339665,33.46153846153846,34
2009/10,CH Gayle,14,39.2,155.0649350649351,33.5,7
2009/10,CH Gayle,15,34.6,162.79220779220782,31.733333333333334,0
2011,CH Gayle,16,33.8,151.3636363636364,29.75,102
2011,CH Gayle,17,36.6,147.15311004784695,34.0,26
2011,CH Gayle,18,33.8,147.93233082706772,33.55555555555556,49
2011,CH Gayle,19,36.8,145.62463851937542,34.36842105263158,107
2011,CH Gayle,20,56.8,154.29810790713051,38.0,44
2011,CH Gayle,21,65.6,206.0628137894834,38.285714285714285,70
2011,CH Gayle,22,59.2,202.09152192345474,39.72727272727273,38
2011,CH Gayle,23,61.6,228.2819981139309,39.65217391304348,0
2011,CH Gayle,24,51.8,190.58969042162323,38.0,75
2011,CH Gayle,25,45.4,174.6939988116459,39.48,8
2011,CH Gayle,26,38.2,140.70707070707076,38.26923076923077,89
2011,CH Gayle,27,42.0,144.4888888888889,40.148148148148145,0
2012,CH Gayle,28,34.4,81.1555555555556,38.714285714285715,2
2012,CH Gayle,29,34.8,86.1555555555556,37.44827586206897,68
2012,CH Gayle,30,33.4,92.37777777777782,38.46666666666667,8
2012,CH Gayle,31,33.4,92.37777777777782,37.483870967741936,81
2012,CH Gayle,32,31.8,89.83900226757375,38.84375,87
2012,CH Gayle,33,49.2,118.36359243150817,40.303030303030305,4
2012,CH Gayle,34,49.6,123.36359243150817,39.23529411764706,86
2012,CH Gayle,35,53.2,118.51613480438952,40.57142857142857,71
2012,CH Gayle,36,65.8,133.01108429933902,41.416666666666664,26
2012,CH Gayle,37,54.8,122.55855546171702,41.0,82
2012,CH Gayle,38,53.8,121.83057546727409,42.078947368421055,57
2012,CH Gayle,39,64.4,147.4555754672741,42.46153846153846,6
2012,CH Gayle,40,48.4,133.30303309439273,41.55,128
2012,CH Gayle,41,59.8,142.32062840231066,43.65853658536585,27
2013,CH Gayle,42,60.0,173.71193275013673,43.26190476190476,92
2013,CH Gayle,43,62.0,176.0792570068747,44.395348837209305,11
2013,CH Gayle,44,52.8,177.12092367354137,43.63636363636363,85
2013,CH Gayle,45,68.6,193.0300145826323,44.55555555555556,4
2013,CH Gayle,46,43.8,159.0124192747144,43.67391304347826,15
2013,CH Gayle,47,41.4,130.0124192747144,43.06382978723404,49
2013,CH Gayle,48,32.8,119.8484848484849,43.1875,175
2013,CH Gayle,49,65.6,133.90645586297765,45.87755102040816,18
2013,CH Gayle,50,52.2,120.99736495388674,45.32,34
2013,CH Gayle,51,58.2,153.72463768115946,45.09803921568628,21
2013,CH Gayle,52,59.4,148.72463768115946,44.63461538461539,77
2013,CH Gayle,53,65.0,156.22463768115946,45.24528301886792,13
2013,CH Gayle,54,32.6,122.83333333333337,44.648148148148145,4
2013,CH Gayle,55,29.8,116.26190476190482,43.90909090909091,33
2013,CH Gayle,56,29.6,94.09974259974265,43.714285714285715,61
2013,CH Gayle,57,37.6,109.98209554091912,44.01754385964912,28
2014,CH Gayle,58,27.8,122.48209554091912,43.741379310344826,20
2014,CH Gayle,59,29.2,162.29161935044294,43.33898305084746,27
2014,CH Gayle,60,33.8,177.86304792187147,43.06666666666667,38
2014,CH Gayle,61,34.8,190.42521008403364,42.98360655737705,4
2014,CH Gayle,62,23.4,165.97142857142862,42.354838709677416,19
2014,CH Gayle,63,21.6,141.17142857142863,41.98412698412698,22
2014,CH Gayle,64,22.0,103.15900621118017,41.671875,46
2014,CH Gayle,65,25.8,93.85131390348786,41.738461538461536,14
2014,CH Gayle,66,21.0,77.45131390348786,41.31818181818182,6
2015,CH Gayle,67,21.4,79.35607580824977,40.791044776119406,96
2015,CH Gayle,68,36.8,97.84028633456555,41.60294117647059,21
2015,CH Gayle,69,36.6,104.95985155195686,41.30434782608695,10
2015,CH Gayle,70,29.4,93.71915676287497,40.857142857142854,20
2015,CH Gayle,71,30.6,103.24856852758084,40.563380281690144,62
2015,CH Gayle,72,41.8,119.43904471805703,40.861111111111114,10
2015,CH Gayle,73,24.6,135.75483419174125,40.43835616438356,21
2015,CH Gayle,74,24.6,144.50483419174125,40.17567567567568,117
2015,CH Gayle,75,46.0,175.1960784313726,41.2,13
2015,CH Gayle,76,44.6,171.6666666666667,40.828947368421055,17
2015,CH Gayle,77,35.6,164.80952380952388,40.51948051948052,35
2015,CH Gayle,78,40.6,178.44588744588748,40.44871794871795,1
2015,CH Gayle,79,36.6,147.4458874458875,39.949367088607595,27
2015,CH Gayle,80,18.6,129.58874458874465,39.7875,41
2016,CH Gayle,81,24.2,127.81096681096685,39.80246913580247,1
2016,CH Gayle,82,21.0,109.14430014430017,39.329268292682926,0
2016,CH Gayle,83,14.0,45.50793650793655,38.855421686746986,7
2016,CH Gayle,84,15.2,61.50793650793655,38.476190476190474,5
2016,CH Gayle,85,10.8,58.888888888888935,38.082352941176474,6
2016,CH Gayle,86,3.8,49.89743589743595,37.7093023255814,49
2016,CH Gayle,87,13.4,77.5103391232424,37.839080459770116,73
2016,CH Gayle,88,28.0,119.22462483752811,38.23863636363637,1
2016,CH Gayle,89,26.8,104.22462483752811,37.82022471910113,9
2016,CH Gayle,90,27.6,100.4151010280043,37.5,76
2017,CH Gayle,91,41.6,128.2575025289424,37.92307692307692,32
2017,CH Gayle,92,38.2,124.47068625965767,37.858695652173914,6
2017,CH Gayle,93,24.8,96.0897338787053,37.516129032258064,22
2017,CH Gayle,94,29.0,106.80401959299101,37.351063829787236,77
2017,CH Gayle,95,42.6,132.44687673584815,37.76842105263158,7
2017,CH Gayle,96,28.8,103.15148378191861,37.447916666666664,8
2017,CH Gayle,97,24.0,88.65873015873021,37.144329896907216,0
2017,CH Gayle,98,22.8,75.32539682539687,36.765306122448976,0
2017,CH Gayle,99,18.4,59.61111111111116,36.39393939393939,48
2018,CH Gayle,100,12.6,45.72649572649577,36.51,63
2018,CH Gayle,101,23.8,75.00754147812977,36.772277227722775,104
2018,CH Gayle,102,43.0,93.67420814479644,37.431372549019606,62
2018,CH Gayle,103,55.4,125.46907993966825,37.66990291262136,23
2018,CH Gayle,104,60.0,146.37817084875914,37.52884615384615,50
2018,CH Gayle,105,60.4,144.49005896064725,37.647619047619045,8
2018,CH Gayle,106,49.4,121.97668997669003,37.367924528301884,1
2018,CH Gayle,107,28.8,99.97668997669004,37.02803738317757,21
2018,CH Gayle,108,20.6,92.88770053475942,36.879629629629626,18
2018,CH Gayle,109,19.6,97.69289533995422,36.706422018348626,18
2018,CH Gayle,110,13.2,107.69289533995422,36.53636363636364,0
2019,CH Gayle,111,11.6,93.14744079449967,36.207207207207205,79
2019,CH Gayle,112,27.2,113.53205617911506,36.589285714285715,20
2019,CH Gayle,113,27.0,117.39760239760244,36.442477876106196,40
2019,CH Gayle,114,31.4,123.68331668331675,36.473684210526315,5
2019,CH Gayle,115,28.8,103.456043956044,36.2,16
2019,CH Gayle,116,32.0,126.31318681318687,36.025862068965516,63
2019,CH Gayle,117,28.8,129.08646616541358,36.256410256410255,99
2019,CH Gayle,118,44.6,129.63268465280856,36.78813559322034,30
2019,CH Gayle,119,42.6,124.90541192553583,36.73109243697479,69
2019,CH Gayle,120,55.4,149.7027092228331,37.0,23
2019,CH Gayle,121,56.8,168.6637481838721,36.88429752066116,4
2019,CH Gayle,122,45.0,162.17252011369663,36.614754098360656,14
2019,CH Gayle,123,28.0,153.0548730548731,36.43089430894309,28
2020/21,CH Gayle,124,27.6,143.28214578214585,36.36290322580645,20
2020/21,CH Gayle,125,17.8,125.03246753246758,36.232,12
2020/21,CH Gayle,126,15.6,95.84586466165419,36.03968253968254,31
2020/21,CH Gayle,127,21.0,93.97919799498752,36.0,51
2020/21,CH Gayle,128,28.4,109.15161178809096,36.1171875,53
2020/21,CH Gayle,129,33.4,113.73494512142432,36.248062015503876,99
2020/21,CH Gayle,130,49.2,123.3829782477183,36.73076923076923,29
2021,CH Gayle,131,52.6,152.17997072892132,36.67175572519084,40
2021,CH Gayle,132,54.4,154.96617762547305,36.696969696969695,10
2021,CH Gayle,133,46.2,139.79376383236962,36.49624060150376,11
2021,CH Gayle,134,37.8,142.1548749434807,36.30597014925373,15
2021,CH Gayle,135,21.0,131.1062815930971,36.148148148148145,43
2021,CH Gayle,136,23.8,112.30928911189406,36.1985294117647,0
2021,CH Gayle,137,15.8,84.72308221534233,35.934306569343065,46
2021,CH Gayle,138,23.0,101.52308221534233,36.007246376811594,13
2021,CH Gayle,139,23.4,105.96752665978677,35.84172661870504,1
2021,CH Gayle,140,20.6,93.32046783625736,35.59285714285714,14
2013,CH Morris,5,2.8,79.00000000000006,2.8,0
2015,CH Morris,6,1.4,44.00000000000006,2.3333333333333335,6
2015,CH Morris,7,1.6,39.00000000000006,2.857142857142857,13
2015,CH Morris,8,4.0,62.33333333333339,4.125,3
2015,CH Morris,9,4.6,82.3333333333334,4.0,34
2015,CH Morris,10,11.2,140.15151515151518,7.0,16
2015,CH Morris,11,14.4,169.2424242424243,7.818181818181818,4
2015,CH Morris,12,14.0,170.2424242424243,7.5,0
2016,CH Morris,13,11.4,126.90909090909096,6.923076923076923,11
2016,CH Morris,14,13.0,128.90909090909096,7.214285714285714,82
2016,CH Morris,15,22.6,116.78787878787884,12.2,0
2016,CH Morris,16,19.4,87.69696969696975,11.4375,17
2016,CH Morris,17,22.0,100.03030303030309,11.764705882352942,20
2016,CH Morris,18,26.0,125.03030303030309,12.222222222222221,38
2016,CH Morris,19,31.4,137.57575757575765,13.578947368421053,27
2017,CH Morris,20,20.4,116.29984051036688,14.25,4
2017,CH Morris,21,21.2,132.2998405103669,13.761904761904763,38
2017,CH Morris,22,25.4,188.41095162147798,14.863636363636363,16
2017,CH Morris,23,24.6,198.96650717703355,14.91304347826087,16
2017,CH Morris,24,20.2,196.42105263157902,14.958333333333334,52
2017,CH Morris,25,25.2,192.7619047619048,16.44,11
2017,CH Morris,26,26.6,198.7619047619048,16.23076923076923,2
2017,CH Morris,27,19.4,122.31746031746036,15.703703703703704,15
2018,CH Morris,28,19.2,129.61904761904765,15.678571428571429,27
2018,CH Morris,29,21.4,131.36904761904765,16.06896551724138,17
2018,CH Morris,30,14.4,155.17857142857147,16.1,2
2019,CH Morris,31,12.6,146.5119047619048,15.64516129032258,0
2019,CH Morris,32,12.2,138.5119047619048,15.15625,17
2019,CH Morris,33,12.6,116.90476190476195,15.212121212121213,0
2019,CH Morris,34,7.2,83.15476190476195,14.764705882352942,4
2019,CH Morris,35,4.6,44.58333333333338,14.457142857142857,11
2019,CH Morris,36,6.4,55.69444444444449,14.36111111111111,0
2020/21,CH Morris,37,6.4,55.69444444444449,13.972972972972974,4
2020/21,CH Morris,38,3.8,74.44444444444449,13.710526315789474,3
2020/21,CH Morris,39,4.4,89.44444444444449,13.435897435897436,0
2020/21,CH Morris,40,3.6,79.44444444444449,13.1,25
2020/21,CH Morris,41,6.4,117.50000000000004,13.390243902439025,2
2021,CH Morris,42,6.8,125.50000000000004,13.119047619047619,2
2021,CH Morris,43,6.4,95.50000000000004,12.86046511627907,36
2021,CH Morris,44,13.0,120.50000000000004,13.386363636363637,0
2021,CH Morris,45,13.0,120.50000000000004,13.088888888888889,10
2021,CH Morris,46,10.0,78.00000000000004,13.021739130434783,14
2021,CH Morris,47,12.4,93.33333333333339,13.042553191489361,0
2021,CH Morris,48,12.0,83.33333333333339,12.770833333333334,5
2014,CJ Anderson,5,14.6,68.95494111623148,14.6,35
2014,CJ Anderson,6,21.2,91.95494111623148,18.0,6
2014,CJ Anderson,7,18.8,103.95494111623148,16.285714285714285,18
2014,CJ Anderson,8,14.6,130.22222222222226,16.5,18
2014,CJ Anderson,9,15.6,141.65079365079367,16.666666666666668,95
2014,CJ Anderson,10,34.4,180.7329192546584,24.5,20
2015,CJ Anderson,11,31.4,192.7329192546584,24.09090909090909,55
2015,CJ Anderson,12,41.2,189.56218754734135,26.666666666666668,5
2015,CJ Anderson,13,38.6,147.22452520967903,25.0,50
2015,CJ Anderson,14,45.0,143.5403146833632,26.785714285714285,4
2017,CJ Anderson,15,26.8,112.23596685727628,25.266666666666666,2
2017,CJ Anderson,16,23.2,80.23596685727628,23.8125,39
2017,CJ Anderson,17,20.0,87.31974204285423,24.705882352941178,0
2017,CJ Anderson,18,19.0,78.22883295194512,23.333333333333332,2
2017,CJ Anderson,19,9.4,59.91304347826092,22.210526315789473,18
2017,CJ Anderson,20,12.2,63.75919732441476,22.0,41
2017,CJ Anderson,21,20.0,89.92586399108143,22.904761904761905,18
2017,CJ Anderson,22,15.8,81.72710622710626,22.681818181818183,10
2017,CJ Anderson,23,17.8,106.72710622710626,22.130434782608695,6
2017,CJ Anderson,24,18.6,118.72710622710626,21.458333333333332,3
2017,CJ Anderson,25,15.6,114.88095238095244,20.72,3
2018,CJ Anderson,26,8.0,87.38095238095242,20.03846153846154,0
2018,CJ Anderson,27,4.4,61.66666666666671,19.296296296296298,15
2018,CJ Anderson,28,5.4,59.743589743589794,19.142857142857142,2
2012,CJ Ferguson,5,12.0,93.56005398110666,12.0,3
2012,CJ Ferguson,6,11.4,95.56005398110666,10.5,23
2012,CJ Ferguson,7,13.0,79.91902834008101,12.285714285714286,12
2020/21,CJ Jordan,5,3.8,57.66666666666672,3.8,13
2021,CJ Jordan,6,5.8,75.16666666666671,5.333333333333333,30
2021,CJ Jordan,7,11.8,108.50000000000004,8.857142857142858,2
2022,CJ Jordan,8,11.2,105.1666666666667,8.0,5
2022,CJ Jordan,9,10.8,115.1666666666667,7.666666666666667,6
2023,CJ Jordan,10,11.2,129.16666666666669,7.5,4
2023,CJ Jordan,11,9.4,108.09523809523814,7.181818181818182,2
2007/08,CL White,5,18.6,101.21842650103524,18.6,10
2007/08,CL White,6,19.4,102.55175983436857,17.166666666666668,10
2007/08,CL White,7,15.2,87.35994397759109,16.142857142857142,1
2009/10,CL White,8,15.4,97.35994397759109,14.25,21
2009/10,CL White,9,13.6,92.1676362852834,15.0,6
2009/10,CL White,10,9.6,107.40573152337863,14.1,4
2009/10,CL White,11,8.4,101.34512546277257,13.181818181818182,13
2009/10,CL White,12,9.0,176.2470862470863,13.166666666666666,4
2011,CL White,13,9.6,192.91375291375294,12.461538461538462,31
2011,CL White,14,11.6,185.40606060606063,13.785714285714286,1
2011,CL White,15,10.6,148.26320346320352,12.933333333333334,31
2011,CL White,16,16.0,159.2257703081233,14.0625,13
2011,CL White,17,16.0,87.00354808590107,14.0,13
2011,CL White,18,17.8,80.3368814192344,13.944444444444445,15
2012,CL White,19,14.6,80.5368814192344,14.0,23
2012,CL White,20,19.0,106.42973856209156,14.45,30
2012,CL White,21,18.8,114.28140096618363,15.19047619047619,65
2012,CL White,22,29.2,131.54427359490992,17.454545454545453,10
2012,CL White,23,28.6,133.76649581713212,17.130434782608695,78
2012,CL White,24,41.2,142.679539295393,19.666666666666668,0
2012,CL White,25,36.6,113.92953929539298,18.88,74
2012,CL White,26,45.4,120.73147166254276,21.0,77
2012,CL White,27,47.8,117.02415458937203,23.074074074074073,45
2012,CL White,28,54.8,130.80193236714982,23.857142857142858,8
2012,CL White,29,40.8,107.55555555555559,23.310344827586206,67
2012,CL White,30,54.2,140.2384823848239,24.766666666666666,1
2012,CL White,31,39.6,112.34959349593501,24.0,1
2013,CL White,32,24.4,88.34959349593501,23.28125,10
2013,CL White,33,17.4,63.46070460704611,22.87878787878788,22
2013,CL White,34,20.2,80.29403794037945,22.852941176470587,4
2013,CL White,35,7.6,57.61111111111116,22.314285714285713,34
2013,CL White,36,14.2,74.5465949820789,22.63888888888889,0
2013,CL White,37,14.0,70.5465949820789,22.027027027027028,16
2013,CL White,38,15.2,73.34852734922866,21.86842105263158,2
2013,CL White,39,11.2,59.18186068256199,21.358974358974358,52
2013,CL White,40,20.8,78.89614639684771,22.125,10
2013,CL White,41,16.0,81.96066252587997,21.829268292682926,43
2013,CL White,42,24.6,117.79399585921331,22.333333333333332,0
2013,CL White,43,21.4,103.88095238095244,21.813953488372093,2
2013,CL White,44,21.4,100.54761904761911,21.363636363636363,31
2014,CM Gautam,5,11.6,121.41025641025647,11.6,22
2014,CM Gautam,6,13.6,115.85470085470092,13.333333333333334,4
2014,CM Gautam,7,14.0,118.52136752136758,12.0,33
2014,CM Gautam,8,14.6,117.4444444444445,14.625,30
2014,CM Gautam,9,19.2,116.79928315412192,16.333333333333332,9
2014,CM Gautam,10,19.6,104.29928315412192,15.6,1
2014,CM Gautam,11,15.4,86.52150537634415,14.272727272727273,8
2015,CM Gautam,12,16.2,86.52150537634415,13.75,4
2016,CR Brathwaite,5,16.4,200.81818181818187,16.4,1
2017,CR Brathwaite,6,15.4,186.81818181818187,13.833333333333334,1
2017,CR Brathwaite,7,8.8,129.00000000000006,12.0,11
2018,CR Brathwaite,8,7.0,99.00000000000006,11.875,3
2018,CR Brathwaite,9,5.2,74.00000000000006,10.88888888888889,43
2018,CR Brathwaite,10,11.8,75.06060606060612,14.1,8
2018,CR Brathwaite,11,13.2,97.06060606060612,13.545454545454545,21
2019,CR Brathwaite,12,17.2,128.06060606060612,14.166666666666666,6
2019,CR Brathwaite,13,16.2,125.20346320346326,13.538461538461538,5
2017,CR Woakes,5,7.4,111.6428571428572,7.4,1
2017,CR Woakes,6,5.8,95.80952380952387,6.333333333333333,8
2018,CR Woakes,7,7.2,102.47619047619052,6.571428571428571,5
2018,CR Woakes,8,7.6,110.47619047619052,6.375,1
2018,CR Woakes,9,4.2,103.3333333333334,5.777777777777778,0
2018,CR Woakes,10,3.0,63.33333333333339,5.2,11
2021,CR Woakes,11,5.0,76.66666666666671,5.7272727272727275,15
2022,CV Varun,5,2.4,56.06060606060612,2.4,10
2022,CV Varun,6,4.2,48.56060606060611,3.6666666666666665,1
2022,CV Varun,7,4.0,58.56060606060612,3.2857142857142856,1
2023,CV Varun,8,2.8,65.8333333333334,3.0,1
2023,CV Varun,9,2.6,55.00000000000007,2.7777777777777777,0
2022,D Brevis,5,24.2,137.03367509683306,24.2,3
2022,D Brevis,6,19.0,118.50735930735937,20.666666666666668,37
2024,D Brevis,7,24.8,125.72661064425776,23.0,46
2024,D Brevis,8,24.2,110.73713696004725,25.875,0
2024,D Brevis,9,18.0,69.4038036267139,23.0,23
2020/21,D Padikkal,5,31.0,107.34149170284904,31.0,63
2020/21,D Padikkal,6,38.6,105.3210313447928,36.333333333333336,4
2020/21,D Padikkal,7,24.6,86.48045163464785,31.714285714285715,35
2020/21,D Padikkal,8,30.6,90.64711830131452,32.125,33
2020/21,D Padikkal,9,27.2,84.75972540045774,32.22222222222222,18
2020/21,D Padikkal,10,30.6,102.45203309276545,30.8,56
2020/21,D Padikkal,11,29.2,100.5152741994848,33.09090909090909,32
2020/21,D Padikkal,12,34.8,115.0080278226732,33.0,22
2020/21,D Padikkal,13,32.2,118.34136115600654,32.15384615384615,54
2020/21,D Padikkal,14,36.4,126.68722581766067,33.714285714285715,1
2021,D Padikkal,15,33.0,102.32825145868631,31.533333333333335,11
2021,D Padikkal,16,24.0,91.54037267080753,30.25,25
2021,D Padikkal,17,22.6,80.95566502463062,29.941176470588236,101
2021,D Padikkal,18,38.4,98.36307243203802,33.888888888888886,34
2021,D Padikkal,19,34.4,112.6487867177523,33.89473684210526,17
2021,D Padikkal,20,37.6,133.60116767013326,33.05,7
2021,D Padikkal,21,36.8,142.26783433679992,31.80952380952381,22
2021,D Padikkal,22,36.2,147.0264550264551,31.363636363636363,40
2021,D Padikkal,23,24.0,129.61904761904768,31.73913043478261,41
2021,D Padikkal,24,25.4,105.09074573225523,32.125,0
2021,D Padikkal,25,22.0,80.80503144654094,30.84,22
2021,D Padikkal,26,25.0,80.62959285004973,30.5,0
2021,D Padikkal,27,20.6,58.62959285004972,29.37037037037037,70
2021,D Padikkal,28,26.6,66.08057324220658,30.821428571428573,21
2022,D Padikkal,29,22.6,72.71413828689379,30.482758620689655,41
2022,D Padikkal,30,30.8,100.04747162022711,30.833333333333332,7
2022,D Padikkal,31,27.8,96.889576883385,30.06451612903226,37
2022,D Padikkal,32,35.2,121.55624355005168,30.28125,29
2022,D Padikkal,33,27.0,112.23026315789483,30.242424242424242,0
2022,D Padikkal,34,22.8,90.12500000000007,29.352941176470587,24
2022,D Padikkal,35,19.4,89.45833333333341,29.2,54
2022,D Padikkal,36,28.8,100.31547619047628,29.88888888888889,7
2022,D Padikkal,37,22.8,93.1488095238096,29.27027027027027,15
2022,D Padikkal,38,20.0,95.0238095238096,28.894736842105264,2
2022,D Padikkal,39,20.4,103.02380952380959,28.205128205128204,31
2022,D Padikkal,40,21.8,94.07142857142864,28.275,48
2022,D Padikkal,41,20.6,94.18202764976965,28.75609756097561,39
2022,D Padikkal,42,27.0,120.01536098310298,29.0,3
2022,D Padikkal,43,24.6,106.68202764976965,28.3953488372093,28
2022,D Padikkal,44,29.8,125.34869431643634,28.386363636363637,9
2022,D Padikkal,45,25.4,122.6344086021506,27.955555555555556,2
2023,D Padikkal,46,16.2,95.66666666666674,27.391304347826086,2
2023,D Padikkal,47,8.8,60.333333333333414,26.851063829787233,21
2023,D Padikkal,48,12.4,69.2222222222223,26.729166666666668,38
2023,D Padikkal,49,14.4,71.78632478632485,26.959183673469386,26
2023,D Padikkal,50,17.8,77.58632478632487,26.94,26
2023,D Padikkal,51,22.6,97.22268842268849,26.92156862745098,52
2023,D Padikkal,52,32.6,118.93697413697421,27.403846153846153,27
2023,D Padikkal,53,33.8,141.95284715284723,27.39622641509434,2
2023,D Padikkal,54,26.6,120.722077922078,26.925925925925927,12
2023,D Padikkal,55,23.8,118.38361638361646,26.654545454545456,4
2023,D Padikkal,56,19.4,114.74725274725283,26.25,51
2024,D Padikkal,57,19.2,119.03296703296712,26.68421052631579,0
2024,D Padikkal,58,13.8,80.46153846153854,26.224137931034484,9
2024,D Padikkal,59,15.2,102.46153846153854,25.93220338983051,6
2024,D Padikkal,60,14.0,92.57142857142864,25.6,7
2024,D Padikkal,61,14.6,92.57142857142864,25.295081967213115,3
2024,D Padikkal,62,5.0,65.23809523809533,24.93548387096774,13
2024,D Padikkal,63,7.6,78.23809523809533,24.746031746031747,0
2015,D Wiese,5,21.2,129.2111111111112,21.2,4
2015,D Wiese,6,12.6,107.6111111111112,18.333333333333332,12
2016,D Wiese,7,10.6,115.6111111111112,17.428571428571427,5
2023,D Wiese,8,9.4,116.16666666666674,15.875,1
2023,D Wiese,9,7.8,103.66666666666674,14.222222222222221,12
2023,D Wiese,10,6.8,161.00000000000006,14.0,8
2012,DA Miller,5,18.8,127.87301587301594,18.8,4
2013,DA Miller,6,18.0,127.87301587301594,16.333333333333332,20
2013,DA Miller,7,21.0,131.40242763772181,16.857142857142858,80
2013,DA Miller,8,30.2,129.49766573295992,24.75,44
2013,DA Miller,9,35.2,140.83099906629323,26.88888888888889,10
2013,DA Miller,10,31.6,134.71988795518214,25.2,56
2013,DA Miller,11,42.0,155.29131652661073,28.0,51
2013,DA Miller,12,48.2,170.99267399267404,29.916666666666668,2
2013,DA Miller,13,32.6,142.89743589743597,27.76923076923077,8
2013,DA Miller,14,25.4,120.77622377622383,26.357142857142858,6
2013,DA Miller,15,24.6,112.91908091908098,25.0,34
2013,DA Miller,16,20.2,98.35497835497843,25.5625,101
2013,DA Miller,17,30.2,110.91908091908098,30.0,6
2014,DA Miller,18,31.0,124.91908091908098,28.666666666666668,54
2014,DA Miller,19,40.2,139.56281556281564,30.0,51
2014,DA Miller,20,49.2,173.4199584199585,31.05,10
2014,DA Miller,21,44.4,175.98406098406105,30.047619047619047,14
2014,DA Miller,22,27.0,152.18918918918925,29.318181818181817,26
2014,DA Miller,23,31.0,151.8255528255529,29.17391304347826,16
2014,DA Miller,24,23.4,149.30303030303037,28.625,47
2014,DA Miller,25,22.6,126.78787878787887,29.36,66
2014,DA Miller,26,33.8,150.78787878787887,30.76923076923077,13
2014,DA Miller,27,33.6,141.35930735930745,30.11111111111111,24
2014,DA Miller,28,33.2,137.72294372294382,29.892857142857142,2
2014,DA Miller,29,30.4,117.7229437229438,28.93103448275862,29
2014,DA Miller,30,26.8,118.23809523809533,28.933333333333334,47
2014,DA Miller,31,23.0,99.64350064350073,29.516129032258064,8
2014,DA Miller,32,22.0,94.40540540540549,28.84375,38
2014,DA Miller,33,24.8,114.40540540540549,29.12121212121212,1
2015,DA Miller,34,24.6,127.73873873873882,28.294117647058822,23
2015,DA Miller,35,23.4,119.64782964782971,28.142857142857142,24
2015,DA Miller,36,18.8,114.24242424242432,28.02777777777778,5
2015,DA Miller,37,18.2,113.40909090909099,27.405405405405407,54
2015,DA Miller,38,21.4,108.24780058651035,28.105263157894736,3
2015,DA Miller,39,21.8,94.91446725317701,27.46153846153846,15
2015,DA Miller,40,20.2,95.43394777265753,27.15,42
2015,DA Miller,41,23.8,95.43394777265753,27.51219512195122,43
2015,DA Miller,42,31.4,105.56552672002594,27.88095238095238,7
2015,DA Miller,43,22.0,84.7268170426066,27.3953488372093,27
2015,DA Miller,44,26.8,127.15105946684903,27.386363636363637,89
2015,DA Miller,45,41.6,145.27804359383316,28.755555555555556,14
2015,DA Miller,46,36.0,181.27804359383316,28.434782608695652,11
2016,DA Miller,47,29.6,173.31313131313138,28.06382978723404,15
2016,DA Miller,48,31.2,186.58585858585866,27.791666666666668,9
2016,DA Miller,49,27.6,155.49494949494957,27.408163265306122,7
2016,DA Miller,50,11.2,139.27272727272734,27.0,6
2016,DA Miller,51,9.6,100.41558441558448,26.58823529411765,9
2016,DA Miller,52,9.2,102.1125541125542,26.25,30
2016,DA Miller,53,12.2,106.41877420824797,26.32075471698113,31
2016,DA Miller,54,16.6,111.38173717121091,26.40740740740741,13
2016,DA Miller,55,17.8,102.49284828232203,26.163636363636364,11
2016,DA Miller,56,18.8,116.77856256803634,25.892857142857142,0
2016,DA Miller,57,17.0,100.41492620439996,25.43859649122807,20
2016,DA Miller,58,15.0,113.28042328042334,25.344827586206897,3
2016,DA Miller,59,9.4,97.81746031746039,24.966101694915253,7
2017,DA Miller,60,8.2,111.37301587301594,24.666666666666668,30
2017,DA Miller,61,12.0,102.16666666666674,24.75409836065574,28
2017,DA Miller,62,17.6,130.16666666666674,24.806451612903224,24
2017,DA Miller,63,18.4,102.27394636015333,24.793650793650794,1
2018,DA Miller,64,18.0,98.10727969348666,24.421875,24
2018,DA Miller,65,21.4,90.97684491087796,24.415384615384614,26
2018,DA Miller,66,20.6,94.75462268865574,24.439393939393938,24
2019,DA Miller,67,19.8,87.62418790604706,24.432835820895523,59
2019,DA Miller,68,26.8,99.85295157299406,24.941176470588236,15
2019,DA Miller,69,29.6,119.59654131658381,24.797101449275363,43
2019,DA Miller,70,33.4,124.78758215979856,25.057142857142857,6
2019,DA Miller,71,29.4,122.78758215979856,24.788732394366196,1
2019,DA Miller,72,24.8,108.5846836090739,24.458333333333332,7
2019,DA Miller,73,14.4,95.35975135975143,24.21917808219178,40
2019,DA Miller,74,19.4,100.85425685425693,24.43243243243243,7
2019,DA Miller,75,12.2,102.79365079365087,24.2,24
2019,DA Miller,76,15.8,97.25518925518932,24.19736842105263,11
2021,DA Miller,77,17.8,110.58852258852266,24.025974025974026,62
2021,DA Miller,78,28.8,123.87017633529267,24.512820512820515,2
2021,DA Miller,79,21.2,103.2987477638641,24.227848101265824,0
2021,DA Miller,80,19.8,75.2987477638641,23.925,24
2021,DA Miller,81,19.8,76.03720930232564,23.925925925925927,7
2021,DA Miller,82,19.0,91.03720930232564,23.71951219512195,7
2021,DA Miller,83,8.0,108.86666666666675,23.518072289156628,15
2021,DA Miller,84,10.6,113.9101449275363,23.416666666666668,7
2022,DA Miller,85,12.0,127.9101449275363,23.223529411764705,30
2022,DA Miller,86,13.2,137.28157349896486,23.302325581395348,20
2022,DA Miller,87,15.8,128.94824016563152,23.264367816091955,6
2022,DA Miller,88,15.6,106.28157349896487,23.068181818181817,12
2022,DA Miller,89,15.0,108.2380952380953,22.9438202247191,31
2022,DA Miller,90,19.8,138.52380952380958,23.033333333333335,94
2022,DA Miller,91,32.6,146.10622710622715,23.813186813186814,27
2022,DA Miller,92,34.0,146.4395604395605,23.847826086956523,17
2022,DA Miller,93,36.2,139.4395604395605,23.774193548387096,39
2022,DA Miller,94,41.6,154.4395604395605,23.93617021276596,11
2022,DA Miller,95,37.6,125.86813186813194,23.8,19
2022,DA Miller,96,22.6,116.85714285714293,23.75,26
2022,DA Miller,97,22.4,109.85714285714293,23.77319587628866,15
2022,DA Miller,98,22.0,107.1428571428572,23.683673469387756,34
2022,DA Miller,99,21.0,103.29670329670337,23.78787878787879,68
2022,DA Miller,100,32.4,123.37189126662818,24.23,32
2023,DA Miller,101,35.0,128.22903412377104,24.306930693069308,31
2023,DA Miller,102,36.0,142.67347856821547,24.372549019607842,2
2023,DA Miller,103,33.4,141.7210976158345,24.155339805825243,17
2023,DA Miller,104,30.0,134.45614035087726,24.08653846153846,46
2023,DA Miller,105,25.6,128.34408602150543,24.295238095238094,6
2023,DA Miller,106,20.4,106.34408602150543,24.12264150943396,46
2023,DA Miller,107,23.4,111.89964157706099,24.327102803738317,32
2023,DA Miller,108,29.4,134.1218637992832,24.39814814814815,0
2023,DA Miller,109,26.0,115.23297491039435,24.174311926605505,21
2023,DA Miller,110,21.0,120.55555555555561,24.145454545454545,41
2023,DA Miller,111,28.0,142.09401709401715,24.2972972972973,7
2023,DA Miller,112,20.2,130.09401709401715,24.142857142857142,6
2023,DA Miller,113,15.0,109.53846153846162,23.98230088495575,4
2024,DA Miller,114,15.8,120.96703296703303,23.80701754385965,12
2024,DA Miller,115,14.0,107.78521478521483,23.704347826086956,21
2024,DA Miller,116,10.0,100.95263559969449,23.68103448275862,44
2024,DA Miller,117,17.4,103.29746318590136,23.854700854700855,2
2024,DA Miller,118,16.6,94.96412985256805,23.66949152542373,4
2024,DA Miller,119,16.6,94.96412985256805,23.50420168067227,55
2024,DA Miller,120,25.2,120.97203499090797,23.766666666666666,26
2024,DA Miller,121,26.2,119.90251627433045,23.785123966942148,30
2024,DA Miller,122,23.4,118.12911725955212,23.83606557377049,16
2009,DA Warner,5,29.6,110.15791925465844,29.6,15
2009,DA Warner,6,22.4,117.9912525879918,27.166666666666668,0
2009/10,DA Warner,7,15.2,86.68690476190484,23.285714285714285,6
2009/10,DA Warner,8,12.2,88.56190476190484,21.125,57
2009/10,DA Warner,9,16.4,94.30735930735938,25.11111111111111,33
2009/10,DA Warner,10,22.2,126.87878787878795,25.9,107
2009/10,DA Warner,11,40.6,123.26767676767686,33.27272727272727,4
2009/10,DA Warner,12,41.4,133.26767676767685,30.833333333333332,33
2009/10,DA Warner,13,46.8,148.26767676767685,31.0,0
2009/10,DA Warner,14,35.4,113.72222222222231,28.785714285714285,6
2009/10,DA Warner,15,30.0,80.6313131313132,27.266666666666666,31
2009/10,DA Warner,16,14.8,92.24242424242432,27.5,0
2009/10,DA Warner,17,14.0,82.24242424242432,25.88235294117647,5
2011,DA Warner,18,8.4,77.24242424242432,24.72222222222222,1
2011,DA Warner,19,8.6,83.90909090909098,23.473684210526315,54
2011,DA Warner,20,18.2,97.54545454545462,25.0,46
2011,DA Warner,21,21.2,89.06926406926414,26.0,51
2011,DA Warner,22,31.4,110.31926406926414,27.136363636363637,77
2011,DA Warner,23,45.8,116.11926406926413,29.304347826086957,7
2011,DA Warner,24,47.0,121.11926406926413,28.375,2
2011,DA Warner,25,36.6,102.2880952380953,27.32,3
2011,DA Warner,26,28.0,76.93095238095245,26.384615384615383,13
2011,DA Warner,27,20.4,73.01428571428579,25.88888888888889,1
2011,DA Warner,28,5.2,52.21428571428578,25.0,21
2011,DA Warner,29,8.0,57.34761904761912,24.862068965517242,29
2011,DA Warner,30,13.4,71.63333333333341,25.0,19
2012,DA Warner,31,16.6,102.13333333333341,24.806451612903224,109
2012,DA Warner,32,35.8,124.4363636363637,27.4375,21
2012,DA Warner,33,39.8,136.54162679425843,27.242424242424242,8
2012,DA Warner,34,37.2,137.51940457203622,26.676470588235293,14
2012,DA Warner,35,34.2,148.63051568314734,26.314285714285713,15
2012,DA Warner,36,33.4,143.96384901648065,26.0,79
2012,DA Warner,37,27.4,138.67531146707356,27.43243243243243,7
2012,DA Warner,38,24.6,136.57004830917882,26.894736842105264,3
2013,DA Warner,39,23.6,127.3636991028296,26.28205128205128,21
2013,DA Warner,40,25.0,117.2525879917185,26.15,77
2013,DA Warner,41,37.4,110.47097879631619,27.390243902439025,61
2013,DA Warner,42,33.8,108.22841586725443,28.19047619047619,0
2013,DA Warner,43,32.4,88.22841586725443,27.53488372093023,15
2013,DA Warner,44,34.8,99.65698729582584,27.25,1
2013,DA Warner,45,30.8,83.65698729582584,26.666666666666668,7
2013,DA Warner,46,16.8,80.43859649122814,26.23913043478261,0
2013,DA Warner,47,4.6,48.33333333333341,25.680851063829788,51
2013,DA Warner,48,14.8,89.13333333333341,26.208333333333332,66
2013,DA Warner,49,25.0,100.56190476190484,27.020408163265305,8
2013,DA Warner,50,26.4,106.22857142857148,26.64,13
2013,DA Warner,51,27.6,97.3396825396826,26.372549019607842,4
2013,DA Warner,52,28.4,110.67301587301594,25.942307692307693,40
2013,DA Warner,53,26.2,92.09523809523816,26.20754716981132,44
2013,DA Warner,54,21.8,83.23076923076931,26.537037037037038,2
2014,DA Warner,55,20.6,79.2307692307693,26.09090909090909,32
2014,DA Warner,56,24.4,83.07203907203913,26.196428571428573,8
2014,DA Warner,57,25.2,83.07203907203913,25.87719298245614,58
2014,DA Warner,58,28.8,86.6275946275947,26.43103448275862,0
2014,DA Warner,59,20.0,64.06349206349213,25.983050847457626,65
2014,DA Warner,60,32.6,81.92512728361791,26.633333333333333,61
2014,DA Warner,61,38.4,87.5609816253546,27.19672131147541,6
2014,DA Warner,62,38.0,91.37050543487842,26.85483870967742,12
2014,DA Warner,63,28.8,87.41090947528245,26.61904761904762,55
2014,DA Warner,64,39.8,121.78590947528247,27.0625,44
2014,DA Warner,65,35.6,133.92427425515666,27.323076923076922,34
2014,DA Warner,66,30.2,147.78048340548347,27.424242424242426,59
2014,DA Warner,67,40.8,155.74400924134972,27.895522388059703,90
2014,DA Warner,68,56.4,173.0562622057766,28.808823529411764,4
2015,DA Warner,69,46.2,165.34792887244325,28.44927536231884,53
2015,DA Warner,70,48.0,153.3324249964743,28.8,57
2015,DA Warner,71,52.6,156.2689329329822,29.197183098591548,21
2015,DA Warner,72,45.0,159.16254995425882,29.083333333333332,28
2015,DA Warner,73,32.6,146.6987818383168,29.068493150684933,91
2015,DA Warner,74,50.0,153.12302426255923,29.905405405405407,9
2015,DA Warner,75,41.2,154.18614718614725,29.626666666666665,58
2015,DA Warner,76,41.4,141.76454439869082,30.0,61
2015,DA Warner,77,49.4,157.33597297011937,30.4025974025974,4
2015,DA Warner,78,44.6,150.66930630345274,30.064102564102566,24
2015,DA Warner,79,31.2,142.84155510728047,29.9873417721519,17
2015,DA Warner,80,32.8,138.37726939299472,29.825,81
2015,DA Warner,81,37.4,140.0845864661655,30.45679012345679,52
2015,DA Warner,82,35.6,129.0131578947369,30.71951219512195,6
2016,DA Warner,83,36.0,133.0131578947369,30.42168674698795,58
2016,DA Warner,84,42.8,152.3653846153847,30.75,13
2016,DA Warner,85,42.0,149.68681318681325,30.541176470588237,90
2016,DA Warner,86,43.8,149.19500990812475,31.232558139534884,74
2016,DA Warner,87,48.2,146.29500990812474,31.724137931034484,59
2016,DA Warner,88,58.8,159.17000990812474,32.03409090909091,0
2016,DA Warner,89,47.2,114.55462529274011,31.674157303370787,92
2016,DA Warner,90,63.0,131.36781210592693,32.34444444444444,24
2016,DA Warner,91,49.8,128.52628205128212,32.252747252747255,48
2016,DA Warner,92,44.6,126.35485347985355,32.42391304347826,11
2016,DA Warner,93,35.0,104.1465201465202,32.193548387096776,46
2016,DA Warner,94,44.2,133.82393950135892,32.340425531914896,52
2016,DA Warner,95,36.2,123.2012288786483,32.54736842105263,73
2016,DA Warner,96,46.0,122.60599078341019,32.96875,18
2016,DA Warner,97,40.0,117.67741935483878,32.81443298969072,28
2016,DA Warner,98,43.4,122.32109751575831,32.765306122448976,93
2016,DA Warner,99,52.8,124.16910188973316,33.37373737373738,69
2017,DA Warner,100,56.2,134.79181251244378,33.73,14
2017,DA Warner,101,44.4,139.83149505212631,33.53465346534654,76
2017,DA Warner,102,56.0,149.6719205840412,33.950980392156865,49
2017,DA Warner,103,60.2,159.1851051682197,34.09708737864078,26
2017,DA Warner,104,46.8,144.43387498779325,34.01923076923077,70
2017,DA Warner,105,47.0,133.6106631119498,34.36190476190476,4
2017,DA Warner,106,45.0,113.92812342941014,34.075471698113205,43
2017,DA Warner,107,38.4,102.06388837368571,34.1588785046729,51
2017,DA Warner,108,38.8,111.01813673969878,34.31481481481482,126
2017,DA Warner,109,58.8,136.24394319131167,35.15596330275229,30
2017,DA Warner,110,50.8,140.25396825396834,35.10909090909091,40
2017,DA Warner,111,58.0,152.35480859010278,35.153153153153156,6
2017,DA Warner,112,50.6,151.8786181139123,34.892857142857146,69
2017,DA Warner,113,54.2,140.63930187459604,35.19469026548673,37
2019,DA Warner,114,36.4,119.78215901745321,35.21052631578947,85
2019,DA Warner,115,47.4,122.11982135511553,35.643478260869564,69
2019,DA Warner,116,53.2,134.90619906409387,35.93103448275862,100
2019,DA Warner,117,72.0,151.26983542773024,36.47863247863248,10
2019,DA Warner,118,60.2,135.8424850003798,36.25423728813559,15
2019,DA Warner,119,55.8,136.1281992860941,36.075630252100844,70
2019,DA Warner,120,52.8,127.44133059922542,36.358333333333334,51
2019,DA Warner,121,49.2,112.82766878511566,36.47933884297521,50
2019,DA Warner,122,39.2,114.92557088301776,36.59016393442623,67
2019,DA Warner,123,50.6,138.17343413088102,36.83739837398374,57
2019,DA Warner,124,59.0,141.00018185124577,37.0,37
2019,DA Warner,125,52.4,141.20220205326592,37.0,81
2020/21,DA Warner,126,58.4,146.0574514428718,37.34920634920635,85
2020/21,DA Warner,127,65.4,135.46476544034974,37.724409448818896,35
2020/21,DA Warner,128,59.0,134.43912441470871,37.703125,8
2020/21,DA Warner,129,49.2,136.8504719324392,37.47286821705426,48
2020/21,DA Warner,130,51.4,139.68938740293362,37.55384615384615,47
2020/21,DA Warner,131,44.6,139.98915321089618,37.62595419847328,28
2020/21,DA Warner,132,33.2,130.78696741854642,37.553030303030305,4
2020/21,DA Warner,133,27.0,117.4536340852131,37.30075187969925,66
2020/21,DA Warner,134,38.6,129.61049683031112,37.514925373134325,9
2020/21,DA Warner,135,30.8,118.19349278172812,37.303703703703704,45
2020/21,DA Warner,136,30.4,118.60907719731256,37.36029411764706,6
2020/21,DA Warner,137,26.0,119.94241053064589,37.13138686131387,60
2020/21,DA Warner,138,37.2,124.94241053064589,37.29710144927536,52
2020/21,DA Warner,139,34.4,110.88078588078595,37.402877697841724,36
2020/21,DA Warner,140,39.8,121.0346320346321,37.392857142857146,17
2020/21,DA Warner,141,34.2,112.6507936507937,37.248226950354606,2
2021,DA Warner,142,33.4,102.6507936507937,37.0,3
2021,DA Warner,143,22.0,92.6507936507937,36.76223776223776,54
2021,DA Warner,144,22.4,95.58119658119665,36.88194444444444,36
2021,DA Warner,145,22.4,92.15262515262522,36.87586206896552,37
2021,DA Warner,146,26.4,92.23809523809531,36.87671232876713,8
2021,DA Warner,147,27.6,96.78354978354984,36.68027210884354,57
2021,DA Warner,148,38.4,101.78354978354984,36.817567567567565,0
2021,DA Warner,149,27.6,74.09124209124215,36.57046979865772,2
2022,DA Warner,150,20.8,66.85314685314691,36.34,4
2022,DA Warner,151,14.2,54.545454545454604,36.12582781456954,61
2022,DA Warner,152,24.8,67.11111111111117,36.28947368421053,66
2022,DA Warner,153,26.6,80.11111111111117,36.48366013071895,60
2022,DA Warner,154,38.6,116.47474747474755,36.63636363636363,28
2022,DA Warner,155,43.8,143.14141414141423,36.58064516129032,42
2022,DA Warner,156,51.4,167.58585858585866,36.61538461538461,3
2022,DA Warner,157,39.8,155.47474747474755,36.40127388535032,92
2022,DA Warner,158,45.0,151.68109668109676,36.75316455696203,19
2022,DA Warner,159,36.8,146.98412698412704,36.64150943396226,52
2022,DA Warner,160,41.6,130.62049062049067,36.7375,0
2022,DA Warner,161,33.2,99.50937950937957,36.50931677018634,5
2023,DA Warner,162,33.6,101.17604617604624,36.31481481481482,56
2023,DA Warner,163,26.4,93.93048128342252,36.43558282208589,37
2023,DA Warner,164,30.0,82.81937017231144,36.4390243902439,65
2023,DA Warner,165,32.6,81.21690484103253,36.61212121212121,51
2023,DA Warner,166,42.8,102.919032500607,36.69879518072289,19
2023,DA Warner,167,45.6,115.48313506470956,36.59281437125748,57
2023,DA Warner,168,45.8,120.66520789384121,36.714285714285715,21
2023,DA Warner,169,42.6,121.10965233828566,36.62130177514793,0
2023,DA Warner,170,29.6,99.07575403320091,36.40588235294118,2
2023,DA Warner,171,19.8,97.37362637362644,36.2046783625731,22
2023,DA Warner,172,20.4,99.57142857142864,36.122093023255815,0
2023,DA Warner,173,9.0,72.4285714285715,35.91329479768786,54
2023,DA Warner,174,15.6,91.4285714285715,36.01724137931034,46
2023,DA Warner,175,24.8,121.10599078341019,36.074285714285715,86
2024,DA Warner,176,41.6,129.77265745007688,36.35795454545455,29
2024,DA Warner,177,43.0,124.70772238514182,36.31638418079096,49
2024,DA Warner,178,52.8,153.53125179690653,36.3876404494382,52
2024,DA Warner,179,52.4,143.24553751119225,36.47486033519553,18
2024,DA Warner,180,46.8,139.28240387063926,36.37222222222222,10
2024,DA Warner,181,31.6,135.61573720397257,36.226519337016576,8
2024,DA Warner,182,27.4,127.02987861811398,36.07142857142857,1
2024,DA Warner,183,17.8,101.53968253968262,35.87978142076503,1
2007/08,DB Das,5,20.6,104.91712454212461,20.6,0
2012,DB Das,6,14.8,77.29807692307699,17.166666666666668,18
2012,DB Das,7,16.2,96.37500000000007,17.285714285714285,12
2012,DB Das,8,17.6,101.01785714285721,16.625,35
2012,DB Das,9,19.2,114.57763975155288,18.666666666666668,9
2012,DB Das,10,14.8,106.07763975155288,17.7,11
2012,DB Das,11,17.0,161.07763975155288,17.09090909090909,15
2012,DB Das,12,16.4,140.8671134357634,16.916666666666668,1
2012,DB Das,13,14.2,130.39092295957295,15.692307692307692,4
2012,DB Das,14,8.0,179.9561403508773,14.857142857142858,19
2012,DB Das,15,10.0,192.00159489633182,15.133333333333333,2
2013,DB Das,16,8.2,150.33492822966514,14.3125,1
2013,DB Das,17,5.4,141.2121212121213,13.529411764705882,19
2013,DB Das,18,9.0,159.87878787878793,13.833333333333334,6
2013,DB Das,19,9.4,97.0216450216451,13.421052631578947,18
2013,DB Das,20,9.2,75.3333333333334,13.65,23
2013,DB Das,21,13.4,89.05882352941185,14.095238095238095,8
2007/08,DB Ravi Teja,5,13.8,126.97883597883606,13.8,40
2009,DB Ravi Teja,6,20.4,132.7852875917393,18.166666666666668,8
2009,DB Ravi Teja,7,20.8,149.7852875917393,16.714285714285715,9
2009,DB Ravi Teja,8,20.6,141.2138590203107,15.75,4
2009,DB Ravi Teja,9,19.6,125.21385902031071,14.444444444444445,7
2009,DB Ravi Teja,10,13.6,144.47311827956997,13.7,27
2009,DB Ravi Teja,11,11.0,134.0952380952382,14.909090909090908,10
2011,DB Ravi Teja,12,11.4,115.42857142857152,14.5,28
2011,DB Ravi Teja,13,15.2,123.42857142857152,15.538461538461538,14
2011,DB Ravi Teja,14,17.2,131.4285714285715,15.428571428571429,10
2011,DB Ravi Teja,15,17.8,113.33333333333341,15.066666666666666,1
2011,DB Ravi Teja,16,12.6,102.90476190476197,14.1875,8
2011,DB Ravi Teja,17,12.2,121.57142857142864,13.823529411764707,30
2011,DB Ravi Teja,18,12.6,120.84415584415592,14.722222222222221,2
2011,DB Ravi Teja,19,10.2,97.28860028860036,14.052631578947368,30
2011,DB Ravi Teja,20,14.2,90.14574314574322,14.85,60
2012,DB Ravi Teja,21,26.0,113.7171717171718,17.0,0
2012,DB Ravi Teja,22,24.4,81.7171717171718,16.227272727272727,4
2013,DB Ravi Teja,23,19.2,94.44444444444453,15.695652173913043,4
2013,DB Ravi Teja,24,19.6,110.00000000000009,15.208333333333334,10
2012,DH Yagnik,5,5.0,116.57142857142864,5.0,10
2012,DH Yagnik,6,5.0,125.14285714285722,5.833333333333333,6
2013,DH Yagnik,7,6.0,135.14285714285722,5.857142857142857,16
2013,DH Yagnik,8,8.6,155.66233766233773,7.125,12
2013,DH Yagnik,9,10.6,177.66233766233773,7.666666666666667,34
2013,DH Yagnik,10,15.6,143.8161838161839,10.3,5
2013,DH Yagnik,11,14.6,140.24475524475534,9.818181818181818,7
2013,DH Yagnik,12,14.8,127.74475524475534,9.583333333333334,10
2013,DH Yagnik,13,13.6,131.9871794871796,9.615384615384615,10
2013,DH Yagnik,14,13.2,116.27289377289385,9.642857142857142,0
2013,DH Yagnik,15,6.4,90.1190476190477,9.0,31
2014,DH Yagnik,16,11.6,99.56349206349215,10.375,4
2007/08,DJ Bravo,5,29.4,121.07310620074225,29.4,1
2007/08,DJ Bravo,6,24.8,96.17114541642852,24.666666666666668,30
2009,DJ Bravo,7,26.2,110.55617215439642,25.428571428571427,5
2009,DJ Bravo,8,20.4,97.77839437661865,22.875,21
2009,DJ Bravo,9,11.8,96.96078431372555,22.666666666666668,3
2009,DJ Bravo,10,12.0,98.96078431372557,20.7,15
2009,DJ Bravo,11,14.8,109.26381461675587,20.181818181818183,50
2009,DJ Bravo,12,18.8,98.96969696969704,22.666666666666668,13
2009,DJ Bravo,13,20.4,90.21969696969704,21.923076923076923,35
2009,DJ Bravo,14,23.2,88.09848484848493,22.857142857142858,70
2009,DJ Bravo,15,36.6,98.67913000977526,26.0,1
2009,DJ Bravo,16,33.8,91.70943304007828,24.4375,5
2009/10,DJ Bravo,17,24.8,79.20943304007828,23.294117647058822,9
2009/10,DJ Bravo,18,24.0,107.95943304007828,22.5,1
2009/10,DJ Bravo,19,17.2,96.74731182795708,21.36842105263158,11
2009/10,DJ Bravo,20,5.4,105.59523809523816,20.85,23
2009/10,DJ Bravo,21,9.8,127.67857142857152,20.952380952380953,8
2009/10,DJ Bravo,22,10.4,155.1785714285715,20.363636363636363,2
2009/10,DJ Bravo,23,9.0,115.17857142857152,19.565217391304348,2
2009/10,DJ Bravo,24,9.2,118.51190476190484,18.833333333333332,5
2011,DJ Bravo,25,8.0,98.19444444444453,18.28,5
2011,DJ Bravo,26,4.4,89.44444444444453,17.76923076923077,6
2012,DJ Bravo,27,4.0,169.4444444444445,17.333333333333332,19
2012,DJ Bravo,28,7.4,184.4444444444445,17.392857142857142,43
2012,DJ Bravo,29,15.6,216.37426900584805,18.275862068965516,22
2012,DJ Bravo,30,19.0,219.4567062818337,18.4,25
2012,DJ Bravo,31,23.0,232.79003961516705,18.612903225806452,5
2012,DJ Bravo,32,22.8,162.79003961516705,18.1875,12
2012,DJ Bravo,33,21.4,172.79003961516705,18.0,16
2012,DJ Bravo,34,16.0,159.52688172043023,17.941176470588236,30
2012,DJ Bravo,35,17.6,171.42028985507255,18.285714285714285,12
2012,DJ Bravo,36,15.0,155.22981366459638,18.11111111111111,12
2012,DJ Bravo,37,16.4,165.22981366459635,17.945945945945947,40
2012,DJ Bravo,38,22.0,158.75922542930223,18.526315789473685,10
2012,DJ Bravo,39,20.8,140.0925587626356,18.307692307692307,11
2012,DJ Bravo,40,17.0,145.43417366946787,18.125,48
2012,DJ Bravo,41,24.2,150.61689792195958,18.853658536585368,33
2012,DJ Bravo,42,28.4,134.61689792195958,19.19047619047619,33
2013,DJ Bravo,43,27.0,166.0874861572537,19.511627906976745,10
2013,DJ Bravo,44,27.0,164.5188587062733,19.295454545454547,8
2013,DJ Bravo,45,26.4,173.09028727770186,19.044444444444444,1
2013,DJ Bravo,46,17.0,154.764705882353,18.652173913043477,3
2013,DJ Bravo,47,11.0,130.764705882353,18.319148936170212,7
2013,DJ Bravo,48,5.8,110.76470588235301,18.083333333333332,15
2013,DJ Bravo,49,6.8,132.33333333333343,18.020408163265305,7
2013,DJ Bravo,50,6.6,101.08333333333343,17.8,9
2013,DJ Bravo,51,8.2,122.79761904761915,17.627450980392158,23
2013,DJ Bravo,52,12.2,144.61580086580096,17.73076923076923,12
2013,DJ Bravo,53,13.2,139.61580086580096,17.62264150943396,11
2013,DJ Bravo,54,12.4,128.28246753246762,17.5,15
2014,DJ Bravo,55,14.0,136.19913419913428,17.454545454545453,8
2015,DJ Bravo,56,13.8,163.8181818181819,17.285714285714285,1
2015,DJ Bravo,57,9.4,128.66666666666677,17.0,30
2015,DJ Bravo,58,13.0,117.41666666666677,17.224137931034484,13
2015,DJ Bravo,59,13.4,147.41666666666674,17.152542372881356,62
2015,DJ Bravo,60,22.8,163.3815789473685,17.9,5
2015,DJ Bravo,61,22.2,135.04824561403518,17.688524590163933,5
2015,DJ Bravo,62,23.0,142.6672932330828,17.483870967741936,25
2015,DJ Bravo,63,22.0,147.7268170426066,17.603174603174605,2
2015,DJ Bravo,64,19.8,109.06015037593993,17.359375,15
2015,DJ Bravo,65,10.4,113.92857142857152,17.323076923076922,8
2015,DJ Bravo,66,11.0,108.92857142857152,17.181818181818183,20
2015,DJ Bravo,67,14.0,121.3095238095239,17.223880597014926,0
2015,DJ Bravo,68,9.0,97.50000000000009,16.970588235294116,9
2016,DJ Bravo,69,10.4,114.16666666666674,16.855072463768117,2
2016,DJ Bravo,70,7.8,96.66666666666676,16.642857142857142,22
2016,DJ Bravo,71,10.6,120.66666666666677,16.718309859154928,2
2016,DJ Bravo,72,7.0,100.66666666666677,16.51388888888889,8
2016,DJ Bravo,73,8.6,114.00000000000009,16.397260273972602,4
2016,DJ Bravo,74,7.6,164.00000000000009,16.22972972972973,7
2016,DJ Bravo,75,8.6,164.00000000000009,16.106666666666666,7
2016,DJ Bravo,76,5.6,140.00000000000009,15.986842105263158,0
2016,DJ Bravo,77,5.2,133.33333333333343,15.779220779220779,18
2016,DJ Bravo,78,7.2,136.36363636363646,15.807692307692308,1
2016,DJ Bravo,79,6.6,66.36363636363646,15.620253164556962,8
2016,DJ Bravo,80,6.8,69.2207792207793,15.525,20
2018,DJ Bravo,81,9.4,85.58441558441567,15.580246913580247,68
2018,DJ Bravo,82,23.0,130.917748917749,16.21951219512195,11
2018,DJ Bravo,83,21.6,158.55411255411263,16.156626506024097,1
2018,DJ Bravo,84,21.6,168.55411255411263,15.976190476190476,24
2018,DJ Bravo,85,24.8,172.36363636363643,16.070588235294117,14
2018,DJ Bravo,86,23.6,176.00000000000009,16.046511627906977,0
2018,DJ Bravo,87,10.0,130.66666666666674,15.862068965517242,14
2018,DJ Bravo,88,10.6,103.13725490196086,15.840909090909092,1
2018,DJ Bravo,89,10.6,103.13725490196086,15.674157303370787,1
2018,DJ Bravo,90,6.0,86.47058823529422,15.511111111111111,7
2019,DJ Bravo,91,4.6,59.197860962566935,15.417582417582418,4
2019,DJ Bravo,92,5.4,85.86452762923359,15.293478260869565,27
2019,DJ Bravo,93,8.0,101.15864527629242,15.419354838709678,8
2019,DJ Bravo,94,9.4,97.15864527629242,15.340425531914894,5
2019,DJ Bravo,95,10.2,112.15864527629242,15.23157894736842,20
2019,DJ Bravo,96,12.8,122.96078431372557,15.28125,1
2019,DJ Bravo,97,12.2,116.29411764705893,15.1340206185567,0
2019,DJ Bravo,98,6.8,84.52941176470597,14.979591836734693,15
2020/21,DJ Bravo,99,8.2,88.52941176470597,14.97979797979798,7
2020/21,DJ Bravo,100,8.6,91.52941176470597,14.9,0
2021,DJ Bravo,101,4.6,68.00000000000009,14.752475247524753,20
2021,DJ Bravo,102,8.4,88.00000000000009,14.803921568627452,4
2021,DJ Bravo,103,9.2,114.66666666666674,14.699029126213592,23
2022,DJ Bravo,104,10.8,145.77777777777789,14.778846153846153,1
2022,DJ Bravo,105,9.6,137.77777777777789,14.647619047619047,0
2022,DJ Bravo,106,9.6,137.77777777777789,14.50943396226415,8
2022,DJ Bravo,107,7.2,124.44444444444453,14.448598130841122,1
2022,DJ Bravo,108,6.6,117.77777777777787,14.324074074074074,1
2022,DJ Bravo,109,2.2,86.66666666666676,14.20183486238532,12
2015,DJ Hooda,5,23.4,190.7936507936509,23.4,1
2015,DJ Hooda,6,17.6,160.7936507936509,19.666666666666668,7
2015,DJ Hooda,7,8.2,137.77777777777786,17.857142857142858,15
2015,DJ Hooda,8,8.6,94.2063492063493,17.5,11
2016,DJ Hooda,9,7.0,67.6984126984128,16.77777777777778,6
2016,DJ Hooda,10,8.0,79.84126984126993,15.7,6
2016,DJ Hooda,11,9.0,80.75036075036084,14.818181818181818,17
2016,DJ Hooda,12,11.0,102.97258297258307,15.0,5
2016,DJ Hooda,13,9.0,95.82972582972592,14.23076923076923,1
2016,DJ Hooda,14,7.0,82.33766233766242,13.285714285714286,2
2016,DJ Hooda,15,6.2,78.52813852813861,12.533333333333333,18
2016,DJ Hooda,16,8.6,97.6190476190477,12.875,14
2016,DJ Hooda,17,8.0,115.84126984126992,12.941176470588236,10
2016,DJ Hooda,18,9.0,123.77777777777787,12.777777777777779,34
2016,DJ Hooda,19,15.6,152.46464646464656,13.894736842105264,1
2016,DJ Hooda,20,15.4,159.13131313131322,13.25,2
2016,DJ Hooda,21,12.2,149.13131313131322,12.714285714285714,21
2016,DJ Hooda,22,13.6,125.43900543900554,13.090909090909092,4
2016,DJ Hooda,23,12.4,112.1056721056722,12.695652173913043,3
2017,DJ Hooda,24,6.2,91.19658119658129,12.291666666666666,16
2017,DJ Hooda,25,9.2,97.86324786324795,12.44,9
2017,DJ Hooda,26,10.6,95.86324786324795,12.307692307692308,13
2017,DJ Hooda,27,9.0,100.6984126984128,12.333333333333334,12
2017,DJ Hooda,28,10.6,115.8095238095239,12.321428571428571,9
2017,DJ Hooda,29,11.8,150.8095238095239,12.206896551724139,19
2018,DJ Hooda,30,12.4,162.14285714285725,12.433333333333334,32
2018,DJ Hooda,31,17.0,168.75824175824187,13.064516129032258,5
2018,DJ Hooda,32,15.4,142.7264957264958,12.8125,5
2018,DJ Hooda,33,14.0,138.7264957264958,12.575757575757576,1
2018,DJ Hooda,34,12.4,96.58363858363867,12.235294117647058,21
2018,DJ Hooda,35,12.8,86.58363858363867,12.485714285714286,1
2018,DJ Hooda,36,6.6,81.96825396825406,12.166666666666666,19
2018,DJ Hooda,37,9.4,90.85714285714295,12.35135135135135,3
2019,DJ Hooda,38,9.0,85.85714285714295,12.105263157894736,10
2019,DJ Hooda,39,10.8,101.18181818181827,12.051282051282051,20
2019,DJ Hooda,40,10.6,88.56643356643366,12.25,14
2019,DJ Hooda,41,13.2,161.899766899767,12.292682926829269,3
2019,DJ Hooda,42,10.0,156.899766899767,12.071428571428571,13
2019,DJ Hooda,43,12.0,158.149766899767,12.093023255813954,0
2019,DJ Hooda,44,10.0,139.96794871794881,11.818181818181818,4
2020/21,DJ Hooda,45,6.8,136.01190476190487,11.644444444444444,0
2020/21,DJ Hooda,46,4.0,42.678571428571516,11.391304347826088,62
2020/21,DJ Hooda,47,15.8,67.67857142857152,12.46808510638298,24
2020/21,DJ Hooda,48,18.0,79.66386554621859,12.708333333333334,1
2020/21,DJ Hooda,49,18.2,99.66386554621859,12.46938775510204,15
2021,DJ Hooda,50,20.4,101.87165775401078,12.52,64
2021,DJ Hooda,51,33.2,147.5859434682965,13.529411764705882,10
2021,DJ Hooda,52,22.8,120.0859434682965,13.461538461538462,22
2021,DJ Hooda,53,22.4,125.69680319680329,13.622641509433961,13
2021,DJ Hooda,54,24.8,129.3331668331669,13.61111111111111,1
2021,DJ Hooda,55,22.0,119.69680319680329,13.381818181818181,5
2021,DJ Hooda,56,10.2,85.09362859362868,13.232142857142858,1
2021,DJ Hooda,57,8.4,92.59362859362868,13.017543859649123,28
2021,DJ Hooda,58,9.6,80.28593628593637,13.275862068965518,3
2021,DJ Hooda,59,7.6,71.64957264957275,13.101694915254237,13
2021,DJ Hooda,60,10.0,93.64957264957275,13.1,0
2022,DJ Hooda,61,9.0,82.53846153846163,12.885245901639344,55
2022,DJ Hooda,62,19.8,89.36772983114456,13.564516129032258,13
2022,DJ Hooda,63,16.8,100.32926829268301,13.555555555555555,51
2022,DJ Hooda,64,26.4,116.23835920177392,14.140625,11
2022,DJ Hooda,65,26.0,107.16143612485084,14.092307692307692,25
2022,DJ Hooda,66,31.0,127.99476945818417,14.257575757575758,15
2022,DJ Hooda,67,23.0,134.49883449883458,14.26865671641791,13
2022,DJ Hooda,68,23.0,120.57026307026317,14.25,10
2022,DJ Hooda,69,14.8,111.88339438339449,14.18840579710145,34
2022,DJ Hooda,70,19.4,117.62698412698424,14.471428571428572,52
2022,DJ Hooda,71,24.8,125.68253968253978,15.0,41
2022,DJ Hooda,72,30.0,122.71957671957679,15.36111111111111,27
2022,DJ Hooda,73,32.8,124.14814814814822,15.520547945205479,59
2022,DJ Hooda,74,42.6,130.70641373080406,16.10810810810811,45
2023,DJ Hooda,75,44.8,140.18260420699454,16.493333333333332,17
2023,DJ Hooda,76,37.8,130.18260420699454,16.5,2
2023,DJ Hooda,77,30.0,106.47890050329083,16.31168831168831,7
2023,DJ Hooda,78,26.0,102.0344560588464,16.192307692307693,9
2023,DJ Hooda,79,16.0,89.61760461760471,16.10126582278481,2
2023,DJ Hooda,80,7.4,70.8080808080809,15.925,2
2023,DJ Hooda,81,4.4,61.91919191919201,15.753086419753087,2
2023,DJ Hooda,82,4.4,75.25252525252533,15.585365853658537,11
2023,DJ Hooda,83,5.2,96.36363636363645,15.53012048192771,1
2023,DJ Hooda,84,3.6,90.00000000000009,15.357142857142858,11
2023,DJ Hooda,85,5.4,96.66666666666677,15.305882352941177,5
2023,DJ Hooda,86,6.0,100.95238095238105,15.186046511627907,15
2024,DJ Hooda,87,8.6,102.38095238095246,15.183908045977011,26
2024,DJ Hooda,88,11.6,105.71428571428581,15.306818181818182,10
2024,DJ Hooda,89,13.4,111.09890109890118,15.247191011235955,8
2024,DJ Hooda,90,12.8,107.09890109890118,15.166666666666666,17
2024,DJ Hooda,91,15.2,149.4798534798536,15.186813186813186,50
2024,DJ Hooda,92,22.2,159.30128205128216,15.565217391304348,18
2024,DJ Hooda,93,20.6,138.2486504723348,15.591397849462366,5
2024,DJ Hooda,94,19.6,156.19736842105272,15.47872340425532,0
2024,DJ Hooda,95,18.0,140.19736842105272,15.31578947368421,11
2007/08,DJ Hussey,5,21.8,80.13888888888897,21.8,71
2007/08,DJ Hussey,6,33.6,90.35165484633578,30.0,26
2007/08,DJ Hussey,7,31.2,116.79609929078022,29.428571428571427,57
2007/08,DJ Hussey,8,42.6,156.10644411836643,32.875,31
2007/08,DJ Hussey,9,45.4,158.48144411836643,32.666666666666664,2
2007/08,DJ Hussey,10,37.4,136.67588856281085,29.6,0
2007/08,DJ Hussey,11,23.2,106.46312260536406,26.90909090909091,11
2007/08,DJ Hussey,12,20.2,77.79645593869739,25.583333333333332,12
2009,DJ Hussey,13,11.2,60.304292929293,24.53846153846154,43
2009,DJ Hussey,14,13.6,71.64357864357872,25.857142857142858,43
2009,DJ Hussey,15,21.8,114.97691197691206,27.0,3
2009,DJ Hussey,16,22.4,144.97691197691205,25.5,9
2009/10,DJ Hussey,17,22.0,144.15639915639923,24.529411764705884,3
2009/10,DJ Hussey,18,20.2,134.33821733821742,23.333333333333332,29
2009/10,DJ Hussey,19,17.4,121.19968919968926,23.63157894736842,31
2009/10,DJ Hussey,20,15.0,95.56476856476866,24.0,11
2009/10,DJ Hussey,21,16.6,109.56476856476866,23.38095238095238,0
2009/10,DJ Hussey,22,14.8,95.7186147186148,22.318181818181817,20
2011,DJ Hussey,23,18.2,112.29004329004337,22.217391304347824,20
2011,DJ Hussey,24,16.4,134.7142857142858,22.125,15
2011,DJ Hussey,25,13.2,126.2077922077923,21.84,1
2011,DJ Hussey,26,11.2,86.20779220779228,21.03846153846154,4
2011,DJ Hussey,27,12.0,102.20779220779228,20.40740740740741,0
2011,DJ Hussey,28,8.0,73.63636363636371,19.678571428571427,21
2011,DJ Hussey,29,8.2,61.63636363636372,19.724137931034484,3
2011,DJ Hussey,30,5.8,63.00000000000007,19.166666666666668,0
2012,DJ Hussey,31,5.6,59.00000000000007,18.548387096774192,13
2012,DJ Hussey,32,7.4,69.00000000000007,18.375,18
2012,DJ Hussey,33,11.0,89.00000000000007,18.363636363636363,32
2012,DJ Hussey,34,13.2,81.64516129032265,18.764705882352942,10
2012,DJ Hussey,35,14.6,80.93087557603694,18.514285714285716,41
2012,DJ Hussey,36,22.8,103.70865335381473,19.13888888888889,21
2012,DJ Hussey,37,24.4,99.81391651170945,19.18918918918919,68
2012,DJ Hussey,38,34.4,110.72300742080037,20.473684210526315,7
2012,DJ Hussey,39,29.4,125.0778461304778,20.128205128205128,45
2012,DJ Hussey,40,36.4,141.82661460338417,20.75,8
2012,DJ Hussey,41,29.8,145.7155034922731,20.4390243902439,16
2012,DJ Hussey,42,28.8,142.43376974614304,20.333333333333332,65
2012,DJ Hussey,43,28.2,148.66753597990927,21.372093023255815,40
2012,DJ Hussey,44,34.8,136.52467883705214,21.795454545454547,9
2012,DJ Hussey,45,27.6,125.49019607843142,21.511111111111113,3
2013,DJ Hussey,46,26.6,108.82352941176478,21.108695652173914,8
2013,DJ Hussey,47,25.0,103.33333333333341,20.829787234042552,41
2013,DJ Hussey,48,20.2,88.96825396825405,21.25,41
2013,DJ Hussey,49,20.4,92.562724014337,21.653061224489797,12
2013,DJ Hussey,50,21.0,88.562724014337,21.46,22
2013,DJ Hussey,51,24.8,96.89605734767034,21.470588235294116,21
2013,DJ Hussey,52,27.4,104.56272401433701,21.46153846153846,34
2013,DJ Hussey,53,26.0,119.56272401433698,21.69811320754717,22
2013,DJ Hussey,54,22.2,120.61111111111117,21.703703703703702,1
2013,DJ Hussey,55,20.0,111.27777777777786,21.327272727272728,20
2013,DJ Hussey,56,19.6,111.99206349206356,21.303571428571427,13
2014,DJ Hussey,57,18.0,109.56349206349213,21.157894736842106,25
2014,DJ Hussey,58,16.2,87.91474654377888,21.224137931034484,50
2014,DJ Hussey,59,21.8,90.71777684680919,21.71186440677966,40
2014,DJ Hussey,60,29.6,111.63731707669425,22.016666666666666,1
2011,DJ Jacobs,5,16.4,90.87477718360078,16.4,10
2012,DJ Jacobs,6,18.2,107.54144385026746,15.333333333333334,0
2024,DJ Mitchell,5,22.6,103.58876678876686,22.6,13
2024,DJ Mitchell,6,22.0,114.4251304251305,21.0,25
2024,DJ Mitchell,7,23.6,123.23465423465431,21.571428571428573,17
2024,DJ Mitchell,8,22.6,120.04020979020989,21.0,11
2024,DJ Mitchell,9,20.0,118.04020979020989,19.88888888888889,52
2024,DJ Mitchell,10,23.6,124.38636363636371,23.1,1
2024,DJ Mitchell,11,21.2,120.75000000000009,21.09090909090909,30
2024,DJ Mitchell,12,22.2,127.32894736842113,21.833333333333332,63
2024,DJ Mitchell,13,31.4,143.1377708978329,25.0,22
2024,DJ Mitchell,14,33.6,152.56634232640434,24.785714285714285,4
2013,DJG Sammy,5,21.0,143.60606060606068,21.0,0
2013,DJG Sammy,6,17.2,111.93939393939404,17.5,23
2013,DJG Sammy,7,9.8,108.87719298245622,18.285714285714285,17
2013,DJG Sammy,8,13.0,117.21052631578956,18.125,29
2014,DJG Sammy,9,15.2,125.57416267942592,19.333333333333332,6
2014,DJG Sammy,10,15.0,88.90749601275925,18.0,15
2014,DJG Sammy,11,18.0,116.18022328548652,17.727272727272727,23
2014,DJG Sammy,12,18.0,120.71969696969704,18.166666666666668,10
2014,DJG Sammy,13,16.6,125.71969696969704,17.53846153846154,8
2014,DJG Sammy,14,12.4,117.13383838383845,16.857142857142858,7
2014,DJG Sammy,15,12.6,115.88383838383845,16.2,10
2014,DJG Sammy,16,11.6,138.6111111111112,15.8125,0
2014,DJG Sammy,17,7.0,109.8611111111112,14.882352941176471,29
2015,DJG Sammy,18,10.8,105.52777777777786,15.666666666666666,7
2015,DJG Sammy,19,10.6,103.30555555555563,15.210526315789474,6
2018,DJM Short,5,21.8,123.88733850129206,21.8,2
2018,DJM Short,6,21.4,127.88733850129206,18.5,4
2019,DL Chahar,5,12.8,127.14285714285722,12.8,7
2019,DL Chahar,6,11.4,100.47619047619055,11.833333333333334,0
2020/21,DL Chahar,7,11.4,100.47619047619055,10.142857142857142,0
2020/21,DL Chahar,8,11.2,90.47619047619055,8.875,5
2020/21,DL Chahar,9,4.4,73.33333333333341,8.444444444444445,2
2021,DL Chahar,10,2.8,60.00000000000008,7.8,1
2023,DL Chahar,11,1.6,60.00000000000008,7.181818181818182,1
2009/10,DL Vettori,5,13.0,127.35294117647068,13.0,2
2011,DL Vettori,6,7.6,116.63865546218494,11.166666666666666,3
2011,DL Vettori,7,8.0,116.63865546218494,10.0,2
2011,DL Vettori,8,7.6,96.63865546218496,9.0,18
2011,DL Vettori,9,7.4,91.4285714285715,10.0,0
2012,DL Vettori,10,5.0,57.142857142857224,9.0,3
2012,DL Vettori,11,5.2,59.142857142857224,8.454545454545455,20
2012,DL Vettori,12,8.6,79.912087912088,9.416666666666666,1
2012,DL Vettori,13,8.4,79.912087912088,8.76923076923077,1
2012,DL Vettori,14,5.0,72.76923076923086,8.214285714285714,2
2012,DL Vettori,15,5.4,86.10256410256417,7.8,4
2022,DP Conway,5,46.2,102.24506018623674,46.2,5
2022,DP Conway,6,46.6,105.85617129734786,39.333333333333336,16
2023,DP Conway,7,32.8,98.35617129734786,36.0,1
2023,DP Conway,8,21.8,71.41923436041091,31.625,47
2023,DP Conway,9,13.8,68.63492063492072,33.333333333333336,0
2023,DP Conway,10,13.8,68.63492063492072,30.0,50
2023,DP Conway,11,22.8,83.16483516483524,31.818181818181817,83
2023,DP Conway,12,36.2,96.39464882943153,36.083333333333336,77
2023,DP Conway,13,51.4,120.07885935574731,39.23076923076923,56
2023,DP Conway,14,53.2,116.74552602241397,40.42857142857143,8
2023,DP Conway,15,54.8,126.74552602241397,38.266666666666666,92
2023,DP Conway,16,63.2,135.1785744554624,41.625,44
2023,DP Conway,17,55.4,119.55673421279305,41.76470588235294,10
2023,DP Conway,18,42.0,105.87252368647725,40.0,30
2023,DP Conway,19,36.8,99.30109511504868,39.473684210526315,87
2023,DP Conway,20,52.6,122.13128379429398,41.85,40
2023,DP Conway,21,42.2,111.58662148492576,41.76190476190476,47
2007/08,DPMD Jayawardene,5,16.8,131.6190476190477,16.8,17
2007/08,DPMD Jayawardene,6,19.8,138.40165631469986,16.833333333333332,8
2007/08,DPMD Jayawardene,7,19.0,130.78260869565227,15.571428571428571,36
2007/08,DPMD Jayawardene,8,23.2,150.78260869565224,18.125,1
2007/08,DPMD Jayawardene,9,14.4,124.78260869565224,16.22222222222222,14
2007/08,DPMD Jayawardene,10,15.2,116.90382081686437,16.0,11
2007/08,DPMD Jayawardene,11,14.0,124.1212121212122,15.545454545454545,8
2009,DPMD Jayawardene,12,14.0,113.45454545454554,14.916666666666666,6
2009,DPMD Jayawardene,13,8.0,93.45454545454554,14.23076923076923,31
2009,DPMD Jayawardene,14,14.0,112.97835497835506,15.428571428571429,1
2009,DPMD Jayawardene,15,11.4,107.5238095238096,14.466666666666667,7
2009,DPMD Jayawardene,16,10.6,99.5238095238096,14.0,7
2009,DPMD Jayawardene,17,10.4,99.07936507936516,13.588235294117647,19
2009,DPMD Jayawardene,18,13.0,102.82936507936515,13.88888888888889,52
2009,DPMD Jayawardene,19,17.2,96.94191919191927,15.894736842105264,9
2009,DPMD Jayawardene,20,18.8,93.30555555555563,15.55,44
2009,DPMD Jayawardene,21,26.2,114.50555555555563,16.904761904761905,43
2009/10,DPMD Jayawardene,22,33.4,128.60517241379318,18.09090909090909,0
2009/10,DPMD Jayawardene,23,29.6,104.85517241379318,17.304347826086957,26
2009/10,DPMD Jayawardene,24,24.4,115.88547544409622,17.666666666666668,14
2009/10,DPMD Jayawardene,25,25.4,130.63295019157096,17.52,9
2009/10,DPMD Jayawardene,26,18.4,121.14723590585668,17.192307692307693,23
2009/10,DPMD Jayawardene,27,14.4,112.40115440115449,17.40740740740741,16
2009/10,DPMD Jayawardene,28,17.6,133.73448773448783,17.357142857142858,20
2009/10,DPMD Jayawardene,29,16.4,119.06782106782116,17.448275862068964,110
2009/10,DPMD Jayawardene,30,35.6,124.02228372720185,20.533333333333335,44
2009/10,DPMD Jayawardene,31,42.6,123.45085515577327,21.29032258064516,31
2009/10,DPMD Jayawardene,32,44.2,136.98620869112682,21.59375,38
2009/10,DPMD Jayawardene,33,48.6,137.36716107207917,22.09090909090909,93
2009/10,DPMD Jayawardene,34,63.2,145.98254568746378,24.176470588235293,21
2011,DPMD Jayawardene,35,45.4,156.58363858363867,24.085714285714285,18
2011,DPMD Jayawardene,36,40.2,150.38814986183417,23.916666666666668,2
2011,DPMD Jayawardene,37,34.4,129.27703875072305,23.324324324324323,56
2011,DPMD Jayawardene,38,38.0,137.03643724696363,24.18421052631579,16
2011,DPMD Jayawardene,39,22.6,137.5119617224881,23.974358974358974,25
2011,DPMD Jayawardene,40,23.4,108.70243791296431,24.0,13
2011,DPMD Jayawardene,41,22.4,108.32649806334025,23.73170731707317,4
2011,DPMD Jayawardene,42,22.8,104.99316473000692,23.261904761904763,18
2011,DPMD Jayawardene,43,15.2,88.37662337662347,23.13953488372093,7
2011,DPMD Jayawardene,44,13.4,72.0129870129871,22.772727272727273,55
2011,DPMD Jayawardene,45,19.4,79.73723950468145,23.488888888888887,3
2011,DPMD Jayawardene,46,17.4,67.16581093325287,23.043478260869566,76
2011,DPMD Jayawardene,47,31.8,84.30866807611002,24.170212765957448,6
2012,DPMD Jayawardene,48,29.4,111.45152521896716,23.791666666666668,20
2012,DPMD Jayawardene,49,32.0,117.77187153931348,23.714285714285715,6
2012,DPMD Jayawardene,50,22.2,116.19047619047626,23.36,17
2012,DPMD Jayawardene,51,25.0,126.38095238095245,23.235294117647058,7
2012,DPMD Jayawardene,52,11.2,119.23809523809533,22.923076923076923,18
2012,DPMD Jayawardene,53,13.6,103.23809523809533,22.830188679245282,55
2012,DPMD Jayawardene,54,20.6,110.38095238095245,23.425925925925927,6
2012,DPMD Jayawardene,55,20.6,110.38095238095245,23.10909090909091,0
2012,DPMD Jayawardene,56,17.2,94.19047619047626,22.696428571428573,30
2012,DPMD Jayawardene,57,21.8,95.61904761904769,22.82456140350877,8
2012,DPMD Jayawardene,58,19.8,87.6190476190477,22.56896551724138,56
2012,DPMD Jayawardene,59,20.0,84.28571428571436,23.135593220338983,9
2012,DPMD Jayawardene,60,20.6,73.14285714285721,22.9,8
2012,DPMD Jayawardene,61,22.2,89.14285714285722,22.65573770491803,40
2012,DPMD Jayawardene,62,24.2,90.57142857142864,22.93548387096774,55
2013,DPMD Jayawardene,63,33.6,101.40069686411158,23.444444444444443,66
2013,DPMD Jayawardene,64,35.6,102.54355400696872,24.109375,19
2013,DPMD Jayawardene,65,37.6,113.43641114982589,24.03076923076923,3
2013,DPMD Jayawardene,66,36.6,106.00783972125444,23.71212121212121,12
2013,DPMD Jayawardene,67,31.0,100.29355400696872,23.53731343283582,28
2013,DPMD Jayawardene,68,25.6,91.52880184331805,23.602941176470587,6
2013,DPMD Jayawardene,69,13.6,77.52880184331805,23.347826086956523,59
2013,DPMD Jayawardene,70,21.6,81.22066230843433,23.857142857142858,39
2013,DPMD Jayawardene,71,28.8,91.22066230843434,24.070422535211268,12
2013,DPMD Jayawardene,72,28.8,87.41113849891052,23.90277777777778,5
2013,DPMD Jayawardene,73,24.2,80.45773348098938,23.643835616438356,11
2013,DPMD Jayawardene,74,25.2,88.7910668143227,23.472972972972972,34
2013,DPMD Jayawardene,75,20.2,82.59920634920643,23.613333333333333,19
2013,DPMD Jayawardene,76,16.2,93.25854700854708,23.55263157894737,4
2013,DPMD Jayawardene,77,14.6,99.92521367521375,23.2987012987013,14
2022,DR Sams,5,2.6,91.66666666666674,2.6,5
2022,DR Sams,6,3.6,125.00000000000009,3.0,3
2022,DR Sams,7,3.6,102.50000000000009,3.0,6
2022,DR Sams,8,4.2,207.50000000000009,3.375,0
2022,DR Sams,9,2.8,160.83333333333343,3.0,1
2022,DR Sams,10,3.0,170.83333333333343,2.8,1
2022,DR Sams,11,2.2,140.35714285714295,2.6363636363636362,15
2022,DR Sams,12,4.6,157.85714285714295,3.6666666666666665,0
2009,DR Smith,5,18.4,143.43478260869574,18.4,48
2009,DR Smith,6,24.0,151.5382308845578,23.333333333333332,7
2009,DR Smith,7,22.0,149.0382308845578,21.0,49
2009,DR Smith,8,30.2,171.64692653673174,24.5,16
2009,DR Smith,9,26.4,167.87881059470274,23.555555555555557,47
2009,DR Smith,10,33.4,149.25381059470274,25.9,1
2009/10,DR Smith,11,24.0,126.15036231884066,23.636363636363637,4
2009/10,DR Smith,12,23.4,120.07893374741211,22.0,13
2009/10,DR Smith,13,16.2,109.97023809523816,21.307692307692307,5
2012,DR Smith,14,14.0,93.30357142857153,20.142857142857142,24
2012,DR Smith,15,9.4,117.26190476190484,20.4,2
2012,DR Smith,16,9.6,120.59523809523816,19.25,6
2012,DR Smith,17,10.0,133.16666666666674,18.470588235294116,0
2012,DR Smith,18,7.4,100.66666666666674,17.444444444444443,87
2012,DR Smith,19,23.8,119.66666666666674,21.105263157894736,38
2013,DR Smith,20,26.6,98.00000000000009,21.95,3
2013,DR Smith,21,26.8,96.66666666666677,21.047619047619047,8
2013,DR Smith,22,27.2,86.00000000000009,20.454545454545453,62
2013,DR Smith,23,39.6,113.55555555555566,22.26086956521739,50
2013,DR Smith,24,32.2,111.58258258258267,23.416666666666668,33
2013,DR Smith,25,31.2,99.915915915916,23.8,38
2013,DR Smith,26,38.2,106.915915915916,24.346153846153847,22
2013,DR Smith,27,41.0,111.915915915916,24.25925925925926,47
2013,DR Smith,28,38.0,101.14607464607474,25.071428571428573,0
2013,DR Smith,29,28.0,74.1190476190477,24.20689655172414,21
2013,DR Smith,30,25.6,77.45238095238103,24.1,68
2013,DR Smith,31,31.6,105.34893267651896,25.516129032258064,62
2013,DR Smith,32,39.6,113.39857806658988,26.65625,4
2014,DR Smith,33,31.0,116.61286378087561,25.96969696969697,66
2014,DR Smith,34,44.2,145.30851595478865,27.147058823529413,29
2014,DR Smith,35,45.8,141.9751826214553,27.2,50
2014,DR Smith,36,42.2,130.7929166116031,27.833333333333332,29
2014,DR Smith,37,35.6,130.7735742518352,27.864864864864863,66
2014,DR Smith,38,48.0,139.46922642574827,28.86842105263158,16
2014,DR Smith,39,38.0,139.86448334274434,28.53846153846154,79
2014,DR Smith,40,48.0,150.84487549960707,29.8,4
2014,DR Smith,41,38.8,131.13058978532135,29.170731707317074,57
2014,DR Smith,42,44.4,127.11989459815557,29.833333333333332,44
2014,DR Smith,43,40.0,121.58213716108462,30.162790697674417,9
2014,DR Smith,44,38.6,104.49122807017552,29.681818181818183,5
2014,DR Smith,45,23.8,90.17750257997946,29.133333333333333,47
2014,DR Smith,46,32.4,107.74893115140803,29.52173913043478,34
2014,DR Smith,47,27.8,125.39598997493745,29.617021276595743,24
2014,DR Smith,48,23.8,126.23809523809533,29.5,7
2015,DR Smith,49,23.4,125.904761904762,29.040816326530614,34
2015,DR Smith,50,29.2,131.17357910906307,29.14,27
2015,DR Smith,51,25.2,117.6021505376345,29.098039215686274,0
2015,DR Smith,52,18.4,77.6021505376345,28.53846153846154,62
2015,DR Smith,53,26.0,92.3521505376345,29.169811320754718,40
2015,DR Smith,54,32.6,108.27169076751957,29.37037037037037,39
2015,DR Smith,55,33.6,113.23275862068974,29.545454545454547,26
2015,DR Smith,56,33.4,133.23275862068974,29.482142857142858,25
2015,DR Smith,57,38.4,158.23275862068974,29.403508771929825,21
2015,DR Smith,58,30.2,140.48275862068974,29.25862068965517,0
2015,DR Smith,59,22.2,112.89655172413802,28.76271186440678,27
2015,DR Smith,60,19.8,101.42857142857153,28.733333333333334,6
2015,DR Smith,61,15.8,73.42857142857152,28.360655737704917,18
2015,DR Smith,62,14.4,63.42857142857152,28.193548387096776,0
2015,DR Smith,63,10.2,42.42857142857152,27.746031746031747,17
2015,DR Smith,64,13.6,70.76190476190486,27.578125,57
2016,DR Smith,65,19.6,79.08333333333343,28.03076923076923,32
2016,DR Smith,66,24.8,96.17424242424252,28.09090909090909,53
2016,DR Smith,67,31.8,116.50757575757584,28.46268656716418,63
2016,DR Smith,68,44.4,148.81526806526819,28.970588235294116,15
2016,DR Smith,69,44.0,136.27140841614533,28.768115942028984,15
2016,DR Smith,70,35.6,133.94997984471678,28.571428571428573,1
2016,DR Smith,71,29.4,107.08129297602991,28.183098591549296,27
2016,DR Smith,72,24.2,100.16901227427552,28.166666666666668,7
2016,DR Smith,73,13.0,91.19465329991655,27.876712328767123,0
2016,DR Smith,74,10.0,75.40517961570602,27.5,37
2016,DR Smith,75,14.4,86.15052123061285,27.626666666666665,73
2016,DR Smith,76,28.8,119.53805510595161,28.223684210526315,1
2017,DR Smith,77,23.6,97.78366914103933,27.87012987012987,37
2017,DR Smith,78,29.6,101.8577432151134,27.987179487179485,47
2017,DR Smith,79,39.0,132.1803238602747,28.227848101265824,0
2017,DR Smith,80,31.6,100.00641081679643,27.875,1
2017,DR Smith,81,17.2,69.39665471923546,27.54320987654321,5
2017,DR Smith,82,18.0,87.7299880525688,27.26829268292683,4
2017,DR Smith,83,11.4,80.32258064516138,26.987951807228917,0
2017,DR Smith,84,2.0,50.00000000000009,26.666666666666668,9
2017,DR Smith,85,3.8,95.00000000000009,26.458823529411763,74
2017,DR Smith,86,18.4,127.94871794871804,27.011627906976745,8
2017,DR Smith,87,19.0,122.94871794871804,26.79310344827586,54
2012,DS Kulkarni,5,2.6,36.90849673202624,2.6,10
2014,DS Kulkarni,6,4.2,74.55555555555566,3.8333333333333335,28
2014,DS Kulkarni,7,8.4,88.4736842105264,7.285714285714286,7
2015,DS Kulkarni,8,9.6,100.9736842105264,7.25,1
2015,DS Kulkarni,9,9.6,106.9736842105264,6.555555555555555,3
2016,DS Kulkarni,10,9.8,102.9736842105264,6.2,6
2016,DS Kulkarni,11,9.0,102.9736842105264,6.181818181818182,6
2016,DS Kulkarni,12,4.6,103.50000000000009,6.166666666666667,2
2016,DS Kulkarni,13,3.6,99.33333333333341,5.846153846153846,10
2016,DS Kulkarni,14,5.4,139.33333333333343,6.142857142857143,3
2017,DS Kulkarni,15,5.4,163.33333333333343,5.933333333333334,1
2018,DS Kulkarni,16,4.4,133.33333333333343,5.625,3
2018,DS Kulkarni,17,3.8,118.33333333333341,5.470588235294118,3
2019,DS Kulkarni,18,4.0,125.00000000000009,5.333333333333333,5
2020/21,DS Kulkarni,19,3.0,108.33333333333344,5.315789473684211,3
2011,DT Christian,5,17.8,123.23255691676755,17.8,21
2011,DT Christian,6,16.8,119.19746919746929,18.333333333333332,9
2011,DT Christian,7,13.6,95.73593073593084,17.0,1
2011,DT Christian,8,13.8,115.73593073593084,15.0,1
2011,DT Christian,9,8.0,79.54545454545463,13.444444444444445,27
2011,DT Christian,10,11.8,88.47826086956532,14.8,10
2011,DT Christian,11,9.6,83.32674571805015,14.363636363636363,18
2011,DT Christian,12,11.4,83.97891963109365,14.666666666666666,14
2012,DT Christian,13,14.0,87.31225296442696,14.615384615384615,2
2012,DT Christian,14,14.2,93.97891963109365,13.714285714285714,39
2012,DT Christian,15,16.6,91.0269745510021,15.4,19
2012,DT Christian,16,18.4,90.11788364191119,15.625,29
2012,DT Christian,17,20.6,104.99202551834139,16.41176470588235,5
2012,DT Christian,18,18.8,101.65869218500806,15.777777777777779,27
2012,DT Christian,19,23.8,110.82535885167472,16.36842105263158,24
2013,DT Christian,20,20.8,133.9354066985647,16.75,4
2013,DT Christian,21,17.8,122.37696514012312,16.142857142857142,2
2017,DT Christian,22,12.4,111.85064935064943,15.5,17
2017,DT Christian,23,14.8,134.35064935064943,15.565217391304348,1
2017,DT Christian,24,9.6,118.5173160173161,14.958333333333334,8
2017,DT Christian,25,6.4,94.88095238095248,14.68,16
2017,DT Christian,26,8.8,129.16666666666674,14.73076923076923,17
2017,DT Christian,27,11.8,151.66666666666674,14.814814814814815,9
2017,DT Christian,28,10.2,127.16666666666674,14.607142857142858,4
2017,DT Christian,29,10.8,160.50000000000009,14.241379310344827,3
2017,DT Christian,30,9.8,160.50000000000009,13.866666666666667,4
2018,DT Christian,31,7.4,160.50000000000009,13.548387096774194,13
2018,DT Christian,32,6.6,138.00000000000009,13.53125,6
2018,DT Christian,33,6.0,130.909090909091,13.303030303030303,7
2021,DT Christian,34,6.6,106.46464646464656,13.117647058823529,1
2021,DT Christian,35,6.2,93.13131313131322,12.771428571428572,1
2021,DT Christian,36,5.6,63.13131313131322,12.444444444444445,1
2021,DT Christian,37,3.2,49.79797979797989,12.135135135135135,0
2021,DT Christian,38,2.0,38.888888888888985,11.81578947368421,1
2021,DT Christian,39,0.8,28.33333333333342,11.538461538461538,1
2021,DT Christian,40,0.8,28.33333333333342,11.275,9
2009/10,DW Steyn,5,2.0,34.444444444444535,2.0,0
2009/10,DW Steyn,6,1.8,24.444444444444535,1.6666666666666667,5
2011,DW Steyn,7,2.6,37.77777777777787,2.142857142857143,7
2011,DW Steyn,8,4.0,61.1111111111112,2.75,13
2011,DW Steyn,9,5.0,63.33333333333343,3.888888888888889,1
2011,DW Steyn,10,5.2,73.33333333333343,3.6,4
2011,DW Steyn,11,6.0,81.33333333333343,3.6363636363636362,11
2012,DW Steyn,12,7.2,98.00000000000009,4.25,5
2012,DW Steyn,13,6.8,87.16666666666676,4.3076923076923075,2
2012,DW Steyn,14,4.6,87.16666666666676,4.142857142857143,2
2012,DW Steyn,15,4.8,90.50000000000009,4.0,7
2012,DW Steyn,16,5.4,129.16666666666674,4.1875,3
2013,DW Steyn,17,3.8,104.50000000000009,4.117647058823529,3
2013,DW Steyn,18,3.4,112.00000000000009,4.055555555555555,9
2013,DW Steyn,19,4.8,128.00000000000009,4.315789473684211,4
2013,DW Steyn,20,5.2,194.66666666666677,4.3,18
2013,DW Steyn,21,7.4,188.00000000000009,4.9523809523809526,14
2013,DW Steyn,22,9.6,197.53846153846163,5.363636363636363,1
2013,DW Steyn,23,9.2,184.2051282051283,5.173913043478261,0
2013,DW Steyn,24,7.4,148.2051282051283,4.958333333333333,4
2014,DW Steyn,25,7.4,108.20512820512829,4.92,12
2014,DW Steyn,26,6.2,83.20512820512829,5.1923076923076925,9
2014,DW Steyn,27,5.2,84.16666666666677,5.333333333333333,1
2015,DW Steyn,28,5.2,87.50000000000009,5.178571428571429,0
2015,DW Steyn,29,5.2,87.50000000000009,5.0,1
2015,DW Steyn,30,4.6,67.50000000000009,4.866666666666666,19
2016,DW Steyn,31,6.0,87.04545454545465,5.32258064516129,1
2020/21,DW Steyn,32,4.4,74.54545454545465,5.1875,1
2023,Dhruv Jurel,5,12.4,142.66666666666674,12.4,34
2023,Dhruv Jurel,6,12.8,136.66666666666674,16.0,34
2023,Dhruv Jurel,7,18.0,128.66666666666674,18.571428571428573,2
2023,Dhruv Jurel,8,17.6,128.66666666666677,16.5,9
2023,Dhruv Jurel,9,15.8,115.16666666666677,15.666666666666666,1
2023,Dhruv Jurel,10,16.0,118.0238095238096,14.2,10
2024,Dhruv Jurel,11,11.2,134.0238095238096,13.818181818181818,20
2024,Dhruv Jurel,12,8.4,117.26190476190486,14.333333333333334,20
2024,Dhruv Jurel,13,12.0,137.26190476190487,14.76923076923077,2
2024,Dhruv Jurel,14,10.6,128.0952380952382,13.857142857142858,6
2024,Dhruv Jurel,15,11.6,136.14718614718623,13.333333333333334,2
2024,Dhruv Jurel,16,10.0,96.14718614718623,12.625,52
2024,Dhruv Jurel,17,16.4,98.16399286987532,14.941176470588236,1
2024,Dhruv Jurel,18,12.6,71.49732620320864,14.166666666666666,28
2024,Dhruv Jurel,19,17.8,89.27510398098642,14.894736842105264,0
2024,Dhruv Jurel,20,16.6,78.36601307189552,14.15,8
2024,Dhruv Jurel,21,17.8,88.36601307189552,13.857142857142858,56
2018,E Lewis,5,28.4,92.73541870316073,28.4,5
2018,E Lewis,6,29.4,103.84652981427185,24.5,47
2018,E Lewis,7,33.0,92.51319648093852,27.714285714285715,10
2018,E Lewis,8,25.4,76.93006993007002,25.5,43
2018,E Lewis,9,21.0,77.03978779840858,27.444444444444443,18
2018,E Lewis,10,24.6,104.73209549071628,26.5,60
2018,E Lewis,11,35.6,120.28765104627182,29.545454545454547,9
2018,E Lewis,12,28.0,121.89876215738293,27.833333333333332,48
2019,E Lewis,13,35.6,136.51414677276756,29.384615384615383,32
2019,E Lewis,14,33.4,127.50413564929701,29.571428571428573,15
2019,E Lewis,15,32.8,118.56182795698933,28.6,1
2021,E Lewis,16,21.0,95.228494623656,26.875,27
2021,E Lewis,17,24.6,117.728494623656,26.88235294117647,24
2021,E Lewis,18,19.8,111.728494623656,26.72222222222222,6
2021,E Lewis,19,14.6,121.08333333333341,25.63157894736842,58
2021,E Lewis,20,23.2,132.8596491228071,27.25,36
2022,E Lewis,21,30.2,162.2535885167465,27.666666666666668,10
2022,E Lewis,22,26.8,139.47581073896873,26.863636363636363,55
2022,E Lewis,23,33.0,159.47581073896873,28.08695652173913,1
2022,E Lewis,24,32.0,133.47581073896873,26.958333333333332,5
2022,E Lewis,25,21.4,110.64180264180274,26.08,2
2011,EJG Morgan,5,8.2,101.19047619047629,8.2,10
2011,EJG Morgan,6,8.2,89.28571428571436,8.5,6
2011,EJG Morgan,7,8.0,85.95238095238103,8.142857142857142,0
2011,EJG Morgan,8,7.8,80.95238095238103,7.125,28
2011,EJG Morgan,9,10.0,94.00000000000009,9.444444444444445,14
2011,EJG Morgan,10,11.6,89.55555555555564,9.9,66
2011,EJG Morgan,11,22.8,98.27350427350436,15.0,5
2011,EJG Morgan,12,22.6,90.77350427350436,14.166666666666666,2
2013,EJG Morgan,13,23.0,98.77350427350436,13.23076923076923,14
2013,EJG Morgan,14,20.2,78.94017094017104,13.285714285714286,51
2013,EJG Morgan,15,27.6,89.53846153846163,15.8,2
2013,EJG Morgan,16,14.8,72.15384615384626,14.9375,47
2013,EJG Morgan,17,23.2,98.8205128205129,16.823529411764707,47
2013,EJG Morgan,18,32.2,114.92307692307702,18.5,2
2013,EJG Morgan,19,29.8,103.13736263736273,17.63157894736842,31
2013,EJG Morgan,20,25.8,101.78351648351656,18.3,42
2013,EJG Morgan,21,33.8,124.89462759462768,19.428571428571427,32
2013,EJG Morgan,22,30.8,111.32796092796102,20.0,10
2013,EJG Morgan,23,23.4,109.44761904761913,19.565217391304348,5
2013,EJG Morgan,24,24.0,113.73333333333343,18.958333333333332,15
2013,EJG Morgan,25,20.8,108.93333333333344,18.8,9
2015,EJG Morgan,26,14.2,97.82222222222232,18.423076923076923,27
2015,EJG Morgan,27,13.2,90.22222222222231,18.74074074074074,1
2015,EJG Morgan,28,11.4,78.00000000000009,18.107142857142858,32
2015,EJG Morgan,29,16.8,91.70370370370378,18.586206896551722,5
2015,EJG Morgan,30,14.8,80.79461279461289,18.133333333333333,63
2015,EJG Morgan,31,25.6,102.79461279461289,19.580645161290324,22
2015,EJG Morgan,32,24.6,102.39461279461288,19.65625,17
2015,EJG Morgan,33,27.8,140.96604136604145,19.575757575757574,11
2015,EJG Morgan,34,23.6,148.6909090909092,19.323529411764707,9
2016,EJG Morgan,35,24.4,151.60000000000008,19.02857142857143,22
2016,EJG Morgan,36,16.2,134.04444444444454,19.11111111111111,51
2016,EJG Morgan,37,22.0,140.1653746770027,19.972972972972972,11
2016,EJG Morgan,38,20.8,109.92727943890743,19.736842105263158,25
2016,EJG Morgan,39,23.6,103.498708010336,19.871794871794872,0
2016,EJG Morgan,40,21.8,91.498708010336,19.375,14
2017,EJG Morgan,41,20.2,95.05426356589155,19.24390243902439,22
2017,EJG Morgan,42,14.4,93.33333333333343,19.30952380952381,13
2017,EJG Morgan,43,14.8,90.29411764705891,19.162790697674417,26
2017,EJG Morgan,44,15.0,90.05602240896368,19.318181818181817,4
2020/21,EJG Morgan,45,15.8,110.05602240896368,18.977777777777778,30
2020/21,EJG Morgan,46,19.0,99.70308123249309,19.217391304347824,17
2020/21,EJG Morgan,47,18.0,115.48085901027086,19.170212765957448,7
2020/21,EJG Morgan,48,16.8,114.18674136321206,18.916666666666668,34
2020/21,EJG Morgan,49,18.4,113.71055088702155,19.224489795918366,16
2020/21,EJG Morgan,50,20.8,109.71055088702155,19.16,35
2020/21,EJG Morgan,51,21.8,120.06349206349216,19.470588235294116,44
2020/21,EJG Morgan,52,27.2,128.60150375939858,19.942307692307693,40
2020/21,EJG Morgan,53,33.8,146.60150375939858,20.32075471698113,24
2020/21,EJG Morgan,54,31.8,142.3157894736843,20.38888888888889,39
2020/21,EJG Morgan,55,36.4,153.21234119782224,20.727272727272727,68
2020/21,EJG Morgan,56,43.0,162.9901189756,21.571428571428573,15
2020/21,EJG Morgan,57,37.2,141.6743295019158,21.45614035087719,8
2020/21,EJG Morgan,58,30.8,123.00766283524914,21.224137931034484,42
2021,EJG Morgan,59,34.4,130.10443702879752,21.576271186440678,2
2021,EJG Morgan,60,27.0,116.54121863799291,21.25,7
2021,EJG Morgan,61,14.8,98.76344086021513,21.016393442622952,29
2021,EJG Morgan,62,17.6,97.9301075268818,21.14516129032258,7
2021,EJG Morgan,63,17.4,102.09677419354847,20.92063492063492,47
2021,EJG Morgan,64,18.4,98.50000000000009,21.328125,0
2021,EJG Morgan,65,18.0,85.16666666666676,21.0,0
2021,EJG Morgan,66,16.6,65.16666666666676,20.681818181818183,7
2021,EJG Morgan,67,12.2,58.50000000000009,20.47761194029851,8
2021,EJG Morgan,68,12.4,52.42857142857152,20.294117647058822,2
2021,EJG Morgan,69,3.4,48.92857142857152,20.028985507246375,13
2021,EJG Morgan,70,6.0,70.59523809523819,19.928571428571427,2
2021,EJG Morgan,71,6.4,90.59523809523819,19.676056338028168,5
2021,EJG Morgan,72,6.0,87.38095238095248,19.47222222222222,0
2021,EJG Morgan,73,4.4,75.95238095238105,19.205479452054796,4
2012,F du Plessis,5,34.2,130.4406059413733,34.2,58
2012,F du Plessis,6,45.2,134.60727260803995,38.166666666666664,73
2012,F du Plessis,7,52.0,130.9544424193607,43.142857142857146,29
2012,F du Plessis,8,54.8,136.87751934243764,41.375,3
2012,F du Plessis,9,41.2,121.00795412504633,37.111111111111114,42
2012,F du Plessis,10,41.0,119.04716981132083,37.6,9
2012,F du Plessis,11,31.2,109.88050314465417,35.0,13
2014,F du Plessis,12,19.2,98.58333333333343,33.166666666666664,24
2014,F du Plessis,13,18.2,97.81862745098049,32.46153846153846,7
2014,F du Plessis,14,19.0,98.37418300653604,30.642857142857142,20
2014,F du Plessis,15,14.6,90.4254650578181,29.933333333333334,0
2014,F du Plessis,16,12.8,75.4254650578181,28.0625,52
2014,F du Plessis,17,20.6,100.7754650578181,29.470588235294116,31
2014,F du Plessis,18,22.0,98.37350427350438,29.555555555555557,38
2014,F du Plessis,19,28.2,101.81794871794882,30.0,23
2014,F du Plessis,20,28.8,109.43333333333342,29.65,19
2014,F du Plessis,21,32.6,143.97878787878795,29.142857142857142,54
2014,F du Plessis,22,33.0,126.92424242424252,30.272727272727273,35
2014,F du Plessis,23,33.8,132.909090909091,30.47826086956522,0
2015,F du Plessis,24,26.2,113.90909090909099,29.208333333333332,32
2015,F du Plessis,25,28.0,116.50909090909099,29.32,20
2015,F du Plessis,26,28.2,118.32727272727281,28.96153846153846,11
2015,F du Plessis,27,19.6,110.7048951048952,28.296296296296298,1
2015,F du Plessis,28,12.8,85.55337995338004,27.321428571428573,33
2015,F du Plessis,29,19.4,120.29022205864321,27.517241379310345,29
2015,F du Plessis,30,18.8,112.26597963440076,27.566666666666666,33
2015,F du Plessis,31,21.4,103.40234327076442,27.741935483870968,24
2015,F du Plessis,32,24.0,110.47926634768748,27.625,17
2015,F du Plessis,33,27.2,125.06259968102083,27.303030303030305,29
2015,F du Plessis,34,26.4,112.63344988344997,27.352941176470587,29
2015,F du Plessis,35,26.4,120.27508361204022,27.4,55
2015,F du Plessis,36,30.8,118.35647896087744,28.166666666666668,45
2015,F du Plessis,37,35.0,120.82706719617155,28.62162162162162,21
2015,F du Plessis,38,35.8,117.07706719617155,28.42105263157895,1
2016,F du Plessis,39,30.2,101.43604155514592,27.71794871794872,34
2016,F du Plessis,40,31.2,95.10753913968696,27.875,69
2016,F du Plessis,41,34.0,101.6191670466637,28.878048780487806,67
2016,F du Plessis,42,38.4,99.51221517500596,29.785714285714285,2
2016,F du Plessis,43,34.6,95.34554850833929,29.13953488372093,4
2016,F du Plessis,44,35.2,97.56777073056152,28.568181818181817,30
2017,F du Plessis,45,34.4,104.76583836341176,28.6,8
2018,F du Plessis,46,22.2,95.52995796474067,28.152173913043477,11
2018,F du Plessis,47,11.0,88.08939852418122,27.78723404255319,33
2018,F du Plessis,48,17.2,94.75606519084789,27.895833333333332,27
2018,F du Plessis,49,21.8,121.86717630195899,27.877551020408163,14
2018,F du Plessis,50,18.6,114.44688644688654,27.6,67
2018,F du Plessis,51,30.4,122.7525342874181,28.372549019607842,10
2019,F du Plessis,52,30.2,124.01127554615934,28.01923076923077,54
2019,F du Plessis,53,34.4,131.70358323846705,28.50943396226415,43
2019,F du Plessis,54,37.6,114.39923541238008,28.77777777777778,7
2019,F du Plessis,55,36.2,109.73256874571344,28.381818181818183,24
2019,F du Plessis,56,27.6,108.56977804803901,28.303571428571427,45
2019,F du Plessis,57,34.6,119.42021793073695,28.596491228070175,5
2019,F du Plessis,58,24.8,97.97791023842926,28.189655172413794,1
2019,F du Plessis,59,16.4,82.13940092165907,27.728813559322035,39
2019,F du Plessis,60,22.8,86.27893580538,27.916666666666668,96
2019,F du Plessis,61,37.2,91.18802671447091,29.0327868852459,6
2019,F du Plessis,62,29.4,73.06485955904569,28.661290322580644,50
2019,F du Plessis,63,38.4,92.45588520007134,29.0,26
2020/21,F du Plessis,64,43.4,129.59874234292846,28.953125,58
2020/21,F du Plessis,65,47.2,137.23698523698533,29.4,72
2020/21,F du Plessis,66,42.4,140.2226311699997,30.045454545454547,17
2020/21,F du Plessis,67,44.6,163.31354026090878,29.850746268656717,48
2020/21,F du Plessis,68,44.2,165.10108604845453,30.11764705882353,58
2020/21,F du Plessis,69,50.6,149.26775271512122,30.52173913043478,87
2020/21,F du Plessis,70,56.4,155.12633857370707,31.32857142857143,22
2020/21,F du Plessis,71,46.4,138.18398268398278,31.197183098591548,1
2020/21,F du Plessis,72,43.2,107.04112554112562,30.77777777777778,8
2020/21,F du Plessis,73,35.2,94.15800865800875,30.465753424657535,0
2020/21,F du Plessis,74,23.6,69.99134199134208,30.054054054054053,10
2020/21,F du Plessis,75,8.2,60.577200577200664,29.786666666666665,43
2020/21,F du Plessis,76,12.4,63.51370851370861,29.960526315789473,25
2021,F du Plessis,77,17.2,99.11810411810421,29.896103896103895,0
2021,F du Plessis,78,15.6,84.57264957264967,29.512820512820515,36
2021,F du Plessis,79,22.8,106.39083139083148,29.59493670886076,33
2021,F du Plessis,80,27.4,122.99213858037396,29.6375,95
2021,F du Plessis,81,37.8,129.26197985021523,30.444444444444443,50
2021,F du Plessis,82,42.8,114.60996519820057,30.682926829268293,56
2021,F du Plessis,83,54.0,144.0836494087269,30.987951807228917,50
2021,F du Plessis,84,56.8,157.97975330483078,31.214285714285715,25
2021,F du Plessis,85,55.2,145.4720133667503,31.141176470588235,41
2021,F du Plessis,86,44.4,138.09106098579792,31.25581395348837,76
2021,F du Plessis,87,49.6,139.19956996315938,31.770114942528735,43
2021,F du Plessis,88,47.0,138.39255241929973,31.897727272727273,0
2021,F du Plessis,89,37.0,102.678266705014,31.53932584269663,10
2021,F du Plessis,90,34.0,98.584699453552,31.3,31
2021,F du Plessis,91,32.0,99.65307552192807,31.296703296703296,1
2021,F du Plessis,92,17.0,84.73504273504284,30.967391304347824,86
2022,F du Plessis,93,25.6,84.26509737985157,31.559139784946236,88
2022,F du Plessis,94,43.2,113.117556396245,32.159574468085104,5
2022,F du Plessis,95,42.2,115.89533417402279,31.873684210526317,29
2022,F du Plessis,96,41.8,121.04918032786892,31.84375,16
2022,F du Plessis,97,44.8,123.84918032786894,31.68041237113402,8
2022,F du Plessis,98,29.2,113.43023679417131,31.43877551020408,8
2022,F du Plessis,99,13.2,97.9111111111112,31.2020202020202,96
2022,F du Plessis,100,31.4,102.44957264957274,31.85,5
2022,F du Plessis,101,26.6,87.73528693528704,31.584158415841586,23
2022,F du Plessis,102,28.0,96.84004884004894,31.5,0
2022,F du Plessis,103,26.4,79.06227106227115,31.194174757281555,38
2022,F du Plessis,104,32.4,98.7724159898074,31.259615384615383,73
2022,F du Plessis,105,27.8,97.31087752826893,31.65714285714286,10
2022,F du Plessis,106,28.8,108.02516324255464,31.452830188679247,44
2022,F du Plessis,107,33.0,109.27829607463484,31.570093457943926,0
2022,F du Plessis,108,33.0,109.27829607463484,31.27777777777778,25
2023,F du Plessis,109,30.4,94.7533363322838,31.220183486238533,73
2023,F du Plessis,110,30.4,100.62990162745375,31.6,23
2023,F du Plessis,111,33.0,113.96323496078708,31.52252252252252,79
2023,F du Plessis,112,40.0,123.72200689061162,31.946428571428573,22
2023,F du Plessis,113,44.4,151.22200689061162,31.858407079646017,62
2023,F du Plessis,114,51.8,170.27924594785068,32.12280701754386,84
2023,F du Plessis,115,54.0,165.79944178628398,32.573913043478264,62
2023,F du Plessis,116,61.8,159.26098024782243,32.827586206896555,17
2023,F du Plessis,117,49.4,174.91574215258433,32.69230769230769,44
2023,F du Plessis,118,53.8,169.41574215258436,32.78813559322034,45
2023,F du Plessis,119,50.4,159.11271184955405,32.890756302521005,65
2023,F du Plessis,120,46.6,159.87158577856263,33.15833333333333,55
2023,F du Plessis,121,45.2,152.52115842813527,33.33884297520661,71
2023,F du Plessis,122,56.0,133.53306319004005,33.64754098360656,28
2024,F du Plessis,123,52.8,141.00674740056633,33.60162601626016,35
2024,F du Plessis,124,50.8,142.90068679450573,33.61290322580645,3
2024,F du Plessis,125,38.4,121.23955722639941,33.368,8
2024,F du Plessis,126,29.0,119.65225563909785,33.166666666666664,19
2024,F du Plessis,127,18.6,119.29969153653371,33.05511811023622,44
2024,F du Plessis,128,21.8,116.49267399267406,33.140625,61
2024,F du Plessis,129,27.0,117.08210488698303,33.35658914728682,62
2024,F du Plessis,130,38.8,152.79639060126874,33.57692307692308,7
2024,F du Plessis,131,38.6,147.4392477441259,33.37404580152672,25
2024,F du Plessis,132,39.8,159.8751451800233,33.31060606060606,24
2024,F du Plessis,133,35.8,170.1315554364336,33.2406015037594,64
2024,F du Plessis,134,36.4,196.02763178850142,33.47014925373134,9
2024,F du Plessis,135,25.8,177.45620321707287,33.28888888888889,6
2024,F du Plessis,136,25.6,177.09906035993,33.088235294117645,54
2024,F du Plessis,137,31.4,163.124701385571,33.24087591240876,17
2009/10,FY Fazal,5,20.2,80.55555555555564,20.2,4
2009/10,FY Fazal,6,14.8,68.05555555555564,17.5,36
2009/10,FY Fazal,7,13.0,70.3831417624522,20.142857142857142,10
2009/10,FY Fazal,8,13.4,69.54980842911887,18.875,13
2011,FY Fazal,9,12.6,70.66091954022997,18.22222222222222,3
2011,FY Fazal,10,13.2,85.66091954022997,16.7,16
2007/08,G Gambhir,5,44.8,134.93330064758646,44.8,1
2007/08,G Gambhir,6,33.4,113.48205348205356,37.5,80
2007/08,G Gambhir,7,47.0,118.18793583499476,43.57142857142857,31
2007/08,G Gambhir,8,49.6,119.43017185983949,42.0,10
2007/08,G Gambhir,9,34.4,116.1497485794162,38.44444444444444,79
2007/08,G Gambhir,10,40.2,120.10311370925191,42.5,40
2007/08,G Gambhir,11,48.0,142.88089148702971,42.27272727272727,39
2007/08,G Gambhir,12,39.8,135.88334246742184,42.0,19
2007/08,G Gambhir,13,37.4,151.14904295051363,40.23076923076923,11
2009,G Gambhir,14,37.6,135.51879084967328,38.142857142857146,15
2009,G Gambhir,15,24.8,125.96697012138198,36.6,0
2009,G Gambhir,16,16.8,100.96697012138198,34.3125,16
2009,G Gambhir,17,12.2,93.43407538453987,33.23529411764706,8
2009,G Gambhir,18,10.0,77.87851982898431,31.833333333333332,17
2009,G Gambhir,19,11.2,87.60401002506273,31.05263157894737,13
2009,G Gambhir,20,10.8,84.74686716791989,30.15,71
2009,G Gambhir,21,25.0,109.22962578860954,32.095238095238095,19
2009,G Gambhir,22,25.6,108.22085385878498,31.5,18
2009,G Gambhir,23,27.6,95.95418719211833,30.91304347826087,19
2009,G Gambhir,24,28.0,87.90290514083627,30.416666666666668,8
2009,G Gambhir,25,27.0,83.87693111486223,29.52,8
2009,G Gambhir,26,14.4,79.39417249417258,28.692307692307693,27
2009,G Gambhir,27,16.0,91.98189179241821,28.62962962962963,47
2009,G Gambhir,28,21.8,102.31873389768135,29.285714285714285,0
2009/10,G Gambhir,29,18.0,87.70334928229674,28.275862068965516,72
2009/10,G Gambhir,30,30.8,99.82456140350885,29.733333333333334,9
2009/10,G Gambhir,31,31.0,102.32456140350885,29.06451612903226,1
2009/10,G Gambhir,32,25.8,83.9035087719299,28.1875,43
2009/10,G Gambhir,33,25.0,81.21794871794881,28.636363636363637,1
2009/10,G Gambhir,34,25.2,101.21794871794881,27.823529411764707,47
2009/10,G Gambhir,35,20.2,106.9650751547304,28.37142857142857,26
2009/10,G Gambhir,36,23.6,119.13174182139707,28.305555555555557,17
2009/10,G Gambhir,37,26.8,146.90951959917487,28.0,57
2009/10,G Gambhir,38,29.6,144.8582375478928,28.763157894736842,4
2011,G Gambhir,39,30.2,133.74712643678168,28.128205128205128,1
2011,G Gambhir,40,21.0,111.33333333333341,27.45,29
2011,G Gambhir,41,21.6,107.19298245614046,27.48780487804878,75
2011,G Gambhir,42,33.2,103.50611376927176,28.61904761904762,35
2011,G Gambhir,43,28.8,101.45483171798972,28.767441860465116,3
2011,G Gambhir,44,28.6,104.56594282910082,28.181818181818183,48
2011,G Gambhir,45,38.0,117.98057697544228,28.622222222222224,18
2011,G Gambhir,46,35.8,106.40162960702123,28.391304347826086,45
2011,G Gambhir,47,29.8,91.45965668632489,28.74468085106383,35
2011,G Gambhir,48,29.8,103.94572134630262,28.875,0
2011,G Gambhir,49,29.2,91.9457213463026,28.285714285714285,16
2011,G Gambhir,50,22.8,85.37319246311904,28.04,7
2011,G Gambhir,51,20.6,81.98137959762197,27.627450980392158,54
2011,G Gambhir,52,22.4,85.3324434274092,28.134615384615383,8
2011,G Gambhir,53,17.0,77.7548036758564,27.754716981132077,4
2012,G Gambhir,54,17.8,86.6436925647453,27.314814814814813,16
2012,G Gambhir,55,17.8,91.13492063492072,27.10909090909091,0
2012,G Gambhir,56,16.4,75.57936507936518,26.625,64
2012,G Gambhir,57,18.4,85.89987789987799,27.280701754385966,11
2012,G Gambhir,58,19.0,81.37606837606846,27.0,22
2012,G Gambhir,59,22.6,106.33333333333341,26.915254237288135,66
2012,G Gambhir,60,32.6,115.00000000000009,27.566666666666666,30
2012,G Gambhir,61,38.6,134.3548387096775,27.60655737704918,93
2012,G Gambhir,62,44.4,135.97877033360913,28.661290322580644,63
2012,G Gambhir,63,54.8,140.1454370002758,29.206349206349206,56
2012,G Gambhir,64,61.6,133.61635632485368,29.625,36
2012,G Gambhir,65,55.6,136.3436290521264,29.723076923076924,0
2012,G Gambhir,66,49.6,116.988790342449,29.272727272727273,62
2012,G Gambhir,67,43.4,111.3815552003301,29.761194029850746,27
2012,G Gambhir,68,36.2,111.3815552003301,29.720588235294116,10
2012,G Gambhir,69,27.0,100.73114869626507,29.434782608695652,32
2012,G Gambhir,70,26.2,108.00387596899233,29.47142857142857,2
2013,G Gambhir,71,26.6,118.00387596899233,29.08450704225352,41
2013,G Gambhir,72,22.4,117.44252873563228,29.25,22
2013,G Gambhir,73,21.4,114.07296351824098,29.15068493150685,59
2013,G Gambhir,74,31.2,123.05847076461778,29.554054054054053,53
2013,G Gambhir,75,35.4,106.10194902548736,29.866666666666667,60
2013,G Gambhir,76,47.0,126.87117979471812,30.263157894736842,25
2013,G Gambhir,77,43.8,123.59531772575261,30.194805194805195,26
2013,G Gambhir,78,44.6,130.4648829431439,30.141025641025642,8
2013,G Gambhir,79,34.4,131.4793756967671,29.860759493670887,14
2013,G Gambhir,80,26.6,143.43589743589752,29.6625,12
2013,G Gambhir,81,17.0,127.66666666666674,29.444444444444443,0
2013,G Gambhir,82,12.0,102.66666666666674,29.085365853658537,50
2013,G Gambhir,83,16.8,98.40579710144937,29.337349397590362,14
2013,G Gambhir,84,18.0,89.2391304347827,29.154761904761905,12
2013,G Gambhir,85,17.6,67.57246376811602,28.95294117647059,10
2014,G Gambhir,86,17.2,63.098779557589715,28.732558139534884,0
2014,G Gambhir,87,17.2,63.098779557589715,28.402298850574713,0
2014,G Gambhir,88,7.2,41.359649122807106,28.079545454545453,0
2014,G Gambhir,89,4.4,23.859649122807106,27.764044943820224,1
2014,G Gambhir,90,2.2,14.526315789473774,27.466666666666665,45
2014,G Gambhir,91,9.2,24.000000000000092,27.65934065934066,6
2014,G Gambhir,92,10.4,44.00000000000009,27.42391304347826,54
2014,G Gambhir,93,21.2,75.76470588235303,27.70967741935484,69
2014,G Gambhir,94,35.0,100.40756302521018,28.148936170212767,63
2014,G Gambhir,95,47.4,123.21607366350804,28.51578947368421,14
2014,G Gambhir,96,41.2,117.9529157687712,28.364583333333332,6
2014,G Gambhir,97,41.2,109.9529157687712,28.1340206185567,21
2014,G Gambhir,98,34.6,99.18820988641826,28.06122448979592,4
2014,G Gambhir,99,21.6,94.54535274356112,27.818181818181817,28
2014,G Gambhir,100,14.6,98.84795321637436,27.82,1
2014,G Gambhir,101,12.0,90.77777777777786,27.554455445544555,23
2015,G Gambhir,102,15.4,102.98830409356735,27.50980392156863,57
2015,G Gambhir,103,22.6,107.89739500265826,27.796116504854368,58
2015,G Gambhir,104,33.4,112.06406166932493,28.08653846153846,19
2015,G Gambhir,105,31.6,103.30589173468438,28.0,11
2015,G Gambhir,106,33.6,108.21817243643878,27.839622641509433,60
2015,G Gambhir,107,41.0,108.0076461206493,28.14018691588785,4
2015,G Gambhir,108,30.4,90.98744410044728,27.916666666666668,12
2015,G Gambhir,109,21.2,88.63895925196243,27.770642201834864,0
2015,G Gambhir,110,17.4,66.28601807549185,27.51818181818182,12
2015,G Gambhir,111,17.6,78.70707070707078,27.37837837837838,31
2015,G Gambhir,112,11.8,81.66359244620124,27.410714285714285,24
2015,G Gambhir,113,15.8,93.64426877470365,27.38053097345133,38
2015,G Gambhir,114,21.0,97.15942028985516,27.473684210526315,1
2016,G Gambhir,115,21.2,103.82608695652183,27.243478260869566,38
2016,G Gambhir,116,26.4,97.500505561173,27.336206896551722,64
2016,G Gambhir,117,33.0,93.40112667918541,27.64957264957265,90
2016,G Gambhir,118,46.2,101.56381952631023,28.177966101694917,34
2016,G Gambhir,119,45.4,95.65905762154833,28.22689075630252,11
2016,G Gambhir,120,47.4,132.99239095488167,28.083333333333332,59
2016,G Gambhir,121,51.6,141.54019457245272,28.33884297520661,6
2016,G Gambhir,122,40.0,133.6830517153099,28.15573770491803,37
2016,G Gambhir,123,29.4,127.07503607503615,28.227642276422763,54
2016,G Gambhir,124,33.4,131.64646464646472,28.43548387096774,5
2016,G Gambhir,125,32.2,104.31313131313141,28.248,0
2016,G Gambhir,126,20.4,78.09090909090918,28.023809523809526,51
2016,G Gambhir,127,29.4,93.09090909090918,28.20472440944882,8
2016,G Gambhir,128,23.6,90.66666666666676,28.046875,16
2016,G Gambhir,129,16.0,88.00000000000009,27.953488372093023,28
2017,G Gambhir,130,20.6,91.33333333333343,27.953846153846154,76
2017,G Gambhir,131,35.8,121.73333333333343,28.3206106870229,19
2017,G Gambhir,132,29.4,120.96410256410266,28.25,72
2017,G Gambhir,133,42.2,128.65641025641034,28.57894736842105,15
2017,G Gambhir,134,42.0,123.9897435897437,28.47761194029851,14
2017,G Gambhir,135,39.2,127.32307692307702,28.37037037037037,33
2017,G Gambhir,136,30.6,119.68169761273218,28.404411764705884,14
2017,G Gambhir,137,29.6,113.7842617152963,28.2992700729927,62
2017,G Gambhir,138,27.6,111.92528735632195,28.543478260869566,71
2017,G Gambhir,139,38.8,122.05107351984392,28.848920863309353,11
2017,G Gambhir,140,38.2,118.71774018651062,28.72142857142857,24
2017,G Gambhir,141,36.4,121.22227739159227,28.68794326241135,14
2017,G Gambhir,142,36.4,115.38894405825894,28.58450704225352,8
2017,G Gambhir,143,25.6,98.44449961381449,28.44055944055944,21
2017,G Gambhir,144,15.6,96.357929136567,28.38888888888889,32
2017,G Gambhir,145,19.8,106.83411961275746,28.413793103448278,12
2018,G Gambhir,146,17.4,96.57096171802064,28.301369863013697,55
2018,G Gambhir,147,25.6,105.26143790849683,28.482993197278912,15
2018,G Gambhir,148,27.0,115.12254901960793,28.39189189189189,8
2018,G Gambhir,149,24.4,113.2738095238096,28.25503355704698,3
2018,G Gambhir,150,18.6,88.79761904761912,28.086666666666666,4
2007/08,GC Smith,5,32.4,85.61162870945489,32.4,40
2007/08,GC Smith,6,26.2,73.34671465485428,33.666666666666664,24
2007/08,GC Smith,7,21.2,66.56510545945198,32.285714285714285,75
2007/08,GC Smith,8,35.8,89.1527065376191,37.625,24
2007/08,GC Smith,9,33.6,94.56937320428577,36.111111111111114,91
2007/08,GC Smith,10,50.8,118.45826209317465,41.6,25
2009,GC Smith,11,47.8,122.58088365765668,40.09090909090909,2
2009,GC Smith,12,43.4,109.36249285305897,36.916666666666664,15
2009,GC Smith,13,31.4,95.34632034632043,35.23076923076923,2
2009,GC Smith,14,27.0,80.34632034632043,32.857142857142854,44
2009,GC Smith,15,17.6,63.67965367965377,33.6,2
2009,GC Smith,16,13.0,48.95238095238104,31.625,0
2009,GC Smith,17,12.6,45.619047619047706,29.764705882352942,77
2009,GC Smith,18,25.0,66.33333333333341,32.388888888888886,20
2009,GC Smith,19,28.6,79.5151515151516,31.736842105263158,30
2009,GC Smith,20,25.8,79.36363636363645,31.65,1
2009,GC Smith,21,25.6,78.03030303030312,30.19047619047619,19
2009,GC Smith,22,29.4,98.03030303030312,29.681818181818183,0
2009/10,GC Smith,23,14.0,63.030303030303116,28.391304347826086,26
2009/10,GC Smith,24,15.2,68.48484848484858,28.291666666666668,18
2011,GC Smith,25,12.8,70.3030303030304,27.88,0
2011,GC Smith,26,12.6,63.636363636363726,26.807692307692307,24
2011,GC Smith,27,13.6,61.41414141414151,26.703703703703702,12
2011,GC Smith,28,16.0,78.55699855699865,26.178571428571427,6
2023,GD Phillips,5,11.8,152.5824175824177,11.8,0
2023,GD Phillips,6,9.0,117.58241758241768,9.833333333333334,5
2023,GD Phillips,7,9.2,136.42857142857153,9.142857142857142,1
2013,GH Vihari,5,14.8,64.06156850652697,14.8,46
2013,GH Vihari,6,21.8,69.31797876293723,20.0,2
2013,GH Vihari,7,13.4,63.92790784095141,17.428571428571427,4
2013,GH Vihari,8,10.8,58.034188034188126,15.75,25
2013,GH Vihari,9,15.6,69.77331846897073,16.77777777777778,11
2013,GH Vihari,10,17.6,87.55109624674851,16.2,4
2013,GH Vihari,11,9.2,90.62801932367158,15.090909090909092,3
2013,GH Vihari,12,9.4,84.79468599033825,14.083333333333334,5
2013,GH Vihari,13,9.6,90.19151138716366,13.384615384615385,41
2013,GH Vihari,14,12.8,90.03132832080209,15.357142857142858,19
2013,GH Vihari,15,14.4,83.13477659666417,15.6,6
2013,GH Vihari,16,14.8,63.9681099299975,15.0,1
2015,GH Vihari,17,14.4,58.9681099299975,14.176470588235293,16
2015,GH Vihari,18,16.6,76.68239564428322,14.277777777777779,9
2015,GH Vihari,19,10.2,77.60344827586216,14.0,8
2015,GH Vihari,20,8.0,96.50000000000009,13.7,6
2019,GH Vihari,21,8.0,98.23076923076931,13.333333333333334,2
2019,GH Vihari,22,8.2,109.06410256410265,12.818181818181818,2
2014,GJ Bailey,5,18.0,118.76190476190486,18.0,11
2014,GJ Bailey,6,14.2,112.00000000000009,16.833333333333332,16
2014,GJ Bailey,7,14.4,107.00000000000009,16.714285714285715,15
2014,GJ Bailey,8,13.8,115.09523809523819,16.5,40
2014,GJ Bailey,9,18.4,142.63369963369973,19.11111111111111,1
2014,GJ Bailey,10,16.6,120.4908424908426,17.3,12
2014,GJ Bailey,11,16.8,127.64235764235772,16.818181818181817,35
2014,GJ Bailey,12,20.6,144.4844629055156,18.333333333333332,6
2014,GJ Bailey,13,18.8,140.19874861980136,17.384615384615383,39
2014,GJ Bailey,14,18.6,104.66028708133982,18.928571428571427,26
2014,GJ Bailey,15,23.6,130.69203311308584,19.4,1
2014,GJ Bailey,16,21.4,128.873851294904,18.25,26
2014,GJ Bailey,17,19.6,122.61998132586375,18.705882352941178,1
2014,GJ Bailey,18,18.6,115.47712418300662,17.72222222222222,1
2015,GJ Bailey,19,11.0,99.47712418300662,16.842105263157894,24
2015,GJ Bailey,20,10.6,94.58823529411772,17.2,61
2015,GJ Bailey,21,22.6,111.5579322638147,19.285714285714285,19
2015,GJ Bailey,22,21.2,115.51515151515162,19.272727272727273,60
2015,GJ Bailey,23,33.0,131.60210803689074,21.043478260869566,1
2015,GJ Bailey,24,33.0,128.26877470355743,20.208333333333332,22
2015,GJ Bailey,25,32.6,128.71321914800185,20.28,18
2015,GJ Bailey,26,24.0,114.24352217830487,20.192307692307693,21
2015,GJ Bailey,27,24.4,103.03140096618367,20.22222222222222,2
2015,GJ Bailey,28,12.8,86.94444444444454,19.571428571428573,6
2015,GJ Bailey,29,13.8,91.18686868686879,19.103448275862068,13
2015,GJ Bailey,30,12.0,95.63131313131322,18.9,12
2016,GJ Bailey,31,10.8,107.4170274170275,18.677419354838708,0
2016,GJ Bailey,32,6.6,84.08369408369417,18.09375,34
2016,GJ Bailey,33,13.0,91.08369408369417,18.575757575757574,33
2016,GJ Bailey,34,18.4,104.6190476190477,19.0,8
2016,GJ Bailey,35,17.4,84.15121136173777,18.685714285714287,9
2014,GJ Maxwell,5,8.4,87.77310924369758,8.4,95
2014,GJ Maxwell,6,26.8,118.78501400560235,22.833333333333332,89
2014,GJ Maxwell,7,44.0,141.65735443113425,32.285714285714285,95
2014,GJ Maxwell,8,60.4,147.69631547009527,40.125,15
2014,GJ Maxwell,9,58.8,143.7144150176066,37.333333333333336,6
2014,GJ Maxwell,10,60.0,163.7144150176066,34.2,45
2014,GJ Maxwell,11,50.0,155.16556444289395,35.18181818181818,90
2014,GJ Maxwell,12,50.2,162.29322401736204,39.75,25
2014,GJ Maxwell,13,36.2,160.77807250221053,38.61538461538461,14
2014,GJ Maxwell,14,36.0,157.70114942528747,36.857142857142854,43
2014,GJ Maxwell,15,43.4,176.79205851619653,37.266666666666666,14
2014,GJ Maxwell,16,37.2,167.29603729603738,35.8125,2
2014,GJ Maxwell,17,19.6,135.62937062937073,33.8235294117647,0
2014,GJ Maxwell,18,14.6,93.96270396270405,31.944444444444443,6
2014,GJ Maxwell,19,13.0,87.29603729603738,30.57894736842105,13
2014,GJ Maxwell,20,7.0,80.70512820512829,29.7,0
2015,GJ Maxwell,21,4.2,59.16666666666676,28.285714285714285,7
2015,GJ Maxwell,22,5.2,73.83333333333341,27.318181818181817,6
2015,GJ Maxwell,23,6.4,103.83333333333341,26.391304347826086,15
2015,GJ Maxwell,24,8.2,150.50000000000009,25.916666666666668,33
2015,GJ Maxwell,25,12.2,141.57142857142867,26.2,2
2015,GJ Maxwell,26,12.6,147.2857142857144,25.26923076923077,12
2015,GJ Maxwell,27,13.6,145.95238095238105,24.77777777777778,1
2015,GJ Maxwell,28,12.6,119.95238095238105,23.928571428571427,43
2015,GJ Maxwell,29,18.2,99.04329004329013,24.586206896551722,11
2015,GJ Maxwell,30,13.8,112.13852813852823,24.133333333333333,10
2015,GJ Maxwell,31,15.4,126.42424242424252,23.677419354838708,6
2016,GJ Maxwell,32,14.2,108.32900432900442,23.125,2
2016,GJ Maxwell,33,14.4,114.32900432900442,22.484848484848484,0
2016,GJ Maxwell,34,5.8,75.23809523809533,21.823529411764707,32
2016,GJ Maxwell,35,10.0,84.28571428571438,22.114285714285714,4
2016,GJ Maxwell,36,8.8,73.17460317460326,21.61111111111111,1
2016,GJ Maxwell,37,7.8,74.6031746031747,21.054054054054053,56
2016,GJ Maxwell,38,18.6,93.32112332112341,21.973684210526315,0
2016,GJ Maxwell,39,18.6,93.32112332112341,21.41025641025641,68
2016,GJ Maxwell,40,25.8,79.23474458358189,22.575,16
2016,GJ Maxwell,41,28.2,97.01252236135966,22.414634146341463,0
2017,GJ Maxwell,42,28.0,87.01252236135966,21.88095238095238,44
2017,GJ Maxwell,43,25.6,96.55544320862832,22.3953488372093,43
2017,GJ Maxwell,44,34.2,135.64635229953743,22.863636363636363,25
2017,GJ Maxwell,45,25.6,139.73273103707896,22.91111111111111,0
2017,GJ Maxwell,46,22.4,113.06606437041228,22.41304347826087,10
2017,GJ Maxwell,47,24.4,129.73273103707896,22.148936170212767,40
2017,GJ Maxwell,48,23.6,135.91630591630602,22.520833333333332,31
2017,GJ Maxwell,49,21.2,131.26984126984135,22.693877551020407,0
2017,GJ Maxwell,50,16.2,95.55555555555564,22.24,6
2017,GJ Maxwell,51,17.4,106.46464646464656,21.92156862745098,20
2017,GJ Maxwell,52,19.4,126.16161616161624,21.884615384615383,44
2017,GJ Maxwell,53,20.2,114.30976430976439,22.30188679245283,47
2017,GJ Maxwell,54,23.4,122.59259259259265,22.75925925925926,0
2018,GJ Maxwell,55,23.4,122.59259259259265,22.345454545454544,17
2018,GJ Maxwell,56,25.6,140.0168350168351,22.25,13
2018,GJ Maxwell,57,24.2,146.98653198653207,22.087719298245613,47
2018,GJ Maxwell,58,24.8,157.12121212121218,22.517241379310345,4
2018,GJ Maxwell,59,16.2,127.72727272727279,22.203389830508474,12
2018,GJ Maxwell,60,18.6,151.7272727272728,22.033333333333335,27
2018,GJ Maxwell,61,20.6,153.3939393939395,22.114754098360656,6
2018,GJ Maxwell,62,19.2,134.06060606060615,21.85483870967742,5
2018,GJ Maxwell,63,10.8,111.33333333333341,21.58730158730159,2
2018,GJ Maxwell,64,10.4,111.33333333333341,21.28125,9
2018,GJ Maxwell,65,9.8,109.83333333333341,21.092307692307692,5
2018,GJ Maxwell,66,5.4,92.33333333333341,20.848484848484848,22
2020/21,GJ Maxwell,67,8.6,91.49122807017554,20.865671641791046,1
2020/21,GJ Maxwell,68,7.8,76.49122807017552,20.573529411764707,12
2020/21,GJ Maxwell,69,9.8,81.61943319838065,20.44927536231884,11
2020/21,GJ Maxwell,70,10.2,70.69838056680172,20.314285714285713,5
2020/21,GJ Maxwell,71,10.2,74.86504723346837,20.098591549295776,11
2020/21,GJ Maxwell,72,8.0,83.13572392519771,19.97222222222222,0
2020/21,GJ Maxwell,73,7.8,78.13572392519771,19.698630136986303,10
2020/21,GJ Maxwell,74,7.4,99.67418546365923,19.56756756756757,13
2020/21,GJ Maxwell,75,7.8,114.09523809523819,19.48,6
2020/21,GJ Maxwell,76,8.0,117.42857142857152,19.30263157894737,7
2020/21,GJ Maxwell,77,7.2,96.76923076923086,19.142857142857142,32
2021,GJ Maxwell,78,13.6,120.47293447293455,19.307692307692307,39
2021,GJ Maxwell,79,19.4,106.47293447293455,19.556962025316455,59
2021,GJ Maxwell,80,28.6,106.69515669515677,20.05,78
2021,GJ Maxwell,81,43.0,117.28339198927442,20.765432098765434,22
2021,GJ Maxwell,82,46.0,135.84749455337698,20.78048780487805,25
2021,GJ Maxwell,83,44.6,137.14379084967328,20.83132530120482,0
2021,GJ Maxwell,84,36.8,111.14379084967327,20.583333333333332,10
2021,GJ Maxwell,85,27.0,96.68627450980401,20.458823529411763,57
2021,GJ Maxwell,86,22.8,98.66946778711494,20.88372093023256,40
2021,GJ Maxwell,87,26.4,100.10536522301237,21.103448275862068,51
2021,GJ Maxwell,88,31.6,105.10536522301236,21.443181818181817,50
2021,GJ Maxwell,89,41.6,136.35536522301237,21.764044943820224,56
2021,GJ Maxwell,90,50.8,153.30860805860814,22.144444444444446,11
2021,GJ Maxwell,91,41.6,145.18162393162402,22.021978021978022,15
2022,GJ Maxwell,92,36.6,130.20186684660376,21.945652173913043,8
2022,GJ Maxwell,93,28.0,180.20186684660376,21.795698924731184,26
2022,GJ Maxwell,94,23.2,196.22459411933104,21.840425531914892,55
2022,GJ Maxwell,95,23.0,198.93521682995373,22.189473684210526,23
2022,GJ Maxwell,96,25.4,216.30895420369114,22.197916666666668,12
2022,GJ Maxwell,97,24.8,218.98101898101908,22.09278350515464,0
2022,GJ Maxwell,98,23.2,138.98101898101908,21.867346938775512,33
2022,GJ Maxwell,99,24.6,128.37495837495845,21.97979797979798,3
2022,GJ Maxwell,100,14.2,116.94638694638704,21.79,33
2022,GJ Maxwell,101,16.2,101.52820512820522,21.900990099009903,35
2022,GJ Maxwell,102,20.8,113.50144927536242,22.029411764705884,40
2022,GJ Maxwell,103,28.8,155.60671243325714,22.203883495145632,9
2022,GJ Maxwell,104,24.0,136.9400457665905,22.076923076923077,24
2023,GJ Maxwell,105,28.2,153.86312268966742,22.095238095238095,12
2023,GJ Maxwell,106,24.0,207.4631226896674,22.0,5
2023,GJ Maxwell,107,18.0,191.31405436668604,21.8411214953271,59
2023,GJ Maxwell,108,21.8,188.54212454212464,22.185185185185187,24
2023,GJ Maxwell,109,24.8,204.82783882783892,22.201834862385322,76
2023,GJ Maxwell,110,35.2,208.98584298584305,22.69090909090909,0
2023,GJ Maxwell,111,32.8,128.98584298584305,22.486486486486488,77
2023,GJ Maxwell,112,47.2,147.46608614693727,22.973214285714285,5
2023,GJ Maxwell,113,36.4,133.132752813604,22.8141592920354,4
2023,GJ Maxwell,114,32.4,114.84703852788967,22.649122807017545,0
2023,GJ Maxwell,115,17.2,73.7659574468086,22.452173913043477,68
2023,GJ Maxwell,116,30.8,114.97807865892983,22.844827586206897,54
2023,GJ Maxwell,117,26.2,113.06926406926416,23.11111111111111,5
2023,GJ Maxwell,118,26.2,121.40259740259751,22.95762711864407,11
2024,GJ Maxwell,119,27.6,149.4025974025975,22.857142857142858,0
2024,GJ Maxwell,120,27.6,149.4025974025975,22.666666666666668,3
2024,GJ Maxwell,121,14.6,118.19047619047629,22.50413223140496,28
2024,GJ Maxwell,122,9.4,116.80701754385976,22.549180327868854,0
2024,GJ Maxwell,123,8.4,83.4736842105264,22.365853658536587,1
2024,GJ Maxwell,124,6.4,46.140350877193065,22.193548387096776,0
2024,GJ Maxwell,125,6.4,46.140350877193065,22.016,4
2024,GJ Maxwell,126,6.6,62.80701754385973,21.873015873015873,16
2024,GJ Maxwell,127,4.2,97.33333333333341,21.826771653543307,0
2013,Gurkeerat Singh,5,23.4,164.2095238095239,23.4,10
2013,Gurkeerat Singh,6,20.8,159.14285714285722,21.166666666666668,0
2013,Gurkeerat Singh,7,15.0,110.8095238095239,18.142857142857142,17
2013,Gurkeerat Singh,8,16.8,107.14285714285725,18.0,28
2013,Gurkeerat Singh,9,17.2,101.14285714285724,19.11111111111111,2
2013,Gurkeerat Singh,10,11.4,89.00000000000009,17.4,0
2013,Gurkeerat Singh,11,9.4,75.66666666666677,15.818181818181818,20
2013,Gurkeerat Singh,12,13.4,94.71428571428581,16.166666666666668,0
2015,Gurkeerat Singh,13,10.0,66.38095238095248,14.923076923076923,11
2015,Gurkeerat Singh,14,6.6,51.047619047619136,14.642857142857142,4
2015,Gurkeerat Singh,15,7.0,51.047619047619136,13.933333333333334,3
2015,Gurkeerat Singh,16,7.6,63.047619047619136,13.25,2
2015,Gurkeerat Singh,17,4.0,57.333333333333414,12.588235294117647,15
2016,Gurkeerat Singh,18,7.0,77.33333333333341,12.722222222222221,0
2016,Gurkeerat Singh,19,4.8,55.333333333333414,12.052631578947368,11
2016,Gurkeerat Singh,20,6.2,63.66666666666676,12.0,6
2016,Gurkeerat Singh,21,6.8,81.66666666666676,11.714285714285714,27
2016,Gurkeerat Singh,22,11.8,95.33333333333341,12.409090909090908,18
2016,Gurkeerat Singh,23,12.4,95.33333333333341,12.652173913043478,51
2019,Gurkeerat Singh,24,22.6,129.33333333333343,14.25,27
2019,Gurkeerat Singh,25,25.8,138.00000000000009,14.76,6
2019,Gurkeerat Singh,26,25.8,148.00000000000009,14.423076923076923,65
2020/21,Gurkeerat Singh,27,33.4,147.00000000000009,16.296296296296298,21
2020/21,Gurkeerat Singh,28,34.0,143.15384615384625,16.464285714285715,14
2020/21,Gurkeerat Singh,29,26.6,132.4871794871796,16.379310344827587,15
2020/21,Gurkeerat Singh,30,24.2,117.98717948717959,16.333333333333332,19
2020/21,Gurkeerat Singh,31,26.8,97.98717948717959,16.419354838709676,2
2019,H Klaasen,5,12.0,89.09090909090918,12.0,6
2023,H Klaasen,6,11.8,86.23376623376632,11.0,16
2023,H Klaasen,7,15.0,131.94805194805204,11.714285714285714,36
2023,H Klaasen,8,15.8,145.21008403361353,14.75,17
2023,H Klaasen,9,15.6,146.46008403361353,15.0,31
2023,H Klaasen,10,21.2,159.09166298098194,16.6,53
2023,H Klaasen,11,30.6,177.28213917145814,19.90909090909091,36
2023,H Klaasen,12,34.6,167.56785345717245,21.25,26
2023,H Klaasen,13,32.6,168.54824561403518,21.615384615384617,47
2023,H Klaasen,14,38.6,178.6315789473685,23.428571428571427,64
2023,H Klaasen,15,45.2,173.82608695652183,26.133333333333333,104
2023,H Klaasen,16,55.4,178.4927536231885,31.0,18
2024,H Klaasen,17,51.8,170.18506131549617,30.235294117647058,63
2024,H Klaasen,18,59.2,168.85172798216286,32.05555555555556,80
2024,H Klaasen,19,65.8,183.23268036311524,34.578947368421055,24
2024,H Klaasen,20,57.8,192.3296703296704,34.05,10
2024,H Klaasen,21,39.0,170.5114885114886,32.904761904761905,9
2024,H Klaasen,22,37.2,162.8191808191809,31.818181818181817,67
2024,H Klaasen,23,38.0,159.1048951048952,33.34782608695652,15
2024,H Klaasen,24,25.0,146.7239427239428,32.583333333333336,7
2024,H Klaasen,25,21.6,156.46753246753258,31.56,20
2024,H Klaasen,26,23.6,156.46753246753255,31.115384615384617,42
2024,H Klaasen,27,30.2,180.67805878332203,31.51851851851852,2
2024,H Klaasen,28,17.2,152.39234449760775,30.464285714285715,42
2024,H Klaasen,29,22.6,149.0590111642744,30.862068965517242,32
2024,H Klaasen,30,27.6,132.86853497379823,30.9,50
2024,H Klaasen,31,33.6,141.71374381900708,31.516129032258064,16
2023,HC Brook,5,27.6,106.14942528735642,27.6,18
2023,HC Brook,6,28.6,121.46078059871172,26.0,7
2023,HC Brook,7,29.4,116.46078059871172,23.285714285714285,0
2023,HC Brook,8,26.8,97.88935202728314,20.375,0
2023,HC Brook,9,6.8,63.406593406593494,18.11111111111111,27
2023,HC Brook,10,10.4,63.406593406593494,19.0,0
2007/08,HH Gibbs,5,17.6,91.6111111111112,17.6,22
2007/08,HH Gibbs,6,20.6,96.7415458937199,18.333333333333332,44
2007/08,HH Gibbs,7,20.0,95.77329192546594,22.0,5
2007/08,HH Gibbs,8,19.0,90.05900621118022,19.875,8
2009,HH Gibbs,9,16.8,87.05900621118022,18.555555555555557,43
2009,HH Gibbs,10,24.4,106.41085806303207,21.0,13
2009,HH Gibbs,11,22.6,124.42328042328052,20.272727272727273,58
2009,HH Gibbs,12,25.4,124.4978145847712,23.416666666666668,69
2009,HH Gibbs,13,38.2,134.42262661484637,26.923076923076923,0
2009,HH Gibbs,14,36.6,118.42262661484638,25.0,8
2009,HH Gibbs,15,29.6,102.57077476299453,23.866666666666667,0
2009,HH Gibbs,16,27.0,65.42791762013739,22.375,0
2009,HH Gibbs,17,15.4,40.21052631578957,21.058823529411764,13
2009,HH Gibbs,18,4.2,36.00000000000009,20.61111111111111,28
2009,HH Gibbs,19,9.8,52.470588235294215,21.0,26
2009,HH Gibbs,20,13.4,50.524642289348265,21.25,60
2009,HH Gibbs,21,25.4,76.61159881108739,23.095238095238095,0
2009,HH Gibbs,22,25.4,76.61159881108739,22.045454545454547,53
2009/10,HH Gibbs,23,33.4,77.39591253657758,23.391304347826086,19
2009/10,HH Gibbs,24,31.6,76.7586576346168,23.208333333333332,45
2009/10,HH Gibbs,25,35.4,85.78152665748583,24.08,23
2009/10,HH Gibbs,26,28.0,79.6945701357467,24.03846153846154,31
2009/10,HH Gibbs,27,34.2,103.54072398190053,24.296296296296298,25
2009/10,HH Gibbs,28,28.6,114.00641025641035,24.321428571428573,27
2009/10,HH Gibbs,29,30.2,131.92307692307702,24.413793103448278,50
2009/10,HH Gibbs,30,31.2,129.67948717948727,25.266666666666666,17
2009/10,HH Gibbs,31,30.0,132.34615384615395,25.0,12
2009/10,HH Gibbs,32,26.2,132.50000000000009,24.59375,18
2012,HH Gibbs,33,24.8,115.09615384615395,24.393939393939394,66
2012,HH Gibbs,34,32.6,103.71903520208613,25.61764705882353,2
2012,HH Gibbs,35,23.0,88.59998758303851,24.942857142857143,13
2015,HH Pandya,5,10.0,148.2142857142858,10.0,61
2015,HH Pandya,6,19.0,138.38235294117655,18.5,1
2015,HH Pandya,7,19.2,148.38235294117655,16.0,0
2016,HH Pandya,8,18.2,138.38235294117655,14.0,9
2016,HH Pandya,9,15.8,99.72850678733042,13.444444444444445,9
2016,HH Pandya,10,16.0,76.09214315096678,13.0,2
2016,HH Pandya,11,4.2,46.87645687645697,12.0,2
2016,HH Pandya,12,4.4,44.87645687645697,11.166666666666666,2
2016,HH Pandya,13,4.8,58.2097902097903,10.461538461538462,2
2016,HH Pandya,14,3.4,64.36363636363646,9.857142857142858,4
2016,HH Pandya,15,2.4,88.00000000000009,9.466666666666667,7
2016,HH Pandya,16,3.4,90.08333333333341,9.3125,7
2017,HH Pandya,17,4.4,99.58333333333341,9.176470588235293,35
2017,HH Pandya,18,11.0,127.42647058823539,10.61111111111111,29
2017,HH Pandya,19,16.4,160.1537433155081,11.578947368421053,2
2017,HH Pandya,20,16.0,133.48707664884142,11.1,9
2017,HH Pandya,21,16.4,160.73707664884142,11.0,6
2017,HH Pandya,22,16.2,173.23707664884142,10.772727272727273,15
2017,HH Pandya,23,12.2,207.06060606060615,10.956521739130435,24
2017,HH Pandya,24,11.2,175.2028985507247,11.5,13
2017,HH Pandya,25,13.4,183.53623188405805,11.56,4
2017,HH Pandya,26,12.4,163.53623188405805,11.26923076923077,14
2017,HH Pandya,27,14.0,161.53623188405805,11.37037037037037,29
2017,HH Pandya,28,16.8,120.6538789428816,12.0,15
2017,HH Pandya,29,15.0,111.7843137254903,12.10344827586207,30
2017,HH Pandya,30,18.4,132.97478991596648,12.7,1
2017,HH Pandya,31,17.8,123.64145658263314,12.32258064516129,14
2017,HH Pandya,32,17.8,123.64145658263314,12.375,10
2018,HH Pandya,33,14.0,111.74603174603183,12.303030303030303,22
2018,HH Pandya,34,15.4,121.74603174603183,12.588235294117647,2
2018,HH Pandya,35,9.8,92.22222222222231,12.285714285714286,17
2018,HH Pandya,36,13.0,153.55555555555566,12.416666666666666,4
2018,HH Pandya,37,11.0,165.55555555555566,12.18918918918919,3
2018,HH Pandya,38,9.6,146.49122807017554,11.947368421052632,13
2018,HH Pandya,39,7.8,156.9912280701755,11.974358974358974,50
2018,HH Pandya,40,17.4,165.88011695906442,12.925,23
2018,HH Pandya,41,18.6,133.26473234367978,13.170731707317072,35
2018,HH Pandya,42,24.8,125.08291416186162,13.69047619047619,19
2018,HH Pandya,43,28.0,149.06787656787665,13.813953488372093,36
2018,HH Pandya,44,32.6,147.87222439396362,14.318181818181818,9
2018,HH Pandya,45,24.4,139.49615601789523,14.2,27
2019,HH Pandya,46,25.2,134.11154063327984,14.478260869565217,0
2019,HH Pandya,47,18.2,102.29335881509803,14.170212765957446,32
2019,HH Pandya,48,20.8,117.81716833890755,14.541666666666666,31
2019,HH Pandya,49,19.8,117.5128205128206,14.877551020408163,25
2019,HH Pandya,50,23.0,159.2222222222223,15.08,14
2019,HH Pandya,51,20.4,149.2222222222223,15.058823529411764,19
2019,HH Pandya,52,24.2,174.55555555555563,15.134615384615385,28
2019,HH Pandya,53,23.4,174.96581196581207,15.377358490566039,37
2019,HH Pandya,54,24.6,182.91318038686467,15.777777777777779,32
2019,HH Pandya,55,26.0,170.0242914979758,16.072727272727274,23
2019,HH Pandya,56,27.8,177.08311502738758,16.196428571428573,23
2019,HH Pandya,57,28.6,175.96030800984371,16.31578947368421,91
2019,HH Pandya,58,41.2,186.4127966976265,17.603448275862068,25
2019,HH Pandya,59,38.8,189.13209494324056,17.728813559322035,13
2019,HH Pandya,60,35.0,170.10179191293753,17.65,16
2020/21,HH Pandya,61,33.6,175.04296838352576,17.62295081967213,14
2020/21,HH Pandya,62,31.8,178.83244206773628,17.56451612903226,17
2020/21,HH Pandya,63,17.0,143.19776714513566,17.555555555555557,30
2020/21,HH Pandya,64,18.0,156.07655502392353,17.75,18
2020/21,HH Pandya,65,19.0,160.1324990798676,17.753846153846155,30
2020/21,HH Pandya,66,21.8,158.1324990798676,17.939393939393938,9
2020/21,HH Pandya,67,20.8,160.1324990798676,17.80597014925373,21
2020/21,HH Pandya,68,21.6,180.4195804195805,17.852941176470587,0
2020/21,HH Pandya,69,15.6,125.87412587412595,17.594202898550726,28
2020/21,HH Pandya,70,17.6,127.65550239234457,17.742857142857144,60
2020/21,HH Pandya,71,23.6,152.20095693779913,18.338028169014084,16
2020/21,HH Pandya,72,25.0,143.53429027113245,18.305555555555557,37
2020/21,HH Pandya,73,28.2,158.20961494645715,18.561643835616437,3
2021,HH Pandya,74,28.8,170.20961494645715,18.35135135135135,13
2021,HH Pandya,75,25.8,166.73593073593082,18.28,15
2021,HH Pandya,76,16.8,129.8375350140057,18.236842105263158,7
2021,HH Pandya,77,15.0,131.8375350140057,18.09090909090909,0
2021,HH Pandya,78,7.6,78.98039215686283,17.858974358974358,1
2021,HH Pandya,79,7.2,70.98039215686283,17.645569620253166,16
2021,HH Pandya,80,7.8,90.69467787114854,17.625,10
2021,HH Pandya,81,6.8,95.26984126984135,17.530864197530864,5
2021,HH Pandya,82,6.4,88.6031746031747,17.378048780487806,40
2021,HH Pandya,83,14.4,115.26984126984135,17.650602409638555,3
2021,HH Pandya,84,14.8,119.84126984126992,17.476190476190474,17
2022,HH Pandya,85,15.0,93.0158730158731,17.470588235294116,33
2022,HH Pandya,86,19.6,94.36507936507945,17.651162790697676,31
2022,HH Pandya,87,24.8,100.66137566137574,17.804597701149426,27
2022,HH Pandya,88,22.2,103.99470899470907,17.90909090909091,50
2022,HH Pandya,89,31.6,117.64550264550273,18.269662921348313,87
2022,HH Pandya,90,45.6,130.97883597883606,19.033333333333335,67
2022,HH Pandya,91,52.4,132.69042627533202,19.560439560439562,10
2022,HH Pandya,92,48.2,143.0607966457024,19.456521739130434,3
2022,HH Pandya,93,43.4,125.06079664570238,19.27956989247312,1
2022,HH Pandya,94,33.6,105.33857442348017,19.085106382978722,24
2022,HH Pandya,95,21.0,107.40206648697225,19.13684210526316,11
2022,HH Pandya,96,9.8,99.04212454212464,19.052083333333332,7
2022,HH Pandya,97,9.2,89.04212454212464,18.927835051546392,62
2022,HH Pandya,98,21.0,103.42510326552888,19.367346938775512,40
2022,HH Pandya,99,28.8,126.73155487843212,19.575757575757574,34
2023,HH Pandya,100,30.8,113.69584059271783,19.72,8
2023,HH Pandya,101,30.2,111.31821821509546,19.603960396039604,5
2023,HH Pandya,102,29.8,112.98488488176213,19.46078431372549,8
2023,HH Pandya,103,19.0,101.14736070381241,19.349514563106798,28
2023,HH Pandya,104,16.6,103.3409090909092,19.432692307692307,66
2023,HH Pandya,105,23.0,108.49090909090918,19.876190476190477,13
2023,HH Pandya,106,24.0,112.51688311688322,19.81132075471698,26
2023,HH Pandya,107,28.2,113.51688311688322,19.869158878504674,59
2023,HH Pandya,108,38.4,121.23557951482489,20.23148148148148,39
2023,HH Pandya,109,40.6,145.2355795148249,20.40366972477064,25
2023,HH Pandya,110,32.4,152.16891284815824,20.445454545454545,4
2023,HH Pandya,111,30.6,160.26415094339632,20.2972972972973,8
2023,HH Pandya,112,27.0,160.93081761006297,20.1875,8
2023,HH Pandya,113,16.8,161.5238095238096,20.079646017699115,28
2023,HH Pandya,114,14.6,152.60073260073267,20.149122807017545,21
2024,HH Pandya,115,13.8,154.26739926739933,20.156521739130437,11
2024,HH Pandya,116,15.2,182.60073260073267,20.07758620689655,24
2024,HH Pandya,117,18.4,179.93406593406604,20.11111111111111,34
2024,HH Pandya,118,23.6,189.45787545787556,20.228813559322035,39
2024,HH Pandya,119,25.8,168.66666666666677,20.386554621848738,21
2024,HH Pandya,120,25.8,203.66666666666674,20.391666666666666,2
2024,HH Pandya,121,24.0,155.33333333333343,20.239669421487605,10
2024,HH Pandya,122,21.2,164.66666666666674,20.15573770491803,10
2024,HH Pandya,123,16.4,152.28571428571436,20.073170731707318,46
2024,HH Pandya,124,17.8,166.8000000000001,20.282258064516128,0
2024,HH Pandya,125,13.6,96.8000000000001,20.12,1
2024,HH Pandya,126,13.4,96.8000000000001,19.96825396825397,2
2024,HH Pandya,127,11.8,73.46666666666675,19.826771653543307,16
2016,HM Amla,5,25.4,89.28571428571438,25.4,30
2017,HM Amla,6,31.2,105.28571428571438,26.166666666666668,28
2017,HM Amla,7,32.6,105.02645502645512,26.428571428571427,58
2017,HM Amla,8,44.2,134.77004477004488,30.375,25
2017,HM Amla,9,30.0,118.34147334147345,29.77777777777778,19
2017,HM Amla,10,32.0,120.00814000814009,28.7,0
2017,HM Amla,11,26.0,100.00814000814009,26.09090909090909,104
2017,HM Amla,12,41.2,112.28327228327237,32.583333333333336,65
2017,HM Amla,13,42.6,115.03968253968262,35.07692307692308,16
2017,HM Amla,14,40.8,111.7279942279943,33.714285714285715,1
2017,HM Amla,15,37.2,86.72799422799432,31.533333333333335,104
2014,HV Patel,5,4.4,108.18181818181827,4.4,6
2015,HV Patel,6,5.6,148.18181818181827,4.666666666666667,9
2015,HV Patel,7,5.4,175.00000000000009,5.285714285714286,2
2015,HV Patel,8,4.8,168.33333333333343,4.875,0
2015,HV Patel,9,4.6,158.33333333333343,4.333333333333333,6
2015,HV Patel,10,4.6,158.33333333333343,4.5,0
2015,HV Patel,11,3.4,118.33333333333341,4.090909090909091,2
2018,HV Patel,12,2.0,86.66666666666674,3.9166666666666665,24
2018,HV Patel,13,6.4,101.56862745098049,5.461538461538462,36
2019,HV Patel,14,13.6,146.5686274509805,7.642857142857143,0
2020/21,HV Patel,15,12.4,86.56862745098049,7.133333333333334,16
2020/21,HV Patel,16,15.6,107.90196078431381,7.6875,5
2021,HV Patel,17,16.2,104.56862745098049,7.529411764705882,4
2021,HV Patel,18,12.2,103.00000000000009,7.333333333333333,0
2021,HV Patel,19,5.0,58.00000000000008,6.947368421052632,31
2021,HV Patel,20,11.2,105.69230769230778,8.15,12
2021,HV Patel,21,10.4,108.35897435897445,8.333333333333334,1
2021,HV Patel,22,9.6,118.35897435897445,8.0,3
2021,HV Patel,23,9.4,103.69230769230778,7.782608695652174,8
2022,HV Patel,24,11.0,126.54945054945065,7.791666666666667,10
2022,HV Patel,25,6.8,112.19047619047629,7.88,9
2022,HV Patel,26,6.2,133.1904761904763,7.923076923076923,0
2022,HV Patel,27,6.0,113.19047619047629,7.62962962962963,4
2022,HV Patel,28,6.2,110.07936507936518,7.5,8
2022,HV Patel,29,6.2,100.55555555555564,7.517241379310345,11
2022,HV Patel,30,6.4,94.72222222222231,7.633333333333334,1
2023,HV Patel,31,4.8,59.72222222222231,7.419354838709677,0
2023,HV Patel,32,4.8,59.72222222222231,7.1875,6
2024,HV Patel,33,5.2,80.83333333333341,7.151515151515151,1
2024,HV Patel,34,3.8,72.50000000000009,6.970588235294118,0
2024,HV Patel,35,1.6,45.00000000000009,6.771428571428571,12
2024,HV Patel,36,3.8,53.46153846153855,6.916666666666667,0
2009,Harbhajan Singh,5,10.8,144.4444444444445,10.8,18
2009,Harbhajan Singh,6,14.0,169.4444444444445,12.0,6
2009,Harbhajan Singh,7,9.6,153.4444444444445,11.142857142857142,6
2009,Harbhajan Singh,8,10.8,168.4444444444445,10.5,0
2009,Harbhajan Singh,9,10.0,128.4444444444445,9.333333333333334,10
2009,Harbhajan Singh,10,8.0,117.33333333333344,9.4,7
2009,Harbhajan Singh,11,5.8,87.88888888888899,9.181818181818182,1
2009,Harbhajan Singh,12,4.8,83.88888888888899,8.5,12
2009/10,Harbhajan Singh,13,6.0,98.88888888888899,8.76923076923077,8
2009/10,Harbhajan Singh,14,7.6,125.55555555555566,8.714285714285714,4
2009/10,Harbhajan Singh,15,6.4,105.55555555555563,8.4,49
2009/10,Harbhajan Singh,16,14.8,144.4444444444445,10.9375,1
2009/10,Harbhajan Singh,17,14.8,144.4444444444445,10.352941176470589,33
2009/10,Harbhajan Singh,18,19.0,141.9444444444445,11.61111111111111,9
2009/10,Harbhajan Singh,19,19.2,140.9920634920636,11.473684210526315,1
2011,Harbhajan Singh,20,18.6,137.65873015873026,10.95,10
2011,Harbhajan Singh,21,10.8,111.7857142857144,10.904761904761905,9
2011,Harbhajan Singh,22,12.4,151.7857142857144,10.818181818181818,12
2011,Harbhajan Singh,23,8.2,158.57142857142867,10.869565217391305,17
2011,Harbhajan Singh,24,9.8,159.01098901098914,11.125,1
2011,Harbhajan Singh,25,9.8,169.01098901098914,10.72,30
2011,Harbhajan Singh,26,13.8,159.79439914923796,11.461538461538462,11
2011,Harbhajan Singh,27,14.2,143.79439914923796,11.444444444444445,13
2012,Harbhajan Singh,28,14.4,146.65154200638082,11.5,16
2012,Harbhajan Singh,29,14.2,141.831029185868,11.655172413793103,18
2012,Harbhajan Singh,30,17.6,181.831029185868,11.866666666666667,33
2012,Harbhajan Singh,31,18.2,191.17184265010366,12.548387096774194,4
2012,Harbhajan Singh,32,16.8,173.83850931677028,12.28125,0
2012,Harbhajan Singh,33,14.2,136.69565217391315,11.909090909090908,15
2012,Harbhajan Singh,34,14.0,138.43924191750287,12.0,0
2012,Harbhajan Singh,35,10.4,78.43924191750288,11.657142857142857,0
2012,Harbhajan Singh,36,3.8,49.74358974358984,11.333333333333334,20
2012,Harbhajan Singh,37,7.0,56.41025641025651,11.567567567567568,1
2012,Harbhajan Singh,38,7.2,66.41025641025651,11.289473684210526,1
2013,Harbhajan Singh,39,4.4,48.33333333333344,11.025641025641026,1
2013,Harbhajan Singh,40,4.6,68.33333333333344,10.775,21
2013,Harbhajan Singh,41,8.8,86.59420289855083,11.024390243902438,1
2013,Harbhajan Singh,42,5.0,73.26086956521749,10.785714285714286,1
2013,Harbhajan Singh,43,5.0,83.26086956521749,10.55813953488372,7
2013,Harbhajan Singh,44,6.2,148.2608695652175,10.477272727272727,16
2013,Harbhajan Singh,45,9.2,168.2608695652175,10.6,25
2013,Harbhajan Singh,46,10.0,195.45454545454555,10.91304347826087,4
2013,Harbhajan Singh,47,10.6,202.1212121212122,10.76595744680851,15
2013,Harbhajan Singh,48,13.4,224.97835497835507,10.854166666666666,5
2013,Harbhajan Singh,49,13.0,167.47835497835507,10.73469387755102,0
2013,Harbhajan Singh,50,9.8,127.47835497835509,10.52,6
2013,Harbhajan Singh,51,6.0,112.0238095238096,10.431372549019608,14
2014,Harbhajan Singh,52,8.0,116.46825396825406,10.5,0
2014,Harbhajan Singh,53,5.0,73.61111111111121,10.30188679245283,8
2014,Harbhajan Singh,54,5.6,81.11111111111123,10.25925925925926,0
2014,Harbhajan Singh,55,5.6,81.11111111111123,10.072727272727272,10
2014,Harbhajan Singh,56,6.4,91.11111111111123,10.071428571428571,1
2014,Harbhajan Singh,57,3.8,65.00000000000011,9.912280701754385,2
2014,Harbhajan Singh,58,4.2,78.33333333333344,9.775862068965518,7
2015,Harbhajan Singh,59,4.0,128.33333333333343,9.728813559322035,64
2015,Harbhajan Singh,60,16.8,175.74074074074082,10.633333333333333,24
2015,Harbhajan Singh,61,19.6,157.55892255892266,10.852459016393443,0
2015,Harbhajan Singh,62,19.4,152.55892255892266,10.67741935483871,9
2015,Harbhajan Singh,63,20.8,155.5892255892257,10.65079365079365,0
2015,Harbhajan Singh,64,19.4,85.58922558922568,10.484375,5
2015,Harbhajan Singh,65,7.6,63.18181818181829,10.4,3
2015,Harbhajan Singh,66,3.4,61.363636363636466,10.287878787878787,6
2015,Harbhajan Singh,67,4.6,81.36363636363646,10.223880597014926,6
2016,Harbhajan Singh,68,4.0,105.00000000000009,10.161764705882353,45
2016,Harbhajan Singh,69,13.0,134.03225806451624,10.666666666666666,8
2016,Harbhajan Singh,70,13.6,121.33995037220852,10.628571428571428,1
2016,Harbhajan Singh,71,13.2,106.33995037220852,10.492957746478874,0
2016,Harbhajan Singh,72,12.0,86.33995037220853,10.347222222222221,21
2016,Harbhajan Singh,73,15.0,62.49379652605469,10.493150684931507,14
2016,Harbhajan Singh,74,8.8,61.46153846153857,10.54054054054054,3
2017,Harbhajan Singh,75,7.8,59.15384615384626,10.44,1
2017,Harbhajan Singh,76,7.8,74.15384615384626,10.31578947368421,3
2017,Harbhajan Singh,77,8.4,94.15384615384626,10.220779220779221,2
2017,Harbhajan Singh,78,4.6,98.0000000000001,10.115384615384615,7
2017,Harbhajan Singh,79,3.2,140.00000000000009,10.075949367088608,0
2017,Harbhajan Singh,80,2.6,130.00000000000009,9.95,1
2017,Harbhajan Singh,81,2.6,115.00000000000009,9.839506172839506,2
2018,Harbhajan Singh,82,2.4,105.00000000000009,9.74390243902439,8
2018,Harbhajan Singh,83,3.6,111.66666666666677,9.72289156626506,19
2018,Harbhajan Singh,84,6.0,58.18840579710154,9.833333333333334,2
2019,Harbhajan Singh,85,6.4,62.63285024154599,9.741176470588234,1
2021,Harbhajan Singh,86,6.4,64.29951690821267,9.63953488372093,2
2021,Harbhajan Singh,87,6.4,74.29951690821265,9.551724137931034,2
2021,Harpreet Brar,5,13.2,122.72003538257418,13.2,18
2022,Harpreet Brar,6,12.8,113.09597523219824,14.0,14
2022,Harpreet Brar,7,10.6,99.23976608187145,14.0,7
2022,Harpreet Brar,8,11.2,107.23976608187145,13.125,1
2023,Harpreet Brar,9,10.8,87.23976608187145,11.777777777777779,1
2023,Harpreet Brar,10,8.2,82.50292397660829,10.7,8
2023,Harpreet Brar,11,6.2,95.55555555555566,10.454545454545455,6
2023,Harpreet Brar,12,4.6,110.00000000000009,10.083333333333334,13
2023,Harpreet Brar,13,5.8,102.0000000000001,10.307692307692308,5
2023,Harpreet Brar,14,6.6,142.00000000000009,9.928571428571429,17
2023,Harpreet Brar,15,9.8,166.00000000000009,10.4,2
2023,Harpreet Brar,16,8.6,142.00000000000009,9.875,0
2024,Harpreet Brar,17,7.4,112.00000000000009,9.294117647058824,2
2024,Harpreet Brar,18,5.2,112.00000000000009,8.88888888888889,2
2024,Harpreet Brar,19,4.6,75.33333333333344,8.526315789473685,1
2024,Harpreet Brar,20,1.4,48.0000000000001,8.15,3
2024,Harpreet Brar,21,1.6,60.0000000000001,7.904761904761905,21
2024,Harpreet Brar,22,5.8,79.0909090909092,8.5,29
2024,Harpreet Brar,23,11.2,103.7062937062938,9.391304347826088,17
2023,Harpreet Singh,5,11.0,102.57309941520478,11.0,41
2024,Harpreet Singh,6,19.0,111.85881370091906,16.0,13
2024,Harpreet Singh,7,19.0,115.50793650793659,15.571428571428571,14
2009,I Sharma,5,2.2,102.66666666666677,2.2,9
2009,I Sharma,6,3.2,96.0000000000001,3.3333333333333335,1
2009,I Sharma,7,3.2,96.0000000000001,3.0,6
2009/10,I Sharma,8,3.6,120.00000000000009,3.375,6
2009/10,I Sharma,9,4.4,88.0000000000001,3.6666666666666665,0
2011,I Sharma,10,4.4,88.0000000000001,3.3,1
2011,I Sharma,11,2.8,88.0000000000001,3.090909090909091,1
2011,I Sharma,12,2.8,88.0000000000001,2.9166666666666665,1
2011,I Sharma,13,1.8,58.0000000000001,2.769230769230769,1
2017,I Sharma,14,0.8,70.0000000000001,2.642857142857143,2
2017,I Sharma,15,1.2,76.66666666666677,2.6,5
2017,I Sharma,16,2.0,106.66666666666677,2.75,1
2019,I Sharma,17,2.0,90.66666666666677,2.6470588235294117,10
2023,I Sharma,18,3.8,147.33333333333343,3.0555555555555554,1
2024,I Sharma,19,3.8,147.33333333333343,2.9473684210526314,1
2024,I Sharma,20,3.6,147.33333333333343,2.85,0
2007/08,IK Pathan,5,11.0,110.34586466165425,11.0,17
2007/08,IK Pathan,6,13.8,117.2347535505431,12.0,40
2007/08,IK Pathan,7,19.4,149.04761904761915,16.0,9
2007/08,IK Pathan,8,20.0,139.04761904761915,15.125,7
2007/08,IK Pathan,9,19.4,145.47619047619057,14.222222222222221,3
2009,IK Pathan,10,15.2,133.33333333333343,13.1,6
2009,IK Pathan,11,13.0,131.58730158730168,12.454545454545455,32
2009,IK Pathan,12,11.4,124.78991596638664,14.083333333333334,39
2009,IK Pathan,13,17.4,117.73109243697488,16.0,7
2009,IK Pathan,14,17.4,94.39775910364155,15.357142857142858,12
2009,IK Pathan,15,19.2,113.39775910364156,15.133333333333333,19
2009,IK Pathan,16,21.8,120.0049019607844,15.375,19
2009,IK Pathan,17,19.2,103.46895424836609,15.588235294117647,10
2009,IK Pathan,18,13.4,97.19444444444454,15.277777777777779,0
2009,IK Pathan,19,12.0,85.52777777777786,14.473684210526315,21
2009,IK Pathan,20,13.8,96.52777777777787,14.8,17
2009,IK Pathan,21,13.4,103.68686868686878,14.904761904761905,14
2009/10,IK Pathan,22,12.4,105.90909090909099,14.863636363636363,21
2009/10,IK Pathan,23,14.6,115.49242424242433,15.130434782608695,3
2009/10,IK Pathan,24,15.2,175.49242424242433,14.625,60
2009/10,IK Pathan,25,23.0,180.49242424242433,16.44,39
2009/10,IK Pathan,26,27.4,173.95833333333343,17.307692307692307,1
2009/10,IK Pathan,27,24.8,170.62500000000009,16.703703703703702,22
2009/10,IK Pathan,28,25.0,175.8035714285715,16.892857142857142,18
2009/10,IK Pathan,29,28.0,141.51785714285722,16.93103448275862,16
2009/10,IK Pathan,30,19.2,154.85119047619054,16.9,24
2009/10,IK Pathan,31,16.2,151.34575569358188,17.129032258064516,15
2009/10,IK Pathan,32,19.0,181.34575569358185,17.0625,12
2009/10,IK Pathan,33,17.0,164.03483132383397,16.90909090909091,1
2009/10,IK Pathan,34,13.6,158.32054560954825,16.441176470588236,44
2011,IK Pathan,35,19.2,137.5798048688075,17.228571428571428,0
2011,IK Pathan,36,14.4,116.71023965141622,16.75,9
2011,IK Pathan,37,13.2,96.71023965141622,16.54054054054054,14
2011,IK Pathan,38,13.6,100.09259259259268,16.473684210526315,5
2011,IK Pathan,39,14.4,91.20370370370378,16.17948717948718,13
2011,IK Pathan,40,8.2,84.6111111111112,16.1,9
2011,IK Pathan,41,10.0,99.6111111111112,15.926829268292684,13
2011,IK Pathan,42,10.8,106.75396825396834,15.857142857142858,5
2011,IK Pathan,43,9.0,105.92063492063501,15.604651162790697,12
2011,IK Pathan,44,10.4,109.8095238095239,15.522727272727273,23
2011,IK Pathan,45,12.4,106.8095238095239,15.688888888888888,44
2011,IK Pathan,46,19.4,116.25396825396835,16.304347826086957,3
2012,IK Pathan,47,17.4,87.68253968253978,16.02127659574468,42
2012,IK Pathan,48,24.8,113.0158730158731,16.5625,24
2012,IK Pathan,49,27.2,128.0158730158731,16.714285714285715,5
2012,IK Pathan,50,23.6,112.70818070818079,16.48,15
2012,IK Pathan,51,17.8,115.53646353646363,16.45098039215686,0
2012,IK Pathan,52,17.2,106.96503496503506,16.134615384615383,7
2012,IK Pathan,53,10.2,92.96503496503504,15.962264150943396,36
2012,IK Pathan,54,12.6,94.26938279112201,16.333333333333332,13
2012,IK Pathan,55,14.2,99.57707509881432,16.272727272727273,19
2012,IK Pathan,56,15.0,110.30434782608704,16.321428571428573,4
2012,IK Pathan,57,15.8,130.30434782608705,16.105263157894736,5
2012,IK Pathan,58,15.4,116.59006211180133,15.913793103448276,6
2013,IK Pathan,59,9.4,125.28571428571438,15.745762711864407,4
2013,IK Pathan,60,7.6,123.71428571428581,15.55,1
2013,IK Pathan,61,4.0,105.71428571428581,15.311475409836065,10
2013,IK Pathan,62,5.2,102.38095238095248,15.225806451612904,23
2013,IK Pathan,63,8.8,102.03463203463212,15.34920634920635,30
2013,IK Pathan,64,13.6,112.03463203463211,15.578125,2
2013,IK Pathan,65,13.2,107.27272727272737,15.36923076923077,1
2013,IK Pathan,66,13.2,90.12987012987023,15.151515151515152,4
2013,IK Pathan,67,12.0,153.46320346320354,14.985074626865671,13
2013,IK Pathan,68,10.0,153.20802005012538,14.955882352941176,23
2013,IK Pathan,69,8.6,145.0262018683072,15.072463768115941,14
2013,IK Pathan,70,11.0,154.83012343693468,15.057142857142857,4
2013,IK Pathan,71,11.6,167.9729805797918,14.901408450704226,24
2014,IK Pathan,72,15.6,105.11583772264896,15.027777777777779,5
2014,IK Pathan,73,14.0,101.43162719633315,14.89041095890411,1
2014,IK Pathan,74,9.6,79.61344537815134,14.702702702702704,4
2014,IK Pathan,75,7.6,103.14285714285722,14.56,21
2014,IK Pathan,76,11.0,106.23376623376632,14.644736842105264,1
2014,IK Pathan,77,6.4,99.09090909090918,14.467532467532468,23
2016,IK Pathan,78,10.0,110.99567099567109,14.576923076923077,2
2016,IK Pathan,79,10.2,110.99567099567109,14.417721518987342,7
2016,IK Pathan,80,10.8,86.55122655122665,14.325,2
2017,IK Pathan,81,7.0,80.79365079365088,14.17283950617284,2
2017,IR Jaggi,5,8.6,63.19376026272587,8.6,5
2017,IR Jaggi,6,4.6,58.45238095238104,8.0,28
2017,Imran Tahir,5,3.6,82.6190476190477,3.6,0
2018,Imran Tahir,6,2.8,69.28571428571438,3.0,2
2020/21,Imran Tahir,7,2.4,69.28571428571438,2.857142857142857,13
2012,Iqbal Abdulla,5,3.4,76.66666666666676,3.4,1
2013,Iqbal Abdulla,6,3.4,76.66666666666676,3.0,6
2013,Iqbal Abdulla,7,4.6,87.57575757575766,3.4285714285714284,2
2015,Iqbal Abdulla,8,4.4,80.90909090909099,3.25,20
2015,Iqbal Abdulla,9,6.0,77.77183600713022,5.111111111111111,0
2016,Iqbal Abdulla,10,5.8,57.77183600713022,4.6,33
2016,Iqbal Abdulla,11,12.2,74.17183600713022,7.181818181818182,4
2017,Iqbal Abdulla,12,11.8,103.26274509803929,6.916666666666667,5
2017,Ishan Kishan,5,8.4,76.66666666666676,8.4,11
2017,Ishan Kishan,6,8.4,64.88095238095248,8.833333333333334,39
2017,Ishan Kishan,7,15.8,104.09663865546227,13.142857142857142,4
2017,Ishan Kishan,8,16.6,111.36936592818954,12.0,16
2017,Ishan Kishan,9,14.4,117.96027501909865,12.444444444444445,48
2017,Ishan Kishan,10,23.6,123.2234329138355,16.0,31
2017,Ishan Kishan,11,27.6,133.34248053288312,17.363636363636363,4
2017,Ishan Kishan,12,20.6,98.88869902027807,16.25,29
2017,Ishan Kishan,13,25.6,115.78263841421744,17.23076923076923,34
2017,Ishan Kishan,14,29.2,111.87691450849354,18.428571428571427,61
2018,Ishan Kishan,15,31.8,116.36985417473231,21.266666666666666,40
2018,Ishan Kishan,16,33.6,118.12272773795071,22.4375,9
2018,Ishan Kishan,17,34.6,126.69415630937928,21.647058823529413,44
2018,Ishan Kishan,18,37.6,140.78835920793,22.88888888888889,0
2018,Ishan Kishan,19,30.8,115.60317402274481,21.68421052631579,58
2018,Ishan Kishan,20,30.2,113.46612408081683,23.5,0
2018,Ishan Kishan,21,22.2,85.87991718426511,22.38095238095238,0
2018,Ishan Kishan,22,20.4,65.87991718426511,21.363636363636363,25
2018,Ishan Kishan,23,16.6,52.619047619047706,21.52173913043478,62
2018,Ishan Kishan,24,29.0,108.98268398268408,23.208333333333332,12
2018,Ishan Kishan,25,19.8,103.18181818181829,22.76,20
2018,Ishan Kishan,26,23.8,136.51515151515162,22.653846153846153,5
2019,Ishan Kishan,27,24.8,143.65800865800875,22.0,17
2019,Ishan Kishan,28,23.2,134.84848484848493,21.821428571428573,7
2019,Ishan Kishan,29,12.2,91.2121212121213,21.310344827586206,5
2019,Ishan Kishan,30,10.8,102.72727272727282,20.766666666666666,21
2019,Ishan Kishan,31,11.0,116.06060606060615,20.774193548387096,28
2019,Ishan Kishan,32,15.6,126.41774891774904,21.0,23
2020/21,Ishan Kishan,33,16.8,126.65584415584426,21.060606060606062,33
2020/21,Ishan Kishan,34,22.0,135.92857142857153,21.41176470588235,25
2020/21,Ishan Kishan,35,26.0,127.59523809523819,21.514285714285716,28
2020/21,Ishan Kishan,36,27.4,97.89826839826848,21.694444444444443,0
2020/21,Ishan Kishan,37,21.8,80.39826839826848,21.10810810810811,7
2020/21,Ishan Kishan,38,18.6,83.96969696969707,20.736842105263158,68
2020/21,Ishan Kishan,39,25.6,98.72645372645381,21.94871794871795,28
2020/21,Ishan Kishan,40,26.2,108.72645372645381,22.1,72
2020/21,Ishan Kishan,41,35.0,121.75675675675684,23.317073170731707,31
2020/21,Ishan Kishan,42,41.2,148.7132784958873,23.5,37
2020/21,Ishan Kishan,43,47.2,148.7132784958873,23.813953488372093,99
2020/21,Ishan Kishan,44,53.4,144.95652173913055,25.522727272727273,55
2020/21,Ishan Kishan,45,58.8,146.62318840579718,26.177777777777777,33
2021,Ishan Kishan,46,51.0,151.36003051106036,26.32608695652174,28
2021,Ishan Kishan,47,50.4,152.40350877192992,26.361702127659573,1
2021,Ishan Kishan,48,43.2,139.07017543859658,25.833333333333332,12
2021,Ishan Kishan,49,25.8,117.49874686716801,25.551020408163264,26
2021,Ishan Kishan,50,20.0,99.40350877192992,25.56,6
2021,Ishan Kishan,51,14.6,71.72549019607852,25.176470588235293,84
2021,Ishan Kishan,52,25.8,94.63458110516942,26.307692307692307,50
2021,Ishan Kishan,53,35.6,127.96791443850277,26.754716981132077,14
2021,Ishan Kishan,54,36.0,138.07780454839286,26.51851851851852,11
2021,Ishan Kishan,55,33.0,141.5063759769643,26.236363636363638,9
2022,Ishan Kishan,56,33.6,149.44755244755257,25.928571428571427,81
2022,Ishan Kishan,57,33.0,132.2884615384616,26.894736842105264,54
2022,Ishan Kishan,58,33.8,116.83391608391617,27.362068965517242,14
2022,Ishan Kishan,59,33.8,108.62878787878796,27.135593220338983,26
2022,Ishan Kishan,60,36.8,105.20021645021654,27.116666666666667,3
2022,Ishan Kishan,61,35.6,98.77164502164511,26.721311475409838,13
2022,Ishan Kishan,62,22.0,80.31576266870393,26.5,0
2022,Ishan Kishan,63,11.2,55.77030812324938,26.07936507936508,8
2022,Ishan Kishan,64,10.0,50.05602240896368,25.796875,26
2022,Ishan Kishan,65,10.0,58.853014890166676,25.8,45
2022,Ishan Kishan,66,18.4,80.28158631873812,26.09090909090909,51
2022,Ishan Kishan,67,26.0,88.70839890423743,26.46268656716418,6
2022,Ishan Kishan,68,27.2,112.70839890423743,26.16176470588235,43
2022,Ishan Kishan,69,34.2,129.66077985661838,26.405797101449274,48
2023,Ishan Kishan,70,38.6,129.72093023255823,26.714285714285715,10
2023,Ishan Kishan,71,31.6,115.1055456171736,26.47887323943662,32
2023,Ishan Kishan,72,27.8,120.47552447552457,26.555555555555557,31
2023,Ishan Kishan,73,32.8,119.43848743848753,26.616438356164384,58
2023,Ishan Kishan,74,35.8,141.26705886705895,27.04054054054054,38
2023,Ishan Kishan,75,33.8,138.3546164707456,27.186666666666667,1
2023,Ishan Kishan,76,32.0,126.97000108613022,26.842105263157894,13
2023,Ishan Kishan,77,28.2,110.26004437617348,26.662337662337663,28
2023,Ishan Kishan,78,27.6,110.63041474654388,26.67948717948718,75
2023,Ishan Kishan,79,31.0,100.8157806002024,27.29113924050633,7
2023,Ishan Kishan,80,24.8,91.85520712349991,27.0375,42
2023,Ishan Kishan,81,33.0,126.0370253053181,27.22222222222222,31
2023,Ishan Kishan,82,36.6,144.6560729243657,27.26829268292683,59
2023,Ishan Kishan,83,42.8,150.10322739591044,27.650602409638555,14
2023,Ishan Kishan,84,30.6,136.8511948755852,27.488095238095237,15
2024,Ishan Kishan,85,32.2,146.29563932002966,27.341176470588234,0
2024,Ishan Kishan,86,23.8,108.11382113821146,27.023255813953487,34
2024,Ishan Kishan,87,24.4,129.4215134459038,27.103448275862068,16
2024,Ishan Kishan,88,15.8,121.97435897435908,26.977272727272727,42
2024,Ishan Kishan,89,21.4,135.16276477146053,27.146067415730336,69
2024,Ishan Kishan,90,32.2,149.59133620003195,27.61111111111111,23
2024,Ishan Kishan,91,36.8,180.25800286669863,27.560439560439562,8
2024,Ishan Kishan,92,31.6,147.9503105590063,27.347826086956523,0
2024,Ishan Kishan,93,28.4,126.61697722567298,27.053763440860216,20
2024,Ishan Kishan,94,24.0,118.66666666666677,26.97872340425532,32
2024,Ishan Kishan,95,16.6,96.08020050125323,27.03157894736842,13
2024,Ishan Kishan,96,14.6,102.5563909774437,26.885416666666668,9
2024,Ishan Kishan,97,14.8,105.0563909774437,26.701030927835053,40
2024,Ishan Kishan,98,22.8,139.83899967309588,26.836734693877553,14
2011,J Botha,5,30.6,115.30988072211485,30.6,12
2011,J Botha,6,32.6,121.9765473887815,27.5,14
2011,J Botha,7,28.0,139.5523049645391,25.571428571428573,45
2011,J Botha,8,35.4,135.9625613747955,28.0,12
2011,J Botha,9,24.4,120.78525641025651,26.22222222222222,8
2011,J Botha,10,18.2,123.07692307692317,24.4,14
2011,J Botha,11,18.6,118.63247863247872,23.454545454545453,19
2012,J Botha,12,19.6,96.72771672771681,23.083333333333332,2
2012,J Botha,13,11.0,86.98412698412707,21.46153846153846,6
2012,J Botha,14,9.8,90.79365079365088,20.357142857142858,14
2012,J Botha,15,11.0,95.23809523809533,19.933333333333334,14
2012,J Botha,16,11.0,114.68253968253978,19.5625,12
2012,J Botha,17,9.6,108.0158730158731,19.11764705882353,7
2012,J Botha,18,10.6,141.34920634920644,18.444444444444443,3
2013,J Botha,19,10.0,139.2063492063493,17.63157894736842,7
2013,J Botha,20,8.6,131.4285714285715,17.1,2
2013,J Botha,21,6.2,109.76190476190486,16.38095238095238,9
2013,J Botha,22,5.6,111.19047619047629,16.045454545454547,1
2013,J Botha,23,4.4,67.38095238095248,15.391304347826088,1
2013,J Botha,24,4.0,62.38095238095248,14.791666666666666,23
2015,J Botha,25,7.2,62.04761904761913,15.12,17
2015,J Botha,26,10.2,116.71428571428581,15.192307692307692,12
2015,J Botha,27,10.8,143.85714285714295,15.074074074074074,2
2024,J Fraser-McGurk,5,49.4,224.39872408293468,49.4,12
2024,J Fraser-McGurk,6,40.8,229.73706994759635,43.166666666666664,50
2024,J Fraser-McGurk,7,46.8,243.37343358395998,44.142857142857146,21
2024,J Fraser-McGurk,8,38.0,227.45238095238105,41.25,0
2019,J Suchith,5,9.6,102.38095238095248,9.6,6
2021,J Suchith,6,4.0,78.00000000000009,9.0,14
2022,J Suchith,7,6.8,124.66666666666674,9.714285714285714,2
2022,J Suchith,8,5.4,100.38095238095246,8.75,0
2007/08,JA Morkel,5,27.2,154.31419457735257,27.2,5
2007/08,JA Morkel,6,22.6,133.59990886306684,23.5,1
2007/08,JA Morkel,7,14.4,112.14536340852139,20.285714285714285,71
2007/08,JA Morkel,8,22.8,116.25319396051114,26.625,12
2007/08,JA Morkel,9,19.2,96.25319396051113,25.0,16
2009,JA Morkel,10,21.0,95.77700348432064,24.1,5
2009,JA Morkel,11,21.0,114.82462253193971,22.363636363636363,13
2009,JA Morkel,12,23.4,129.39605110336828,21.583333333333332,13
2009,JA Morkel,13,11.8,131.90476190476198,20.923076923076923,4
2009,JA Morkel,14,10.2,191.90476190476198,19.714285714285715,6
2009,JA Morkel,15,8.2,199.04761904761912,18.8,4
2009,JA Morkel,16,8.0,181.7142857142858,17.875,2
2009,JA Morkel,17,5.8,183.14285714285722,16.941176470588236,9
2009,JA Morkel,18,5.0,171.7142857142858,16.5,21
2009,JA Morkel,19,8.4,129.89610389610397,16.736842105263158,20
2009/10,JA Morkel,20,11.2,120.94873547505135,16.9,42
2009/10,JA Morkel,21,18.8,134.94873547505136,18.095238095238095,0
2009/10,JA Morkel,22,18.4,114.94873547505135,17.272727272727273,13
2009/10,JA Morkel,23,19.2,109.23444976076564,17.08695652173913,19
2009/10,JA Morkel,24,18.8,90.05263157894746,17.166666666666668,28
2009/10,JA Morkel,25,20.4,115.66666666666677,17.6,1
2009/10,JA Morkel,26,12.2,92.33333333333343,16.96153846153846,62
2009/10,JA Morkel,27,24.6,128.80392156862754,18.62962962962963,1
2009/10,JA Morkel,28,22.2,113.80392156862754,18.0,14
2009/10,JA Morkel,29,21.2,129.80392156862754,17.862068965517242,4
2009/10,JA Morkel,30,16.4,103.13725490196086,17.4,15
2011,JA Morkel,31,19.2,146.4705882352942,17.322580645161292,15
2011,JA Morkel,32,9.8,143.33333333333343,17.25,9
2011,JA Morkel,33,11.4,160.83333333333343,17.0,9
2011,JA Morkel,34,10.4,170.83333333333343,16.764705882352942,3
2011,JA Morkel,35,10.2,162.83333333333343,16.37142857142857,0
2011,JA Morkel,36,7.2,112.83333333333344,15.916666666666666,19
2011,JA Morkel,37,8.0,142.83333333333343,16.0,30
2011,JA Morkel,38,12.2,139.08333333333343,16.36842105263158,5
2011,JA Morkel,39,11.4,114.08333333333341,16.076923076923077,13
2011,JA Morkel,40,13.4,128.08333333333343,16.0,5
2011,JA Morkel,41,14.4,138.08333333333343,15.731707317073171,28
2011,JA Morkel,42,16.2,130.75000000000009,16.023809523809526,2
2012,JA Morkel,43,10.6,122.00000000000009,15.69767441860465,3
2012,JA Morkel,44,10.2,108.66666666666677,15.409090909090908,2
2012,JA Morkel,45,8.0,92.66666666666676,15.11111111111111,2
2012,JA Morkel,46,7.4,96.00000000000009,14.826086956521738,28
2012,JA Morkel,47,7.4,120.00000000000009,15.106382978723405,3
2012,JA Morkel,48,7.6,130.00000000000009,14.854166666666666,8
2012,JA Morkel,49,8.6,141.1111111111112,14.714285714285714,13
2012,JA Morkel,50,10.8,163.6111111111112,14.68,13
2012,JA Morkel,51,13.0,176.27777777777789,14.647058823529411,3
2012,JA Morkel,52,8.0,116.27777777777787,14.423076923076923,18
2012,JA Morkel,53,11.0,156.27777777777789,14.49056603773585,14
2012,JA Morkel,54,12.2,173.50000000000009,14.481481481481481,0
2013,JA Morkel,55,9.6,141.00000000000009,14.218181818181819,13
2013,JA Morkel,56,9.6,138.63636363636374,14.196428571428571,23
2013,JA Morkel,57,13.6,147.38636363636374,14.350877192982455,10
2014,JA Morkel,58,12.0,107.38636363636374,14.275862068965518,6
2014,JA Morkel,59,10.4,96.38636363636373,14.135593220338983,7
2014,JA Morkel,60,11.8,107.1555944055945,14.016666666666667,15
2014,JA Morkel,61,12.2,104.94780219780228,14.032786885245901,16
2014,JA Morkel,62,10.8,116.19780219780228,14.064516129032258,1
2015,JA Morkel,63,9.0,116.19780219780228,13.857142857142858,73
2015,JA Morkel,64,22.4,116.9435649096667,14.78125,5
2015,JA Morkel,65,22.0,139.50766747376926,14.63076923076923,8
2016,JA Morkel,66,20.6,138.07909604519782,14.530303030303031,16
2018,JC Archer,5,3.0,61.77777777777787,3.0,0
2019,JC Archer,6,1.4,44.00000000000009,2.5,2
2019,JC Archer,7,1.6,44.00000000000009,2.4285714285714284,24
2019,JC Archer,8,6.4,87.63636363636371,5.125,13
2019,JC Archer,9,9.0,109.3030303030304,6.0,1
2019,JC Archer,10,8.0,91.96969696969705,5.5,27
2020/21,JC Archer,11,13.4,133.5081585081586,7.454545454545454,27
2020/21,JC Archer,12,18.4,173.5081585081586,9.083333333333334,2
2020/21,JC Archer,13,14.0,139.87179487179498,8.538461538461538,6
2020/21,JC Archer,14,12.6,148.2051282051283,8.357142857142858,24
2020/21,JC Archer,15,17.2,185.17482517482523,9.4,16
2020/21,JC Archer,16,15.0,175.6363636363637,9.8125,16
2020/21,JC Archer,17,12.8,155.6363636363637,10.176470588235293,2
2020/21,JC Archer,18,12.8,155.6363636363637,9.722222222222221,13
2020/21,JC Archer,19,14.2,212.3030303030304,9.894736842105264,6
2020/21,JC Archer,20,10.6,182.00000000000009,9.7,1
2023,JC Archer,21,7.6,155.00000000000009,9.285714285714286,1
2023,JC Archer,22,4.6,125.00000000000009,8.909090909090908,3
2016,JC Buttler,5,19.2,111.18577075098824,19.2,2
2016,JC Buttler,6,19.6,117.8524374176549,16.333333333333332,24
2016,JC Buttler,7,16.2,114.86542443064191,17.428571428571427,15
2016,JC Buttler,8,16.0,120.95238095238105,17.125,27
2016,JC Buttler,9,19.2,132.71708683473398,18.22222222222222,2
2016,JC Buttler,10,14.0,112.71708683473398,16.6,29
2016,JC Buttler,11,19.4,154.38375350140063,17.727272727272727,9
2016,JC Buttler,12,16.4,138.09803921568636,17.0,18
2016,JC Buttler,13,17.0,158.09803921568636,17.076923076923077,33
2017,JC Buttler,14,18.2,146.95833333333343,18.214285714285715,38
2017,JC Buttler,15,25.4,166.95833333333343,19.533333333333335,28
2017,JC Buttler,16,25.2,140.16346153846163,20.0625,14
2017,JC Buttler,17,26.2,147.6180069930071,19.705882352941178,2
2017,JC Buttler,18,23.0,115.61800699300709,18.72222222222222,26
2017,JC Buttler,19,21.6,116.65967365967376,19.105263157894736,77
2017,JC Buttler,20,29.4,117.18598944914743,22.0,28
2017,JC Buttler,21,29.4,123.64752791068591,22.285714285714285,17
2017,JC Buttler,22,30.0,124.3468286099866,22.045454545454547,10
2017,JC Buttler,23,31.6,138.5690508322088,21.52173913043478,33
2018,JC Buttler,24,33.0,148.3309555941136,22.0,6
2018,JC Buttler,25,18.8,121.13797313797325,21.36,29
2018,JC Buttler,26,19.0,123.6642889274469,21.653846153846153,23
2018,JC Buttler,27,20.2,128.17710944026743,21.703703703703702,24
2018,JC Buttler,28,23.0,128.81203007518806,21.785714285714285,22
2018,JC Buttler,29,20.8,119.38345864661665,21.79310344827586,6
2018,JC Buttler,30,20.8,121.05012531328332,21.266666666666666,10
2018,JC Buttler,31,17.0,108.7056277056278,20.903225806451612,67
2018,JC Buttler,32,25.8,127.66859066859077,22.34375,51
2018,JC Buttler,33,31.2,130.96529396529405,23.21212121212121,82
2018,JC Buttler,34,43.2,136.76190413478557,24.941176470588236,95
2018,JC Buttler,35,61.0,153.42857080145225,26.942857142857143,94
2018,JC Buttler,36,77.8,170.06156743444888,28.805555555555557,39
2019,JC Buttler,37,72.2,154.34498128308013,29.08108108108108,69
2019,JC Buttler,38,75.8,160.2841583850479,30.13157894736842,5
2019,JC Buttler,39,60.4,143.5986593266675,29.487179487179485,6
2019,JC Buttler,40,42.6,129.07484980285798,28.9,59
2019,JC Buttler,41,35.6,120.4822572102654,29.634146341463413,37
2019,JC Buttler,42,35.2,107.71207087486167,29.80952380952381,23
2019,JC Buttler,43,26.0,121.6190476190477,29.651162790697676,89
2019,JC Buttler,44,42.8,150.96248196248206,31.0,23
2020/21,JC Buttler,45,46.2,156.81962481962492,30.822222222222223,13
2020/21,JC Buttler,46,37.0,163.09740259740266,30.434782608695652,21
2020/21,JC Buttler,47,33.8,166.6604278074867,30.23404255319149,16
2020/21,JC Buttler,48,32.4,145.27581242287133,29.9375,70
2020/21,JC Buttler,49,28.6,136.6394487865077,30.755102040816325,22
2020/21,JC Buttler,50,28.4,150.30611545317439,30.58,9
2020/21,JC Buttler,51,27.6,132.80611545317439,30.15686274509804,24
2020/21,JC Buttler,52,28.2,125.87801087801097,30.03846153846154,4
2020/21,JC Buttler,53,25.8,111.26262626262636,29.547169811320753,35
2020/21,JC Buttler,54,18.8,111.26262626262636,29.64814814814815,70
2020/21,JC Buttler,55,28.4,103.16738816738825,30.381818181818183,22
2020/21,JC Buttler,56,31.0,124.83405483405492,30.232142857142858,22
2021,JC Buttler,57,30.6,155.94516594516602,30.087719298245613,25
2021,JC Buttler,58,34.8,184.40670440670448,30.0,2
2021,JC Buttler,59,28.2,158.3028083028084,29.52542372881356,49
2021,JC Buttler,60,24.0,156.95360195360203,29.85,8
2021,JC Buttler,61,21.2,140.28693528693537,29.491803278688526,5
2021,JC Buttler,62,17.8,105.68376068376077,29.096774193548388,41
2021,JC Buttler,63,21.0,92.07070707070717,29.285714285714285,124
2022,JC Buttler,64,45.4,122.29845034192867,30.765625,35
2022,JC Buttler,65,42.6,120.07622811970646,30.83076923076923,100
2022,JC Buttler,66,61.0,128.24524220421353,31.87878787878788,70
2022,JC Buttler,67,74.0,142.5309564899278,32.44776119402985,13
2022,JC Buttler,68,68.4,139.34913830810962,32.161764705882355,54
2022,JC Buttler,69,54.4,148.40710932260237,32.47826086956522,103
2022,JC Buttler,70,68.0,156.63291577421526,33.48571428571429,116
2022,JC Buttler,71,71.2,163.61541684122338,34.647887323943664,8
2022,JC Buttler,72,58.8,152.8217660475726,34.27777777777778,67
2022,JC Buttler,73,69.6,155.96991419572072,34.726027397260275,22
2022,JC Buttler,74,63.2,127.89299111879765,34.554054054054056,30
2022,JC Buttler,75,48.6,132.16718466718476,34.49333333333333,7
2022,JC Buttler,76,26.8,107.78490028490037,34.13157894736842,2
2022,JC Buttler,77,25.6,96.67378917378926,33.714285714285715,2
2022,JC Buttler,78,12.6,79.85897435897445,33.30769230769231,89
2022,JC Buttler,79,26.0,92.6025641025642,34.0126582278481,106
2022,JC Buttler,80,41.2,90.43589743589753,34.9125,39
2023,JC Buttler,81,47.6,101.95238095238105,34.96296296296296,54
2023,JC Buttler,82,58.0,144.37662337662346,35.19512195121951,19
2023,JC Buttler,83,61.4,170.92207792207802,35.0,79
2023,JC Buttler,84,59.4,172.23580341227407,35.523809523809526,52
2023,JC Buttler,85,48.6,164.27089113157234,35.71764705882353,0
2023,JC Buttler,86,40.8,141.98517684585804,35.30232558139535,40
2023,JC Buttler,87,38.0,111.941886802568,35.35632183908046,0
2023,JC Buttler,88,34.2,77.39643225711345,34.95454545454545,27
2023,JC Buttler,89,23.8,70.96149464570526,34.86516853932584,18
2023,JC Buttler,90,17.0,59.24524750611717,34.67777777777778,8
2023,JC Buttler,91,18.6,82.10239036326001,34.38461538461539,95
2023,JC Buttler,92,29.6,93.21350147437113,35.04347826086956,0
2023,JC Buttler,93,29.6,93.21350147437113,34.666666666666664,0
2023,JC Buttler,94,24.2,68.66804692891658,34.297872340425535,0
2024,JC Buttler,95,20.6,53.015873015873105,33.93684210526316,11
2024,JC Buttler,96,21.2,52.15873015873025,33.697916666666664,11
2024,JC Buttler,97,4.4,35.75000000000009,33.4639175257732,13
2024,JC Buttler,98,7.0,49.43421052631588,33.255102040816325,100
2024,JC Buttler,99,27.0,83.33251561106165,33.92929292929293,8
2024,JC Buttler,100,28.6,99.33251561106165,33.67,107
2024,JC Buttler,101,47.8,110.25559253413857,34.396039603960396,35
2024,JC Buttler,102,52.6,124.50559253413857,34.40196078431372,34
2024,JC Buttler,103,56.8,148.59915978560053,34.398058252427184,0
2024,JC Buttler,104,36.8,114.70085470085478,34.06730769230769,19
2024,JC Buttler,105,39.0,119.81196581196589,33.923809523809524,21
2011,JD Ryder,5,11.2,60.476190476190574,11.2,31
2011,JD Ryder,6,17.4,96.94677871148468,14.5,17
2011,JD Ryder,7,20.8,127.85586962057559,14.857142857142858,60
2011,JD Ryder,8,26.4,141.82412358882954,20.5,12
2011,JD Ryder,9,28.4,148.82412358882954,19.555555555555557,15
2011,JD Ryder,10,27.0,154.09685086155682,19.1,19
2011,JD Ryder,11,24.6,146.85703185703193,19.09090909090909,51
2011,JD Ryder,12,31.4,145.94794094794102,21.75,18
2011,JD Ryder,13,23.0,131.5034965034966,21.46153846153846,0
2011,JD Ryder,14,20.6,116.50349650349658,19.928571428571427,15
2011,JD Ryder,15,20.6,105.89743589743598,19.6,35
2011,JD Ryder,16,23.8,110.00000000000009,20.5625,18
2011,JD Ryder,17,17.2,105.71428571428581,20.41176470588235,1
2012,JD Ryder,18,13.8,79.04761904761914,19.333333333333332,8
2012,JD Ryder,19,15.4,96.82539682539691,18.736842105263158,7
2012,JD Ryder,20,13.8,91.8253968253969,18.15,73
2012,JD Ryder,21,21.4,84.56349206349213,20.761904761904763,34
2012,JD Ryder,22,24.6,89.75829725829733,21.363636363636363,9
2012,JD Ryder,23,26.2,104.424963924964,20.82608695652174,86
2012,JD Ryder,24,41.8,116.30235856097934,23.541666666666668,0
2012,JD Ryder,25,40.4,104.63569189431266,22.6,7
2012,JD Ryder,26,27.2,101.89759665621742,22.0,9
2012,JD Ryder,27,22.2,84.83465959328035,21.51851851851852,1
2012,JD Ryder,28,20.6,76.83465959328036,20.785714285714285,22
2018,JD Unadkat,5,1.0,52.00000000000008,1.0,1
2018,JD Unadkat,6,1.0,42.00000000000008,1.0,16
2018,JD Unadkat,7,4.0,54.00000000000008,3.142857142857143,6
2018,JD Unadkat,8,5.0,67.14285714285722,3.5,0
2018,JD Unadkat,9,5.0,67.14285714285722,3.111111111111111,26
2019,JD Unadkat,10,9.8,88.03174603174611,5.4,1
2019,JD Unadkat,11,9.8,88.03174603174611,5.0,0
2020/21,JD Unadkat,12,6.6,56.0317460317461,4.583333333333333,9
2021,JD Unadkat,13,7.2,52.7350427350428,4.923076923076923,11
2021,JD Unadkat,14,9.4,84.16361416361424,5.357142857142857,24
2021,JD Unadkat,15,9.0,79.27472527472534,6.6,6
2022,JD Unadkat,16,10.0,93.27472527472534,6.5625,13
2022,JD Unadkat,17,12.6,111.84615384615392,6.9411764705882355,12
2022,JD Unadkat,18,13.2,132.28571428571436,7.222222222222222,14
2022,JD Unadkat,19,13.8,147.5238095238096,7.578947368421052,19
2022,JD Unadkat,20,12.8,165.74603174603183,8.15,1
2023,JD Unadkat,21,11.8,161.74603174603183,7.809523809523809,9
2024,JD Unadkat,22,11.0,168.88888888888897,7.863636363636363,6
2024,JD Unadkat,23,9.8,254.60317460317464,7.782608695652174,8
2024,JD Unadkat,24,8.6,222.48196248196254,7.791666666666667,1
2024,JD Unadkat,25,5.0,190.25974025974034,7.52,5
2024,JD Unadkat,26,5.8,220.25974025974034,7.423076923076923,4
2009,JDP Oram,5,13.8,135.24555903866255,13.8,3
2009,JDP Oram,6,11.8,120.1806239737275,12.0,1
2009,JDP Oram,7,11.0,80.18062397372748,10.428571428571429,7
2009,JDP Oram,8,10.8,62.84729064039416,10.0,17
2009,JDP Oram,9,6.0,50.025974025974094,10.777777777777779,9
2011,JDP Oram,10,7.4,69.07359307359313,10.6,0
2020/21,JDS Neesham,5,10.2,89.21212121212127,10.2,10
2021,JDS Neesham,6,10.6,99.66666666666674,10.166666666666666,0
2021,JDS Neesham,7,6.2,70.3333333333334,8.714285714285714,0
2022,JDS Neesham,8,3.8,58.33333333333339,7.625,17
2022,JDS Neesham,9,5.8,61.00000000000007,8.666666666666666,14
2012,JEC Franklin,5,21.4,137.63122171945707,21.4,25
2012,JEC Franklin,6,25.2,138.7602539775216,22.0,32
2012,JEC Franklin,7,29.4,109.30570852297615,23.428571428571427,7
2012,JEC Franklin,8,21.8,106.80570852297615,21.375,2
2012,JEC Franklin,9,16.4,97.83134954861717,19.22222222222222,79
2012,JEC Franklin,10,29.0,109.9882122937152,25.2,22
2012,JEC Franklin,11,28.4,112.98961481825938,24.90909090909091,13
2012,JEC Franklin,12,24.6,110.26234209098666,23.916666666666668,25
2012,JEC Franklin,13,28.2,97.00147252576927,24.0,1
2012,JEC Franklin,14,28.0,85.89036141465814,22.357142857142858,1
2012,JEC Franklin,15,12.4,58.243302591128746,20.933333333333334,13
2007/08,JH Kallis,5,22.4,118.23593073593081,22.4,31
2007/08,JH Kallis,6,27.0,120.17878787878794,23.833333333333332,0
2007/08,JH Kallis,7,22.0,99.34545454545463,20.428571428571427,20
2007/08,JH Kallis,8,23.8,90.24868035190623,20.375,25
2007/08,JH Kallis,9,26.0,83.08201368523956,20.88888888888889,5
2007/08,JH Kallis,10,16.2,78.53655913978501,19.3,6
2009,JH Kallis,11,11.2,77.73655913978502,18.09090909090909,24
2009,JH Kallis,12,16.0,101.73655913978502,18.583333333333332,15
2009,JH Kallis,13,15.0,110.26190476190484,18.307692307692307,62
2009,JH Kallis,14,22.4,115.26190476190482,21.428571428571427,0
2009,JH Kallis,15,21.4,95.26190476190483,20.0,23
2009,JH Kallis,16,24.8,88.29894179894185,20.1875,27
2009,JH Kallis,17,25.4,86.79894179894185,20.58823529411765,69
2009,JH Kallis,18,36.2,87.27513227513235,23.27777777777778,10
2009,JH Kallis,19,25.8,74.77513227513234,22.57894736842105,12
2009,JH Kallis,20,28.2,98.77513227513234,22.05,32
2009,JH Kallis,21,30.0,98.58020050125319,22.523809523809526,0
2009,JH Kallis,22,24.6,76.08020050125319,21.5,58
2009,JH Kallis,23,22.4,74.889724310777,23.08695652173913,5
2009,JH Kallis,24,21.4,75.84210526315796,22.333333333333332,9
2009,JH Kallis,25,20.8,77.55639097744368,21.8,15
2009/10,JH Kallis,26,17.4,78.3613445378152,21.53846153846154,65
2009/10,JH Kallis,27,30.4,103.3613445378152,23.14814814814815,89
2009/10,JH Kallis,28,36.6,113.87512899896811,25.5,44
2009/10,JH Kallis,29,44.4,121.05282934740015,26.137931034482758,66
2009/10,JH Kallis,30,55.8,119.33854363311443,27.466666666666665,19
2009/10,JH Kallis,31,56.6,124.0444259860556,27.193548387096776,27
2009/10,JH Kallis,32,49.0,116.46378082476527,27.1875,52
2009/10,JH Kallis,33,41.6,105.23571064932666,27.939393939393938,9
2009/10,JH Kallis,34,34.6,101.77229601518033,27.38235294117647,54
2009/10,JH Kallis,35,32.2,103.48658172946605,28.142857142857142,68
2009/10,JH Kallis,36,42.0,108.8887425938118,29.25,8
2009/10,JH Kallis,37,38.2,106.01484230055667,28.675675675675677,27
2009/10,JH Kallis,38,33.2,99.51484230055665,28.63157894736842,0
2009/10,JH Kallis,39,31.4,81.51484230055665,27.897435897435898,14
2009/10,JH Kallis,40,23.4,74.4672232529376,27.55,11
2009/10,JH Kallis,41,12.0,71.15656565656573,27.146341463414632,19
2011,JH Kallis,42,14.2,68.12626262626269,26.952380952380953,54
2011,JH Kallis,43,19.6,79.17171717171723,27.58139534883721,53
2011,JH Kallis,44,30.2,102.72727272727279,28.15909090909091,80
2011,JH Kallis,45,43.4,108.30303030303037,29.31111111111111,0
2011,JH Kallis,46,41.2,83.85858585858594,28.67391304347826,6
2011,JH Kallis,47,38.6,85.67676767676775,28.19148936170213,40
2011,JH Kallis,48,35.8,78.90909090909098,28.4375,11
2011,JH Kallis,49,27.4,75.35353535353542,28.081632653061224,1
2011,JH Kallis,50,11.6,56.11111111111118,27.54,30
2011,JH Kallis,51,17.6,75.4659498207886,27.58823529411765,45
2011,JH Kallis,52,25.4,83.5611879160267,27.923076923076923,21
2011,JH Kallis,53,21.6,84.0442797034663,27.79245283018868,17
2011,JH Kallis,54,22.8,88.3299939891806,27.59259259259259,59
2011,JH Kallis,55,34.4,110.77185445429686,28.163636363636364,7
2012,JH Kallis,56,29.8,111.41701574461945,27.785714285714285,4
2012,JH Kallis,57,21.6,109.98844431604803,27.36842105263158,5
2012,JH Kallis,58,18.4,102.83868586194174,26.982758620689655,22
2012,JH Kallis,59,19.4,97.68340635883615,26.89830508474576,31
2012,JH Kallis,60,13.8,86.5573353674041,26.966666666666665,1
2012,JH Kallis,61,12.6,70.55733536740408,26.540983606557376,30
2012,JH Kallis,62,17.8,76.6442918891432,26.596774193548388,23
2012,JH Kallis,63,21.4,84.69984744469878,26.53968253968254,41
2012,JH Kallis,64,25.2,95.93978303246044,26.765625,26
2012,JH Kallis,65,24.2,94.4811364159191,26.753846153846155,1
2012,JH Kallis,66,24.2,95.4811364159191,26.363636363636363,30
2012,JH Kallis,67,24.2,89.39417989417996,26.417910447761194,79
2012,JH Kallis,68,35.4,96.56084656084661,27.191176470588236,4
2012,JH Kallis,69,28.0,75.07936507936515,26.855072463768117,0
2012,JH Kallis,70,22.8,60.222222222222285,26.47142857142857,13
2012,JH Kallis,71,25.2,69.66666666666671,26.281690140845072,30
2012,JH Kallis,72,25.2,67.8484848484849,26.333333333333332,69
2013,JH Kallis,73,23.2,69.11515151515158,26.91780821917808,23
2013,JH Kallis,74,27.0,82.1310245310246,26.864864864864863,0
2013,JH Kallis,75,27.0,82.1310245310246,26.506666666666668,16
2013,JH Kallis,76,27.6,84.52868534973804,26.36842105263158,41
2013,JH Kallis,77,29.8,96.71723753829023,26.558441558441558,1
2013,JH Kallis,78,16.2,72.45057087162357,26.23076923076923,37
2013,JH Kallis,79,19.0,70.01949317738799,26.367088607594937,37
2013,JH Kallis,80,26.4,92.44373560163041,26.5,19
2013,JH Kallis,81,27.0,94.60163033847252,26.40740740740741,12
2013,JH Kallis,82,21.2,79.23125996810214,26.23170731707317,33
2013,JH Kallis,83,27.6,97.89792663476881,26.313253012048193,24
2013,JH Kallis,84,25.0,96.88578088578096,26.285714285714285,2
2013,JH Kallis,85,18.0,81.1282051282052,26.0,41
2013,JH Kallis,86,22.4,79.5750136388435,26.174418604651162,1
2013,JH Kallis,87,20.2,67.43215649598635,25.885057471264368,24
2014,JH Kallis,88,18.4,61.98388063391739,25.863636363636363,72
2014,JH Kallis,89,28.0,74.82668999846587,26.382022471910112,0
2014,JH Kallis,90,27.6,68.16002333179922,26.08888888888889,43
2014,JH Kallis,91,28.0,70.7132148211609,26.274725274725274,9
2014,JH Kallis,92,29.6,84.21970832765443,26.08695652173913,13
2014,JH Kallis,93,27.4,82.96210183678221,25.946236559139784,4
2014,JH Kallis,94,13.8,64.99108734402859,25.71276595744681,10
2017,JJ Bumrah,5,1.8,53.33333333333341,1.8,16
2018,JJ Bumrah,6,4.8,62.42424242424249,4.166666666666667,4
2018,JJ Bumrah,7,5.6,78.4242424242425,4.142857142857143,6
2018,JJ Bumrah,8,5.6,89.09090909090915,4.375,0
2019,JJ Bumrah,9,5.2,69.09090909090915,3.888888888888889,0
2020/21,JJ Bumrah,10,5.2,69.09090909090915,3.5,5
2021,JJ Bumrah,11,3.0,73.3333333333334,3.6363636363636362,1
2021,JJ Bumrah,12,2.4,67.3333333333334,3.4166666666666665,0
2021,JJ Bumrah,13,1.2,43.33333333333341,3.1538461538461537,3
2021,JJ Bumrah,14,1.8,63.33333333333341,3.142857142857143,5
2021,JJ Bumrah,15,2.8,113.3333333333334,3.2666666666666666,1
2021,JJ Bumrah,16,2.0,90.00000000000007,3.125,5
2021,JJ Bumrah,17,2.8,96.66666666666674,3.235294117647059,1
2022,JJ Bumrah,18,3.0,116.66666666666674,3.111111111111111,0
2022,JJ Bumrah,19,2.4,96.66666666666674,2.9473684210526314,0
2022,JJ Bumrah,20,1.4,46.666666666666735,2.8,0
2022,JJ Bumrah,21,1.2,36.666666666666735,2.6666666666666665,0
2024,JJ Bumrah,22,0.2,20.000000000000068,2.5454545454545454,1
2024,JJ Bumrah,23,0.2,20.000000000000068,2.4782608695652173,8
2024,JJ Bumrah,24,1.8,37.77777777777784,2.7083333333333335,2
2024,JJ Bumrah,25,2.2,77.77777777777786,2.68,1
2018,JJ Roy,5,30.2,129.76597476597482,30.2,5
2018,JJ Roy,6,28.4,114.10986616868976,26.0,11
2018,JJ Roy,7,24.4,101.50913356795715,23.857142857142858,12
2021,JJ Roy,8,24.0,85.50913356795715,22.375,34
2021,JJ Roy,9,12.6,82.71452077334438,23.666666666666668,2
2021,JJ Roy,10,12.8,83.42880648763007,21.5,44
2021,JJ Roy,11,20.6,100.11055611055617,23.545454545454547,60
2021,JJ Roy,12,30.4,110.46020646020652,26.583333333333332,10
2023,JJ Roy,13,30.0,101.8448218448219,25.307692307692307,43
2023,JJ Roy,14,31.8,90.935730935731,26.571428571428573,61
2023,JJ Roy,15,43.6,130.40663040663048,28.866666666666667,56
2023,JJ Roy,16,46.0,146.46321749770033,30.5625,20
2023,JJ Roy,17,38.0,139.19049022497305,29.941176470588236,38
2023,JJ Roy,18,43.6,155.47254150702435,30.38888888888889,10
2023,JJ Roy,19,37.0,160.47254150702435,29.31578947368421,12
2023,JJ Roy,20,27.2,130.28735632183916,28.45,45
2019,JM Bairstow,5,52.4,159.53201970443357,52.4,1
2019,JM Bairstow,6,44.8,139.7463054187193,43.833333333333336,41
2019,JM Bairstow,7,44.0,133.22844827586215,43.42857142857143,61
2019,JM Bairstow,8,33.4,119.75018740629692,45.625,80
2019,JM Bairstow,9,39.8,122.20229468599041,49.44444444444444,0
2020/21,JM Bairstow,10,36.6,90.20229468599041,44.5,19
2020/21,JM Bairstow,11,40.2,105.79753278122851,42.18181818181818,16
2020/21,JM Bairstow,12,35.2,97.01463804438639,40.0,36
2020/21,JM Bairstow,13,30.2,96.20718462823733,39.69230769230769,0
2020/21,JM Bairstow,14,14.2,60.65162907268177,36.857142857142854,10
2020/21,JM Bairstow,15,16.2,85.65162907268177,35.06666666666667,23
2020/21,JM Bairstow,16,17.0,85.24869866975136,34.3125,53
2020/21,JM Bairstow,17,24.4,89.19090713208368,35.411764705882355,61
2020/21,JM Bairstow,18,29.4,89.99836054823274,36.833333333333336,25
2020/21,JM Bairstow,19,34.4,123.33169388156607,36.21052631578947,97
2020/21,JM Bairstow,20,51.8,132.36678160086433,39.25,5
2021,JM Bairstow,21,48.2,124.67447390855664,37.61904761904762,55
2021,JM Bairstow,22,48.6,130.71942847574934,38.40909090909091,12
2021,JM Bairstow,23,38.8,122.65922780685302,37.26086956521739,43
2021,JM Bairstow,24,42.4,126.7171988213458,37.5,63
2021,JM Bairstow,25,35.6,114.78737425994227,38.52,38
2021,JM Bairstow,26,42.2,147.0095964821645,38.5,7
2021,JM Bairstow,27,32.6,143.5136615228149,37.333333333333336,30
2022,JM Bairstow,28,36.2,153.62355163270504,37.07142857142857,8
2022,JM Bairstow,29,29.2,136.23224728487895,36.06896551724138,12
2022,JM Bairstow,30,19.0,132.58852258852264,35.266666666666666,12
2022,JM Bairstow,31,13.8,114.36630036630042,34.516129032258064,9
2022,JM Bairstow,32,14.2,113.5329670329671,33.71875,6
2022,JM Bairstow,33,9.4,124.96153846153852,32.878787878787875,32
2022,JM Bairstow,34,14.2,126.29487179487187,32.85294117647059,1
2022,JM Bairstow,35,12.0,111.16666666666674,31.942857142857143,56
2022,JM Bairstow,36,20.8,113.8333333333334,32.611111111111114,66
2022,JM Bairstow,37,32.2,135.3333333333334,33.513513513513516,28
2022,JM Bairstow,38,36.6,132.66666666666674,33.36842105263158,23
2024,JM Bairstow,39,34.8,142.00000000000009,33.1025641025641,9
2024,JM Bairstow,40,36.4,198.66666666666674,32.5,8
2024,JM Bairstow,41,26.8,198.66666666666674,31.902439024390244,42
2024,JM Bairstow,42,22.0,183.63218390804604,32.142857142857146,22
2024,JM Bairstow,43,20.8,180.14500442086654,31.906976744186046,0
2024,JM Bairstow,44,16.2,149.4783377541999,31.181818181818183,15
2024,JM Bairstow,45,17.4,105.2678114384104,30.822222222222223,108
2024,JM Bairstow,46,37.4,123.60114477174375,32.5,46
2024,JM Bairstow,47,38.2,125.30229419703112,32.787234042553195,7
2024,JM Bairstow,48,35.2,111.45614035087726,32.25,27
2024,JM Bairstow,49,40.6,143.2208462332302,32.142857142857146,14
2022,JM Sharma,5,24.4,163.5331576635925,24.4,2
2022,JM Sharma,6,19.6,141.3109354413703,20.666666666666668,38
2022,JM Sharma,7,22.6,137.49275362318846,23.142857142857142,9
2022,JM Sharma,8,18.4,135.99275362318846,21.375,44
2022,JM Sharma,9,25.0,133.6356107660456,23.88888888888889,19
2023,JM Sharma,10,22.4,160.09523809523816,23.4,21
2023,JM Sharma,11,26.2,191.6103896103897,23.181818181818183,27
2023,JM Sharma,12,24.0,185.37509549274262,23.5,4
2023,JM Sharma,13,23.0,158.2639843816315,22.0,25
2023,JM Sharma,14,19.2,154.860257673557,22.214285714285715,2
2023,JM Sharma,15,15.8,110.57454338784268,20.866666666666667,41
2023,JM Sharma,16,19.8,101.67843949173879,22.125,25
2023,JM Sharma,17,19.4,141.3423050379573,22.294117647058822,24
2023,JM Sharma,18,23.4,180.45341614906837,22.38888888888889,21
2023,JM Sharma,19,22.6,193.71428571428578,22.31578947368421,49
2023,JM Sharma,20,32.0,217.50738916256165,23.65,21
2023,JM Sharma,21,28.0,210.3269380347421,23.523809523809526,5
2023,JM Sharma,22,24.0,158.89836660617067,22.681818181818183,0
2023,JM Sharma,23,19.2,110.89836660617065,21.695652173913043,44
2024,JM Sharma,24,23.8,107.3269380347421,22.625,9
2024,JM Sharma,25,15.8,93.53383458646624,22.08,27
2024,JM Sharma,26,17.0,98.42857142857149,22.26923076923077,6
2024,JM Sharma,27,17.2,90.42857142857149,21.666666666666668,16
2024,JM Sharma,28,20.4,130.4285714285715,21.464285714285715,19
2024,JM Sharma,29,15.4,130.66666666666674,21.379310344827587,29
2024,JM Sharma,30,19.4,133.86666666666673,21.633333333333333,9
2024,JM Sharma,31,15.8,124.86666666666675,21.225806451612904,13
2024,JM Sharma,32,17.2,134.5333333333334,20.96875,0
2024,JM Sharma,33,14.0,94.53333333333339,20.333333333333332,5
2024,JM Sharma,34,11.2,87.86666666666672,19.88235294117647,22
2024,JM Sharma,35,9.8,86.66666666666674,19.942857142857143,32
2020/21,JO Holder,5,7.6,92.69841269841277,7.6,5
2020/21,JO Holder,6,5.4,78.53174603174611,7.166666666666667,26
2020/21,JO Holder,7,10.6,125.80447330447336,9.857142857142858,24
2020/21,JO Holder,8,12.8,120.9155844155845,11.625,11
2021,JO Holder,9,14.4,115.58225108225115,11.555555555555555,4
2021,JO Holder,10,14.0,114.43939393939402,10.8,1
2021,JO Holder,11,13.2,111.93939393939402,9.909090909090908,5
2021,JO Holder,12,9.0,84.66666666666674,9.5,16
2021,JO Holder,13,7.4,85.28205128205136,10.0,10
2021,JO Holder,14,7.2,92.83760683760693,10.0,47
2021,JO Holder,15,15.8,108.17094017094026,12.466666666666667,2
2022,JO Holder,16,16.0,102.61538461538468,11.8125,8
2022,JO Holder,17,16.6,135.948717948718,11.588235294117647,8
2022,JO Holder,18,15.0,122.76190476190484,11.38888888888889,16
2022,JO Holder,19,16.2,132.53968253968262,11.631578947368421,0
2022,JO Holder,20,6.8,101.20634920634927,11.05,11
2022,JO Holder,21,8.6,124.26190476190484,11.047619047619047,13
2022,JO Holder,22,9.6,135.9285714285715,11.136363636363637,1
2022,JO Holder,23,8.2,134.50000000000009,10.695652173913043,1
2023,JO Holder,24,5.2,109.16666666666677,10.291666666666666,1
2023,JO Holder,25,5.4,129.16666666666677,9.92,0
2023,JO Holder,26,3.2,101.66666666666676,9.538461538461538,11
2009,JP Duminy,5,37.0,118.81130375132834,37.0,1
2009,JP Duminy,6,35.4,96.43035137037596,31.0,52
2009,JP Duminy,7,36.4,95.79437605001525,34.0,0
2009,JP Duminy,8,32.8,70.08009033572952,29.75,59
2009,JP Duminy,9,32.8,80.02148227712146,33.0,4
2009,JP Duminy,10,23.2,65.98639455782322,30.1,62
2009,JP Duminy,11,35.4,85.61602418745285,33.0,9
2009/10,JP Duminy,12,26.8,94.39153439153449,31.0,35
2009/10,JP Duminy,13,33.8,118.52946542601724,31.307692307692307,31
2009/10,JP Duminy,14,28.2,109.22210611865793,31.285714285714285,21
2009/10,JP Duminy,15,31.6,123.88877278532462,30.6,42
2009/10,JP Duminy,16,27.6,145.13633613815114,31.3125,19
2009/10,JP Duminy,17,29.6,129.2104102122252,30.58823529411765,3
2009/10,JP Duminy,18,23.2,120.07247917774244,29.055555555555557,6
2011,JP Duminy,19,18.2,118.4274575327208,27.842105263157894,14
2011,JP Duminy,20,16.8,106.89804576801491,27.15,6
2011,JP Duminy,21,9.6,77.68751945222543,26.142857142857142,22
2011,JP Duminy,22,10.2,92.9467787114847,25.954545454545453,18
2011,JP Duminy,23,13.2,100.4467787114847,25.608695652173914,17
2011,JP Duminy,24,15.4,114.21301247771846,25.25,55
2011,JP Duminy,25,23.6,132.11742424242433,26.44,30
2011,JP Duminy,26,28.4,137.11742424242433,26.576923076923077,8
2011,JP Duminy,27,25.6,123.78409090909102,25.88888888888889,23
2011,JP Duminy,28,26.6,118.32112794612806,25.785714285714285,12
2012,JP Duminy,29,25.6,111.41203703703714,25.310344827586206,4
2012,JP Duminy,30,15.4,93.03703703703714,24.6,58
2012,JP Duminy,31,21.0,116.00000000000011,25.677419354838708,13
2012,JP Duminy,32,22.0,128.888888888889,25.28125,16
2012,JP Duminy,33,20.6,133.18518518518528,25.0,26
2012,JP Duminy,34,23.4,130.85185185185196,25.029411764705884,25
2012,JP Duminy,35,27.6,134.0826210826212,25.02857142857143,4
2012,JP Duminy,36,16.8,117.7863247863249,24.444444444444443,24
2012,JP Duminy,37,19.0,103.44289044289056,24.43243243243243,74
2014,JP Duminy,38,30.6,110.034085411444,25.736842105263158,67
2014,JP Duminy,39,38.8,115.16741874477734,26.794871794871796,52
2014,JP Duminy,40,44.2,124.04475762211621,27.425,15
2014,JP Duminy,41,46.4,118.80666238402098,27.121951219512194,20
2014,JP Duminy,42,45.6,161.40406498142357,26.952380952380953,19
2014,JP Duminy,43,34.6,149.31287001287012,26.767441860465116,39
2014,JP Duminy,44,29.0,147.67416033545075,27.045454545454547,28
2014,JP Duminy,45,24.2,152.50722869793088,27.066666666666666,40
2014,JP Duminy,46,29.2,158.66486416591118,27.347826086956523,4
2014,JP Duminy,47,26.0,117.52200702305404,26.851063829787233,48
2014,JP Duminy,48,31.8,133.6886736897207,27.291666666666668,8
2014,JP Duminy,49,25.6,128.52738336714006,26.897959183673468,17
2014,JP Duminy,50,23.4,111.77668308702803,26.7,45
2014,JP Duminy,51,24.4,114.19047619047629,27.058823529411764,8
2015,JP Duminy,52,25.2,118.19047619047629,26.692307692307693,5
2015,JP Duminy,53,16.6,106.19047619047629,26.28301886792453,44
2015,JP Duminy,54,23.8,108.1904761904763,26.61111111111111,21
2015,JP Duminy,55,24.6,114.10526315789484,26.509090909090908,54
2015,JP Duminy,56,26.4,108.65071770334939,27.0,5
2015,JP Duminy,57,25.8,101.15071770334939,26.614035087719298,78
2015,JP Duminy,58,40.4,110.58467996750032,27.5,13
2015,JP Duminy,59,34.2,105.91801330083368,27.25423728813559,25
2015,JP Duminy,60,35.0,113.22451484882129,27.216666666666665,56
2015,JP Duminy,61,35.4,116.67906030336674,27.688524590163933,28
2015,JP Duminy,62,40.0,133.65274451389305,27.693548387096776,12
2015,JP Duminy,63,26.8,119.21878224974212,27.444444444444443,6
2015,JP Duminy,64,25.4,119.0283060592659,27.109375,67
2016,JP Duminy,65,33.8,120.071086807929,27.723076923076924,7
2016,JP Duminy,66,24.0,120.071086807929,27.40909090909091,49
2016,JP Duminy,67,28.2,122.21030582320914,27.73134328358209,48
2016,JP Duminy,68,35.4,129.535887218558,28.029411764705884,13
2016,JP Duminy,69,36.8,149.535887218558,27.81159420289855,34
2016,JP Duminy,70,30.2,139.68740237007313,27.9,9
2016,JP Duminy,71,30.6,131.68740237007313,27.633802816901408,14
2016,JP Duminy,72,23.6,120.0744991442667,27.444444444444443,17
2018,JP Duminy,73,17.4,120.41558441558452,27.301369863013697,23
2018,JP Duminy,74,19.4,96.80213903743325,27.243243243243242,13
2013,JP Faulkner,5,7.4,92.15873015873026,7.4,1
2013,JP Faulkner,6,5.4,72.71428571428582,6.333333333333333,3
2013,JP Faulkner,7,5.4,90.71428571428582,5.857142857142857,1
2013,JP Faulkner,8,1.8,73.57142857142867,5.25,12
2013,JP Faulkner,9,3.6,83.46153846153857,6.0,6
2013,JP Faulkner,10,4.6,103.46153846153857,6.0,11
2014,JP Faulkner,11,6.6,118.46153846153857,6.454545454545454,8
2014,JP Faulkner,12,7.6,168.46153846153857,6.583333333333333,8
2014,JP Faulkner,13,9.0,181.3186813186814,6.6923076923076925,4
2014,JP Faulkner,14,7.4,202.85714285714295,6.5,2
2014,JP Faulkner,15,6.6,202.85714285714295,6.2,1
2014,JP Faulkner,16,4.6,202.85714285714295,5.875,4
2014,JP Faulkner,17,3.8,136.1904761904763,5.764705882352941,41
2014,JP Faulkner,18,10.4,156.49122807017554,7.722222222222222,1
2014,JP Faulkner,19,9.8,121.49122807017554,7.368421052631579,23
2014,JP Faulkner,20,14.0,138.99122807017554,8.15,31
2014,JP Faulkner,21,20.0,147.17304625199372,9.238095238095237,35
2014,JP Faulkner,22,26.2,187.68586676481425,10.409090909090908,23
2015,JP Faulkner,23,22.6,177.385114885115,10.956521739130435,46
2015,JP Faulkner,24,31.6,197.24997974997987,12.416666666666666,17
2015,JP Faulkner,25,30.4,170.65907065907078,12.6,6
2015,JP Faulkner,26,25.4,162.4772524772526,12.346153846153847,6
2015,JP Faulkner,27,19.6,132.63109863109872,12.11111111111111,1
2015,JP Faulkner,28,15.2,103.77395577395589,11.714285714285714,4
2015,JP Faulkner,29,6.8,94.90909090909102,11.448275862068966,8
2015,JP Faulkner,30,5.0,104.00000000000011,11.333333333333334,30
2015,JP Faulkner,31,9.8,115.57894736842118,11.935483870967742,16
2015,JP Faulkner,32,11.8,116.1943319838058,12.0625,6
2015,JP Faulkner,33,12.8,132.1943319838058,11.878787878787879,4
2016,JP Faulkner,34,12.8,132.1943319838058,11.647058823529411,7
2016,JP Faulkner,35,12.6,109.6943319838058,11.514285714285714,22
2016,JP Faulkner,36,11.0,111.96153846153857,11.805555555555555,9
2016,JP Faulkner,37,9.6,117.34615384615395,11.72972972972973,32
2016,JP Faulkner,38,14.8,121.04985754985766,12.263157894736842,7
2017,JP Faulkner,39,15.4,128.383190883191,12.128205128205128,4
2017,JP Faulkner,40,14.8,150.883190883191,11.925,21
2017,JP Faulkner,41,14.6,131.51979565772677,12.146341463414634,6
2017,JP Faulkner,42,14.0,118.66265280058394,12.0,1
2017,JP Faulkner,43,7.8,99.95894909688025,11.744186046511627,14
2017,JP Faulkner,44,9.2,111.62561576354692,11.795454545454545,8
2023,JR Hazlewood,5,3.6,67.95454545454558,3.6,1
2007/08,JR Hopes,5,24.8,151.7647058823531,24.8,27
2007/08,JR Hopes,6,16.0,138.42105263157907,25.166666666666668,51
2007/08,JR Hopes,7,23.0,147.5639097744362,28.857142857142858,4
2007/08,JR Hopes,8,20.2,128.99248120300766,25.75,0
2007/08,JR Hopes,9,19.2,108.99248120300766,22.88888888888889,13
2007/08,JR Hopes,10,19.0,92.62884483937128,21.9,2
2011,JR Hopes,11,14.0,72.20779220779234,20.09090909090909,13
2011,JR Hopes,12,6.4,108.06493506493521,19.5,17
2011,JR Hopes,13,9.0,120.92207792207805,19.307692307692307,54
2011,JR Hopes,14,19.8,144.92207792207805,21.785714285714285,25
2011,JR Hopes,15,22.2,137.4147465437789,22.0,17
2011,JR Hopes,16,25.2,163.41474654377893,21.6875,55
2011,JR Hopes,17,33.6,122.85919098822338,23.647058823529413,8
2011,JR Hopes,18,31.8,125.24014336917575,22.77777777777778,7
2007/08,K Goel,5,15.0,89.71428571428584,15.0,1
2009,K Goel,6,10.4,68.5714285714287,12.666666666666666,38
2009,K Goel,7,12.8,78.35497835497847,16.285714285714285,0
2009,K Goel,8,9.2,61.21212121212134,14.25,19
2009,K Goel,9,12.8,72.64069264069276,14.777777777777779,12
2009,K Goel,10,14.0,75.49783549783562,14.5,20
2009,K Goel,11,17.8,86.43379608896863,15.0,1
2009,K Goel,12,10.4,56.888341543514095,13.833333333333334,14
2009,K Goel,13,13.2,70.22167487684742,13.846153846153847,20
2009/10,K Goel,14,13.4,68.793103448276,14.285714285714286,17
2009/10,K Goel,15,14.4,68.79310344827599,14.466666666666667,1
2018,K Gowtham,5,9.6,124.2857142857144,9.6,8
2018,K Gowtham,6,11.2,156.2857142857144,9.333333333333334,18
2018,K Gowtham,7,14.4,196.2857142857144,10.571428571428571,5
2018,K Gowtham,8,13.0,187.00000000000014,9.875,8
2018,K Gowtham,9,14.4,203.6666666666668,9.666666666666666,13
2018,K Gowtham,10,10.4,195.6666666666668,10.0,3
2018,K Gowtham,11,9.4,175.6666666666668,9.363636363636363,14
2018,K Gowtham,12,8.6,171.6666666666668,9.75,9
2019,K Gowtham,13,9.4,172.3809523809525,9.692307692307692,3
2019,K Gowtham,14,8.4,160.71428571428584,9.214285714285714,9
2019,K Gowtham,15,7.6,131.21428571428584,9.2,0
2019,K Gowtham,16,7.0,119.21428571428582,8.625,6
2020/21,K Gowtham,17,5.4,83.21428571428585,8.470588235294118,20
2020/21,K Gowtham,18,7.6,86.0714285714287,9.11111111111111,22
2022,K Gowtham,19,11.4,104.91758241758252,9.789473684210526,0
2023,K Gowtham,20,9.6,82.41758241758254,9.3,6
2023,K Gowtham,21,10.8,202.41758241758254,9.142857142857142,17
2023,K Gowtham,22,13.0,201.30647130647145,9.5,1
2023,K Gowtham,23,9.2,182.73504273504287,9.130434782608695,23
2023,K Gowtham,24,9.4,184.2735042735044,9.708333333333334,1
2023,K Gowtham,25,9.6,190.94017094017107,9.36,11
2023,K Gowtham,26,10.6,125.94017094017104,9.423076923076923,2
2019,K Rabada,5,11.6,46.428571428571544,11.6,2
2019,K Rabada,6,3.2,45.476190476190595,10.0,9
2020/21,K Rabada,7,2.8,57.500000000000114,9.857142857142858,9
2020/21,K Rabada,8,4.6,75.50000000000011,9.75,2
2020/21,K Rabada,9,5.0,88.83333333333346,8.88888888888889,3
2020/21,K Rabada,10,5.0,82.40476190476201,8.3,15
2020/21,K Rabada,11,7.6,105.26190476190486,8.909090909090908,12
2020/21,K Rabada,12,8.2,117.04761904761915,9.166666666666666,15
2021,K Rabada,13,9.4,115.71428571428582,9.615384615384615,9
2021,K Rabada,14,10.8,147.3809523809525,9.571428571428571,0
2021,K Rabada,15,10.2,138.8095238095239,8.933333333333334,4
2022,K Rabada,16,8.0,175.95238095238105,8.625,25
2022,K Rabada,17,10.6,172.9166666666668,9.588235294117647,12
2022,K Rabada,18,10.0,173.39285714285728,9.722222222222221,1
2022,K Rabada,19,8.4,148.39285714285725,9.263157894736842,2
2022,K Rabada,20,8.8,155.0595238095239,8.9,2
2022,K Rabada,21,8.4,83.05952380952392,8.571428571428571,0
2022,K Rabada,22,3.4,51.809523809523924,8.181818181818182,6
2023,K Rabada,23,2.2,64.66666666666677,8.08695652173913,0
2023,K Rabada,24,2.0,44.66666666666678,7.75,0
2024,K Rabada,25,1.6,38.000000000000114,7.44,8
2024,K Rabada,26,2.8,70.00000000000011,7.461538461538462,1
2024,K Rabada,27,3.0,90.00000000000011,7.222222222222222,11
2021,KA Jamieson,5,11.8,155.37296037296048,11.8,4
2021,KA Jamieson,6,11.8,142.03962703962716,10.5,2
2009/10,KA Pollard,5,11.8,115.5497076023393,11.8,20
2009/10,KA Pollard,6,13.8,119.12113617376788,13.166666666666666,21
2009/10,KA Pollard,7,13.8,139.01587301587313,14.285714285714286,5
2009/10,KA Pollard,8,13.4,135.6825396825398,13.125,18
2009/10,KA Pollard,9,13.0,116.95238095238108,13.666666666666666,25
2009/10,KA Pollard,10,17.8,148.6666666666668,14.8,45
2009/10,KA Pollard,11,22.8,189.32600732600744,17.545454545454547,20
2009/10,KA Pollard,12,22.6,191.77045177045187,17.75,33
2009/10,KA Pollard,13,28.2,222.24664224664238,18.923076923076923,27
2011,KA Pollard,14,30.0,250.53235653235666,19.5,0
2011,KA Pollard,15,25.0,214.8180708180709,18.2,0
2011,KA Pollard,16,16.0,145.5873015873017,17.0625,4
2011,KA Pollard,17,12.8,106.14285714285725,16.294117647058822,20
2011,KA Pollard,18,10.2,95.36363636363647,16.5,28
2011,KA Pollard,19,10.4,65.711462450593,17.105263157894736,9
2011,KA Pollard,20,12.2,85.711462450593,16.7,17
2011,KA Pollard,21,15.6,111.86530860443915,16.714285714285715,24
2011,KA Pollard,22,19.6,141.15102289015346,17.045454545454547,20
2011,KA Pollard,23,19.6,127.00960874873931,17.17391304347826,18
2011,KA Pollard,24,17.6,118.31395657482624,17.208333333333332,3
2011,KA Pollard,25,16.4,110.31395657482626,16.64,3
2012,KA Pollard,26,13.6,94.16011042098009,16.115384615384617,8
2012,KA Pollard,27,10.4,74.41985068072036,15.814814814814815,24
2012,KA Pollard,28,11.2,78.8642951251648,16.107142857142858,64
2012,KA Pollard,29,20.4,102.00000000000011,17.75862068965517,1
2012,KA Pollard,30,20.0,95.00000000000011,17.2,7
2012,KA Pollard,31,20.8,99.00000000000011,16.870967741935484,3
2012,KA Pollard,32,19.8,91.95454545454557,16.4375,16
2012,KA Pollard,33,18.2,100.84343434343445,16.424242424242426,21
2012,KA Pollard,34,9.6,94.36324786324798,16.558823529411764,52
2012,KA Pollard,35,19.8,121.86324786324799,17.571428571428573,8
2012,KA Pollard,36,20.0,139.86324786324798,17.305555555555557,16
2013,KA Pollard,37,22.6,148.36324786324798,17.27027027027027,5
2013,KA Pollard,38,20.4,162.80769230769243,16.94736842105263,57
2013,KA Pollard,39,27.6,159.00000000000014,17.974358974358974,13
2013,KA Pollard,40,19.8,159.00000000000014,17.85,19
2013,KA Pollard,41,22.0,152.33333333333346,17.878048780487806,1
2013,KA Pollard,42,19.0,139.1904761904763,17.476190476190474,19
2013,KA Pollard,43,21.8,127.1904761904763,17.511627906976745,33
2013,KA Pollard,44,17.0,126.1904761904763,17.863636363636363,34
2013,KA Pollard,45,21.2,133.69047619047632,18.22222222222222,20
2013,KA Pollard,46,21.4,126.53896103896116,18.26086956521739,14
2013,KA Pollard,47,24.0,138.41866028708145,18.170212765957448,1
2013,KA Pollard,48,20.4,107.08532695374811,17.8125,4
2013,KA Pollard,49,14.6,99.58532695374811,17.53061224489796,66
2013,KA Pollard,50,21.0,108.474215842637,18.5,17
2013,KA Pollard,51,20.4,111.54239766081882,18.470588235294116,22
2013,KA Pollard,52,22.0,116.80555555555566,18.53846153846154,24
2013,KA Pollard,53,26.6,140.138888888889,18.641509433962263,11
2013,KA Pollard,54,28.0,156.80555555555566,18.5,60
2014,KA Pollard,55,26.8,145.4166666666668,19.254545454545454,6
2014,KA Pollard,56,24.6,137.5000000000001,19.017857142857142,3
2014,KA Pollard,57,20.8,126.07142857142867,18.736842105263158,12
2014,KA Pollard,58,18.4,117.8896103896105,18.620689655172413,33
2014,KA Pollard,59,22.8,103.22294372294384,18.864406779661017,78
2014,KA Pollard,60,26.4,96.92294372294383,19.85,28
2014,KA Pollard,61,30.8,126.66653346653356,19.983606557377048,43
2014,KA Pollard,62,38.8,144.970104895105,20.35483870967742,0
2014,KA Pollard,63,36.4,123.15192307692318,20.03174603174603,6
2014,KA Pollard,64,31.0,118.29478021978034,19.8125,10
2014,KA Pollard,65,17.4,105.27659840159852,19.661538461538463,14
2014,KA Pollard,66,14.6,85.53300865800877,19.575757575757574,8
2014,KA Pollard,67,7.6,85.32467532467544,19.402985074626866,11
2014,KA Pollard,68,9.8,112.82467532467544,19.279411764705884,7
2014,KA Pollard,69,10.0,142.34848484848496,19.10144927536232,14
2015,KA Pollard,70,10.8,159.1666666666668,19.02857142857143,20
2015,KA Pollard,71,12.0,154.88095238095246,19.04225352112676,70
2015,KA Pollard,72,24.4,169.39075630252114,19.75,64
2015,KA Pollard,73,35.0,181.89075630252114,20.356164383561644,5
2015,KA Pollard,74,34.6,168.5574229691878,20.14864864864865,10
2015,KA Pollard,75,33.8,158.5574229691878,20.013333333333332,33
2015,KA Pollard,76,36.4,163.08123249299734,20.18421052631579,24
2015,KA Pollard,77,27.2,153.904761904762,20.233766233766232,7
2015,KA Pollard,78,15.8,131.404761904762,20.064102564102566,26
2015,KA Pollard,79,20.0,130.5714285714287,20.139240506329113,1
2015,KA Pollard,80,18.2,110.5714285714287,19.9,49
2015,KA Pollard,81,21.4,127.83333333333344,20.25925925925926,33
2015,KA Pollard,82,23.2,112.33333333333344,20.414634146341463,41
2015,KA Pollard,83,30.0,137.99122807017554,20.662650602409638,36
2016,KA Pollard,84,32.0,145.49122807017554,20.845238095238095,1
2016,KA Pollard,85,32.0,142.49122807017554,20.611764705882354,1
2016,KA Pollard,86,22.4,121.65789473684222,20.38372093023256,1
2016,KA Pollard,87,16.0,111.8245614035089,20.160919540229884,39
2016,KA Pollard,88,15.6,107.66666666666679,20.375,19
2016,KA Pollard,89,12.2,86.66666666666677,20.359550561797754,10
2016,KA Pollard,90,14.0,106.888888888889,20.244444444444444,51
2016,KA Pollard,91,24.0,137.888888888889,20.582417582417584,11
2016,KA Pollard,92,26.0,148.14529914529925,20.47826086956522,35
2016,KA Pollard,93,25.2,139.5800817539949,20.634408602150536,27
2016,KA Pollard,94,26.8,147.5800817539949,20.70212765957447,3
2016,KA Pollard,95,25.4,135.3578595317727,20.51578947368421,9
2017,KA Pollard,96,17.0,100.72149589540905,20.395833333333332,27
2017,KA Pollard,97,20.2,115.56312485468507,20.463917525773194,17
2017,KA Pollard,98,16.6,105.12834224598942,20.428571428571427,11
2017,KA Pollard,99,13.4,98.12834224598942,20.333333333333332,70
2017,KA Pollard,100,26.8,116.699770817418,20.83,39
2017,KA Pollard,101,32.8,132.83613445378163,21.00990099009901,26
2017,KA Pollard,102,32.6,117.84562211981579,21.058823529411764,9
2017,KA Pollard,103,31.0,117.84562211981579,20.941747572815533,25
2017,KA Pollard,104,33.8,133.5599078341015,20.98076923076923,17
2017,KA Pollard,105,23.2,131.1423254165191,20.942857142857143,63
2017,KA Pollard,106,28.0,131.80022015336118,21.339622641509433,5
2017,KA Pollard,107,23.8,124.11693569588317,21.186915887850468,50
2017,KA Pollard,108,32.0,142.57847415742162,21.453703703703702,13
2017,KA Pollard,109,29.6,130.50055207949956,21.376146788990827,7
2017,KA Pollard,110,27.6,118.3467059256534,21.245454545454546,9
2017,KA Pollard,111,16.8,103.18881118881131,21.135135135135137,7
2018,KA Pollard,112,17.2,140.76456876456888,21.008928571428573,28
2018,KA Pollard,113,12.8,126.65085638998694,21.07079646017699,0
2018,KA Pollard,114,10.2,103.01449275362329,20.885964912280702,5
2018,KA Pollard,115,9.8,101.51449275362332,20.747826086956522,21
2018,KA Pollard,116,12.2,104.51449275362332,20.75,9
2018,KA Pollard,117,12.6,87.84782608695664,20.64957264957265,13
2018,KA Pollard,118,9.6,80.83333333333344,20.584745762711865,50
2018,KA Pollard,119,19.6,122.50000000000011,20.831932773109244,7
2019,KA Pollard,120,20.0,130.0000000000001,20.716666666666665,21
2019,KA Pollard,121,20.0,141.30769230769243,20.71900826446281,5
2019,KA Pollard,122,19.2,125.59340659340671,20.59016393442623,7
2019,KA Pollard,123,18.0,123.81562881562895,20.479674796747968,17
2019,KA Pollard,124,11.4,119.92673992674004,20.451612903225808,46
2019,KA Pollard,125,19.2,132.78388278388292,20.656,83
2019,KA Pollard,126,31.6,150.7792207792209,21.150793650793652,6
2019,KA Pollard,127,31.8,146.4935064935066,21.031496062992126,10
2019,KA Pollard,128,32.4,159.50937950937964,20.9453125,13
2019,KA Pollard,129,31.6,143.3982683982685,20.88372093023256,20
2019,KA Pollard,130,26.4,129.5887445887447,20.876923076923077,12
2019,KA Pollard,131,12.2,103.2857142857144,20.80916030534351,41
2020/21,KA Pollard,132,19.2,126.0857142857144,20.96212121212121,18
2020/21,KA Pollard,133,20.8,123.22857142857154,20.93984962406015,41
2020/21,KA Pollard,134,26.4,134.3619047619049,21.08955223880597,4
2020/21,KA Pollard,135,23.2,195.31428571428583,20.962962962962962,47
2020/21,KA Pollard,136,30.2,214.04155844155858,21.154411764705884,13
2020/21,KA Pollard,137,24.6,213.74155844155857,21.094890510948904,42
2020/21,KA Pollard,138,29.4,234.6939393939395,21.246376811594203,11
2020/21,KA Pollard,139,23.4,216.56060606060618,21.172661870503596,25
2020/21,KA Pollard,140,27.6,172.27489177489187,21.2,6
2020/21,KA Pollard,141,19.4,159.54761904761918,21.092198581560282,65
2020/21,KA Pollard,142,29.8,170.3809523809525,21.401408450704224,0
2020/21,KA Pollard,143,21.4,123.71428571428582,21.251748251748253,9
2021,KA Pollard,144,21.0,154.04761904761918,21.166666666666668,7
2021,KA Pollard,145,17.4,133.88888888888897,21.06896551724138,5
2021,KA Pollard,146,17.2,116.388888888889,20.958904109589042,35
2021,KA Pollard,147,11.2,103.49033816425131,21.05442176870748,2
2021,KA Pollard,148,11.6,111.49033816425131,20.925675675675677,16
2021,KA Pollard,149,13.0,93.15700483091798,20.892617449664428,16
2021,KA Pollard,150,14.8,117.60144927536244,20.86,87
2021,KA Pollard,151,31.2,149.71683389074707,21.29801324503311,13
2021,KA Pollard,152,26.8,137.85347985347997,21.24342105263158,21
2021,KA Pollard,153,30.6,154.55936220642116,21.241830065359476,15
2021,KA Pollard,154,30.4,165.3926955397545,21.2012987012987,15
2021,KA Pollard,155,30.2,145.3926955397545,21.161290322580644,7
2021,KA Pollard,156,14.2,114.77731092436986,21.07051282051282,6
2022,KA Pollard,157,12.8,106.20588235294129,20.97452229299363,3
2022,KA Pollard,158,9.2,91.50000000000011,20.860759493670887,22
2022,KA Pollard,159,10.6,69.17241379310356,20.867924528301888,22
2022,KA Pollard,160,12.0,122.50574712643689,20.875,0
2022,KA Pollard,161,10.6,108.50574712643689,20.74534161490683,10
2022,KA Pollard,162,11.4,115.17241379310356,20.679012345679013,25
2022,KA Pollard,163,15.8,140.88669950738927,20.70552147239264,14
2022,KA Pollard,164,14.2,153.71428571428584,20.664634146341463,19
2022,KA Pollard,165,13.6,97.65367965367977,20.654545454545456,10
2022,KA Pollard,166,15.6,110.9870129870131,20.59036144578313,4
2022,KA Pollard,167,14.4,99.65367965367976,20.491017964071855,15
2013,KB Arun Karthik,5,5.8,61.000000000000114,5.8,5
2013,KB Arun Karthik,6,6.2,69.00000000000011,5.666666666666667,5
2013,KB Arun Karthik,7,7.0,79.00000000000011,5.571428571428571,12
2007/08,KC Sangakkara,5,35.0,168.27093596059126,35.0,28
2007/08,KC Sangakkara,6,29.8,161.76161919040493,33.833333333333336,50
2007/08,KC Sangakkara,7,35.8,151.76161919040493,36.142857142857146,64
2007/08,KC Sangakkara,8,29.8,146.0144927536233,39.625,3
2009,KC Sangakkara,9,29.6,121.01449275362329,35.55555555555556,8
2009,KC Sangakkara,10,30.6,120.55994729907783,32.8,26
2009,KC Sangakkara,11,30.2,117.87878787878799,32.18181818181818,26
2009,KC Sangakkara,12,25.4,106.76767676767687,31.666666666666668,60
2009,KC Sangakkara,13,24.6,102.74251953497249,33.84615384615385,45
2009,KC Sangakkara,14,33.0,106.89145570518524,34.642857142857146,17
2009,KC Sangakkara,15,34.8,107.12860985538286,33.46666666666667,0
2009,KC Sangakkara,16,29.6,85.4619431887162,31.375,11
2009,KC Sangakkara,17,26.6,71.23972096649399,30.176470588235293,25
2009,KC Sangakkara,18,19.6,74.91400100621594,29.88888888888889,8
2009,KC Sangakkara,19,12.2,63.76506483600317,28.736842105263158,43
2009,KC Sangakkara,20,17.4,66.89912280701768,29.45,56
2009,KC Sangakkara,21,28.6,92.94563443492464,30.714285714285715,7
2009/10,KC Sangakkara,22,27.8,93.83452332381354,29.636363636363637,17
2009/10,KC Sangakkara,23,26.2,105.29651162790711,29.08695652173913,0
2009/10,KC Sangakkara,24,24.6,97.2965116279071,27.875,15
2009/10,KC Sangakkara,25,19.0,98.12984496124042,27.36,29
2009/10,KC Sangakkara,26,13.6,113.51190476190486,27.423076923076923,30
2009/10,KC Sangakkara,27,18.2,120.17857142857153,27.51851851851852,45
2009/10,KC Sangakkara,28,23.8,115.7341269841271,28.142857142857142,38
2009/10,KC Sangakkara,29,31.4,150.27958152958166,28.482758620689655,9
2009/10,KC Sangakkara,30,30.2,154.02958152958166,27.833333333333332,56
2009/10,KC Sangakkara,31,35.6,139.26767676767685,28.741935483870968,33
2009/10,KC Sangakkara,32,36.2,138.3357771260998,28.875,52
2009/10,KC Sangakkara,33,37.6,133.11055190087458,29.575757575757574,33
2011,KC Sangakkara,34,36.6,126.06509735542004,29.676470588235293,0
2011,KC Sangakkara,35,34.8,103.56509735542004,28.82857142857143,16
2011,KC Sangakkara,36,26.8,98.23176402208671,28.47222222222222,36
2011,KC Sangakkara,37,27.4,105.74144144144157,28.675675675675677,35
2011,KC Sangakkara,38,24.0,102.63333333333344,28.842105263157894,49
2011,KC Sangakkara,39,27.2,101.61981981981994,29.358974358974358,34
2011,KC Sangakkara,40,34.0,125.06809568188889,29.475,65
2011,KC Sangakkara,41,43.8,130.81809568188888,30.341463414634145,15
2011,KC Sangakkara,42,39.6,127.0180956818889,29.976190476190474,0
2011,KC Sangakkara,43,32.6,102.0180956818889,29.27906976744186,44
2011,KC Sangakkara,44,31.6,99.3153929791862,29.613636363636363,12
2011,KC Sangakkara,45,27.2,94.3286555786557,29.22222222222222,27
2011,KC Sangakkara,46,19.6,86.53103653103665,29.17391304347826,25
2012,KC Sangakkara,47,21.6,85.34056034056046,29.085106382978722,14
2012,KC Sangakkara,48,24.4,100.07740244582361,28.770833333333332,1
2012,KC Sangakkara,49,15.8,79.15076151918268,28.20408163265306,44
2012,KC Sangakkara,50,22.2,85.13366750208867,28.52,4
2012,KC Sangakkara,51,17.6,81.84795321637438,28.03921568627451,12
2012,KC Sangakkara,52,15.0,74.03842940685057,27.73076923076923,12
2012,KC Sangakkara,53,14.6,75.30158730158742,27.433962264150942,82
2012,KC Sangakkara,54,30.8,103.98290598290609,28.444444444444443,1
2012,KC Sangakkara,55,22.2,83.53846153846165,27.945454545454545,10
2012,KC Sangakkara,56,23.4,134.20512820512832,27.625,4
2012,KC Sangakkara,57,21.8,131.53846153846166,27.210526315789473,1
2012,KC Sangakkara,58,19.6,120.53846153846166,26.75862068965517,15
2013,KC Sangakkara,59,6.2,102.04347826086969,26.559322033898304,15
2013,KC Sangakkara,60,9.0,116.79347826086969,26.366666666666667,16
2013,KC Sangakkara,61,10.2,68.95034100596772,26.19672131147541,28
2013,KC Sangakkara,62,15.0,75.6170076726344,26.225806451612904,2
2013,KC Sangakkara,63,15.2,83.95034100596772,25.841269841269842,4
2013,KC Sangakkara,64,13.0,90.90686274509815,25.5,21
2013,KC Sangakkara,65,14.2,92.15686274509815,25.43076923076923,8
2013,KC Sangakkara,66,12.6,84.76190476190486,25.166666666666668,23
2013,KC Sangakkara,67,11.6,83.92857142857153,25.134328358208954,3
2007/08,KD Karthik,5,14.6,124.88354037267092,14.6,6
2007/08,KD Karthik,6,11.0,120.59782608695664,13.166666666666666,56
2007/08,KD Karthik,7,21.8,145.59782608695664,19.285714285714285,10
2009,KD Karthik,8,18.2,137.9166666666668,18.125,18
2009,KD Karthik,9,20.6,119.09313725490208,18.11111111111111,12
2009,KD Karthik,10,20.4,126.84313725490208,17.5,4
2009,KD Karthik,11,20.0,112.84313725490208,16.272727272727273,41
2009,KD Karthik,12,17.0,103.46813725490206,18.333333333333332,52
2009,KD Karthik,13,25.4,120.3498576850096,20.923076923076923,5
2009,KD Karthik,14,22.8,132.50672043010763,19.785714285714285,17
2009,KD Karthik,15,23.8,123.9612658846531,19.6,44
2009,KD Karthik,16,31.8,144.62793255131976,21.125,32
2009,KD Karthik,17,30.0,141.07189806856113,21.764705882352942,23
2009,KD Karthik,18,24.2,149.34169278996876,21.833333333333332,31
2009,KD Karthik,19,29.4,136.6750261233021,22.31578947368421,0
2009,KD Karthik,20,26.0,121.22048066875664,21.2,9
2009/10,KD Karthik,21,19.0,104.55381400208998,20.61904761904762,20
2009/10,KD Karthik,22,16.6,104.70707070707083,20.59090909090909,23
2009/10,KD Karthik,23,16.6,79.92592592592605,20.695652173913043,16
2009/10,KD Karthik,24,13.6,104.97354497354509,20.5,19
2009/10,KD Karthik,25,17.4,132.1164021164022,20.44,46
2009/10,KD Karthik,26,24.8,146.19047619047632,21.423076923076923,17
2009/10,KD Karthik,27,24.2,140.9682539682541,21.25925925925926,0
2009/10,KD Karthik,28,19.6,123.93121693121705,20.5,69
2009/10,KD Karthik,29,30.2,114.53272069061555,22.17241379310345,6
2009/10,KD Karthik,30,27.6,117.38986354775841,21.633333333333333,20
2009/10,KD Karthik,31,22.4,106.8452012383902,21.580645161290324,17
2009/10,KD Karthik,32,22.4,99.28964568283465,21.4375,11
2009/10,KD Karthik,33,24.6,115.00393139712037,21.12121212121212,13
2009/10,KD Karthik,34,13.4,93.98225957049497,20.88235294117647,1
2011,KD Karthik,35,12.4,73.98225957049497,20.314285714285713,0
2011,KD Karthik,36,8.4,50.45284780578909,19.75,21
2011,KD Karthik,37,9.2,79.19022154316283,19.783783783783782,3
2011,KD Karthik,38,7.6,75.47593582887711,19.342105263157894,21
2011,KD Karthik,39,9.2,84.88770053475946,19.384615384615383,6
2011,KD Karthik,40,10.2,98.88770053475946,19.05,42
2011,KD Karthik,41,18.6,118.88770053475946,19.609756097560975,1
2011,KD Karthik,42,14.6,90.70588235294129,19.166666666666668,20
2011,KD Karthik,43,18.0,105.37254901960796,19.186046511627907,30
2011,KD Karthik,44,19.8,102.888888888889,19.431818181818183,31
2011,KD Karthik,45,24.8,104.72222222222236,19.68888888888889,69
2011,KD Karthik,46,30.2,126.54040404040416,20.76086956521739,27
2011,KD Karthik,47,35.4,141.08585858585872,20.893617021276597,11
2012,KD Karthik,48,33.6,129.08585858585872,20.6875,32
2012,KD Karthik,49,34.0,125.6871657754012,20.918367346938776,7
2012,KD Karthik,50,29.2,123.18716577540117,20.64,0
2012,KD Karthik,51,15.4,81.36898395721936,20.235294117647058,3
2012,KD Karthik,52,10.6,71.82352941176482,19.903846153846153,35
2012,KD Karthik,53,15.4,92.15686274509815,20.18867924528302,3
2012,KD Karthik,54,9.6,83.33333333333346,19.87037037037037,40
2012,KD Karthik,55,16.2,88.5714285714287,20.236363636363638,2
2012,KD Karthik,56,16.6,95.23809523809535,19.910714285714285,18
2012,KD Karthik,57,19.6,96.60173160173171,19.87719298245614,11
2012,KD Karthik,58,14.8,105.60173160173171,19.724137931034484,44
2012,KD Karthik,59,23.0,118.16583416583428,20.135593220338983,16
2012,KD Karthik,60,18.2,110.92773892773906,20.066666666666666,21
2012,KD Karthik,61,22.0,119.81662781662794,20.081967213114755,6
2013,KD Karthik,62,19.6,133.45299145299157,19.85483870967742,60
2013,KD Karthik,63,29.4,121.885423885424,20.49206349206349,37
2013,KD Karthik,64,28.0,127.7828597828599,20.75,86
2013,KD Karthik,65,42.0,141.5515672658531,21.753846153846155,41
2013,KD Karthik,66,46.0,154.27187377926307,22.045454545454547,30
2013,KD Karthik,67,50.8,141.9189326027925,22.16417910447761,2
2013,KD Karthik,68,39.2,116.1531668370267,21.86764705882353,7
2013,KD Karthik,69,33.2,111.02496170882156,21.652173913043477,43
2013,KD Karthik,70,24.6,101.21703853955387,21.957142857142856,25
2013,KD Karthik,71,21.4,97.94117647058836,22.0,0
2013,KD Karthik,72,15.4,80.29411764705894,21.694444444444443,23
2013,KD Karthik,73,19.6,93.62745098039227,21.71232876712329,34
2013,KD Karthik,74,25.0,106.08359133126946,21.87837837837838,17
2013,KD Karthik,75,19.8,94.38947368421063,21.813333333333333,30
2013,KD Karthik,76,20.8,94.38947368421063,21.92105263157895,21
2013,KD Karthik,77,25.0,112.65034324942803,21.90909090909091,0
2013,KD Karthik,78,20.4,92.65034324942802,21.628205128205128,11
2013,KD Karthik,79,15.8,69.08309178743973,21.49367088607595,22
2013,KD Karthik,80,16.8,81.3654447286162,21.5,21
2014,KD Karthik,81,15.0,71.92100028417175,21.493827160493826,0
2014,KD Karthik,82,10.8,53.66013071895436,21.23170731707317,56
2014,KD Karthik,83,22.0,81.66013071895436,21.650602409638555,21
2014,KD Karthik,84,24.0,88.52881758764121,21.642857142857142,15
2014,KD Karthik,85,22.6,84.0750360750362,21.564705882352943,2
2014,KD Karthik,86,18.8,81.85281385281397,21.337209302325583,12
2014,KD Karthik,87,21.2,96.85281385281397,21.229885057471265,51
2014,KD Karthik,88,20.2,97.1861471861473,21.568181818181817,36
2014,KD Karthik,89,23.2,109.39958592132515,21.730337078651687,39
2014,KD Karthik,90,28.0,113.97101449275374,21.92222222222222,1
2014,KD Karthik,91,27.8,110.63768115942041,21.692307692307693,3
2014,KD Karthik,92,26.0,103.13768115942041,21.48913043478261,69
2014,KD Karthik,93,29.6,104.80434782608707,22.0,7
2014,KD Karthik,94,23.8,84.26923076923089,21.840425531914892,13
2015,KD Karthik,95,18.6,95.41208791208803,21.74736842105263,6
2015,KD Karthik,96,19.6,100.41208791208803,21.583333333333332,9
2015,KD Karthik,97,20.8,109.2757242757244,21.45360824742268,18
2015,KD Karthik,98,10.6,109.2757242757244,21.418367346938776,10
2015,KD Karthik,99,11.2,116.6883116883118,21.303030303030305,27
2015,KD Karthik,100,14.0,107.9665071770336,21.36,23
2015,KD Karthik,101,17.4,115.9665071770336,21.376237623762375,8
2015,KD Karthik,102,17.2,152.93620414673055,21.245098039215687,2
2015,KD Karthik,103,14.0,132.93620414673055,21.058252427184467,2
2015,KD Karthik,104,12.4,134.7543859649124,20.875,8
2015,KD Karthik,105,8.6,159.66666666666674,20.752380952380953,28
2016,KD Karthik,106,9.6,157.40740740740748,20.82075471698113,41
2016,KD Karthik,107,16.2,135.61253561253574,21.009345794392523,9
2016,KD Karthik,108,17.6,140.6125356125357,20.89814814814815,8
2016,KD Karthik,109,18.8,136.6125356125357,20.779816513761467,50
2016,KD Karthik,110,27.2,108.2792022792024,21.045454545454547,19
2016,KD Karthik,111,25.4,109.89140271493224,21.027027027027028,33
2016,KD Karthik,112,23.8,109.78151260504214,21.133928571428573,2
2016,KD Karthik,113,22.4,102.78151260504214,20.964601769911503,53
2016,KD Karthik,114,31.4,111.4326753957398,21.24561403508772,0
2016,KD Karthik,115,21.4,86.4326753957398,21.06086956521739,51
2016,KD Karthik,116,27.8,99.25214801237266,21.31896551724138,2
2016,KD Karthik,117,21.6,77.82357658380124,21.153846153846153,12
2016,KD Karthik,118,23.6,99.82357658380124,21.076271186440678,3
2016,KD Karthik,119,13.6,90.17241379310356,20.92436974789916,26
2016,KD Karthik,120,18.8,106.42241379310356,20.966666666666665,26
2017,KD Karthik,121,13.8,98.6184210526317,21.00826446280992,47
2017,KD Karthik,122,22.8,126.2184210526317,21.221311475409838,30
2017,KD Karthik,123,26.4,114.9684210526317,21.29268292682927,3
2017,KD Karthik,124,26.4,111.9684210526317,21.14516129032258,48
2017,KD Karthik,125,30.8,128.82186932849376,21.36,1
2017,KD Karthik,126,25.8,106.45344827586219,21.1984126984127,3
2017,KD Karthik,127,17.0,88.85344827586218,21.055118110236222,58
2017,KD Karthik,128,22.6,95.32083958021,21.34375,2
2017,KD Karthik,129,22.4,87.76528402465445,21.1937984496124,29
2017,KD Karthik,130,18.6,76.96952805648469,21.253846153846155,65
2017,KD Karthik,131,31.4,108.08063916759582,21.587786259541986,35
2017,KD Karthik,132,37.8,118.51542177629146,21.689393939393938,40
2017,KD Karthik,133,34.2,120.88423736849536,21.827067669172934,0
2018,KD Karthik,134,33.8,116.4397929240509,21.66417910447761,35
2018,KD Karthik,135,35.0,116.00710061635861,21.762962962962963,26
2018,KD Karthik,136,27.2,99.89598950524751,21.794117647058822,29
2018,KD Karthik,137,26.0,90.94268837803332,21.846715328467152,19
2018,KD Karthik,138,21.8,97.90193602693614,21.82608695652174,42
2018,KD Karthik,139,30.2,134.42367515737092,21.971223021582734,43
2018,KD Karthik,140,31.8,141.21534182403758,22.12142857142857,18
2018,KD Karthik,141,30.2,141.21534182403758,22.092198581560282,23
2018,KD Karthik,142,29.0,165.73386034255608,22.098591549295776,45
2018,KD Karthik,143,34.2,176.18840579710155,22.25874125874126,36
2018,KD Karthik,144,33.0,167.35897435897445,22.354166666666668,5
2018,KD Karthik,145,25.4,172.02564102564114,22.23448275862069,50
2018,KD Karthik,146,31.8,193.6923076923078,22.424657534246574,41
2018,KD Karthik,147,35.4,174.14392059553361,22.551020408163264,26
2018,KD Karthik,148,31.6,150.81058726220027,22.574324324324323,52
2018,KD Karthik,149,34.8,150.48670062252418,22.77181208053691,8
2019,KD Karthik,150,35.4,143.82003395585747,22.673333333333332,2
2019,KD Karthik,151,25.8,112.15336728919083,22.5364238410596,1
2019,KD Karthik,152,17.8,105.70175438596502,22.394736842105264,51
2019,KD Karthik,153,22.8,110.87719298245625,22.58169934640523,19
2019,KD Karthik,154,16.2,108.842105263158,22.558441558441558,19
2019,KD Karthik,155,18.4,100.27067669172943,22.53548387096774,2
2019,KD Karthik,156,18.4,103.60401002506278,22.403846153846153,18
2019,KD Karthik,157,21.8,107.60401002506278,22.37579617834395,6
2019,KD Karthik,158,12.8,110.76190476190486,22.272151898734176,97
2019,KD Karthik,159,28.4,122.73626373626385,22.742138364779873,15
2019,KD Karthik,160,27.6,147.4981684981686,22.69375,21
2019,KD Karthik,161,31.4,176.16483516483527,22.683229813664596,3
2020/21,KD Karthik,162,28.4,158.16483516483527,22.561728395061728,4
2020/21,KD Karthik,163,28.0,133.879120879121,22.447852760736197,3
2020/21,KD Karthik,164,9.2,106.5714285714287,22.329268292682926,12
2020/21,KD Karthik,165,8.6,85.53246753246765,22.266666666666666,1
2020/21,KD Karthik,166,4.6,50.19913419913431,22.13855421686747,30
2020/21,KD Karthik,167,10.0,70.28609072087343,22.18562874251497,29
2020/21,KD Karthik,168,15.0,100.82180500658772,22.226190476190474,6
2020/21,KD Karthik,169,15.6,105.82180500658774,22.130177514792898,0
2020/21,KD Karthik,170,13.2,84.0036231884059,22.0,58
2020/21,KD Karthik,171,24.6,116.00362318840591,22.210526315789473,4
2020/21,KD Karthik,172,19.4,99.91666666666679,22.1046511627907,0
2020/21,KD Karthik,173,13.6,63.666666666666785,21.976878612716764,21
2020/21,KD Karthik,174,16.6,90.66666666666679,21.971264367816094,1
2020/21,KD Karthik,175,16.8,100.66666666666679,21.85142857142857,0
2021,KD Karthik,176,5.2,62.000000000000114,21.727272727272727,22
2021,KD Karthik,177,8.8,96.00000000000011,21.728813559322035,8
2021,KD Karthik,178,10.4,110.54545454545466,21.651685393258425,2
2021,KD Karthik,179,6.6,76.54545454545466,21.54189944134078,40
2021,KD Karthik,180,14.4,99.878787878788,21.644444444444446,25
2021,KD Karthik,181,19.4,120.71212121212133,21.662983425414364,12
2021,KD Karthik,182,17.4,116.71212121212133,21.60989010989011,14
2021,KD Karthik,183,18.6,130.1666666666668,21.56830601092896,12
2021,KD Karthik,184,20.6,139.3095238095239,21.516304347826086,26
2021,KD Karthik,185,17.8,149.30952380952394,21.54054054054054,11
2021,KD Karthik,186,15.0,148.4761904761906,21.483870967741936,14
2021,KD Karthik,187,15.4,133.93073593073603,21.44385026737968,18
2021,KD Karthik,188,16.2,135.93073593073603,21.425531914893618,10
2021,KD Karthik,189,15.8,135.45454545454555,21.365079365079364,0
2021,KD Karthik,190,10.6,92.12121212121224,21.25263157894737,9
2022,KD Karthik,191,10.2,97.83549783549795,21.18848167539267,32
2022,KD Karthik,192,13.8,118.09523809523822,21.244791666666668,14
2022,KD Karthik,193,13.0,123.09523809523822,21.207253886010363,44
2022,KD Karthik,194,19.8,143.09523809523822,21.324742268041238,7
2022,KD Karthik,195,21.2,213.09523809523822,21.25128205128205,34
2022,KD Karthik,196,26.2,225.15873015873026,21.316326530612244,66
2022,KD Karthik,197,33.0,218.26797385620927,21.543147208121827,13
2022,KD Karthik,198,32.8,215.76797385620927,21.5,0
2022,KD Karthik,199,24.0,179.1013071895426,21.391959798994975,6
2022,KD Karthik,200,23.8,139.1013071895426,21.315,2
2022,KD Karthik,201,17.4,114.65686274509817,21.218905472636816,26
2022,KD Karthik,202,9.4,106.4215686274511,21.242574257425744,30
2022,KD Karthik,203,12.8,148.9215686274511,21.285714285714285,11
2022,KD Karthik,204,15.0,168.9215686274511,21.235294117647058,2
2022,KD Karthik,205,14.2,158.9215686274511,21.141463414634146,37
2022,KD Karthik,206,21.2,175.18823529411776,21.218446601941746,6
2023,KD Karthik,207,17.2,161.74285714285725,21.144927536231883,0
2023,KD Karthik,208,11.2,86.74285714285726,21.04326923076923,9
2023,KD Karthik,209,10.8,86.74285714285726,20.985645933014354,1
2023,KD Karthik,210,10.6,86.74285714285726,20.89047619047619,0
2023,KD Karthik,211,3.2,57.14285714285726,20.791469194312796,28
2023,KD Karthik,212,7.6,77.33333333333344,20.82547169811321,7
2023,KD Karthik,213,9.0,105.33333333333344,20.760563380281692,16
2023,KD Karthik,214,10.4,109.94871794871806,20.738317757009344,22
2023,KD Karthik,215,14.6,114.3931623931625,20.74418604651163,16
2023,KD Karthik,216,17.8,143.4840714840716,20.72222222222222,11
2023,KD Karthik,217,14.4,130.59518259518273,20.677419354838708,30
2023,KD Karthik,218,19.0,135.92851592851605,20.720183486238533,0
2023,KD Karthik,219,15.8,111.31313131313144,20.625570776255707,0
2024,KD Karthik,220,11.4,86.86868686868698,20.53181818181818,38
2024,KD Karthik,221,15.8,81.5277777777779,20.61085972850679,28
2024,KD Karthik,222,19.2,103.75000000000011,20.644144144144143,20
2024,KD Karthik,223,17.2,120.41666666666679,20.641255605381165,4
2024,KD Karthik,224,18.0,129.30555555555569,20.566964285714285,53
2024,KD Karthik,225,28.6,171.70555555555566,20.711111111111112,83
2024,KD Karthik,226,37.6,186.56020671834636,20.986725663716815,25
2024,KD Karthik,227,37.0,167.67131782945748,21.004405286343612,11
2024,KD Karthik,228,35.2,149.0998892580289,20.960526315789473,21
2024,KD Karthik,229,38.6,175.21100036914,20.96069868995633,18
2024,KD Karthik,230,31.6,184.23957179771145,20.94782608695652,0
2024,KD Karthik,231,15.0,145.63492063492075,20.857142857142858,14
2024,KD Karthik,232,12.8,157.85714285714297,20.82758620689655,11
2016,KH Pandya,5,25.6,164.38846886717081,25.6,19
2016,KH Pandya,6,25.4,162.72180220050413,24.5,86
2016,KH Pandya,7,32.8,174.19185664696514,33.285714285714285,4
2017,KH Pandya,8,26.4,158.50558213716118,29.625,3
2017,KH Pandya,9,25.8,144.50558213716118,26.666666666666668,11
2017,KH Pandya,10,24.6,150.26315789473693,25.1,37
2017,KH Pandya,11,28.2,155.59649122807028,26.181818181818183,37
2017,KH Pandya,12,18.4,133.45833333333343,27.083333333333332,17
2017,KH Pandya,13,21.0,128.0416666666668,26.307692307692307,29
2017,KH Pandya,14,26.2,147.0416666666668,26.5,2
2017,KH Pandya,15,24.4,130.3750000000001,24.866666666666667,0
2017,KH Pandya,16,17.0,93.37500000000011,23.3125,15
2017,KH Pandya,17,12.6,95.25000000000011,22.823529411764707,45
2017,KH Pandya,18,18.2,104.00000000000011,24.055555555555557,47
2018,KH Pandya,19,21.8,97.92682926829279,25.263157894736842,41
2018,KH Pandya,20,29.6,113.57900318133628,26.05,15
2018,KH Pandya,21,32.6,140.85173045406356,25.523809523809526,11
2018,KH Pandya,22,31.8,135.85173045406356,24.863636363636363,15
2018,KH Pandya,23,25.8,128.92865353098662,24.434782608695652,7
2018,KH Pandya,24,17.8,129.33515759602727,23.708333333333332,24
2018,KH Pandya,25,14.4,117.68298368298379,23.72,23
2018,KH Pandya,26,16.0,114.62078272604599,23.692307692307693,31
2018,KH Pandya,27,20.0,142.31309041835368,23.962962962962962,14
2018,KH Pandya,28,19.8,144.69071279597605,23.607142857142858,8
2018,KH Pandya,29,20.0,201.3573794626427,23.06896551724138,3
2018,KH Pandya,30,15.8,184.8573794626427,22.4,32
2018,KH Pandya,31,17.6,187.31351981351992,22.70967741935484,4
2019,KH Pandya,32,12.2,166.2878787878789,22.125,32
2019,KH Pandya,33,15.8,180.83333333333343,22.424242424242426,1
2019,KH Pandya,34,14.4,110.83333333333344,21.794117647058822,10
2019,KH Pandya,35,15.8,136.6666666666668,21.457142857142856,42
2019,KH Pandya,36,17.8,136.25000000000014,22.02777777777778,6
2019,KH Pandya,37,18.2,118.15476190476201,21.594594594594593,1
2019,KH Pandya,38,12.0,84.8214285714287,21.05263157894737,11
2019,KH Pandya,39,14.0,84.8214285714287,20.794871794871796,37
2019,KH Pandya,40,19.4,77.00533661740569,21.2,2
2019,KH Pandya,41,11.4,70.75533661740569,20.73170731707317,1
2019,KH Pandya,42,10.4,68.8505747126438,20.261904761904763,24
2019,KH Pandya,43,15.0,88.85057471264379,20.348837209302324,9
2019,KH Pandya,44,14.6,138.85057471264378,20.09090909090909,0
2019,KH Pandya,45,7.2,113.33333333333344,19.644444444444446,7
2020/21,KH Pandya,46,8.2,113.33333333333344,19.369565217391305,3
2020/21,KH Pandya,47,8.6,126.66666666666679,19.02127659574468,0
2020/21,KH Pandya,48,3.8,100.00000000000011,18.625,10
2020/21,KH Pandya,49,4.0,60.000000000000114,18.448979591836736,1
2020/21,KH Pandya,50,4.2,66.66666666666677,18.1,12
2020/21,KH Pandya,51,5.2,60.784313725490314,17.980392156862745,34
2020/21,KH Pandya,52,11.4,63.45098039215698,18.28846153846154,12
2020/21,KH Pandya,53,13.8,97.73669467787127,18.169811320754718,20
2020/21,KH Pandya,54,15.8,177.73669467787127,18.203703703703702,3
2020/21,KH Pandya,55,16.2,186.07002801120458,17.927272727272726,13
2020/21,KH Pandya,56,16.4,197.95238095238108,17.839285714285715,1
2021,KH Pandya,57,9.8,195.2857142857144,17.54385964912281,7
2021,KH Pandya,58,8.8,181.0000000000001,17.362068965517242,15
2021,KH Pandya,59,7.8,114.33333333333344,17.322033898305083,3
2021,KH Pandya,60,7.8,119.33333333333344,17.083333333333332,1
2021,KH Pandya,61,5.4,97.33333333333346,16.81967213114754,3
2021,KH Pandya,62,5.8,97.33333333333346,16.596774193548388,39
2021,KH Pandya,63,12.2,105.1904761904763,16.952380952380953,32
2021,KH Pandya,64,15.6,99.68322981366471,17.1875,9
2021,KH Pandya,65,16.8,105.39751552795042,17.06153846153846,12
2021,KH Pandya,66,19.0,128.0641821946171,16.984848484848484,4
2021,KH Pandya,67,19.2,124.06418219461709,16.791044776119403,5
2021,KH Pandya,68,12.4,104.54037267080757,16.61764705882353,13
2022,KH Pandya,69,8.6,94.04761904761916,16.565217391304348,21
2022,KH Pandya,70,11.0,98.33333333333344,16.62857142857143,6
2022,KH Pandya,71,9.8,111.66666666666679,16.47887323943662,19
2022,KH Pandya,72,12.8,122.80952380952394,16.51388888888889,22
2022,KH Pandya,73,16.2,143.8095238095239,16.589041095890412,1
2022,KH Pandya,74,13.8,146.4761904761906,16.37837837837838,42
2022,KH Pandya,75,18.0,145.4417077175699,16.72,1
2022,KH Pandya,76,17.0,115.4417077175699,16.513157894736842,7
2022,KH Pandya,77,14.6,108.29885057471274,16.38961038961039,9
2022,KH Pandya,78,12.0,98.96551724137943,16.294871794871796,25
2022,KH Pandya,79,16.8,97.48403575989794,16.40506329113924,5
2022,KH Pandya,80,9.4,88.51851851851863,16.2625,25
2022,KH Pandya,81,14.2,100.25764895330124,16.37037037037037,0
2023,KH Pandya,82,12.8,80.25764895330124,16.170731707317074,15
2023,KH Pandya,83,14.0,81.68622038187267,16.156626506024097,9
2023,KH Pandya,84,10.8,83.16770186335415,16.071428571428573,34
2023,KH Pandya,85,16.6,90.36770186335414,16.28235294117647,0
2023,KH Pandya,86,11.6,68.62857142857155,16.093023255813954,18
2023,KH Pandya,87,15.2,89.80504201680684,16.114942528735632,4
2023,KH Pandya,88,13.0,108.3764705882354,15.977272727272727,23
2023,KH Pandya,89,15.8,107.54313725490208,16.0561797752809,5
2023,KH Pandya,90,10.0,113.6764705882354,15.933333333333334,14
2023,KH Pandya,91,12.8,135.21493212669697,15.912087912087912,0
2023,KH Pandya,92,9.2,114.03846153846166,15.73913043478261,0
2023,KH Pandya,93,8.4,74.03846153846166,15.56989247311828,49
2023,KH Pandya,94,13.6,78.20512820512832,15.925531914893616,9
2023,KH Pandya,95,14.4,67.37179487179499,15.852631578947369,8
2024,KH Pandya,96,13.2,60.378787878788,15.770833333333334,3
2024,KH Pandya,97,13.8,70.378787878788,15.639175257731958,43
2024,KH Pandya,98,22.4,104.778787878788,15.918367346938776,2
2024,KH Pandya,99,13.0,101.44545454545467,15.777777777777779,3
2024,KH Pandya,100,11.8,93.94545454545467,15.65,7
2024,KH Pandya,101,11.6,96.90000000000012,15.564356435643564,15
2024,KH Pandya,102,14.0,114.17272727272739,15.558823529411764,1
2024,KH Pandya,103,5.6,99.7727272727274,15.41747572815534,5
2024,KH Pandya,104,6.2,96.43939393939405,15.317307692307692,24
2024,KH Pandya,105,10.4,104.29653679653691,15.4,18
2024,KH Pandya,106,12.6,104.79653679653691,15.424528301886792,12
2013,KK Cooper,5,8.0,186.66666666666677,8.0,0
2013,KK Cooper,6,5.8,113.33333333333344,6.666666666666667,7
2013,KK Cooper,7,6.2,128.33333333333343,6.714285714285714,26
2013,KK Cooper,8,8.6,125.00000000000009,9.125,4
2014,KK Cooper,9,7.8,138.33333333333343,8.555555555555555,32
2014,KK Cooper,10,13.8,155.98039215686285,10.9,5
2014,KK Cooper,11,14.8,167.09150326797396,10.363636363636363,2
2014,KK Nair,5,18.2,65.29411764705894,18.2,44
2014,KK Nair,6,27.0,89.73856209150338,22.5,12
2014,KK Nair,7,27.6,96.40522875817005,21.0,56
2014,KK Nair,8,37.2,111.78984414278543,25.375,8
2014,KK Nair,9,38.6,123.00196535490666,23.444444444444443,19
2014,KK Nair,10,27.8,121.51737151737163,23.0,48
2014,KK Nair,11,28.6,133.9960039960041,25.272727272727273,11
2014,KK Nair,12,28.4,143.9960039960041,24.083333333333332,50
2015,KK Nair,13,27.2,152.31509231509241,26.076923076923077,8
2015,KK Nair,14,27.2,152.31509231509241,24.785714285714285,20
2015,KK Nair,15,27.4,158.50556850556865,24.466666666666665,1
2015,KK Nair,16,18.0,125.58249158249168,23.0,1
2015,KK Nair,17,16.0,108.91582491582503,21.705882352941178,25
2015,KK Nair,18,11.0,107.59307359307373,21.88888888888889,16
2015,KK Nair,19,12.6,115.90476190476201,21.57894736842105,7
2015,KK Nair,20,10.0,105.90476190476201,20.85,61
2015,KK Nair,21,22.0,134.01002506265678,22.761904761904763,4
2015,KK Nair,22,22.6,121.28275233538402,21.90909090909091,10
2015,KK Nair,23,19.6,102.23513328776498,21.391304347826086,16
2015,KK Nair,24,19.6,111.37799043062212,21.166666666666668,12
2016,KK Nair,25,20.6,106.50619555882727,20.8,3
2016,KK Nair,26,9.0,81.06759906759919,20.115384615384617,54
2016,KK Nair,27,19.0,98.34032634032646,21.37037037037037,5
2016,KK Nair,28,18.0,101.67365967365978,20.785714285714285,9
2016,KK Nair,29,16.6,95.3879453879455,20.379310344827587,68
2016,KK Nair,30,27.8,103.59307359307373,21.966666666666665,32
2016,KK Nair,31,33.6,124.75249388292877,22.29032258064516,23
2016,KK Nair,32,27.4,117.89934702978194,22.3125,20
2016,KK Nair,33,30.4,121.42875879448782,22.242424242424242,8
2016,KK Nair,34,30.2,115.71447308020208,21.823529411764707,41
2016,KK Nair,35,24.8,108.1175738553959,22.37142857142857,83
2016,KK Nair,36,35.0,107.50460165297253,24.055555555555557,11
2017,KK Nair,37,32.6,111.81229396066483,23.7027027027027,4
2017,KK Nair,38,29.4,114.94954886262562,23.18421052631579,0
2017,KK Nair,39,27.8,94.94954886262562,22.58974358974359,21
2017,KK Nair,40,23.8,91.4353369763207,22.55,33
2017,KK Nair,41,13.8,91.72222222222233,22.804878048780488,5
2017,KK Nair,42,12.6,76.388888888889,22.38095238095238,15
2017,KK Nair,43,14.8,66.388888888889,22.209302325581394,11
2017,KK Nair,44,17.0,88.388888888889,21.954545454545453,39
2017,KK Nair,45,20.6,111.83333333333344,22.333333333333332,12
2017,KK Nair,46,16.4,104.33333333333344,22.108695652173914,21
2017,KK Nair,47,19.6,125.66666666666679,22.085106382978722,30
2017,KK Nair,48,22.6,149.0000000000001,22.25,64
2017,KK Nair,49,33.2,155.44444444444457,23.102040816326532,26
2018,KK Nair,50,30.6,140.0808080808082,23.16,50
2018,KK Nair,51,38.2,150.3838383838385,23.686274509803923,29
2018,KK Nair,52,39.8,143.86531986531998,23.78846153846154,29
2018,KK Nair,53,39.6,137.9829669241435,23.88679245283019,31
2018,KK Nair,54,33.0,137.72034066151724,24.01851851851852,34
2018,KK Nair,55,34.6,134.69003763121424,24.2,13
2018,KK Nair,56,27.2,119.68112497524274,24.0,23
2018,KK Nair,57,26.0,136.53297682709461,23.982456140350877,31
2018,KK Nair,58,26.4,129.3718515074015,24.103448275862068,3
2018,KK Nair,59,20.8,113.19003332558331,23.74576271186441,3
2018,KK Nair,60,14.6,102.58397271952272,23.4,1
2018,KK Nair,61,12.2,93.95652173913055,23.0327868852459,54
2019,KK Nair,62,18.4,95.62318840579721,23.532258064516128,5
2020/21,KK Nair,63,13.2,85.33333333333346,23.238095238095237,1
2020/21,KK Nair,64,12.8,80.00000000000013,22.890625,0
2020/21,KK Nair,65,12.2,70.00000000000011,22.53846153846154,15
2022,KK Nair,66,15.0,100.83333333333346,22.424242424242426,3
2022,KK Nair,67,4.8,72.83333333333346,22.134328358208954,13
2020/21,KL Nagarkoti,5,3.6,81.23076923076935,3.6,4
2021,KL Nagarkoti,6,4.4,92.65934065934077,3.6666666666666665,0
2014,KL Rahul,5,18.4,118.85686438318028,18.4,46
2014,KL Rahul,6,25.2,121.85686438318028,23.0,6
2014,KL Rahul,7,24.8,101.85686438318028,20.571428571428573,18
2014,KL Rahul,8,24.4,100.80423280423292,20.25,10
2014,KL Rahul,9,21.0,96.90313390313402,19.11111111111111,14
2015,KL Rahul,10,18.8,97.05128205128216,18.6,5
2015,KL Rahul,11,10.6,86.55128205128217,17.363636363636363,44
2015,KL Rahul,12,18.2,94.05128205128217,19.583333333333332,2
2015,KL Rahul,13,15.0,82.05128205128217,18.23076923076923,24
2015,KL Rahul,14,17.8,89.52380952380963,18.642857142857142,0
2015,KL Rahul,15,15.0,70.85714285714297,17.4,25
2015,KL Rahul,16,19.0,76.21428571428582,17.875,17
2015,KL Rahul,17,13.6,82.71428571428582,17.823529411764707,25
2016,KL Rahul,18,18.2,93.94505494505506,18.22222222222222,23
2016,KL Rahul,19,18.0,103.94505494505506,18.473684210526315,7
2016,KL Rahul,20,19.4,117.94505494505506,17.9,51
2016,KL Rahul,21,24.6,128.42124542124554,19.476190476190474,51
2016,KL Rahul,22,31.4,129.59365921434897,20.90909090909091,52
2016,KL Rahul,23,36.8,141.87804149873128,22.26086956521739,38
2016,KL Rahul,24,39.8,130.73518435587414,22.916666666666668,42
2016,KL Rahul,25,46.8,149.04287666356646,23.68,68
2016,KL Rahul,26,50.2,145.89472851541828,25.384615384615383,16
2016,KL Rahul,27,43.2,156.43660043660054,25.037037037037038,38
2016,KL Rahul,28,40.4,157.96492718231858,25.5,0
2016,KL Rahul,29,32.8,136.25064146803288,24.620689655172413,11
2018,KL Rahul,30,26.6,128.38739360478502,24.166666666666668,51
2018,KL Rahul,31,23.2,166.95220841959983,25.032258064516128,47
2018,KL Rahul,32,29.4,152.57125603864745,25.71875,37
2018,KL Rahul,33,29.2,153.1641414141415,26.060606060606062,18
2018,KL Rahul,34,32.8,170.30699855699865,25.823529411764707,60
2018,KL Rahul,35,42.6,188.71969696969708,26.8,23
2018,KL Rahul,36,37.0,155.63636363636374,26.694444444444443,32
2018,KL Rahul,37,34.0,148.91841491841504,26.83783783783784,24
2018,KL Rahul,38,31.4,139.28205128205138,26.763157894736842,84
2018,KL Rahul,39,44.6,152.13919413919425,28.23076923076923,95
2018,KL Rahul,40,51.6,136.42490842490855,29.9,66
2018,KL Rahul,41,60.2,148.3388869195322,30.78048780487805,21
2018,KL Rahul,42,58.0,151.7235023041476,30.547619047619047,94
2018,KL Rahul,43,72.0,157.0985023041476,32.02325581395349,7
2019,KL Rahul,44,56.6,138.76516897081424,31.454545454545453,4
2019,KL Rahul,45,38.4,131.62231182795708,30.844444444444445,1
2019,KL Rahul,46,25.4,93.04166666666679,30.195652173913043,71
2019,KL Rahul,47,35.4,89.52442528735644,31.06382978723404,15
2019,KL Rahul,48,19.6,87.4221525600837,30.729166666666668,55
2019,KL Rahul,49,29.2,99.15974121256598,31.224489795918366,71
2019,KL Rahul,50,42.6,105.95219404275466,32.02,100
2019,KL Rahul,51,62.4,132.25522434578494,33.35294117647059,18
2019,KL Rahul,52,51.8,131.7724657250953,33.05769230769231,52
2019,KL Rahul,53,59.2,126.62739802683612,33.41509433962264,12
2019,KL Rahul,54,50.6,129.88980937435386,33.01851851851852,42
2019,KL Rahul,55,44.8,132.06287378554447,33.18181818181818,79
2019,KL Rahul,56,40.6,128.0931768158475,34.0,2
2019,KL Rahul,57,37.4,109.80746253013322,33.43859649122807,71
2020/21,KL Rahul,58,41.2,127.12424740010957,34.08620689655172,23
2020/21,KL Rahul,59,43.4,122.36234263820481,33.898305084745765,27
2020/21,KL Rahul,60,40.4,113.3968253968255,33.78333333333333,17
2020/21,KL Rahul,61,28.0,104.95822890559744,33.50819672131148,29
2020/21,KL Rahul,62,33.4,120.72542467279322,33.435483870967744,132
2020/21,KL Rahul,63,45.6,118.99526594263448,35.0,63
2020/21,KL Rahul,64,53.6,121.32127326864182,35.4375,81
2020/21,KL Rahul,65,64.4,129.74232590022075,36.13846153846154,28
2020/21,KL Rahul,66,66.6,134.24758905811547,36.015151515151516,74
2020/21,KL Rahul,67,75.6,138.28334895594435,36.582089552238806,69
2020/21,KL Rahul,68,63.0,125.21192038451576,37.05882352941177,61
2020/21,KL Rahul,69,62.6,125.38115115374656,37.405797101449274,46
2020/21,KL Rahul,70,55.6,118.86486042692952,37.52857142857143,11
2020/21,KL Rahul,71,52.2,110.21486042692952,37.15492957746479,15
2021,KL Rahul,72,40.4,111.97034632034642,36.84722222222222,91
2021,KL Rahul,73,44.8,122.3274891774893,37.58904109589041,5
2021,KL Rahul,74,33.6,112.21320346320358,37.148648648648646,61
2021,KL Rahul,75,36.6,114.23001018589267,37.46666666666667,4
2021,KL Rahul,76,35.2,113.81334351922598,37.026315789473685,60
2021,KL Rahul,77,44.2,109.61753932342178,37.324675324675326,19
2021,KL Rahul,78,29.8,93.61753932342178,37.08974358974359,91
2021,KL Rahul,79,47.0,110.17928266482613,37.77215189873418,39
2021,KL Rahul,80,42.6,108.54342832308944,37.7875,98
2021,KL Rahul,81,61.4,136.91222264933057,38.53086419753087,21
2021,KL Rahul,82,53.6,132.0961691376249,38.31707317073171,67
2021,KL Rahul,83,63.2,137.02474056619633,38.66265060240964,21
2021,KL Rahul,84,49.2,126.17728293907767,38.45238095238095,49
2022,KL Rahul,85,51.2,131.1137908755856,38.576470588235296,0
2022,KL Rahul,86,31.6,89.41166321601115,38.127906976744185,40
2022,KL Rahul,87,35.4,101.92002442002453,38.14942528735632,68
2022,KL Rahul,88,35.6,105.19145299145312,38.48863636363637,24
2022,KL Rahul,89,36.2,104.39145299145312,38.325842696629216,0
2022,KL Rahul,90,26.4,77.1692307692309,37.9,103
2022,KL Rahul,91,47.0,109.86764346764357,38.61538461538461,30
2022,KL Rahul,92,45.0,102.17533577533588,38.52173913043478,103
2022,KL Rahul,93,52.0,105.7216044320523,39.215053763440864,6
2022,KL Rahul,94,48.4,97.4306953411432,38.861702127659576,77
2022,KL Rahul,95,63.8,124.9306953411432,39.26315789473684,8
2022,KL Rahul,96,44.8,101.64404734861286,38.9375,10
2022,KL Rahul,97,40.8,89.09344006116348,38.63917525773196,68
2022,KL Rahul,98,33.8,85.01383807111372,38.93877551020408,79
2023,KL Rahul,99,48.4,100.88440817897197,39.343434343434346,8
2023,KL Rahul,100,34.6,86.7177415123053,39.03,20
2023,KL Rahul,101,37.0,99.52819902864516,38.84158415841584,35
2023,KL Rahul,102,42.0,110.87688323917148,38.80392156862745,18
2023,KL Rahul,103,32.0,102.21021657250483,38.601941747572816,74
2023,KL Rahul,104,31.0,100.09722222222234,38.94230769230769,39
2023,KL Rahul,105,37.2,111.138888888889,38.94285714285714,68
2023,KL Rahul,106,46.8,111.21174863387989,39.216981132075475,12
2023,KL Rahul,107,42.2,116.00341530054656,38.96261682242991,0
2024,KL Rahul,108,38.6,98.00341530054656,38.601851851851855,58
2024,KL Rahul,109,35.4,99.11452641165768,38.77981651376147,15
2024,KL Rahul,110,30.6,104.73952641165768,38.56363636363636,20
2024,KL Rahul,111,21.0,109.11111111111123,38.3963963963964,33
2024,KL Rahul,112,25.2,103.73476702508972,38.348214285714285,39
2024,KL Rahul,113,33.0,139.18931247963516,38.35398230088496,39
2024,KL Rahul,114,29.2,140.30808642599533,38.35964912280702,82
2024,KL Rahul,115,42.6,140.12626824417714,38.73913043478261,16
2024,KL Rahul,116,41.8,136.31674443465334,38.543103448275865,76
2024,KL Rahul,117,50.4,144.2571910847774,38.863247863247864,28
2024,KL Rahul,118,48.2,132.13597896356526,38.771186440677965,25
2024,KL Rahul,119,45.4,126.97855767420995,38.65546218487395,29
2024,KL Rahul,120,34.8,114.7361334317857,38.575,5
2024,KL Rahul,121,32.6,125.2123239079762,38.29752066115702,55
2011,KM Jadhav,5,15.2,159.97222222222234,15.2,12
2011,KM Jadhav,6,7.6,150.54040404040416,14.666666666666666,5
2011,KM Jadhav,7,7.8,81.65151515151527,13.285714285714286,0
2011,KM Jadhav,8,5.8,59.42929292929305,11.625,1
2013,KM Jadhav,9,4.6,65.42929292929304,10.444444444444445,1
2013,KM Jadhav,10,3.8,62.92929292929305,9.5,30
2013,KM Jadhav,11,7.4,71.11111111111123,11.363636363636363,29
2013,KM Jadhav,12,12.2,96.25000000000011,12.833333333333334,31
2013,KM Jadhav,13,18.4,118.39285714285727,14.23076923076923,25
2013,KM Jadhav,14,23.2,123.39285714285727,15.0,3
2013,KM Jadhav,15,23.6,128.39285714285728,14.2,23
2013,KM Jadhav,16,22.2,119.30194805194817,14.75,8
2013,KM Jadhav,17,18.0,103.05194805194817,14.352941176470589,0
2013,KM Jadhav,18,11.8,80.90909090909102,13.555555555555555,2
2014,KM Jadhav,19,7.2,65.90909090909102,12.947368421052632,14
2014,KM Jadhav,20,9.4,78.90909090909102,13.0,28
2014,KM Jadhav,21,10.4,95.33333333333344,13.714285714285714,29
2014,KM Jadhav,22,14.6,104.33333333333344,14.409090909090908,26
2014,KM Jadhav,23,19.8,139.0000000000001,14.91304347826087,5
2014,KM Jadhav,24,20.4,138.09090909090918,14.5,37
2014,KM Jadhav,25,25.0,147.09090909090918,15.4,3
2014,KM Jadhav,26,20.0,129.7575757575759,14.923076923076923,0
2014,KM Jadhav,27,14.2,100.75757575757588,14.37037037037037,7
2014,KM Jadhav,28,10.4,94.09090909090921,14.107142857142858,0
2015,KM Jadhav,29,9.4,85.00000000000011,13.620689655172415,20
2015,KM Jadhav,30,6.0,68.00000000000011,13.833333333333334,3
2015,KM Jadhav,31,6.0,60.000000000000114,13.483870967741936,19
2015,KM Jadhav,32,9.8,91.66666666666677,13.65625,12
2015,KM Jadhav,33,10.8,90.33333333333344,13.606060606060606,1
2015,KM Jadhav,34,11.0,110.33333333333344,13.235294117647058,33
2015,KM Jadhav,35,13.6,111.62365591397861,13.8,10
2015,KM Jadhav,36,15.0,132.95698924731192,13.694444444444445,11
2015,KM Jadhav,37,13.4,128.79032258064527,13.621621621621621,16
2015,KM Jadhav,38,14.2,123.45698924731194,13.68421052631579,63
2015,KM Jadhav,39,26.6,140.51581277672372,14.948717948717949,1
2015,KM Jadhav,40,20.2,139.22549019607854,14.6,0
2016,KM Jadhav,41,18.2,105.89215686274522,14.24390243902439,8
2016,KM Jadhav,42,17.6,105.0588235294119,14.095238095238095,9
2016,KM Jadhav,43,16.2,98.72549019607854,13.976744186046512,25
2017,KM Jadhav,44,8.6,95.00000000000011,14.227272727272727,31
2017,KM Jadhav,45,14.6,109.44444444444457,14.6,69
2017,KM Jadhav,46,28.4,145.7602339181288,15.782608695652174,1
2017,KM Jadhav,47,27.0,124.09356725146213,15.46808510638298,9
2017,KM Jadhav,48,27.0,131.59356725146213,15.333333333333334,18
2017,KM Jadhav,49,25.6,113.26023391812878,15.387755102040817,38
2017,KM Jadhav,50,27.0,126.31578947368432,15.84,9
2017,KM Jadhav,51,15.0,112.50000000000011,15.705882352941176,31
2017,KM Jadhav,52,21.0,141.94444444444457,16.0,7
2017,KM Jadhav,53,20.6,130.21367521367534,15.830188679245284,28
2017,KM Jadhav,54,22.6,140.66822066822078,16.055555555555557,6
2017,KM Jadhav,55,16.2,113.16822066822078,15.872727272727273,8
2017,KM Jadhav,56,16.0,108.44599844599857,15.732142857142858,12
2018,KM Jadhav,57,12.2,98.00155400155411,15.666666666666666,24
2019,KM Jadhav,58,15.6,108.10188844971465,15.810344827586206,13
2019,KM Jadhav,59,12.6,95.6473429951692,15.76271186440678,27
2019,KM Jadhav,60,16.8,91.52969593634568,15.95,8
2019,KM Jadhav,61,16.8,127.08525149190123,15.819672131147541,58
2019,KM Jadhav,62,26.0,123.79953720618694,16.5,8
2019,KM Jadhav,63,22.8,122.92997198879564,16.365079365079364,1
2019,KM Jadhav,64,20.4,113.26330532212896,16.125,20
2019,KM Jadhav,65,19.0,130.71428571428584,16.184615384615384,1
2019,KM Jadhav,66,17.6,87.3809523809525,15.954545454545455,9
2019,KM Jadhav,67,7.8,86.66666666666679,15.850746268656716,11
2019,KM Jadhav,68,8.4,88.66666666666679,15.779411764705882,6
2019,KM Jadhav,69,9.4,96.24242424242436,15.63768115942029,0
2020/21,KM Jadhav,70,5.4,62.90909090909103,15.414285714285715,22
2020/21,KM Jadhav,71,9.6,78.7914438502675,15.507042253521126,7
2020/21,KM Jadhav,72,9.2,70.45811051693417,15.38888888888889,3
2020/21,KM Jadhav,73,7.6,54.45811051693416,15.219178082191782,4
2020/21,KM Jadhav,74,7.2,54.97759103641467,15.067567567567568,26
2021,KM Jadhav,75,12.4,78.61395467277832,15.213333333333333,9
2021,KM Jadhav,76,9.8,70.73160173160186,15.131578947368421,12
2021,KM Jadhav,77,10.8,119.06493506493518,15.090909090909092,19
2021,KM Jadhav,78,14.0,131.1601731601733,15.14102564102564,3
2021,KM Jadhav,79,13.8,127.23160173160186,14.987341772151899,12
2023,KM Jadhav,80,11.0,123.59523809523822,14.95,12
2009,KP Pietersen,5,16.0,62.73604826546015,16.0,13
2009/10,KP Pietersen,6,12.2,61.40271493212681,15.5,23
2009/10,KP Pietersen,7,16.8,94.25985778926966,16.571428571428573,66
2009/10,KP Pietersen,8,27.8,110.65201465201476,22.75,16
2009/10,KP Pietersen,9,31.0,127.49411991517266,22.0,62
2009/10,KP Pietersen,10,36.0,141.79120214328935,26.0,21
2009/10,KP Pietersen,11,37.6,148.04120214328935,25.545454545454547,19
2009/10,KP Pietersen,12,36.8,140.51739261947984,25.0,29
2012,KP Pietersen,13,29.4,138.80310690519414,25.307692307692307,43
2012,KP Pietersen,14,34.8,155.03792471895932,26.571428571428573,103
2012,KP Pietersen,15,43.0,143.49142524142536,31.666666666666668,9
2012,KP Pietersen,16,40.6,139.74142524142536,30.25,32
2012,KP Pietersen,17,43.2,142.23417886461377,30.352941176470587,27
2012,KP Pietersen,18,42.8,140.32941695985184,30.166666666666668,50
2012,KP Pietersen,19,44.2,144.2895309199658,31.210526315789473,5
2012,KP Pietersen,20,24.6,133.07740970784462,29.9,36
2014,KP Pietersen,21,30.0,131.7538802960799,30.19047619047619,16
2014,KP Pietersen,22,26.8,122.75132275132287,29.545454545454547,26
2014,KP Pietersen,23,26.6,125.92592592592605,29.391304347826086,14
2014,KP Pietersen,24,19.4,107.55555555555566,28.75,0
2014,KP Pietersen,25,18.4,87.55555555555566,27.6,6
2014,KP Pietersen,26,12.4,76.37908496732037,26.76923076923077,35
2014,KP Pietersen,27,16.2,92.55555555555566,27.074074074074073,33
2014,KP Pietersen,28,17.6,84.95698924731194,27.285714285714285,13
2014,KP Pietersen,29,17.4,79.29032258064527,26.79310344827586,49
2014,KP Pietersen,30,27.2,108.98729227761496,27.533333333333335,44
2014,KP Pietersen,31,34.8,127.37438905180852,28.06451612903226,58
2016,KP Pietersen,32,39.4,120.6670719786378,29.0,21
2016,KP Pietersen,33,37.0,129.37674939799263,28.757575757575758,37
2016,KP Pietersen,34,41.8,140.2477171399281,29.0,15
2016,KP Pietersen,35,35.0,130.55074744295842,28.6,0
2023,KR Mayers,5,33.6,121.46913176661471,33.6,51
2023,KR Mayers,6,29.2,106.76900936759391,36.5,24
2023,KR Mayers,7,23.4,92.77290800307149,34.714285714285715,54
2023,KR Mayers,8,31.6,115.73994097010447,37.125,0
2023,KR Mayers,9,31.6,115.73994097010447,33.0,14
2023,KR Mayers,10,28.6,106.99313790105074,31.1,48
2023,KR Mayers,11,28.0,110.70077909706404,32.63636363636363,2
2023,KR Mayers,12,23.6,88.10428786899386,30.083333333333332,18
2021,KS Bharat,5,36.4,119.44210526315801,36.4,9
2022,KS Bharat,6,35.0,113.8500000000001,31.833333333333332,8
2022,KS Bharat,7,34.2,121.8500000000001,28.428571428571427,0
2016,KS Williamson,5,17.8,84.76023391812878,17.8,32
2016,KS Williamson,6,19.0,75.17049032838517,20.166666666666668,27
2016,KS Williamson,7,23.4,84.82860998650484,21.142857142857142,7
2017,KS Williamson,8,14.8,74.06837606837618,19.375,89
2017,KS Williamson,9,31.4,94.96581196581208,27.11111111111111,21
2017,KS Williamson,10,35.2,116.96581196581208,26.5,54
2017,KS Williamson,11,39.6,140.55555555555566,29.0,40
2017,KS Williamson,12,42.2,151.78632478632488,29.916666666666668,24
2017,KS Williamson,13,45.6,156.23076923076934,29.46153846153846,4
2017,KS Williamson,14,28.6,162.0000000000001,27.642857142857142,24
2018,KS Williamson,15,29.2,150.4615384615386,27.4,36
2018,KS Williamson,16,25.6,131.03296703296715,27.9375,6
2018,KS Williamson,17,18.8,129.03296703296715,26.647058823529413,50
2018,KS Williamson,18,24.0,131.76023976023987,27.944444444444443,54
2018,KS Williamson,19,34.0,118.10170317487402,29.31578947368421,84
2018,KS Williamson,20,46.0,131.94785702102786,32.05,29
2018,KS Williamson,21,44.6,137.74006481323565,31.904761904761905,0
2018,KS Williamson,22,43.4,107.74006481323565,30.454545454545453,63
2018,KS Williamson,23,46.0,114.31511766735828,31.869565217391305,32
2018,KS Williamson,24,41.6,109.30698758605747,31.875,56
2018,KS Williamson,25,36.0,104.31636844909686,32.84,83
2018,KS Williamson,26,46.8,109.27348680244162,34.76923076923077,51
2018,KS Williamson,27,57.0,135.42733295628778,35.370370370370374,81
2018,KS Williamson,28,60.6,144.69643594632103,37.0,36
2018,KS Williamson,29,61.4,165.7160437894583,36.96551724137931,24
2018,KS Williamson,30,55.0,170.39897061872657,36.53333333333333,3
2018,KS Williamson,31,39.0,159.07821590174544,35.45161290322581,47
2019,KS Williamson,32,38.2,157.66121185316243,35.8125,14
2019,KS Williamson,33,24.8,147.08978328173384,35.15151515151515,3
2019,KS Williamson,34,18.2,112.23684210526326,34.205882352941174,3
2019,KS Williamson,35,14.0,92.23684210526326,33.31428571428572,8
2019,KS Williamson,36,15.0,88.23684210526328,32.611111111111114,13
2019,KS Williamson,37,8.2,82.0714285714287,32.08108108108108,14
2019,KS Williamson,38,8.2,94.0714285714287,31.605263157894736,3
2019,KS Williamson,39,8.2,95.14285714285725,30.871794871794872,70
2019,KS Williamson,40,21.6,114.96103896103907,31.85,28
2020/21,KS Williamson,41,25.6,118.27138378862529,31.75609756097561,8
2020/21,KS Williamson,42,24.6,111.12852664576812,31.19047619047619,22
2020/21,KS Williamson,43,26.2,104.97468049192199,30.976744186046513,29
2020/21,KS Williamson,44,31.4,125.4032519204934,30.931818181818183,9
2020/21,KS Williamson,45,19.2,107.43122394846543,30.444444444444443,11
2020/21,KS Williamson,46,15.8,110.12087912087925,30.02173913043478,57
2020/21,KS Williamson,47,25.6,127.92307692307705,30.595744680851062,41
2020/21,KS Williamson,48,29.4,125.61538461538471,30.8125,3
2020/21,KS Williamson,49,24.2,108.61538461538471,30.244897959183675,20
2020/21,KS Williamson,50,26.4,134.7692307692309,30.04,50
2020/21,KS Williamson,51,34.2,134.9914529914531,30.431372549019606,67
2021,KS Williamson,52,36.2,134.89111854329258,31.134615384615383,16
2021,KS Williamson,53,31.2,119.35265700483103,30.849056603773583,70
2021,KS Williamson,54,44.6,131.91406051360295,31.574074074074073,26
2021,KS Williamson,55,45.8,143.91406051360295,31.472727272727273,20
2021,KS Williamson,56,39.8,139.87365647319893,31.267857142857142,11
2021,KS Williamson,57,28.6,129.07655502392356,30.912280701754387,31
2021,KS Williamson,58,31.6,133.07655502392356,30.913793103448278,51
2021,KS Williamson,59,27.8,131.6969696969698,31.25423728813559,18
2021,KS Williamson,60,26.2,93.03030303030314,31.033333333333335,1
2021,KS Williamson,61,22.4,78.1818181818183,30.540983606557376,26
2022,KS Williamson,62,25.4,84.61038961038972,30.467741935483872,2
2022,KS Williamson,63,19.6,70.32467532467544,30.015873015873016,16
2022,KS Williamson,64,12.6,67.14285714285725,29.796875,32
2022,KS Williamson,65,15.4,69.80952380952392,29.83076923076923,57
2022,KS Williamson,66,26.6,90.73150962512676,30.242424242424242,17
2022,KS Williamson,67,24.8,84.85849375211089,30.044776119402986,3
2022,KS Williamson,68,25.0,85.81087470449185,29.647058823529413,16
2022,KS Williamson,69,25.0,83.58865248226962,29.44927536231884,5
2022,KS Williamson,70,19.6,80.08865248226962,29.1,47
2022,KS Williamson,71,17.6,81.23873873873885,29.35211267605634,4
2022,KS Williamson,72,15.0,69.62257712257724,29.0,9
2022,KS Williamson,73,16.2,73.5441457500282,28.726027397260275,8
2024,KS Williamson,74,14.6,78.6235108293933,28.445945945945947,26
2024,KS Williamson,75,18.8,89.75987446575694,28.413333333333334,1
2013,KV Sharma,5,11.6,64.607843137255,11.6,22
2013,KV Sharma,6,15.8,82.38562091503279,13.333333333333334,4
2013,KV Sharma,7,15.6,99.05228758169946,12.0,2
2014,KV Sharma,8,14.6,109.05228758169946,10.75,4
2014,KV Sharma,9,14.2,110.05228758169946,10.0,10
2014,KV Sharma,10,8.4,112.11111111111123,10.0,17
2014,KV Sharma,11,7.4,136.23809523809535,10.636363636363637,1
2014,KV Sharma,12,6.8,129.57142857142867,9.833333333333334,0
2014,KV Sharma,13,6.4,109.57142857142867,9.076923076923077,1
2014,KV Sharma,14,5.8,113.57142857142867,8.5,4
2014,KV Sharma,15,4.6,104.57142857142867,8.2,5
2015,KV Sharma,16,2.2,106.00000000000011,8.0,4
2015,KV Sharma,17,2.8,97.42857142857154,7.764705882352941,19
2015,KV Sharma,18,6.6,135.42857142857153,8.38888888888889,2
2015,KV Sharma,19,6.8,123.42857142857153,8.052631578947368,1
2015,KV Sharma,20,6.2,127.42857142857153,7.7,4
2015,KV Sharma,21,6.0,117.42857142857153,7.523809523809524,32
2015,KV Sharma,22,11.6,136.4761904761906,8.636363636363637,16
2015,KV Sharma,23,11.0,123.09157509157521,8.956521739130435,11
2015,KV Sharma,24,12.8,146.52014652014662,9.041666666666666,15
2016,KV Sharma,25,15.6,140.80586080586093,9.28,26
2016,KV Sharma,26,20.0,129.69474969474982,9.923076923076923,2
2016,KV Sharma,27,14.0,119.2185592185593,9.62962962962963,8
2017,KV Sharma,28,12.4,106.03174603174614,9.571428571428571,11
2017,KV Sharma,29,12.4,96.60317460317472,9.620689655172415,9
2017,KV Sharma,30,11.2,104.81746031746043,9.6,5
2017,KV Sharma,31,7.0,95.92857142857154,9.451612903225806,19
2017,KV Sharma,32,10.4,139.26190476190487,9.75,4
2017,KV Sharma,33,9.6,137.83333333333343,9.575757575757576,1
2023,KV Sharma,34,7.6,119.83333333333344,9.323529411764707,1
2023,KV Sharma,35,6.0,104.00000000000011,9.085714285714285,2
2024,KV Sharma,36,5.4,104.00000000000011,8.88888888888889,20
2024,KV Sharma,37,5.6,90.66666666666677,9.18918918918919,6
2024,KV Sharma,38,6.0,110.66666666666679,9.105263157894736,5
2007/08,Kamran Akmal,5,24.4,177.02380952380963,24.4,6
2022,Kartik Tyagi,5,2.6,81.33333333333344,2.6,0
2019,Kuldeep Yadav,5,6.4,59.42857142857154,6.4,10
2019,Kuldeep Yadav,6,7.6,88.00000000000011,7.0,0
2019,Kuldeep Yadav,7,4.4,66.66666666666677,6.0,2
2020/21,Kuldeep Yadav,8,3.4,66.66666666666677,5.5,12
2020/21,Kuldeep Yadav,9,4.8,72.63157894736852,6.222222222222222,1
2022,Kuldeep Yadav,10,5.0,82.63157894736852,5.7,14
2022,Kuldeep Yadav,11,5.8,62.63157894736853,6.454545454545454,10
2022,Kuldeep Yadav,12,7.8,91.20300751879711,6.75,0
2022,Kuldeep Yadav,13,7.4,71.20300751879711,6.230769230769231,16
2022,Kuldeep Yadav,14,8.2,94.12698412698424,6.928571428571429,5
2022,Kuldeep Yadav,15,9.0,89.6825396825398,6.8,2
2022,Kuldeep Yadav,16,6.6,89.6825396825398,6.5,1
2023,Kuldeep Yadav,17,4.8,81.11111111111123,6.176470588235294,6
2023,Kuldeep Yadav,18,6.0,92.02020202020213,6.166666666666667,1
2023,Kuldeep Yadav,19,3.0,76.46464646464658,5.894736842105263,3
2023,Kuldeep Yadav,20,2.6,79.48051948051959,5.75,0
2023,Kuldeep Yadav,21,2.2,59.48051948051959,5.476190476190476,7
2023,Kuldeep Yadav,22,3.4,59.48051948051959,5.545454545454546,4
2023,Kuldeep Yadav,23,3.0,75.23809523809534,5.478260869565218,0
2023,Kuldeep Yadav,24,2.8,55.23809523809534,5.25,0
2023,Kuldeep Yadav,25,2.2,46.66666666666678,5.04,10
2023,Kuldeep Yadav,26,4.2,58.43137254901971,5.230769230769231,0
2024,Kuldeep Yadav,27,2.8,38.43137254901971,5.037037037037037,1
2024,Kuldeep Yadav,28,2.2,21.764705882353056,4.892857142857143,0
2024,Kuldeep Yadav,29,2.2,21.764705882353056,4.724137931034483,35
2024,Kuldeep Yadav,30,9.2,46.764705882353056,5.733333333333333,5
2024,Kuldeep Yadav,31,8.2,85.00000000000011,5.709677419354839,6
2009/10,L Balaji,5,3.8,50.000000000000114,3.8,0
2009/10,L Balaji,6,3.8,50.000000000000114,3.1666666666666665,3
2011,L Balaji,7,4.0,44.166666666666785,3.142857142857143,1
2011,L Balaji,8,4.2,64.16666666666679,2.875,3
2013,L Balaji,9,4.4,117.50000000000014,2.888888888888889,9
2013,L Balaji,10,3.2,113.21428571428585,3.5,0
2014,L Balaji,11,3.2,113.21428571428585,3.1818181818181817,0
2014,L Balaji,12,2.6,105.71428571428585,2.9166666666666665,1
2009,LA Pomersbach,5,30.4,142.05128205128216,30.4,5
2009,LA Pomersbach,6,24.6,128.00366300366312,26.166666666666668,9
2009,LA Pomersbach,7,26.2,130.50366300366312,23.714285714285715,1
2009,LA Pomersbach,8,21.4,98.83699633699646,20.875,26
2011,LA Pomersbach,9,10.8,84.70238095238108,21.444444444444443,16
2011,LA Pomersbach,10,11.4,84.36904761904773,20.9,29
2011,LA Pomersbach,11,16.2,102.30555555555569,21.636363636363637,4
2011,LA Pomersbach,12,15.2,95.80555555555569,20.166666666666668,2
2013,LA Pomersbach,13,15.4,99.138888888889,18.76923076923077,7
2013,LA Pomersbach,14,11.6,98.44444444444457,17.928571428571427,33
2013,LA Pomersbach,15,15.0,93.20867208672101,18.933333333333334,18
2022,LH Ferguson,5,12.4,108.36538461538473,12.4,5
2024,LH Ferguson,6,13.2,121.69871794871808,11.166666666666666,1
2014,LMP Simmons,5,56.0,117.77013574660646,56.0,35
2014,LMP Simmons,6,55.4,124.20888218535288,52.5,12
2014,LMP Simmons,7,44.2,127.00888218535287,46.714285714285715,67
2015,LMP Simmons,8,55.2,141.46342763989836,49.25,5
2015,LMP Simmons,9,43.8,124.84200984200996,44.333333333333336,59
2015,LMP Simmons,10,35.6,119.72495298582267,45.8,15
2015,LMP Simmons,11,31.6,112.54902705989676,43.0,51
2015,LMP Simmons,12,39.4,106.26995729245489,43.666666666666664,38
2015,LMP Simmons,13,33.6,98.84571486821247,43.23076923076923,71
2015,LMP Simmons,14,46.8,116.51055003304762,45.214285714285715,0
2015,LMP Simmons,15,35.0,90.85837612000414,42.2,38
2015,LMP Simmons,16,39.6,95.85837612000414,41.9375,68
2015,LMP Simmons,17,43.0,97.79782324593657,43.470588235294116,14
2015,LMP Simmons,18,38.2,92.26752021563354,41.833333333333336,48
2015,LMP Simmons,19,33.6,87.3359092733843,42.1578947368421,65
2015,LMP Simmons,20,46.6,111.86421116017675,43.3,68
2016,LMP Simmons,21,52.6,118.33643338239897,44.476190476190474,8
2017,LMP Simmons,22,40.6,112.6760560239084,42.81818181818182,66
2017,LMP Simmons,23,51.0,125.1760560239084,43.82608695652174,1
2017,LMP Simmons,24,41.6,108.75052410901478,42.041666666666664,59
2017,LMP Simmons,25,40.4,119.97979797979808,42.72,0
2017,LMP Simmons,26,26.8,89.75757575757586,41.07692307692308,5
2017,LMP Simmons,27,26.2,76.42424242424254,39.74074074074074,3
2017,LMP Simmons,28,13.6,56.424242424242536,38.42857142857143,3
2007/08,LR Shukla,5,19.0,104.66666666666679,19.0,11
2007/08,LR Shukla,6,20.4,115.7777777777779,17.666666666666668,14
2007/08,LR Shukla,7,14.8,185.11111111111123,17.142857142857142,10
2007/08,LR Shukla,8,8.8,176.77777777777789,16.25,0
2007/08,LR Shukla,9,8.4,156.77777777777789,14.444444444444445,13
2007/08,LR Shukla,10,9.6,164.44444444444454,14.3,15
2007/08,LR Shukla,11,10.4,170.0000000000001,14.363636363636363,5
2009,LR Shukla,12,8.6,101.66666666666677,13.583333333333334,8
2009,LR Shukla,13,8.2,103.33333333333344,13.153846153846153,13
2009,LR Shukla,14,10.8,123.33333333333344,13.142857142857142,6
2009,LR Shukla,15,9.4,113.66666666666679,12.666666666666666,2
2009,LR Shukla,16,6.8,97.00000000000011,12.0,6
2009,LR Shukla,17,7.0,89.14285714285725,11.647058823529411,48
2009/10,LR Shukla,18,15.0,82.9017223910842,13.666666666666666,19
2009/10,LR Shukla,19,16.2,86.6517223910842,13.947368421052632,17
2011,LR Shukla,20,18.4,105.5608133001751,14.1,14
2012,LR Shukla,21,20.8,120.2274799668418,14.095238095238095,26
2012,LR Shukla,22,24.8,133.67285811810228,14.636363636363637,8
2012,LR Shukla,23,16.8,133.24732620320867,14.347826086956522,5
2012,LR Shukla,24,14.0,121.99732620320867,13.958333333333334,0
2012,LR Shukla,25,10.6,91.08823529411777,13.4,9
2012,LR Shukla,26,9.6,93.08823529411777,13.23076923076923,24
2012,LR Shukla,27,9.2,106.13636363636374,13.62962962962963,3
2013,LR Shukla,28,8.2,96.13636363636374,13.25,2
2013,LR Shukla,29,7.6,87.63636363636374,12.862068965517242,1
2014,LR Shukla,30,7.8,94.30303030303041,12.466666666666667,0
2014,LR Shukla,31,6.0,64.30303030303041,12.064516129032258,10
2014,LR Shukla,32,3.2,34.95238095238106,12.0,21
2009,LRPL Taylor,5,29.8,145.40048840048854,29.8,1
2009,LRPL Taylor,6,25.4,115.01587301587315,25.0,35
2009,LRPL Taylor,7,23.6,103.5458937198069,26.428571428571427,31
2009,LRPL Taylor,8,19.2,91.32367149758466,27.0,16
2009,LRPL Taylor,9,16.6,72.657004830918,25.77777777777778,81
2009,LRPL Taylor,10,32.8,121.74791392182708,31.3,46
2009,LRPL Taylor,11,41.8,135.14791392182707,32.63636363636363,25
2009,LRPL Taylor,12,39.8,146.3797979797981,32.0,1
2009,LRPL Taylor,13,33.8,134.1575757575759,29.615384615384617,17
2009,LRPL Taylor,14,34.0,142.49090909090924,28.714285714285715,27
2009/10,LRPL Taylor,15,23.2,120.40000000000013,28.6,22
2009/10,LRPL Taylor,16,18.4,146.00000000000014,28.1875,1
2009/10,LRPL Taylor,17,13.6,114.33333333333346,26.58823529411765,14
2009/10,LRPL Taylor,18,16.2,156.00000000000014,25.88888888888889,1
2009/10,LRPL Taylor,19,13.0,131.6666666666668,24.57894736842105,10
2009/10,LRPL Taylor,20,9.6,122.84848484848496,23.85,9
2009/10,LRPL Taylor,21,7.0,95.21212121212133,23.142857142857142,31
2011,LRPL Taylor,22,13.0,104.58712121212133,23.5,21
2011,LRPL Taylor,23,14.4,87.92045454545466,23.391304347826086,18
2011,LRPL Taylor,24,17.8,119.92045454545466,23.166666666666668,35
2011,LRPL Taylor,25,22.8,127.6645622895624,23.64,6
2011,LRPL Taylor,26,22.2,123.30092592592605,22.96153846153846,0
2011,LRPL Taylor,27,16.0,103.92592592592605,22.11111111111111,2
2011,LRPL Taylor,28,12.2,113.92592592592605,21.392857142857142,13
2011,LRPL Taylor,29,11.2,91.61013645224183,21.103448275862068,47
2011,LRPL Taylor,30,13.6,91.79532163742701,21.966666666666665,20
2011,LRPL Taylor,31,16.4,108.36675020885559,21.903225806451612,6
2011,LRPL Taylor,32,17.6,121.70008354218892,21.40625,13
2012,LRPL Taylor,33,19.8,101.70008354218892,21.151515151515152,13
2012,LRPL Taylor,34,19.8,111.65223665223675,20.91176470588235,11
2012,LRPL Taylor,35,12.6,103.874458874459,20.62857142857143,12
2012,LRPL Taylor,36,11.0,92.44588744588755,20.38888888888889,9
2012,LRPL Taylor,37,11.6,91.96969696969708,20.08108108108108,15
2012,LRPL Taylor,38,12.0,114.82683982683993,19.94736842105263,25
2012,LRPL Taylor,39,14.4,105.0793650793652,20.076923076923077,6
2012,LRPL Taylor,40,13.4,110.74603174603187,19.725,16
2012,LRPL Taylor,41,14.2,105.45502645502657,19.634146341463413,0
2012,LRPL Taylor,42,12.4,92.5978835978837,19.166666666666668,55
2012,LRPL Taylor,43,20.4,90.4814814814816,20.0,11
2012,LRPL Taylor,44,17.6,104.0925925925927,19.795454545454547,24
2013,LRPL Taylor,45,21.2,114.37830687830699,19.88888888888889,19
2013,LRPL Taylor,46,21.8,122.52645502645514,19.869565217391305,15
2013,LRPL Taylor,47,24.8,138.31592871066567,19.76595744680851,17
2013,LRPL Taylor,48,17.2,114.57518796992493,19.708333333333332,4
2013,LRPL Taylor,49,15.8,100.40852130325825,19.387755102040817,8
2014,LRPL Taylor,50,12.6,78.43049932523628,19.16,43
2014,LRPL Taylor,51,17.4,79.93049932523628,19.627450980392158,6
2014,LRPL Taylor,52,15.6,77.47435897435908,19.365384615384617,6
2014,LRPL Taylor,53,13.4,77.61721611721622,19.11320754716981,4
2021,LS Livingstone,5,14.2,103.47985347985359,14.2,4
2021,LS Livingstone,6,14.8,106.81318681318692,12.5,6
2021,LS Livingstone,7,7.2,86.3003663003664,11.571428571428571,6
2021,LS Livingstone,8,6.2,74.87179487179499,10.875,25
2022,LS Livingstone,9,8.4,79.64912280701765,12.444444444444445,19
2022,LS Livingstone,10,12.0,104.64912280701765,13.1,19
2022,LS Livingstone,11,15.0,113.66873065015491,13.636363636363637,60
2022,LS Livingstone,12,25.8,134.62111160253585,17.5,64
2022,LS Livingstone,13,37.4,158.7590426370186,21.076923076923077,2
2022,LS Livingstone,14,32.8,145.77658649666773,19.714285714285715,60
2022,LS Livingstone,15,41.0,145.68886719842212,22.4,2
2022,LS Livingstone,16,37.6,136.66925935528485,21.125,19
2022,LS Livingstone,17,29.4,149.88354506957057,21.0,18
2022,LS Livingstone,18,20.2,128.24561403508784,20.833333333333332,30
2022,LS Livingstone,19,25.8,174.91228070175447,21.31578947368421,22
2022,LS Livingstone,20,18.2,169.21568627450992,21.35,70
2022,LS Livingstone,21,31.8,187.7005347593584,23.666666666666668,3
2022,LS Livingstone,22,28.6,152.2005347593584,22.727272727272727,49
2023,LS Livingstone,23,34.8,170.53386809269173,23.869565217391305,2
2023,LS Livingstone,24,29.2,120.53386809269173,22.958333333333332,10
2023,LS Livingstone,25,26.8,108.93722943722955,22.44,23
2023,LS Livingstone,26,17.4,109.9761904761906,22.46153846153846,40
2023,LS Livingstone,27,24.8,131.3095238095239,23.11111111111111,82
2023,LS Livingstone,28,31.4,128.61572535991155,25.214285714285715,15
2023,LS Livingstone,29,34.0,151.94905869324487,24.862068965517242,4
2023,LS Livingstone,30,32.8,153.6633444075306,24.166666666666668,94
2023,LS Livingstone,31,47.0,159.17354848916324,26.419354838709676,9
2024,LS Livingstone,32,40.8,139.68636900198373,25.875,38
2024,LS Livingstone,33,32.0,134.59031237913237,26.242424242424242,17
2024,LS Livingstone,34,32.4,125.5426933315133,25.970588235294116,28
2024,LS Livingstone,35,37.2,140.65380444262442,26.02857142857143,21
2024,LS Livingstone,36,22.6,132.2864575038489,25.88888888888889,1
2024,LS Livingstone,37,21.0,128.4403036576951,25.216216216216218,6
2024,LS Livingstone,38,14.6,108.73015873015883,24.710526315789473,0
2022,Lalit Yadav,5,13.6,91.5897435897437,13.6,48
2022,Lalit Yadav,6,19.2,98.44688644688655,19.333333333333332,25
2022,Lalit Yadav,7,21.8,81.17415917415929,20.142857142857142,1
2022,Lalit Yadav,8,17.6,69.25108225108235,17.75,1
2022,Lalit Yadav,9,17.8,73.25108225108235,15.88888888888889,37
2022,Lalit Yadav,10,22.4,84.1844155844157,18.0,22
2022,Lalit Yadav,11,17.2,76.49968652037629,18.363636363636363,3
2022,Lalit Yadav,12,12.8,68.77241379310355,17.083333333333332,24
2023,Lalit Yadav,13,17.4,86.62955665024641,17.615384615384617,38
2023,Lalit Yadav,14,24.8,113.02955665024642,19.071428571428573,2
2023,Lalit Yadav,15,17.8,93.42955665024643,17.933333333333334,4
2023,Lalit Yadav,16,14.2,89.6857142857144,17.0625,4
2023,Lalit Yadav,17,14.4,86.11428571428583,16.294117647058822,12
2023,Lalit Yadav,18,12.0,111.25714285714298,16.055555555555557,6
2024,Lalit Yadav,19,5.6,89.42857142857153,15.526315789473685,3
2024,Lalit Yadav,20,5.8,94.42857142857153,14.9,7
2020/21,M Ashwin,5,0.8,50.000000000000114,0.8,4
2021,M Ashwin,6,1.6,70.00000000000011,1.3333333333333333,6
2021,M Ashwin,7,2.6,68.57142857142868,2.0,9
2022,M Ashwin,8,4.2,76.5714285714287,2.875,6
2022,M Ashwin,9,5.2,81.5714285714287,3.2222222222222223,0
2022,M Ashwin,10,5.0,61.57142857142869,2.9,6
2022,M Ashwin,11,5.4,101.5714285714287,3.1818181818181817,0
2023,M Jansen,5,4.4,85.33333333333344,4.4,17
2023,M Jansen,6,7.8,100.11594202898561,6.5,2
2023,M Jansen,7,8.2,113.44927536231894,5.857142857142857,1
2023,M Jansen,8,6.8,85.44927536231896,5.25,3
2023,M Jansen,9,7.2,105.44927536231894,5.0,3
2024,M Jansen,10,5.2,72.11594202898563,4.8,1
2024,M Jansen,11,2.0,77.33333333333346,4.454545454545454,17
2007/08,M Kaif,5,14.6,99.9122807017545,14.6,4
2007/08,M Kaif,6,13.6,101.86716791979961,12.833333333333334,17
2007/08,M Kaif,7,16.0,112.03383458646628,13.428571428571429,1
2007/08,M Kaif,8,9.4,73.53383458646627,11.875,1
2007/08,M Kaif,9,8.8,64.20050125313294,10.666666666666666,34
2007/08,M Kaif,10,11.4,63.34523809523821,13.0,10
2007/08,M Kaif,11,12.6,80.48809523809535,12.727272727272727,12
2007/08,M Kaif,12,11.6,72.82142857142868,12.666666666666666,12
2007/08,M Kaif,13,13.8,88.82142857142868,12.615384615384615,12
2009/10,M Kaif,14,16.0,111.48809523809534,12.571428571428571,6
2009/10,M Kaif,15,10.4,110.23809523809534,12.133333333333333,14
2009/10,M Kaif,16,11.2,98.13725490196089,12.25,8
2011,M Kaif,17,10.4,103.13725490196089,12.0,8
2011,M Kaif,18,9.6,115.13725490196089,11.777777777777779,3
2011,M Kaif,19,7.8,103.47058823529423,11.31578947368421,15
2011,M Kaif,20,9.6,103.47058823529423,11.5,15
2012,M Kaif,21,9.8,114.2727272727274,11.666666666666666,14
2009/10,M Kartik,5,10.2,104.82051282051293,10.2,21
2009/10,M Kartik,6,13.8,105.82051282051293,12.0,1
2011,M Kartik,7,12.0,99.15384615384627,10.428571428571429,11
2011,M Kartik,8,10.8,89.92307692307703,10.5,1
2012,M Kartik,9,9.0,79.92307692307705,9.444444444444445,14
2012,M Kartik,10,9.6,89.03418803418815,9.9,4
2012,M Kartik,11,6.2,94.70085470085482,9.363636363636363,8
2013,M Kartik,12,7.6,102.47863247863259,9.25,2
2013,M Kartik,13,5.8,105.55555555555569,8.692307692307692,0
2009,M Manhas,5,15.0,112.70604395604407,15.0,0
2009/10,M Manhas,6,10.4,77.3214285714287,12.5,31
2009/10,M Manhas,7,12.0,74.40476190476201,15.142857142857142,11
2009/10,M Manhas,8,13.6,66.40476190476203,14.625,1
2009/10,M Manhas,9,13.8,73.0714285714287,13.11111111111111,32
2009/10,M Manhas,10,15.0,83.59090909090921,15.0,8
2009/10,M Manhas,11,16.6,103.59090909090921,14.363636363636363,26
2009/10,M Manhas,12,15.6,96.32900432900445,15.333333333333334,25
2009/10,M Manhas,13,18.4,89.03488668194561,16.076923076923077,23
2011,M Manhas,14,22.8,103.27731092436986,16.571428571428573,35
2011,M Manhas,15,23.4,95.39852304558198,17.8,12
2011,M Manhas,16,24.2,88.03010199295042,17.4375,20
2011,M Manhas,17,23.0,89.45867342152182,17.58823529411765,0
2011,M Manhas,18,18.0,74.75279106858065,16.61111111111111,20
2011,M Manhas,19,17.4,70.51036682615641,16.789473684210527,0
2011,M Manhas,20,10.4,49.2982456140352,15.95,3
2011,M Manhas,21,8.6,48.666666666666785,15.333333333333334,24
2011,M Manhas,22,9.4,52.666666666666785,15.727272727272727,0
2011,M Manhas,23,9.4,52.666666666666785,15.043478260869565,0
2012,M Manhas,24,5.4,36.000000000000114,14.416666666666666,31
2012,M Manhas,25,11.6,57.379310344827694,15.08,6
2012,M Manhas,26,12.2,75.3793103448277,14.73076923076923,22
2012,M Manhas,27,11.8,80.71264367816102,15.0,7
2012,M Manhas,28,13.2,115.71264367816102,14.714285714285714,42
2012,M Manhas,29,21.6,139.71264367816102,15.655172413793103,1
2012,M Manhas,30,15.6,125.00000000000011,15.166666666666666,11
2013,M Manhas,31,16.6,119.44444444444454,15.03225806451613,11
2013,M Manhas,32,14.4,107.03418803418815,14.90625,2
2014,M Manhas,33,13.4,82.03418803418815,14.515151515151516,13
2014,M Manhas,34,7.6,101.36752136752149,14.470588235294118,10
2014,M Manhas,35,9.4,112.882672882673,14.342857142857143,3
2014,M Manhas,36,7.8,103.43822843822855,14.027777777777779,8
2014,M Manhas,37,7.2,126.51515151515164,13.864864864864865,1
2018,M Markande,5,3.6,104.66666666666679,3.6,3
2019,M Markande,6,3.0,70.12121212121224,3.5,6
2023,M Markande,7,3.4,67.45454545454557,3.857142857142857,2
2023,M Markande,8,3.8,80.7878787878789,3.625,1
2023,M Markande,9,3.8,80.7878787878789,3.3333333333333335,18
2011,M Morkel,5,5.0,95.55555555555566,5.0,6
2011,M Morkel,6,4.6,101.77777777777789,5.166666666666667,10
2011,M Morkel,7,6.2,119.55555555555566,5.857142857142857,16
2012,M Morkel,8,8.0,152.88888888888897,7.125,2
2012,M Morkel,9,8.4,166.2222222222223,6.555555555555555,1
2012,M Morkel,10,7.0,132.88888888888897,6.0,0
2013,M Morkel,11,5.8,108.88888888888899,5.454545454545454,23
2013,M Morkel,12,8.4,137.77777777777789,6.916666666666667,0
2013,M Morkel,13,5.2,84.44444444444454,6.384615384615385,2
2013,M Morkel,14,5.2,81.11111111111123,6.071428571428571,13
2013,M Morkel,15,7.6,126.11111111111123,6.533333333333333,19
2013,M Morkel,16,11.4,160.65656565656576,7.3125,0
2014,M Morkel,17,6.8,109.54545454545466,6.882352941176471,4
2015,M Morkel,18,7.6,129.54545454545467,6.722222222222222,4
2016,M Morkel,19,8.0,146.2121212121213,6.578947368421052,1
2009/10,M Muralitharan,5,1.6,75.00000000000011,1.6,1
2011,M Muralitharan,6,1.8,85.00000000000011,1.5,5
2012,M Muralitharan,7,2.8,97.50000000000011,2.0,6
2012,M Muralitharan,8,3.4,97.50000000000011,2.5,0
2022,M Prasidh Krishna,5,0.6,17.333333333333446,0.6,4
2022,M Prasidh Krishna,6,1.2,24.761904761904873,1.1666666666666667,2
2007/08,M Rawat,5,1.8,59.000000000000114,1.8,23
2007/08,M Rawat,6,6.0,73.2105263157896,5.333333333333333,2
2009,M Rawat,7,6.4,83.2105263157896,4.857142857142857,4
2009,M Rawat,8,7.0,74.63909774436101,4.75,4
2009,M Rawat,9,7.6,83.97243107769434,4.666666666666667,8
2013,M Rawat,10,8.2,81.82957393483721,5.0,5
2021,M Shahrukh Khan,5,20.6,157.75271512113628,20.6,0
2021,M Shahrukh Khan,6,19.4,127.75271512113628,17.166666666666668,4
2021,M Shahrukh Khan,7,10.8,119.01587301587313,15.285714285714286,16
2021,M Shahrukh Khan,8,11.0,85.6825396825398,15.375,8
2021,M Shahrukh Khan,9,8.2,77.23809523809534,14.555555555555555,22
2022,M Shahrukh Khan,10,10.0,107.55555555555566,15.3,24
2022,M Shahrukh Khan,11,14.8,126.01709401709414,16.09090909090909,0
2022,M Shahrukh Khan,12,14.0,110.01709401709414,14.75,6
2022,M Shahrukh Khan,13,12.0,93.35042735042747,14.076923076923077,15
2022,M Shahrukh Khan,14,13.4,114.85042735042745,14.142857142857142,15
2022,M Shahrukh Khan,15,12.0,103.46153846153857,14.2,26
2022,M Shahrukh Khan,16,12.4,102.93103448275875,14.9375,12
2022,M Shahrukh Khan,17,14.8,114.93103448275875,14.764705882352942,19
2023,M Shahrukh Khan,18,17.4,142.93103448275875,15.0,11
2023,M Shahrukh Khan,19,16.6,136.85960591133016,14.789473684210526,11
2023,M Shahrukh Khan,20,15.8,121.35960591133016,14.6,4
2023,M Shahrukh Khan,21,11.4,130.09523809523822,14.095238095238095,22
2023,M Shahrukh Khan,22,13.4,162.09523809523822,14.454545454545455,23
2023,M Shahrukh Khan,23,14.2,162.42857142857153,14.826086956521738,7
2023,M Shahrukh Khan,24,13.4,159.0000000000001,14.5,6
2023,M Shahrukh Khan,25,12.4,149.0000000000001,14.16,2
2023,M Shahrukh Khan,26,12.0,135.6666666666668,13.692307692307692,21
2023,M Shahrukh Khan,27,11.8,138.33333333333343,13.962962962962964,2
2023,M Shahrukh Khan,28,7.6,110.00000000000011,13.535714285714286,6
2023,M Shahrukh Khan,29,7.4,122.00000000000011,13.275862068965518,41
2024,M Shahrukh Khan,30,14.4,144.1666666666668,14.2,14
2024,M Shahrukh Khan,31,16.8,165.83333333333343,14.193548387096774,0
2024,M Shahrukh Khan,32,12.6,119.16666666666679,13.75,8
2024,M Shahrukh Khan,33,13.8,149.1666666666668,13.575757575757576,8
2024,M Shahrukh Khan,34,14.2,141.1666666666668,13.411764705882353,58
2024,M Shahrukh Khan,35,17.6,144.4193548387098,14.685714285714285,37
2024,M Shahrukh Khan,36,22.2,140.25268817204312,15.305555555555555,2
2009/10,M Vijay,5,12.6,75.2836052836054,12.6,33
2009/10,M Vijay,6,16.4,79.72804972804985,16.0,14
2009/10,M Vijay,7,13.0,107.60683760683773,15.714285714285714,0
2009/10,M Vijay,8,11.0,92.22222222222234,13.75,3
2009/10,M Vijay,9,10.6,89.68253968253978,12.555555555555555,42
2009/10,M Vijay,10,18.4,109.6825396825398,15.5,78
2009/10,M Vijay,11,27.4,125.23809523809534,21.181818181818183,127
2009/10,M Vijay,12,50.0,123.13283208020061,30.0,14
2009/10,M Vijay,13,52.8,137.8696741854638,28.76923076923077,23
2009/10,M Vijay,14,56.8,162.15538847117804,28.357142857142858,50
2009/10,M Vijay,15,58.4,155.41120242466644,29.8,17
2009/10,M Vijay,16,46.2,143.74453575799976,29.0,13
2009/10,M Vijay,17,23.4,120.84979891589451,28.058823529411764,15
2009/10,M Vijay,18,23.6,133.3856840833586,27.333333333333332,26
2011,M Vijay,19,24.2,126.52854122621575,27.263157894736842,4
2011,M Vijay,20,15.0,123.2727272727274,26.1,74
2011,M Vijay,21,26.4,129.35799859055686,28.38095238095238,31
2011,M Vijay,22,30.0,137.2151414476997,28.5,28
2011,M Vijay,23,32.6,139.41609838549874,28.47826086956522,12
2011,M Vijay,24,29.8,135.23428020368058,27.791666666666668,31
2011,M Vijay,25,35.2,136.61359054850814,27.92,31
2011,M Vijay,26,26.6,120.98286468522413,28.03846153846154,3
2011,M Vijay,27,21.0,95.45905516141461,27.11111111111111,5
2011,M Vijay,28,16.4,82.65203761755497,26.321428571428573,5
2011,M Vijay,29,15.0,67.97671294223031,25.586206896551722,53
2011,M Vijay,30,19.4,71.24856538810039,26.5,35
2011,M Vijay,31,20.2,73.67280781234281,26.774193548387096,16
2011,M Vijay,32,22.8,98.7637169032519,26.4375,6
2011,M Vijay,33,23.0,95.43038356991856,25.818181818181817,5
2011,M Vijay,34,23.0,108.28752642706142,25.205882352941178,95
2012,M Vijay,35,31.4,119.48542024013732,27.2,10
2012,M Vijay,36,26.4,109.38441013912725,26.72222222222222,2
2012,M Vijay,37,23.6,88.29350104821813,26.054054054054053,11
2012,M Vijay,38,24.6,89.62683438155148,25.657894736842106,8
2012,M Vijay,39,25.2,84.17228892700601,25.205128205128204,14
2012,M Vijay,40,9.0,73.7777777777779,24.925,41
2012,M Vijay,41,15.2,90.00000000000011,25.317073170731707,0
2012,M Vijay,42,14.8,82.00000000000011,24.714285714285715,48
2012,M Vijay,43,22.2,90.7479674796749,25.25581395348837,36
2012,M Vijay,44,27.8,105.00251293422036,25.5,10
2012,M Vijay,45,27.0,93.8336817653892,25.155555555555555,1
2012,M Vijay,46,19.0,70.50034843205586,24.630434782608695,113
2012,M Vijay,47,41.6,107.54952875992471,26.51063829787234,42
2013,M Vijay,48,40.4,110.38489461358327,26.833333333333332,5
2013,M Vijay,49,34.2,94.08489461358326,26.387755102040817,50
2013,M Vijay,50,42.2,99.0299495586382,26.86,2
2013,M Vijay,51,42.4,101.69661622530487,26.372549019607842,24
2013,M Vijay,52,24.6,85.51700111482731,26.326923076923077,18
2013,M Vijay,53,19.8,86.959308807135,26.169811320754718,2
2013,M Vijay,54,19.2,82.459308807135,25.72222222222222,3
2013,M Vijay,55,9.8,75.22853957636578,25.30909090909091,18
2013,M Vijay,56,13.0,84.21404682274257,25.178571428571427,2
2013,M Vijay,57,8.6,73.34448160535128,24.771929824561404,29
2013,M Vijay,58,10.8,74.65217391304358,24.844827586206897,55
2013,M Vijay,59,21.4,88.22080136402398,25.35593220338983,31
2013,M Vijay,60,27.0,102.05413469735731,25.45,32
2013,M Vijay,61,29.8,120.08617131062962,25.557377049180328,23
2013,M Vijay,62,34.0,133.08617131062962,25.516129032258064,18
2014,M Vijay,63,31.8,122.08617131062962,25.396825396825395,18
2014,M Vijay,64,24.4,117.66040100250636,25.28125,0
2014,M Vijay,65,18.2,91.82706766917303,24.892307692307693,11
2014,M Vijay,66,14.0,76.47619047619058,24.681818181818183,52
2014,M Vijay,67,19.8,78.84204413472716,25.08955223880597,40
2014,M Vijay,68,24.2,83.69918699187002,25.308823529411764,13
2014,M Vijay,69,23.2,90.19269348537651,25.130434782608695,35
2014,M Vijay,70,30.2,112.77333864666684,25.271428571428572,24
2014,M Vijay,71,32.8,118.44000531333351,25.253521126760564,1
2014,M Vijay,72,22.6,99.74081832146359,24.916666666666668,5
2014,M Vijay,73,15.6,87.99478657543186,24.643835616438356,8
2015,M Vijay,74,14.6,77.69175627240155,24.41891891891892,37
2015,M Vijay,75,15.0,76.25396825396837,24.586666666666666,35
2015,M Vijay,76,17.2,76.39189928845113,24.723684210526315,19
2015,M Vijay,77,20.8,90.83634373289559,24.649350649350648,0
2015,M Vijay,78,19.8,79.72523262178447,24.333333333333332,21
2015,M Vijay,79,22.4,89.72523262178446,24.29113924050633,34
2015,M Vijay,80,21.8,89.18843608498793,24.4125,12
2015,M Vijay,81,17.2,80.05050505050517,24.25925925925926,39
2015,M Vijay,82,21.2,81.22510822510836,24.4390243902439,2
2015,M Vijay,83,21.6,87.89177489177501,24.16867469879518,28
2015,M Vijay,84,23.0,91.22510822510834,24.214285714285715,24
2016,M Vijay,85,21.0,97.28571428571439,24.211764705882352,42
2016,M Vijay,86,27.0,106.99159663865558,24.41860465116279,1
2016,M Vijay,87,19.4,88.70588235294129,24.149425287356323,53
2016,M Vijay,88,29.6,102.82352941176482,24.477272727272727,26
2016,M Vijay,89,29.2,99.79322638146179,24.49438202247191,2
2016,M Vijay,90,24.8,86.45989304812846,24.244444444444444,19
2016,M Vijay,91,20.2,90.9847799259565,24.186813186813186,55
2016,M Vijay,92,31.0,113.1752561164327,24.52173913043478,6
2016,M Vijay,93,21.6,102.3909423909425,24.322580645161292,25
2016,M Vijay,94,21.4,110.00457875457887,24.329787234042552,89
2016,M Vijay,95,38.8,126.84073694666927,25.010526315789473,54
2016,M Vijay,96,45.8,117.24633135226368,25.3125,6
2016,M Vijay,97,36.0,101.05585516178749,25.11340206185567,16
2016,M Vijay,98,38.0,131.0558551617875,25.020408163265305,59
2018,M Vijay,99,44.8,128.58634296666554,25.363636363636363,12
2019,M Vijay,100,29.4,120.23503325942363,25.23,38
2019,M Vijay,101,26.2,122.3129553373457,25.356435643564357,26
2020/21,M Vijay,102,30.2,132.3129553373457,25.362745098039216,1
2020/21,M Vijay,103,27.2,94.8129553373457,25.12621359223301,21
2020/21,M Vijay,104,19.6,86.03246753246765,25.08653846153846,10
2013,M Vohra,5,15.8,91.05519480519493,15.8,22
2013,M Vohra,6,11.6,94.18706293706306,16.833333333333332,31
2013,M Vohra,7,14.6,94.61996336996349,18.857142857142858,1
2013,M Vohra,8,14.2,94.61996336996349,16.625,8
2013,M Vohra,9,12.4,87.91541791541803,15.666666666666666,20
2014,M Vohra,10,16.4,137.91541791541803,16.1,47
2014,M Vohra,11,21.4,151.0692640692642,18.90909090909091,42
2014,M Vohra,12,23.6,156.54545454545465,20.833333333333332,36
2014,M Vohra,13,30.6,167.11688311688323,22.0,25
2014,M Vohra,14,34.0,176.38095238095246,22.214285714285715,47
2014,M Vohra,15,39.4,149.88095238095246,23.866666666666667,26
2014,M Vohra,16,35.2,130.24937343358405,24.0,34
2014,M Vohra,17,33.6,115.85543403964468,24.58823529411765,67
2015,M Vohra,18,39.8,121.0532362374469,26.944444444444443,5
2015,M Vohra,19,35.8,107.24371242792309,25.789473684210527,1
2015,M Vohra,20,26.6,86.60085528506593,24.55,2
2015,M Vohra,21,21.8,69.23243423243436,23.476190476190474,39
2015,M Vohra,22,22.8,71.56755009696198,24.181818181818183,20
2015,M Vohra,23,13.4,72.46498599439788,24.0,11
2015,M Vohra,24,14.6,99.13165266106452,23.458333333333332,4
2016,M Vohra,25,15.2,107.7030812324931,22.68,38
2016,M Vohra,26,22.4,129.36974789915976,23.26923076923077,32
2016,M Vohra,27,21.0,132.02857142857152,23.59259259259259,51
2016,M Vohra,28,27.2,136.27099567099577,24.571428571428573,8
2016,M Vohra,29,26.6,111.91202131202142,24.0,25
2016,M Vohra,30,30.8,121.31678321678332,24.033333333333335,7
2016,M Vohra,31,24.6,102.37738927738938,23.483870967741936,0
2017,M Vohra,32,18.2,76.77738927738939,22.75,14
2017,M Vohra,33,10.8,71.32284382284394,22.484848484848484,34
2017,M Vohra,34,16.0,89.92424242424254,22.823529411764707,28
2017,M Vohra,35,16.6,93.43873517786574,22.97142857142857,3
2017,M Vohra,36,15.8,90.71146245059299,22.416666666666668,95
2017,M Vohra,37,34.8,127.24992398905454,24.37837837837838,2
2017,M Vohra,38,32.4,111.79537853450908,23.789473684210527,3
2017,M Vohra,39,26.2,90.88628762541819,23.256410256410255,25
2017,M Vohra,40,25.6,84.39560439560452,23.3,25
2018,M Vohra,41,30.0,102.17338217338228,23.341463414634145,2
2018,M Vohra,42,11.4,72.3015873015874,22.833333333333332,0
2018,M Vohra,43,11.0,62.30158730158742,22.302325581395348,45
2018,M Vohra,44,19.4,81.33384536610355,22.818181818181817,8
2021,M Vohra,45,16.0,78.02215705441523,22.488888888888887,12
2021,M Vohra,46,13.4,76.91104594330412,22.26086956521739,9
2021,M Vohra,47,14.8,86.60801564027382,21.97872340425532,14
2021,M Vohra,48,17.6,112.06256109481929,21.8125,7
2022,M Vohra,49,10.0,98.5858585858587,21.510204081632654,19
2023,M Vohra,50,12.2,115.70707070707081,21.46,10
2011,MA Agarwal,5,18.0,78.71794871794884,18.0,41
2011,MA Agarwal,6,19.6,78.39115133232792,21.833333333333332,10
2012,MA Agarwal,7,21.6,118.39115133232792,20.142857142857142,16
2012,MA Agarwal,8,21.6,115.10910005027662,19.625,5
2012,MA Agarwal,9,21.2,121.00653594771254,18.0,45
2012,MA Agarwal,10,23.4,134.26050420168082,20.7,34
2012,MA Agarwal,11,22.0,142.52380952380963,21.90909090909091,9
2012,MA Agarwal,12,21.8,118.887445887446,20.833333333333332,1
2012,MA Agarwal,13,18.8,104.22077922077933,19.307692307692307,15
2012,MA Agarwal,14,20.8,105.2011713776421,19.0,10
2012,MA Agarwal,15,13.8,88.44292961940033,18.4,7
2012,MA Agarwal,16,8.4,71.61753279400352,17.6875,18
2012,MA Agarwal,17,10.2,106.68246785893857,17.705882352941178,64
2012,MA Agarwal,18,22.8,140.0158011922719,20.27777777777778,1
2013,MA Agarwal,19,20.0,132.36874236874252,19.263157894736842,1
2013,MA Agarwal,20,18.2,120.98412698412713,18.35,7
2013,MA Agarwal,21,18.2,122.92857142857156,17.80952380952381,6
2013,MA Agarwal,22,15.8,84.83333333333346,17.272727272727273,24
2013,MA Agarwal,23,7.8,66.65151515151527,17.565217391304348,29
2014,MA Agarwal,24,13.4,85.65151515151527,18.041666666666668,6
2014,MA Agarwal,25,14.4,92.56060606060619,17.56,26
2014,MA Agarwal,26,18.2,109.72727272727283,17.884615384615383,2
2014,MA Agarwal,27,17.4,102.10822510822524,17.296296296296298,25
2014,MA Agarwal,28,17.6,108.0678210678212,17.571428571428573,31
2014,MA Agarwal,29,18.0,103.86782106782121,18.03448275862069,17
2014,MA Agarwal,30,20.2,126.95873015873028,18.0,6
2014,MA Agarwal,31,16.2,152.29206349206362,17.612903225806452,2
2015,MA Agarwal,32,16.2,154.57777777777792,17.125,15
2015,MA Agarwal,33,14.2,151.80000000000013,17.060606060606062,37
2015,MA Agarwal,34,15.4,162.23809523809535,17.647058823529413,68
2015,MA Agarwal,35,25.6,154.904761904762,19.085714285714285,1
2015,MA Agarwal,36,24.6,101.5714285714287,18.583333333333332,1
2015,MA Agarwal,37,24.4,95.5714285714287,18.10810810810811,1
2015,MA Agarwal,38,21.6,80.5714285714287,17.657894736842106,27
2015,MA Agarwal,39,19.6,60.33333333333345,17.897435897435898,52
2015,MA Agarwal,40,16.4,57.8527131782947,18.75,11
2015,MA Agarwal,41,18.4,78.68604651162804,18.5609756097561,0
2016,MA Agarwal,42,18.2,76.68604651162804,18.11904761904762,9
2016,MA Agarwal,43,19.8,81.68604651162804,17.906976744186046,10
2016,MA Agarwal,44,16.4,88.90826873385026,17.727272727272727,8
2017,MA Agarwal,45,7.6,96.72222222222236,17.511111111111113,6
2017,MA Agarwal,46,6.6,89.22222222222236,17.26086956521739,0
2017,MA Agarwal,47,6.6,89.22222222222236,16.893617021276597,20
2018,MA Agarwal,48,8.8,95.27485380116971,16.958333333333332,7
2018,MA Agarwal,49,8.2,101.05263157894748,16.755102040816325,15
2018,MA Agarwal,50,9.6,96.32535885167476,16.72,30
2018,MA Agarwal,51,14.4,107.9043062200958,16.980392156862745,18
2018,MA Agarwal,52,18.0,147.9043062200958,17.0,2
2018,MA Agarwal,53,14.4,146.85167464114846,16.71698113207547,21
2018,MA Agarwal,54,17.2,145.10167464114843,16.796296296296298,12
2018,MA Agarwal,55,16.6,133.82894736842118,16.70909090909091,11
2018,MA Agarwal,56,12.8,133.67857142857156,16.607142857142858,2
2018,MA Agarwal,57,9.6,107.01190476190489,16.350877192982455,0
2018,MA Agarwal,58,9.2,87.01190476190489,16.06896551724138,2
2019,MA Agarwal,59,5.4,67.42857142857154,15.830508474576272,22
2019,MA Agarwal,60,7.4,69.02857142857155,15.933333333333334,58
2019,MA Agarwal,61,16.8,68.95135135135146,16.62295081967213,43
2019,MA Agarwal,62,25.0,93.00932236584423,17.048387096774192,6
2019,MA Agarwal,63,26.2,106.34265569917754,16.873015873015873,0
2019,MA Agarwal,64,25.8,99.6759890325109,16.609375,55
2019,MA Agarwal,65,32.4,107.65738438134811,17.2,15
2019,MA Agarwal,66,23.8,109.6393663633301,17.166666666666668,26
2019,MA Agarwal,67,20.4,115.58139534883733,17.29850746268657,2
2019,MA Agarwal,68,19.6,106.69250645994846,17.073529411764707,35
2019,MA Agarwal,69,26.6,140.0258397932818,17.333333333333332,27
2019,MA Agarwal,70,21.0,142.86549707602353,17.47142857142857,36
2019,MA Agarwal,71,25.2,137.22447143499787,17.732394366197184,7
2020/21,MA Agarwal,72,21.4,117.22447143499787,17.583333333333332,89
2020/21,MA Agarwal,73,38.8,141.9603548594059,18.561643835616437,25
2020/21,MA Agarwal,74,36.8,134.94281099975677,18.64864864864865,26
2020/21,MA Agarwal,75,36.6,141.1884250348445,18.746666666666666,26
2020/21,MA Agarwal,76,34.6,137.13248097890045,18.842105263157894,26
2020/21,MA Agarwal,77,38.4,138.56105240747186,18.935064935064936,19
2020/21,MA Agarwal,78,24.4,141.04739120528606,18.935897435897434,56
2020/21,MA Agarwal,79,30.6,143.44955044955057,19.40506329113924,106
2020/21,MA Agarwal,80,46.6,148.78288378288389,20.4875,45
2020/21,MA Agarwal,81,50.4,158.4798534798536,20.790123456790123,9
2020/21,MA Agarwal,82,47.0,163.71794871794881,20.646341463414632,5
2021,MA Agarwal,83,44.2,142.05128205128216,20.457831325301203,14
2021,MA Agarwal,84,35.8,141.33333333333343,20.38095238095238,0
2021,MA Agarwal,85,14.6,101.33333333333346,20.141176470588235,69
2021,MA Agarwal,86,19.4,106.33333333333346,20.709302325581394,22
2021,MA Agarwal,87,22.0,93.93333333333347,20.724137931034484,25
2021,MA Agarwal,88,26.0,108.93333333333347,20.772727272727273,31
2021,MA Agarwal,89,29.4,98.15555555555568,20.8876404494382,99
2021,MA Agarwal,90,49.2,132.29348659003844,21.755555555555556,57
2021,MA Agarwal,91,46.8,118.74276195235727,22.142857142857142,12
2021,MA Agarwal,92,44.8,121.14276195235728,22.032608695652176,40
2021,MA Agarwal,93,47.8,125.77239158198691,22.225806451612904,5
2021,MA Agarwal,94,42.6,125.21683602643137,22.04255319148936,67
2022,MA Agarwal,95,36.2,120.2093397745573,22.51578947368421,32
2022,MA Agarwal,96,31.2,120.04211569428973,22.614583333333332,1
2022,MA Agarwal,97,29.0,104.04211569428973,22.391752577319586,4
2022,MA Agarwal,98,21.8,114.4124860646601,22.20408163265306,5
2022,MA Agarwal,99,21.8,108.85693050910454,22.03030303030303,52
2022,MA Agarwal,100,18.8,111.24164724164737,22.33,24
2022,MA Agarwal,101,17.2,116.62626262626274,22.346534653465348,18
2022,MA Agarwal,102,20.6,128.27843653930623,22.30392156862745,25
2022,MA Agarwal,103,24.8,117.69020124518856,22.33009708737864,15
2022,MA Agarwal,104,26.8,128.0076615626489,22.259615384615383,19
2022,MA Agarwal,105,20.2,120.24251004749738,22.228571428571428,0
2022,MA Agarwal,106,15.4,90.24251004749738,22.0188679245283,1
2023,MA Agarwal,107,12.0,79.5903361344539,21.822429906542055,27
2023,MA Agarwal,108,12.4,72.67857142857156,21.87037037037037,8
2023,MA Agarwal,109,11.0,74.10714285714297,21.743119266055047,21
2023,MA Agarwal,110,11.4,71.35714285714297,21.736363636363638,9
2023,MA Agarwal,111,13.2,85.20329670329683,21.62162162162162,48
2023,MA Agarwal,112,22.6,102.52887809864566,21.857142857142858,2
2023,MA Agarwal,113,17.6,90.02887809864566,21.68141592920354,49
2023,MA Agarwal,114,25.8,92.29994036970793,21.92105263157895,5
2023,MA Agarwal,115,22.6,83.79994036970793,21.77391304347826,18
2023,MA Agarwal,116,24.4,99.9537865235541,21.74137931034483,83
2024,MA Agarwal,117,31.4,111.50575614861341,22.264957264957264,32
2024,MA Agarwal,118,37.4,130.5966652395225,22.347457627118644,11
2024,MA Agarwal,119,29.8,121.18274582560309,22.252100840336134,16
2024,MA Agarwal,120,32.0,127.5062752373678,22.2,5
2014,MA Starc,5,13.0,94.6291560102303,13.0,6
2014,MA Starc,6,10.6,92.1291560102303,11.833333333333334,12
2014,MA Starc,7,11.4,112.71739130434794,11.857142857142858,2
2015,MA Starc,8,10.8,120.21739130434794,10.625,9
2015,MA Starc,9,11.6,125.21739130434794,10.444444444444445,1
2015,MA Starc,10,6.0,102.85714285714297,9.5,1
2024,MA Starc,11,5.0,102.85714285714297,8.727272727272727,6
2024,MA Starc,12,3.8,112.85714285714297,8.5,1
2024,MA Starc,13,3.6,112.85714285714297,7.923076923076923,0
2024,MA Starc,14,1.8,82.85714285714297,7.357142857142857,0
2024,MA Starc,15,1.6,80.00000000000013,6.866666666666666,2
2013,MC Henriques,5,18.6,111.00000000000014,18.6,22
2013,MC Henriques,6,21.8,119.15789473684224,19.166666666666668,27
2013,MC Henriques,7,21.2,135.6963562753038,20.285714285714285,0
2013,MC Henriques,8,20.8,130.6963562753038,17.75,7
2013,MC Henriques,9,20.0,102.25191183085934,16.555555555555557,26
2013,MC Henriques,10,16.4,102.86060748303323,17.5,11
2013,MC Henriques,11,14.2,99.70271274619114,16.90909090909091,16
2013,MC Henriques,12,12.0,103.87853692201531,16.833333333333332,12
2014,MC Henriques,13,14.4,163.87853692201531,16.46153846153846,9
2014,MC Henriques,14,14.8,162.16913521261358,15.928571428571429,0
2015,MC Henriques,15,9.6,139.56043956043968,14.866666666666667,7
2015,MC Henriques,16,8.8,147.56043956043968,14.375,30
2015,MC Henriques,17,11.6,120.59615384615397,15.294117647058824,19
2015,MC Henriques,18,13.0,102.81837606837618,15.5,41
2015,MC Henriques,19,19.4,113.8207070707072,16.842105263157894,20
2015,MC Henriques,20,23.4,132.86832611832625,17.0,74
2015,MC Henriques,21,36.8,135.7016594516596,19.714285714285715,28
2015,MC Henriques,22,36.4,140.2849927849929,20.09090909090909,57
2015,MC Henriques,23,44.0,145.5627705627707,21.695652173913043,11
2016,MC Henriques,24,38.0,131.71428571428584,21.25,19
2016,MC Henriques,25,37.8,128.5000000000001,21.16,6
2016,MC Henriques,26,24.2,109.66666666666679,20.576923076923077,20
2016,MC Henriques,27,22.6,104.51515151515164,20.555555555555557,5
2016,MC Henriques,28,12.2,82.01515151515164,20.0,1
2016,MC Henriques,29,10.2,76.01515151515164,19.344827586206897,31
2016,MC Henriques,30,12.6,104.4675324675326,19.733333333333334,14
2016,MC Henriques,31,14.2,108.93812070282672,19.548387096774192,1
2016,MC Henriques,32,10.4,100.75630252100852,18.96875,10
2016,MC Henriques,33,11.4,100.75630252100852,18.696969696969695,0
2016,MC Henriques,34,11.2,95.75630252100852,18.147058823529413,18
2016,MC Henriques,35,8.6,77.18487394957995,18.142857142857142,11
2016,MC Henriques,36,8.0,82.71428571428585,17.944444444444443,31
2016,MC Henriques,37,14.0,102.23809523809538,18.2972972972973,11
2016,MC Henriques,38,14.2,113.90476190476201,18.105263157894736,4
2017,MC Henriques,39,15.0,129.904761904762,17.743589743589745,52
2017,MC Henriques,40,21.8,132.29858429858444,18.6,52
2017,MC Henriques,41,30.0,136.29858429858444,19.414634146341463,13
2017,MC Henriques,42,26.4,132.77477477477493,19.261904761904763,9
2017,MC Henriques,43,26.0,107.35810810810824,19.023255813953487,12
2017,MC Henriques,44,27.6,131.35810810810824,18.863636363636363,55
2017,MC Henriques,45,28.2,141.18103448275875,19.666666666666668,7
2017,MC Henriques,46,19.2,138.5143678160921,19.391304347826086,25
2017,MC Henriques,47,21.6,140.29214559386986,19.51063829787234,4
2017,MC Henriques,48,20.6,142.3754789272032,19.1875,44
2017,MC Henriques,49,27.0,127.51833607006033,19.693877551020407,4
2021,MC Henriques,50,16.8,129.5873015873017,19.38,14
2021,MC Henriques,51,18.2,122.7245564892625,19.274509803921568,2
2021,MC Henriques,52,13.6,108.28011204481804,18.942307692307693,12
2021,MC Henriques,53,15.2,121.6134453781514,18.81132075471698,3
2013,MC Juneja,5,21.8,93.63636363636377,21.8,2
2013,MC Juneja,6,20.6,89.19191919191931,18.5,14
2009/10,MD Mishra,5,11.4,91.89935064935078,11.4,21
2009/10,MD Mishra,6,15.4,109.0046138072455,13.0,41
2009/10,MD Mishra,7,21.0,115.45622671047131,17.0,20
2009/10,MD Mishra,8,19.2,96.5975310582974,17.375,25
2009/10,MD Mishra,9,23.2,108.62760624626733,18.22222222222222,2
2009/10,MD Mishra,10,21.8,100.26396988263097,16.6,0
2011,MD Mishra,11,17.6,78.15870672473622,15.090909090909092,37
2011,MD Mishra,12,16.8,86.94518905960567,16.916666666666668,7
2011,MD Mishra,13,14.2,82.2811574390523,16.153846153846153,12
2011,MD Mishra,14,11.6,79.96536796536809,15.857142857142858,9
2011,MD Mishra,15,13.0,91.96536796536809,15.4,2
2012,MD Mishra,16,13.4,96.40981240981253,14.5625,4
2009/10,MEK Hussey,5,38.0,112.69160069160083,38.0,15
2011,MEK Hussey,6,17.8,86.39530439530452,34.166666666666664,83
2011,MEK Hussey,7,33.4,104.92705042705056,41.142857142857146,8
2011,MEK Hussey,8,25.6,95.52164502164514,37.0,41
2011,MEK Hussey,9,31.0,100.972625413802,37.44444444444444,61
2011,MEK Hussey,10,41.6,110.82717086834745,39.8,9
2011,MEK Hussey,11,40.4,103.6341884122071,37.0,46
2011,MEK Hussey,12,33.0,96.43035565959387,37.75,79
2011,MEK Hussey,13,47.2,108.14965390520793,40.92307692307692,15
2011,MEK Hussey,14,42.0,95.57046838484591,39.07142857142857,46
2011,MEK Hussey,15,39.0,100.84788773968462,39.53333333333333,5
2011,MEK Hussey,16,38.2,116.37420352915831,37.375,32
2011,MEK Hussey,17,35.4,111.23247643621171,37.05882352941177,4
2011,MEK Hussey,18,20.4,93.51317819059766,35.22222222222222,0
2011,MEK Hussey,19,17.4,81.97471665213614,33.36842105263158,63
2012,MEK Hussey,20,20.8,80.29729729729743,34.85,18
2012,MEK Hussey,21,23.4,73.29729729729743,34.04761904761905,19
2012,MEK Hussey,22,20.8,67.51515151515164,33.36363636363637,38
2012,MEK Hussey,23,27.6,81.26515151515164,33.56521739130435,56
2012,MEK Hussey,24,38.8,109.26515151515164,34.5,7
2012,MEK Hussey,25,27.6,93.99242424242436,33.4,49
2012,MEK Hussey,26,33.8,101.12062937062949,34.0,20
2012,MEK Hussey,27,34.0,107.78729603729616,33.48148148148148,54
2013,MEK Hussey,28,37.2,108.58275058275072,34.214285714285715,20
2013,MEK Hussey,29,30.0,97.24941724941738,33.724137931034484,86
2013,MEK Hussey,30,45.8,116.37399637399649,35.46666666666667,6
2013,MEK Hussey,31,37.2,98.74579124579137,34.516129032258064,65
2013,MEK Hussey,32,46.2,105.09227495076564,35.46875,40
2013,MEK Hussey,33,43.4,95.9314357899265,35.60606060606061,88
2013,MEK Hussey,34,57.0,113.11092296941365,37.14705882352941,45
2013,MEK Hussey,35,48.8,113.40192826041896,37.371428571428574,95
2013,MEK Hussey,36,66.6,138.10531809092743,38.97222222222222,5
2013,MEK Hussey,37,54.6,126.07701620413498,38.054054054054056,35
2013,MEK Hussey,38,53.6,134.02573415285292,37.973684210526315,22
2013,MEK Hussey,39,40.4,116.47587660299537,37.56410256410256,67
2013,MEK Hussey,40,44.8,114.78756491468368,38.3,40
2013,MEK Hussey,41,33.8,102.09637020612642,38.34146341463415,26
2013,MEK Hussey,42,38.0,108.85562946538569,38.04761904761905,6
2013,MEK Hussey,43,32.2,109.52229613205236,37.30232558139535,86
2013,MEK Hussey,44,45.0,122.88117224954917,38.40909090909091,1
2014,MEK Hussey,45,31.8,102.42662679500373,37.577777777777776,3
2014,MEK Hussey,46,24.4,87.5298162884371,36.82608695652174,16
2014,MEK Hussey,47,22.4,89.60389036251118,36.38297872340426,1
2014,MEK Hussey,48,21.4,68.46103321965404,35.645833333333336,10
2014,MEK Hussey,49,6.2,49.332176595334616,35.12244897959184,56
2014,MEK Hussey,50,17.2,66.64924976606633,35.54,6
2014,MEK Hussey,51,17.8,70.60529372211028,34.96078431372549,56
2014,MEK Hussey,52,25.8,83.21135432817088,35.36538461538461,22
2014,MEK Hussey,53,30.0,117.0208781376947,35.113207547169814,39
2015,MEK Hussey,54,35.8,130.13092598458465,35.18518518518518,1
2015,MEK Hussey,55,24.8,107.81385281385296,34.56363636363636,16
2015,MEK Hussey,56,26.8,123.85780885780898,34.232142857142854,56
2015,MEK Hussey,57,26.8,114.26624100537155,34.6140350877193,4
2007/08,MF Maharoof,5,17.2,129.96212121212133,17.2,13
2007/08,MF Maharoof,6,16.2,132.46212121212133,16.5,20
2007/08,MF Maharoof,7,12.4,114.48135198135212,17.0,6
2009,MF Maharoof,8,11.6,117.81468531468545,15.625,3
2009,MF Maharoof,9,8.4,90.76923076923092,14.222222222222221,18
2009/10,MF Maharoof,10,12.0,118.46153846153861,14.6,1
2009/10,MF Maharoof,11,9.6,105.96153846153861,13.363636363636363,28
2009/10,MF Maharoof,12,11.2,106.30341880341894,14.583333333333334,2
2009/10,MF Maharoof,13,10.4,99.63675213675228,13.615384615384615,0
2013,MG Johnson,5,7.6,111.87301587301602,7.6,1
2014,MG Johnson,6,5.6,97.42857142857156,6.5,4
2014,MG Johnson,7,4.6,72.85714285714299,6.142857142857143,0
2014,MG Johnson,8,2.6,44.28571428571442,5.375,0
2014,MG Johnson,9,2.2,38.571428571428704,4.777777777777778,11
2014,MG Johnson,10,3.2,58.09523809523823,5.4,16
2014,MG Johnson,11,6.2,74.76190476190489,6.363636363636363,14
2014,MG Johnson,12,8.2,86.6666666666668,7.0,10
2014,MG Johnson,13,10.2,104.84848484848496,7.230769230769231,1
2015,MG Johnson,14,10.4,124.84848484848496,6.785714285714286,0
2015,MG Johnson,15,8.2,88.18181818181833,6.333333333333333,3
2015,MG Johnson,16,5.6,70.08658008658023,6.125,1
2015,MG Johnson,17,3.0,56.75324675324689,5.823529411764706,13
2015,MG Johnson,18,3.6,71.0714285714287,6.222222222222222,1
2015,MG Johnson,19,3.6,61.071428571428704,5.947368421052632,4
2015,MG Johnson,20,4.4,74.40476190476204,5.85,8
2015,MG Johnson,21,5.4,105.83333333333346,5.9523809523809526,1
2016,MG Johnson,22,5.4,99.83333333333346,5.7272727272727275,4
2016,MG Johnson,23,3.6,74.00000000000014,5.6521739130434785,1
2017,MG Johnson,24,3.6,74.00000000000014,5.458333333333333,7
2017,MG Johnson,25,4.2,107.33333333333348,5.52,13
2018,MG Johnson,26,5.2,85.90476190476204,5.8076923076923075,4
2018,MG Johnson,27,5.8,97.90476190476204,5.7407407407407405,12
2012,MJ Clarke,5,17.0,98.89605734767039,17.0,13
2017,MJ Guptill,5,26.0,127.26791726791741,26.0,9
2017,MJ Guptill,6,27.4,135.26791726791743,23.166666666666668,2
2017,MJ Guptill,7,18.2,120.41077441077455,20.142857142857142,12
2017,MJ Guptill,8,19.2,119.85521885521901,19.125,36
2017,MJ Guptill,9,21.8,118.03703703703718,21.0,0
2019,MJ Guptill,10,11.8,81.00000000000014,18.9,16
2019,MJ Guptill,11,13.2,89.66666666666679,18.636363636363637,30
2019,MJ Guptill,12,18.8,107.75362318840594,19.583333333333332,36
2009/10,MJ Lumb,5,25.2,101.01128936423068,25.2,0
2009/10,MJ Lumb,6,23.2,89.90017825311956,21.0,37
2009/10,MJ Lumb,7,30.6,118.36171671465804,23.285714285714285,15
2009/10,MJ Lumb,8,25.4,121.02838338132469,22.25,83
2009/10,MJ Lumb,9,33.0,130.64454499748632,29.0,8
2009/10,MJ Lumb,10,28.6,122.01709401709415,26.9,9
2011,MJ Lumb,11,30.4,144.51709401709417,25.272727272727273,0
2016,MJ McClenaghan,5,7.0,150.00000000000014,7.0,8
2016,MJ McClenaghan,6,8.6,167.7777777777779,7.166666666666667,4
2017,MJ McClenaghan,7,9.2,167.7777777777779,6.714285714285714,0
2017,MJ McClenaghan,8,6.8,107.77777777777791,5.875,1
2017,MJ McClenaghan,9,6.6,107.77777777777791,5.333333333333333,1
2017,MJ McClenaghan,10,2.8,77.77777777777791,4.9,2
2017,MJ McClenaghan,11,1.6,100.00000000000014,4.636363636363637,12
2018,MJ McClenaghan,12,3.2,100.00000000000014,5.25,0
2018,MJ McClenaghan,13,3.2,100.00000000000014,4.846153846153846,0
2018,MJ McClenaghan,14,3.0,80.00000000000014,4.5,0
2018,MJ McClenaghan,15,2.8,60.000000000000135,4.2,11
2019,MJ McClenaghan,16,4.6,47.500000000000135,4.625,10
2019,MJ McClenaghan,17,4.2,52.500000000000135,4.9411764705882355,1
2019,MJ McClenaghan,18,4.4,57.500000000000135,4.722222222222222,0
2019,MJ McClenaghan,19,4.4,57.500000000000135,4.473684210526316,0
2022,MJ Santner,5,10.6,122.2023809523811,10.6,1
2023,MJ Santner,6,8.8,82.20238095238109,9.0,1
2023,MJ Santner,7,4.6,67.91666666666681,7.857142857142857,1
2024,MJ Santner,8,2.6,67.91666666666681,7.0,11
2024,MJ Santner,9,3.0,76.66666666666681,7.444444444444445,0
2024,MJ Santner,10,2.8,56.66666666666681,6.7,3
2020/21,MK Lomror,5,8.0,118.58974358974372,8.0,47
2021,MK Lomror,6,15.2,124.35897435897448,14.5,19
2021,MK Lomror,7,17.2,120.19230769230782,15.142857142857142,29
2021,MK Lomror,8,21.4,86.85897435897449,16.875,3
2021,MK Lomror,9,21.8,88.85897435897449,15.333333333333334,43
2022,MK Lomror,10,28.2,119.71367521367536,18.1,16
2022,MK Lomror,11,22.0,131.1666666666668,17.90909090909091,42
2022,MK Lomror,12,26.6,144.2988505747128,19.916666666666668,6
2022,MK Lomror,13,22.0,164.2988505747128,18.846153846153847,14
2022,MK Lomror,14,24.2,183.4099616858239,18.5,8
2023,MK Lomror,15,17.2,151.6321839080461,17.8,26
2023,MK Lomror,16,19.2,144.96551724137947,18.3125,0
2023,MK Lomror,17,10.8,116.00000000000014,17.235294117647058,7
2023,MK Lomror,18,11.0,91.55555555555569,16.666666666666668,8
2023,MK Lomror,19,9.8,87.11111111111124,16.210526315789473,34
2023,MK Lomror,20,15.0,108.88888888888903,17.1,3
2023,MK Lomror,21,10.4,95.00000000000014,16.428571428571427,54
2023,MK Lomror,22,21.2,128.75000000000014,18.136363636363637,1
2023,MK Lomror,23,20.0,119.86111111111124,17.391304347826086,1
2023,MK Lomror,24,18.6,103.19444444444457,16.708333333333332,1
2024,MK Lomror,25,12.0,70.4166666666668,16.08,17
2024,MK Lomror,26,14.8,97.91666666666681,16.115384615384617,33
2024,MK Lomror,27,10.6,114.93589743589757,16.74074074074074,0
2024,MK Lomror,28,10.4,108.2692307692309,16.142857142857142,19
2024,MK Lomror,29,14.0,125.41208791208805,16.24137931034483,4
2024,MK Lomror,30,14.6,147.0787545787547,15.833333333333334,7
2024,MK Lomror,31,12.6,132.5787545787547,15.548387096774194,0
2024,MK Lomror,32,6.0,81.80952380952394,15.0625,13
2024,MK Lomror,33,8.6,107.80952380952394,15.0,0
2024,MK Lomror,34,4.8,80.66666666666679,14.558823529411764,32
2009,MK Pandey,5,33.4,88.23938223938237,33.4,4
2009/10,MK Pandey,6,34.2,97.12827112827127,28.5,0
2009/10,MK Pandey,7,33.6,87.12827112827127,24.428571428571427,38
2009/10,MK Pandey,8,40.8,95.27641927641942,26.125,42
2009/10,MK Pandey,9,26.4,92.4656084656086,27.88888888888889,40
2009/10,MK Pandey,10,24.8,94.66666666666681,29.1,20
2009/10,MK Pandey,11,28.0,99.11111111111124,28.272727272727273,39
2009/10,MK Pandey,12,35.8,126.00766283524918,29.166666666666668,5
2009/10,MK Pandey,13,29.2,112.14522897281532,27.307692307692307,29
2009/10,MK Pandey,14,26.6,107.3452289728153,27.428571428571427,1
2009/10,MK Pandey,15,18.8,80.21559934318569,25.666666666666668,0
2009/10,MK Pandey,16,14.8,66.88226600985236,24.0625,14
2009/10,MK Pandey,17,9.8,61.52417582417596,23.470588235294116,16
2009/10,MK Pandey,18,12.0,65.01623931623945,23.055555555555557,5
2011,MK Pandey,19,7.2,51.816239316239454,22.105263157894736,12
2011,MK Pandey,20,9.4,75.98290598290612,21.6,10
2011,MK Pandey,21,11.4,91.3675213675215,21.047619047619047,19
2011,MK Pandey,22,12.4,85.6623931623933,20.954545454545453,30
2011,MK Pandey,23,15.2,87.23945409429294,21.347826086956523,59
2011,MK Pandey,24,26.0,101.32108674735416,22.916666666666668,28
2011,MK Pandey,25,29.2,91.62411705038447,23.12,49
2011,MK Pandey,26,37.0,99.57283499910241,24.115384615384617,23
2011,MK Pandey,27,37.8,106.73950166576908,24.074074074074073,16
2012,MK Pandey,28,35.0,114.05132962275835,23.785714285714285,0
2012,MK Pandey,29,23.2,89.9696969696971,22.96551724137931,12
2012,MK Pandey,30,20.0,133.00000000000014,22.6,0
2012,MK Pandey,31,10.2,109.66666666666679,21.870967741935484,13
2012,MK Pandey,32,8.2,130.00000000000014,21.59375,80
2012,MK Pandey,33,21.0,131.90476190476207,23.363636363636363,21
2012,MK Pandey,34,25.2,150.99567099567113,23.294117647058822,0
2012,MK Pandey,35,22.8,90.99567099567113,22.62857142857143,17
2012,MK Pandey,36,26.2,112.24567099567113,22.47222222222222,0
2013,MK Pandey,37,23.6,68.9123376623378,21.864864864864863,15
2013,MK Pandey,38,10.6,50.685736677116125,21.68421052631579,0
2013,MK Pandey,39,6.4,31.594827586207032,21.128205128205128,9
2013,MK Pandey,40,8.2,51.59482758620703,20.825,7
2013,MK Pandey,41,6.2,53.67816091954037,20.48780487804878,29
2013,MK Pandey,42,12.0,73.67816091954037,20.69047619047619,66
2013,MK Pandey,43,22.2,90.83333333333347,21.74418604651163,10
2014,MK Pandey,44,24.2,105.11904761904775,21.477272727272727,64
2014,MK Pandey,45,35.2,108.39177489177503,22.42222222222222,48
2014,MK Pandey,46,43.4,105.4839734733353,22.97826086956522,5
2014,MK Pandey,47,38.6,118.81730680666865,22.595744680851062,8
2014,MK Pandey,48,27.0,105.8627613521232,22.291666666666668,27
2014,MK Pandey,49,30.4,127.57704706640891,22.387755102040817,1
2014,MK Pandey,50,17.8,114.30431979368163,21.96,0
2014,MK Pandey,51,8.2,93.87878787878802,21.529411764705884,23
2014,MK Pandey,52,11.8,93.40259740259754,21.557692307692307,36
2014,MK Pandey,53,17.4,99.42857142857156,21.830188679245282,14
2014,MK Pandey,54,14.8,76.15584415584428,21.685185185185187,35
2014,MK Pandey,55,21.6,88.03084415584428,21.927272727272726,18
2014,MK Pandey,56,25.2,100.88798701298715,21.857142857142858,13
2014,MK Pandey,57,23.2,88.03084415584429,21.70175438596491,2
2014,MK Pandey,58,16.4,72.45941558441572,21.362068965517242,21
2014,MK Pandey,59,17.8,79.732142857143,21.35593220338983,94
2015,MK Pandey,60,29.6,94.01098901098916,22.566666666666666,40
2015,MK Pandey,61,34.0,114.48717948717963,22.852459016393443,23
2015,MK Pandey,62,36.0,125.1538461538463,22.85483870967742,3
2015,MK Pandey,63,36.2,125.60839160839176,22.53968253968254,12
2015,MK Pandey,64,34.4,145.60839160839174,22.375,0
2015,MK Pandey,65,15.6,109.45454545454558,22.03076923076923,33
2015,MK Pandey,66,14.2,103.62121212121227,22.196969696969695,22
2015,MK Pandey,67,14.0,96.11244019138769,22.19402985074627,15
2015,MK Pandey,68,16.4,105.65789473684224,22.08823529411765,33
2015,MK Pandey,69,20.6,91.04251012145762,22.246376811594203,22
2015,MK Pandey,70,25.0,116.92486306263409,22.242857142857144,1
2015,MK Pandey,71,18.6,109.42486306263409,21.943661971830984,21
2016,MK Pandey,72,18.4,106.266968325792,21.930555555555557,15
2016,MK Pandey,73,18.4,116.266968325792,21.835616438356166,52
2016,MK Pandey,74,22.2,125.54901960784328,22.243243243243242,11
2016,MK Pandey,75,20.0,119.66666666666681,22.093333333333334,12
2016,MK Pandey,76,22.2,121.48484848484861,21.960526315789473,8
2016,MK Pandey,77,19.6,114.81818181818196,21.77922077922078,0
2016,MK Pandey,78,16.6,89.81818181818196,21.5,15
2016,MK Pandey,79,9.2,82.42424242424256,21.417721518987342,50
2016,MK Pandey,80,17.0,88.74003189792677,21.775,1
2016,MK Pandey,81,14.8,73.58851674641161,21.51851851851852,48
2016,MK Pandey,82,22.8,90.2551834130783,21.841463414634145,36
2017,MK Pandey,83,30.0,115.96946912736401,22.012048192771083,81
2017,MK Pandey,84,43.2,122.44674185463673,22.714285714285715,25
2017,MK Pandey,85,38.2,125.54271708683488,22.741176470588236,46
2017,MK Pandey,86,47.2,144.43160597572376,23.011627906976745,69
2017,MK Pandey,87,51.4,140.9700675141853,23.54022988505747,24
2017,MK Pandey,88,49.0,138.11292465704244,23.545454545454547,15
2017,MK Pandey,89,35.8,123.11292465704244,23.44943820224719,5
2017,MK Pandey,90,31.8,118.70115995116007,23.244444444444444,39
2017,MK Pandey,91,30.4,119.14560439560452,23.417582417582416,37
2017,MK Pandey,92,24.0,115.73214285714297,23.565217391304348,4
2017,MK Pandey,93,20.0,119.54166666666681,23.35483870967742,18
2017,MK Pandey,94,20.6,116.44384057971028,23.29787234042553,33
2018,MK Pandey,95,26.2,111.44384057971028,23.4,11
2018,MK Pandey,96,20.6,112.94384057971028,23.270833333333332,4
2018,MK Pandey,97,14.0,97.09156785243756,23.072164948453608,57
2018,MK Pandey,98,24.6,94.68022033470706,23.418367346938776,0
2018,MK Pandey,99,21.0,79.02804642166359,23.181818181818183,16
2018,MK Pandey,100,17.6,88.11895551257268,23.11,54
2018,MK Pandey,101,26.2,81.38818628180346,23.415841584158414,16
2018,MK Pandey,102,28.6,95.4487923424095,23.34313725490196,21
2018,MK Pandey,103,21.4,94.52680652680667,23.320388349514563,5
2018,MK Pandey,104,22.4,108.81252081252096,23.14423076923077,5
2018,MK Pandey,105,20.2,96.38827838827854,22.97142857142857,62
2018,MK Pandey,106,21.8,105.86295005807214,23.339622641509433,25
2018,MK Pandey,107,23.6,106.26874715952142,23.35514018691589,8
2019,MK Pandey,108,21.0,92.9354138261881,23.212962962962962,8
2019,MK Pandey,109,21.6,110.6496995404738,23.073394495412845,1
2019,MK Pandey,110,20.8,97.98303287380713,22.87272727272727,10
2019,MK Pandey,111,10.4,83.12374581939812,22.756756756756758,16
2019,MK Pandey,112,8.6,76.62271062271076,22.696428571428573,19
2019,MK Pandey,113,10.8,91.9560439560441,22.663716814159294,83
2019,MK Pandey,114,25.8,93.1560439560441,23.19298245614035,61
2019,MK Pandey,115,37.8,123.04493284493299,23.52173913043478,36
2019,MK Pandey,116,43.0,136.46031746031758,23.629310344827587,72
2019,MK Pandey,117,54.2,151.22222222222234,24.042735042735043,9
2019,MK Pandey,118,52.2,140.88888888888903,23.915254237288135,30
2020/21,MK Pandey,119,41.6,123.47836257309955,23.96638655462185,15
2020/21,MK Pandey,120,32.4,99.58947368421066,23.891666666666666,26
2020/21,MK Pandey,121,30.4,96.78947368421066,23.90909090909091,54
2020/21,MK Pandey,122,26.8,90.78947368421066,24.15573770491803,6
2020/21,MK Pandey,123,26.2,92.9323308270678,24.008130081300813,29
2020/21,MK Pandey,124,26.0,102.36024844720511,24.048387096774192,83
2020/21,MK Pandey,125,39.6,126.23779946761326,24.52,44
2020/21,MK Pandey,126,43.2,125.38065661047042,24.674603174603174,4
2020/21,MK Pandey,127,33.2,128.04732327713708,24.511811023622048,3
2020/21,MK Pandey,128,32.6,122.90446613427994,24.34375,34
2020/21,MK Pandey,129,33.6,118.29313543599271,24.41860465116279,30
2020/21,MK Pandey,130,23.0,111.6883116883118,24.46153846153846,1
2020/21,MK Pandey,131,14.4,96.54545454545467,24.282442748091604,51
2020/21,MK Pandey,132,23.8,96.72089314194591,24.484848484848484,24
2020/21,MK Pandey,133,28.0,105.5904583593372,24.481203007518797,21
2021,MK Pandey,134,25.4,112.98439775327661,24.455223880597014,61
2021,MK Pandey,135,31.6,112.23340961098411,24.725925925925925,38
2021,MK Pandey,136,39.0,120.76999497683778,24.823529411764707,2
2021,MK Pandey,137,29.2,99.6421754279656,24.656934306569344,61
2021,MK Pandey,138,36.6,103.67056939424776,24.920289855072465,31
2021,MK Pandey,139,38.6,105.19437891805728,24.964028776978417,69
2021,MK Pandey,140,40.2,110.76566304343646,25.27857142857143,17
2021,MK Pandey,141,36.0,113.4790776775828,25.21985815602837,13
2022,MK Pandey,142,38.2,119.06913978938402,25.133802816901408,6
2022,MK Pandey,143,27.2,111.31403774856771,25.0,5
2022,MK Pandey,144,22.0,94.29022822475818,24.86111111111111,11
2022,MK Pandey,145,10.4,84.19720496894425,24.76551724137931,38
2022,MK Pandey,146,14.6,89.15410152066838,24.856164383561644,6
2022,MK Pandey,147,13.2,92.84975369458144,24.727891156462587,22
2023,MK Pandey,148,16.4,95.70689655172427,24.70945945945946,0
2023,MK Pandey,149,15.4,83.20689655172427,24.543624161073826,26
2023,MK Pandey,150,18.4,88.57531760435586,24.553333333333335,50
2023,MK Pandey,151,20.8,88.00944669365735,24.721854304635762,21
2023,MK Pandey,152,23.8,91.27031625887476,24.69736842105263,34
2023,MK Pandey,153,26.2,95.55603054458904,24.758169934640524,1
2023,MK Pandey,154,26.4,102.22269721125569,24.603896103896105,1
2023,MK Pandey,155,21.4,79.85427615862412,24.451612903225808,27
2023,MK Pandey,156,16.8,72.8339401727709,24.46794871794872,0
2024,MK Pandey,157,12.6,54.5730706075535,24.312101910828027,42
2007/08,MK Tiwary,5,13.6,201.82539682539695,13.6,36
2007/08,MK Tiwary,6,13.0,204.98631636562686,17.333333333333332,0
2009,MK Tiwary,7,10.8,180.5418719211824,14.857142857142858,9
2009/10,MK Tiwary,8,11.6,144.38802576733627,14.125,0
2009/10,MK Tiwary,9,9.8,118.67374005305055,12.555555555555555,50
2009/10,MK Tiwary,10,19.0,72.00707338638388,16.3,8
2009/10,MK Tiwary,11,13.4,100.51282051282064,15.545454545454545,11
2009/10,MK Tiwary,12,15.6,117.43589743589757,15.166666666666666,75
2009/10,MK Tiwary,13,28.8,133.58974358974373,19.76923076923077,0
2009/10,MK Tiwary,14,28.8,133.58974358974373,18.357142857142858,5
2009/10,MK Tiwary,15,19.8,114.54212454212468,17.466666666666665,35
2009/10,MK Tiwary,16,25.2,83.08379120879134,18.5625,26
2009/10,MK Tiwary,17,28.2,93.52913533834601,19.0,0
2009/10,MK Tiwary,18,13.2,63.52913533834601,17.944444444444443,27
2011,MK Tiwary,19,18.6,80.40413533834601,18.42105263157895,27
2011,MK Tiwary,20,23.0,99.86842105263172,18.85,30
2011,MK Tiwary,21,22.0,105.266148325359,19.38095238095238,30
2011,MK Tiwary,22,22.8,100.97465034965049,19.863636363636363,46
2011,MK Tiwary,23,32.0,118.66695804195817,21.0,61
2011,MK Tiwary,24,38.8,126.19195804195817,22.666666666666668,34
2011,MK Tiwary,25,40.2,108.25591153033027,23.12,33
2011,MK Tiwary,26,40.8,104.55461282903157,23.5,1
2011,MK Tiwary,27,35.0,84.33483260925135,22.666666666666668,15
2011,MK Tiwary,28,28.8,89.71944799386674,22.392857142857142,19
2011,MK Tiwary,29,20.4,79.93483260925134,22.275862068965516,24
2011,MK Tiwary,30,18.4,84.12087912087925,22.333333333333332,35
2011,MK Tiwary,31,18.8,92.3676323676325,22.741935483870968,4
2012,MK Tiwary,32,19.4,100.93906093906108,22.15625,0
2012,MK Tiwary,33,16.4,77.862137862138,21.484848484848484,59
2012,MK Tiwary,34,24.4,86.84675324675338,22.58823529411765,2
2012,MK Tiwary,35,20.0,74.84675324675338,22.0,24
2012,MK Tiwary,36,17.8,69.69523809523824,22.055555555555557,20
2012,MK Tiwary,37,21.0,73.08148148148162,22.0,30
2012,MK Tiwary,38,27.0,93.08148148148162,22.210526315789473,1
2012,MK Tiwary,39,15.4,89.48148148148161,21.666666666666668,13
2012,MK Tiwary,40,17.6,101.48148148148161,21.45,6
2012,MK Tiwary,41,14.0,104.81481481481494,21.073170731707318,8
2012,MK Tiwary,42,11.6,116.66666666666681,20.761904761904763,27
2012,MK Tiwary,43,11.0,118.26666666666681,20.906976744186046,12
2012,MK Tiwary,44,13.2,115.40952380952395,20.704545454545453,41
2012,MK Tiwary,45,18.8,113.63174603174616,21.155555555555555,8
2012,MK Tiwary,46,19.2,101.40952380952395,20.869565217391305,9
2013,MK Tiwary,47,19.4,134.74285714285728,20.617021276595743,23
2013,MK Tiwary,48,18.6,133.14285714285728,20.666666666666668,14
2013,MK Tiwary,49,19.0,137.5384615384617,20.53061224489796,23
2013,MK Tiwary,50,15.4,148.06623931623943,20.58,1
2013,MK Tiwary,51,14.0,132.78846153846166,20.19607843137255,13
2013,MK Tiwary,52,14.8,87.23290598290612,20.057692307692307,33
2013,MK Tiwary,53,16.8,94.73290598290612,20.30188679245283,15
2013,MK Tiwary,54,17.0,100.46717171717185,20.203703703703702,24
2013,MK Tiwary,55,17.2,89.49494949494962,20.272727272727273,0
2014,MK Tiwary,56,17.0,86.99494949494962,19.910714285714285,1
2014,MK Tiwary,57,14.6,79.21717171717185,19.57894736842105,8
2014,MK Tiwary,58,9.6,78.38383838383851,19.379310344827587,0
2014,MK Tiwary,59,6.6,51.11111111111124,19.050847457627118,23
2014,MK Tiwary,60,6.4,68.71794871794884,19.116666666666667,61
2014,MK Tiwary,61,18.6,94.67539552645948,19.80327868852459,10
2014,MK Tiwary,62,20.4,113.00872885979281,19.64516129032258,41
2014,MK Tiwary,63,27.0,111.96706219312617,19.984126984126984,8
2015,MK Tiwary,64,28.6,125.30039552645948,19.796875,32
2015,MK Tiwary,65,30.4,111.98474565908548,19.984615384615385,25
2017,MK Tiwary,66,23.2,103.26867816091968,20.060606060606062,40
2017,MK Tiwary,67,29.2,113.05128685657185,20.35820895522388,31
2017,MK Tiwary,68,27.2,109.56914399942897,20.514705882352942,27
2017,MK Tiwary,69,31.0,141.23581066609566,20.608695652173914,17
2017,MK Tiwary,70,28.0,161.6668451488543,20.557142857142857,22
2017,MK Tiwary,71,27.4,178.2716196846633,20.577464788732396,1
2017,MK Tiwary,72,19.6,153.48901098901112,20.305555555555557,44
2017,MK Tiwary,73,22.2,155.12993762993776,20.63013698630137,0
2017,MK Tiwary,74,16.8,110.12993762993776,20.35135135135135,8
2017,MK Tiwary,75,15.0,85.40771540771554,20.186666666666667,9
2017,MK Tiwary,76,12.4,87.56156156156169,20.039473684210527,60
2017,MK Tiwary,77,24.2,103.64851808330081,20.558441558441558,58
2017,MK Tiwary,78,27.0,104.0314009661837,21.03846153846154,7
2018,MK Tiwary,79,28.4,121.5314009661837,20.860759493670887,1
2018,MK Tiwary,80,27.0,107.75362318840591,20.6125,7
2018,MK Tiwary,81,26.6,89.25362318840594,20.444444444444443,4
2018,MK Tiwary,82,15.4,143.1666666666668,20.24390243902439,35
2009,ML Hayden,5,46.6,129.403659336075,46.6,65
2009,ML Hayden,6,54.6,135.1270297653278,49.666666666666664,57
2009,ML Hayden,7,49.8,141.3732303732305,50.714285714285715,49
2009,ML Hayden,8,45.6,140.59545259545274,50.5,1
2009,ML Hayden,9,43.2,138.21450021450033,45.0,30
2009,ML Hayden,10,40.4,143.07164307164322,43.5,43
2009,ML Hayden,11,36.0,138.6507936507938,43.45454545454545,89
2009,ML Hayden,12,42.4,128.62616310892184,47.25,48
2009,ML Hayden,13,42.2,122.27350610409096,47.30769230769231,60
2009,ML Hayden,14,54.0,143.04273687332173,48.214285714285715,60
2009,ML Hayden,15,60.0,132.7148680208627,49.0,26
2009/10,ML Hayden,16,56.6,129.36900335920856,47.5625,17
2009/10,ML Hayden,17,42.2,129.5884390958857,45.76470588235294,1
2009/10,ML Hayden,18,32.8,111.21887387849438,43.27777777777778,93
2009/10,ML Hayden,19,39.4,120.88442571795926,45.89473684210526,33
2009/10,ML Hayden,20,34.0,126.59690995503365,45.25,32
2009/10,ML Hayden,21,35.2,119.22848890240206,44.61904761904762,20
2009/10,ML Hayden,22,35.8,114.98606465997784,43.5,19
2009/10,ML Hayden,23,39.4,139.62892180283498,42.43478260869565,12
2009/10,ML Hayden,24,23.2,116.33699633699648,41.166666666666664,34
2009/10,ML Hayden,25,23.4,123.33333333333346,40.88,35
2009/10,ML Hayden,26,24.0,124.54545454545469,40.65384615384615,19
2009/10,ML Hayden,27,23.8,117.87878787878802,39.851851851851855,0
2009/10,ML Hayden,28,20.0,90.73593073593086,38.42857142857143,1
2009/10,ML Hayden,29,17.8,77.59307359307373,37.13793103448276,5
2009/10,ML Hayden,30,12.0,57.712121212121346,36.06666666666667,8
2009/10,ML Hayden,31,6.6,52.500000000000135,35.16129032258065,17
2019,MM Ali,5,17.2,105.97338935574244,17.2,13
2019,MM Ali,6,17.8,114.54481792717101,16.5,2
2019,MM Ali,7,18.0,112.87815126050437,14.428571428571429,18
2019,MM Ali,8,8.6,114.6428571428573,14.875,0
2019,MM Ali,9,8.4,104.6428571428573,13.222222222222221,32
2019,MM Ali,10,13.0,115.82706766917306,15.1,50
2019,MM Ali,11,20.4,109.93421052631592,18.272727272727273,66
2019,MM Ali,12,33.2,150.45145190562627,22.25,26
2019,MM Ali,13,34.8,141.03968719974392,22.53846153846154,4
2020/21,MM Ali,14,35.6,157.03968719974392,21.214285714285715,11
2020/21,MM Ali,15,31.4,140.27855359650505,20.533333333333335,1
2020/21,MM Ali,16,21.6,119.02855359650505,19.3125,0
2021,MM Ali,17,8.4,73.5113122171947,18.176470588235293,36
2021,MM Ali,18,10.4,72.92307692307706,19.166666666666668,46
2021,MM Ali,19,18.8,85.67307692307706,20.57894736842105,26
2021,MM Ali,20,21.8,92.38636363636377,20.85,25
2021,MM Ali,21,26.6,120.84790209790224,21.047619047619047,15
2021,MM Ali,22,29.6,154.18123543123556,20.772727272727273,58
2021,MM Ali,23,34.0,156.4034576534578,22.391304347826086,21
2021,MM Ali,24,29.0,150.98679098679114,22.333333333333332,17
2021,MM Ali,25,27.2,147.3504273504275,22.12,0
2021,MM Ali,26,22.2,108.88888888888903,21.26923076923077,32
2021,MM Ali,27,25.6,97.62452107279708,21.666666666666668,0
2021,MM Ali,28,14.0,65.40229885057485,20.892857142857142,5
2021,MM Ali,29,10.8,52.06896551724151,20.344827586206897,23
2021,MM Ali,30,12.0,56.27949183303099,20.433333333333334,16
2021,MM Ali,31,15.2,82.94615849969765,20.29032258064516,37
2022,MM Ali,32,16.2,97.87719298245628,20.8125,35
2022,MM Ali,33,23.2,129.6953748006381,21.242424242424242,0
2022,MM Ali,34,22.2,119.69537480063809,20.61764705882353,48
2022,MM Ali,35,27.2,122.91341991342006,21.4,3
2022,MM Ali,36,24.6,103.74675324675339,20.88888888888889,1
2022,MM Ali,37,17.4,71.74675324675339,20.35135135135135,34
2022,MM Ali,38,17.2,65.11375661375675,20.710526315789473,9
2022,MM Ali,39,19.0,110.11375661375675,20.41025641025641,0
2022,MM Ali,40,9.4,82.68518518518533,19.9,21
2022,MM Ali,41,13.0,98.51851851851866,19.926829268292682,93
2023,MM Ali,42,31.4,124.51851851851866,21.666666666666668,23
2023,MM Ali,43,29.2,126.39215686274524,21.697674418604652,19
2023,MM Ali,44,31.2,110.62292609351445,21.636363636363637,7
2023,MM Ali,45,32.6,124.62292609351445,21.31111111111111,19
2023,MM Ali,46,32.2,139.28959276018114,21.26086956521739,6
2023,MM Ali,47,14.8,128.28959276018114,20.93617021276596,23
2023,MM Ali,48,14.8,139.5641025641027,20.979166666666668,10
2023,MM Ali,49,13.0,143.66666666666683,20.755102040816325,7
2023,MM Ali,50,13.0,141.33333333333348,20.48,1
2023,MM Ali,51,9.4,113.33333333333348,20.098039215686274,9
2024,MM Ali,52,10.0,138.33333333333348,19.884615384615383,30
2024,MM Ali,53,11.4,130.00000000000014,20.07547169811321,15
2024,MM Ali,54,12.4,121.66666666666681,19.98148148148148,17
2024,MM Ali,55,14.4,127.00000000000014,19.927272727272726,56
2024,MM Ali,56,25.4,145.71794871794884,20.571428571428573,10
2009,MM Patel,5,5.6,60.28571428571441,5.6,5
2009/10,MM Patel,6,6.6,76.95238095238109,5.5,0
2009/10,MM Patel,7,6.6,76.95238095238109,4.714285714285714,4
2011,MM Patel,8,7.4,103.61904761904775,4.625,0
2012,MM Patel,9,6.4,89.33333333333346,4.111111111111111,1
2012,MM Patel,10,2.0,53.33333333333347,3.8,1
2017,MM Patel,11,1.2,40.666666666666806,3.5454545454545454,0
2015,MM Sharma,5,0.6,46.66666666666681,0.6,2
2015,MM Sharma,6,1.0,53.33333333333347,0.8333333333333334,3
2015,MM Sharma,7,1.6,73.33333333333347,1.1428571428571428,21
2016,MM Sharma,8,5.6,126.66666666666681,3.625,15
2016,MM Sharma,9,8.2,120.00000000000014,4.888888888888889,1
2016,MM Sharma,10,8.4,126.66666666666681,4.5,1
2016,MM Sharma,11,8.2,130.00000000000014,4.181818181818182,1
2016,MM Sharma,12,7.8,130.00000000000014,3.9166666666666665,14
2017,MM Sharma,13,6.4,93.33333333333348,4.6923076923076925,10
2017,MM Sharma,14,5.4,85.00000000000014,5.071428571428571,13
2017,MM Sharma,15,7.8,96.90476190476207,5.6,10
2017,MM Sharma,16,9.6,120.23809523809538,5.875,4
2017,MM Sharma,17,10.2,126.90476190476207,5.764705882352941,2
2017,MM Sharma,18,7.8,113.57142857142871,5.555555555555555,6
2017,MM Sharma,19,7.0,118.57142857142871,5.578947368421052,6
2018,MM Sharma,20,5.6,110.00000000000014,5.6,1
2018,MM Sharma,21,3.8,83.33333333333348,5.380952380952381,4
2018,MM Sharma,22,3.8,83.33333333333347,5.318181818181818,3
2018,MM Sharma,23,4.0,85.33333333333348,5.217391304347826,2
2019,MM Sharma,24,3.2,68.66666666666681,5.083333333333333,0
2023,MM Sharma,25,2.0,58.66666666666681,4.88,0
2024,MM Sharma,26,1.8,52.000000000000135,4.6923076923076925,2
2024,MM Sharma,27,1.4,28.00000000000015,4.592592592592593,0
2012,MN Samuels,5,18.8,91.33333333333348,18.8,26
2012,MN Samuels,6,23.2,93.00000000000014,20.0,3
2012,MN Samuels,7,14.6,76.91025641025655,17.571428571428573,1
2013,MN Samuels,8,14.4,93.83333333333348,15.5,5
2013,MN Samuels,9,13.8,94.27777777777791,14.333333333333334,3
2017,MN Samuels,10,7.6,66.94444444444458,13.2,1
2017,MN Samuels,11,2.6,49.27777777777792,12.090909090909092,1
2017,MN Samuels,12,2.2,46.77777777777792,11.166666666666666,27
2017,MN Samuels,13,7.4,51.32323232323247,12.384615384615385,0
2017,MP Stoinis,5,29.2,111.6621593509467,29.2,9
2017,MP Stoinis,6,24.4,96.81266102318747,25.833333333333332,1
2017,MP Stoinis,7,19.2,75.0582750582752,22.285714285714285,7
2018,MP Stoinis,8,20.6,90.61383061383076,20.375,22
2018,MP Stoinis,9,14.6,96.31080031080046,20.555555555555557,11
2018,MP Stoinis,10,10.0,89.846153846154,19.6,29
2018,MP Stoinis,11,14.0,112.25000000000014,20.454545454545453,23
2018,MP Stoinis,12,18.4,132.64215686274525,20.666666666666668,11
2018,MP Stoinis,13,19.2,130.8366013071897,19.923076923076923,2
2018,MP Stoinis,14,15.2,114.8366013071897,18.642857142857142,1
2019,MP Stoinis,15,13.2,100.39215686274524,17.466666666666665,31
2019,MP Stoinis,16,13.6,86.28501400560239,18.3125,28
2019,MP Stoinis,17,14.6,102.3031135531137,18.88235294117647,15
2019,MP Stoinis,18,15.4,106.20017237664311,18.666666666666668,28
2019,MP Stoinis,19,20.6,127.8668390433098,19.157894736842106,0
2019,MP Stoinis,20,20.4,117.8668390433098,18.2,17
2019,MP Stoinis,21,17.6,129.72398190045266,18.142857142857142,14
2019,MP Stoinis,22,14.8,108.1855203619911,17.954545454545453,46
2019,MP Stoinis,23,21.0,117.59728506787346,19.17391304347826,32
2019,MP Stoinis,24,21.8,108.19728506787347,19.708333333333332,0
2020/21,MP Stoinis,25,21.8,108.19728506787347,18.92,53
2020/21,MP Stoinis,26,29.0,120.28424158961259,20.23076923076923,6
2020/21,MP Stoinis,27,27.4,118.74578005115104,19.703703703703702,39
2020/21,MP Stoinis,28,26.0,116.84824684431992,20.392857142857142,10
2020/21,MP Stoinis,29,21.6,124.58158017765327,20.03448275862069,24
2020/21,MP Stoinis,30,26.4,158.86729446336753,20.166666666666668,1
2020/21,MP Stoinis,31,16.0,119.44700460829509,19.548387096774192,53
2020/21,MP Stoinis,32,25.4,135.9987287462261,20.59375,5
2020/21,MP Stoinis,33,18.6,125.12315270935974,20.12121212121212,13
2020/21,MP Stoinis,34,19.2,120.6787082649153,19.91176470588235,11
2020/21,MP Stoinis,35,16.6,110.83743842364547,19.65714285714286,2
2020/21,MP Stoinis,36,16.8,117.50410509031212,19.166666666666668,5
2020/21,MP Stoinis,37,7.2,114.28571428571442,18.783783783783782,18
2020/21,MP Stoinis,38,9.8,118.00000000000014,18.763157894736842,9
2020/21,MP Stoinis,39,9.0,105.47474747474762,18.512820512820515,65
2020/21,MP Stoinis,40,19.8,108.11363636363653,19.675,38
2020/21,MP Stoinis,41,27.0,122.92845117845134,20.121951219512194,0
2021,MP Stoinis,42,26.0,89.59511784511798,19.642857142857142,14
2021,MP Stoinis,43,25.2,99.59511784511798,19.511627906976745,0
2021,MP Stoinis,44,23.4,83.23148148148164,19.068181818181817,27
2021,MP Stoinis,45,15.8,97.68660968660984,19.244444444444444,2
2021,MP Stoinis,46,8.6,89.53846153846169,18.869565217391305,22
2021,MP Stoinis,47,13.0,115.42081447963815,18.93617021276596,6
2021,MP Stoinis,48,11.4,127.42081447963815,18.666666666666668,18
2022,MP Stoinis,49,15.0,142.42081447963815,18.653061224489797,38
2022,MP Stoinis,50,17.2,143.10457516339883,19.04,10
2022,MP Stoinis,51,18.8,145.32679738562106,18.862745098039216,24
2022,MP Stoinis,52,19.2,147.67973856209167,18.96153846153846,0
2022,MP Stoinis,53,18.0,107.67973856209167,18.60377358490566,1
2022,MP Stoinis,54,14.6,97.67973856209167,18.27777777777778,17
2022,MP Stoinis,55,10.4,74.34640522875831,18.254545454545454,28
2022,MP Stoinis,56,14.0,89.45751633986944,18.428571428571427,2
2022,MP Stoinis,57,9.6,81.22222222222237,18.140350877192983,27
2022,MP Stoinis,58,15.0,111.22222222222237,18.29310344827586,9
2023,MP Stoinis,59,16.6,121.22222222222237,18.135593220338983,12
2023,MP Stoinis,60,15.6,126.33333333333348,18.033333333333335,21
2023,MP Stoinis,61,14.2,112.33333333333348,18.081967213114755,10
2023,MP Stoinis,62,15.8,106.61904761904778,17.951612903225808,65
2023,MP Stoinis,63,23.4,118.5545314900155,18.6984126984127,15
2023,MP Stoinis,64,24.6,130.8272587627428,18.640625,21
2023,MP Stoinis,65,26.4,133.0772587627428,18.676923076923078,0
2023,MP Stoinis,66,22.2,109.74392542940946,18.393939393939394,72
2023,MP Stoinis,67,34.6,131.45821114369517,19.19402985074627,13
2023,MP Stoinis,68,24.2,103.2069377990432,19.102941176470587,6
2023,MP Stoinis,69,22.4,105.93421052631592,18.91304347826087,4
2023,MP Stoinis,70,19.0,88.57309941520482,18.7,40
2023,MP Stoinis,71,27.0,118.20272904483446,19.0,89
2023,MP Stoinis,72,30.4,117.80272904483445,19.97222222222222,0
2023,MP Stoinis,73,27.8,104.11851851851866,19.698630136986303,40
2024,MP Stoinis,74,34.6,101.7047254150704,19.972972972972972,3
2024,MP Stoinis,75,34.4,107.81583652618151,19.746666666666666,19
2024,MP Stoinis,76,30.2,109.85287356321854,19.736842105263158,24
2024,MP Stoinis,77,17.2,106.25287356321853,19.792207792207794,58
2024,MP Stoinis,78,28.8,133.22961774926506,20.28205128205128,8
2024,MP Stoinis,79,22.4,121.64341085271333,20.126582278481013,10
2024,MP Stoinis,80,23.8,146.64341085271332,20.0,8
2024,MP Stoinis,81,21.6,132.75452196382443,19.85185185185185,124
2024,MP Stoinis,82,41.6,138.9083681176706,21.121951219512194,0
2024,MP Stoinis,83,30.0,111.93162393162406,20.867469879518072,62
2024,MP Stoinis,84,40.8,122.88814567075451,21.357142857142858,36
2024,MP Stoinis,85,46.0,115.61541839802726,21.529411764705884,3
2024,MP Stoinis,86,45.0,109.83764062024947,21.313953488372093,5
2024,MP Stoinis,87,21.2,85.9695087521176,21.126436781609197,28
2013,MR Marsh,5,15.6,85.52944862155402,15.6,7
2013,MR Marsh,6,14.0,107.1961152882207,14.166666666666666,15
2013,MR Marsh,7,14.4,126.84523809523823,14.285714285714286,38
2013,MR Marsh,8,19.8,142.32600732600747,17.25,2
2013,MR Marsh,9,19.8,145.6593406593408,15.555555555555555,14
2013,MR Marsh,10,15.2,140.7692307692309,15.4,24
2013,MR Marsh,11,18.6,114.10256410256424,16.181818181818183,35
2013,MR Marsh,12,22.6,112.58741258741273,17.75,5
2016,MR Marsh,13,16.0,95.8566433566435,16.76923076923077,7
2020/21,MR Marsh,14,17.0,98.58391608391624,16.071428571428573,0
2022,MR Marsh,15,14.2,77.04545454545469,15.0,14
2022,MR Marsh,16,12.2,68.71212121212136,14.9375,13
2022,MR Marsh,17,7.8,74.03679653679669,14.823529411764707,37
2022,MR Marsh,18,14.2,98.53679653679669,16.055555555555557,10
2022,MR Marsh,19,14.8,114.38095238095252,15.736842105263158,25
2022,MR Marsh,20,19.8,139.38095238095252,16.2,89
2022,MR Marsh,21,34.8,155.52678571428586,19.666666666666668,63
2022,MR Marsh,22,44.8,144.09821428571445,21.636363636363637,0
2023,MR Marsh,23,37.4,107.09821428571445,20.695652173913043,0
2023,MR Marsh,24,35.4,78.52678571428586,19.833333333333332,4
2023,MR Marsh,25,31.2,73.52678571428586,19.2,0
2023,MR Marsh,26,13.4,45.714285714285865,18.46153846153846,2
2023,MR Marsh,27,1.2,24.444444444444592,17.85185185185185,25
2023,MR Marsh,28,6.2,57.77777777777793,18.107142857142858,63
2023,MR Marsh,29,18.8,90.08547008547023,19.655172413793103,26
2023,MR Marsh,30,23.2,100.67370537958789,19.866666666666667,5
2023,MR Marsh,31,24.2,125.67370537958789,19.387096774193548,3
2024,MR Marsh,32,24.4,136.22926093514346,18.875,20
2024,MR Marsh,33,23.4,131.46735617323867,18.90909090909091,23
2024,MR Marsh,34,15.4,137.4929971988797,19.029411764705884,18
2024,MR Marsh,35,13.8,134.59706959706975,19.0,0
2009/10,MS Bisla,5,23.8,86.33705475810754,23.8,22
2009/10,MS Bisla,6,27.8,95.38467380572658,23.5,11
2009/10,MS Bisla,7,15.0,90.11194653299931,21.714285714285715,28
2009/10,MS Bisla,8,20.6,110.85268727374005,22.5,18
2009/10,MS Bisla,9,22.8,122.9894394104922,22.0,20
2011,MS Bisla,10,19.8,112.81400081400095,21.8,27
2011,MS Bisla,11,20.8,115.72040475488765,22.272727272727273,19
2011,MS Bisla,12,22.4,111.81564285012576,22.0,1
2011,MS Bisla,13,17.0,96.07490210938502,20.384615384615383,9
2011,MS Bisla,14,15.2,76.56441259889552,19.571428571428573,16
2012,MS Bisla,15,14.4,72.75488878937169,19.333333333333332,46
2012,MS Bisla,16,18.2,85.85833706523377,21.0,29
2012,MS Bisla,17,20.2,85.88809896999567,21.470588235294116,27
2012,MS Bisla,18,25.4,100.88809896999567,21.77777777777778,11
2012,MS Bisla,19,25.8,107.37294745484414,21.210526315789473,10
2012,MS Bisla,20,24.6,98.80151888341558,20.65,1
2012,MS Bisla,21,15.6,77.0773809523811,19.714285714285715,89
2013,MS Bisla,22,27.6,93.18315018315032,22.863636363636363,4
2013,MS Bisla,23,23.0,82.0720390720392,22.043478260869566,1
2013,MS Bisla,24,21.0,70.73870573870587,21.166666666666668,1
2013,MS Bisla,25,19.2,59.78632478632492,20.36,28
2013,MS Bisla,26,24.6,73.11965811965827,20.653846153846153,0
2013,MS Bisla,27,6.8,38.88888888888904,19.88888888888889,51
2013,MS Bisla,28,16.2,52.66666666666681,21.0,92
2013,MS Bisla,29,34.4,78.08333333333348,23.448275862068964,4
2013,MS Bisla,30,35.0,84.75000000000016,22.8,29
2013,MS Bisla,31,35.2,83.72435897435912,23.0,17
2013,MS Bisla,32,38.6,101.6190958164644,22.8125,12
2013,MS Bisla,33,30.8,97.41396761133618,22.484848484848484,0
2013,MS Bisla,34,12.4,68.66396761133618,21.823529411764707,1
2013,MS Bisla,35,11.8,61.997300944669504,21.228571428571428,15
2014,MS Bisla,36,9.0,55.47908232118773,21.055555555555557,3
2015,MS Bisla,37,6.2,44.25101214574913,20.56756756756757,20
2015,MS Bisla,38,7.8,50.78947368421067,20.55263157894737,17
2007/08,MS Dhoni,5,34.4,145.27192956035475,34.4,1
2007/08,MS Dhoni,6,34.2,134.79573908416427,28.833333333333332,23
2007/08,MS Dhoni,7,32.8,113.87662143710546,28.0,33
2007/08,MS Dhoni,8,30.8,102.02476958525361,28.625,60
2007/08,MS Dhoni,9,29.8,87.36201298701313,32.111111111111114,43
2007/08,MS Dhoni,10,32.0,87.74811337311351,33.2,4
2007/08,MS Dhoni,11,32.6,94.89097051597066,30.545454545454547,12
2007/08,MS Dhoni,12,30.4,110.51597051597066,29.0,37
2007/08,MS Dhoni,13,31.2,117.92337792337807,29.615384615384617,29
2009,MS Dhoni,14,25.0,124.76829770947434,29.571428571428573,36
2009,MS Dhoni,15,23.6,129.21736215853878,30.0,16
2009,MS Dhoni,16,26.0,140.5506954918721,29.125,5
2009,MS Dhoni,17,24.6,124.8364097775864,27.705882352941178,22
2009,MS Dhoni,18,21.6,115.76233570351232,27.38888888888889,22
2009,MS Dhoni,19,20.2,104.8025833815309,27.105263157894736,6
2009,MS Dhoni,20,14.2,92.1102756892232,26.05,58
2009,MS Dhoni,21,22.6,100.52053209947961,27.571428571428573,56
2009,MS Dhoni,22,32.8,127.71629929524681,28.863636363636363,18
2009,MS Dhoni,23,32.0,127.38296596191348,28.391304347826086,23
2009,MS Dhoni,24,32.2,124.22507122507136,28.166666666666668,40
2009,MS Dhoni,25,39.0,135.89173789173802,28.64,2
2009,MS Dhoni,26,27.8,126.14814814814827,27.615384615384617,28
2009/10,MS Dhoni,27,22.2,103.33333333333348,27.62962962962963,42
2009/10,MS Dhoni,28,27.0,113.33333333333348,28.142857142857142,66
2009/10,MS Dhoni,29,35.6,133.33333333333348,29.448275862068964,21
2009/10,MS Dhoni,30,31.8,126.66666666666683,29.166666666666668,14
2009/10,MS Dhoni,31,34.2,120.66666666666683,28.677419354838708,0
2009/10,MS Dhoni,32,28.6,102.00000000000014,27.78125,31
2009/10,MS Dhoni,33,26.4,108.4444444444446,27.87878787878788,7
2009/10,MS Dhoni,34,14.6,79.21367521367537,27.264705882352942,0
2009/10,MS Dhoni,35,10.4,59.213675213675366,26.485714285714284,54
2009/10,MS Dhoni,36,18.4,82.4550545240202,27.25,30
2009/10,MS Dhoni,37,24.4,100.63687270583837,27.324324324324323,22
2011,MS Dhoni,38,22.6,95.52576159472726,27.18421052631579,29
2011,MS Dhoni,39,27.0,112.37557844454409,27.23076923076923,43
2011,MS Dhoni,40,35.6,155.3755784445441,27.625,22
2011,MS Dhoni,41,29.2,145.6341991341993,27.48780487804878,14
2011,MS Dhoni,42,26.0,148.99084249084262,27.166666666666668,3
2011,MS Dhoni,43,22.2,129.6575091575093,26.6046511627907,26
2011,MS Dhoni,44,21.6,126.80036630036645,26.59090909090909,21
2011,MS Dhoni,45,17.2,102.89127539127553,26.466666666666665,41
2011,MS Dhoni,46,21.0,118.54917012811765,26.782608695652176,63
2011,MS Dhoni,47,30.8,137.6558698799787,27.5531914893617,9
2011,MS Dhoni,48,32.0,157.6558698799787,27.166666666666668,70
2011,MS Dhoni,49,40.8,167.89396511807394,28.040816326530614,29
2011,MS Dhoni,50,42.4,179.32937181663854,28.06,22
2012,MS Dhoni,51,38.6,170.01763092595027,27.941176470588236,4
2012,MS Dhoni,52,26.8,142.705802968961,27.48076923076923,7
2012,MS Dhoni,53,26.4,126.70580296896101,27.09433962264151,11
2012,MS Dhoni,54,14.6,103.92802519118325,26.796296296296298,41
2012,MS Dhoni,55,17.0,104.94017094017109,27.054545454545455,26
2012,MS Dhoni,56,17.8,89.6654456654458,27.035714285714285,28
2012,MS Dhoni,57,22.6,122.99877899877916,27.05263157894737,15
2012,MS Dhoni,58,24.2,133.99877899877916,26.844827586206897,1
2012,MS Dhoni,59,22.2,126.77655677655693,26.406779661016948,34
2012,MS Dhoni,60,20.8,117.90476190476204,26.533333333333335,34
2012,MS Dhoni,61,22.4,123.61904761904778,26.65573770491803,25
2012,MS Dhoni,62,21.8,110.28571428571442,26.629032258064516,10
2012,MS Dhoni,63,20.8,97.05042016806736,26.365079365079364,28
2012,MS Dhoni,64,26.2,118.71708683473403,26.390625,6
2012,MS Dhoni,65,20.6,103.55042016806738,26.076923076923077,51
2012,MS Dhoni,66,24.0,130.2647058823531,26.454545454545453,23
2012,MS Dhoni,67,23.6,142.93137254901973,26.402985074626866,14
2013,MS Dhoni,68,24.4,159.1666666666668,26.220588235294116,51
2013,MS Dhoni,69,29.0,166.50000000000014,26.579710144927535,33
2013,MS Dhoni,70,34.4,185.40000000000015,26.67142857142857,10
2013,MS Dhoni,71,26.2,149.7846153846155,26.43661971830986,44
2013,MS Dhoni,72,30.4,140.4512820512822,26.680555555555557,9
2013,MS Dhoni,73,29.4,138.1655677655679,26.438356164383563,21
2013,MS Dhoni,74,23.4,128.87145011850907,26.364864864864863,67
2013,MS Dhoni,75,30.2,137.73460801324592,26.906666666666666,18
2013,MS Dhoni,76,31.8,150.04230032093824,26.789473684210527,45
2013,MS Dhoni,77,32.0,169.62563365427158,27.025974025974026,2
2013,MS Dhoni,78,30.6,163.91134793998586,26.705128205128204,10
2013,MS Dhoni,79,28.4,155.87213225371133,26.49367088607595,4
2013,MS Dhoni,80,15.8,147.27564102564116,26.2125,2
2013,MS Dhoni,81,12.6,132.9166666666668,25.91358024691358,58
2013,MS Dhoni,82,15.2,109.80952380952394,26.304878048780488,24
2013,MS Dhoni,83,19.6,133.4458874458876,26.27710843373494,63
2014,MS Dhoni,84,30.2,142.49350649350663,26.714285714285715,26
2014,MS Dhoni,85,34.6,163.09956709956725,26.705882352941178,32
2014,MS Dhoni,86,40.6,192.4329004329006,26.767441860465116,5
2014,MS Dhoni,87,30.0,171.79004329004346,26.517241379310345,14
2014,MS Dhoni,88,28.0,153.60822510822527,26.375,13
2014,MS Dhoni,89,18.0,146.4653679653681,26.224719101123597,22
2014,MS Dhoni,90,17.2,125.0749936338173,26.177777777777777,12
2014,MS Dhoni,91,13.2,130.40832696715066,26.021978021978022,23
2014,MS Dhoni,92,16.8,140.90832696715063,25.98913043478261,22
2014,MS Dhoni,93,18.4,144.7871148459385,25.946236559139784,26
2014,MS Dhoni,94,21.0,156.80392156862757,25.9468085106383,7
2014,MS Dhoni,95,18.0,154.25490196078445,25.74736842105263,21
2014,MS Dhoni,96,19.8,134.25490196078445,25.697916666666668,57
2014,MS Dhoni,97,26.6,138.3977591036416,26.02061855670103,49
2014,MS Dhoni,98,32.0,144.06442577030828,26.255102040816325,42
2015,MS Dhoni,99,35.2,138.1820728291318,26.414141414141415,30
2015,MS Dhoni,100,39.8,137.07096171802067,26.45,53
2015,MS Dhoni,101,46.2,145.62268585595172,26.712871287128714,1
2015,MS Dhoni,102,35.0,123.47982871309459,26.46078431372549,3
2015,MS Dhoni,103,25.8,98.47982871309458,26.233009708737864,31
2015,MS Dhoni,104,23.6,90.08973583383761,26.278846153846153,13
2015,MS Dhoni,105,20.2,86.43894218304396,26.152380952380952,41
2015,MS Dhoni,106,17.8,79.17293233082721,26.29245283018868,3
2015,MS Dhoni,107,18.2,82.74436090225578,26.074766355140188,20
2015,MS Dhoni,108,21.6,97.74436090225579,26.01851851851852,29
2015,MS Dhoni,109,21.2,113.6507936507938,26.045871559633028,39
2015,MS Dhoni,110,26.4,119.45436507936522,26.163636363636364,13
2015,MS Dhoni,111,20.8,127.3115079365081,26.045045045045047,27
2015,MS Dhoni,112,25.6,141.2400793650795,26.053571428571427,25
2015,MS Dhoni,113,26.6,147.4900793650795,26.04424778761062,0
2015,MS Dhoni,114,20.8,115.2678571428573,25.81578947368421,26
2015,MS Dhoni,115,18.2,108.82389162561591,25.817391304347826,18
2016,MS Dhoni,116,19.2,99.37334217506645,25.75,22
2016,MS Dhoni,117,18.2,120.87334217506645,25.71794871794872,1
2016,MS Dhoni,118,13.4,99.62334217506647,25.508474576271187,41
2016,MS Dhoni,119,21.6,120.12334217506645,25.638655462184875,23
2016,MS Dhoni,120,21.0,140.52564102564116,25.616666666666667,5
2016,MS Dhoni,121,18.4,137.83333333333348,25.446280991735538,30
2016,MS Dhoni,122,20.0,123.83333333333348,25.483606557377048,24
2016,MS Dhoni,123,24.6,133.03333333333347,25.471544715447155,27
2016,MS Dhoni,124,21.8,139.53333333333347,25.483870967741936,9
2016,MS Dhoni,125,19.0,121.20000000000013,25.352,30
2016,MS Dhoni,126,24.0,126.20000000000013,25.38888888888889,8
2016,MS Dhoni,127,19.6,103.47272727272741,25.251968503937007,64
2017,MS Dhoni,128,27.6,119.82828282828298,25.5546875,12
2017,MS Dhoni,129,24.6,112.82828282828298,25.449612403100776,5
2017,MS Dhoni,130,23.8,100.52059052059067,25.29230769230769,11
2017,MS Dhoni,131,20.0,86.23487623487638,25.18320610687023,5
2017,MS Dhoni,132,19.4,91.4621489621491,25.03030303030303,28
2017,MS Dhoni,133,12.2,77.44505494505509,25.05263157894737,61
2017,MS Dhoni,134,22.0,92.30219780219795,25.32089552238806,7
2017,MS Dhoni,135,22.4,97.33716283716299,25.185185185185187,23
2017,MS Dhoni,136,24.8,123.4410589410591,25.169117647058822,21
2017,MS Dhoni,137,28.0,135.64694129400027,25.138686131386862,26
2017,MS Dhoni,138,27.6,128.96562261268159,25.144927536231883,5
2017,MS Dhoni,139,16.4,105.21959086664984,25.0,31
2017,MS Dhoni,140,21.2,119.44883987850756,25.042857142857144,5
2017,MS Dhoni,141,17.6,97.63065806032573,24.900709219858157,40
2017,MS Dhoni,142,21.4,100.51098260393628,25.007042253521128,10
2018,MS Dhoni,143,18.2,101.03845513140882,24.902097902097903,5
2018,MS Dhoni,144,18.2,109.92734402029771,24.76388888888889,25
2018,MS Dhoni,145,17.0,99.63748894783393,24.76551724137931,79
2018,MS Dhoni,146,31.8,113.25451022442967,25.136986301369863,5
2018,MS Dhoni,147,24.8,119.0016366612113,25.0,25
2018,MS Dhoni,148,27.8,145.28368794326258,25.0,70
2018,MS Dhoni,149,40.8,161.1811238406985,25.302013422818792,26
2018,MS Dhoni,150,41.0,167.1231528262057,25.30666666666667,51
2018,MS Dhoni,151,35.4,179.86976791324633,25.47682119205298,43
2018,MS Dhoni,152,43.0,180.936434579913,25.592105263157894,31
2018,MS Dhoni,153,44.2,163.11592175940018,25.627450980392158,33
2018,MS Dhoni,154,36.8,153.6184858619643,25.675324675324674,20
2018,MS Dhoni,155,35.6,157.67645687645702,25.638709677419357,17
2018,MS Dhoni,156,28.8,126.09542920847282,25.583333333333332,16
2018,MS Dhoni,157,23.4,137.40971492275852,25.522292993630572,9
2019,MS Dhoni,158,19.0,123.03724528713101,25.417721518987342,32
2019,MS Dhoni,159,18.8,114.4150230649088,25.459119496855347,75
2019,MS Dhoni,160,29.8,118.36060129620132,25.76875,12
2019,MS Dhoni,161,28.8,114.48708350964004,25.683229813664596,37
2019,MS Dhoni,162,33.0,98.37279779535433,25.753086419753085,58
2019,MS Dhoni,163,42.8,115.26274994846437,25.950920245398773,16
2019,MS Dhoni,164,39.6,122.10035678607122,25.890243902439025,84
2019,MS Dhoni,165,41.4,126.48811188811203,26.242424242424242,44
2019,MS Dhoni,166,47.8,155.57902097902112,26.349397590361445,10
2019,MS Dhoni,167,42.4,142.64568764568781,26.251497005988025,37
2019,MS Dhoni,168,38.2,141.7992926613618,26.31547619047619,9
2019,MS Dhoni,169,36.8,137.18390804597715,26.21301775147929,2
2020/21,MS Dhoni,170,20.4,107.18390804597716,26.070588235294117,0
2020/21,MS Dhoni,171,11.6,67.18390804597716,25.91812865497076,29
2020/21,MS Dhoni,172,15.4,84.63488843813403,25.936046511627907,11
2020/21,MS Dhoni,173,10.2,77.450980392157,25.84971098265896,3
2020/21,MS Dhoni,174,9.0,69.450980392157,25.7183908045977,47
2020/21,MS Dhoni,175,18.0,89.85638579756241,25.84,16
2020/21,MS Dhoni,176,21.2,107.6341635753402,25.78409090909091,10
2020/21,MS Dhoni,177,17.4,106.84984984984999,25.694915254237287,21
2020/21,MS Dhoni,178,19.4,120.82420882420897,25.668539325842698,28
2020/21,MS Dhoni,179,24.4,128.82420882420897,25.681564245810055,1
2020/21,MS Dhoni,180,15.2,108.41880341880355,25.544444444444444,15
2020/21,MS Dhoni,181,15.0,115.64102564102579,25.486187845303867,19
2021,MS Dhoni,182,16.8,100.40293040293055,25.45054945054945,0
2021,MS Dhoni,183,12.6,68.09523809523824,25.311475409836067,18
2021,MS Dhoni,184,10.6,69.27170868347353,25.27173913043478,17
2021,MS Dhoni,185,13.8,98.27170868347353,25.227027027027027,2
2021,MS Dhoni,186,11.2,86.60504201680688,25.102150537634408,14
2021,MS Dhoni,187,10.2,91.8431372549021,25.0427807486631,12
2021,MS Dhoni,188,12.6,107.8431372549021,24.97340425531915,1
2021,MS Dhoni,189,9.2,91.66666666666681,24.84656084656085,3
2021,MS Dhoni,190,6.4,69.66666666666681,24.731578947368423,18
2021,MS Dhoni,191,9.6,69.66666666666683,24.69633507853403,11
2021,MS Dhoni,192,9.0,70.77777777777793,24.625,18
2022,MS Dhoni,193,10.2,106.20634920634936,24.590673575129532,50
2022,MS Dhoni,194,20.0,127.52213868003358,24.721649484536083,16
2022,MS Dhoni,195,22.6,168.8554720133669,24.676923076923078,23
2022,MS Dhoni,196,23.6,171.38420764555082,24.668367346938776,3
2022,MS Dhoni,197,22.0,156.93976320110636,24.558375634517766,28
2022,MS Dhoni,198,24.0,145.51119177253491,24.575757575757574,12
2022,MS Dhoni,199,16.4,145.86206896551738,24.512562814070353,8
2022,MS Dhoni,200,14.8,115.38587848932688,24.43,2
2022,MS Dhoni,201,10.6,112.85714285714297,24.318407960199004,21
2022,MS Dhoni,202,14.2,144.85714285714297,24.301980198019802,36
2022,MS Dhoni,203,15.8,124.31660231660244,24.35960591133005,7
2022,MS Dhoni,204,14.8,111.64993564993578,24.274509803921568,26
2023,MS Dhoni,205,18.4,106.72382727555154,24.28292682926829,14
2023,MS Dhoni,206,20.8,133.39049394221823,24.233009708737864,12
2023,MS Dhoni,207,19.0,171.39049394221823,24.17391304347826,32
2023,MS Dhoni,208,18.2,185.61524500907456,24.21153846153846,1
2023,MS Dhoni,209,17.0,191.61524500907456,24.10047846889952,2
2023,MS Dhoni,210,12.2,187.01754385964927,23.995238095238093,13
2023,MS Dhoni,211,12.0,212.01754385964924,23.94312796208531,2
2023,MS Dhoni,212,10.0,145.35087719298258,23.839622641509433,20
2023,MS Dhoni,213,7.6,148.03030303030317,23.821596244131456,2
2023,MS Dhoni,214,7.8,138.03030303030317,23.7196261682243,5
2023,MS Dhoni,215,8.4,144.69696969696983,23.632558139534883,1
2023,MS Dhoni,216,6.0,89.69696969696983,23.52777777777778,0
2024,MS Dhoni,217,5.6,76.36363636363652,23.419354838709676,37
2024,MS Dhoni,218,9.0,78.94736842105276,23.48165137614679,1
2024,MS Dhoni,219,8.8,78.94736842105276,23.378995433789953,1
2024,MS Dhoni,220,8.0,65.61403508771943,23.277272727272727,20
2024,MS Dhoni,221,11.8,155.61403508771943,23.262443438914026,28
2024,MS Dhoni,222,17.4,202.28070175438611,23.283783783783782,4
2024,MS Dhoni,223,10.8,243.33333333333348,23.19730941704036,5
2024,MS Dhoni,224,11.6,283.3333333333335,23.116071428571427,14
2024,MS Dhoni,225,14.2,298.20512820512835,23.075555555555557,0
2024,MS Dhoni,226,10.2,198.20512820512835,22.97345132743363,26
2024,MS Dhoni,227,9.8,198.81118881118897,22.986784140969164,25
2009,MS Gony,5,7.0,124.33333333333346,7.0,6
2009,MS Gony,6,8.0,179.33333333333346,6.833333333333333,7
2009/10,MS Gony,7,6.4,157.33333333333346,6.857142857142857,2
2011,MS Gony,8,4.2,119.71428571428585,6.25,0
2011,MS Gony,9,3.4,103.71428571428585,5.555555555555555,0
2012,MS Gony,10,3.0,93.71428571428585,5.0,4
2013,MS Gony,11,2.6,43.71428571428585,4.909090909090909,42
2013,MS Gony,12,9.6,59.92481203007533,8.0,0
2013,MS Gony,13,9.2,54.210526315789615,7.384615384615385,0
2013,MS Gony,14,9.2,54.210526315789615,6.857142857142857,3
2022,MS Wade,5,10.6,73.77777777777791,10.6,6
2022,MS Wade,6,11.2,75.92063492063505,9.833333333333334,19
2022,MS Wade,7,13.4,76.23809523809537,11.142857142857142,12
2022,MS Wade,8,13.6,105.23809523809537,11.25,10
2022,MS Wade,9,9.6,113.80952380952394,11.11111111111111,20
2022,MS Wade,10,13.4,128.80952380952394,12.0,16
2022,MS Wade,11,15.4,136.28205128205144,12.363636363636363,35
2022,MS Wade,12,18.6,140.06181318681334,14.25,8
2024,MS Wade,13,17.8,114.60726773226789,13.76923076923077,4
2007/08,MV Boucher,5,17.0,109.5311942959003,17.0,50
2007/08,MV Boucher,6,25.6,121.80392156862759,22.5,18
2007/08,MV Boucher,7,21.4,106.80392156862759,21.857142857142858,39
2007/08,MV Boucher,8,28.4,122.44028520499123,24.0,17
2007/08,MV Boucher,9,31.0,131.77361853832457,23.22222222222222,16
2009,MV Boucher,10,28.0,118.1601731601733,22.5,36
2009,MV Boucher,11,25.2,117.98775936706984,23.727272727272727,25
2009,MV Boucher,12,26.6,132.4492978286083,23.833333333333332,2
2009,MV Boucher,13,19.2,118.81293419224467,22.153846153846153,6
2009,MV Boucher,14,17.0,111.14626752557801,21.0,48
2009,MV Boucher,15,23.4,114.2350706143811,22.8,13
2009,MV Boucher,16,18.8,115.40748440748455,22.1875,5
2009,MV Boucher,17,14.8,96.94594594594608,21.176470588235293,10
2009,MV Boucher,18,16.4,109.16816816816831,20.555555555555557,5
2009/10,MV Boucher,19,16.2,110.83483483483496,19.736842105263158,11
2009/10,MV Boucher,20,8.8,116.31746031746044,19.3,2
2011,MV Boucher,21,6.6,103.65079365079377,18.476190476190474,5
2011,MV Boucher,22,6.6,108.65079365079377,17.863636363636363,1
2023,MW Short,5,18.0,104.43290043290058,18.0,27
2011,Mandeep Singh,5,6.6,81.61038961038973,6.6,11
2011,Mandeep Singh,6,8.0,101.61038961038975,7.333333333333333,7
2012,Mandeep Singh,7,9.4,119.11038961038973,7.285714285714286,34
2012,Mandeep Singh,8,15.0,135.40129870129883,10.625,24
2012,Mandeep Singh,9,18.2,123.40129870129883,12.11111111111111,10
2012,Mandeep Singh,10,17.2,116.12857142857156,11.9,38
2012,Mandeep Singh,11,22.6,107.05294117647072,14.272727272727273,6
2012,Mandeep Singh,12,22.4,101.55294117647072,13.583333333333334,20
2012,Mandeep Singh,13,19.6,101.01960784313738,14.076923076923077,24
2012,Mandeep Singh,14,19.6,103.87675070028024,14.785714285714286,22
2012,Mandeep Singh,15,22.0,111.37675070028024,15.266666666666667,56
2012,Mandeep Singh,16,25.6,110.15588499550776,17.8125,43
2012,Mandeep Singh,17,33.0,125.89782047937874,19.294117647058822,7
2012,Mandeep Singh,18,30.4,122.56448714604542,18.61111111111111,75
2012,Mandeep Singh,19,40.6,129.70734428890256,21.57894736842105,28
2012,Mandeep Singh,20,41.8,130.20734428890256,21.9,21
2012,Mandeep Singh,21,34.8,144.07526881720443,21.857142857142858,24
2012,Mandeep Singh,22,31.0,139.19047619047632,21.954545454545453,0
2013,Mandeep Singh,23,29.6,115.85714285714297,21.0,31
2013,Mandeep Singh,24,20.8,108.82010582010597,21.416666666666668,9
2013,Mandeep Singh,25,17.0,98.82010582010597,20.92,2
2013,Mandeep Singh,26,13.2,68.2645502645504,20.192307692307693,41
2013,Mandeep Singh,27,16.6,72.74074074074088,20.962962962962962,10
2013,Mandeep Singh,28,18.6,89.40740740740755,20.571428571428573,77
2013,Mandeep Singh,29,27.8,92.99616858237562,22.517241379310345,25
2013,Mandeep Singh,30,31.0,99.99616858237562,22.6,9
2013,Mandeep Singh,31,32.4,115.55172413793119,22.161290322580644,15
2013,Mandeep Singh,32,27.2,108.21839080459783,21.9375,0
2013,Mandeep Singh,33,25.2,91.55172413793116,21.272727272727273,0
2013,Mandeep Singh,34,9.8,65.00000000000014,20.647058823529413,24
2013,Mandeep Singh,35,9.6,70.00000000000014,20.742857142857144,16
2013,Mandeep Singh,36,11.0,76.6666666666668,20.61111111111111,1
2014,Mandeep Singh,37,8.2,60.6666666666668,20.08108108108108,3
2014,Mandeep Singh,38,8.8,68.1666666666668,19.63157894736842,21
2014,Mandeep Singh,39,13.0,92.87254901960799,19.666666666666668,0
2015,Mandeep Singh,40,8.2,62.87254901960798,19.175,6
2015,Mandeep Singh,41,6.2,76.2058823529413,18.853658536585368,0
2015,Mandeep Singh,42,6.0,72.2058823529413,18.404761904761905,27
2015,Mandeep Singh,43,10.8,90.42016806722702,18.6046511627907,45
2015,Mandeep Singh,44,15.6,115.71428571428585,19.204545454545453,20
2015,Mandeep Singh,45,19.6,144.28571428571442,19.22222222222222,1
2015,Mandeep Singh,46,18.6,110.95238095238108,18.82608695652174,54
2015,Mandeep Singh,47,29.4,141.80952380952394,19.574468085106382,4
2017,Mandeep Singh,48,24.8,127.52380952380966,19.25,24
2017,Mandeep Singh,49,20.6,107.52380952380966,19.346938775510203,12
2017,Mandeep Singh,50,19.0,102.95238095238108,19.2,28
2017,Mandeep Singh,51,24.4,112.75630252100855,19.372549019607842,0
2017,Mandeep Singh,52,13.6,81.89915966386567,19.0,0
2017,Mandeep Singh,53,12.8,70.47058823529426,18.641509433962263,1
2017,Mandeep Singh,54,8.2,47.13725490196092,18.314814814814813,8
2017,Mandeep Singh,55,7.4,34.565826330532346,18.12727272727273,17
2017,Mandeep Singh,56,5.2,44.24908424908438,18.107142857142858,46
2017,Mandeep Singh,57,14.4,67.24908424908438,18.596491228070175,52
2018,Mandeep Singh,58,24.8,90.88544788544802,19.17241379310345,37
2018,Mandeep Singh,59,32.0,125.32989232989246,19.47457627118644,22
2018,Mandeep Singh,60,34.8,135.90132090132104,19.516666666666666,47
2018,Mandeep Singh,61,40.8,147.34747474747488,19.9672131147541,16
2018,Mandeep Singh,62,34.8,144.34747474747488,19.903225806451612,17
2018,Mandeep Singh,63,27.8,154.71111111111125,19.857142857142858,32
2018,Mandeep Singh,64,26.8,147.28421052631592,20.046875,19
2018,Mandeep Singh,65,26.2,150.61754385964923,20.03076923076923,14
2018,Mandeep Singh,66,19.6,141.01754385964924,19.939393939393938,7
2018,Mandeep Singh,67,17.8,131.78677462887998,19.746268656716417,21
2018,Mandeep Singh,68,18.6,116.04764419409739,19.764705882352942,13
2018,Mandeep Singh,69,14.8,100.93486223921018,19.666666666666668,4
2018,Mandeep Singh,70,11.8,88.93486223921019,19.442857142857143,3
2019,Mandeep Singh,71,9.6,75.93486223921019,19.211267605633804,5
2019,Mandeep Singh,72,9.2,115.16563146997942,19.01388888888889,33
2019,Mandeep Singh,73,11.6,140.90476190476204,19.205479452054796,29
2019,Mandeep Singh,74,14.8,148.6969696969698,19.33783783783784,1
2019,Mandeep Singh,75,14.2,155.3636363636365,19.093333333333334,2
2019,Mandeep Singh,76,14.0,153.69696969696983,18.86842105263158,7
2019,Mandeep Singh,77,14.4,150.3636363636365,18.714285714285715,18
2019,Mandeep Singh,78,11.4,127.54010695187178,18.705128205128204,0
2019,Mandeep Singh,79,5.6,101.17647058823542,18.468354430379748,30
2019,Mandeep Singh,80,11.4,103.39869281045765,18.6125,4
2019,Mandeep Singh,81,11.8,110.06535947712432,18.432098765432098,25
2019,Mandeep Singh,82,15.4,92.81045751634,18.51219512195122,11
2020/21,Mandeep Singh,83,14.0,96.07843137254915,18.42168674698795,17
2020/21,Mandeep Singh,84,17.4,120.36414565826342,18.404761904761905,14
2020/21,Mandeep Singh,85,14.2,116.80859010270788,18.352941176470587,27
2020/21,Mandeep Singh,86,18.8,130.55859010270788,18.453488372093023,66
2020/21,Mandeep Singh,87,27.0,124.30472013366764,19.0,0
2020/21,Mandeep Singh,88,24.8,99.86027568922319,18.78409090909091,0
2020/21,Mandeep Singh,89,21.4,75.5745614035089,18.573033707865168,6
2021,Mandeep Singh,90,19.8,74.05075187969938,18.433333333333334,15
2022,Mandeep Singh,91,17.4,61.72932330827079,18.395604395604394,0
2022,Mandeep Singh,92,4.2,38.5714285714287,18.195652173913043,18
2022,Mandeep Singh,93,7.8,59.74789915966399,18.193548387096776,0
2023,Mandeep Singh,94,7.8,59.74789915966399,18.0,2
2023,Mandeep Singh,95,7.0,52.60504201680685,17.83157894736842,0
2023,Mandeep Singh,96,4.0,31.176470588235418,17.645833333333332,12
2007/08,Misbah-ul-Haq,5,12.6,96.7857142857144,12.6,47
2007/08,Misbah-ul-Haq,6,15.2,110.10000000000011,18.333333333333332,4
2007/08,Misbah-ul-Haq,7,14.4,103.43333333333344,16.285714285714285,3
2007/08,Mohammad Hafeez,5,9.8,95.00000000000011,9.8,5
2007/08,Mohammad Hafeez,6,9.8,70.00000000000011,9.0,6
2007/08,Mohammad Hafeez,7,8.4,70.00000000000011,8.571428571428571,4
2019,Mohammad Nabi,5,9.6,134.82539682539692,9.6,12
2019,Mohammad Nabi,6,11.6,155.77777777777789,10.0,20
2019,Mohammad Nabi,7,12.8,158.54700854700866,11.428571428571429,37
2019,Mohammad Nabi,8,19.4,152.18337218337228,14.625,4
2019,Mohammad Nabi,9,16.8,141.07226107226117,13.444444444444445,20
2020/21,Mohammad Nabi,10,18.6,156.12720612720622,14.1,11
2021,Mohammad Nabi,11,18.4,149.34149184149197,13.818181818181818,14
2021,Mohammad Nabi,12,17.2,140.11072261072272,13.833333333333334,17
2021,Mohammad Nabi,13,13.2,174.47435897435906,14.076923076923077,3
2024,Mohammad Nabi,14,13.0,162.80769230769243,13.285714285714286,4
2024,Mohammad Nabi,15,9.8,143.46703296703308,12.666666666666666,0
2024,Mohammad Nabi,16,7.6,115.96703296703308,11.875,23
2024,Mohammad Nabi,17,9.4,121.48739495798331,12.529411764705882,7
2024,Mohammad Nabi,18,7.4,88.48739495798331,12.222222222222221,1
2016,Mohammed Shami,5,1.6,45.000000000000114,1.6,0
2016,Mohammed Shami,6,0.6,35.000000000000114,1.3333333333333333,2
2017,Mohammed Shami,7,0.8,43.33333333333344,1.4285714285714286,0
2017,Mohammed Shami,8,0.6,23.333333333333446,1.25,2
2017,Mohammed Shami,9,0.8,23.333333333333446,1.3333333333333333,7
2017,Mohammed Shami,10,2.2,58.33333333333344,1.9,4
2017,Mohammed Shami,11,3.0,98.33333333333344,2.090909090909091,2
2017,Mohammed Shami,12,3.0,95.00000000000011,2.0833333333333335,21
2018,Mohammed Shami,13,7.2,141.6666666666668,3.5384615384615383,7
2019,Mohammed Shami,14,8.2,155.0000000000001,3.7857142857142856,0
2019,Mohammed Shami,15,6.8,120.00000000000011,3.533333333333333,1
2020/21,Mohammed Shami,16,6.2,100.00000000000013,3.375,2
2020/21,Mohammed Shami,17,6.2,110.00000000000011,3.2941176470588234,0
2021,Mohammed Shami,18,2.0,63.33333333333345,3.111111111111111,9
2021,Mohammed Shami,19,2.4,55.000000000000114,3.4210526315789473,3
2021,Mohammed Shami,20,3.0,75.00000000000011,3.4,1
2023,Mohammed Shami,21,3.0,65.00000000000011,3.2857142857142856,0
2023,Mohammed Shami,22,2.6,45.000000000000114,3.1363636363636362,5
2019,Mohammed Siraj,5,5.6,90.10989010989022,5.6,1
2020/21,Mohammed Siraj,6,4.2,40.77655677655689,4.833333333333333,2
2020/21,Mohammed Siraj,7,4.0,45.53846153846165,4.428571428571429,5
2020/21,Mohammed Siraj,8,2.2,49.000000000000114,4.5,10
2021,Mohammed Siraj,9,4.2,77.57142857142868,5.111111111111111,0
2021,Mohammed Siraj,10,3.6,70.90476190476201,4.6,12
2021,Mohammed Siraj,11,5.8,84.04761904761916,5.2727272727272725,0
2021,Mohammed Siraj,12,5.4,70.71428571428582,4.833333333333333,8
2022,Mohammed Siraj,13,6.0,61.71428571428582,5.076923076923077,14
2022,Mohammed Siraj,14,6.8,58.597402597402706,5.714285714285714,2
2022,Mohammed Siraj,15,7.2,68.5974025974027,5.466666666666667,5
2022,Mohammed Siraj,16,5.8,71.45454545454557,5.4375,9
2023,Mohammed Siraj,17,7.6,85.3006993006994,5.647058823529412,1
2023,Mohammed Siraj,18,6.2,89.3006993006994,5.388888888888889,0
2024,Mohammed Siraj,19,3.4,63.84615384615396,5.105263157894737,12
2021,Mujeeb Ur Rahman,5,2.2,46.66666666666678,2.2,1
2023,Mustafizur Rahman,5,2.4,41.52380952380963,2.4,1
2023,N Jagadeesan,5,15.8,63.666666666666785,15.8,36
2023,N Jagadeesan,6,23.0,97.95238095238106,19.166666666666668,0
2023,N Jagadeesan,7,16.4,75.95238095238106,16.428571428571427,1
2023,N Jagadeesan,8,8.8,60.95238095238106,14.5,27
2023,N Jagadeesan,9,14.0,73.95238095238105,15.88888888888889,19
2019,N Pooran,5,26.4,141.8095238095239,26.4,36
2020/21,N Pooran,6,31.2,157.1138716356109,28.0,0
2020/21,N Pooran,7,30.2,140.4472049689442,24.0,32
2020/21,N Pooran,8,27.4,129.65902762904275,25.0,44
2020/21,N Pooran,9,32.0,116.99236096237605,27.11111111111111,2
2020/21,N Pooran,10,22.8,89.37331334332843,24.6,17
2020/21,N Pooran,11,19.0,75.96370235934675,23.90909090909091,33
2020/21,N Pooran,12,25.6,114.78723177111146,24.666666666666668,24
2020/21,N Pooran,13,24.0,129.64134317694703,24.615384615384617,2
2020/21,N Pooran,14,15.6,113.641343176947,23.0,16
2020/21,N Pooran,15,18.4,138.97467651028032,22.533333333333335,25
2020/21,N Pooran,16,20.0,183.5799396681751,22.6875,6
2020/21,N Pooran,17,14.6,264.75641025641033,21.705882352941178,22
2020/21,N Pooran,18,14.2,271.8333333333334,21.72222222222222,77
2020/21,N Pooran,19,29.2,300.1216216216218,24.63157894736842,53
2021,N Pooran,20,36.6,305.9787644787646,26.05,0
2021,N Pooran,21,31.6,243.47876447876462,24.80952380952381,0
2021,N Pooran,22,30.4,123.4787644787646,23.681818181818183,9
2021,N Pooran,23,27.8,101.9787644787646,23.043478260869566,19
2021,N Pooran,24,16.2,80.35714285714297,22.875,0
2021,N Pooran,25,5.6,42.500000000000114,21.96,3
2021,N Pooran,26,6.2,51.07142857142868,21.23076923076923,2
2021,N Pooran,27,6.6,64.40476190476201,20.51851851851852,12
2021,N Pooran,28,7.2,76.1904761904763,20.214285714285715,8
2021,N Pooran,29,5.0,96.1904761904763,19.79310344827586,32
2022,N Pooran,30,11.4,125.28138528138538,20.2,0
2022,N Pooran,31,10.8,116.7099567099568,19.548387096774192,34
2022,N Pooran,32,17.2,129.53046953046965,20.0,5
2022,N Pooran,33,15.8,128.57808857808868,19.545454545454547,34
2022,N Pooran,34,21.0,124.36756226229923,19.970588235294116,5
2022,N Pooran,35,15.6,106.38776428250124,19.542857142857144,35
2022,N Pooran,36,22.6,128.26276428250122,19.97222222222222,3
2022,N Pooran,37,16.4,114.10891812865509,19.513513513513512,64
2022,N Pooran,38,28.2,117.34701336675032,20.68421052631579,62
2022,N Pooran,39,33.8,114.18911862990822,21.743589743589745,19
2022,N Pooran,40,36.6,130.22086466165428,21.675,2
2022,N Pooran,41,30.0,118.34586466165426,21.195121951219512,38
2022,N Pooran,42,37.0,140.89131920710878,21.595238095238095,5
2023,N Pooran,43,25.2,113.41079972658932,21.209302325581394,36
2023,N Pooran,44,20.0,112.08356860530785,21.545454545454547,32
2023,N Pooran,45,22.6,120.49626701800625,21.77777777777778,11
2023,N Pooran,46,24.4,147.1629336846729,21.543478260869566,62
2023,N Pooran,47,29.2,174.61747913921835,22.404255319148938,0
2023,N Pooran,48,28.2,165.5265700483093,21.9375,29
2023,N Pooran,49,26.8,163.22222222222234,22.081632653061224,1
2023,N Pooran,50,20.6,130.52380952380963,21.66,45
2023,N Pooran,51,27.4,138.85714285714297,22.11764705882353,9
2023,N Pooran,52,16.8,102.5714285714287,21.865384615384617,20
2023,N Pooran,53,20.8,115.4746543778803,21.830188679245282,3
2023,N Pooran,54,15.6,96.4746543778803,21.48148148148148,44
2023,N Pooran,55,24.2,161.30981921304516,21.89090909090909,8
2023,N Pooran,56,16.8,132.30981921304516,21.642857142857142,58
2023,N Pooran,57,26.6,141.74704865027456,22.280701754385966,0
2024,N Pooran,58,22.6,128.84382284382295,21.896551724137932,64
2024,N Pooran,59,34.8,148.6112647042881,22.610169491525422,42
2024,N Pooran,60,34.4,120.91895701198038,22.933333333333334,40
2024,N Pooran,61,40.8,141.28259337561673,23.21311475409836,32
2024,N Pooran,62,35.6,135.2219873150107,23.35483870967742,0
2024,N Pooran,63,35.6,135.2219873150107,22.984126984126984,45
2024,N Pooran,64,31.8,130.45454545454555,23.328125,23
2024,N Pooran,65,28.0,125.83916083916094,23.323076923076922,34
2024,N Pooran,66,26.8,134.8088578088579,23.484848484848484,11
2024,N Pooran,67,22.6,125.71794871794881,23.29850746268657,14
2024,N Pooran,68,25.4,143.21794871794881,23.16176470588235,10
2024,N Pooran,69,18.4,143.21794871794881,22.971014492753625,48
2024,N Pooran,70,23.4,143.388888888889,23.32857142857143,61
2024,N Pooran,71,28.8,143.24074074074085,23.859154929577464,75
2017,N Rana,5,37.6,127.2287301325415,37.6,45
2017,N Rana,6,44.8,135.18941809322945,38.833333333333336,11
2017,N Rana,7,42.0,131.69803878288465,34.857142857142854,53
2017,N Rana,8,38.6,120.09402875782197,37.125,62
2017,N Rana,9,44.2,131.09019734019745,39.888888888888886,8
2017,N Rana,10,35.8,115.53464178464189,36.7,3
2017,N Rana,11,27.4,97.87698412698424,33.63636363636363,19
2017,N Rana,12,29.0,107.87698412698424,32.416666666666664,27
2017,N Rana,13,23.8,101.25957854406141,32.0,9
2017,N Rana,14,13.2,81.81513409961697,30.357142857142858,12
2018,N Rana,15,14.0,84.03735632183918,29.133333333333333,34
2018,N Rana,16,20.2,102.5558748403577,29.4375,16
2018,N Rana,17,19.6,101.66301769750056,28.647058823529413,18
2018,N Rana,18,17.8,105.54232804232815,28.055555555555557,59
2018,N Rana,19,27.8,123.32010582010594,29.68421052631579,35
2018,N Rana,20,32.4,128.32010582010594,29.95,3
2018,N Rana,21,26.2,115.13492063492075,28.666666666666668,8
2018,N Rana,22,24.6,115.13492063492076,27.727272727272727,15
2018,N Rana,23,24.0,122.63492063492076,27.17391304347826,31
2018,N Rana,24,18.4,112.82010582010594,27.333333333333332,21
2018,N Rana,25,15.6,109.92536897800066,27.08,11
2018,N Rana,26,17.2,141.92536897800068,26.46153846153846,21
2018,N Rana,27,19.8,142.40155945419116,26.25925925925926,7
2018,N Rana,28,18.2,140.40155945419116,25.571428571428573,3
2018,N Rana,29,12.6,129.4385964912282,24.79310344827586,22
2019,N Rana,30,12.8,134.83333333333346,24.7,68
2019,N Rana,31,24.2,118.58843537414978,26.096774193548388,63
2019,N Rana,32,32.6,131.25510204081644,27.25,1
2019,N Rana,33,31.4,113.25510204081642,26.454545454545453,37
2019,N Rana,34,38.2,133.4290150842947,26.764705882352942,0
2019,N Rana,35,33.8,105.9290150842947,26.0,11
2019,N Rana,36,22.4,95.0969899665553,25.583333333333332,21
2019,N Rana,37,14.0,82.43032329988863,25.45945945945946,85
2019,N Rana,38,30.8,109.38684503901906,27.026315789473685,11
2019,N Rana,39,25.6,97.2129319955408,26.615384615384617,21
2019,N Rana,40,29.8,113.36677814938696,26.475,26
2020/21,N Rana,41,32.8,136.44370122631003,26.463414634146343,0
2020/21,N Rana,42,28.6,113.11036789297671,25.833333333333332,81
2020/21,N Rana,43,27.8,105.60839160839173,27.11627906976744,9
2020/21,N Rana,44,27.4,103.60839160839173,26.704545454545453,22
2020/21,N Rana,45,27.6,113.33689839572203,26.6,24
2020/21,N Rana,46,27.2,98.60005629045887,26.543478260869566,29
2020/21,N Rana,47,33.0,127.60005629045887,26.595744680851062,58
2020/21,N Rana,48,28.4,129.49686218726475,27.25,0
2020/21,N Rana,49,26.6,111.49686218726477,26.693877551020407,2
2020/21,N Rana,50,22.6,95.6145092460883,26.2,5
2020/21,N Rana,51,18.8,87.01801801801813,25.784313725490197,0
2020/21,N Rana,52,13.0,58.01801801801813,25.28846153846154,87
2020/21,N Rana,53,18.8,54.73118279569904,26.452830188679247,9
2020/21,N Rana,54,20.6,67.5883256528419,26.12962962962963,26
2021,N Rana,55,25.4,97.5883256528419,26.12727272727273,80
2021,N Rana,56,40.4,109.4930875576038,27.089285714285715,57
2021,N Rana,57,51.8,133.24308755760381,27.614035087719298,18
2021,N Rana,58,38.0,137.90584415584428,27.448275862068964,9
2021,N Rana,59,38.0,138.89485514485528,27.135593220338983,22
2021,N Rana,60,37.2,115.19115144115156,27.05,0
2021,N Rana,61,21.2,86.61972286972298,26.60655737704918,15
2021,N Rana,62,12.8,87.86972286972298,26.419354838709676,36
2021,N Rana,63,16.4,80.85673585673598,26.571428571428573,5
2021,N Rana,64,15.6,117.01058201058213,26.234375,37
2021,N Rana,65,18.6,125.3809523809525,26.4,31
2021,N Rana,66,24.8,159.82539682539695,26.46969696969697,12
2021,N Rana,67,24.2,182.82539682539695,26.253731343283583,25
2021,N Rana,68,22.0,171.3968253968255,26.235294117647058,23
2021,N Rana,69,25.6,139.0891330891332,26.18840579710145,13
2021,N Rana,70,20.8,136.0891330891332,26.0,0
2022,N Rana,71,14.6,101.64468864468874,25.633802816901408,21
2022,N Rana,72,16.4,78.35057099762993,25.569444444444443,10
2022,N Rana,73,13.4,104.06485671191565,25.356164383561644,0
2022,N Rana,74,8.8,86.37254901960796,25.013513513513512,8
2022,N Rana,75,7.8,87.56302521008413,24.786666666666665,30
2022,N Rana,76,13.8,116.13445378151273,24.855263157894736,54
2022,N Rana,77,20.4,120.61776061776072,25.233766233766232,18
2022,N Rana,78,22.0,113.34503334503347,25.141025641025642,2
2022,N Rana,79,22.4,119.05931905931918,24.848101265822784,57
2022,N Rana,80,32.2,128.7736047736049,25.25,48
2022,N Rana,81,35.8,124.81756081756093,25.530864197530864,2
2022,N Rana,82,25.4,99.26473526473538,25.24390243902439,43
2022,N Rana,83,30.4,97.25174825174837,25.457831325301203,26
2022,N Rana,84,35.2,124.03746253746267,25.464285714285715,42
2023,N Rana,85,32.2,127.98777309646887,25.658823529411766,24
2023,N Rana,86,27.4,131.6076825987313,25.63953488372093,1
2023,N Rana,87,27.2,131.97131896236766,25.35632183908046,45
2023,N Rana,88,27.6,132.29151600670266,25.579545454545453,75
2023,N Rana,89,37.4,133.88242509761173,26.134831460674157,5
2023,N Rana,90,30.0,106.45159505808606,25.9,4
2023,N Rana,91,26.0,89.64487236901041,25.65934065934066,27
2023,N Rana,92,31.2,111.35915808329614,25.67391304347826,48
2023,N Rana,93,31.8,123.96103896103907,25.913978494623656,4
2023,N Rana,94,17.6,116.53679653679664,25.680851063829788,42
2023,N Rana,95,25.0,134.54266163943595,25.852631578947367,51
2023,N Rana,96,34.4,149.26793636471066,26.114583333333332,22
2023,N Rana,97,33.4,149.4360035916014,26.072164948453608,57
2023,N Rana,98,35.2,130.05495910417397,26.387755102040817,8
2024,N Rana,99,36.0,119.38829243750729,26.2020202020202,9
2024,N Rana,100,29.4,108.65515460759528,26.03,33
2012,N Saini,5,23.4,120.56565656565667,23.4,2
2012,N Saini,6,21.0,101.23232323232335,19.833333333333332,2
2012,N Saini,7,15.4,87.23232323232335,17.285714285714285,3
2012,N Saini,8,12.6,77.23232323232335,15.5,15
2012,N Saini,9,14.4,67.23232323232335,15.444444444444445,1
2023,N Wadhera,5,26.2,119.5009696186168,26.2,52
2023,N Wadhera,6,32.4,115.30138541903258,30.5,15
2023,N Wadhera,7,34.2,134.15852827617545,28.285714285714285,16
2023,N Wadhera,8,37.4,149.3966235142707,26.75,23
2023,N Wadhera,9,34.0,149.63471875236593,26.333333333333332,4
2024,N Wadhera,10,22.0,151.2033462033463,24.1,49
2024,N Wadhera,11,21.4,162.2952380952382,26.363636363636363,4
2024,N Wadhera,12,19.2,159.43809523809537,24.5,46
2024,N Wadhera,13,25.2,165.59534883720943,26.153846153846153,6
2024,N Wadhera,14,21.8,137.26201550387609,24.714285714285715,3
2024,N Wadhera,15,21.6,125.59534883720941,23.266666666666666,1
2009,NK Patel,5,21.4,103.01355661881989,21.4,14
2013,NLTC Perera,5,11.4,65.93333333333345,11.4,9
2013,NLTC Perera,6,13.0,77.29696969696981,11.0,2
2013,NLTC Perera,7,9.0,73.03030303030314,9.714285714285714,36
2013,NLTC Perera,8,15.4,91.83030303030316,13.0,2
2013,NLTC Perera,9,15.8,101.83030303030316,11.777777777777779,23
2013,NLTC Perera,10,14.4,106.83030303030314,12.9,4
2013,NLTC Perera,11,13.4,110.46666666666678,12.090909090909092,40
2013,NLTC Perera,12,21.0,126.76296296296309,14.416666666666666,23
2013,NLTC Perera,13,18.4,133.34757834757846,15.076923076923077,32
2013,NLTC Perera,14,24.4,157.03178887389424,16.285714285714285,2
2013,NLTC Perera,15,20.2,126.69845554056091,15.333333333333334,17
2013,NLTC Perera,16,22.8,130.9841698262752,15.4375,4
2013,NLTC Perera,17,15.6,109.35454019664557,14.764705882352942,11
2015,NLTC Perera,18,13.2,101.46992481203019,14.555555555555555,9
2015,NLTC Perera,19,8.6,90.2857142857144,14.263157894736842,3
2016,NLTC Perera,20,8.8,90.85714285714297,13.7,8
2016,NLTC Perera,21,7.0,84.34920634920647,13.428571428571429,34
2016,NLTC Perera,22,13.0,121.6825396825398,14.363636363636363,12
2016,NLTC Perera,23,13.2,120.84920634920645,14.26086956521739,3
2016,NLTC Perera,24,12.0,128.34920634920644,13.791666666666666,12
2016,NLTC Perera,25,13.8,143.77777777777789,13.72,14
2016,NLTC Perera,26,15.0,182.00000000000009,13.73076923076923,14
2016,NLTC Perera,27,11.0,171.66666666666677,13.74074074074074,17
2016,NLTC Perera,28,12.0,169.2857142857144,13.857142857142858,13
2016,NLTC Perera,29,14.0,162.92207792207802,13.827586206896552,23
2015,NM Coulter-Nile,5,5.2,115.00000000000011,5.2,3
2016,NM Coulter-Nile,6,4.0,115.00000000000011,4.833333333333333,7
2016,NM Coulter-Nile,7,4.4,102.72727272727283,5.142857142857143,2
2017,NM Coulter-Nile,8,4.4,96.06060606060618,4.75,2
2017,NM Coulter-Nile,9,4.0,96.06060606060616,4.444444444444445,6
2017,NM Coulter-Nile,10,4.0,90.06060606060616,4.6,6
2020/21,NM Coulter-Nile,11,4.6,90.06060606060616,4.7272727272727275,1
2020/21,NM Coulter-Nile,12,3.4,84.0000000000001,4.416666666666667,24
2021,NM Coulter-Nile,13,7.8,110.66666666666679,5.923076923076923,3
2021,NM Coulter-Nile,14,8.0,120.66666666666679,5.714285714285714,1
2022,NM Coulter-Nile,15,7.0,106.66666666666679,5.4,1
2009,NV Ojha,5,27.2,76.89223057644122,27.2,1
2009,NV Ojha,6,27.4,81.89223057644122,22.833333333333332,9
2009,NV Ojha,7,15.6,65.8137992038922,20.857142857142858,22
2009/10,NV Ojha,8,9.6,72.29153199741447,21.0,12
2009/10,NV Ojha,9,12.0,92.29153199741447,20.0,24
2009/10,NV Ojha,10,13.6,103.7201034259859,20.4,16
2009/10,NV Ojha,11,16.6,114.7201034259859,20.0,27
2009/10,NV Ojha,12,20.2,132.55292076344716,20.583333333333332,13
2009/10,NV Ojha,13,18.4,124.70676691729334,20.0,14
2009/10,NV Ojha,14,18.8,121.17735515258747,19.571428571428573,80
2009/10,NV Ojha,15,30.0,118.89164086687317,23.6,27
2009/10,NV Ojha,16,32.2,141.46306943830174,23.8125,94
2009/10,NV Ojha,17,45.6,146.02447294707366,27.941176470588236,1
2009/10,NV Ojha,18,43.2,123.35780628040702,26.444444444444443,44
2009/10,NV Ojha,19,49.2,130.045112781955,27.36842105263158,0
2009/10,NV Ojha,20,33.2,98.045112781955,26.0,7
2009/10,NV Ojha,21,29.2,73.47368421052643,25.095238095238095,18
2011,NV Ojha,22,14.0,56.85486443381192,24.772727272727273,29
2011,NV Ojha,23,19.6,72.23120851983342,24.956521739130434,0
2011,NV Ojha,24,10.8,49.07331378299132,23.916666666666668,11
2011,NV Ojha,25,13.0,71.07331378299132,23.4,2
2011,NV Ojha,26,12.0,67.07331378299132,22.576923076923077,19
2011,NV Ojha,27,12.2,98.20967741935496,22.444444444444443,16
2011,NV Ojha,28,9.6,108.59090909090921,22.214285714285715,1
2011,NV Ojha,29,9.8,118.59090909090921,21.482758620689655,0
2011,NV Ojha,30,7.6,96.59090909090921,20.766666666666666,13
2011,NV Ojha,31,9.8,103.92424242424254,20.516129032258064,7
2011,NV Ojha,32,7.4,70.42424242424254,20.09375,1
2011,NV Ojha,33,4.4,43.83333333333345,19.515151515151516,25
2011,NV Ojha,34,9.2,69.54761904761916,19.676470588235293,28
2011,NV Ojha,35,14.8,87.61213517665142,19.914285714285715,8
2012,NV Ojha,36,13.8,78.27880184331808,19.583333333333332,33
2012,NV Ojha,37,19.0,88.72324628776252,19.945945945945947,14
2012,NV Ojha,38,21.6,109.55657962109585,19.789473684210527,1
2012,NV Ojha,39,16.8,78.84229390681016,19.307692307692307,13
2012,NV Ojha,40,13.8,76.07189542483671,19.15,64
2012,NV Ojha,41,25.0,95.3059379780282,20.24390243902439,11
2012,NV Ojha,42,20.6,107.52816020025043,20.023809523809526,5
2012,NV Ojha,43,18.8,109.19482686691708,19.674418604651162,11
2012,NV Ojha,44,20.8,124.19482686691708,19.477272727272727,11
2012,NV Ojha,45,20.4,182.23404255319159,19.288888888888888,2
2012,NV Ojha,46,8.0,160.7142857142858,18.91304347826087,3
2012,NV Ojha,47,6.4,129.04761904761915,18.574468085106382,34
2012,NV Ojha,48,12.2,127.4958949096881,18.895833333333332,13
2012,NV Ojha,49,12.6,129.1625615763548,18.775510204081634,5
2012,NV Ojha,50,11.4,72.49589490968813,18.5,28
2012,NV Ojha,51,16.6,86.78160919540241,18.686274509803923,7
2013,NV Ojha,52,17.4,109.78160919540241,18.46153846153846,9
2013,NV Ojha,53,12.4,106.33333333333344,18.28301886792453,0
2014,NV Ojha,54,9.8,84.66666666666679,17.944444444444443,10
2014,NV Ojha,55,10.8,118.00000000000011,17.8,15
2014,NV Ojha,56,8.2,123.00000000000011,17.75,17
2014,NV Ojha,57,10.2,112.00000000000011,17.736842105263158,13
2014,NV Ojha,58,11.0,178.6666666666668,17.655172413793103,7
2014,NV Ojha,59,12.4,213.6666666666668,17.47457627118644,79
2014,NV Ojha,60,26.2,206.3693693693695,18.5,22
2014,NV Ojha,61,27.6,198.2924462924464,18.557377049180328,24
2014,NV Ojha,62,29.0,203.11062811062823,18.64516129032258,19
2014,NV Ojha,63,30.2,137.55507255507266,18.650793650793652,26
2015,NV Ojha,64,34.0,124.22173922173934,18.765625,15
2015,NV Ojha,65,21.2,108.7917637917639,18.70769230769231,25
2015,NV Ojha,66,21.8,106.57456922162814,18.803030303030305,12
2015,NV Ojha,67,19.4,108.75638740344634,18.70149253731343,18
2015,NV Ojha,68,19.2,132.64527629233524,18.691176470588236,9
2015,NV Ojha,69,15.8,130.97860962566855,18.55072463768116,28
2015,NV Ojha,70,18.4,125.24434389140283,18.685714285714287,20
2015,NV Ojha,71,17.4,141.30769230769243,18.704225352112676,0
2015,NV Ojha,72,15.0,117.30769230769242,18.444444444444443,8
2015,NV Ojha,73,13.0,95.16483516483528,18.301369863013697,2
2015,NV Ojha,74,11.6,88.49816849816861,18.08108108108108,0
2016,NV Ojha,75,6.0,66.95970695970706,17.84,0
2016,NV Ojha,76,2.0,36.1904761904763,17.605263157894736,37
2016,NV Ojha,77,9.4,62.61904761904773,17.857142857142858,2
2016,NV Ojha,78,8.2,59.76190476190487,17.653846153846153,18
2016,NV Ojha,79,11.4,63.57142857142868,17.658227848101266,1
2016,NV Ojha,80,11.6,70.23809523809534,17.45,9
2016,NV Ojha,81,13.4,95.95238095238106,17.34567901234568,7
2016,NV Ojha,82,7.4,97.52380952380963,17.21951219512195,7
2016,NV Ojha,83,8.4,93.07936507936519,17.096385542168676,16
2016,NV Ojha,84,8.0,98.79365079365091,17.083333333333332,15
2016,NV Ojha,85,10.8,104.12698412698424,17.058823529411764,7
2016,NV Ojha,86,10.4,91.13997113997125,16.941860465116278,10
2016,NV Ojha,87,11.0,88.13997113997125,16.862068965517242,7
2017,NV Ojha,88,11.0,107.58441558441571,16.75,9
2017,NV Ojha,89,9.6,102.72727272727283,16.662921348314608,11
2017,NV Ojha,90,8.8,109.06060606060619,16.6,34
2017,NV Ojha,91,14.2,127.24242424242436,16.791208791208792,9
2017,NV Ojha,92,14.0,122.24242424242436,16.706521739130434,16
2018,NV Ojha,93,15.8,106.06595365418907,16.698924731182796,1
2024,Naman Dhir,5,12.2,93.33333333333346,12.2,17
2024,Naman Dhir,6,11.6,116.66666666666679,13.0,62
2021,Navdeep Saini,5,5.8,72.97619047619058,5.8,2
2022,Navdeep Saini,6,5.8,67.64285714285725,5.166666666666667,2
2024,Nithish Kumar Reddy,5,28.6,133.6842105263159,28.6,76
2024,Nithish Kumar Reddy,6,41.0,132.46198830409367,36.5,20
2024,Nithish Kumar Reddy,7,32.2,125.44444444444454,34.142857142857146,37
2024,Nithish Kumar Reddy,8,32.2,127.47741147741158,34.5,9
2024,Nithish Kumar Reddy,9,31.4,123.905982905983,31.666666666666668,5
2024,Nithish Kumar Reddy,10,29.4,113.905982905983,29.0,13
2011,OA Shah,5,23.0,106.2850241545895,23.0,23
2011,OA Shah,6,16.0,116.45224823485705,23.0,3
2012,OA Shah,7,16.2,128.45224823485705,20.142857142857142,14
2012,OA Shah,8,18.0,134.56335934596817,19.375,23
2012,OA Shah,9,18.8,155.27043005303887,19.77777777777778,76
2012,OA Shah,10,27.8,163.66274552321073,25.4,31
2012,OA Shah,11,29.4,145.50035236081757,25.90909090909091,60
2012,OA Shah,12,40.8,169.94479680526203,28.75,12
2012,OA Shah,13,40.4,158.83368569415092,27.46153846153846,52
2012,OA Shah,14,46.2,140.12661498708022,29.214285714285715,10
2012,OA Shah,15,33.0,118.11111111111123,27.933333333333334,1
2012,OA Shah,16,27.0,120.888888888889,26.25,1
2012,OA Shah,17,15.2,83.11111111111123,24.764705882352942,4
2012,OA Shah,18,13.6,74.53968253968264,23.61111111111111,28
2012,OA Shah,19,8.8,67.89915966386566,23.842105263157894,28
2013,OA Shah,20,12.4,76.10428786899386,24.05,1
2013,OA Shah,21,12.4,76.10428786899385,22.952380952380953,24
2022,OF Smith,5,7.6,94.22222222222233,7.6,13
2009/10,P Dogra,5,14.8,75.4814814814816,14.8,5
2009/10,P Dogra,6,7.6,81.4814814814816,13.166666666666666,20
2009/10,P Dogra,7,5.8,76.00000000000011,14.142857142857142,8
2012,P Dogra,8,6.8,82.66666666666677,13.375,6
2012,P Dogra,9,8.0,93.57575757575769,12.555555555555555,6
2012,P Dogra,10,9.0,86.90909090909102,11.9,3
2013,P Dogra,11,8.6,65.57575757575768,11.090909090909092,5
2007/08,P Kumar,5,12.8,91.84313725490208,12.8,4
2007/08,P Kumar,6,10.0,110.66666666666679,11.333333333333334,8
2007/08,P Kumar,7,4.8,102.54545454545466,10.857142857142858,5
2007/08,P Kumar,8,4.6,92.83116883116895,10.125,0
2007/08,P Kumar,9,3.4,68.83116883116895,9.0,2
2007/08,P Kumar,10,3.8,76.83116883116895,8.3,21
2007/08,P Kumar,11,7.2,75.01298701298713,9.454545454545455,8
2009,P Kumar,12,7.2,100.46753246753258,9.333333333333334,8
2009,P Kumar,13,7.8,102.18181818181829,9.23076923076923,0
2009,P Kumar,14,7.8,102.18181818181829,8.571428571428571,14
2009,P Kumar,15,10.2,140.84848484848496,8.933333333333334,13
2009,P Kumar,16,8.6,139.8095238095239,9.1875,9
2009,P Kumar,17,8.8,125.52380952380963,9.176470588235293,7
2009,P Kumar,18,8.6,144.52380952380963,9.055555555555555,12
2009,P Kumar,19,11.0,184.52380952380963,9.210526315789474,2
2009/10,P Kumar,20,8.6,151.19047619047632,8.85,3
2009/10,P Kumar,21,6.6,126.04761904761918,8.571428571428571,0
2009/10,P Kumar,22,4.8,100.33333333333344,8.181818181818182,1
2011,P Kumar,23,3.6,75.33333333333344,7.869565217391305,3
2011,P Kumar,24,1.8,45.33333333333344,7.666666666666667,2
2011,P Kumar,25,1.8,52.000000000000114,7.44,2
2011,P Kumar,26,1.6,53.33333333333344,7.230769230769231,15
2011,P Kumar,27,4.6,90.83333333333344,7.518518518518518,3
2011,P Kumar,28,5.0,92.83333333333344,7.357142857142857,2
2011,P Kumar,29,4.8,102.83333333333344,7.172413793103448,0
2012,P Kumar,30,4.4,82.83333333333344,6.933333333333334,10
2012,P Kumar,31,6.0,102.83333333333346,7.032258064516129,1
2012,P Kumar,32,3.2,75.33333333333346,6.84375,0
2012,P Kumar,33,2.6,63.333333333333464,6.636363636363637,6
2012,P Kumar,34,3.4,63.33333333333345,6.617647058823529,7
2012,P Kumar,35,4.8,78.888888888889,6.628571428571429,8
2012,P Kumar,36,4.4,72.22222222222233,6.666666666666667,3
2013,P Kumar,37,4.8,92.22222222222233,6.5675675675675675,3
2013,P Kumar,38,5.4,104.22222222222233,6.473684210526316,15
2013,P Kumar,39,7.2,121.72222222222233,6.6923076923076925,1
2013,P Kumar,40,6.0,116.16666666666677,6.55,3
2013,P Kumar,41,5.0,99.50000000000011,6.463414634146342,24
2013,P Kumar,42,9.2,99.50000000000011,6.880952380952381,1
2013,P Kumar,43,8.8,94.16666666666677,6.744186046511628,0
2014,P Kumar,44,5.8,56.66666666666678,6.590909090909091,1
2015,P Kumar,45,5.8,56.66666666666678,6.466666666666667,1
2015,P Kumar,46,5.4,66.66666666666677,6.3478260869565215,0
2015,P Kumar,47,0.6,36.66666666666678,6.212765957446808,12
2015,P Kumar,48,2.8,45.000000000000114,6.333333333333333,4
2016,P Kumar,49,3.6,58.33333333333345,6.285714285714286,0
2016,P Kumar,50,3.4,48.33333333333345,6.16,1
2016,P Kumar,51,3.4,48.33333333333345,6.0588235294117645,15
2016,P Kumar,52,6.4,71.41025641025652,6.230769230769231,6
2016,P Kumar,53,5.2,86.41025641025652,6.226415094339623,1
2016,P Kumar,54,4.6,78.07692307692318,6.12962962962963,1
2017,P Kumar,55,4.8,84.74358974358985,6.036363636363636,7
2017,P Kumar,56,6.0,84.74358974358985,6.053571428571429,1
2015,P Negi,5,12.6,137.65967365967376,12.6,15
2015,P Negi,6,14.0,144.93240093240104,13.0,13
2015,P Negi,7,15.4,153.43240093240104,13.0,36
2015,P Negi,8,19.8,167.9778554778556,15.875,2
2015,P Negi,9,18.6,154.64452214452226,14.333333333333334,5
2015,P Negi,10,14.2,125.60606060606074,13.4,3
2015,P Negi,11,11.8,118.33333333333344,12.454545454545455,12
2015,P Negi,12,11.6,120.11904761904773,12.416666666666666,3
2016,P Negi,13,5.0,90.11904761904773,11.692307692307692,11
2016,P Negi,14,6.8,88.36466165413546,11.642857142857142,8
2016,P Negi,15,7.4,155.86466165413543,11.4,10
2016,P Negi,16,8.8,151.24927703875085,11.3125,3
2016,P Negi,17,7.0,131.96356275303657,10.823529411764707,19
2016,P Negi,18,10.2,153.6302294197032,11.277777777777779,6
2017,P Negi,19,9.2,151.2820512820514,11.0,10
2017,P Negi,20,9.6,96.2820512820514,10.95,13
2017,P Negi,21,10.2,100.897435897436,11.047619047619047,10
2017,P Negi,22,11.6,114.46886446886458,11.0,2
2017,P Negi,23,8.2,96.13553113553125,10.608695652173912,32
2017,P Negi,24,13.4,120.5889724310778,11.5,3
2017,P Negi,25,12.0,104.16040100250636,11.16,35
2017,P Negi,26,16.4,114.59518361120203,12.076923076923077,21
2017,P Negi,27,18.6,102.82375503977346,12.407407407407407,5
2017,P Negi,28,19.2,122.82375503977346,12.142857142857142,13
2018,P Negi,29,15.4,132.47287784679102,12.172413793103448,3
2018,P Negi,30,15.4,138.90144927536244,11.866666666666667,0
2019,P Negi,31,8.4,108.46666666666678,11.483870967741936,0
2019,P Negi,32,4.2,91.66666666666677,11.125,0
2019,P Negi,33,3.2,58.33333333333344,10.787878787878787,5
2019,P Negi,34,1.6,31.66666666666678,10.617647058823529,4
2022,P Simran Singh,5,10.0,91.70634920634932,10.0,14
2023,P Simran Singh,6,9.6,99.38311688311698,10.666666666666666,23
2023,P Simran Singh,7,13.4,126.2878787878789,12.428571428571429,60
2023,P Simran Singh,8,23.2,132.12121212121224,18.375,0
2023,P Simran Singh,9,21.8,112.12121212121224,16.333333333333332,0
2023,P Simran Singh,10,19.4,97.12121212121224,14.7,4
2023,P Simran Singh,11,17.4,91.66666666666679,13.727272727272727,46
2023,P Simran Singh,12,22.0,83.01075268817216,16.416666666666668,26
2023,P Simran Singh,13,15.2,78.56630824372772,17.153846153846153,9
2023,P Simran Singh,14,17.0,92.41246208988154,16.571428571428573,42
2023,P Simran Singh,15,25.4,127.41246208988154,18.266666666666666,9
2023,P Simran Singh,16,26.4,133.12674780416728,17.6875,12
2023,P Simran Singh,17,19.6,133.44932844932856,17.352941176470587,103
2023,P Simran Singh,18,35.0,134.8545572074985,22.11111111111111,22
2023,P Simran Singh,19,37.6,144.16629809818676,22.105263157894736,2
2024,P Simran Singh,20,29.6,129.16629809818676,21.1,26
2024,P Simran Singh,21,33.0,134.04024767801872,21.333333333333332,25
2024,P Simran Singh,22,35.6,133.45201238390104,21.5,19
2024,P Simran Singh,23,18.8,157.44360902255653,21.391304347826086,35
2024,P Simran Singh,24,21.4,162.2857142857144,21.958333333333332,4
2024,P Simran Singh,25,21.8,155.61904761904776,21.24,10
2024,P Simran Singh,26,18.6,138.36414565826342,20.807692307692307,0
2024,P Simran Singh,27,13.6,108.95238095238105,20.037037037037038,35
2024,P Simran Singh,28,16.8,88.00000000000011,20.571428571428573,54
2024,P Simran Singh,29,20.6,111.42857142857156,21.724137931034484,13
2024,P Simran Singh,30,22.4,124.09523809523822,21.433333333333334,30
2024,P Simran Singh,31,26.4,136.848861283644,21.70967741935484,6
2024,P Simran Singh,32,27.6,166.848861283644,21.21875,6
2024,P Simran Singh,33,21.8,163.51552795031068,20.757575757575758,71
2007/08,PA Patel,5,18.4,109.31194295900188,18.4,0
2007/08,PA Patel,6,15.4,82.03921568627462,15.333333333333334,4
2007/08,PA Patel,7,13.4,72.03921568627462,13.714285714285714,19
2007/08,PA Patel,8,13.0,70.70588235294129,14.375,24
2007/08,PA Patel,9,13.6,61.48387096774205,15.444444444444445,54
2007/08,PA Patel,10,20.2,67.8253343823762,19.3,20
2007/08,PA Patel,11,24.2,81.61843783065206,19.363636363636363,51
2007/08,PA Patel,12,33.6,87.90048911270334,22.0,38
2009,PA Patel,13,37.4,97.58676362250726,23.23076923076923,0
2009,PA Patel,14,32.6,82.10289265476533,21.571428571428573,30
2009,PA Patel,15,27.8,78.83835231705424,22.133333333333333,16
2009,PA Patel,16,27.0,83.8687782805431,21.75,0
2009,PA Patel,17,16.8,64.25339366515848,20.470588235294116,3
2009,PA Patel,18,9.8,47.35499794323335,19.5,0
2009,PA Patel,19,9.8,47.35499794323335,18.473684210526315,25
2009,PA Patel,20,8.8,47.005347593583,18.8,32
2009,PA Patel,21,12.0,56.00790513834003,19.428571428571427,36
2009/10,PA Patel,22,19.2,82.67457180500669,20.181818181818183,6
2009/10,PA Patel,23,19.8,94.36288349331838,19.565217391304348,57
2009/10,PA Patel,24,31.2,113.36288349331838,21.125,1
2009/10,PA Patel,25,26.4,97.30227743271232,20.32,8
2011,PA Patel,26,21.6,81.78388278388289,19.846153846153847,1
2011,PA Patel,27,14.6,60.11721611721623,19.14814814814815,21
2011,PA Patel,28,17.6,65.07962213225383,19.214285714285715,34
2011,PA Patel,29,13.0,71.26480731743901,19.724137931034484,9
2011,PA Patel,30,14.6,79.59814065077235,19.366666666666667,32
2011,PA Patel,31,19.4,86.11397775484474,19.774193548387096,0
2011,PA Patel,32,19.2,81.11397775484474,19.15625,1
2011,PA Patel,33,15.2,65.67538126361667,18.606060606060606,37
2011,PA Patel,34,15.8,62.25490196078442,19.147058823529413,21
2011,PA Patel,35,18.2,73.50490196078442,19.2,19
2011,PA Patel,36,15.6,81.82422969187687,19.194444444444443,0
2011,PA Patel,37,15.6,81.82422969187687,18.675675675675677,21
2011,PA Patel,38,19.6,103.1575630252102,18.736842105263158,6
2012,PA Patel,39,13.4,98.5357142857144,18.41025641025641,20
2012,PA Patel,40,13.2,95.81512605042028,18.45,1
2012,PA Patel,41,9.6,72.67226890756314,18.024390243902438,45
2012,PA Patel,42,18.6,106.00560224089648,18.666666666666668,23
2012,PA Patel,43,19.0,102.21612855668596,18.767441860465116,24
2012,PA Patel,44,22.6,111.73993808049548,18.886363636363637,19
2012,PA Patel,45,22.4,109.32163742690071,18.88888888888889,0
2012,PA Patel,46,22.2,105.32163742690071,18.47826086956522,1
2012,PA Patel,47,13.4,75.98830409356736,18.106382978723403,17
2012,PA Patel,48,12.2,77.93162393162405,18.083333333333332,18
2012,PA Patel,49,11.0,73.76495726495739,18.081632653061224,10
2012,PA Patel,50,9.2,92.65384615384627,17.92,16
2013,PA Patel,51,12.4,107.1993006993008,17.88235294117647,19
2013,PA Patel,52,16.0,123.1993006993008,17.903846153846153,2
2013,PA Patel,53,13.0,107.04545454545466,17.60377358490566,19
2013,PA Patel,54,13.2,104.54545454545466,17.62962962962963,27
2013,PA Patel,55,16.6,81.42045454545466,17.8,12
2013,PA Patel,56,15.8,93.54166666666677,17.696428571428573,14
2013,PA Patel,57,14.8,89.09722222222233,17.63157894736842,20
2013,PA Patel,58,18.4,100.14985380116971,17.67241379310345,44
2013,PA Patel,59,23.4,107.64985380116971,18.11864406779661,61
2013,PA Patel,60,30.2,116.73230060968035,18.833333333333332,26
2013,PA Patel,61,33.0,124.73230060968035,18.950819672131146,2
2013,PA Patel,62,30.6,115.84341172079144,18.677419354838708,47
2013,PA Patel,63,36.0,119.52762224710725,19.126984126984127,1
2014,PA Patel,64,27.4,98.69428891377392,18.84375,37
2014,PA Patel,65,22.6,97.40350877192995,19.123076923076923,57
2014,PA Patel,66,28.8,87.51945080091545,19.696969696969695,21
2014,PA Patel,67,32.6,102.9580472921435,19.71641791044776,1
2014,PA Patel,68,23.4,98.22120518688037,19.441176470588236,2
2014,PA Patel,69,23.6,97.26882423449942,19.18840579710145,3
2014,PA Patel,70,16.8,84.60215756783273,18.957142857142856,26
2014,PA Patel,71,10.6,84.58145363408534,19.056338028169016,13
2014,PA Patel,72,9.0,81.04761904761918,18.97222222222222,2
2014,PA Patel,73,9.2,81.04761904761918,18.73972602739726,29
2014,PA Patel,74,14.6,96.04761904761916,18.87837837837838,10
2014,PA Patel,75,16.0,98.33333333333346,18.76,4
2015,PA Patel,76,11.6,93.5714285714287,18.56578947368421,16
2015,PA Patel,77,12.2,104.0909090909092,18.532467532467532,0
2015,PA Patel,78,11.8,84.09090909090921,18.294871794871796,12
2015,PA Patel,79,8.4,79.37662337662348,18.21518987341772,28
2015,PA Patel,80,12.0,93.09090909090921,18.3375,17
2015,PA Patel,81,14.6,90.09090909090921,18.320987654320987,23
2015,PA Patel,82,16.0,93.85714285714297,18.378048780487806,59
2015,PA Patel,83,27.8,126.63492063492075,18.867469879518072,13
2015,PA Patel,84,28.0,130.63492063492075,18.797619047619047,45
2015,PA Patel,85,31.4,130.75992063492075,19.105882352941176,19
2015,PA Patel,86,31.8,145.4265873015874,19.1046511627907,21
2015,PA Patel,87,31.4,142.56944444444457,19.126436781609197,51
2015,PA Patel,88,29.8,135.94551282051293,19.488636363636363,35
2015,PA Patel,89,34.2,143.94551282051293,19.662921348314608,0
2016,PA Patel,90,25.2,115.82051282051293,19.444444444444443,23
2016,PA Patel,91,26.0,105.06293706293718,19.483516483516482,34
2016,PA Patel,92,28.6,97.72960372960384,19.641304347826086,10
2016,PA Patel,93,20.4,84.90909090909102,19.537634408602152,5
2016,PA Patel,94,14.4,73.57575757575769,19.382978723404257,1
2016,PA Patel,95,14.6,78.57575757575769,19.189473684210526,81
2016,PA Patel,96,26.2,84.66666666666679,19.833333333333332,1
2016,PA Patel,97,19.6,72.00000000000011,19.63917525773196,21
2016,PA Patel,98,21.8,84.91666666666679,19.653061224489797,0
2016,PA Patel,99,20.8,68.25000000000011,19.454545454545453,1
2017,PA Patel,100,20.8,73.25000000000011,19.27,19
2017,PA Patel,101,8.4,71.58333333333344,19.26732673267327,30
2017,PA Patel,102,14.2,82.27298850574724,19.372549019607842,39
2017,PA Patel,103,17.8,88.52298850574724,19.563106796116504,3
2017,PA Patel,104,18.4,95.18965517241391,19.403846153846153,0
2017,PA Patel,105,18.2,85.18965517241391,19.21904761904762,37
2017,PA Patel,106,21.8,96.85632183908058,19.38679245283019,8
2017,PA Patel,107,17.4,88.47435897435909,19.2803738317757,33
2017,PA Patel,108,16.2,79.54578754578765,19.40740740740741,70
2017,PA Patel,109,29.6,103.9902319902321,19.871559633027523,0
2017,PA Patel,110,29.6,103.9902319902321,19.69090909090909,25
2017,PA Patel,111,27.2,88.72936242501471,19.73873873873874,23
2017,PA Patel,112,30.2,101.97722567287796,19.767857142857142,38
2017,PA Patel,113,31.2,110.07246376811604,19.92920353982301,52
2017,PA Patel,114,27.6,103.7232574189097,20.210526315789473,14
2017,PA Patel,115,30.4,134.8343685300208,20.156521739130437,4
2018,PA Patel,116,26.2,126.42857142857153,20.017241379310345,53
2018,PA Patel,117,32.2,126.72667440960136,20.299145299145298,20
2018,PA Patel,118,28.6,125.82923851216546,20.296610169491526,6
2018,PA Patel,119,19.4,116.0673337502607,20.176470588235293,40
2018,PA Patel,120,24.6,121.31985900278596,20.341666666666665,1
2018,PA Patel,121,24.0,112.98652566945262,20.181818181818183,33
2019,PA Patel,122,20.0,118.56143856143868,20.28688524590164,29
2019,PA Patel,123,21.8,104.36363636363649,20.357723577235774,31
2019,PA Patel,124,26.8,117.54545454545466,20.443548387096776,11
2019,PA Patel,125,21.0,108.68181818181829,20.368,67
2019,PA Patel,126,34.2,136.3647450110866,20.738095238095237,25
2019,PA Patel,127,32.6,124.93617358251518,20.771653543307085,9
2019,PA Patel,128,28.6,126.3647450110866,20.6796875,19
2019,PA Patel,129,26.2,140.40514905149064,20.666666666666668,28
2019,PA Patel,130,29.6,140.90514905149064,20.723076923076924,11
2019,PA Patel,131,18.4,126.55555555555569,20.64885496183206,53
2019,PA Patel,132,24.0,135.2042042042043,20.893939393939394,43
2019,PA Patel,133,30.8,151.60420420420434,21.06015037593985,39
2019,PA Patel,134,34.8,148.38198198198208,21.19402985074627,8
2019,PA Patel,135,30.8,152.38198198198208,21.096296296296295,0
2013,PA Reddy,5,24.6,106.98352940288434,24.6,1
2013,PA Reddy,6,20.0,74.9200373393923,20.666666666666668,19
2013,PA Reddy,7,15.4,74.57027581316018,20.428571428571427,2
2013,PA Reddy,8,14.4,70.90360914649351,18.125,7
2013,PA Reddy,9,10.4,69.0398098633394,16.88888888888889,12
2022,PBB Rajapaksa,5,26.8,182.7801932367151,26.8,40
2022,PBB Rajapaksa,6,26.2,172.97509578544071,29.0,27
2022,PBB Rajapaksa,7,25.4,134.0862068965518,28.714285714285715,1
2022,PBB Rajapaksa,8,23.8,110.75287356321849,25.25,4
2023,PBB Rajapaksa,9,16.2,100.08620689655183,22.88888888888889,50
2023,PBB Rajapaksa,10,24.4,108.83620689655181,25.6,1
2023,PBB Rajapaksa,11,16.6,101.2500000000001,23.363636363636363,20
2023,PBB Rajapaksa,12,15.2,85.53571428571438,23.083333333333332,0
2011,PC Valthaty,5,41.4,106.39795918367356,41.4,46
2011,PC Valthaty,6,49.6,120.86224489795927,42.166666666666664,14
2011,PC Valthaty,7,52.2,144.86224489795927,38.142857142857146,7
2011,PC Valthaty,8,52.4,142.36224489795927,34.25,33
2011,PC Valthaty,9,35.0,121.7853218210362,34.111111111111114,21
2011,PC Valthaty,10,24.2,114.50641025641035,32.8,23
2011,PC Valthaty,11,19.6,106.66550116550127,31.90909090909091,14
2011,PC Valthaty,12,19.6,97.33216783216793,30.416666666666668,17
2011,PC Valthaty,13,21.6,113.83216783216794,29.384615384615383,62
2011,PC Valthaty,14,27.4,119.87205387205397,31.714285714285715,20
2011,PC Valthaty,15,27.2,118.76094276094287,30.933333333333334,5
2012,PC Valthaty,16,23.6,114.51851851851863,29.3125,13
2012,PC Valthaty,17,23.4,113.18518518518529,28.352941176470587,1
2012,PC Valthaty,18,20.2,83.18518518518529,26.833333333333332,0
2012,PC Valthaty,19,7.8,60.22222222222233,25.42105263157895,8
2012,PC Valthaty,20,5.4,55.777777777777885,24.55,6
2012,PC Valthaty,21,5.6,49.111111111111214,23.666666666666668,2
2013,PC Valthaty,22,3.4,35.77777777777787,22.681818181818183,6
2009/10,PD Collingwood,5,30.0,118.80378250591028,30.0,2
2009/10,PD Collingwood,6,19.8,103.2482269503547,25.333333333333332,51
2023,PD Salt,5,30.2,104.8737060041409,30.2,17
2023,PD Salt,6,32.6,99.8737060041409,28.0,21
2023,PD Salt,7,36.8,124.57958835708207,27.0,26
2023,PD Salt,8,30.2,128.0081597856535,26.875,3
2024,PD Salt,9,30.8,138.0081597856535,24.22222222222222,54
2024,PD Salt,10,24.2,125.89635854341748,27.2,30
2024,PD Salt,11,26.8,127.56302521008415,27.454545454545453,18
2024,PD Salt,12,26.2,128.5714285714287,26.666666666666668,0
2024,PD Salt,13,21.0,91.42857142857153,24.615384615384617,89
2024,PD Salt,14,38.2,117.02857142857154,29.214285714285715,10
2024,PD Salt,15,29.4,106.6989010989012,27.933333333333334,48
2024,PD Salt,16,33.0,145.27032967032977,29.1875,75
2024,PD Salt,17,44.4,158.01758241758253,31.88235294117647,68
2024,PD Salt,18,58.0,198.01758241758253,33.888888888888886,5
2024,PD Salt,19,41.2,187.41758241758254,32.36842105263158,32
2024,PD Salt,20,45.6,217.74725274725284,32.35,6
2017,PJ Cummins,5,5.0,91.00000000000011,5.0,10
2017,PJ Cummins,6,7.0,111.00000000000011,5.833333333333333,24
2017,PJ Cummins,7,10.6,127.92307692307705,8.428571428571429,11
2017,PJ Cummins,8,10.4,119.35164835164846,8.75,7
2020/21,PJ Cummins,9,11.2,151.01831501831515,8.555555555555555,4
2020/21,PJ Cummins,10,11.2,139.7241973712563,8.1,17
2020/21,PJ Cummins,11,12.6,153.7241973712563,8.909090909090908,12
2020/21,PJ Cummins,12,10.2,140.80112044817938,9.166666666666666,33
2020/21,PJ Cummins,13,14.6,156.51540616246513,11.0,5
2020/21,PJ Cummins,14,14.2,134.8487394957984,10.571428571428571,1
2020/21,PJ Cummins,15,13.6,132.64285714285725,9.933333333333334,5
2020/21,PJ Cummins,16,11.2,115.30952380952392,9.625,53
2020/21,PJ Cummins,17,19.4,119.95817245817257,12.176470588235293,15
2020/21,PJ Cummins,18,15.8,100.08804258804271,12.333333333333334,1
2021,PJ Cummins,19,15.0,81.75470925470937,11.736842105263158,0
2021,PJ Cummins,20,14.8,79.25470925470937,11.15,6
2021,PJ Cummins,21,15.0,122.58804258804271,10.904761904761905,66
2021,PJ Cummins,22,17.6,129.61506961506973,13.409090909090908,10
2021,PJ Cummins,23,16.6,135.6756756756758,13.26086956521739,11
2022,PJ Cummins,24,18.6,144.72329472329486,13.166666666666666,56
2022,PJ Cummins,25,29.8,219.38996138996154,14.88,4
2022,PJ Cummins,26,29.4,186.0566280566282,14.461538461538462,3
2022,PJ Cummins,27,16.8,170.38095238095246,14.037037037037036,0
2022,PJ Cummins,28,14.8,137.04761904761912,13.535714285714286,0
2024,PJ Cummins,29,12.6,121.33333333333344,13.068965517241379,0
2024,PJ Cummins,30,1.4,46.66666666666678,12.633333333333333,2
2024,PJ Cummins,31,1.0,40.000000000000114,12.290322580645162,3
2024,PJ Cummins,32,1.0,32.000000000000114,12.0,1
2024,PJ Cummins,33,1.2,52.000000000000114,11.666666666666666,31
2024,PJ Cummins,34,7.4,90.75000000000011,12.235294117647058,5
2024,PJ Cummins,35,8.4,105.0357142857144,12.028571428571428,35
2024,PJ Cummins,36,15.0,121.8778195488723,12.666666666666666,30
2024,PJ Cummins,37,20.4,134.8778195488723,13.135135135135135,5
2024,PJ Cummins,38,21.2,134.8778195488723,12.921052631578947,24
2009,PJ Sangwan,5,1.6,50.000000000000114,1.6,0
2009/10,PJ Sangwan,6,1.2,40.000000000000114,1.3333333333333333,4
2009/10,PJ Sangwan,7,2.0,48.000000000000114,1.7142857142857142,6
2013,PJ Sangwan,8,3.0,52.000000000000114,2.25,4
2017,PJ Sangwan,9,3.8,92.00000000000011,2.4444444444444446,1
2017,PJ Sangwan,10,3.0,82.00000000000011,2.3,1
2017,PJ Sangwan,11,3.2,102.00000000000011,2.1818181818181817,0
2018,PJ Sangwan,12,2.4,94.00000000000011,2.0,0
2022,PJ Sangwan,13,1.2,70.00000000000011,1.8461538461538463,2
2020/21,PK Garg,5,17.8,113.94444444444454,17.8,12
2020/21,PK Garg,6,19.6,120.40598290598302,16.833333333333332,8
2020/21,PK Garg,7,18.2,105.76312576312587,15.571428571428571,0
2020/21,PK Garg,8,17.4,94.33455433455444,13.625,7
2020/21,PK Garg,9,8.6,66.55677655677667,12.88888888888889,17
2021,PK Garg,10,8.8,77.47252747252757,13.3,29
2021,PK Garg,11,12.2,86.63003663003676,14.727272727272727,7
2021,PK Garg,12,12.0,76.50016650016661,14.083333333333334,15
2021,PK Garg,13,15.0,103.7728937728939,14.153846153846153,0
2021,PK Garg,14,13.6,93.7728937728939,13.142857142857142,21
2022,PK Garg,15,14.4,81.16743471582191,13.666666666666666,42
2022,PK Garg,16,17.0,85.85607940446661,15.4375,4
2023,PK Garg,17,16.4,84.55737810576531,14.764705882352942,12
2023,PK Garg,18,15.8,83.95131749970469,14.61111111111111,10
2007/08,PP Chawla,5,15.6,156.88636363636374,15.6,0
2007/08,PP Chawla,6,10.8,113.25000000000011,13.0,12
2009,PP Chawla,7,13.2,129.2500000000001,12.857142857142858,3
2009,PP Chawla,8,9.6,77.82142857142868,11.625,6
2009,PP Chawla,9,7.4,73.71428571428582,11.0,0
2009,PP Chawla,10,4.2,41.71428571428582,9.9,3
2009,PP Chawla,11,4.8,56.71428571428582,9.272727272727273,6
2009,PP Chawla,12,3.6,57.85714285714297,9.0,8
2009,PP Chawla,13,4.6,75.95238095238105,8.923076923076923,1
2009,PP Chawla,14,3.6,78.80952380952392,8.357142857142858,4
2009/10,PP Chawla,15,4.4,94.80952380952392,8.066666666666666,5
2009/10,PP Chawla,16,4.8,94.09523809523822,7.875,9
2009/10,PP Chawla,17,5.4,90.79853479853492,7.9411764705882355,8
2009/10,PP Chawla,18,5.4,104.13186813186826,7.944444444444445,8
2009/10,PP Chawla,19,6.8,104.13186813186826,7.947368421052632,22
2009/10,PP Chawla,20,10.4,117.46520146520159,8.65,10
2011,PP Chawla,21,11.4,115.6794871794873,8.714285714285714,15
2011,PP Chawla,22,12.6,112.54761904761915,9.0,4
2011,PP Chawla,23,11.8,99.21428571428582,8.782608695652174,10
2011,PP Chawla,24,12.2,99.21428571428582,8.833333333333334,5
2011,PP Chawla,25,8.8,86.54761904761918,8.68,1
2011,PP Chawla,26,7.0,94.04761904761918,8.384615384615385,13
2012,PP Chawla,27,6.6,120.4761904761906,8.555555555555555,10
2012,PP Chawla,28,7.8,118.80952380952392,8.607142857142858,16
2012,PP Chawla,29,9.0,138.8095238095239,8.862068965517242,21
2012,PP Chawla,30,12.2,139.64285714285725,9.266666666666667,13
2012,PP Chawla,31,14.6,152.14285714285725,9.387096774193548,9
2012,PP Chawla,32,13.8,133.0000000000001,9.375,7
2012,PP Chawla,33,13.2,154.6666666666668,9.303030303030303,0
2012,PP Chawla,34,10.0,114.66666666666679,9.029411764705882,6
2012,PP Chawla,35,7.0,157.1666666666668,8.942857142857143,5
2012,PP Chawla,36,5.4,149.6666666666668,8.833333333333334,8
2012,PP Chawla,37,5.2,185.0000000000001,8.81081081081081,10
2012,PP Chawla,38,5.8,152.61904761904773,8.842105263157896,1
2013,PP Chawla,39,6.0,162.61904761904773,8.64102564102564,4
2013,PP Chawla,40,5.6,118.61904761904773,8.525,7
2013,PP Chawla,41,6.0,109.17460317460328,8.487804878048781,11
2013,PP Chawla,42,6.6,80.2857142857144,8.547619047619047,23
2013,PP Chawla,43,9.2,94.75000000000011,8.883720930232558,0
2013,PP Chawla,44,9.0,84.75000000000011,8.681818181818182,12
2013,PP Chawla,45,10.6,90.56818181818193,8.755555555555556,1
2013,PP Chawla,46,9.4,95.01262626262637,8.58695652173913,0
2013,PP Chawla,47,7.2,70.56818181818193,8.404255319148936,5
2013,PP Chawla,48,3.6,75.15151515151527,8.333333333333334,1
2014,PP Chawla,49,3.8,85.15151515151527,8.183673469387756,0
2014,PP Chawla,50,1.4,63.33333333333345,8.02,0
2014,PP Chawla,51,1.2,43.33333333333345,7.862745098039215,1
2014,PP Chawla,52,1.4,53.33333333333345,7.730769230769231,17
2014,PP Chawla,53,3.8,57.7777777777779,7.90566037735849,13
2015,PP Chawla,54,6.2,91.11111111111123,8.0,4
2015,PP Chawla,55,7.0,171.11111111111123,7.927272727272728,22
2015,PP Chawla,56,11.4,193.11111111111123,8.178571428571429,0
2015,PP Chawla,57,11.2,183.11111111111123,8.035087719298245,9
2015,PP Chawla,58,9.6,175.33333333333343,8.051724137931034,18
2015,PP Chawla,59,10.6,164.72727272727283,8.220338983050848,1
2015,PP Chawla,60,10.0,87.22727272727283,8.1,0
2016,PP Chawla,61,5.6,65.22727272727283,7.967213114754099,8
2016,PP Chawla,62,7.2,97.22727272727283,7.967741935483871,8
2016,PP Chawla,63,7.0,99.22727272727283,7.968253968253968,11
2017,PP Chawla,64,5.6,80.25000000000011,8.015625,2
2018,PP Chawla,65,5.8,84.41666666666679,7.923076923076923,0
2018,PP Chawla,66,5.8,84.41666666666679,7.803030303030303,2
2018,PP Chawla,67,4.6,65.75000000000011,7.7164179104477615,2
2018,PP Chawla,68,3.4,43.750000000000114,7.632352941176471,11
2018,PP Chawla,69,3.4,46.92307692307703,7.681159420289855,12
2019,PP Chawla,70,5.4,58.71794871794883,7.742857142857143,12
2019,PP Chawla,71,7.8,106.71794871794881,7.802816901408451,8
2019,PP Chawla,72,9.0,105.6923076923078,7.805555555555555,14
2019,PP Chawla,73,11.4,142.35897435897448,7.890410958904109,4
2019,PP Chawla,74,10.0,138.7692307692309,7.837837837837838,4
2021,PP Chawla,75,8.4,130.30769230769243,7.786666666666667,0
2023,PP Chawla,76,6.0,82.30769230769242,7.684210526315789,5
2023,PP Chawla,77,5.4,86.66666666666679,7.64935064935065,18
2023,PP Chawla,78,6.2,70.00000000000011,7.782051282051282,2
2023,PP Chawla,79,5.8,76.66666666666679,7.708860759493671,0
2024,PP Chawla,80,5.0,66.66666666666679,7.6125,0
2024,PP Chawla,81,5.0,66.66666666666679,7.518518518518518,3
2024,PP Chawla,82,4.6,60.000000000000114,7.463414634146342,1
2024,PP Chawla,83,1.2,50.000000000000114,7.385542168674699,10
2024,PP Chawla,84,2.8,80.00000000000011,7.416666666666667,0
2024,PP Chawla,85,2.8,80.00000000000011,7.329411764705882,1
2009,PP Ojha,5,0.6,50.000000000000114,0.6,0
2009,PP Ojha,6,0.4,40.000000000000114,0.5,0
2009/10,PP Ojha,7,0.4,40.000000000000114,0.42857142857142855,2
2009/10,PP Ojha,8,0.6,40.000000000000114,0.625,1
2009/10,PP Ojha,9,0.8,45.000000000000114,0.6666666666666666,0
2012,PP Ojha,10,0.6,25.000000000000114,0.6,0
2012,PP Ojha,11,0.6,25.000000000000114,0.5454545454545454,3
2012,PP Ojha,12,1.2,30.000000000000114,0.75,1
2013,PP Ojha,13,1.0,30.000000000000114,0.7692307692307693,1
2013,PP Ojha,14,1.0,45.000000000000114,0.7857142857142857,0
2013,PP Ojha,15,1.0,45.000000000000114,0.7333333333333333,1
2014,PP Ojha,16,1.2,65.00000000000011,0.75,1
2014,PP Ojha,17,0.8,64.00000000000011,0.7647058823529411,2
2014,PP Ojha,18,1.0,64.00000000000011,0.8333333333333334,1
2018,PP Shaw,5,41.0,173.4707994707996,41.0,9
2018,PP Shaw,6,38.4,145.83443583443596,35.666666666666664,2
2018,PP Shaw,7,26.4,127.65261765261775,30.857142857142858,17
2018,PP Shaw,8,28.0,115.54735449472302,29.125,12
2019,PP Shaw,9,21.0,109.39350834087688,27.22222222222222,7
2019,PP Shaw,10,9.4,97.59170653907508,25.2,24
2019,PP Shaw,11,12.4,107.89473684210539,25.09090909090909,99
2019,PP Shaw,12,31.8,133.25187969924824,31.25,0
2019,PP Shaw,13,28.4,115.35714285714296,28.846153846153847,11
2019,PP Shaw,14,28.2,105.35714285714296,27.571428571428573,28
2019,PP Shaw,15,32.4,107.47835497835509,27.6,14
2019,PP Shaw,16,30.4,120.81168831168843,26.75,4
2019,PP Shaw,17,11.4,101.45454545454557,25.41176470588235,20
2019,PP Shaw,18,15.4,118.12121212121224,25.11111111111111,13
2019,PP Shaw,19,15.8,121.75757575757586,24.473684210526315,42
2019,PP Shaw,20,18.6,117.84149184149196,25.35,18
2019,PP Shaw,21,19.4,113.84149184149196,25.0,4
2019,PP Shaw,22,19.4,113.84149184149196,24.045454545454547,8
2019,PP Shaw,23,17.0,117.17482517482529,23.347826086956523,56
2019,PP Shaw,24,25.6,121.53846153846166,24.708333333333332,5
2020/21,PP Shaw,25,18.2,114.2857142857144,23.92,5
2020/21,PP Shaw,26,15.6,89.3968253968255,23.192307692307693,19
2020/21,PP Shaw,27,18.6,111.3968253968255,23.037037037037038,9
2020/21,PP Shaw,28,18.8,121.3968253968255,22.535714285714285,0
2020/21,PP Shaw,29,7.6,93.3968253968255,21.75862068965517,66
2020/21,PP Shaw,30,19.8,111.30623306233073,23.233333333333334,42
2020/21,PP Shaw,31,27.2,136.7168610816544,23.838709677419356,4
2020/21,PP Shaw,32,24.2,125.38352774832109,23.21875,2
2020/21,PP Shaw,33,22.8,103.38352774832109,22.575757575757574,10
2020/21,PP Shaw,34,24.8,121.56534593013926,22.205882352941178,64
2020/21,PP Shaw,35,24.4,118.46113306982883,23.4,0
2020/21,PP Shaw,36,16.0,81.93939393939407,22.75,7
2020/21,PP Shaw,37,16.6,66.04195804195815,22.324324324324323,0
2021,PP Shaw,38,16.2,58.041958041958154,21.736842105263158,72
2021,PP Shaw,39,28.6,77.75487670224524,23.025641025641026,2
2021,PP Shaw,40,16.2,56.66396761133615,22.5,32
2021,PP Shaw,41,22.6,94.31102643486555,22.73170731707317,7
2021,PP Shaw,42,22.6,111.54179566563478,22.357142857142858,53
2021,PP Shaw,43,33.2,138.04179566563477,23.069767441860463,21
2021,PP Shaw,44,23.0,123.48039215686285,23.022727272727273,82
2021,PP Shaw,45,39.0,153.6199270405838,24.333333333333332,39
2021,PP Shaw,46,40.4,151.42741367159982,24.652173913043477,10
2021,PP Shaw,47,41.0,140.0940803382665,24.340425531914892,48
2021,PP Shaw,48,40.0,142.6849894291756,24.833333333333332,11
2021,PP Shaw,49,38.0,146.8516560958423,24.551020408163264,18
2021,PP Shaw,50,25.2,134.42640692640705,24.42,6
2021,PP Shaw,51,18.6,116.11471861471873,24.058823529411764,60
2021,PP Shaw,52,28.6,134.74216959511088,24.75,18
2022,PP Shaw,53,22.6,135.6512605042018,24.62264150943396,38
2022,PP Shaw,54,28.0,139.81792717086847,24.87037037037037,10
2022,PP Shaw,55,26.4,142.6750700280113,24.6,61
2022,PP Shaw,56,37.4,159.42110177404305,25.25,51
2022,PP Shaw,57,35.6,158.12698412698424,25.70175438596491,16
2022,PP Shaw,58,35.2,152.74236874236885,25.53448275862069,41
2022,PP Shaw,59,35.8,158.34842934842945,25.796610169491526,37
2022,PP Shaw,60,41.2,154.44366744366755,25.983333333333334,0
2022,PP Shaw,61,29.0,120.55477855477866,25.557377049180328,5
2022,PP Shaw,62,19.8,100.84049284049294,25.225806451612904,24
2023,PP Shaw,63,21.4,97.09467344249963,25.206349206349206,12
2023,PP Shaw,64,15.6,83.82194616977237,25.0,7
2023,PP Shaw,65,9.6,82.48861283643903,24.723076923076924,0
2023,PP Shaw,66,9.6,82.48861283643903,24.348484848484848,15
2023,PP Shaw,67,11.6,95.47562582345202,24.208955223880597,0
2023,PP Shaw,68,6.8,74.60606060606071,23.852941176470587,13
2023,PP Shaw,69,7.0,74.24242424242436,23.695652173913043,54
2023,PP Shaw,70,16.4,77.90909090909102,24.12857142857143,5
2024,PP Shaw,71,17.4,92.1948051948053,23.859154929577464,43
2024,PP Shaw,72,23.0,94.57725033587114,24.125,10
2024,PP Shaw,73,25.0,123.14867890729973,23.931506849315067,66
2024,PP Shaw,74,35.6,131.7074372221556,24.5,32
2024,PP Shaw,75,31.2,133.79834631306468,24.6,7
2024,PP Shaw,76,31.6,142.84596536068372,24.36842105263158,16
2024,PP Shaw,77,26.2,177.19079294689064,24.25974025974026,11
2024,PP Shaw,78,26.4,180.0479358040335,24.08974358974359,13
2009,PR Shah,5,7.0,78.74396135265712,7.0,29
2009,PR Shah,6,9.0,92.74853801169601,10.666666666666666,11
2009,PR Shah,7,9.2,80.09153318077816,10.714285714285714,12
2011,PR Shah,8,10.6,81.90971499895997,10.875,5
2016,PV Tambe,5,2.2,68.5714285714287,2.2,7
2022,PVD Chameera,5,6.4,87.888888888889,6.4,0
2022,PVD Chameera,6,6.2,67.888888888889,5.333333333333333,11
2022,PWH de Silva,5,4.0,101.33333333333344,4.0,18
2022,PWH de Silva,6,7.6,123.83333333333344,6.333333333333333,0
2022,PWH de Silva,7,7.4,103.83333333333344,5.428571428571429,1
2022,PWH de Silva,8,6.8,82.16666666666679,4.875,0
2023,PWH de Silva,9,5.4,35.500000000000114,4.333333333333333,2
2023,PWH de Silva,10,4.2,47.500000000000114,4.1,6
2023,PWH de Silva,11,1.8,38.33333333333344,4.2727272727272725,5
2023,PWH de Silva,12,2.8,63.33333333333344,4.333333333333333,8
2023,PWH de Silva,13,4.2,81.1904761904763,4.615384615384615,12
2014,Q de Kock,5,14.0,75.41218637992843,14.0,42
2014,Q de Kock,6,22.0,96.42228739002942,18.666666666666668,24
2014,Q de Kock,7,26.8,124.6575815076765,19.428571428571427,10
2014,Q de Kock,8,28.0,120.21313706323205,18.25,7
2014,Q de Kock,9,19.8,100.91206179441484,17.0,6
2015,Q de Kock,10,17.8,107.57872846108152,15.9,50
2015,Q de Kock,11,19.4,114.3822475226651,19.0,3
2015,Q de Kock,12,15.2,94.71838197644661,17.666666666666668,69
2016,Q de Kock,13,27.0,106.9961597542244,21.615384615384617,17
2016,Q de Kock,14,29.0,129.32949308755772,21.285714285714285,59
2016,Q de Kock,15,39.6,136.14767490573954,23.8,108
2016,Q de Kock,16,51.2,143.8896103896105,29.0625,9
2016,Q de Kock,17,52.4,161.03246753246765,27.88235294117647,5
2016,Q de Kock,18,39.6,135.62337662337674,26.61111111111111,1
2016,Q de Kock,19,36.4,108.2900432900434,25.263157894736842,46
2016,Q de Kock,20,33.8,101.47186147186157,26.3,52
2016,Q de Kock,21,22.6,95.02024856863576,27.523809523809526,44
2016,Q de Kock,22,29.6,96.80596285435006,28.272727272727273,40
2016,Q de Kock,23,36.6,115.3012606599927,28.782608695652176,2
2016,Q de Kock,24,36.8,113.63459399332604,27.666666666666668,2
2016,Q de Kock,25,28.0,97.27095762968966,26.64,60
2018,Q de Kock,26,29.6,85.9447927551377,27.923076923076923,4
2018,Q de Kock,27,21.6,78.4447927551377,27.037037037037038,45
2018,Q de Kock,28,22.6,77.32917409388008,27.678571428571427,26
2018,Q de Kock,29,27.4,99.69759514651166,27.620689655172413,19
2018,Q de Kock,30,30.8,125.29200074091725,27.333333333333332,18
2018,Q de Kock,31,22.4,125.56977851869503,27.032258064516128,53
2018,Q de Kock,32,32.2,134.2184271673437,27.84375,29
2018,Q de Kock,33,29.0,129.22932041353107,27.87878787878788,7
2019,Q de Kock,34,25.2,111.86089936089948,27.264705882352942,27
2019,Q de Kock,35,26.8,116.38013013013025,27.257142857142856,23
2019,Q de Kock,36,27.8,116.88013013013025,27.13888888888889,60
2019,Q de Kock,37,29.2,119.00071225071238,28.027027027027028,4
2019,Q de Kock,38,24.2,108.94780219780232,27.394736842105264,19
2019,Q de Kock,39,26.6,120.05891330891343,27.17948717948718,24
2019,Q de Kock,40,26.0,107.17847852630473,27.1,81
2019,Q de Kock,41,37.6,114.74451626215378,28.414634146341463,40
2019,Q de Kock,42,33.6,113.60491512255264,28.69047619047619,35
2019,Q de Kock,43,39.8,128.10226961990716,28.837209302325583,65
2019,Q de Kock,44,49.0,134.07449184212936,29.65909090909091,15
2019,Q de Kock,45,47.2,143.20492662473808,29.333333333333332,0
2019,Q de Kock,46,31.0,112.638888888889,28.695652173913043,69
2019,Q de Kock,47,36.8,106.80236270753524,29.5531914893617,30
2019,Q de Kock,48,35.8,106.96339330334845,29.5625,8
2019,Q de Kock,49,24.4,92.18775227770742,29.122448979591837,29
2020/21,Q de Kock,50,27.2,94.40997449992965,29.12,33
2020/21,Q de Kock,51,33.8,124.40997449992965,29.19607843137255,25
2020/21,Q de Kock,52,25.0,139.07840951319224,29.115384615384617,18
2020/21,Q de Kock,53,22.6,131.93882141250575,28.90566037735849,0
2020/21,Q de Kock,54,21.0,119.63112910481345,28.37037037037037,1
2020/21,Q de Kock,55,15.4,94.07557354925787,27.87272727272727,23
2020/21,Q de Kock,56,13.4,92.82557354925787,27.785714285714285,56
2020/21,Q de Kock,57,19.6,78.19382232176197,28.280701754385966,46
2020/21,Q de Kock,58,25.2,84.1113187655742,28.586206896551722,78
2020/21,Q de Kock,59,40.8,119.56586422011965,29.423728813559322,53
2020/21,Q de Kock,60,51.2,142.34364199789744,29.816666666666666,26
2020/21,Q de Kock,61,51.8,132.165070569326,29.75409836065574,67
2020/21,Q de Kock,62,54.0,141.83528333528346,30.35483870967742,6
2020/21,Q de Kock,63,46.0,146.97041847041856,29.96825396825397,14
2020/21,Q de Kock,64,33.2,129.01587301587313,29.71875,40
2020/21,Q de Kock,65,30.6,130.34065934065944,29.876923076923077,20
2021,Q de Kock,66,29.4,145.10256410256423,29.727272727272727,2
2021,Q de Kock,67,16.4,118.26923076923087,29.313432835820894,40
2021,Q de Kock,68,23.2,108.26923076923087,29.470588235294116,2
2021,Q de Kock,69,20.8,100.76923076923089,29.07246376811594,3
2021,Q de Kock,70,13.4,82.00000000000011,28.7,70
2021,Q de Kock,71,23.4,76.66666666666679,29.281690140845072,38
2021,Q de Kock,72,30.6,96.20689655172426,29.40277777777778,55
2021,Q de Kock,73,33.6,101.20689655172426,29.753424657534246,27
2021,Q de Kock,74,38.6,109.20689655172426,29.716216216216218,17
2021,Q de Kock,75,41.4,125.5402298850576,29.546666666666667,24
2021,Q de Kock,76,32.2,118.4097951024489,29.473684210526315,19
2022,Q de Kock,77,28.4,113.31400966183587,29.337662337662337,7
2022,Q de Kock,78,18.8,103.86956521739144,29.05128205128205,61
2022,Q de Kock,79,25.6,111.28623188405808,29.455696202531644,1
2022,Q de Kock,80,22.4,87.95289855072477,29.1,80
2022,Q de Kock,81,33.6,96.71296296296309,29.728395061728396,39
2022,Q de Kock,82,37.6,99.97685185185199,29.841463414634145,24
2022,Q de Kock,83,41.0,121.34437321937335,29.771084337349397,3
2022,Q de Kock,84,29.4,107.92770655270667,29.452380952380953,10
2022,Q de Kock,85,31.2,125.1499287749289,29.223529411764705,46
2022,Q de Kock,86,24.4,119.11004273504287,29.41860465116279,23
2022,Q de Kock,87,21.2,130.11965811965825,29.344827586206897,50
2022,Q de Kock,88,26.4,127.67933981727097,29.579545454545453,11
2022,Q de Kock,89,28.0,137.67933981727097,29.370786516853933,7
2022,Q de Kock,90,27.4,131.01267315060431,29.122222222222224,140
2022,Q de Kock,91,46.2,146.85954927917055,30.34065934065934,6
2023,Q de Kock,92,42.8,135.47493389455516,30.07608695652174,70
2023,Q de Kock,93,46.8,134.32550860719888,30.50537634408602,29
2023,Q de Kock,94,50.4,142.85182439667255,30.48936170212766,16
2023,Q de Kock,95,52.2,148.62960217445033,30.33684210526316,28
2024,Q de Kock,96,29.8,129.9337231968812,30.3125,4
2024,Q de Kock,97,29.4,121.93372319688122,30.04123711340206,54
2024,Q de Kock,98,26.2,116.29269755585558,30.285714285714285,81
2024,Q de Kock,99,36.6,114.18743439796086,30.7979797979798,6
2024,Q de Kock,100,34.6,122.8541010646275,30.55,19
2024,Q de Kock,101,32.8,131.344129554656,30.435643564356436,10
2024,Q de Kock,102,34.0,140.344129554656,30.235294117647058,54
2024,Q de Kock,103,34.0,135.63054526660363,30.466019417475728,0
2024,Q de Kock,104,17.8,107.20949263502466,30.173076923076923,8
2024,Q de Kock,105,18.2,130.54282596835802,29.961904761904762,2
2024,Q de Kock,106,14.8,109.31205673758878,29.69811320754717,12
2009/10,R Ashwin,5,5.2,57.333333333333464,5.2,6
2009/10,R Ashwin,6,4.8,55.897435897436026,5.333333333333333,6
2011,R Ashwin,7,6.0,79.89743589743603,5.428571428571429,0
2011,R Ashwin,8,5.6,71.89743589743603,4.75,2
2012,R Ashwin,9,3.8,59.897435897436026,4.444444444444445,3
2012,R Ashwin,10,3.4,55.230769230769354,4.3,8
2012,R Ashwin,11,3.8,78.00000000000013,4.636363636363637,7
2012,R Ashwin,12,4.0,100.66666666666679,4.833333333333333,0
2012,R Ashwin,13,4.0,100.66666666666679,4.461538461538462,0
2013,R Ashwin,14,3.6,90.66666666666679,4.142857142857143,2
2013,R Ashwin,15,3.4,86.66666666666679,4.0,11
2013,R Ashwin,16,4.0,98.6666666666668,4.4375,11
2013,R Ashwin,17,4.8,68.92307692307706,4.823529411764706,2
2013,R Ashwin,18,5.2,73.92307692307706,4.666666666666667,9
2014,R Ashwin,19,7.0,83.39676113360338,4.894736842105263,1
2014,R Ashwin,20,6.8,95.39676113360338,4.7,9
2014,R Ashwin,21,6.4,62.64676113360336,4.904761904761905,11
2014,R Ashwin,22,6.4,100.72368421052644,5.181818181818182,14
2014,R Ashwin,23,8.8,113.22368421052644,5.565217391304348,10
2015,R Ashwin,24,9.0,121.93181818181831,5.75,12
2015,R Ashwin,25,11.2,131.9318181818183,6.0,5
2015,R Ashwin,26,10.4,145.6818181818183,5.961538461538462,9
2015,R Ashwin,27,10.0,135.6818181818183,6.074074074074074,23
2015,R Ashwin,28,11.8,153.5664335664337,6.678571428571429,1
2015,R Ashwin,29,10.0,155.38461538461553,6.482758620689655,2
2016,R Ashwin,30,8.0,135.38461538461553,6.333333333333333,1
2016,R Ashwin,31,7.2,120.38461538461551,6.161290322580645,0
2016,R Ashwin,32,5.4,75.38461538461551,5.96875,10
2016,R Ashwin,33,2.8,80.00000000000014,6.090909090909091,29
2016,R Ashwin,34,8.4,83.20000000000013,6.764705882352941,0
2016,R Ashwin,35,8.0,73.20000000000013,6.571428571428571,1
2018,R Ashwin,36,8.0,83.20000000000013,6.416666666666667,33
2018,R Ashwin,37,14.6,114.62857142857156,7.135135135135135,14
2018,R Ashwin,38,15.4,100.08311688311701,7.315789473684211,6
2018,R Ashwin,39,10.8,90.21645021645034,7.282051282051282,4
2018,R Ashwin,40,11.6,103.54978354978368,7.2,0
2018,R Ashwin,41,11.4,83.54978354978367,7.024390243902439,45
2018,R Ashwin,42,13.8,89.62121212121225,7.928571428571429,0
2018,R Ashwin,43,11.0,64.1666666666668,7.744186046511628,0
2019,R Ashwin,44,9.8,50.833333333333464,7.568181818181818,3
2019,R Ashwin,45,9.6,52.500000000000135,7.466666666666667,17
2019,R Ashwin,46,13.0,137.50000000000014,7.673913043478261,16
2019,R Ashwin,47,7.2,122.85714285714297,7.851063829787234,6
2019,R Ashwin,48,8.4,182.85714285714297,7.8125,0
2019,R Ashwin,49,8.4,182.85714285714297,7.653061224489796,0
2020/21,R Ashwin,50,7.8,167.85714285714297,7.5,4
2020/21,R Ashwin,51,5.2,96.19047619047633,7.431372549019608,14
2020/21,R Ashwin,52,4.8,94.871794871795,7.5576923076923075,0
2020/21,R Ashwin,53,3.6,34.87179487179501,7.415094339622642,7
2020/21,R Ashwin,54,5.0,62.87179487179501,7.407407407407407,12
2021,R Ashwin,55,7.4,89.53846153846168,7.490909090909091,7
2021,R Ashwin,56,8.0,104.20512820512833,7.482142857142857,9
2021,R Ashwin,57,7.0,105.16666666666679,7.508771929824562,6
2021,R Ashwin,58,8.2,125.16666666666679,7.482758620689655,2
2021,R Ashwin,59,7.2,110.50000000000014,7.389830508474576,20
2022,R Ashwin,60,8.8,102.88095238095252,7.6,1
2022,R Ashwin,61,7.6,94.88095238095251,7.491803278688525,28
2022,R Ashwin,62,11.4,94.78095238095253,7.82258064516129,8
2022,R Ashwin,63,11.8,94.78095238095253,7.825396825396825,2
2022,R Ashwin,64,11.8,101.4476190476192,7.734375,17
2022,R Ashwin,65,11.2,120.17777777777792,7.876923076923077,21
2022,R Ashwin,66,15.2,142.17777777777792,8.075757575757576,6
2022,R Ashwin,67,10.8,143.7777777777779,8.044776119402986,50
2022,R Ashwin,68,19.2,150.09356725146213,8.661764705882353,10
2022,R Ashwin,69,20.8,155.09356725146213,8.681159420289855,40
2022,R Ashwin,70,25.4,152.09839816933652,9.128571428571428,2
2022,R Ashwin,71,21.6,130.09839816933652,9.028169014084508,6
2023,R Ashwin,72,21.6,119.43173150266985,8.98611111111111,1
2023,R Ashwin,73,11.8,103.11594202898564,8.876712328767123,0
2023,R Ashwin,74,9.8,78.11594202898564,8.756756756756756,30
2023,R Ashwin,75,7.8,67.33333333333346,9.04,10
2023,R Ashwin,76,9.4,114.00000000000014,9.052631578947368,3
2023,R Ashwin,77,8.8,130.6666666666668,8.974025974025974,12
2023,R Ashwin,78,11.0,160.6666666666668,9.012820512820513,1
2023,R Ashwin,79,11.2,180.6666666666668,8.91139240506329,8
2023,R Ashwin,80,6.8,183.33333333333348,8.9,2
2024,R Ashwin,81,5.2,123.33333333333346,8.814814814814815,29
2024,R Ashwin,82,10.4,122.33333333333346,9.060975609756097,16
2024,R Ashwin,83,11.2,102.33333333333346,9.144578313253012,8
2024,R Ashwin,84,12.6,95.66666666666679,9.130952380952381,2
2024,R Ashwin,85,11.4,89.00000000000014,9.047058823529412,2
2024,R Ashwin,86,11.4,95.6666666666668,8.965116279069768,1
2024,R Ashwin,87,5.8,86.6666666666668,8.873563218390805,28
2024,R Ashwin,88,8.2,96.14035087719311,9.090909090909092,0
2009,R Bhatia,5,7.2,82.88095238095251,7.2,0
2009,R Bhatia,6,3.8,60.21428571428585,6.0,2
2009,R Bhatia,7,2.6,33.928571428571566,5.428571428571429,4
2009/10,R Bhatia,8,1.6,51.42857142857156,5.25,21
2009/10,R Bhatia,9,5.4,92.38095238095252,7.0,2
2009/10,R Bhatia,10,5.8,105.71428571428585,6.5,1
2011,R Bhatia,11,6.0,109.71428571428585,6.0,0
2011,R Bhatia,12,5.6,104.00000000000014,5.5,10
2011,R Bhatia,13,6.8,86.22222222222237,5.846153846153846,1
2011,R Bhatia,14,2.8,59.55555555555569,5.5,1
2011,R Bhatia,15,2.6,52.88888888888903,5.2,11
2011,R Bhatia,16,4.6,85.55555555555569,5.5625,2
2012,R Bhatia,17,5.0,98.88888888888903,5.352941176470588,7
2012,R Bhatia,18,4.4,92.22222222222237,5.444444444444445,8
2012,R Bhatia,19,5.8,92.22222222222236,5.578947368421052,4
2012,R Bhatia,20,6.4,165.5555555555557,5.5,3
2012,R Bhatia,21,4.8,158.88888888888906,5.380952380952381,1
2012,R Bhatia,22,4.6,165.5555555555557,5.181818181818182,12
2013,R Bhatia,23,5.6,176.6666666666668,5.478260869565218,12
2013,R Bhatia,24,6.4,190.9523809523811,5.75,13
2013,R Bhatia,25,8.2,143.4523809523811,6.04,16
2013,R Bhatia,26,10.8,166.78571428571442,6.423076923076923,1
2013,R Bhatia,27,10.8,148.7857142857144,6.222222222222222,1
2013,R Bhatia,28,8.6,142.11904761904776,6.035714285714286,26
2013,R Bhatia,29,11.4,127.83333333333346,6.724137931034483,4
2013,R Bhatia,30,9.6,111.33333333333346,6.633333333333334,13
2013,R Bhatia,31,9.0,110.00000000000014,6.838709677419355,3
2013,R Bhatia,32,9.4,123.00000000000014,6.71875,10
2014,R Bhatia,33,11.2,125.22222222222236,6.818181818181818,4
2014,R Bhatia,34,6.8,131.88888888888903,6.735294117647059,23
2014,R Bhatia,35,10.6,137.79365079365093,7.2,17
2014,R Bhatia,36,11.4,110.07936507936522,7.472222222222222,6
2014,R Bhatia,37,12.0,215.0793650793652,7.4324324324324325,4
2014,R Bhatia,38,10.8,202.857142857143,7.342105263157895,7
2014,R Bhatia,39,11.4,211.19047619047632,7.333333333333333,6
2015,R Bhatia,40,8.0,219.2857142857144,7.3,0
2016,R Bhatia,41,4.6,195.00000000000014,7.121951219512195,0
2016,R Bhatia,42,3.4,75.00000000000014,6.9523809523809526,21
2016,R Bhatia,43,6.8,103.18181818181831,7.27906976744186,1
2016,R Bhatia,44,5.6,88.18181818181831,7.136363636363637,3
2016,R Bhatia,45,5.0,88.18181818181831,7.044444444444444,9
2017,R Bhatia,46,6.8,133.1818181818183,7.086956521739131,16
2014,R Dhawan,5,8.0,99.77777777777791,8.0,23
2014,R Dhawan,6,12.6,120.68686868686882,10.5,4
2014,R Dhawan,7,10.6,115.35353535353549,9.571428571428571,8
2014,R Dhawan,8,11.4,107.35353535353549,9.375,14
2014,R Dhawan,9,13.6,118.4646464646466,9.88888888888889,14
2015,R Dhawan,10,12.6,116.02020202020216,10.3,6
2015,R Dhawan,11,9.2,115.11111111111124,9.909090909090908,4
2015,R Dhawan,12,9.2,115.11111111111124,9.416666666666666,1
2015,R Dhawan,13,7.8,103.11111111111124,8.76923076923077,25
2016,R Dhawan,14,10.0,97.00000000000014,9.928571428571429,3
2016,R Dhawan,15,7.8,108.33333333333348,9.466666666666667,11
2022,R Dhawan,16,8.8,143.33333333333348,9.5625,21
2022,R Dhawan,17,12.2,148.26086956521755,10.235294117647058,5
2022,R Dhawan,18,13.0,178.26086956521755,9.944444444444445,7
2022,R Dhawan,19,9.4,199.9275362318842,9.789473684210526,4
2023,R Dhawan,20,9.6,176.08138238573034,9.5,1
2023,R Dhawan,21,7.6,141.08138238573034,9.095238095238095,19
2007/08,R Dravid,5,14.4,58.06060606060619,14.4,31
2007/08,R Dravid,6,20.2,74.25108225108238,17.166666666666668,66
2007/08,R Dravid,7,27.0,80.73949579831945,24.142857142857142,5
2007/08,R Dravid,8,28.0,89.83040488922856,21.75,11
2007/08,R Dravid,9,30.2,103.58040488922855,20.555555555555557,29
2007/08,R Dravid,10,28.4,100.55476386358752,21.4,75
2007/08,R Dravid,11,37.2,111.57149488031855,26.272727272727273,9
2007/08,R Dravid,12,25.8,102.05277830277844,24.833333333333332,47
2007/08,R Dravid,13,34.2,117.06443331443344,26.53846153846154,26
2009,R Dravid,14,37.2,130.68285436706503,26.5,66
2009,R Dravid,15,44.6,134.77516205937272,29.133333333333333,20
2009,R Dravid,16,33.6,116.4568437410544,28.5625,48
2009,R Dravid,17,41.4,135.6487629329736,29.705882352941178,10
2009,R Dravid,18,34.0,126.93081421502488,28.61111111111111,0
2009,R Dravid,19,28.8,99.5623931623933,27.105263157894736,10
2009,R Dravid,20,17.6,88.54700854700869,26.25,12
2009,R Dravid,21,16.0,84.78632478632493,25.571428571428573,8
2009,R Dravid,22,8.0,69.23076923076937,24.772727272727273,38
2009,R Dravid,23,13.6,76.19909502262458,25.347826086956523,6
2009,R Dravid,24,14.8,89.5324283559579,24.541666666666668,44
2009,R Dravid,25,21.6,96.71191553544509,25.32,9
2009/10,R Dravid,26,21.0,92.09653092006047,24.692307692307693,21
2009/10,R Dravid,27,23.6,98.34653092006047,24.555555555555557,14
2009/10,R Dravid,28,18.8,99.32692307692321,24.178571428571427,1
2009/10,R Dravid,29,17.8,105.99358974358988,23.379310344827587,14
2009/10,R Dravid,30,11.8,114.54059829059842,23.066666666666666,26
2009/10,R Dravid,31,15.2,120.69444444444457,23.161290322580644,52
2009/10,R Dravid,32,21.4,124.15873015873031,24.0625,49
2009/10,R Dravid,33,28.4,128.0476190476192,24.818181818181817,5
2009/10,R Dravid,34,29.2,133.0476190476192,24.235294117647058,16
2009/10,R Dravid,35,29.6,131.02741702741716,24.0,23
2009/10,R Dravid,36,29.0,131.02741702741716,23.97222222222222,35
2011,R Dravid,37,25.6,124.6464646464648,24.27027027027027,28
2011,R Dravid,38,21.4,112.97979797979812,24.36842105263158,38
2011,R Dravid,39,28.0,111.72979797979812,24.71794871794872,35
2011,R Dravid,40,31.8,102.08333333333346,24.975,8
2011,R Dravid,41,28.8,104.94047619047633,24.5609756097561,44
2011,R Dravid,42,30.6,104.76503759398511,25.023809523809526,5
2011,R Dravid,43,26.0,95.45948203842954,24.558139534883722,18
2011,R Dravid,44,22.0,89.70948203842954,24.40909090909091,66
2011,R Dravid,45,28.2,96.14739053516158,25.333333333333332,20
2011,R Dravid,46,30.6,96.8196594427246,25.217391304347824,37
2011,R Dravid,47,29.2,97.53273244781798,25.46808510638298,1
2011,R Dravid,48,28.4,96.28273244781796,24.958333333333332,43
2012,R Dravid,49,33.4,105.15773244781796,25.3265306122449,28
2012,R Dravid,50,25.8,102.60871283997483,25.38,26
2012,R Dravid,51,27.0,100.74596774193563,25.392156862745097,3
2012,R Dravid,52,20.2,88.87500000000014,24.96153846153846,28
2012,R Dravid,53,25.6,104.61574074074088,25.0188679245283,25
2012,R Dravid,54,22.0,93.36574074074088,25.01851851851852,42
2012,R Dravid,55,24.8,101.14351851851866,25.327272727272728,26
2012,R Dravid,56,24.8,97.40788633461061,25.339285714285715,58
2012,R Dravid,57,35.8,111.77152269824697,25.912280701754387,40
2012,R Dravid,58,38.2,111.03078195750622,26.155172413793103,57
2012,R Dravid,59,44.6,121.31487286659714,26.677966101694917,46
2012,R Dravid,60,45.4,113.79350534522962,27.0,14
2012,R Dravid,61,43.0,113.36247086247099,26.78688524590164,4
2012,R Dravid,62,32.2,94.99883449883464,26.419354838709676,21
2012,R Dravid,63,28.4,95.99883449883464,26.333333333333332,39
2012,R Dravid,64,24.8,91.17082467082481,26.53125,5
2013,R Dravid,65,16.6,84.2477477477479,26.2,65
2013,R Dravid,66,26.8,91.7477477477479,26.78787878787879,17
2013,R Dravid,67,29.4,100.7477477477479,26.64179104477612,54
2013,R Dravid,68,36.0,102.2477477477479,27.044117647058822,9
2013,R Dravid,69,30.0,96.16666666666681,26.782608695652176,35
2013,R Dravid,70,36.0,102.08064516129045,26.9,6
2013,R Dravid,71,24.2,89.08064516129045,26.6056338028169,36
2013,R Dravid,72,28.0,92.08064516129045,26.73611111111111,22
2013,R Dravid,73,21.6,95.46299810246693,26.671232876712327,6
2013,R Dravid,74,21.0,120.46299810246694,26.39189189189189,58
2013,R Dravid,75,25.6,126.17503586800588,26.813333333333333,53
2013,R Dravid,76,35.0,134.95934959349609,27.157894736842106,4
2013,R Dravid,77,28.6,126.3879210220675,26.857142857142858,22
2013,R Dravid,78,28.6,116.21985379517676,26.794871794871796,4
2013,R Dravid,79,28.2,89.55318712851007,26.50632911392405,25
2013,R Dravid,80,21.6,82.09383753501413,26.4875,12
2013,R Dravid,81,13.4,85.30952380952394,26.308641975308642,43
2009/10,R McLaren,5,5.2,86.91666666666681,5.2,40
2009/10,R McLaren,6,11.0,61.521317829457494,11.0,0
2011,R McLaren,7,10.8,41.521317829457494,9.428571428571429,51
2011,R McLaren,8,18.4,47.44523087293576,14.625,2
2011,R McLaren,9,18.6,45.778564206269095,13.222222222222221,28
2011,R McLaren,10,24.2,62.74826117596607,14.7,9
2013,R McLaren,11,18.0,57.00075287031823,14.181818181818182,2
2013,R McLaren,12,18.4,70.33408620365155,13.166666666666666,1
2020/21,R Parag,5,32.0,125.69396528943408,32.0,6
2020/21,R Parag,6,30.0,132.83682243229117,27.666666666666668,1
2020/21,R Parag,7,21.6,106.51498335183143,23.857142857142858,42
2020/21,R Parag,8,29.2,109.84831668516476,26.125,16
2020/21,R Parag,9,23.0,99.04336312479325,25.0,20
2020/21,R Parag,10,17.0,110.94466936572212,24.5,0
2020/21,R Parag,11,15.8,80.94466936572213,22.272727272727273,0
2020/21,R Parag,12,15.6,77.61133603238879,20.416666666666668,1
2021,R Parag,13,7.4,57.61133603238879,18.923076923076923,25
2021,R Parag,14,9.2,82.43589743589757,19.357142857142858,2
2021,R Parag,15,5.6,59.6666666666668,18.2,3
2021,R Parag,16,6.2,68.23809523809537,17.25,25
2021,R Parag,17,11.2,99.48809523809537,17.705882352941178,8
2021,R Parag,18,12.6,112.34523809523823,17.166666666666668,15
2021,R Parag,19,10.6,108.17857142857156,17.05263157894737,2
2021,R Parag,20,10.6,105.89285714285727,16.3,0
2021,R Parag,21,10.0,97.3214285714287,15.523809523809524,9
2021,R Parag,22,6.8,77.3214285714287,15.227272727272727,4
2022,R Parag,23,6.0,70.46428571428585,14.73913043478261,12
2022,R Parag,24,5.4,59.63095238095251,14.625,5
2022,R Parag,25,6.0,78.9166666666668,14.24,8
2022,R Parag,26,7.6,118.91666666666679,14.0,18
2022,R Parag,27,9.4,130.1666666666668,14.148148148148149,5
2022,R Parag,28,9.6,139.1666666666668,13.821428571428571,56
2022,R Parag,29,18.4,148.62903225806468,15.275862068965518,3
2022,R Parag,30,18.0,143.62903225806468,14.866666666666667,19
2022,R Parag,31,20.2,135.2956989247313,15.0,0
2022,R Parag,32,16.6,112.79569892473133,14.53125,9
2022,R Parag,33,17.4,117.79569892473133,14.363636363636363,19
2022,R Parag,34,10.0,105.41666666666679,14.5,10
2022,R Parag,35,11.4,102.08333333333346,14.371428571428572,4
2022,R Parag,36,8.4,97.08333333333346,14.083333333333334,15
2023,R Parag,37,11.4,117.08333333333346,14.108108108108109,7
2023,R Parag,38,11.0,110.41666666666681,13.921052631578947,20
2023,R Parag,39,11.2,120.00000000000014,14.076923076923077,7
2023,R Parag,40,10.6,115.00000000000014,13.9,5
2023,R Parag,41,10.8,102.61904761904775,13.682926829268293,15
2023,R Parag,42,10.8,107.61904761904775,13.714285714285714,4
2023,R Parag,43,10.2,97.61904761904775,13.488372093023257,20
2024,R Parag,44,10.2,95.0549450549452,13.636363636363637,43
2024,R Parag,45,17.4,111.13021387214948,14.28888888888889,84
2024,R Parag,46,33.2,132.58918043749904,15.804347826086957,54
2024,R Parag,47,41.0,134.58918043749904,16.617021276595743,4
2024,R Parag,48,41.0,141.25584710416572,16.354166666666668,76
2024,R Parag,49,52.2,140.88661633493493,17.571428571428573,23
2024,R Parag,50,48.2,138.7002364066195,17.68,34
2024,R Parag,51,38.2,145.4555555555557,18.0,14
2024,R Parag,52,30.2,143.91010101010113,17.923076923076923,77
2024,R Parag,53,44.8,151.41010101010116,19.037735849056602,27
2024,R Parag,54,35.0,144.48836187966634,19.185185185185187,47
2024,R Parag,55,39.8,144.33821172951622,19.69090909090909,48
2024,R Parag,56,42.6,129.26678315808766,20.196428571428573,36
2024,R Parag,57,47.0,128.63982391043876,20.473684210526315,6
2022,R Powell,5,6.2,66.00000000000014,6.2,36
2022,R Powell,6,13.4,111.00000000000014,11.166666666666666,33
2022,R Powell,7,16.0,116.49019607843152,14.285714285714286,35
2022,R Powell,8,22.4,143.82352941176484,16.875,67
2022,R Powell,9,34.2,154.37908496732038,22.444444444444443,3
2022,R Powell,10,34.8,161.04575163398707,20.5,2
2022,R Powell,11,28.0,122.71241830065374,18.818181818181817,43
2023,R Powell,12,30.0,106.52046783625744,20.833333333333332,1
2023,R Powell,13,23.2,79.85380116959077,19.307692307692307,2
2023,R Powell,14,10.2,62.63157894736855,18.071428571428573,4
2024,R Powell,15,10.4,75.9649122807019,17.133333333333333,11
2024,R Powell,16,12.2,113.29824561403522,16.75,26
2024,R Powell,17,8.8,130.6666666666668,17.294117647058822,27
2024,R Powell,18,14.0,154.00000000000014,17.833333333333332,13
2024,R Powell,19,16.2,160.00000000000014,17.57894736842105,4
2024,R Powell,20,16.2,156.00000000000014,16.9,16
2024,R Powell,21,17.2,152.00000000000014,16.857142857142858,6
2013,R Rampaul,5,7.6,74.84126984126996,7.6,0
2014,R Rampaul,6,7.6,74.84126984126996,6.333333333333333,13
2024,R Ravindra,5,22.4,148.68092691622115,22.4,21
2024,R Ravindra,6,19.2,128.4848484848486,22.166666666666668,0
2024,R Ravindra,7,10.0,86.6666666666668,19.0,1
2024,R Ravindra,8,9.8,93.33333333333347,16.75,27
2024,R Ravindra,9,12.8,96.66666666666681,17.88888888888889,61
2009/10,R Sathish,5,11.8,103.11111111111124,11.8,17
2009/10,R Sathish,6,14.0,117.11111111111124,12.666666666666666,4
2009/10,R Sathish,7,10.0,111.29292929292941,11.428571428571429,20
2009/10,R Sathish,8,9.8,96.64052287581713,12.5,1
2009/10,R Sathish,9,9.0,95.52941176470601,11.222222222222221,11
2011,R Sathish,10,10.6,103.52941176470601,11.2,0
2011,R Sathish,11,7.2,69.52941176470601,10.181818181818182,7
2011,R Sathish,12,7.8,76.86274509803935,9.916666666666666,18
2013,R Sathish,13,7.4,69.69696969696983,10.538461538461538,8
2013,R Sathish,14,8.8,86.36363636363649,10.357142857142858,11
2013,R Sathish,15,8.8,84.69696969696983,10.4,22
2013,R Sathish,16,13.2,118.5431235431237,11.125,0
2013,R Sathish,17,11.8,95.20979020979034,10.470588235294118,12
2013,R Sathish,18,10.6,118.84615384615397,10.555555555555555,4
2013,R Sathish,19,9.8,118.846153846154,10.210526315789474,25
2013,R Sathish,20,12.6,128.29059829059844,10.95,27
2016,R Sathish,21,13.6,121.44444444444457,11.714285714285714,10
2016,R Sathish,22,15.6,146.44444444444457,11.636363636363637,6
2016,R Sathish,23,14.4,123.58730158730172,11.391304347826088,8
2011,R Sharma,5,7.8,107.4675324675326,7.8,13
2011,R Sharma,6,8.4,96.35642135642149,8.666666666666666,1
2011,R Sharma,7,7.6,102.0707070707072,7.571428571428571,0
2011,R Sharma,8,4.8,67.0707070707072,6.625,0
2012,R Sharma,9,4.8,67.0707070707072,5.888888888888889,0
2012,R Sharma,10,2.8,48.88888888888902,5.3,2
2012,R Sharma,11,0.6,30.000000000000135,5.0,0
2012,R Sharma,12,0.4,10.000000000000137,4.583333333333333,0
2013,R Sharma,13,0.4,10.000000000000137,4.230769230769231,0
2013,R Sharma,14,0.4,10.000000000000137,3.9285714285714284,1
2013,R Sharma,15,0.6,30.000000000000135,3.7333333333333334,10
2013,R Sharma,16,2.2,36.666666666666806,4.125,0
2013,R Sharma,17,2.2,36.666666666666806,3.8823529411764706,0
2013,R Sharma,18,2.2,36.666666666666806,3.6666666666666665,0
2024,R Shepherd,5,14.6,127.33333333333346,14.6,39
2024,R Shepherd,6,17.6,165.6666666666668,18.666666666666668,1
2024,R Shepherd,7,16.2,159.6666666666668,16.142857142857142,1
2024,R Shepherd,8,11.2,135.00000000000014,14.25,1
2018,R Tewatia,5,9.0,124.49633699633712,9.0,13
2018,R Tewatia,6,8.4,128.76984126984138,9.666666666666666,24
2018,R Tewatia,7,10.2,111.2698412698414,11.714285714285714,3
2019,R Tewatia,8,10.0,96.60317460317474,10.625,9
2019,R Tewatia,9,10.0,115.888888888889,10.444444444444445,11
2019,R Tewatia,10,12.0,130.33333333333346,10.5,5
2019,R Tewatia,11,10.4,115.73015873015886,10.0,1
2020/21,R Tewatia,12,5.8,105.73015873015886,9.25,10
2020/21,R Tewatia,13,7.2,118.73015873015886,9.307692307692308,38
2020/21,R Tewatia,14,13.0,98.24628776241691,11.357142857142858,14
2020/21,R Tewatia,15,13.6,101.80184331797247,11.533333333333333,45
2020/21,R Tewatia,16,21.6,119.65898617511534,13.625,5
2020/21,R Tewatia,17,22.4,126.32565284178199,13.117647058823529,24
2020/21,R Tewatia,18,25.2,141.325652841782,13.722222222222221,2
2020/21,R Tewatia,19,18.0,130.14285714285728,13.105263157894736,19
2020/21,R Tewatia,20,19.0,136.68831168831179,13.4,53
2020/21,R Tewatia,21,20.6,137.67045454545467,15.285714285714286,31
2020/21,R Tewatia,22,25.8,143.96675084175098,16.0,14
2021,R Tewatia,23,23.8,118.70359294701412,15.91304347826087,2
2021,R Tewatia,24,23.8,113.37025961368079,15.333333333333334,19
2021,R Tewatia,25,23.8,99.93591617933735,15.48,20
2021,R Tewatia,26,17.2,93.47758284600403,15.653846153846153,40
2021,R Tewatia,27,19.0,102.51461988304106,16.555555555555557,5
2021,R Tewatia,28,17.2,100.2777777777779,16.142857142857142,12
2021,R Tewatia,29,19.2,104.2777777777779,16.0,9
2021,R Tewatia,30,17.2,95.16666666666679,15.766666666666667,0
2021,R Tewatia,31,13.2,68.50000000000013,15.258064516129032,2
2021,R Tewatia,32,5.6,49.83333333333346,14.84375,44
2021,R Tewatia,33,13.4,61.7777777777779,15.727272727272727,2
2022,R Tewatia,34,11.4,56.44444444444457,15.323529411764707,40
2022,R Tewatia,35,17.6,76.44444444444457,16.02857142857143,14
2022,R Tewatia,36,20.4,107.55555555555569,15.972222222222221,13
2022,R Tewatia,37,22.6,180.88888888888903,15.891891891891891,6
2022,R Tewatia,38,15.0,186.44444444444457,15.631578947368421,6
2022,R Tewatia,39,15.8,188.3492063492065,15.384615384615385,17
2022,R Tewatia,40,11.2,182.50305250305263,15.425,40
2022,R Tewatia,41,16.4,187.7555777555779,16.024390243902438,43
2022,R Tewatia,42,22.4,135.48891108891124,16.666666666666668,11
2022,R Tewatia,43,23.4,120.15557775557788,16.53488372093023,3
2022,R Tewatia,44,22.8,126.58414918414931,16.227272727272727,22
2022,R Tewatia,45,23.8,123.58819776714526,16.355555555555554,2
2023,R Tewatia,46,16.2,100.55789473684224,16.043478260869566,15
2023,R Tewatia,47,10.6,86.15789473684224,16.02127659574468,5
2023,R Tewatia,48,9.4,121.49122807017557,15.791666666666666,1
2023,R Tewatia,49,9.0,126.49122807017557,15.489795918367347,2
2023,R Tewatia,50,5.0,123.33333333333346,15.22,20
2023,R Tewatia,51,8.6,176.6666666666668,15.313725490196079,20
2023,R Tewatia,52,9.6,213.80952380952394,15.403846153846153,14
2023,R Tewatia,53,11.4,185.34798534798549,15.377358490566039,3
2023,R Tewatia,54,11.8,180.34798534798549,15.148148148148149,4
2023,R Tewatia,55,12.2,176.34798534798549,14.945454545454545,3
2024,R Tewatia,56,8.8,119.68131868131881,14.732142857142858,22
2024,R Tewatia,57,9.2,90.03846153846168,14.859649122807017,6
2024,R Tewatia,58,7.6,78.50000000000014,14.706896551724139,23
2024,R Tewatia,59,11.6,105.31818181818196,14.847457627118644,30
2024,R Tewatia,60,16.8,110.74675324675339,15.1,22
2024,R Tewatia,61,20.6,137.41341991342006,15.21311475409836,10
2024,R Tewatia,62,18.2,122.41341991342006,15.129032258064516,36
2024,R Tewatia,63,24.2,152.41341991342006,15.46031746031746,4
2024,R Tewatia,64,20.4,126.59523809523822,15.28125,35
2009,R Vinay Kumar,5,6.6,125.90909090909103,6.6,5
2009,R Vinay Kumar,6,7.4,122.5757575757577,6.333333333333333,1
2009,R Vinay Kumar,7,3.0,121.66666666666681,5.571428571428571,12
2009,R Vinay Kumar,8,5.2,135.12820512820525,6.375,7
2009,R Vinay Kumar,9,6.6,146.79487179487194,6.444444444444445,6
2009,R Vinay Kumar,10,6.2,126.79487179487194,6.4,8
2009/10,R Vinay Kumar,11,6.8,130.12820512820525,6.545454545454546,2
2009/10,R Vinay Kumar,12,7.0,123.4615384615386,6.166666666666667,3
2009/10,R Vinay Kumar,13,5.2,125.00000000000014,5.923076923076923,4
2009/10,R Vinay Kumar,14,4.6,123.33333333333346,5.785714285714286,10
2009/10,R Vinay Kumar,15,5.4,78.71794871794886,6.066666666666666,8
2011,R Vinay Kumar,16,5.4,78.71794871794886,6.1875,1
2011,R Vinay Kumar,17,5.2,85.38461538461551,5.882352941176471,11
2011,R Vinay Kumar,18,6.8,87.38461538461551,6.166666666666667,5
2011,R Vinay Kumar,19,7.0,102.38461538461551,6.105263157894737,18
2011,R Vinay Kumar,20,8.6,105.94736842105276,6.7,11
2011,R Vinay Kumar,21,9.2,110.39181286549722,6.904761904761905,3
2011,R Vinay Kumar,22,9.6,105.39181286549722,6.7272727272727275,1
2012,R Vinay Kumar,23,7.6,103.39181286549722,6.478260869565218,18
2012,R Vinay Kumar,24,10.2,100.89181286549722,6.958333333333333,25
2012,R Vinay Kumar,25,11.6,99.18582375478941,7.68,6
2012,R Vinay Kumar,26,10.6,194.74137931034497,7.615384615384615,11
2012,R Vinay Kumar,27,12.2,204.1858237547894,7.7407407407407405,0
2012,R Vinay Kumar,28,12.0,184.1858237547894,7.464285714285714,1
2012,R Vinay Kumar,29,8.6,171.6858237547894,7.241379310344827,7
2013,R Vinay Kumar,30,5.0,174.44444444444463,7.233333333333333,7
2013,R Vinay Kumar,31,5.2,89.4444444444446,7.225806451612903,1
2013,R Vinay Kumar,32,3.2,85.00000000000016,7.03125,26
2013,R Vinay Kumar,33,8.4,111.00000000000016,7.606060606060606,22
2013,R Vinay Kumar,34,12.6,174.33333333333348,8.029411764705882,14
2014,R Vinay Kumar,35,14.0,175.87179487179503,8.2,4
2014,R Vinay Kumar,36,13.4,154.20512820512835,8.083333333333334,0
2015,R Vinay Kumar,37,13.2,134.20512820512835,7.864864864864865,0
2015,R Vinay Kumar,38,8.0,108.20512820512836,7.657894736842105,0
2016,R Vinay Kumar,39,3.6,34.87179487179503,7.461538461538462,12
2016,R Vinay Kumar,40,3.2,35.15151515151531,7.575,1
2018,R Vinay Kumar,41,2.6,41.81818181818197,7.414634146341464,6
2007/08,RA Jadeja,5,19.8,90.50000000000014,19.8,6
2007/08,RA Jadeja,6,15.2,83.47619047619062,17.5,23
2007/08,RA Jadeja,7,12.6,79.80952380952397,18.285714285714285,7
2007/08,RA Jadeja,8,13.8,101.1428571428573,16.875,0
2009,RA Jadeja,9,7.2,68.1428571428573,15.0,11
2009,RA Jadeja,10,9.4,88.1428571428573,14.6,22
2009,RA Jadeja,11,12.6,87.29629629629645,15.272727272727273,37
2009,RA Jadeja,12,15.4,81.11447811447827,17.083333333333332,16
2009,RA Jadeja,13,17.2,75.97162097162112,17.0,37
2009,RA Jadeja,14,24.6,97.73632685397408,18.428571428571427,12
2009,RA Jadeja,15,24.8,91.8539739127976,18.0,33
2009,RA Jadeja,16,27.0,130.5576776165013,18.9375,1
2009,RA Jadeja,17,19.8,118.73949579831947,17.88235294117647,27
2009,RA Jadeja,18,22.0,124.30340557275558,18.38888888888889,19
2009,RA Jadeja,19,18.4,121.53869969040264,18.42105263157895,42
2009,RA Jadeja,20,24.4,131.42105263157913,19.6,24
2009,RA Jadeja,21,22.6,101.68421052631595,19.80952380952381,14
2011,RA Jadeja,22,25.2,110.68421052631595,19.545454545454547,23
2011,RA Jadeja,23,24.4,111.01315789473702,19.695652173913043,47
2011,RA Jadeja,24,30.0,119.66021671826641,20.833333333333332,25
2011,RA Jadeja,25,26.6,137.32688338493307,21.0,16
2011,RA Jadeja,26,25.0,157.77801120448197,20.807692307692307,29
2011,RA Jadeja,27,28.0,174.30432699395564,21.11111111111111,22
2011,RA Jadeja,28,27.8,164.68476177656436,21.142857142857142,23
2011,RA Jadeja,29,23.0,149.8154807308127,21.20689655172414,31
2011,RA Jadeja,30,24.2,136.3306322459642,21.533333333333335,8
2011,RA Jadeja,31,22.6,105.16180107713305,21.096774193548388,23
2011,RA Jadeja,32,21.4,94.63548528765936,21.15625,17
2011,RA Jadeja,33,20.4,94.39393939393956,21.03030303030303,19
2012,RA Jadeja,34,19.6,110.84693084693102,20.970588235294116,3
2012,RA Jadeja,35,14.0,94.66511266511282,20.457142857142856,48
2012,RA Jadeja,36,22.0,113.22310639552033,21.22222222222222,13
2012,RA Jadeja,37,20.0,108.51722404257916,21.0,4
2012,RA Jadeja,38,17.4,169.62833515369027,20.55263157894737,44
2012,RA Jadeja,39,22.4,172.99015851551366,21.153846153846153,7
2012,RA Jadeja,40,23.2,207.6568251821803,20.8,17
2012,RA Jadeja,41,17.0,202.88671023965156,20.70731707317073,9
2012,RA Jadeja,42,16.2,201.4387464387466,20.428571428571427,4
2012,RA Jadeja,43,16.2,130.3276353276355,20.046511627906977,9
2012,RA Jadeja,44,9.2,127.73504273504291,19.795454545454547,16
2012,RA Jadeja,45,11.0,105.68376068376085,19.711111111111112,3
2012,RA Jadeja,46,8.2,107.35042735042752,19.347826086956523,13
2012,RA Jadeja,47,9.0,112.07570207570225,19.21276595744681,1
2013,RA Jadeja,48,8.4,113.18681318681335,18.833333333333332,16
2013,RA Jadeja,49,9.8,112.27772227772243,18.775510204081634,38
2013,RA Jadeja,50,14.2,125.66233766233782,19.16,27
2013,RA Jadeja,51,19.0,120.20779220779237,19.313725490196077,36
2013,RA Jadeja,52,23.6,153.06493506493524,19.634615384615383,0
2013,RA Jadeja,53,23.4,143.06493506493524,19.264150943396228,1
2013,RA Jadeja,54,20.4,118.97402597402615,18.925925925925927,1
2013,RA Jadeja,55,13.0,100.97402597402615,18.6,5
2013,RA Jadeja,56,8.6,126.4285714285716,18.357142857142858,20
2013,RA Jadeja,57,5.4,97.22222222222237,18.385964912280702,14
2013,RA Jadeja,58,8.2,143.88888888888906,18.310344827586206,12
2013,RA Jadeja,59,10.4,154.88888888888906,18.203389830508474,24
2013,RA Jadeja,60,15.0,161.5555555555557,18.3,7
2013,RA Jadeja,61,15.4,146.5555555555557,18.114754098360656,0
2014,RA Jadeja,62,11.4,124.33333333333348,17.822580645161292,7
2014,RA Jadeja,63,10.0,124.33333333333348,17.650793650793652,36
2014,RA Jadeja,64,14.8,128.90476190476207,17.9375,6
2014,RA Jadeja,65,11.2,115.57142857142874,17.753846153846155,17
2014,RA Jadeja,66,13.2,114.57142857142871,17.742424242424242,17
2014,RA Jadeja,67,16.6,157.07142857142873,17.73134328358209,6
2014,RA Jadeja,68,16.4,127.5476190476192,17.558823529411764,11
2014,RA Jadeja,69,11.4,143.64285714285728,17.463768115942027,10
2014,RA Jadeja,70,12.2,152.5317460317462,17.357142857142858,9
2014,RA Jadeja,71,10.6,163.5317460317462,17.239436619718308,27
2015,RA Jadeja,72,12.6,145.57720057720076,17.375,17
2015,RA Jadeja,73,14.8,146.32908027644885,17.36986301369863,0
2015,RA Jadeja,74,12.6,109.66241360978219,17.135135135135137,24
2015,RA Jadeja,75,15.4,103.44019138755996,17.226666666666667,8
2015,RA Jadeja,76,15.2,78.44019138755996,17.105263157894736,18
2015,RA Jadeja,77,13.4,86.62200956937815,17.116883116883116,15
2015,RA Jadeja,78,13.0,83.72727272727289,17.08974358974359,14
2015,RA Jadeja,79,15.8,107.0606060606062,17.050632911392405,3
2015,RA Jadeja,80,11.6,106.0606060606062,16.875,3
2015,RA Jadeja,81,10.6,101.06060606060622,16.703703703703702,19
2015,RA Jadeja,82,10.8,102.87878787878803,16.73170731707317,11
2016,RA Jadeja,83,10.0,115.37878787878803,16.662650602409638,8
2016,RA Jadeja,84,8.8,105.37878787878803,16.55952380952381,4
2016,RA Jadeja,85,9.0,98.37878787878803,16.41176470588235,14
2016,RA Jadeja,86,11.2,100.87878787878803,16.38372093023256,12
2016,RA Jadeja,87,9.8,88.15151515151531,16.333333333333332,4
2016,RA Jadeja,88,8.4,72.08008658008673,16.193181818181817,0
2016,RA Jadeja,89,6.8,58.74675324675341,16.01123595505618,11
2016,RA Jadeja,90,8.2,69.08008658008673,15.955555555555556,36
2016,RA Jadeja,91,12.6,78.2467532467534,16.175824175824175,18
2016,RA Jadeja,92,13.8,84.12087912087927,16.195652173913043,9
2016,RA Jadeja,93,14.8,92.69230769230784,16.118279569892472,21
2016,RA Jadeja,94,19.0,113.69230769230785,16.170212765957448,11
2016,RA Jadeja,95,19.0,117.35897435897452,16.11578947368421,21
2016,RA Jadeja,96,16.0,115.39819004524902,16.166666666666668,3
2016,RA Jadeja,97,13.0,95.20588235294134,16.030927835051546,19
2017,RA Jadeja,98,15.0,98.95588235294134,16.06122448979592,23
2017,RA Jadeja,99,15.4,98.86497326203225,16.13131313131313,19
2017,RA Jadeja,100,17.0,106.09574249280146,16.16,9
2017,RA Jadeja,101,14.6,107.10414585414601,16.08910891089109,2
2017,RA Jadeja,102,14.4,107.60414585414601,15.950980392156863,28
2017,RA Jadeja,103,16.2,109.30869130869146,16.067961165048544,19
2017,RA Jadeja,104,15.4,120.06626706626722,16.096153846153847,18
2017,RA Jadeja,105,15.2,142.2640692640694,16.114285714285714,7
2017,RA Jadeja,106,14.8,134.0497835497837,16.028301886792452,13
2017,RA Jadeja,107,17.0,163.19264069264085,16.0,20
2018,RA Jadeja,108,15.4,164.40476190476207,16.037037037037038,12
2018,RA Jadeja,109,14.0,151.19963369963386,16.0,11
2018,RA Jadeja,110,12.6,127.27106227106242,15.954545454545455,19
2018,RA Jadeja,111,15.0,135.10439560439576,15.981981981981981,2
2018,RA Jadeja,112,12.8,137.96153846153862,15.857142857142858,3
2018,RA Jadeja,113,9.4,121.29487179487197,15.743362831858407,12
2018,RA Jadeja,114,9.4,119.97619047619064,15.710526315789474,27
2018,RA Jadeja,115,12.6,122.47619047619064,15.808695652173913,3
2019,RA Jadeja,116,9.4,109.1428571428573,15.698275862068966,6
2019,RA Jadeja,117,10.2,76.20168067226908,15.615384615384615,8
2019,RA Jadeja,118,11.2,119.53501400560239,15.55084745762712,1
2019,RA Jadeja,119,9.0,112.39215686274524,15.428571428571429,9
2019,RA Jadeja,120,5.4,127.39215686274524,15.375,31
2019,RA Jadeja,121,11.0,149.8366013071897,15.50413223140496,10
2019,RA Jadeja,122,11.8,151.86868686868704,15.459016393442623,11
2019,RA Jadeja,123,12.4,115.45843045843063,15.422764227642276,25
2019,RA Jadeja,124,17.2,155.45843045843063,15.5,5
2020/21,RA Jadeja,125,16.4,130.45843045843063,15.416,10
2020/21,RA Jadeja,126,12.2,136.0139860139862,15.373015873015873,1
2020/21,RA Jadeja,127,10.4,136.92307692307708,15.259842519685039,21
2020/21,RA Jadeja,128,12.4,172.50000000000017,15.3046875,33
2020/21,RA Jadeja,129,14.0,169.6428571428573,15.44186046511628,50
2020/21,RA Jadeja,130,23.0,177.42063492063508,15.707692307692307,7
2020/21,RA Jadeja,131,22.4,160.7539682539684,15.641221374045802,7
2020/21,RA Jadeja,132,23.6,174.08730158730177,15.575757575757576,25
2020/21,RA Jadeja,133,24.4,167.04184704184723,15.646616541353383,35
2020/21,RA Jadeja,134,24.8,142.47963506028037,15.791044776119403,31
2020/21,RA Jadeja,135,21.0,166.3685239491693,15.903703703703703,12
2021,RA Jadeja,136,22.0,164.85337243401779,15.875,26
2021,RA Jadeja,137,25.8,172.10827439480207,15.94890510948905,8
2021,RA Jadeja,138,22.4,149.5108717973995,15.891304347826088,6
2021,RA Jadeja,139,16.6,246.93022663610918,15.820143884892087,62
2021,RA Jadeja,140,22.8,238.02218065909764,16.15,7
2021,RA Jadeja,141,21.8,236.20399884091586,16.085106382978722,22
2021,RA Jadeja,142,21.0,221.33004926108393,16.12676056338028,32
2021,RA Jadeja,143,25.8,236.1199652274705,16.237762237762237,15
2021,RA Jadeja,144,27.6,133.76702405099988,16.229166666666668,22
2021,RA Jadeja,145,19.6,146.00840336134473,16.26896551724138,26
2021,RA Jadeja,146,23.4,140.0624574153988,16.335616438356166,1
2022,RA Jadeja,147,19.2,134.34817170111307,16.231292517006803,26
2022,RA Jadeja,148,18.0,114.63214736034226,16.2972972972973,17
2022,RA Jadeja,149,18.4,134.76286631459064,16.302013422818792,0
2022,RA Jadeja,150,14.0,79.76286631459064,16.19333333333333,23
2022,RA Jadeja,151,13.4,91.26436781609213,16.23841059602649,0
2022,RA Jadeja,152,13.2,81.26436781609213,16.13157894736842,22
2022,RA Jadeja,153,12.4,100.00000000000017,16.169934640522875,3
2022,RA Jadeja,154,9.6,68.2222222222224,16.084415584415584,21
2022,RA Jadeja,155,13.8,92.92810457516357,16.116129032258065,1
2022,RA Jadeja,156,9.4,87.37254901960803,16.01923076923077,3
2023,RA Jadeja,157,10.0,99.37254901960803,15.936305732484076,1
2023,RA Jadeja,158,5.8,72.70588235294136,15.841772151898734,3
2023,RA Jadeja,159,5.8,76.70588235294136,15.761006289308176,25
2023,RA Jadeja,160,6.6,83.25000000000018,15.81875,10
2023,RA Jadeja,161,8.4,85.47222222222241,15.782608695652174,18
2023,RA Jadeja,162,11.4,118.4722222222224,15.796296296296296,23
2023,RA Jadeja,163,15.8,139.13888888888908,15.840490797546012,12
2023,RA Jadeja,164,17.6,153.13888888888908,15.817073170731707,21
2023,RA Jadeja,165,16.8,145.2222222222224,15.848484848484848,20
2023,RA Jadeja,166,18.8,139.66666666666686,15.873493975903614,20
2023,RA Jadeja,167,19.2,144.66666666666686,15.89820359281437,22
2023,RA Jadeja,168,19.0,141.50000000000017,15.93452380952381,15
2024,RA Jadeja,169,19.6,167.50000000000017,15.928994082840237,25
2024,RA Jadeja,170,20.4,171.94444444444463,15.98235294117647,7
2024,RA Jadeja,171,17.8,201.94444444444463,15.929824561403509,21
2024,RA Jadeja,172,18.0,175.27777777777797,15.959302325581396,31
2024,RA Jadeja,173,19.8,174.7342995169084,16.046242774566473,57
2024,RA Jadeja,174,28.2,153.2342995169084,16.2816091954023,16
2024,RA Jadeja,175,26.4,142.2986270022885,16.28,2
2024,RA Jadeja,176,25.4,105.63196033562186,16.198863636363637,43
2024,RA Jadeja,177,29.8,113.01291271657423,16.350282485875706,18
2024,RA Jadeja,178,27.2,122.05639097744378,16.359550561797754,5
2024,RA Jadeja,179,16.8,110.22305764411047,16.29608938547486,42
2017,RA Tripathi,5,35.6,155.80294194782573,35.6,38
2017,RA Tripathi,6,41.2,152.8696086144924,36.0,37
2017,RA Tripathi,7,42.0,139.56332058203805,36.142857142857146,6
2017,RA Tripathi,8,37.0,130.87284439156184,32.375,93
2017,RA Tripathi,9,43.8,136.53680103112825,39.111111111111114,1
2017,RA Tripathi,10,35.0,112.50454296661212,35.3,7
2017,RA Tripathi,11,28.8,105.43787629994544,32.72727272727273,28
2017,RA Tripathi,12,27.0,106.58730158730177,32.333333333333336,0
2017,RA Tripathi,13,25.8,89.44444444444463,29.846153846153847,3
2018,RA Tripathi,14,7.8,62.500000000000185,27.928571428571427,17
2018,RA Tripathi,15,11.0,80.16666666666684,27.2,15
2018,RA Tripathi,16,12.6,84.10606060606078,26.4375,14
2018,RA Tripathi,17,9.8,113.43939393939414,25.705882352941178,15
2018,RA Tripathi,18,12.8,140.7121212121214,25.11111111111111,5
2018,RA Tripathi,19,13.2,147.49783549783567,24.05263157894737,9
2018,RA Tripathi,20,11.6,144.831168831169,23.3,4
2018,RA Tripathi,21,9.4,133.55844155844176,22.38095238095238,9
2018,RA Tripathi,22,8.4,97.55844155844173,21.772727272727273,11
2018,RA Tripathi,23,7.6,87.2087912087914,21.304347826086957,27
2018,RA Tripathi,24,12.0,108.9230769230771,21.541666666666668,80
2018,RA Tripathi,25,26.2,115.58974358974379,23.88,20
2019,RA Tripathi,26,29.4,130.35897435897454,23.73076923076923,1
2019,RA Tripathi,27,27.8,114.35897435897455,22.88888888888889,39
2019,RA Tripathi,28,33.4,128.63589743589762,23.464285714285715,34
2019,RA Tripathi,29,34.8,120.96923076923095,23.82758620689655,6
2019,RA Tripathi,30,20.0,109.30256410256429,23.233333333333334,10
2019,RA Tripathi,31,18.0,95.20000000000019,22.806451612903224,1
2019,RA Tripathi,32,18.0,101.20000000000019,22.125,50
2020/21,RA Tripathi,33,20.2,91.7391304347828,22.96969696969697,1
2020/21,RA Tripathi,34,13.6,67.40579710144945,22.323529411764707,13
2020/21,RA Tripathi,35,15.0,74.07246376811612,22.057142857142857,81
2020/21,RA Tripathi,36,29.2,87.97183483729852,23.694444444444443,23
2020/21,RA Tripathi,37,33.6,106.7218348372985,23.675675675675677,36
2020/21,RA Tripathi,38,30.8,127.33564557898649,24.0,7
2020/21,RA Tripathi,39,32.0,158.3356455789865,23.564102564102566,4
2020/21,RA Tripathi,40,30.2,144.6689789123198,23.075,7
2020/21,RA Tripathi,41,15.4,128.10294117647078,22.682926829268293,39
2020/21,RA Tripathi,42,18.6,121.63865546218506,23.071428571428573,3
2020/21,RA Tripathi,43,12.0,109.28571428571448,22.6046511627907,16
2021,RA Tripathi,44,13.8,88.83116883116902,22.454545454545453,53
2021,RA Tripathi,45,23.6,117.38289296910007,23.133333333333333,5
2021,RA Tripathi,46,23.2,123.38289296910007,22.73913043478261,25
2021,RA Tripathi,47,20.4,126.09717868338575,22.78723404255319,8
2021,RA Tripathi,48,21.4,113.87495646116353,22.479166666666668,36
2021,RA Tripathi,49,25.4,127.02180960801668,22.755102040816325,41
2021,RA Tripathi,50,23.0,116.09508547008565,23.12,19
2021,RA Tripathi,51,25.8,118.44802664655624,23.03921568627451,9
2021,RA Tripathi,52,22.6,129.44802664655623,22.76923076923077,74
2021,RA Tripathi,53,35.8,146.9083441068737,23.735849056603772,45
2021,RA Tripathi,54,37.6,146.48876368729327,24.12962962962963,34
2021,RA Tripathi,55,36.2,146.04894887247846,24.30909090909091,21
2021,RA Tripathi,56,36.6,151.69600769600788,24.25,7
2021,RA Tripathi,57,36.2,139.0293410293412,23.94736842105263,6
2021,RA Tripathi,58,22.6,127.79124579124598,23.637931034482758,12
2021,RA Tripathi,59,16.0,122.3367003367005,23.440677966101696,2
2022,RA Tripathi,60,9.6,110.48484848484865,23.083333333333332,0
2022,RA Tripathi,61,5.4,82.48484848484865,22.704918032786885,44
2022,RA Tripathi,62,12.8,88.48484848484865,23.048387096774192,39
2022,RA Tripathi,63,19.4,116.48484848484865,23.3015873015873,17
2022,RA Tripathi,64,20.4,123.00000000000018,23.203125,71
2022,RA Tripathi,65,34.2,147.03508771929845,23.93846153846154,34
2022,RA Tripathi,66,41.0,177.94417862838935,24.09090909090909,7
2022,RA Tripathi,67,33.6,195.2775119617227,23.83582089552239,16
2022,RA Tripathi,68,29.0,175.27751196172267,23.720588235294116,0
2022,RA Tripathi,69,25.6,146.94417862838935,23.3768115942029,22
2022,RA Tripathi,70,15.8,134.0202020202022,23.357142857142858,58
2022,RA Tripathi,71,20.6,132.11111111111128,23.845070422535212,9
2022,RA Tripathi,72,21.0,99.29059829059847,23.63888888888889,76
2022,RA Tripathi,73,33.0,99.63102382251336,24.356164383561644,20
2023,RA Tripathi,74,37.0,120.68365540146071,24.2972972972973,0
2023,RA Tripathi,75,32.6,96.2392109570163,23.973333333333333,34
2023,RA Tripathi,76,27.8,83.82457681067481,24.105263157894736,74
2023,RA Tripathi,77,40.8,100.81175629785432,24.753246753246753,9
2023,RA Tripathi,78,27.4,113.47133076593943,24.55128205128205,7
2023,RA Tripathi,79,24.8,115.75203252032539,24.329113924050635,21
2023,RA Tripathi,80,29.0,135.75203252032537,24.2875,15
2023,RA Tripathi,81,25.2,133.45238095238113,24.17283950617284,10
2023,RA Tripathi,82,12.4,131.19047619047637,24.0,20
2023,RA Tripathi,83,14.6,130.6349206349208,23.951807228915662,47
2023,RA Tripathi,84,22.6,137.62416794674877,24.226190476190474,20
2023,RA Tripathi,85,22.4,148.39339871597957,24.176470588235293,1
2023,RA Tripathi,86,19.6,144.10768443026527,23.906976744186046,15
2024,RA Tripathi,87,20.6,140.53625585883668,23.804597701149426,20
2024,RA Tripathi,88,20.6,116.09181141439225,23.761363636363637,11
2024,RA Tripathi,89,13.4,101.48351648351668,23.617977528089888,33
2024,RA Tripathi,90,16.0,105.45112781954904,23.72222222222222,55
2024,RA Tripathi,91,26.8,125.18085754927878,24.065934065934066,37
2024,RA Tripathi,92,31.2,149.51419088261213,24.206521739130434,9
2020/21,RD Chahar,5,3.0,98.57142857142875,3.0,2
2021,RD Chahar,6,2.8,78.57142857142875,2.8333333333333335,8
2021,RD Chahar,7,2.4,72.85714285714303,3.5714285714285716,6
2021,RD Chahar,8,3.4,72.85714285714303,3.875,0
2021,RD Chahar,9,3.2,52.85714285714304,3.4444444444444446,0
2022,RD Chahar,10,3.2,52.85714285714304,3.1,0
2022,RD Chahar,11,2.8,42.85714285714304,2.8181818181818183,12
2022,RD Chahar,12,3.6,50.000000000000185,3.5833333333333335,22
2022,RD Chahar,13,6.8,61.4285714285716,5.0,0
2022,RD Chahar,14,6.8,61.4285714285716,4.642857142857143,12
2022,RD Chahar,15,9.2,81.4285714285716,5.133333333333334,4
2022,RD Chahar,16,10.0,97.4285714285716,5.0625,2
2022,RD Chahar,17,8.0,87.4285714285716,4.882352941176471,25
2023,RD Chahar,18,8.6,76.00000000000018,6.0,0
2023,RD Chahar,19,8.6,76.00000000000018,5.684210526315789,0
2024,RD Chahar,20,6.2,56.000000000000185,5.4,16
2024,RD Chahar,21,8.6,72.00000000000018,5.904761904761905,5
2020/21,RD Gaikwad,5,27.8,60.981818181818355,27.8,65
2021,RD Gaikwad,6,40.8,85.98181818181835,34.0,5
2021,RD Gaikwad,7,29.4,72.29292929292947,29.857142857142858,5
2021,RD Gaikwad,8,30.4,78.54292929292947,26.75,10
2021,RD Gaikwad,9,18.0,67.74572649572667,24.88888888888889,64
2021,RD Gaikwad,10,29.8,88.22191697191715,28.8,33
2021,RD Gaikwad,11,23.4,88.60653235653254,29.181818181818183,75
2021,RD Gaikwad,12,37.4,110.82875457875475,33.0,4
2021,RD Gaikwad,13,37.2,124.57875457875475,30.76923076923077,101
2021,RD Gaikwad,14,55.4,141.77478435542972,35.785714285714285,45
2021,RD Gaikwad,15,51.6,134.3755169561623,36.4,12
2021,RD Gaikwad,16,47.4,126.13375871440405,34.875,40
2021,RD Gaikwad,17,40.4,121.37185395249931,35.1764705882353,88
2021,RD Gaikwad,18,57.2,131.71668153870618,38.111111111111114,13
2021,RD Gaikwad,19,39.6,116.46936971074919,36.78947368421053,38
2021,RD Gaikwad,20,38.2,122.62321586459534,36.85,70
2021,RD Gaikwad,21,49.8,133.48035872173824,38.42857142857143,32
2022,RD Gaikwad,22,48.2,128.61263385401335,38.13636363636363,0
2022,RD Gaikwad,23,30.6,98.26780626780644,36.47826086956522,1
2022,RD Gaikwad,24,28.2,85.93447293447312,35.0,1
2022,RD Gaikwad,25,20.8,61.70370370370388,33.64,16
2022,RD Gaikwad,26,10.0,58.31908831908849,32.96153846153846,17
2022,RD Gaikwad,27,7.0,55.8653846153848,32.370370370370374,73
2022,RD Gaikwad,28,21.6,85.66130298273174,33.82142857142857,0
2022,RD Gaikwad,29,21.4,80.66130298273174,32.6551724137931,30
2022,RD Gaikwad,30,27.2,97.08987441130316,32.56666666666667,99
2022,RD Gaikwad,31,43.8,106.03381182981684,34.70967741935484,28
2022,RD Gaikwad,32,46.0,109.13163791677339,34.5,41
2022,RD Gaikwad,33,39.6,102.76429097799787,34.696969696969695,7
2022,RD Gaikwad,34,41.0,126.0976243113312,33.88235294117647,53
2022,RD Gaikwad,35,45.6,126.30170594398427,34.42857142857143,2
2023,RD Gaikwad,36,26.2,99.40905057675263,33.52777777777778,92
2023,RD Gaikwad,37,39.0,111.86122448979611,35.108108108108105,57
2023,RD Gaikwad,38,42.2,124.05765306122467,35.68421052631579,40
2023,RD Gaikwad,39,48.8,120.72431972789134,35.794871794871796,8
2023,RD Gaikwad,40,39.8,115.09166666666685,35.1,3
2023,RD Gaikwad,41,40.0,118.42500000000018,34.31707317073171,35
2023,RD Gaikwad,42,28.6,104.95833333333351,34.333333333333336,35
2023,RD Gaikwad,43,24.2,104.33333333333351,34.348837209302324,47
2023,RD Gaikwad,44,25.6,116.74712643678178,34.63636363636363,37
2023,RD Gaikwad,45,31.4,122.51183231913471,34.68888888888889,30
2023,RD Gaikwad,46,36.8,147.80594996619354,34.58695652173913,24
2023,RD Gaikwad,47,34.6,149.73577452759704,34.361702127659576,17
2023,RD Gaikwad,48,31.0,140.8896206814432,34.0,79
2023,RD Gaikwad,49,37.4,139.45621973485768,34.91836734693877,60
2023,RD Gaikwad,50,42.0,144.96424112523204,35.42,26
2024,RD Gaikwad,51,41.2,142.1701234781732,35.23529411764706,15
2024,RD Gaikwad,52,39.4,136.90696558343637,34.84615384615385,46
2024,RD Gaikwad,53,45.2,135.61798429445508,35.056603773584904,1
2024,RD Gaikwad,54,29.6,111.30425880425898,34.425925925925924,26
2024,RD Gaikwad,55,22.8,108.79343629343649,34.27272727272727,67
2024,RD Gaikwad,56,31.0,99.00530070021614,34.857142857142854,69
2024,RD Gaikwad,57,41.8,112.66383728558199,35.45614035087719,17
2024,RD Gaikwad,58,36.0,113.95281857456328,35.13793103448276,108
2024,RD Gaikwad,59,57.4,142.69598797347038,36.3728813559322,98
2024,RD Gaikwad,60,71.8,152.32004812384633,37.4,62
2024,RD Gaikwad,61,70.8,154.40818371706666,37.80327868852459,32
2024,RD Gaikwad,62,63.4,151.22583760789126,37.70967741935484,0
2024,RD Gaikwad,63,60.0,125.07199145404513,37.111111111111114,42
2024,RD Gaikwad,64,46.8,109.19703910940159,37.1875,0
2012,RE Levi,5,16.6,65.80808080808099,16.6,0
2009,RE van der Merwe,5,13.0,95.06059265811606,13.0,23
2009,RE van der Merwe,6,15.8,100.61614821367161,14.666666666666666,2
2009,RE van der Merwe,7,9.2,71.77404295051372,12.857142857142858,32
2009/10,RE van der Merwe,8,12.6,84.60317460317478,15.25,1
2011,RE van der Merwe,9,12.2,82.60317460317478,13.666666666666666,8
2011,RE van der Merwe,10,13.2,100.69841269841288,13.1,2
2011,RE van der Merwe,11,9.0,88.47619047619065,12.090909090909092,2
2011,RE van der Merwe,12,9.0,90.47619047619065,11.25,2
2013,RE van der Merwe,13,3.0,73.33333333333351,10.538461538461538,8
2013,RE van der Merwe,14,4.4,81.11111111111128,10.357142857142858,14
2007/08,RG Sharma,5,39.0,115.86615186615204,39.0,23
2007/08,RG Sharma,6,43.6,142.92497539556382,36.333333333333336,5
2007/08,RG Sharma,7,31.4,119.74929971988813,31.857142857142858,33
2007/08,RG Sharma,8,30.8,123.24929971988813,32.0,35
2007/08,RG Sharma,9,22.6,125.94771241830082,32.333333333333336,6
2007/08,RG Sharma,10,20.4,117.94771241830082,29.7,50
2007/08,RG Sharma,11,25.8,127.9259259259261,31.545454545454547,57
2009,RG Sharma,12,36.2,141.93755383290286,33.666666666666664,36
2009,RG Sharma,13,36.8,136.93755383290286,33.84615384615385,52
2009,RG Sharma,14,40.2,131.59705204078813,35.142857142857146,3
2009,RG Sharma,15,39.6,131.59705204078813,33.0,18
2009,RG Sharma,16,33.2,112.56001500375112,32.0625,17
2009,RG Sharma,17,25.2,103.04838709677438,31.176470588235293,38
2009,RG Sharma,18,25.6,102.90132827324496,31.555555555555557,21
2009,RG Sharma,19,19.4,90.35294117647076,31.0,38
2009,RG Sharma,20,26.4,99.46405228758188,31.35,9
2009,RG Sharma,21,24.6,93.46405228758188,30.285714285714285,9
2009,RG Sharma,22,23.0,89.32119514472474,29.318181818181817,6
2009,RG Sharma,23,16.6,84.11111111111128,28.304347826086957,32
2009,RG Sharma,24,18.8,108.82539682539701,28.458333333333332,42
2009,RG Sharma,25,19.6,118.82539682539701,29.0,12
2009,RG Sharma,26,20.2,126.82539682539701,28.346153846153847,5
2009,RG Sharma,27,19.4,122.30158730158749,27.48148148148148,24
2009/10,RG Sharma,28,23.0,125.15873015873035,27.357142857142858,13
2009/10,RG Sharma,29,19.2,101.1111111111113,26.862068965517242,19
2009/10,RG Sharma,30,14.6,108.00000000000018,26.6,1
2009/10,RG Sharma,31,12.4,98.00000000000018,25.774193548387096,45
2009/10,RG Sharma,32,20.4,119.66666666666683,26.375,49
2009/10,RG Sharma,33,25.4,126.15315315315334,27.060606060606062,45
2009/10,RG Sharma,34,31.8,134.48648648648668,27.58823529411765,2
2009/10,RG Sharma,35,28.4,103.15315315315334,26.857142857142858,11
2009/10,RG Sharma,36,30.4,108.86743886743905,26.416666666666668,73
2009/10,RG Sharma,37,36.0,112.04925704925722,27.675675675675677,6
2009/10,RG Sharma,38,27.4,109.56277056277074,27.105263157894736,8
2009/10,RG Sharma,39,20.0,90.22943722943742,26.615384615384617,51
2009/10,RG Sharma,40,29.8,105.26489822234521,27.225,68
2009/10,RG Sharma,41,41.2,124.42240737985438,28.21951219512195,11
2009/10,RG Sharma,42,28.8,113.24058919803619,27.80952380952381,2
2009/10,RG Sharma,43,28.0,97.24058919803619,27.209302325581394,0
2011,RG Sharma,44,26.4,86.57392253136952,26.59090909090909,27
2011,RG Sharma,45,21.6,82.29114971050474,26.6,20
2011,RG Sharma,46,12.0,69.64157706093208,26.456521739130434,87
2011,RG Sharma,47,27.2,81.75922411975561,27.74468085106383,56
2011,RG Sharma,48,38.0,106.70040059034386,28.333333333333332,13
2011,RG Sharma,49,40.6,118.51858240852566,28.020408163265305,18
2011,RG Sharma,50,38.8,133.8265002970887,27.82,12
2011,RG Sharma,51,37.2,123.60427807486649,27.50980392156863,49
2011,RG Sharma,52,29.6,120.11163101604298,27.923076923076923,5
2011,RG Sharma,53,19.4,103.8371212121214,27.49056603773585,4
2011,RG Sharma,54,17.6,105.3522727272729,27.055555555555557,58
2011,RG Sharma,55,25.6,96.29846938775529,27.618181818181817,10
2011,RG Sharma,56,25.2,106.5206916099775,27.303571428571427,13
2012,RG Sharma,57,18.0,93.22902494331085,27.05263157894737,0
2012,RG Sharma,58,17.0,76.56235827664418,26.586206896551722,1
2012,RG Sharma,59,16.4,66.56235827664418,26.152542372881356,73
2012,RG Sharma,60,19.4,72.08888888888907,26.933333333333334,21
2012,RG Sharma,61,21.6,82.17435897435917,26.83606557377049,29
2012,RG Sharma,62,24.8,86.3225071225073,26.870967741935484,2
2012,RG Sharma,63,25.2,94.3225071225073,26.476190476190474,50
2012,RG Sharma,64,35.0,123.24723830530301,26.84375,12
2012,RG Sharma,65,22.8,134.047238305303,26.615384615384617,42
2012,RG Sharma,66,27.0,118.5395459976107,26.848484848484848,3
2012,RG Sharma,67,21.8,109.0580645161292,26.492537313432837,60
2012,RG Sharma,68,33.4,126.0580645161292,26.985294117647058,0
2012,RG Sharma,69,23.4,93.80000000000018,26.594202898550726,109
2012,RG Sharma,70,42.8,88.96129032258084,27.771428571428572,5
2012,RG Sharma,71,35.4,86.44700460829512,27.450704225352112,12
2012,RG Sharma,72,37.2,91.58986175115226,27.23611111111111,14
2013,RG Sharma,73,28.0,81.32670385641542,27.054794520547944,11
2013,RG Sharma,74,30.2,101.3267038564154,26.83783783783784,8
2013,RG Sharma,75,10.0,80.71086807928933,26.586666666666666,74
2013,RG Sharma,76,23.8,95.44476163671229,27.210526315789473,62
2013,RG Sharma,77,33.8,117.05190449385513,27.662337662337663,2
2013,RG Sharma,78,31.4,108.0293481028777,27.333333333333332,73
2013,RG Sharma,79,43.8,121.21116628469588,27.911392405063292,34
2013,RG Sharma,80,49.0,130.95142602495562,27.9875,10
2013,RG Sharma,81,36.2,126.93181818181836,27.765432098765434,79
2013,RG Sharma,82,39.6,127.68181818181836,28.390243902439025,22
2013,RG Sharma,83,43.6,141.96753246753264,28.313253012048193,39
2013,RG Sharma,84,36.8,133.94700460829512,28.44047619047619,16
2013,RG Sharma,85,33.2,138.7521994134899,28.294117647058822,37
2013,RG Sharma,86,38.6,131.37124703253755,28.3953488372093,20
2013,RG Sharma,87,26.8,118.53791369920421,28.298850574712645,14
2013,RG Sharma,88,25.2,129.64902481031532,28.136363636363637,25
2013,RG Sharma,89,22.4,124.48773448773466,28.10112359550562,8
2013,RG Sharma,90,20.8,106.06349206349223,27.877777777777776,2
2013,RG Sharma,91,13.8,93.44444444444463,27.593406593406595,2
2014,RG Sharma,92,10.2,74.77777777777797,27.315217391304348,27
2014,RG Sharma,93,12.8,70.66666666666686,27.311827956989248,2
2014,RG Sharma,94,8.2,58.666666666666856,27.04255319148936,50
2014,RG Sharma,95,16.6,72.39024390243921,27.28421052631579,4
2014,RG Sharma,96,17.0,83.39024390243921,27.041666666666668,1
2014,RG Sharma,97,16.8,79.39024390243921,26.77319587628866,39
2014,RG Sharma,98,19.2,74.67595818815349,26.897959183673468,59
2014,RG Sharma,99,30.6,98.56785008004537,27.22222222222222,19
2014,RG Sharma,100,24.4,94.17760617760636,27.14,14
2014,RG Sharma,101,26.4,124.84427284427302,27.00990099009901,51
2014,RG Sharma,102,36.4,143.0181858877513,27.245098039215687,40
2014,RG Sharma,103,36.6,162.83773475993172,27.368932038834952,18
2014,RG Sharma,104,28.4,148.08870001089699,27.278846153846153,30
2014,RG Sharma,105,30.6,156.66012858232557,27.304761904761904,16
2014,RG Sharma,106,31.0,139.084371006568,27.19811320754717,20
2015,RG Sharma,107,24.8,141.91045796308973,27.130841121495326,98
2015,RG Sharma,108,36.4,129.5021645021647,27.787037037037038,0
2015,RG Sharma,109,32.8,112.35930735930754,27.53211009174312,0
2015,RG Sharma,110,26.8,83.78787878787898,27.28181818181818,50
2015,RG Sharma,111,33.6,86.95503421309891,27.486486486486488,42
2015,RG Sharma,112,38.0,117.95503421309891,27.616071428571427,30
2015,RG Sharma,113,24.4,113.25806451612921,27.63716814159292,24
2015,RG Sharma,114,29.2,145.2580645161292,27.605263157894736,27
2015,RG Sharma,115,34.6,169.80351906158376,27.6,26
2015,RG Sharma,116,29.8,162.3073593073595,27.586206896551722,46
2015,RG Sharma,117,30.6,130.51788562314897,27.743589743589745,18
2015,RG Sharma,118,28.2,121.88152198678533,27.661016949152543,15
2015,RG Sharma,119,26.4,111.31009341535676,27.554621848739497,30
2015,RG Sharma,120,27.0,114.03736614262948,27.575,7
2015,RG Sharma,121,23.2,159.27546138072472,27.40495867768595,19
2015,RG Sharma,122,17.8,162.20779220779238,27.33606557377049,50
2016,RG Sharma,123,24.2,184.3056943056945,27.520325203252032,7
2016,RG Sharma,124,22.6,190.87712287712307,27.35483870967742,84
2016,RG Sharma,125,33.4,194.14985014985035,27.808,7
2016,RG Sharma,126,33.4,139.7054057054059,27.642857142857142,5
2016,RG Sharma,127,30.6,125.06254856254876,27.46456692913386,62
2016,RG Sharma,128,33.0,114.78282828282848,27.734375,65
2016,RG Sharma,129,44.6,113.8661616161618,28.023255813953487,0
2016,RG Sharma,130,27.8,83.32070707070726,27.807692307692307,68
2016,RG Sharma,131,40.0,95.52025355596803,28.114503816793892,85
2016,RG Sharma,132,56.0,110.88910601498442,28.545454545454547,5
2016,RG Sharma,133,44.6,116.04062116649956,28.36842105263158,25
2016,RG Sharma,134,36.6,108.18805706393546,28.34328358208955,15
2016,RG Sharma,135,39.6,120.68805706393546,28.244444444444444,31
2016,RG Sharma,136,32.2,122.45676454692867,28.264705882352942,30
2017,RG Sharma,137,21.2,129.8820297349711,28.277372262773724,3
2017,RG Sharma,138,20.8,105.12012497306634,28.094202898550726,2
2017,RG Sharma,139,16.2,92.55602240896377,27.906474820143885,4
2017,RG Sharma,140,14.0,100.05602240896376,27.735714285714284,0
2017,RG Sharma,141,7.8,70.53221288515424,27.53900709219858,40
2017,RG Sharma,142,9.8,62.82430213464714,27.62676056338028,5
2017,RG Sharma,143,10.2,65.36398467432969,27.46853146853147,58
2017,RG Sharma,144,21.4,87.69731800766301,27.680555555555557,5
2017,RG Sharma,145,21.6,75.38962569997071,27.52413793103448,56
2017,RG Sharma,146,32.8,104.10757441791944,27.71917808219178,10
2017,RG Sharma,147,26.8,109.85470085470104,27.598639455782312,67
2017,RG Sharma,148,39.2,128.52136752136772,27.864864864864863,5
2017,RG Sharma,149,28.6,113.807081807082,27.711409395973153,27
2017,RG Sharma,150,33.0,130.66022866022885,27.706666666666667,1
2017,RG Sharma,151,22.0,111.94227994228012,27.52980132450331,26
2017,RG Sharma,152,25.2,100.27561327561345,27.519736842105264,24
2018,RG Sharma,153,16.6,91.36740071522698,27.49673202614379,15
2018,RG Sharma,154,18.6,92.87116011372322,27.415584415584416,11
2018,RG Sharma,155,15.4,90.32570556826867,27.309677419354838,18
2018,RG Sharma,156,18.8,102.82570556826867,27.25,94
2018,RG Sharma,157,32.4,115.97385371641683,27.67515923566879,0
2018,RG Sharma,158,27.6,95.10428849902553,27.5,2
2018,RG Sharma,159,25.0,85.98148148148167,27.339622641509433,56
2018,RG Sharma,160,34.0,95.98148148148167,27.51875,0
2018,RG Sharma,161,30.4,73.48148148148167,27.347826086956523,24
2018,RG Sharma,162,16.4,70.66666666666684,27.32716049382716,11
2018,RG Sharma,163,18.6,90.66666666666684,27.226993865030675,36
2018,RG Sharma,164,25.4,106.50000000000018,27.28048780487805,0
2018,RG Sharma,165,14.2,74.50000000000018,27.115151515151513,6
2018,RG Sharma,166,15.4,86.50000000000018,26.987951807228917,13
2019,RG Sharma,167,13.2,76.16666666666684,26.904191616766468,14
2019,RG Sharma,168,13.8,77.70512820512837,26.827380952380953,48
2019,RG Sharma,169,16.2,84.29603729603748,26.952662721893493,32
2019,RG Sharma,170,22.6,119.85159285159303,26.98235294117647,13
2019,RG Sharma,171,24.0,121.53580337790882,26.900584795321638,11
2019,RG Sharma,172,23.6,115.58342242552787,26.808139534883722,47
2019,RG Sharma,173,30.2,123.41996088706632,26.92485549132948,28
2019,RG Sharma,174,26.2,122.32905179615723,26.93103448275862,30
2019,RG Sharma,175,25.8,114.04622351332895,26.94857142857143,5
2019,RG Sharma,176,24.2,114.64772727272745,26.823863636363637,67
2019,RG Sharma,177,35.4,126.8501082251084,27.050847457627118,12
2019,RG Sharma,178,28.4,124.14177489177504,26.96629213483146,24
2019,RG Sharma,179,27.6,121.4049327865119,26.949720670391063,55
2019,RG Sharma,180,32.6,116.58118510562136,27.105555555555554,4
2019,RG Sharma,181,32.4,142.29547081990708,26.977900552486187,15
2020/21,RG Sharma,182,22.0,135.80737558181187,26.912087912087912,12
2020/21,RG Sharma,183,22.0,133.14070891514518,26.830601092896174,4
2020/21,RG Sharma,184,18.0,119.30612244897978,26.706521739130434,70
2020/21,RG Sharma,185,21.0,126.64437689969623,26.94054054054054,80
2020/21,RG Sharma,186,36.2,112.45082851259944,27.225806451612904,35
2020/21,RG Sharma,187,40.2,120.18892375069467,27.267379679144383,11
2020/21,RG Sharma,188,40.0,116.18892375069467,27.180851063829788,35
2020/21,RG Sharma,189,46.2,124.20479676656771,27.22222222222222,5
2020/21,RG Sharma,190,33.2,102.1098704163222,27.105263157894736,6
2020/21,RG Sharma,191,18.4,100.30341880341898,26.994764397905758,8
2020/21,RG Sharma,192,13.0,91.13675213675232,26.895833333333332,0
2020/21,RG Sharma,193,10.8,71.13675213675232,26.756476683937823,68
2021,RG Sharma,194,17.4,78.35897435897454,26.969072164948454,19
2021,RG Sharma,195,20.2,96.00000000000018,26.92820512820513,43
2021,RG Sharma,196,27.6,98.87500000000018,27.010204081632654,32
2021,RG Sharma,197,32.4,103.4903846153848,27.03553299492386,44
2021,RG Sharma,198,41.2,132.82371794871813,27.12121212121212,63
2021,RG Sharma,199,40.2,130.3878205128207,27.301507537688444,14
2021,RG Sharma,200,39.2,121.52507541478147,27.235,35
2021,RG Sharma,201,37.6,121.57315233785839,27.27363184079602,18
2021,RG Sharma,202,34.8,124.65007541478148,27.22772277227723,22
2021,RG Sharma,203,30.4,129.162895927602,27.201970443349754,33
2021,RG Sharma,204,24.4,125.55712669683275,27.230392156862745,8
2021,RG Sharma,205,23.2,125.08653846153865,27.13658536585366,43
2021,RG Sharma,206,24.8,126.83012820512837,27.21359223300971,7
2022,RG Sharma,207,22.6,111.86509324009342,27.115942028985508,41
2022,RG Sharma,208,26.4,102.86742424242443,27.182692307692307,10
2022,RG Sharma,209,21.8,115.57575757575776,27.10047846889952,3
2022,RG Sharma,210,20.8,104.57575757575776,26.985714285714284,26
2022,RG Sharma,211,17.4,108.40909090909108,26.981042654028435,28
2022,RG Sharma,212,21.6,128.6229946524066,26.985849056603772,6
2022,RG Sharma,213,14.6,118.77450980392175,26.887323943661972,0
2022,RG Sharma,214,12.6,85.44117647058843,26.761682242990656,39
2022,RG Sharma,215,19.8,104.81617647058843,26.81860465116279,2
2022,RG Sharma,216,15.0,80.31617647058843,26.703703703703702,43
2022,RG Sharma,217,18.0,77.03017241379328,26.77880184331797,2
2022,RG Sharma,218,17.2,68.69683908045995,26.665137614678898,18
2022,RG Sharma,219,20.8,91.19683908045995,26.625570776255707,48
2022,RG Sharma,220,22.6,92.08499697519679,26.722727272727273,2
2023,RG Sharma,221,22.6,86.94213983233965,26.61085972850679,1
2023,RG Sharma,222,14.2,59.286967418546546,26.495495495495497,21
2023,RG Sharma,223,18.0,84.92799305957219,26.47085201793722,65
2023,RG Sharma,224,27.4,91.31688194846109,26.642857142857142,20
2023,RG Sharma,225,21.8,94.62515262515281,26.613333333333333,28
2023,RG Sharma,226,27.0,121.24169397853625,26.61946902654867,44
2023,RG Sharma,227,35.6,150.6702654071077,26.696035242290748,2
2023,RG Sharma,228,31.8,122.80701754385981,26.587719298245613,3
2023,RG Sharma,229,19.4,103.91812865497093,26.48471615720524,0
2023,RG Sharma,230,15.4,75.34670008354236,26.369565217391305,0
2023,RG Sharma,231,9.8,45.87301587301606,26.255411255411257,7
2023,RG Sharma,232,2.4,31.944444444444628,26.17241379310345,29
2023,RG Sharma,233,7.8,59.7222222222224,26.184549356223176,37
2023,RG Sharma,234,14.6,77.12962962962982,26.23076923076923,56
2023,RG Sharma,235,25.8,106.60331384015612,26.357446808510637,11
2023,RG Sharma,236,28.0,128.60331384015612,26.29237288135593,8
2024,RG Sharma,237,28.2,133.96045669729898,26.21518987341772,43
2024,RG Sharma,238,31.0,131.39340688886986,26.285714285714285,26
2024,RG Sharma,239,28.8,147.31933281479579,26.284518828451883,0
2024,RG Sharma,240,17.6,117.84564860426947,26.175,49
2024,RG Sharma,241,25.2,129.63875205254533,26.269709543568464,38
2024,RG Sharma,242,31.2,136.0123784261717,26.318181818181817,105
2024,RG Sharma,243,43.6,138.17538783056042,26.641975308641975,36
2024,RG Sharma,244,45.6,122.53436218953479,26.68032786885246,6
2024,RG Sharma,245,46.8,146.5343621895348,26.59591836734694,8
2024,RG Sharma,246,38.6,128.74125874125895,26.520325203252032,4
2024,RG Sharma,247,31.8,115.51048951048969,26.42914979757085,11
2024,RG Sharma,248,13.0,99.40659340659359,26.366935483870968,4
2024,RG Sharma,249,6.6,87.7142857142859,26.27710843373494,19
2024,RG Sharma,250,9.2,78.9142857142859,26.248,68
2009/10,RJ Harris,5,4.2,112.66666666666683,4.2,13
2009/10,RJ Harris,6,6.6,133.66666666666683,5.666666666666667,1
2009/10,RJ Harris,7,5.8,118.66666666666683,5.0,13
2009/10,RJ Harris,8,8.0,127.55555555555573,6.0,15
2009/10,RJ Harris,9,10.2,138.38888888888908,7.0,3
2011,RJ Harris,10,9.0,108.38888888888907,6.6,1
2011,RJ Harris,11,6.6,102.38888888888907,6.090909090909091,1
2011,RJ Harris,12,6.6,102.38888888888907,5.666666666666667,17
2011,RJ Harris,13,7.4,87.10000000000018,6.538461538461538,4
2011,RJ Harris,14,5.2,69.60000000000018,6.357142857142857,6
2011,RJ Harris,15,5.8,93.60000000000018,6.333333333333333,2
2011,RJ Harris,16,6.0,93.60000000000018,6.0625,0
2012,RJ Harris,17,5.8,83.60000000000018,5.705882352941177,3
2012,RJ Harris,18,3.0,82.00000000000018,5.555555555555555,15
2013,RJ Harris,19,5.2,112.00000000000018,6.052631578947368,0
2013,RJ Harris,20,4.0,82.00000000000018,5.75,2
2009,RJ Quiney,5,19.2,127.77272727272745,19.2,6
2009,RJ Quiney,6,19.2,79.77272727272745,17.0,1
2019,RK Singh,5,11.8,100.47619047619067,11.8,3
2019,RK Singh,6,11.2,103.33333333333351,10.333333333333334,4
2020/21,RK Singh,7,11.6,106.66666666666683,9.428571428571429,11
2022,RK Singh,8,10.6,110.66666666666683,9.625,35
2022,RK Singh,9,16.6,101.47126436781626,12.444444444444445,23
2022,RK Singh,10,15.2,106.22126436781627,13.5,42
2022,RK Singh,11,23.0,118.52895667550857,16.09090909090909,6
2022,RK Singh,12,23.4,117.19562334217525,15.25,23
2022,RK Singh,13,25.8,120.19562334217524,15.846153846153847,5
2022,RK Singh,14,19.8,110.34340659340675,15.071428571428571,40
2023,RK Singh,15,23.2,128.65223012281854,16.733333333333334,4
2023,RK Singh,16,15.6,116.34453781512623,15.9375,46
2023,RK Singh,17,23.6,130.63025210084052,17.705882352941178,48
2023,RK Singh,18,28.6,149.36938253562312,19.38888888888889,58
2023,RK Singh,19,39.2,170.23518340142397,21.42105263157895,18
2023,RK Singh,20,34.8,142.12372829306486,21.25,6
2023,RK Singh,21,35.2,137.12372829306486,20.523809523809526,53
2023,RK Singh,22,36.6,140.28245845179498,22.0,18
2023,RK Singh,23,30.6,134.54332801701239,21.82608695652174,19
2023,RK Singh,24,22.8,118.39181286549724,21.708333333333332,46
2023,RK Singh,25,28.4,123.6549707602341,22.68,21
2023,RK Singh,26,31.4,150.6549707602341,22.615384615384617,16
2023,RK Singh,27,24.0,138.98830409356742,22.37037037037037,54
2023,RK Singh,28,31.2,127.53375863902195,23.5,67
2024,RK Singh,29,40.8,146.8194729247363,25.0,23
2024,RK Singh,30,36.2,153.27561327561347,24.933333333333334,5
2024,RK Singh,31,33.0,127.94227994228012,24.29032258064516,26
2024,RK Singh,32,35.0,162.16450216450235,24.34375,9
2024,RK Singh,33,26.0,150.47619047619065,23.87878787878788,20
2024,RK Singh,34,16.6,156.6349206349208,23.764705882352942,24
2024,RK Singh,35,16.8,154.2035480859012,23.771428571428572,5
2024,RK Singh,36,16.8,162.53688141923453,23.25,11
2024,RK Singh,37,13.8,130.53688141923453,22.91891891891892,9
2024,RK Singh,38,13.8,140.1797385620917,22.55263157894737,16
2024,RK Singh,39,13.0,124.82620320855634,22.384615384615383,20
2022,RM Patidar,5,17.4,94.15812537136082,17.4,52
2022,RM Patidar,6,26.2,108.88034759358307,23.166666666666668,21
2022,RM Patidar,7,30.2,123.58622994652424,22.857142857142858,48
2022,RM Patidar,8,33.6,119.40441176470605,26.0,26
2022,RM Patidar,9,32.6,121.69607843137271,26.0,112
2022,RM Patidar,10,51.8,143.59982174688076,34.6,58
2024,RM Patidar,11,53.0,135.78067281071054,36.72727272727273,0
2024,RM Patidar,12,48.8,111.07479045776935,33.666666666666664,18
2024,RM Patidar,13,42.8,106.02215887882198,32.46153846153846,3
2024,RM Patidar,14,38.2,96.35549221215531,30.357142857142858,29
2024,RM Patidar,15,21.6,83.24726710393021,30.266666666666666,50
2024,RM Patidar,16,20.0,94.28070175438613,31.5,9
2024,RM Patidar,17,21.8,124.28070175438613,30.176470588235293,52
2024,RM Patidar,18,28.6,148.66666666666683,31.38888888888889,50
2024,RM Patidar,19,38.0,184.28571428571448,32.36842105263158,2
2024,RM Patidar,20,32.6,166.66666666666683,30.85,55
2024,RM Patidar,21,33.6,176.78571428571445,32.0,52
2024,RM Patidar,22,42.2,177.3739495798321,32.90909090909091,41
2024,RM Patidar,23,40.0,166.84061624649877,33.26086956521739,34
2012,RN ten Doeschate,5,23.4,148.34841628959293,23.4,11
2013,RN ten Doeschate,6,21.8,134.8319327731094,21.333333333333332,31
2013,RN ten Doeschate,7,24.4,134.35574229691895,22.714285714285715,11
2013,RN ten Doeschate,8,12.6,138.33333333333348,21.25,42
2013,RN ten Doeschate,9,20.4,151.33333333333348,23.555555555555557,1
2014,RN ten Doeschate,10,19.2,108.66666666666683,21.3,0
2014,RN ten Doeschate,11,17.0,92.95238095238112,19.363636363636363,25
2014,RN ten Doeschate,12,15.8,96.76190476190493,19.833333333333332,6
2014,RN ten Doeschate,13,14.8,105.33333333333351,18.76923076923077,0
2014,RN ten Doeschate,14,6.4,77.33333333333351,17.428571428571427,17
2014,RN ten Doeschate,15,9.6,107.33333333333351,17.4,4
2015,RN ten Doeschate,16,10.4,134.00000000000017,16.5625,0
2015,RN ten Doeschate,17,5.4,100.66666666666683,15.588235294117647,3
2015,RN ten Doeschate,18,4.8,90.66666666666683,14.88888888888889,38
2015,RN ten Doeschate,19,12.4,117.80952380952397,16.105263157894736,12
2015,RN ten Doeschate,20,11.4,118.09523809523826,15.9,8
2007/08,RP Singh,5,1.4,66.66666666666683,1.4,6
2007/08,RP Singh,6,2.4,86.66666666666683,2.1666666666666665,1
2007/08,RP Singh,7,2.4,76.66666666666683,2.0,3
2007/08,RP Singh,8,2.6,76.66666666666683,2.125,10
2009,RP Singh,9,4.4,120.00000000000018,3.0,4
2009,RP Singh,10,4.8,130.00000000000017,3.1,2
2009,RP Singh,11,4.0,110.00000000000018,3.0,2
2009,RP Singh,12,4.2,106.66666666666683,2.9166666666666665,0
2009,RP Singh,13,3.6,86.66666666666683,2.6923076923076925,0
2009/10,RP Singh,14,1.6,36.666666666666835,2.5,4
2009/10,RP Singh,15,1.6,56.666666666666835,2.6,1
2009/10,RP Singh,16,1.4,51.666666666666835,2.5,1
2009/10,RP Singh,17,1.2,49.00000000000017,2.411764705882353,3
2009/10,RP Singh,18,1.8,59.00000000000017,2.4444444444444446,0
2011,RP Singh,19,1.8,59.00000000000017,2.3157894736842106,0
2011,RP Singh,20,1.0,19.00000000000017,2.2,1
2011,RP Singh,21,1.0,34.00000000000017,2.142857142857143,0
2011,RP Singh,22,0.8,30.00000000000017,2.0454545454545454,1
2012,RP Singh,23,0.4,40.00000000000017,2.0,0
2012,RP Singh,24,0.4,40.00000000000017,1.9166666666666667,1
2012,RP Singh,25,0.6,60.00000000000017,1.88,1
2012,RP Singh,26,0.6,60.00000000000017,1.8461538461538463,3
2012,RP Singh,27,1.2,72.00000000000017,1.8888888888888888,1
2016,RR Pant,5,19.8,109.14052287581717,19.8,39
2016,RR Pant,6,23.6,114.50000000000018,23.0,23
2016,RR Pant,7,27.4,121.55882352941194,23.0,4
2016,RR Pant,8,14.4,95.94771241830082,20.625,32
2016,RR Pant,9,20.4,115.20697167756009,21.88888888888889,1
2017,RR Pant,10,19.8,98.5403050108934,19.8,57
2017,RR Pant,11,23.4,98.88218535277375,23.181818181818183,31
2017,RR Pant,12,25.0,100.00518000518016,23.833333333333332,15
2017,RR Pant,13,27.2,124.44962444962462,23.153846153846153,38
2017,RR Pant,14,28.4,145.4518030988621,24.214285714285715,0
2017,RR Pant,15,28.2,135.4518030988621,22.6,0
2017,RR Pant,16,16.8,106.22103386809286,21.1875,6
2017,RR Pant,17,11.8,108.03921568627467,20.294117647058822,3
2017,RR Pant,18,9.4,84.70588235294136,19.333333333333332,34
2017,RR Pant,19,8.6,74.00000000000017,20.105263157894736,97
2017,RR Pant,20,28.0,118.09090909090926,23.95,0
2017,RR Pant,21,28.0,118.09090909090926,22.80952380952381,4
2017,RR Pant,22,27.6,128.09090909090926,21.954545454545453,36
2017,RR Pant,23,34.2,150.81818181818198,22.565217391304348,45
2018,RR Pant,24,36.4,143.2887700534761,23.5,28
2018,RR Pant,25,22.6,142.27478403949007,23.68,20
2018,RR Pant,26,26.6,168.94145070615676,23.53846153846154,47
2018,RR Pant,27,35.2,166.54145070615675,24.40740740740741,43
2018,RR Pant,28,36.6,162.4808446455507,25.071428571428573,85
2018,RR Pant,29,44.6,170.01025641025657,27.137931034482758,4
2018,RR Pant,30,39.8,138.36190476190492,26.366666666666667,0
2018,RR Pant,31,35.8,111.69523809523825,25.516129032258064,79
2018,RR Pant,32,42.2,107.71225937183401,27.1875,69
2018,RR Pant,33,47.4,120.86377452334916,28.454545454545453,18
2018,RR Pant,34,34.0,104.86377452334916,28.147058823529413,128
2018,RR Pant,35,58.8,133.43520309477773,31.0,61
2018,RR Pant,36,71.0,168.2923459519206,31.833333333333332,38
2018,RR Pant,37,62.8,162.82347282347297,32.0,64
2019,RR Pant,38,61.8,149.44973544973564,32.8421052631579,78
2019,RR Pant,39,73.8,187.16402116402134,34.0,25
2019,RR Pant,40,53.2,178.41402116402134,33.775,17
2019,RR Pant,41,44.4,161.45161514898373,33.36585365853659,39
2019,RR Pant,42,44.6,163.3034670008356,33.5,5
2019,RR Pant,43,32.8,149.14473684210543,32.83720930232558,18
2019,RR Pant,44,20.8,119.14473684210543,32.5,46
2019,RR Pant,45,25.0,116.64473684210543,32.8,23
2019,RR Pant,46,26.2,122.96052631578964,32.58695652173913,7
2019,RR Pant,47,19.8,105.68779904306237,32.04255319148936,6
2019,RR Pant,48,20.0,106.40208475734808,31.5,78
2019,RR Pant,49,32.0,124.02113237639568,32.44897959183673,7
2019,RR Pant,50,24.2,115.27113237639568,31.94,5
2019,RR Pant,51,20.6,124.39393939393956,31.41176470588235,53
2019,RR Pant,52,29.8,139.5614035087721,31.826923076923077,49
2019,RR Pant,53,38.4,169.10685805422662,32.15094339622642,38
2020/21,RR Pant,54,30.4,156.1735247208933,32.25925925925926,33
2020/21,RR Pant,55,35.6,155.03066757803617,32.27272727272727,27
2020/21,RR Pant,56,40.0,137.5796871858793,32.17857142857143,5
2020/21,RR Pant,57,30.4,119.68495034377403,31.70175438596491,8
2020/21,RR Pant,58,22.2,95.13949579831949,31.29310344827586,38
2020/21,RR Pant,59,22.2,104.7394957983195,31.406779661016948,37
2020/21,RR Pant,60,23.0,114.3438914027151,31.5,36
2020/21,RR Pant,61,24.8,117.92099792099809,31.57377049180328,28
2020/21,RR Pant,62,29.4,127.92099792099809,31.516129032258064,21
2020/21,RR Pant,63,32.0,125.42099792099809,31.349206349206348,37
2020/21,RR Pant,64,31.8,113.88253638253654,31.4375,14
2020/21,RR Pant,65,27.2,99.42099792099809,31.16923076923077,3
2020/21,RR Pant,66,20.6,86.6282051282053,30.742424242424242,2
2020/21,RR Pant,67,15.4,79.96153846153864,30.313432835820894,56
2021,RR Pant,68,22.4,90.46153846153864,30.691176470588236,15
2021,RR Pant,69,18.0,85.07692307692324,30.463768115942027,51
2021,RR Pant,70,25.4,101.98601398601416,30.757142857142856,15
2021,RR Pant,71,27.8,112.96640614287689,30.535211267605632,7
2021,RR Pant,72,28.8,115.1886283650991,30.208333333333332,42
2021,RR Pant,73,26.0,114.2854025586475,30.36986301369863,58
2021,RR Pant,74,34.6,114.40847948172443,30.743243243243242,16
2021,RR Pant,75,27.6,123.4993885726335,30.546666666666667,14
2021,RR Pant,76,27.4,131.30687520364955,30.32894736842105,39
2021,RR Pant,77,33.8,136.83240072917508,30.441558441558442,24
2021,RR Pant,78,30.2,129.7356265356267,30.358974358974358,10
2021,RR Pant,79,20.6,131.5356265356267,30.10126582278481,35
2021,RR Pant,80,24.4,121.97040914432236,30.1625,15
2021,RR Pant,81,24.6,119.59278676669999,29.97530864197531,26
2021,RR Pant,82,22.0,122.14806932198253,29.926829268292682,51
2021,RR Pant,83,27.4,128.99017458514044,30.180722891566266,6
2022,RR Pant,84,26.6,123.99017458514042,29.892857142857142,1
2022,RR Pant,85,19.8,100.22205864311144,29.55294117647059,43
2022,RR Pant,86,25.4,105.81180223285506,29.709302325581394,39
2022,RR Pant,87,28.0,103.25651967757248,29.816091954022987,27
2022,RR Pant,88,23.2,112.4144144144146,29.78409090909091,34
2022,RR Pant,89,28.8,132.41441441441458,29.831460674157302,44
2022,RR Pant,90,37.4,159.59390159390176,29.988888888888887,2
2022,RR Pant,91,29.2,138.92723492723508,29.681318681318682,44
2022,RR Pant,92,30.2,146.23325062034758,29.83695652173913,26
2022,RR Pant,93,30.0,142.73325062034758,29.795698924731184,21
2022,RR Pant,94,27.4,140.91506880216576,29.70212765957447,13
2022,RR Pant,95,21.2,172.0689149560119,29.526315789473685,7
2022,RR Pant,96,22.2,210.73558162267855,29.291666666666668,39
2024,RR Pant,97,21.2,204.01515151515167,29.391752577319586,18
2024,RR Pant,98,19.6,199.2074592074594,29.275510204081634,28
2024,RR Pant,99,21.0,181.76638176638193,29.262626262626263,51
2024,RR Pant,100,28.6,147.67547267547283,29.48,55
2024,RR Pant,101,38.2,143.3164983164985,29.73267326732673,1
2024,RR Pant,102,30.6,128.31649831649847,29.45098039215686,41
2024,RR Pant,103,35.2,134.79085729085745,29.563106796116504,16
2024,RR Pant,104,32.8,143.1410256410258,29.432692307692307,44
2024,RR Pant,105,31.4,136.67637917637936,29.571428571428573,88
2024,RR Pant,106,38.0,133.47979797979815,30.12264150943396,29
2024,RR Pant,107,43.6,155.81313131313146,30.11214953271028,27
2024,RR Pant,108,40.8,147.36075036075053,30.083333333333332,15
2024,RR Pant,109,40.6,141.34676434676453,29.94495412844037,33
2009/10,RR Powar,5,10.8,100.38095238095255,10.8,2
2011,RR Powar,6,5.6,113.7142857142859,9.333333333333334,3
2011,RR Powar,7,4.2,103.7142857142859,8.428571428571429,0
2011,RR Powar,8,3.0,86.57142857142874,7.375,8
2023,RR Rossouw,5,10.6,82.57073844030383,10.6,30
2023,RR Rossouw,6,13.8,100.39682539682556,13.833333333333334,0
2023,RR Rossouw,7,9.0,66.11111111111128,11.857142857142858,14
2023,RR Rossouw,8,11.6,82.64957264957283,12.125,8
2023,RR Rossouw,9,13.2,109.31623931623949,11.666666666666666,35
2023,RR Rossouw,10,17.4,108.63991081382403,14.0,35
2023,RR Rossouw,11,18.4,97.55882973274296,15.909090909090908,5
2023,RR Rossouw,12,19.4,111.84454401845724,15.0,82
2023,RR Rossouw,13,33.0,131.3060824799957,20.153846153846153,0
2024,RR Rossouw,14,31.4,104.63941581332901,18.714285714285715,1
2024,RR Rossouw,15,24.6,80.87129987130002,17.533333333333335,9
2024,RR Rossouw,16,19.4,87.66666666666683,17.0,26
2024,RR Rossouw,17,23.6,102.26984126984144,17.529411764705884,43
2024,RR Rossouw,18,15.8,95.66984126984144,18.944444444444443,0
2024,RR Rossouw,19,15.8,95.66984126984144,17.94736842105263,61
2024,RR Rossouw,20,27.8,134.18835978835995,20.1,22
2024,RR Rossouw,21,30.4,142.3202279202281,20.19047619047619,49
2009/10,RS Bopara,5,27.6,94.30685662243056,27.6,56
2009/10,RS Bopara,6,34.4,91.82319649171161,32.333333333333336,77
2009/10,RS Bopara,7,46.8,100.87980026529651,38.714285714285715,38
2009/10,RS Bopara,8,37.6,96.36911968904217,38.625,1
2009/10,RS Bopara,9,35.6,85.11911968904217,34.44444444444444,25
2009/10,RS Bopara,10,39.4,95.77846034838282,33.5,0
2009/10,RS Bopara,11,28.2,73.81767603465732,30.454545454545453,1
2009/10,RS Bopara,12,13.0,49.761072261072435,28.0,42
2009/10,RS Bopara,13,13.8,51.43665158371058,29.076923076923077,8
2015,RS Bopara,14,15.2,62.269984917043914,27.571428571428573,22
2015,RS Bopara,15,14.6,72.372549019608,27.2,23
2015,RS Bopara,16,19.2,96.58307533539748,26.9375,41
2015,RS Bopara,17,27.2,118.91640866873081,27.764705882352942,2
2015,RS Bopara,18,19.2,104.21052631578964,26.333333333333332,23
2015,RS Bopara,19,22.2,107.91423001949333,26.157894736842106,0
2015,RS Bopara,20,17.8,78.58089668616002,24.85,17
2015,RS Bopara,21,16.6,80.5242165242167,24.476190476190474,17
2013,RT Ponting,5,13.4,48.72865275142332,13.4,6
2013,RT Ponting,6,10.6,40.72865275142332,12.166666666666666,0
2013,RT Ponting,7,10.6,40.72865275142332,10.428571428571429,14
2013,RT Ponting,8,13.4,57.19924098671743,10.875,4
2011,RV Gomez,5,7.2,47.368421052631746,7.2,1
2011,RV Gomez,6,7.4,67.36842105263175,6.166666666666667,7
2011,RV Gomez,7,3.6,48.75000000000017,6.285714285714286,2
2013,RV Gomez,8,2.0,42.0833333333335,5.75,4
2023,RV Patel,5,9.4,117.7222222222224,9.4,23
2023,RV Patel,6,12.6,135.0238095238097,11.666666666666666,10
2007/08,RV Uthappa,5,31.0,114.23166891587962,31.0,22
2007/08,RV Uthappa,6,25.8,109.92089197352372,29.5,34
2007/08,RV Uthappa,7,24.0,114.36533641796818,30.142857142857142,19
2007/08,RV Uthappa,8,23.6,116.01007326007343,28.75,16
2007/08,RV Uthappa,9,25.6,106.55552780552799,27.333333333333332,9
2007/08,RV Uthappa,10,20.0,110.081168831169,25.5,7
2007/08,RV Uthappa,11,17.0,96.90656565656583,23.818181818181817,9
2007/08,RV Uthappa,12,12.0,82.41938616938634,22.583333333333332,46
2007/08,RV Uthappa,13,17.4,98.66938616938634,24.384615384615383,3
2009,RV Uthappa,14,14.8,90.79059829059847,22.857142857142858,3
2009,RV Uthappa,15,13.6,74.29059829059847,21.533333333333335,20
2009,RV Uthappa,16,16.2,85.56043956043973,21.4375,12
2009,RV Uthappa,17,16.8,83.71428571428586,20.88235294117647,0
2009,RV Uthappa,18,7.6,43.71428571428588,19.72222222222222,3
2009,RV Uthappa,19,7.6,52.04761904761922,18.842105263157894,19
2009,RV Uthappa,20,10.8,68.4005602240898,18.85,66
2009,RV Uthappa,21,20.0,80.05061559507541,21.095238095238095,17
2009,RV Uthappa,22,21.0,83.50516104962085,20.90909090909091,4
2009,RV Uthappa,23,21.8,99.50516104962085,20.17391304347826,7
2009,RV Uthappa,24,22.6,98.50516104962085,19.625,6
2009,RV Uthappa,25,20.0,106.15221987315026,19.08,1
2009,RV Uthappa,26,7.0,79.45454545454562,18.384615384615383,17
2009/10,RV Uthappa,27,7.0,86.66666666666683,18.333333333333332,20
2009/10,RV Uthappa,28,10.2,94.19607843137273,18.392857142857142,51
2009/10,RV Uthappa,29,19.0,128.7675070028013,19.517241379310345,23
2009/10,RV Uthappa,30,22.4,129.43417366946795,19.633333333333333,68
2009/10,RV Uthappa,31,35.8,161.22364735367847,21.193548387096776,15
2009/10,RV Uthappa,32,35.4,168.55698068701182,21.0,21
2009/10,RV Uthappa,33,35.6,175.02756892230593,21.0,22
2009/10,RV Uthappa,34,29.8,175.34502923976626,21.029411764705884,12
2009/10,RV Uthappa,35,27.6,171.34502923976623,20.771428571428572,2
2009/10,RV Uthappa,36,14.4,143.5555555555557,20.25,50
2009/10,RV Uthappa,37,21.4,157.03381642512093,21.054054054054053,34
2009/10,RV Uthappa,38,24.0,157.94290733421184,21.394736842105264,26
2009/10,RV Uthappa,39,24.8,133.8159232072277,21.512820512820515,4
2009/10,RV Uthappa,40,23.2,118.57782796913247,21.075,26
2011,RV Uthappa,41,28.0,150.57782796913247,21.195121951219512,22
2011,RV Uthappa,42,22.4,136.4329004329006,21.214285714285715,31
2011,RV Uthappa,43,21.8,146.85714285714303,21.441860465116278,4
2011,RV Uthappa,44,17.4,130.09523809523827,21.045454545454547,45
2011,RV Uthappa,45,25.6,142.99099099099115,21.57777777777778,0
2011,RV Uthappa,46,20.4,102.99099099099116,21.108695652173914,31
2011,RV Uthappa,47,22.2,101.83947583947601,21.319148936170212,23
2011,RV Uthappa,48,20.6,86.06169806169822,21.354166666666668,35
2011,RV Uthappa,49,26.8,111.39503139503158,21.632653061224488,34
2011,RV Uthappa,50,24.6,112.25589225589242,21.88,22
2011,RV Uthappa,51,29.0,136.70033670033686,21.88235294117647,1
2011,RV Uthappa,52,23.0,115.18518518518536,21.48076923076923,4
2011,RV Uthappa,53,19.2,105.62962962962982,21.150943396226417,12
2012,RV Uthappa,54,14.6,84.29629629629646,20.98148148148148,36
2012,RV Uthappa,55,15.0,79.68253968253984,21.254545454545454,40
2012,RV Uthappa,56,18.6,78.7675070028013,21.589285714285715,17
2012,RV Uthappa,57,21.8,92.10084033613462,21.50877192982456,10
2012,RV Uthappa,58,23.0,101.10084033613462,21.310344827586206,69
2012,RV Uthappa,59,34.4,117.85084033613461,22.11864406779661,8
2012,RV Uthappa,60,28.8,129.27941176470603,21.883333333333333,10
2012,RV Uthappa,61,22.8,120.03571428571445,21.688524590163933,60
2012,RV Uthappa,62,31.4,120.72536945812826,22.306451612903224,29
2012,RV Uthappa,63,35.2,117.20685093960974,22.41269841269841,26
2012,RV Uthappa,64,26.6,117.34573982849861,22.46875,18
2012,RV Uthappa,65,28.6,104.29310824955125,22.4,17
2012,RV Uthappa,66,30.0,111.25739396383696,22.318181818181817,13
2012,RV Uthappa,67,20.6,103.56773879142318,22.17910447761194,38
2012,RV Uthappa,68,22.4,115.12973557081125,22.41176470588235,6
2012,RV Uthappa,69,18.4,103.38370382477952,22.17391304347826,8
2013,RV Uthappa,70,16.4,104.43633540372689,21.97142857142857,24
2013,RV Uthappa,71,17.8,103.18633540372689,22.0,19
2013,RV Uthappa,72,19.0,106.70807453416167,21.958333333333332,32
2013,RV Uthappa,73,17.8,113.66459627329209,22.095890410958905,7
2013,RV Uthappa,74,18.0,110.52173913043495,21.89189189189189,26
2013,RV Uthappa,75,21.6,106.2793148880107,21.946666666666665,22
2013,RV Uthappa,76,21.2,117.70788631658215,21.94736842105263,37
2013,RV Uthappa,77,24.8,122.95085306850028,22.142857142857142,0
2013,RV Uthappa,78,18.4,82.9508530685003,21.858974358974358,37
2013,RV Uthappa,79,24.4,90.71555895085324,22.050632911392405,10
2013,RV Uthappa,80,21.2,93.13980137509566,21.9,75
2013,RV Uthappa,81,31.8,93.6261235635455,22.555555555555557,54
2013,RV Uthappa,82,35.2,95.33967855075778,22.9390243902439,31
2013,RV Uthappa,83,41.4,112.56190077298001,23.03614457831325,11
2013,RV Uthappa,84,36.2,107.72027181370399,22.892857142857142,25
2013,RV Uthappa,85,39.2,113.34797744140963,22.91764705882353,24
2014,RV Uthappa,86,29.0,104.29022668153121,22.930232558139537,1
2014,RV Uthappa,87,18.4,90.81196581196598,22.67816091954023,55
2014,RV Uthappa,88,23.2,100.4190118824267,23.045454545454547,22
2014,RV Uthappa,89,25.4,107.94037940379421,23.03370786516854,19
2014,RV Uthappa,90,24.2,98.20492966834448,22.988888888888887,0
2014,RV Uthappa,91,19.4,75.34778681120163,22.736263736263737,47
2014,RV Uthappa,92,28.6,90.08462891646478,23.0,65
2014,RV Uthappa,93,30.6,88.25536062378185,23.451612903225808,47
2014,RV Uthappa,94,35.6,90.66805903648026,23.70212765957447,46
2014,RV Uthappa,95,41.0,108.31812289344066,23.936842105263157,80
2014,RV Uthappa,96,57.0,138.50680213872369,24.520833333333332,40
2014,RV Uthappa,97,55.6,138.01238427588476,24.68041237113402,67
2014,RV Uthappa,98,56.0,146.51238427588478,25.112244897959183,83
2014,RV Uthappa,99,63.2,150.97599613572305,25.696969696969695,41
2014,RV Uthappa,100,62.2,146.5851915380219,25.85,42
2014,RV Uthappa,101,54.6,144.3965122927389,26.00990099009901,5
2015,RV Uthappa,102,47.6,153.48742138364796,25.80392156862745,9
2015,RV Uthappa,103,36.0,134.98742138364796,25.640776699029125,35
2015,RV Uthappa,104,26.4,128.66666666666683,25.73076923076923,80
2015,RV Uthappa,105,34.2,128.00000000000017,26.247619047619047,13
2015,RV Uthappa,106,28.4,126.00000000000018,26.12264150943396,13
2015,RV Uthappa,107,30.0,111.23809523809541,26.0,34
2015,RV Uthappa,108,35.0,127.14718614718632,26.074074074074073,32
2015,RV Uthappa,109,34.4,121.54112554112571,26.128440366972477,39
2015,RV Uthappa,110,26.2,138.20779220779238,26.245454545454546,23
2015,RV Uthappa,111,28.2,133.1168831168833,26.216216216216218,30
2015,RV Uthappa,112,31.6,136.76767676767693,26.25,17
2015,RV Uthappa,113,28.2,136.76767676767696,26.168141592920353,25
2015,RV Uthappa,114,26.8,141.18326118326135,26.157894736842106,14
2016,RV Uthappa,115,21.8,128.96103896103915,26.05217391304348,35
2016,RV Uthappa,116,24.2,128.05194805194822,26.129310344827587,8
2016,RV Uthappa,117,19.8,121.829725829726,25.974358974358974,38
2016,RV Uthappa,118,24.0,111.46117546117564,26.076271186440678,53
2016,RV Uthappa,119,29.6,124.20337578958288,26.30252100840336,0
2016,RV Uthappa,120,26.8,93.09226467847175,26.083333333333332,36
2016,RV Uthappa,121,27.0,109.09226467847175,26.165289256198346,72
2016,RV Uthappa,122,39.8,120.26207599922645,26.540983606557376,1
2016,RV Uthappa,123,32.4,104.7215354586859,26.333333333333332,70
2016,RV Uthappa,124,35.8,96.74123989218347,26.68548387096774,14
2016,RV Uthappa,125,38.6,124.74123989218347,26.584,4
2016,RV Uthappa,126,32.2,128.74123989218347,26.404761904761905,2
2016,RV Uthappa,127,18.2,111.57142857142874,26.212598425196852,25
2016,RV Uthappa,128,23.0,129.29870129870147,26.203125,25
2016,RV Uthappa,129,14.0,130.13903743315524,26.1937984496124,11
2017,RV Uthappa,130,13.4,133.56760886172668,26.076923076923077,4
2017,RV Uthappa,131,13.4,120.23427552839334,25.908396946564885,26
2017,RV Uthappa,132,18.2,142.73427552839334,25.90909090909091,68
2017,RV Uthappa,133,26.8,154.00700280112062,26.225563909774436,4
2017,RV Uthappa,134,22.6,164.59523809523824,26.059701492537314,72
2017,RV Uthappa,135,34.8,163.16666666666683,26.4,11
2017,RV Uthappa,136,36.2,160.94444444444463,26.28676470588235,87
2017,RV Uthappa,137,48.4,163.95464852607728,26.72992700729927,59
2017,RV Uthappa,138,46.6,165.71222428365303,26.963768115942027,53
2017,RV Uthappa,139,56.4,163.5693671407959,27.151079136690647,0
2017,RV Uthappa,140,42.0,133.5693671407959,26.957142857142856,2
2017,RV Uthappa,141,40.2,119.12492269635143,26.78014184397163,1
2017,RV Uthappa,142,23.0,90.28138528138544,26.598591549295776,1
2018,RV Uthappa,143,11.4,61.19047619047635,26.41958041958042,13
2018,RV Uthappa,144,3.4,45.00000000000017,26.32638888888889,29
2018,RV Uthappa,145,9.2,79.11764705882369,26.344827586206897,3
2018,RV Uthappa,146,9.4,76.61764705882369,26.184931506849313,35
2018,RV Uthappa,147,16.2,106.79308565531491,26.244897959183675,48
2018,RV Uthappa,148,25.6,126.0723649345942,26.39189189189189,34
2018,RV Uthappa,149,29.8,132.73903160126088,26.44295302013423,1
2018,RV Uthappa,150,24.2,108.62138454243737,26.273333333333333,36
2018,RV Uthappa,151,30.8,133.8486572697101,26.337748344370862,6
2018,RV Uthappa,152,25.0,110.33988533988551,26.20394736842105,54
2018,RV Uthappa,153,26.2,114.39393939393958,26.38562091503268,14
2018,RV Uthappa,154,22.2,107.59906759906778,26.305194805194805,24
2018,RV Uthappa,155,26.8,124.26573426573444,26.29032258064516,4
2018,RV Uthappa,156,20.4,104.87179487179503,26.147435897435898,45
2018,RV Uthappa,157,28.2,118.0090497737558,26.26751592356688,3
2018,RV Uthappa,158,18.0,94.67571644042248,26.120253164556964,2
2019,RV Uthappa,159,15.6,78.13725490196094,25.968553459119498,35
2019,RV Uthappa,160,17.8,77.39651416122021,26.025,67
2019,RV Uthappa,161,30.4,90.33769063180844,26.279503105590063,13
2019,RV Uthappa,162,24.0,96.36710239651433,26.19753086419753,33
2019,RV Uthappa,163,30.0,116.10043572984766,26.23926380368098,26
2019,RV Uthappa,164,34.8,143.60043572984767,26.23780487804878,11
2019,RV Uthappa,165,30.0,142.11895424836615,26.145454545454545,28
2019,RV Uthappa,166,22.2,134.5111111111113,26.156626506024097,0
2019,RV Uthappa,167,19.6,102.01111111111128,26.0,9
2019,RV Uthappa,168,14.8,83.43719806763302,25.898809523809526,22
2019,RV Uthappa,169,14.0,82.36576949620445,25.875739644970412,40
2020/21,RV Uthappa,170,19.8,73.30594043637538,25.958823529411763,5
2020/21,RV Uthappa,171,15.2,65.75038488081984,25.83625730994152,2
2020/21,RV Uthappa,172,15.6,71.46467059510556,25.697674418604652,18
2020/21,RV Uthappa,173,17.4,87.63858363858381,25.653179190751445,17
2020/21,RV Uthappa,174,16.4,71.66455766455783,25.603448275862068,19
2020/21,RV Uthappa,175,12.2,85.51071151071167,25.565714285714286,41
2020/21,RV Uthappa,176,19.4,108.56626706626722,25.65340909090909,9
2020/21,RV Uthappa,177,20.8,147.85198135198152,25.559322033898304,6
2020/21,RV Uthappa,178,18.4,163.85198135198152,25.44943820224719,4
2020/21,RV Uthappa,179,15.8,157.28632478632494,25.329608938547487,30
2020/21,RV Uthappa,180,18.0,153.0555555555557,25.355555555555554,13
2020/21,RV Uthappa,181,12.4,142.5252525252527,25.287292817679557,32
2021,RV Uthappa,182,17.0,119.59421804249408,25.324175824175825,2
2021,RV Uthappa,183,16.2,86.26088470916075,25.19672131147541,19
2021,RV Uthappa,184,19.2,97.37199582027185,25.16304347826087,63
2021,RV Uthappa,185,25.8,100.37199582027185,25.36756756756757,31
2022,RV Uthappa,186,29.4,115.48563218390821,25.397849462365592,28
2022,RV Uthappa,187,28.6,117.76449275362336,25.41176470588235,50
2022,RV Uthappa,188,38.2,146.81211180124242,25.54255319148936,13
2022,RV Uthappa,189,37.0,152.81211180124242,25.476190476190474,15
2022,RV Uthappa,190,27.4,152.08483907396968,25.42105263157895,88
2022,RV Uthappa,191,38.8,146.54238624378098,25.74869109947644,3
2022,RV Uthappa,192,33.8,127.19456015682447,25.630208333333332,30
2022,RV Uthappa,193,29.8,115.48027444253876,25.65284974093264,1
2022,RV Uthappa,194,27.4,92.33741729968162,25.52577319587629,1
2022,RV Uthappa,195,24.6,71.73135669362101,25.4,0
2022,RV Uthappa,196,7.0,38.523809523809696,25.270408163265305,1
2023,Rahmanullah Gurbaz,5,20.4,89.06301145662866,20.4,81
2023,Rahmanullah Gurbaz,6,32.2,102.06301145662864,30.5,0
2023,Rahmanullah Gurbaz,7,20.8,77.80769230769248,26.142857142857142,15
2023,Rahmanullah Gurbaz,8,20.8,75.88461538461556,24.75,18
2023,Rahmanullah Gurbaz,9,24.4,105.88461538461556,24.0,1
2023,Rahmanullah Gurbaz,10,23.0,97.57692307692324,21.7,10
2024,Rahmanullah Gurbaz,11,8.8,69.57692307692324,20.636363636363637,23
2024,Rahmanullah Gurbaz,12,13.4,100.24358974358991,20.833333333333332,39
2024,Ramandeep Singh,5,16.0,148.62745098039233,16.0,2
2024,Ramandeep Singh,6,15.2,158.62745098039233,13.666666666666666,13
2024,Ramandeep Singh,7,15.4,166.17647058823547,13.571428571428571,1
2024,Ramandeep Singh,8,12.8,146.17647058823545,12.0,24
2024,Ramandeep Singh,9,15.0,150.84313725490213,13.333333333333334,6
2024,Ramandeep Singh,10,9.2,149.66666666666683,12.6,2
2024,Ramandeep Singh,11,9.2,139.66666666666683,11.636363636363637,25
2024,Ramandeep Singh,12,11.6,201.33333333333354,12.75,17
2018,Rashid Khan,5,5.6,230.00000000000017,5.6,6
2018,Rashid Khan,6,6.4,233.33333333333354,5.666666666666667,1
2018,Rashid Khan,7,5.4,120.00000000000018,5.0,1
2018,Rashid Khan,8,5.0,111.66666666666683,4.5,0
2018,Rashid Khan,9,5.0,111.66666666666683,4.0,34
2019,Rashid Khan,10,8.4,88.48484848484865,7.0,15
2019,Rashid Khan,11,10.2,105.15151515151533,7.7272727272727275,0
2019,Rashid Khan,12,10.0,98.48484848484865,7.083333333333333,0
2019,Rashid Khan,13,9.8,91.818181818182,6.538461538461538,17
2019,Rashid Khan,14,13.2,129.59595959595976,7.285714285714286,1
2019,Rashid Khan,15,6.6,77.77777777777797,6.866666666666666,1
2019,Rashid Khan,16,3.8,57.77777777777796,6.5,0
2020/21,Rashid Khan,17,3.8,57.77777777777796,6.117647058823529,0
2020/21,Rashid Khan,18,3.8,57.77777777777796,5.777777777777778,1
2020/21,Rashid Khan,19,0.6,30.00000000000018,5.526315789473684,14
2020/21,Rashid Khan,20,3.2,51.1111111111113,5.95,6
2020/21,Rashid Khan,21,4.2,61.11111111111129,5.9523809523809526,3
2020/21,Rashid Khan,22,4.8,69.68253968253987,5.818181818181818,11
2021,Rashid Khan,23,7.0,101.11111111111128,6.043478260869565,17
2021,Rashid Khan,24,10.2,128.88888888888908,6.5,0
2021,Rashid Khan,25,7.4,97.77777777777797,6.24,0
2021,Rashid Khan,26,6.2,77.77777777777797,6.0,0
2021,Rashid Khan,27,5.6,69.20634920634939,5.777777777777778,9
2021,Rashid Khan,28,5.2,73.77777777777797,5.892857142857143,17
2021,Rashid Khan,29,5.2,60.28571428571447,6.275862068965517,7
2021,Rashid Khan,30,6.6,75.84126984127002,6.3,22
2021,Rashid Khan,31,11.0,98.99916457811213,6.806451612903226,3
2021,Rashid Khan,32,11.6,113.99916457811214,6.6875,8
2022,Rashid Khan,33,11.4,104.66583124477879,6.7272727272727275,0
2022,Rashid Khan,34,8.0,80.38011695906451,6.529411764705882,0
2022,Rashid Khan,35,6.6,64.82456140350895,6.3428571428571425,40
2022,Rashid Khan,36,10.2,79.76190476190493,7.277777777777778,0
2022,Rashid Khan,37,9.6,64.76190476190493,7.081081081081081,31
2022,Rashid Khan,38,14.2,94.45887445887465,7.7105263157894735,0
2022,Rashid Khan,39,14.2,94.45887445887465,7.512820512820513,1
2022,Rashid Khan,40,14.4,114.45887445887465,7.35,19
2023,Rashid Khan,41,10.2,139.6969696969699,7.634146341463414,10
2023,Rashid Khan,42,12.2,206.36363636363654,7.690476190476191,1
2023,Rashid Khan,43,6.2,170.00000000000017,7.534883720930233,2
2023,Rashid Khan,44,6.6,210.00000000000017,7.409090909090909,3
2023,Rashid Khan,45,7.0,220.00000000000017,7.311111111111111,79
2023,Rashid Khan,46,19.0,201.80952380952402,8.869565217391305,0
2023,Rashid Khan,47,17.0,135.14285714285734,8.680851063829786,30
2023,Rashid Khan,48,22.8,148.47619047619068,9.125,5
2023,Rashid Khan,49,23.4,141.80952380952402,9.040816326530612,0
2024,Rashid Khan,50,22.8,111.80952380952401,8.86,4
2024,Rashid Khan,51,7.8,93.33333333333353,8.764705882352942,1
2024,Rashid Khan,52,8.0,103.33333333333353,8.615384615384615,0
2024,Rashid Khan,53,2.0,70.0000000000002,8.452830188679245,24
2024,Rashid Khan,54,5.8,70.95238095238115,8.74074074074074,31
2024,Rashid Khan,55,12.0,96.78571428571448,9.145454545454545,3
2024,Rashid Khan,56,11.8,90.11904761904782,9.035714285714286,21
2024,Rashid Khan,57,15.8,115.11904761904782,9.24561403508772,18
2024,Rasikh Salam,5,6.0,128.33333333333354,6.0,10
2023,Ravi Bishnoi,5,2.2,55.14285714285734,2.2,3
2023,Ravi Bishnoi,6,2.6,111.14285714285734,2.3333333333333335,0
2023,Ravi Bishnoi,7,1.4,94.0000000000002,2.0,5
2023,Ravi Bishnoi,8,2.2,100.0000000000002,2.375,4
2023,Ravi Bishnoi,9,3.0,116.00000000000018,2.5555555555555554,2
2023,Ravi Bishnoi,10,2.8,99.33333333333353,2.5,3
2024,Ravi Bishnoi,11,2.8,49.33333333333353,2.5454545454545454,0
2024,Ravi Bishnoi,12,2.8,49.33333333333353,2.3333333333333335,2
2024,Ravi Bishnoi,13,2.2,52.666666666666856,2.3076923076923075,2
2011,S Anirudha,5,19.0,87.35714285714305,19.0,9
2011,S Anirudha,6,20.6,99.85714285714305,17.333333333333332,7
2011,S Anirudha,7,17.2,87.85714285714305,15.857142857142858,3
2012,S Anirudha,8,16.6,87.85714285714305,14.25,18
2012,S Anirudha,9,7.4,110.00000000000018,14.666666666666666,1
2013,S Anirudha,10,7.6,130.00000000000017,13.3,0
2014,S Anirudha,11,5.8,115.00000000000018,12.090909090909092,3
2017,S Aravind,5,5.4,87.0000000000002,5.4,6
2017,S Aravind,6,6.2,96.14285714285734,5.5,5
2017,S Aravind,7,5.0,77.14285714285734,5.428571428571429,9
2017,S Aravind,8,4.0,53.39285714285734,5.875,8
2017,S Aravind,9,5.6,85.39285714285734,6.111111111111111,4
2007/08,S Badrinath,5,11.8,149.71428571428592,11.8,8
2007/08,S Badrinath,6,7.2,137.42857142857162,11.166666666666666,64
2007/08,S Badrinath,7,19.6,122.04395604395624,18.714285714285715,53
2007/08,S Badrinath,8,28.0,108.32967032967053,23.0,1
2007/08,S Badrinath,9,25.2,93.56776556776575,20.555555555555557,1
2007/08,S Badrinath,10,25.4,103.56776556776576,18.6,6
2009,S Badrinath,11,25.0,131.56776556776578,17.454545454545453,0
2009,S Badrinath,12,12.2,106.95238095238115,16.0,7
2009,S Badrinath,13,3.0,94.16666666666686,15.307692307692308,8
2009,S Badrinath,14,4.4,105.27777777777797,14.785714285714286,29
2009,S Badrinath,15,10.0,116.75925925925944,15.733333333333333,45
2009,S Badrinath,16,17.8,83.22984749455357,17.5625,0
2009,S Badrinath,17,17.8,83.22984749455357,16.529411764705884,59
2009,S Badrinath,18,28.2,93.17170795966986,18.88888888888889,2
2009,S Badrinath,19,27.0,79.8383746263365,18.0,22
2009,S Badrinath,20,25.6,77.48732792746372,18.2,4
2009,S Badrinath,21,17.4,59.9056285810585,17.523809523809526,1
2009/10,S Badrinath,22,17.6,79.9056285810585,16.772727272727273,5
2009/10,S Badrinath,23,6.8,60.79710144927556,16.26086956521739,43
2009/10,S Badrinath,24,15.0,82.41326306543718,17.375,14
2009/10,S Badrinath,25,13.4,81.94949494949513,17.24,2
2009/10,S Badrinath,26,13.0,93.06060606060626,16.653846153846153,31
2009/10,S Badrinath,27,19.0,109.53119429590038,17.185185185185187,55
2009/10,S Badrinath,28,29.0,123.64684055440378,18.535714285714285,25
2009/10,S Badrinath,29,25.4,116.10475301231622,18.75862068965517,7
2009/10,S Badrinath,30,24.0,120.7714196789829,18.366666666666667,4
2009/10,S Badrinath,31,24.4,140.7714196789829,17.903225806451612,30
2009/10,S Badrinath,32,24.2,131.57355871641604,18.28125,6
2009/10,S Badrinath,33,14.4,129.12457912457933,17.90909090909091,30
2009/10,S Badrinath,34,15.4,130.6060606060608,18.264705882352942,53
2009/10,S Badrinath,35,24.6,135.9213759213761,19.257142857142856,37
2009/10,S Badrinath,36,31.2,113.97015640918099,19.75,14
2011,S Badrinath,37,28.0,112.15197459099917,19.594594594594593,66
2011,S Badrinath,38,40.0,115.30986932784128,20.81578947368421,5
2011,S Badrinath,39,35.0,128.6432026611746,20.41025641025641,19
2011,S Badrinath,40,28.2,122.34749518899655,20.375,71
2011,S Badrinath,41,35.0,133.27830653792637,21.609756097560975,11
2011,S Badrinath,42,34.4,139.25233251195235,21.357142857142858,63
2011,S Badrinath,43,33.8,143.48574212293633,22.325581395348838,5
2011,S Badrinath,44,33.8,160.152408789603,21.931818181818183,54
2011,S Badrinath,45,40.8,164.14093102776656,22.644444444444446,55
2011,S Badrinath,46,37.6,160.16133919103186,23.347826086956523,13
2011,S Badrinath,47,38.0,154.73276776246044,23.127659574468087,0
2011,S Badrinath,48,25.4,127.34146341463433,22.645833333333332,34
2012,S Badrinath,49,31.2,97.94752402069496,22.877551020408163,10
2012,S Badrinath,50,22.4,83.37076648841375,22.62,25
2012,S Badrinath,51,16.4,81.09803921568647,22.666666666666668,15
2012,S Badrinath,52,16.8,71.76470588235313,22.51923076923077,57
2012,S Badrinath,53,28.2,95.51470588235313,23.169811320754718,15
2012,S Badrinath,54,24.4,88.54500891265617,23.01851851851852,25
2012,S Badrinath,55,27.4,104.55808080808102,23.054545454545455,1
2012,S Badrinath,56,22.6,101.83080808080828,22.660714285714285,1
2012,S Badrinath,57,19.8,105.16414141414161,22.280701754385966,47
2013,S Badrinath,58,17.8,104.34097068243429,22.70689655172414,16
2013,S Badrinath,59,18.0,109.52813645783536,22.593220338983052,34
2013,S Badrinath,60,19.8,105.19863454212654,22.783333333333335,34
2013,S Badrinath,61,26.4,111.35248069597269,22.9672131147541,6
2013,S Badrinath,62,27.4,100.58324992674193,22.693548387096776,34
2013,S Badrinath,63,24.8,98.90642065844925,22.873015873015873,0
2013,S Badrinath,64,21.6,80.08289124668454,22.515625,0
2007/08,S Dhawan,5,29.2,92.42136737392923,29.2,1
2007/08,S Dhawan,6,19.0,75.45167040423226,24.5,59
2007/08,S Dhawan,7,25.8,83.90597147950108,29.428571428571427,3
2007/08,S Dhawan,8,26.4,103.90597147950109,26.125,7
2007/08,S Dhawan,9,17.8,86.3302139037435,24.0,68
2007/08,S Dhawan,10,27.6,89.16245791245811,28.4,8
2007/08,S Dhawan,11,29.0,114.49579124579142,26.545454545454547,16
2007/08,S Dhawan,12,20.4,114.52784252784272,25.666666666666668,27
2007/08,S Dhawan,13,25.2,112.52784252784272,25.76923076923077,5
2009,S Dhawan,14,24.8,107.49287749287768,24.285714285714285,22
2009,S Dhawan,15,15.6,102.30769230769249,24.133333333333333,3
2009,S Dhawan,16,14.6,78.87912087912107,22.8125,12
2009,S Dhawan,17,13.8,78.26373626373646,22.176470588235293,3
2009/10,S Dhawan,18,9.0,68.83516483516503,21.11111111111111,23
2009/10,S Dhawan,19,12.6,83.04761904761924,21.210526315789473,56
2009/10,S Dhawan,20,19.4,93.31788931788951,22.95,8
2009/10,S Dhawan,21,20.4,97.05415305415325,22.238095238095237,50
2009/10,S Dhawan,22,28.0,98.05415305415325,23.5,14
2009/10,S Dhawan,23,30.2,106.98272448272469,23.08695652173913,16
2009/10,S Dhawan,24,28.8,101.07796257796278,22.791666666666668,2
2009/10,S Dhawan,25,18.0,80.80769230769252,21.96,10
2009/10,S Dhawan,26,18.4,86.68181818181839,21.5,12
2009/10,S Dhawan,27,10.8,85.68181818181839,21.14814814814815,0
2011,S Dhawan,28,8.0,68.18181818181839,20.392857142857142,24
2011,S Dhawan,29,9.6,84.18181818181839,20.517241379310345,7
2011,S Dhawan,30,10.6,91.68181818181839,20.066666666666666,11
2011,S Dhawan,31,10.8,95.5000000000002,19.774193548387096,45
2011,S Dhawan,32,17.4,96.5000000000002,20.5625,8
2011,S Dhawan,33,19.0,128.50000000000017,20.181818181818183,25
2011,S Dhawan,34,19.2,119.22727272727293,20.323529411764707,4
2011,S Dhawan,35,18.6,110.6161616161618,19.857142857142858,19
2011,S Dhawan,36,20.2,102.69023569023588,19.833333333333332,54
2011,S Dhawan,37,22.0,101.1684965598011,20.756756756756758,29
2011,S Dhawan,38,26.2,101.39071878202333,20.973684210526315,24
2011,S Dhawan,39,26.0,106.89874017239768,21.05128205128205,27
2011,S Dhawan,40,30.6,128.00985128350877,21.2,28
2011,S Dhawan,41,32.4,136.33577720943472,21.365853658536587,95
2012,S Dhawan,42,40.6,145.06090617037796,23.11904761904762,21
2012,S Dhawan,43,39.0,132.83868394815573,23.069767441860463,41
2012,S Dhawan,44,42.4,138.77005649717535,23.477272727272727,44
2012,S Dhawan,45,45.8,137.15715327136888,23.933333333333334,52
2012,S Dhawan,46,50.6,138.9431997829968,24.543478260869566,84
2012,S Dhawan,47,48.4,141.02552423820256,25.80851063829787,50
2012,S Dhawan,48,54.2,141.02552423820256,26.3125,16
2012,S Dhawan,49,49.2,135.94976666244503,26.102040816326532,29
2012,S Dhawan,50,46.2,125.68766988825146,26.16,13
2012,S Dhawan,51,38.4,115.94606782106803,25.901960784313726,36
2012,S Dhawan,52,28.8,106.48793974225028,26.096153846153847,73
2012,S Dhawan,53,33.4,114.03510955357103,26.9811320754717,8
2012,S Dhawan,54,31.8,111.61086712932861,26.62962962962963,71
2012,S Dhawan,55,40.2,121.32900438423056,27.436363636363637,26
2012,S Dhawan,56,42.8,126.88455993978612,27.410714285714285,5
2013,S Dhawan,57,36.6,127.05697373288956,27.017543859649123,63
2013,S Dhawan,58,34.6,125.75980392156882,27.637931034482758,0
2013,S Dhawan,59,33.0,99.09313725490215,27.16949152542373,73
2013,S Dhawan,60,33.4,96.86403508771949,27.933333333333334,22
2013,S Dhawan,61,32.6,104.36403508771949,27.83606557377049,3
2013,S Dhawan,62,32.2,99.36403508771949,27.43548387096774,15
2013,S Dhawan,63,22.6,93.11403508771949,27.238095238095237,59
2013,S Dhawan,64,34.4,119.9322169059013,27.734375,1
2013,S Dhawan,65,20.0,100.98484848484867,27.323076923076922,42
2013,S Dhawan,66,24.0,97.48484848484868,27.545454545454547,33
2014,S Dhawan,67,30.0,94.4079254079256,27.62686567164179,38
2014,S Dhawan,68,34.6,94.94846594846615,27.779411764705884,1
2014,S Dhawan,69,23.0,73.13028413028432,27.391304347826086,33
2014,S Dhawan,70,29.4,95.1592696375307,27.47142857142857,7
2014,S Dhawan,71,22.4,86.71482519308626,27.183098591549296,6
2014,S Dhawan,72,17.0,89.79174827000932,26.88888888888889,37
2014,S Dhawan,73,16.8,88.7248919399951,27.027397260273972,33
2014,S Dhawan,74,23.2,116.7248919399951,27.10810810810811,4
2014,S Dhawan,75,17.4,98.02923976608206,26.8,11
2014,S Dhawan,76,18.2,99.39676113360343,26.592105263157894,45
2014,S Dhawan,77,26.0,102.47368421052651,26.83116883116883,19
2014,S Dhawan,78,22.4,108.33333333333353,26.73076923076923,50
2014,S Dhawan,79,25.8,100.97435897435916,27.025316455696203,64
2014,S Dhawan,80,37.8,116.57435897435917,27.4875,29
2015,S Dhawan,81,41.4,118.36095947063707,27.506172839506174,26
2015,S Dhawan,82,37.6,124.17292528260289,27.48780487804878,50
2015,S Dhawan,83,43.8,122.64911575879337,27.759036144578314,10
2015,S Dhawan,84,35.8,112.39270550238311,27.547619047619047,18
2015,S Dhawan,85,26.6,106.79270550238311,27.435294117647057,54
2015,S Dhawan,86,31.6,111.0617514872836,27.74418604651163,42
2015,S Dhawan,87,34.8,110.1728625983947,27.908045977011493,1
2015,S Dhawan,88,25.0,96.3633387888709,27.602272727272727,37
2015,S Dhawan,89,30.4,102.74342928660845,27.707865168539325,15
2015,S Dhawan,90,29.8,102.74342928660845,27.566666666666666,54
2015,S Dhawan,91,29.8,109.76470588235313,27.857142857142858,13
2015,S Dhawan,92,24.0,107.76470588235313,27.695652173913043,24
2015,S Dhawan,93,28.6,123.02786377708996,27.655913978494624,8
2015,S Dhawan,94,22.8,124.12030075187988,27.4468085106383,1
2016,S Dhawan,95,20.0,114.12030075187988,27.16842105263158,8
2016,S Dhawan,96,10.8,101.89807852965767,26.96875,6
2016,S Dhawan,97,9.4,93.0409356725148,26.75257731958763,2
2016,S Dhawan,98,5.0,77.77777777777797,26.5,53
2016,S Dhawan,99,14.0,79.0115440115442,26.767676767676768,45
2016,S Dhawan,100,22.8,88.57676140284855,26.95,56
2016,S Dhawan,101,32.4,91.16261998870714,27.237623762376238,11
2016,S Dhawan,102,33.4,94.01976284585,27.07843137254902,47
2016,S Dhawan,103,42.4,107.51976284584998,27.271844660194176,82
2016,S Dhawan,104,48.2,112.20078357950231,27.798076923076923,33
2016,S Dhawan,105,45.8,117.08001063264241,27.847619047619048,34
2016,S Dhawan,106,41.4,115.09475264738441,27.90566037735849,25
2016,S Dhawan,107,44.2,116.83388308216703,27.878504672897197,10
2016,S Dhawan,108,36.8,118.33388308216703,27.712962962962962,51
2016,S Dhawan,109,30.6,123.56195325760564,27.926605504587155,10
2016,S Dhawan,110,26.0,119.11750881316118,27.763636363636362,0
2016,S Dhawan,111,19.2,100.73913043478281,27.513513513513512,28
2017,S Dhawan,112,19.8,100.53846153846173,27.517857142857142,40
2017,S Dhawan,113,25.8,101.34491315136496,27.628318584070797,9
2017,S Dhawan,114,17.4,87.34491315136496,27.464912280701753,48
2017,S Dhawan,115,25.0,89.16309496954678,27.643478260869564,23
2017,S Dhawan,116,29.6,110.07218587863767,27.603448275862068,15
2017,S Dhawan,117,27.0,108.53372434017615,27.495726495726494,70
2017,S Dhawan,118,33.0,110.72727272727293,27.85593220338983,30
2017,S Dhawan,119,37.2,111.41692789968673,27.873949579831933,77
2017,S Dhawan,120,43.0,120.3987460815049,28.283333333333335,29
2017,S Dhawan,121,44.2,117.06541274817155,28.289256198347108,28
2017,S Dhawan,122,46.8,130.00658921875979,28.28688524590164,19
2017,S Dhawan,123,36.6,133.67325588542644,28.211382113821138,62
2017,S Dhawan,124,43.0,139.9401224521431,28.483870967741936,18
2017,S Dhawan,125,31.2,139.1401224521431,28.4,11
2018,S Dhawan,126,27.6,138.48744179946246,28.261904761904763,78
2018,S Dhawan,127,37.6,131.98694329497593,28.653543307086615,45
2018,S Dhawan,128,42.8,132.46313377116638,28.78125,7
2018,S Dhawan,129,31.8,123.00661203203595,28.612403100775193,0
2018,S Dhawan,130,28.2,93.00661203203596,28.392307692307693,5
2018,S Dhawan,131,27.0,90.36924939467333,28.213740458015266,11
2018,S Dhawan,132,13.6,91.42857142857163,28.083333333333332,6
2018,S Dhawan,133,5.8,89.28571428571448,27.917293233082706,33
2018,S Dhawan,134,11.0,93.07603686635964,27.955223880597014,13
2018,S Dhawan,135,13.6,106.07603686635964,27.844444444444445,92
2018,S Dhawan,136,31.0,127.86875395319437,28.316176470588236,79
2018,S Dhawan,137,44.6,129.0960266804671,28.686131386861312,18
2018,S Dhawan,138,47.0,123.09602668046709,28.608695652173914,50
2018,S Dhawan,139,50.4,126.80570409982195,28.762589928057555,0
2018,S Dhawan,140,47.8,113.80570409982195,28.557142857142857,34
2018,S Dhawan,141,36.2,104.92727272727294,28.595744680851062,26
2019,S Dhawan,142,25.6,96.2000000000002,28.577464788732396,43
2019,S Dhawan,143,30.6,96.08888888888909,28.678321678321677,51
2019,S Dhawan,144,30.8,92.79101654846355,28.833333333333332,16
2019,S Dhawan,145,34.0,132.79101654846355,28.744827586206895,30
2019,S Dhawan,146,33.2,127.81323877068576,28.753424657534246,12
2019,S Dhawan,147,30.4,124.95609591354291,28.639455782312925,0
2019,S Dhawan,148,21.8,101.06720702465402,28.445945945945947,97
2019,S Dhawan,149,31.0,109.67757936507955,28.906040268456376,7
2019,S Dhawan,150,29.2,87.17757936507955,28.76,35
2019,S Dhawan,151,30.2,96.77353896103916,28.801324503311257,56
2019,S Dhawan,152,39.0,105.08522727272745,28.980263157894736,54
2019,S Dhawan,153,49.8,145.08522727272748,29.143790849673202,50
2019,S Dhawan,154,40.4,141.7997542997545,29.27922077922078,19
2019,S Dhawan,155,42.8,153.5305235305237,29.212903225806453,16
2019,S Dhawan,156,39.0,148.37900837900855,29.128205128205128,17
2019,S Dhawan,157,31.2,142.9244629244631,29.05095541401274,18
2020/21,S Dhawan,158,24.0,128.63874863874884,28.981012658227847,0
2020/21,S Dhawan,159,14.0,101.6117216117218,28.79874213836478,6
2020/21,S Dhawan,160,11.4,92.38095238095256,28.65625,5
2020/21,S Dhawan,161,9.2,90.71428571428592,28.509316770186334,54
2020/21,S Dhawan,162,16.6,97.05574912892007,28.666666666666668,101
2020/21,S Dhawan,163,33.2,104.456217512995,29.11042944785276,26
2020/21,S Dhawan,164,38.4,136.956217512995,29.091463414634145,32
2020/21,S Dhawan,165,43.6,139.81336037013784,29.10909090909091,0
2020/21,S Dhawan,166,42.6,114.81336037013784,28.933734939759034,69
2020/21,S Dhawan,167,45.6,114.50963280456031,29.17365269461078,34
2020/21,S Dhawan,168,32.2,103.33036257716739,29.202380952380953,0
2020/21,S Dhawan,169,27.0,70.83036257716739,29.02958579881657,35
2020/21,S Dhawan,170,27.6,73.89914564595047,29.064705882352943,57
2020/21,S Dhawan,171,39.0,107.42855741065634,29.228070175438596,106
2020/21,S Dhawan,172,46.4,116.14491992225548,29.674418604651162,0
2020/21,S Dhawan,173,39.6,94.20943605128772,29.502890173410403,78
2020/21,S Dhawan,174,55.2,124.79767134540539,29.7816091954023,15
2021,S Dhawan,175,51.2,121.94866849640252,29.697142857142858,85
2021,S Dhawan,176,56.8,119.32834764078757,30.011363636363637,9
2021,S Dhawan,177,37.4,100.93788564376818,29.89265536723164,92
2021,S Dhawan,178,55.8,137.73788564376818,30.241573033707866,45
2021,S Dhawan,179,49.2,128.57822177822194,30.324022346368714,28
2021,S Dhawan,180,51.8,124.81164352888509,30.31111111111111,6
2021,S Dhawan,181,36.0,111.04540976265135,30.176795580110497,46
2021,S Dhawan,182,43.4,113.45728360309661,30.263736263736263,69
2021,S Dhawan,183,38.8,105.4072836030966,30.475409836065573,24
2021,S Dhawan,184,34.6,107.97871217452519,30.440217391304348,8
2021,S Dhawan,185,30.6,108.66836734693898,30.318918918918918,43
2021,S Dhawan,186,38.0,116.0969387755104,30.387096774193548,42
2021,S Dhawan,187,37.2,120.02413127413146,30.449197860962567,39
2021,S Dhawan,188,31.2,113.55984555984575,30.49468085106383,8
2021,S Dhawan,189,28.0,112.4169884169886,30.375661375661377,7
2021,S Dhawan,190,27.8,112.4169884169886,30.25263157894737,36
2022,S Dhawan,191,26.4,105.84555984556005,30.282722513089006,43
2022,S Dhawan,192,26.6,112.79802955665043,30.348958333333332,16
2022,S Dhawan,193,22.0,109.33584468270085,30.27461139896373,33
2022,S Dhawan,194,27.0,110.92314627000243,30.288659793814432,35
2022,S Dhawan,195,32.6,114.25647960333579,30.31282051282051,70
2022,S Dhawan,196,39.4,122.67157394295842,30.51530612244898,8
2022,S Dhawan,197,32.4,107.56185607461987,30.401015228426395,9
2022,S Dhawan,198,31.0,106.73832666285516,30.292929292929294,88
2022,S Dhawan,199,42.0,109.79388221841073,30.582914572864322,5
2022,S Dhawan,200,36.0,92.71054888507739,30.455,62
2022,S Dhawan,201,34.4,88.84090909090928,30.611940298507463,12
2022,S Dhawan,202,35.2,87.62878787878807,30.519801980198018,21
2022,S Dhawan,203,37.6,97.62878787878807,30.472906403940886,19
2022,S Dhawan,204,23.8,93.87878787878807,30.416666666666668,39
2023,S Dhawan,205,30.6,110.5699643493763,30.458536585365852,40
2023,S Dhawan,206,26.2,114.69117647058843,30.50485436893204,86
2023,S Dhawan,207,41.0,130.51038551013644,30.77294685990338,99
2023,S Dhawan,208,56.6,131.62803256895998,31.10096153846154,8
2023,S Dhawan,209,54.4,125.65581034673775,30.99043062200957,1
2023,S Dhawan,210,46.8,112.71463387614952,30.847619047619048,28
2023,S Dhawan,211,44.4,121.04796720948286,30.834123222748815,30
2023,S Dhawan,212,33.2,119.16815210932877,30.830188679245282,57
2023,S Dhawan,213,24.8,113.80050505050524,30.953051643192488,7
2023,S Dhawan,214,24.6,116.02272727272745,30.8411214953271,0
2023,S Dhawan,215,24.4,106.02272727272745,30.697674418604652,17
2024,S Dhawan,216,22.2,97.17657342657361,30.63425925925926,22
2024,S Dhawan,217,20.6,93.06174089068845,30.59447004608295,45
2024,S Dhawan,218,18.2,92.99595141700425,30.660550458715598,70
2024,S Dhawan,219,30.8,100.99595141700425,30.840182648401825,1
2024,S Dhawan,220,31.0,110.99595141700425,30.704545454545453,14
2020/21,S Dube,5,8.4,94.95238095238115,8.4,17
2020/21,S Dube,6,11.4,117.86147186147204,9.833333333333334,12
2020/21,S Dube,7,12.0,101.86147186147205,10.142857142857142,11
2020/21,S Dube,8,13.2,105.9090909090911,10.25,22
2020/21,S Dube,9,12.8,105.24242424242443,11.555555555555555,23
2020/21,S Dube,10,17.0,120.48051948051969,12.7,7
2020/21,S Dube,11,15.0,107.07142857142875,12.181818181818182,27
2020/21,S Dube,12,18.0,141.07142857142875,13.416666666666666,8
2021,S Dube,13,17.4,134.16666666666686,13.0,23
2021,S Dube,14,17.6,135.5000000000002,13.714285714285714,2
2021,S Dube,15,13.4,119.309523809524,12.933333333333334,17
2021,S Dube,16,15.4,115.97619047619067,13.1875,46
2021,S Dube,17,19.2,89.03501400560245,15.117647058823529,22
2021,S Dube,18,22.0,100.76433731387313,15.5,35
2021,S Dube,19,24.4,91.97267064720646,16.526315789473685,64
2021,S Dube,20,36.8,114.08447188944247,18.9,3
2021,S Dube,21,34.0,107.41780522277581,18.142857142857142,18
2022,S Dube,22,28.4,98.35898169336403,18.136363636363637,3
2022,S Dube,23,24.6,85.20108695652193,17.47826086956522,49
2022,S Dube,24,27.4,93.95108695652193,18.791666666666668,57
2022,S Dube,25,26.0,104.12500000000018,20.32,3
2022,S Dube,26,26.0,108.62500000000018,19.653846153846153,95
2022,S Dube,27,41.4,129.40051020408183,22.444444444444443,19
2022,S Dube,28,44.6,141.7534513805524,22.321428571428573,13
2022,S Dube,29,37.4,129.699879951981,22.0,8
2022,S Dube,30,27.6,111.69987995198099,21.533333333333335,32
2022,S Dube,31,33.4,128.79078904289008,21.870967741935484,10
2022,S Dube,32,16.4,112.23750106103066,21.5,0
2023,S Dube,33,12.6,89.88455988456008,20.848484848484848,19
2023,S Dube,34,13.8,92.42424242424264,20.794117647058822,27
2023,S Dube,35,17.6,106.17424242424264,20.97142857142857,28
2023,S Dube,36,16.8,98.62179487179506,21.166666666666668,8
2023,S Dube,37,16.4,90.9450271950274,20.81081081081081,52
2023,S Dube,38,26.8,128.08788433788453,21.63157894736842,50
2023,S Dube,39,33.0,154.59582084582104,22.358974358974358,52
2023,S Dube,40,38.0,151.4340561399387,23.1,28
2023,S Dube,41,38.0,159.36927881200344,23.21951219512195,26
2023,S Dube,42,41.6,173.7127131554378,23.285714285714285,25
2023,S Dube,43,36.2,172.28414172686638,23.325581395348838,48
2023,S Dube,44,35.8,151.33176077448542,23.886363636363637,22
2023,S Dube,45,29.8,157.41019214703442,23.844444444444445,1
2023,S Dube,46,24.4,134.60317460317478,23.347826086956523,32
2024,S Dube,47,25.6,136.19047619047637,23.53191489361702,34
2024,S Dube,48,27.4,121.72619047619064,23.75,51
2024,S Dube,49,28.0,135.85952380952398,24.306122448979593,18
2024,S Dube,50,27.2,118.14022556390996,24.18,45
2024,S Dube,51,36.0,148.97355889724332,24.58823529411765,28
2024,S Dube,52,35.2,149.60847953216393,24.653846153846153,66
2024,S Dube,53,41.6,163.0953216374271,25.433962264150942,3
2024,S Dube,54,32.0,129.7953216374271,25.01851851851852,66
2024,S Dube,55,41.6,157.9908103592316,25.763636363636362,39
2024,S Dube,56,40.4,154.40385383749248,26.0,0
2024,S Dube,57,34.8,123.29274272638136,25.54385964912281,0
2024,S Dube,58,21.6,88.55590062111821,25.103448275862068,21
2024,S Dube,59,25.2,111.05590062111821,25.033898305084747,18
2024,S Dube,60,15.6,93.91304347826106,24.916666666666668,7
2018,S Gopal,5,6.4,62.50000000000019,6.4,8
2018,S Gopal,6,5.8,56.50000000000019,6.666666666666667,24
2019,S Gopal,7,10.4,66.5000000000002,9.142857142857142,1
2019,S Gopal,8,10.2,84.0000000000002,8.125,0
2019,S Gopal,9,6.6,66.0000000000002,7.222222222222222,19
2019,S Gopal,10,10.4,120.28571428571449,8.4,13
2019,S Gopal,11,11.4,141.42857142857162,8.818181818181818,0
2019,S Gopal,12,6.6,111.42857142857163,8.083333333333334,18
2019,S Gopal,13,10.0,131.42857142857162,8.846153846153847,12
2020/21,S Gopal,14,12.4,144.76190476190496,9.071428571428571,2
2020/21,S Gopal,15,9.0,100.47619047619067,8.6,5
2020/21,S Gopal,16,7.4,77.6190476190478,8.375,1
2020/21,S Gopal,17,7.6,87.6190476190478,7.9411764705882355,23
2020/21,S Gopal,18,8.6,66.78571428571448,8.777777777777779,6
2021,S Gopal,19,7.4,83.45238095238115,8.631578947368421,7
2021,S Gopal,20,8.4,108.45238095238115,8.55,0
2022,S Gopal,21,7.4,94.16666666666687,8.142857142857142,9
2018,S Kaul,5,2.2,40.00000000000019,2.2,1
2019,S Kaul,6,1.0,44.44444444444464,2.0,0
2021,S Kaul,7,0.6,24.444444444444635,1.7142857142857142,1
2021,S Kaul,8,0.8,31.111111111111303,1.625,7
2013,S Nadeem,5,1.2,23.33333333333352,1.2,2
2013,S Nadeem,6,1.6,29.047619047619236,1.3333333333333333,0
2013,S Nadeem,7,1.6,29.047619047619236,1.1428571428571428,6
2014,S Nadeem,8,2.0,43.047619047619236,1.75,3
2014,S Nadeem,9,2.2,37.21428571428591,1.8888888888888888,1
2014,S Nadeem,10,2.4,42.21428571428591,1.8,3
2015,S Nadeem,11,2.6,44.00000000000019,1.9090909090909092,2
2016,S Nadeem,12,3.0,49.71428571428591,1.9166666666666667,1
2017,S Nadeem,13,2.0,29.714285714285904,1.8461538461538463,0
2017,S Nadeem,14,1.4,22.214285714285904,1.7142857142857142,0
2017,S Nadeem,15,1.2,17.214285714285904,1.6,2
2018,S Nadeem,16,1.0,16.38095238095257,1.625,6
2020/21,S Nadeem,17,1.8,25.666666666666856,1.8823529411764706,5
2020/21,S Nadeem,18,2.6,41.666666666666856,2.0555555555555554,2
2021,S Nadeem,19,3.0,55.000000000000185,2.0526315789473686,0
2014,S Rana,5,11.0,83.09523809523829,11.0,12
2014,S Rana,6,9.8,94.88095238095256,11.166666666666666,19
2014,S Rana,7,13.0,119.88095238095256,12.285714285714286,5
2009,S Sohal,5,6.2,67.77777777777797,6.2,30
2009,S Sohal,6,11.4,81.1111111111113,10.166666666666666,43
2009,S Sohal,7,20.0,114.18803418803438,14.857142857142858,3
2009,S Sohal,8,15.6,91.41025641025661,13.375,9
2009,S Sohal,9,17.4,103.41025641025661,12.88888888888889,3
2011,S Sohal,10,17.6,89.41025641025661,11.9,38
2011,S Sohal,11,19.2,75.56410256410275,14.272727272727273,7
2011,S Sohal,12,12.0,70.48717948717967,13.666666666666666,62
2011,S Sohal,13,23.8,95.73108192620407,17.384615384615383,5
2011,S Sohal,14,23.0,117.0644152595374,16.5,1
2011,S Sohal,15,22.6,115.0644152595374,15.466666666666667,56
2011,S Sohal,16,26.2,129.51662971175185,18.0,26
2011,S Sohal,17,30.0,127.51662971175185,18.470588235294116,0
2011,S Sohal,18,17.6,97.27272727272745,17.444444444444443,20
2011,S Sohal,19,20.6,82.12121212121231,17.57894736842105,34
2009/10,S Sreesanth,5,4.0,31.818181818182005,4.0,12
2009/10,S Sreesanth,6,6.4,79.81818181818201,5.333333333333333,0
2011,S Sreesanth,7,6.4,79.81818181818201,4.571428571428571,1
2011,S Sreesanth,8,5.8,73.15151515151534,4.125,0
2011,S Sreesanth,9,5.6,71.33333333333353,3.6666666666666665,0
2013,S Sreesanth,10,2.6,51.33333333333353,3.3,1
2013,S Sreesanth,11,0.4,13.333333333333519,3.090909090909091,0
2007/08,S Vidyut,5,24.6,125.26953748006399,24.6,0
2007/08,S Vidyut,6,13.8,96.84848484848503,20.5,6
2007/08,S Vidyut,7,14.0,104.90043290043309,18.428571428571427,16
2007/08,SA Asnodkar,5,37.2,130.5296551336267,37.2,41
2007/08,SA Asnodkar,6,33.4,126.61431121828278,37.833333333333336,17
2007/08,SA Asnodkar,7,30.4,122.96914992796019,34.857142857142854,39
2007/08,SA Asnodkar,8,30.4,139.58569128134366,35.375,28
2009,SA Asnodkar,9,26.0,145.84656084656103,34.55555555555556,0
2009,SA Asnodkar,10,25.0,112.5132275132277,31.1,3
2009,SA Asnodkar,11,17.4,94.14285714285734,28.545454545454547,11
2009,SA Asnodkar,12,16.2,104.64285714285734,27.083333333333332,10
2009,SA Asnodkar,13,10.4,92.5000000000002,25.76923076923077,0
2009,SA Asnodkar,14,4.8,64.5000000000002,23.928571428571427,26
2009,SA Asnodkar,15,10.0,84.5000000000002,24.066666666666666,44
2009,SA Asnodkar,16,18.2,94.5000000000002,25.3125,4
2009/10,SA Asnodkar,17,16.8,80.33333333333353,24.058823529411764,5
2011,SA Asnodkar,18,15.8,80.33333333333353,23.0,9
2014,SA Yadav,5,15.8,168.37426900584813,15.8,31
2014,SA Yadav,6,22.0,197.89807852965765,18.333333333333332,8
2014,SA Yadav,7,21.0,158.20577083734997,16.857142857142858,9
2014,SA Yadav,8,21.2,114.87243750401664,15.875,12
2014,SA Yadav,9,18.8,129.60927960927978,15.444444444444445,20
2014,SA Yadav,10,16.0,120.4029304029306,15.9,5
2015,SA Yadav,11,10.8,107.54578754578775,14.909090909090908,46
2015,SA Yadav,12,18.4,139.04761904761926,17.5,11
2015,SA Yadav,13,18.8,153.4920634920637,17.0,2
2015,SA Yadav,14,16.8,126.82539682539702,15.928571428571429,23
2015,SA Yadav,15,17.4,144.25396825396845,16.4,24
2015,SA Yadav,16,21.2,155.82259570494884,16.875,2
2015,SA Yadav,17,12.4,132.01307189542504,16.0,7
2015,SA Yadav,18,11.6,127.5686274509806,15.5,16
2015,SA Yadav,19,14.4,126.54298642533954,15.526315789473685,0
2015,SA Yadav,20,9.8,80.54298642533956,14.75,6
2015,SA Yadav,21,6.2,92.3076923076925,14.333333333333334,9
2015,SA Yadav,22,7.6,92.3076923076925,14.090909090909092,11
2015,SA Yadav,23,8.4,116.30769230769252,13.956521739130435,0
2016,SA Yadav,24,5.2,104.0000000000002,13.375,4
2016,SA Yadav,25,6.0,184.0000000000002,13.0,11
2016,SA Yadav,26,7.0,168.44444444444466,12.923076923076923,60
2016,SA Yadav,27,17.2,170.66666666666688,14.666666666666666,21
2016,SA Yadav,28,19.2,151.37254901960804,14.892857142857142,21
2016,SA Yadav,29,23.4,183.68024132730037,15.10344827586207,10
2016,SA Yadav,30,24.6,143.68024132730037,14.933333333333334,4
2016,SA Yadav,31,23.2,125.90246354952258,14.580645161290322,5
2016,SA Yadav,32,12.2,123.68024132730037,14.28125,17
2016,SA Yadav,33,11.4,123.26007326007345,14.363636363636363,6
2016,SA Yadav,34,8.4,130.95238095238113,14.117647058823529,23
2017,SA Yadav,35,11.0,121.61904761904782,14.371428571428572,17
2017,SA Yadav,36,13.6,137.61904761904782,14.444444444444445,4
2017,SA Yadav,37,13.4,144.2857142857145,14.162162162162161,7
2017,SA Yadav,38,11.4,135.55555555555577,13.973684210526315,1
2017,SA Yadav,39,10.4,115.55555555555577,13.64102564102564,15
2017,SA Yadav,40,8.8,100.67836257309962,13.675,30
2017,SA Yadav,41,11.4,115.51169590643295,14.073170731707316,31
2018,SA Yadav,42,16.8,112.69118308592014,14.476190476190476,43
2018,SA Yadav,43,24.0,126.7907999441577,15.13953488372093,28
2018,SA Yadav,44,29.4,124.85531607318994,15.431818181818182,53
2018,SA Yadav,45,37.0,142.19084238897943,16.266666666666666,0
2018,SA Yadav,46,31.0,104.6908423889794,15.91304347826087,72
2018,SA Yadav,47,39.2,109.64468854282556,17.106382978723403,34
2018,SA Yadav,48,37.4,97.4254135649299,17.458333333333332,44
2018,SA Yadav,49,40.6,104.50375457875478,18.0,9
2018,SA Yadav,50,31.8,91.37875457875478,17.82,57
2018,SA Yadav,51,43.2,118.52161172161193,18.58823529411765,59
2018,SA Yadav,52,40.6,119.22161172161194,19.365384615384617,36
2018,SA Yadav,53,41.0,124.28571428571449,19.67924528301887,38
2018,SA Yadav,54,39.8,122.89285714285734,20.01851851851852,27
2018,SA Yadav,55,43.4,138.89285714285734,20.145454545454545,12
2019,SA Yadav,56,34.4,171.75000000000017,20.0,2
2019,SA Yadav,57,23.0,148.91666666666686,19.68421052631579,38
2019,SA Yadav,58,23.4,156.8166666666669,20.0,11
2019,SA Yadav,59,18.0,169.73333333333352,19.847457627118644,59
2019,SA Yadav,60,24.4,161.1751937984498,20.5,7
2019,SA Yadav,61,23.4,118.6751937984498,20.278688524590162,21
2019,SA Yadav,62,27.2,140.00852713178315,20.29032258064516,16
2019,SA Yadav,63,22.8,141.60852713178315,20.22222222222222,29
2019,SA Yadav,64,26.4,130.15925176946433,20.359375,26
2019,SA Yadav,65,19.8,121.9766505636073,20.446153846153845,34
2019,SA Yadav,66,25.2,124.4766505636073,20.651515151515152,26
2019,SA Yadav,67,26.2,133.61950770646445,20.73134328358209,23
2019,SA Yadav,68,27.6,128.67833123587621,20.764705882352942,46
2019,SA Yadav,69,31.0,136.31808278867123,21.130434782608695,71
2019,SA Yadav,70,40.0,143.35511982570827,21.84285714285714,15
2020/21,SA Yadav,71,36.2,141.0021786492377,21.746478873239436,17
2020/21,SA Yadav,72,34.4,122.74821039526944,21.680555555555557,36
2020/21,SA Yadav,73,37.0,120.51697307275421,21.876712328767123,79
2020/21,SA Yadav,74,43.6,123.56892112470227,22.64864864864865,10
2020/21,SA Yadav,75,31.4,125.84405339983452,22.48,47
2020/21,SA Yadav,76,37.8,141.7684231477337,22.80263157894737,79
2020/21,SA Yadav,77,50.2,155.12443221802846,23.532467532467532,0
2020/21,SA Yadav,78,43.0,130.29684601113195,23.23076923076923,10
2020/21,SA Yadav,79,29.2,114.38775510204103,23.063291139240505,53
2020/21,SA Yadav,80,37.8,117.93753865182457,23.4375,12
2020/21,SA Yadav,81,30.8,106.18429189857781,23.296296296296298,27
2020/21,SA Yadav,82,20.4,103.93939393939414,23.341463414634145,40
2020/21,SA Yadav,83,28.4,131.52560083594588,23.542168674698797,0
2020/21,SA Yadav,84,26.4,111.52560083594588,23.261904761904763,51
2020/21,SA Yadav,85,26.0,106.24649397789165,23.58823529411765,19
2021,SA Yadav,86,27.4,103.42831215970982,23.53488372093023,31
2021,SA Yadav,87,28.2,100.38483389884027,23.620689655172413,56
2021,SA Yadav,88,31.4,102.27231121281486,23.988636363636363,10
2021,SA Yadav,89,33.4,135.6056445461482,23.831460674157302,24
2021,SA Yadav,90,28.0,140.76353928299028,23.833333333333332,33
2021,SA Yadav,91,30.8,145.33496785441886,23.934065934065934,16
2021,SA Yadav,92,27.8,150.37844611528843,23.847826086956523,3
2021,SA Yadav,93,17.2,140.9047619047621,23.623655913978496,82
2021,SA Yadav,94,31.6,147.57142857142878,24.24468085106383,13
2021,SA Yadav,95,29.4,144.46031746031767,24.126315789473683,5
2021,SA Yadav,96,23.8,130.88888888888908,23.927083333333332,0
2021,SA Yadav,97,20.6,98.8888888888891,23.68041237113402,3
2021,SA Yadav,98,20.6,87.46031746031767,23.46938775510204,8
2021,SA Yadav,99,5.8,65.23809523809544,23.31313131313131,33
2022,SA Yadav,100,9.8,61.733821733821934,23.41,52
2022,SA Yadav,101,19.2,80.62271062271083,23.693069306930692,68
2022,SA Yadav,102,32.8,117.37946737946758,24.127450980392158,43
2022,SA Yadav,103,40.8,137.47470547470567,24.310679611650485,37
2022,SA Yadav,104,46.6,145.21416907623828,24.432692307692307,32
2022,SA Yadav,105,46.4,150.30574416781332,24.504761904761907,7
2022,SA Yadav,106,37.4,141.41685527892446,24.339622641509433,51
2022,SA Yadav,107,34.0,130.81394467601385,24.588785046728972,13
2023,SA Yadav,108,28.0,125.7836416457108,24.48148148148148,15
2023,SA Yadav,109,23.6,117.91345908992989,24.394495412844037,1
2023,SA Yadav,110,17.4,97.4372686137394,24.181818181818183,0
2023,SA Yadav,111,16.0,77.4372686137394,23.963963963963963,43
2023,SA Yadav,112,14.4,85.68342245989325,24.133928571428573,7
2023,SA Yadav,113,13.2,108.7137254901963,23.98230088495575,57
2023,SA Yadav,114,21.6,134.91282051282073,24.271929824561404,23
2023,SA Yadav,115,26.0,163.24615384615407,24.26086956521739,55
2023,SA Yadav,116,37.0,201.17718832891268,24.525862068965516,66
2023,SA Yadav,117,41.6,206.7771883289127,24.88034188034188,26
2023,SA Yadav,118,45.4,182.71921731441992,24.889830508474578,83
2023,SA Yadav,119,50.6,184.9841745793772,25.3781512605042,103
2023,SA Yadav,120,66.6,188.69165757257446,26.025,7
2023,SA Yadav,121,57.0,166.3161786453714,25.867768595041323,25
2023,SA Yadav,122,48.8,157.5661786453714,25.860655737704917,33
2023,SA Yadav,123,50.2,167.9574829931975,25.91869918699187,61
2024,SA Yadav,124,45.8,153.12842316413767,26.201612903225808,0
2024,SA Yadav,125,25.2,111.08760683760707,25.992,52
2024,SA Yadav,126,34.2,150.26889338731465,26.1984126984127,0
2024,SA Yadav,127,29.2,119.01889338731465,25.992125984251967,78
2024,SA Yadav,128,38.2,114.90778227620353,26.3984375,10
2024,SA Yadav,129,28.0,108.62573099415224,26.271317829457363,26
2024,SA Yadav,130,33.2,148.62573099415224,26.26923076923077,10
2024,SA Yadav,131,24.8,127.22222222222243,26.14503816793893,56
2024,SA Yadav,132,36.0,159.22222222222243,26.37121212121212,102
2024,SA Yadav,133,40.8,168.8238993710694,26.93984962406015,11
2024,SA Yadav,134,41.0,159.5381850853551,26.82089552238806,0
2007/08,SB Bangar,5,6.0,66.92857142857163,6.0,17
2009,SB Bangar,6,6.6,87.5000000000002,7.833333333333333,2
2007/08,SB Styris,5,17.8,87.72727272727293,17.8,1
2007/08,SB Styris,6,16.8,80.58441558441578,15.0,2
2007/08,SB Styris,7,10.0,76.77489177489198,13.142857142857142,20
2009,SB Styris,8,11.4,73.13852813852834,14.0,14
2011,SB Styris,9,13.2,99.04761904761925,14.0,5
2007/08,SC Ganguly,5,18.2,100.9732868757261,18.2,5
2007/08,SC Ganguly,6,17.2,96.80662020905943,16.0,20
2007/08,SC Ganguly,7,18.4,106.19792455688552,16.571428571428573,91
2007/08,SC Ganguly,8,34.2,126.14866347314168,25.875,7
2007/08,SC Ganguly,9,34.8,109.48199680647501,23.77777777777778,15
2007/08,SC Ganguly,10,27.6,99.60394802598722,22.9,2
2007/08,SC Ganguly,11,27.0,92.10394802598722,21.0,32
2007/08,SC Ganguly,12,29.4,93.53617308992584,21.916666666666668,86
2009,SC Ganguly,13,28.4,92.87114845938396,26.846153846153847,1
2009,SC Ganguly,14,27.2,71.20448179271729,25.0,46
2009,SC Ganguly,15,33.4,83.26330532212906,26.4,34
2009,SC Ganguly,16,39.8,100.92997198879573,26.875,1
2009,SC Ganguly,17,33.6,84.60644257703102,25.352941176470587,0
2009,SC Ganguly,18,16.4,53.89215686274531,23.944444444444443,22
2009,SC Ganguly,19,20.6,78.10784313725512,23.842105263157894,44
2009,SC Ganguly,20,20.2,69.77242386316249,24.85,4
2009,SC Ganguly,21,14.2,60.43909052982915,23.857142857142858,33
2009,SC Ganguly,22,20.6,74.03665150543891,24.272727272727273,4
2009,SC Ganguly,23,21.4,79.75093721972463,23.391304347826086,0
2009/10,SC Ganguly,24,17.0,53.868584278548155,22.416666666666668,0
2009/10,SC Ganguly,25,8.2,35.145180023229,21.52,23
2009/10,SC Ganguly,26,12.0,40.97851335656234,21.576923076923077,11
2009/10,SC Ganguly,27,7.6,34.88095238095258,21.185185185185187,33
2009/10,SC Ganguly,28,13.4,51.925287356322045,21.607142857142858,31
2009/10,SC Ganguly,29,19.6,69.63957307060775,21.93103448275862,50
2009/10,SC Ganguly,30,29.6,93.44909688013158,22.866666666666667,5
2009/10,SC Ganguly,31,26.0,83.37333930437399,22.29032258064516,88
2009/10,SC Ganguly,32,41.4,104.25053228683012,24.34375,36
2009/10,SC Ganguly,33,42.0,103.31009341535676,24.696969696969695,56
2009/10,SC Ganguly,34,47.0,107.99580770107104,25.61764705882353,33
2009/10,SC Ganguly,35,43.6,104.81128389154723,25.82857142857143,10
2009/10,SC Ganguly,36,44.6,112.38704146730481,25.38888888888889,75
2009/10,SC Ganguly,37,42.0,109.28762626262646,26.72972972972973,42
2011,SC Ganguly,38,43.2,110.80277777777799,27.13157894736842,32
2011,SC Ganguly,39,38.4,108.40277777777798,27.256410256410255,0
2011,SC Ganguly,40,31.8,87.77777777777798,26.575,18
2012,SC Ganguly,41,33.4,86.11111111111131,26.365853658536587,3
2012,SC Ganguly,42,19.0,68.33333333333353,25.80952380952381,20
2012,SC Ganguly,43,14.6,67.22222222222243,25.674418604651162,16
2012,SC Ganguly,44,11.4,82.77777777777797,25.454545454545453,16
2012,SC Ganguly,45,14.6,101.60130718954268,25.244444444444444,6
2012,SC Ganguly,46,12.2,101.60130718954268,24.82608695652174,24
2012,SC Ganguly,47,16.4,110.06284565108115,24.80851063829787,41
2012,SC Ganguly,48,20.6,107.36443295266845,25.145833333333332,1
2012,SC Ganguly,49,17.6,76.80887739711288,24.653061224489797,23
2012,SC Ganguly,50,19.0,79.89010989011008,24.62,45
2012,SC Ganguly,51,26.8,85.82034244824962,25.019607843137255,16
2012,SC Ganguly,52,25.2,79.210655838563,24.846153846153847,36
2012,SC Ganguly,53,24.2,79.68684631475348,25.056603773584907,14
2012,SC Ganguly,54,26.8,89.42368842001665,24.85185185185185,2
2012,SC Ganguly,55,22.6,77.51892651525473,24.436363636363637,5
2012,SD Chitnis,5,7.8,122.33333333333353,7.8,11
2012,SD Chitnis,6,7.0,88.04761904761924,8.333333333333334,11
2012,SD Chitnis,7,8.6,91.38095238095256,8.714285714285714,38
2024,SD Hope,5,21.8,151.3019607843139,21.8,6
2024,SD Hope,6,16.4,164.9019607843139,19.166666666666668,1
2024,SD Hope,7,14.4,162.9019607843139,16.571428571428573,29
2024,SD Hope,8,16.4,149.06862745098059,18.125,38
2007/08,SE Marsh,5,59.0,131.1033781033783,59.0,115
2007/08,SE Marsh,6,65.2,136.38115588115608,68.33333333333333,2
2007/08,SE Marsh,7,57.6,119.38115588115606,58.857142857142854,81
2007/08,SE Marsh,8,66.0,125.51649422702073,61.625,60
2007/08,SE Marsh,9,66.4,121.85986100517012,61.44444444444444,40
2007/08,SE Marsh,10,59.6,119.45245359776273,59.3,23
2009/10,SE Marsh,11,41.2,114.56683268273005,56.0,57
2009/10,SE Marsh,12,52.2,130.31683268273005,56.083333333333336,2
2009/10,SE Marsh,13,36.4,106.34022449559552,51.92307692307692,0
2009/10,SE Marsh,14,24.4,80.25326797385641,48.214285714285715,88
2011,SE Marsh,15,34.0,85.08377644843267,50.86666666666667,1
2011,SE Marsh,16,29.6,63.02495291902092,47.75,12
2011,SE Marsh,17,20.6,56.41781006187805,45.64705882352941,71
2011,SE Marsh,18,34.4,84.9966214313871,47.05555555555556,95
2011,SE Marsh,19,53.4,125.42215334628072,49.578947368421055,5
2011,SE Marsh,20,36.8,109.87735915741874,47.35,61
2011,SE Marsh,21,48.8,130.83480596592935,48.0,4
2011,SE Marsh,22,47.2,123.69194882307224,46.0,32
2011,SE Marsh,23,39.4,113.5258358662616,45.391304347826086,43
2011,SE Marsh,24,29.0,98.39442159842679,45.291666666666664,42
2011,SE Marsh,25,36.4,110.3587073127125,45.16,46
2011,SE Marsh,26,33.4,117.25840336134472,45.19230769230769,79
2011,SE Marsh,27,48.4,139.5033013205284,46.44444444444444,13
2012,SE Marsh,28,44.6,149.14615846338558,45.25,7
2012,SE Marsh,29,37.4,147.18537414966005,43.93103448275862,64
2012,SE Marsh,30,41.8,144.63907785336374,44.6,1
2012,SE Marsh,31,32.8,114.63907785336376,43.193548387096776,33
2012,SE Marsh,32,23.6,104.3941798941801,42.875,26
2012,SE Marsh,33,26.2,102.48241518829772,42.36363636363637,68
2012,SE Marsh,34,38.4,110.77698883170858,43.11764705882353,17
2012,SE Marsh,35,29.0,99.66587772059748,42.371428571428574,32
2012,SE Marsh,36,35.2,124.63482181997635,42.083333333333336,8
2012,SE Marsh,37,30.2,118.63482181997635,41.16216216216216,34
2012,SE Marsh,38,31.8,111.49486238792767,40.973684210526315,22
2012,SE Marsh,39,22.6,101.8669554111835,40.48717948717949,11
2012,SE Marsh,40,21.4,120.70293424716233,39.75,13
2013,SE Marsh,41,17.6,110.21018062397393,39.09756097560975,45
2013,SE Marsh,42,25.0,113.77539801527828,39.23809523809524,10
2013,SE Marsh,43,20.2,105.71173753782469,38.55813953488372,73
2013,SE Marsh,44,30.4,112.33918851821684,39.34090909090909,8
2013,SE Marsh,45,29.8,120.91061708964541,38.644444444444446,77
2013,SE Marsh,46,42.6,126.91061708964541,39.47826086956522,18
2013,SE Marsh,47,37.2,125.34539969834108,39.02127659574468,6
2013,SE Marsh,48,36.4,127.10364145658282,38.333333333333336,63
2014,SE Marsh,49,34.4,124.19047619047637,38.83673469387755,30
2014,SE Marsh,50,38.8,117.52380952380972,38.66,40
2015,SE Marsh,51,31.4,116.41269841269862,38.68627450980392,77
2015,SE Marsh,52,43.2,132.63492063492083,39.42307692307692,10
2015,SE Marsh,53,44.0,135.4920634920637,38.867924528301884,1
2015,SE Marsh,54,31.6,113.11111111111131,38.166666666666664,5
2016,SE Marsh,55,26.6,104.77777777777797,37.56363636363636,13
2016,SE Marsh,56,21.2,98.80555555555574,37.125,4
2016,SE Marsh,57,6.6,77.91666666666686,36.54385964912281,56
2016,SE Marsh,58,15.8,85.23373983739857,36.87931034482759,40
2016,SE Marsh,59,23.6,105.42981826877113,36.932203389830505,45
2016,SE Marsh,60,31.6,106.90040650406522,37.06666666666667,1
2017,SE Marsh,61,29.2,97.3170731707319,36.47540983606557,26
2017,SE Marsh,62,33.6,108.74564459930335,36.306451612903224,30
2017,SE Marsh,63,28.4,106.42857142857163,36.20634920634921,84
2017,SE Marsh,64,37.2,116.49915966386575,36.953125,20
2017,SE Marsh,65,32.2,113.55798319327751,36.69230769230769,58
2017,SE Marsh,66,43.6,132.6690943043886,37.015151515151516,11
2017,SE Marsh,67,40.6,127.90718954248386,36.62686567164179,25
2017,SE Marsh,68,39.6,132.3189542483662,36.455882352941174,10
2019,SE Rutherford,5,10.8,148.5054945054947,10.8,9
2019,SE Rutherford,6,12.2,143.5054945054947,10.5,10
2022,SE Rutherford,7,12.0,116.17216117216137,10.428571428571429,28
2022,SE Rutherford,8,12.0,87.0952380952383,12.625,5
2007/08,SK Raina,5,28.6,140.8349493643613,28.6,32
2007/08,SK Raina,6,28.6,125.5968541262661,29.166666666666668,1
2007/08,SK Raina,7,18.2,108.41736694677891,25.142857142857142,26
2007/08,SK Raina,8,17.8,102.84461152882224,25.25,1
2007/08,SK Raina,9,17.4,91.17794486215558,22.555555555555557,21
2007/08,SK Raina,10,16.2,92.17794486215557,22.4,45
2007/08,SK Raina,11,18.8,97.70175438596509,24.454545454545453,54
2007/08,SK Raina,12,29.4,111.18001525553032,26.916666666666668,55
2007/08,SK Raina,13,35.2,116.16453537936934,29.076923076923077,43
2009,SK Raina,14,43.6,141.49786871270265,30.071428571428573,8
2009,SK Raina,15,41.0,138.27564649048045,28.6,28
2009,SK Raina,16,37.6,121.58599131806666,28.5625,41
2009,SK Raina,17,35.0,128.4781008188718,29.294117647058822,25
2009,SK Raina,18,29.0,121.12515964240121,29.055555555555557,98
2009,SK Raina,19,40.0,126.84445788801524,32.68421052631579,32
2009,SK Raina,20,44.8,138.15758920114655,32.65,32
2009,SK Raina,21,45.6,152.53145489987614,32.61904761904762,32
2009,SK Raina,22,43.8,152.63727500569627,32.59090909090909,13
2009,SK Raina,23,41.4,149.30394167236292,31.73913043478261,13
2009,SK Raina,24,24.4,140.91797676008224,30.958333333333332,20
2009,SK Raina,25,22.0,145.1604010025065,30.52,52
2009,SK Raina,26,26.0,138.84461152882224,31.346153846153847,20
2009,SK Raina,27,23.6,126.55023923444996,30.925925925925927,20
2009/10,SK Raina,28,25.0,124.88357256778332,30.535714285714285,6
2009/10,SK Raina,29,23.6,138.8835725677833,29.689655172413794,18
2009/10,SK Raina,30,23.2,123.55023923444996,29.3,49
2009/10,SK Raina,31,22.6,122.66830466830486,29.93548387096774,23
2009/10,SK Raina,32,23.2,133.23648648648668,29.71875,9
2009/10,SK Raina,33,21.0,135.73648648648668,29.09090909090909,83
2009/10,SK Raina,34,36.4,127.05724120346781,30.676470588235293,14
2009/10,SK Raina,35,35.6,130.59570274192936,30.2,40
2009/10,SK Raina,36,33.8,126.96635911258572,30.47222222222222,13
2009/10,SK Raina,37,31.8,135.35921625544287,30.0,23
2009/10,SK Raina,38,34.6,134.76397816020477,29.81578947368421,52
2009/10,SK Raina,39,28.4,127.62926995485152,30.384615384615383,78
2009/10,SK Raina,40,41.2,144.1395889041949,31.575,15
2009/10,SK Raina,41,36.2,136.28244604705202,31.170731707317074,46
2009/10,SK Raina,42,42.8,130.86372683522936,31.523809523809526,2
2009/10,SK Raina,43,38.6,118.95896493046746,30.837209302325583,57
2011,SK Raina,44,39.6,125.58372922965036,31.431818181818183,33
2011,SK Raina,45,30.6,110.29356943150067,31.466666666666665,0
2011,SK Raina,46,27.6,95.29356943150067,30.782608695652176,29
2011,SK Raina,47,24.2,97.6870785592897,30.74468085106383,50
2011,SK Raina,48,33.8,112.07732246172876,31.145833333333332,5
2011,SK Raina,49,23.4,106.26651165091793,30.612244897959183,2
2011,SK Raina,50,17.2,93.50789096126275,30.04,34
2011,SK Raina,51,24.0,120.70789096126275,30.11764705882353,59
2011,SK Raina,52,30.0,119.368021680217,30.673076923076923,61
2011,SK Raina,53,32.2,117.99664570230627,31.245283018867923,4
2011,SK Raina,54,32.0,100.99664570230627,30.74074074074074,43
2011,SK Raina,55,40.2,122.84849755415812,30.963636363636365,14
2011,SK Raina,56,36.2,123.64849755415813,30.660714285714285,19
2011,SK Raina,57,28.2,120.10148900714958,30.45614035087719,4
2011,SK Raina,58,16.8,108.51119251119272,30.0,73
2011,SK Raina,59,30.6,128.58811558811578,30.728813559322035,8
2012,SK Raina,60,23.6,123.4029304029306,30.35,36
2012,SK Raina,61,28.0,120.23051660982715,30.442622950819672,16
2012,SK Raina,62,27.4,115.61513199444252,30.20967741935484,17
2012,SK Raina,63,30.0,124.1865605658711,30.0,23
2012,SK Raina,64,20.0,128.9667803460909,29.890625,20
2012,SK Raina,65,22.4,123.35274525837158,29.73846153846154,0
2012,SK Raina,66,15.2,98.52515905147503,29.28787878787879,26
2012,SK Raina,67,17.2,95.57644110275707,29.238805970149254,15
2012,SK Raina,68,16.8,93.2234999262865,29.029411764705884,44
2012,SK Raina,69,21.0,86.24871001032011,29.246376811594203,32
2012,SK Raina,70,23.4,91.86274509803941,29.285714285714285,36
2012,SK Raina,71,30.6,123.16709292412637,29.380281690140844,23
2012,SK Raina,72,30.0,124.50042625745968,29.291666666666668,28
2012,SK Raina,73,32.6,134.85336743393026,29.273972602739725,8
2012,SK Raina,74,25.4,124.97101449275381,28.986486486486488,17
2012,SK Raina,75,22.4,124.4581939799333,28.826666666666668,0
2012,SK Raina,76,15.2,93.15384615384635,28.44736842105263,27
2012,SK Raina,77,16.0,101.91855203619929,28.428571428571427,73
2013,SK Raina,78,25.0,112.33960466777823,29.0,10
2013,SK Raina,79,25.4,124.91103323920682,28.759493670886076,30
2013,SK Raina,80,28.0,126.02991435808792,28.775,8
2013,SK Raina,81,29.6,142.02991435808792,28.51851851851852,30
2013,SK Raina,82,30.2,129.01520847573497,28.536585365853657,7
2013,SK Raina,83,17.0,108.09415584415603,28.27710843373494,51
2013,SK Raina,84,25.2,108.66558441558459,28.547619047619047,16
2013,SK Raina,85,22.4,106.00824175824195,28.4,44
2013,SK Raina,86,29.6,125.20824175824195,28.58139534883721,63
2013,SK Raina,87,36.2,131.65824175824196,28.977011494252874,100
2013,SK Raina,88,54.8,151.19527879527897,29.78409090909091,0
2013,SK Raina,89,44.6,122.05242165242184,29.44943820224719,99
2013,SK Raina,90,61.2,133.43703703703721,30.22222222222222,1
2013,SK Raina,91,52.6,108.23703703703723,29.9010989010989,7
2013,SK Raina,92,41.4,94.7037037037039,29.652173913043477,0
2013,SK Raina,93,21.4,57.666666666666856,29.333333333333332,82
2013,SK Raina,94,37.8,96.71428571428591,29.893617021276597,0
2014,SK Raina,95,18.0,60.714285714285914,29.57894736842105,24
2014,SK Raina,96,22.6,75.97744360902274,29.520833333333332,56
2014,SK Raina,97,32.4,90.97744360902274,29.79381443298969,4
2014,SK Raina,98,33.2,99.86633249791164,29.53061224489796,1
2014,SK Raina,99,17.0,65.81871345029258,29.242424242424242,14
2014,SK Raina,100,19.8,93.81871345029258,29.09,31
2014,SK Raina,101,21.2,93.35555555555575,29.10891089108911,47
2014,SK Raina,102,19.4,99.10268199233735,29.284313725490197,35
2014,SK Raina,103,25.6,116.13971902937439,29.339805825242717,19
2014,SK Raina,104,29.2,140.37048826014362,29.240384615384617,2
2014,SK Raina,105,26.8,125.70382159347696,28.98095238095238,62
2014,SK Raina,106,33.0,126.20994404245656,29.29245283018868,65
2014,SK Raina,107,36.6,118.32445282580072,29.626168224299064,4
2014,SK Raina,108,30.4,103.82709832844623,29.38888888888889,18
2014,SK Raina,109,30.2,94.596329097677,29.28440366972477,54
2014,SK Raina,110,40.6,111.26299576434367,29.509090909090908,87
2015,SK Raina,111,45.6,152.879950238441,30.027027027027028,4
2015,SK Raina,112,33.4,139.78021978021997,29.794642857142858,14
2015,SK Raina,113,35.4,151.6849816849819,29.654867256637168,8
2015,SK Raina,114,33.4,147.6849816849819,29.464912280701753,43
2015,SK Raina,115,31.2,144.5599816849819,29.582608695652173,4
2015,SK Raina,116,14.6,87.63690476190496,29.362068965517242,62
2015,SK Raina,117,26.2,114.95833333333353,29.641025641025642,29
2015,SK Raina,118,29.2,113.10648148148168,29.635593220338983,17
2015,SK Raina,119,31.0,112.56102693602713,29.529411764705884,23
2015,SK Raina,120,27.0,116.3526936026938,29.475,52
2015,SK Raina,121,36.6,127.1526936026938,29.66115702479339,10
2015,SK Raina,122,26.2,108.4026936026938,29.5,3
2015,SK Raina,123,21.0,96.92121212121232,29.284552845528456,11
2015,SK Raina,124,19.8,108.96666666666685,29.137096774193548,41
2015,SK Raina,125,23.4,100.46216216216234,29.232,25
2015,SK Raina,126,18.0,103.47168597168616,29.1984126984127,0
2015,SK Raina,127,16.0,83.47168597168617,28.968503937007874,28
2016,SK Raina,128,21.0,101.47168597168617,28.9609375,20
2016,SK Raina,129,22.8,110.33532233532253,28.891472868217054,24
2016,SK Raina,130,19.4,107.37316017316036,28.853846153846153,27
2016,SK Raina,131,19.8,107.04189723320178,28.83969465648855,75
2016,SK Raina,132,34.8,136.45366193908413,29.189393939393938,28
2016,SK Raina,133,34.8,130.85366193908413,29.18045112781955,2
2016,SK Raina,134,31.2,102.49002557544777,28.97761194029851,34
2016,SK Raina,135,33.2,107.57573986116206,29.014814814814816,18
2016,SK Raina,136,31.4,108.09747899159683,28.933823529411764,24
2016,SK Raina,137,21.2,101.54285714285734,28.8978102189781,20
2016,SK Raina,138,19.6,119.14285714285734,28.833333333333332,14
2016,SK Raina,139,22.0,126.69841269841288,28.72661870503597,53
2016,SK Raina,140,25.8,129.59218559218579,28.9,58
2016,SK Raina,141,33.8,137.81440781440799,29.106382978723403,1
2016,SK Raina,142,29.2,117.17948717948737,28.908450704225352,1
2017,SK Raina,143,25.4,81.17948717948738,28.713286713286713,68
2017,SK Raina,144,36.2,91.77777777777797,28.98611111111111,5
2017,SK Raina,145,26.6,77.09829059829079,28.820689655172412,35
2017,SK Raina,146,22.0,75.31085098476423,28.863013698630137,28
2017,SK Raina,147,27.4,92.39897359012822,28.857142857142858,23
2017,SK Raina,148,31.8,145.8989735901282,28.81756756756757,84
2017,SK Raina,149,35.0,156.26686656671683,29.187919463087248,32
2017,SK Raina,150,40.4,170.43353323338349,29.206666666666667,34
2017,SK Raina,151,40.2,161.9342344956556,29.23841059602649,1
2017,SK Raina,152,34.8,149.29055633473604,29.05263157894737,8
2017,SK Raina,153,31.8,111.79055633473604,28.915032679738562,77
2017,SK Raina,154,30.4,111.08277069267338,29.227272727272727,39
2017,SK Raina,155,31.8,115.61610402600668,29.29032258064516,6
2017,SK Raina,156,26.2,117.68062015503897,29.141025641025642,2
2018,SK Raina,157,26.4,119.01395348837227,28.96815286624204,4
2018,SK Raina,158,25.6,112.34728682170562,28.810126582278482,14
2018,SK Raina,159,13.0,99.86666666666686,28.71698113207547,46
2018,SK Raina,160,14.4,98.34408602150556,28.825,54
2018,SK Raina,161,24.0,98.88954056696011,28.981366459627328,11
2018,SK Raina,162,25.8,112.88954056696011,28.87037037037037,75
2018,SK Raina,163,40.0,130.8062072336268,29.153374233128833,1
2018,SK Raina,164,37.4,117.47287390029344,28.98170731707317,31
2018,SK Raina,165,34.4,110.75841750841771,28.993939393939392,25
2018,SK Raina,166,28.6,110.02248677248697,28.96987951807229,52
2018,SK Raina,167,36.8,113.38834043102356,29.107784431137723,2
2018,SK Raina,168,22.2,95.4716737643569,28.946428571428573,15
2018,SK Raina,169,25.0,102.13834043102355,28.86390532544379,61
2018,SK Raina,170,31.0,102.1942453925889,29.05294117647059,22
2018,SK Raina,171,30.4,109.8132930116365,29.01169590643275,32
2019,SK Raina,172,26.4,111.11410601976658,29.02906976744186,19
2019,SK Raina,173,29.8,115.87601078167135,28.971098265895954,30
2019,SK Raina,174,32.8,136.70934411500468,28.977011494252874,36
2019,SK Raina,175,27.8,135.5086580086582,29.017142857142858,16
2019,SK Raina,176,26.6,124.08008658008677,28.943181818181817,17
2019,SK Raina,177,23.6,113.60389610389629,28.875706214689266,14
2019,SK Raina,178,22.6,115.5086580086582,28.792134831460675,4
2019,SK Raina,179,17.4,98.0086580086582,28.6536312849162,58
2019,SK Raina,180,21.8,103.80952380952401,28.816666666666666,13
2019,SK Raina,181,21.2,103.80952380952401,28.7292817679558,0
2019,SK Raina,182,17.8,87.61904761904782,28.571428571428573,38
2019,SK Raina,183,22.6,98.01904761904783,28.62295081967213,2
2019,SK Raina,184,22.2,88.01904761904783,28.47826086956522,59
2019,SK Raina,185,22.4,91.45263157894757,28.643243243243244,53
2019,SK Raina,186,30.4,99.34736842105282,28.774193548387096,5
2019,SK Raina,187,31.4,113.63308270676711,28.647058823529413,11
2019,SK Raina,188,26.0,100.15615962984404,28.5531914893617,8
2021,SK Raina,189,27.2,100.8228262965107,28.444444444444443,54
2021,SK Raina,190,26.2,99.77019471756333,28.57894736842105,8
2021,SK Raina,191,17.2,87.87545787545807,28.471204188481675,18
2021,SK Raina,192,19.8,94.76621417797908,28.416666666666668,24
2021,SK Raina,193,22.4,104.50980392156882,28.39378238341969,17
2021,SK Raina,194,24.2,116.50980392156882,28.335051546391753,2
2021,SK Raina,195,13.8,96.50980392156882,28.2,3
2021,SK Raina,196,12.8,92.50980392156882,28.071428571428573,2
2021,SK Raina,197,9.6,81.33333333333351,27.939086294416242,11
2021,SK Raina,198,7.0,86.09523809523829,27.853535353535353,4
2021,SK Raina,199,4.4,76.76190476190496,27.733668341708544,17
2009,SK Trivedi,5,1.6,42.57142857142876,1.6,6
2009/10,SK Trivedi,6,2.2,44.90909090909109,2.3333333333333335,0
2009/10,SK Trivedi,7,2.0,38.242424242424434,2.0,7
2009/10,SK Trivedi,8,3.2,56.242424242424434,2.625,9
2009/10,SK Trivedi,9,4.6,68.62337662337681,3.3333333333333335,4
2011,SK Trivedi,10,5.2,104.62337662337681,3.4,0
2012,SK Trivedi,11,4.0,93.71428571428591,3.090909090909091,5
2013,SK Trivedi,12,5.0,110.38095238095256,3.25,3
2013,SK Trivedi,13,4.2,92.38095238095256,3.230769230769231,0
2007/08,SK Warne,5,12.2,123.76068376068395,12.2,0
2007/08,SK Warne,6,9.4,102.22222222222243,10.166666666666666,9
2009,SK Warne,7,6.8,73.33333333333353,10.0,3
2009,SK Warne,8,6.0,62.50000000000019,9.125,2
2009,SK Warne,9,5.0,65.0000000000002,8.333333333333334,34
2009,SK Warne,10,9.6,66.09523809523829,10.9,0
2009,SK Warne,11,9.6,66.09523809523829,9.909090909090908,3
2009,SK Warne,12,8.4,52.76190476190495,9.333333333333334,21
2009,SK Warne,13,12.0,70.80112044817947,10.23076923076923,21
2009,SK Warne,14,15.8,88.98293862999765,11.0,0
2009,SK Warne,15,9.0,69.55436720142622,10.266666666666667,6
2009,SK Warne,16,10.2,109.5543672014262,10.0,18
2009/10,SK Warne,17,13.2,115.30149363820783,10.470588235294118,1
2009/10,SK Warne,18,9.2,110.59561128526664,9.944444444444445,4
2009/10,SK Warne,19,5.8,83.8423645320199,9.631578947368421,1
2009/10,SK Warne,20,6.0,93.8423645320199,9.2,0
2009/10,SK Warne,21,4.8,53.84236453201989,8.761904761904763,1
2009/10,SK Warne,22,1.4,46.428571428571615,8.409090909090908,3
2011,SK Warne,23,1.8,38.428571428571615,8.173913043478262,3
2011,SK Warne,24,1.6,37.00000000000019,7.958333333333333,5
2011,SK Warne,25,2.4,60.33333333333353,7.84,0
2011,SK Warne,26,2.4,60.33333333333353,7.538461538461538,2
2012,SL Malinga,5,2.8,86.33333333333353,2.8,11
2012,SL Malinga,6,5.0,102.04761904761924,4.166666666666667,14
2012,SL Malinga,7,7.6,102.04761904761924,5.571428571428571,0
2012,SL Malinga,8,7.4,97.04761904761924,4.875,8
2012,SL Malinga,9,7.6,95.71428571428591,5.222222222222222,17
2013,SL Malinga,10,10.0,82.38095238095256,6.4,7
2013,SL Malinga,11,9.2,78.33333333333351,6.454545454545454,0
2013,SL Malinga,12,6.4,58.33333333333352,5.916666666666667,1
2013,SL Malinga,13,6.6,78.33333333333353,5.538461538461538,1
2013,SL Malinga,14,5.2,71.66666666666686,5.214285714285714,0
2013,SL Malinga,15,1.8,51.666666666666856,4.866666666666666,0
2014,SL Malinga,16,0.4,40.00000000000019,4.5625,2
2015,SL Malinga,17,0.8,50.00000000000019,4.411764705882353,6
2017,SL Malinga,18,1.8,40.9090909090911,4.5,0
2017,SL Malinga,19,1.6,20.9090909090911,4.2631578947368425,7
2019,SM Curran,5,6.8,133.33333333333354,6.8,0
2019,SM Curran,6,2.8,93.33333333333351,5.666666666666667,55
2019,SM Curran,7,13.8,139.16666666666686,12.714285714285714,6
2020/21,SM Curran,8,14.0,122.97619047619067,11.875,18
2020/21,SM Curran,9,16.0,129.64285714285734,12.555555555555555,17
2020/21,SM Curran,10,19.2,179.64285714285734,13.0,17
2020/21,SM Curran,11,22.6,210.55194805194824,13.363636363636363,0
2020/21,SM Curran,12,11.6,164.7186147186149,12.25,15
2020/21,SM Curran,13,13.4,207.5757575757578,12.461538461538462,52
2020/21,SM Curran,14,20.2,168.37575757575777,15.285714285714286,0
2020/21,SM Curran,15,16.8,111.70909090909109,14.266666666666667,31
2020/21,SM Curran,16,19.6,108.98181818181835,15.3125,22
2020/21,SM Curran,17,24.0,126.58181818181836,15.705882352941176,13
2020/21,SM Curran,18,23.6,85.15324675324693,15.555555555555555,1
2021,SM Curran,19,13.4,74.35324675324694,14.789473684210526,34
2021,SM Curran,20,20.2,116.85324675324694,15.75,5
2021,SM Curran,21,15.0,113.67142857142876,15.238095238095237,13
2021,SM Curran,22,13.2,139.4047619047621,15.136363636363637,4
2023,SM Curran,23,11.4,140.8333333333335,14.652173913043478,26
2023,SM Curran,24,16.4,159.7222222222224,15.125,1
2023,SM Curran,25,9.8,127.2222222222224,14.56,22
2023,SM Curran,26,13.2,131.5555555555557,14.846153846153847,22
2023,SM Curran,27,15.0,106.55555555555574,15.11111111111111,6
2023,SM Curran,28,15.4,106.55555555555574,14.785714285714286,10
2023,SM Curran,29,12.2,94.33333333333351,14.620689655172415,55
2023,SM Curran,30,23.0,121.00000000000018,15.966666666666667,21
2023,SM Curran,31,22.8,126.66666666666686,16.129032258064516,29
2023,SM Curran,32,24.2,135.95238095238113,16.53125,4
2023,SM Curran,33,23.8,124.84126984127003,16.151515151515152,20
2023,SM Curran,34,25.8,124.17460317460336,16.264705882352942,11
2023,SM Curran,35,17.0,131.50793650793668,16.114285714285714,49
2024,SM Curran,36,22.6,125.3314659197014,17.02777777777778,63
2024,SM Curran,37,29.4,123.96241830065378,18.27027027027027,23
2024,SM Curran,38,33.2,139.28405572755437,18.394736842105264,0
2024,SM Curran,39,29.2,123.28405572755437,17.923076923076923,5
2024,SM Curran,40,28.0,91.78405572755437,17.6,29
2024,SM Curran,41,24.0,89.32416267942601,17.878048780487806,6
2024,SM Curran,42,12.6,75.07416267942601,17.595238095238095,6
2024,SM Curran,43,9.2,65.86363636363654,17.325581395348838,20
2024,SM Curran,44,13.2,85.86363636363654,17.386363636363637,26
2024,SM Curran,45,17.4,95.0303030303032,17.57777777777778,7
2024,SM Curran,46,13.0,81.39393939393958,17.347826086956523,22
2024,SM Curran,47,16.2,95.27629233511604,17.4468085106383,63
2009,SM Katich,5,28.6,102.81150087235298,28.6,50
2009,SM Katich,6,34.4,118.10561851941179,32.166666666666664,9
2009,SM Katich,7,21.2,107.19652761032089,28.857142857142858,0
2009,SM Katich,8,20.6,95.19652761032089,25.25,20
2009,SM Katich,9,17.8,111.74825174825193,24.666666666666668,11
2009,SM Katich,10,18.0,116.36363636363653,23.3,8
2007/08,SM Pollock,5,26.2,145.3314659197014,26.2,0
2007/08,SM Pollock,6,20.6,98.66479925303472,21.833333333333332,16
2007/08,SM Pollock,7,20.4,101.10924369747917,21.0,0
2015,SN Khan,5,15.8,137.09956709956728,15.8,1
2015,SN Khan,6,13.8,125.67099567099585,13.333333333333334,31
2016,SN Khan,7,11.0,114.28571428571448,15.857142857142858,35
2016,SN Khan,8,16.4,164.28571428571448,18.25,1
2016,SN Khan,9,14.4,142.85714285714303,16.333333333333332,28
2016,SN Khan,10,19.2,160.6349206349208,17.5,2
2018,SN Khan,11,19.4,180.6349206349208,16.09090909090909,6
2018,SN Khan,12,14.4,163.11111111111128,15.25,0
2018,SN Khan,13,7.4,93.11111111111128,14.076923076923077,5
2018,SN Khan,14,8.2,99.77777777777797,13.428571428571429,11
2018,SN Khan,15,4.8,90.66666666666686,13.266666666666667,22
2018,SN Khan,16,8.8,105.66666666666686,13.8125,7
2019,SN Khan,17,9.0,111.16666666666686,13.411764705882353,46
2019,SN Khan,18,18.2,141.83333333333354,15.222222222222221,13
2019,SN Khan,19,19.8,145.16666666666686,15.105263157894736,39
2019,SN Khan,20,25.4,150.0632183908048,16.3,67
2019,SN Khan,21,34.4,117.3965517241381,18.714285714285715,15
2020/21,SN Khan,22,36.0,122.97347480106119,18.545454545454547,12
2020/21,SN Khan,23,29.2,112.30680813439452,18.26086956521739,7
2020/21,SN Khan,24,28.0,109.80680813439452,17.791666666666668,14
2021,SN Khan,25,23.0,110.91025641025658,17.64,0
2021,SN Khan,26,9.6,88.57692307692325,16.96153846153846,0
2022,SN Khan,27,6.6,65.50000000000018,16.333333333333332,36
2022,SN Khan,28,11.4,70.32758620689674,17.035714285714285,12
2022,SN Khan,29,12.4,69.97044334975388,16.862068965517242,1
2022,SN Khan,30,9.8,48.63711001642054,16.333333333333332,32
2022,SN Khan,31,16.2,88.63711001642055,16.838709677419356,10
2023,SN Khan,32,18.2,117.20853858784912,16.625,4
2023,SN Khan,33,11.8,101.26984126984145,16.242424242424242,30
2023,SN Khan,34,15.4,101.77404295051372,16.647058823529413,10
2023,SN Khan,35,17.2,117.32959850606926,16.457142857142856,9
2019,SN Thakur,5,4.4,83.33333333333351,4.4,12
2019,SN Thakur,6,5.4,108.00000000000018,5.666666666666667,2
2020/21,SN Thakur,7,5.8,128.00000000000017,5.142857142857143,11
2020/21,SN Thakur,8,8.0,139.00000000000017,5.875,1
2021,SN Thakur,9,8.2,159.00000000000017,5.333333333333333,1
2021,SN Thakur,10,5.4,119.00000000000018,4.9,3
2021,SN Thakur,11,3.6,101.00000000000018,4.7272727272727275,1
2021,SN Thakur,12,3.4,101.00000000000018,4.416666666666667,0
2022,SN Thakur,13,1.2,90.00000000000018,4.076923076923077,22
2022,SN Thakur,14,5.4,110.00000000000018,5.357142857142857,2
2022,SN Thakur,15,5.6,96.66666666666684,5.133333333333334,29
2022,SN Thakur,16,10.8,119.39393939393958,6.625,17
2022,SN Thakur,17,14.0,133.39393939393958,7.235294117647059,10
2022,SN Thakur,18,16.0,161.96536796536813,7.388888888888889,8
2022,SN Thakur,19,13.2,133.39393939393958,7.421052631578948,1
2022,SN Thakur,20,13.0,136.7272727272729,7.1,24
2022,SN Thakur,21,12.0,109.26315789473702,7.904761904761905,3
2022,SN Thakur,22,9.2,90.26315789473702,7.681818181818182,4
2023,SN Thakur,23,8.0,75.02506265664178,7.521739130434782,8
2023,SN Thakur,24,8.0,116.92982456140366,7.541666666666667,68
2023,SN Thakur,25,21.4,152.26315789473702,9.96,0
2023,SN Thakur,26,16.6,127.00000000000018,9.576923076923077,12
2023,SN Thakur,27,18.4,146.28571428571445,9.666666666666666,13
2023,SN Thakur,28,20.2,156.58874458874476,9.785714285714286,0
2023,SN Thakur,29,18.6,103.25541125541145,9.448275862068966,8
2023,SN Thakur,30,6.6,80.77922077922095,9.4,1
2023,SN Thakur,31,6.8,90.77922077922096,9.129032258064516,3
2024,SN Thakur,32,5.0,65.06493506493524,8.9375,17
2024,SN Thakur,33,5.8,69.76190476190496,9.181818181818182,3
2024,SN Thakur,34,6.4,84.76190476190496,9.0,1
2020/21,SO Hetmyer,5,18.0,68.88888888888907,18.0,7
2020/21,SO Hetmyer,6,19.4,79.65811965811984,16.166666666666668,10
2020/21,SO Hetmyer,7,20.4,102.99145299145319,15.285714285714286,45
2020/21,SO Hetmyer,8,27.6,120.49145299145319,19.0,7
2020/21,SO Hetmyer,9,28.8,146.26923076923097,17.666666666666668,11
2020/21,SO Hetmyer,10,16.0,147.69780219780236,17.0,16
2020/21,SO Hetmyer,11,17.8,161.54395604395623,16.90909090909091,21
2020/21,SO Hetmyer,12,20.0,153.85164835164852,17.25,11
2020/21,SO Hetmyer,13,13.2,133.27472527472545,16.76923076923077,10
2020/21,SO Hetmyer,14,13.8,138.6080586080588,16.285714285714285,42
2020/21,SO Hetmyer,15,20.0,143.70122630992213,18.0,5
2021,SO Hetmyer,16,17.8,139.08584169453752,17.1875,14
2021,SO Hetmyer,17,16.4,137.88926049795634,17.0,1
2021,SO Hetmyer,18,14.4,130.9661835748794,16.11111111111111,53
2021,SO Hetmyer,19,23.0,140.0328502415461,18.05263157894737,0
2021,SO Hetmyer,20,14.6,103.51111111111132,17.15,16
2021,SO Hetmyer,21,16.8,136.8444444444446,17.095238095238095,4
2021,SO Hetmyer,22,14.8,121.73333333333353,16.5,28
2021,SO Hetmyer,23,20.2,144.67450980392175,17.0,29
2021,SO Hetmyer,24,15.4,128.63814616755812,17.5,28
2021,SO Hetmyer,25,21.0,155.30481283422478,17.92,15
2021,SO Hetmyer,26,20.8,139.47147950089146,17.807692307692307,37
2021,SO Hetmyer,27,27.4,150.87888690829885,18.51851851851852,17
2022,SO Hetmyer,28,25.2,151.93771043771062,18.464285714285715,32
2022,SO Hetmyer,29,25.8,168.24074074074093,18.93103448275862,35
2022,SO Hetmyer,30,27.2,182.75054466230958,19.466666666666665,42
2022,SO Hetmyer,31,32.6,171.50054466230958,20.193548387096776,59
2022,SO Hetmyer,32,37.0,176.87091503267993,21.40625,29
2022,SO Hetmyer,33,39.4,175.09313725490216,21.636363636363637,26
2022,SO Hetmyer,34,38.2,164.9264705882355,21.764705882352942,1
2022,SO Hetmyer,35,31.4,143.75000000000017,21.17142857142857,3
2022,SO Hetmyer,36,23.6,126.07142857142875,20.666666666666668,6
2022,SO Hetmyer,37,13.0,100.79365079365098,20.27027027027027,27
2022,SO Hetmyer,38,12.6,102.32142857142875,20.44736842105263,31
2022,SO Hetmyer,39,13.6,104.26587301587321,20.71794871794872,6
2022,SO Hetmyer,40,14.6,101.40873015873035,20.35,4
2022,SO Hetmyer,41,14.8,104.26587301587321,19.951219512195124,2
2022,SO Hetmyer,42,14.0,110.09920634920654,19.523809523809526,11
2023,SO Hetmyer,43,10.8,94.68253968253988,19.325581395348838,22
2023,SO Hetmyer,44,9.0,87.73809523809544,19.386363636363637,36
2023,SO Hetmyer,45,15.0,110.5952380952383,19.755555555555556,39
2023,SO Hetmyer,46,22.0,136.309523809524,20.17391304347826,30
2023,SO Hetmyer,47,27.6,154.55513784461172,20.382978723404257,56
2023,SO Hetmyer,48,36.6,177.70328599275987,21.125,2
2023,SO Hetmyer,49,32.6,158.20328599275985,20.73469387755102,3
2023,SO Hetmyer,50,26.0,124.20328599275986,20.38,8
2023,SO Hetmyer,51,19.8,103.06042884990272,20.137254901960784,8
2023,SO Hetmyer,52,15.4,89.25925925925944,19.903846153846153,7
2023,SO Hetmyer,53,5.6,57.77777777777796,19.660377358490567,7
2023,SO Hetmyer,54,6.6,77.77777777777797,19.425925925925927,35
2023,SO Hetmyer,55,13.0,108.61988304093586,19.70909090909091,46
2024,SO Hetmyer,56,20.6,121.36988304093586,20.178571428571427,5
2024,SO Hetmyer,57,20.0,117.87781954887237,19.912280701754387,14
2024,SO Hetmyer,58,21.4,142.87781954887237,19.810344827586206,11
2024,SO Hetmyer,59,22.2,146.30639097744378,19.661016949152543,13
2024,SO Hetmyer,60,17.8,161.4642857142859,19.55,27
2024,SO Hetmyer,61,14.0,186.7142857142859,19.672131147540984,0
2024,SO Hetmyer,62,13.0,172.42857142857162,19.35483870967742,13
2024,SO Hetmyer,63,12.8,166.3174603174605,19.253968253968253,26
2024,SO Hetmyer,64,15.8,169.55555555555574,19.359375,4
2007/08,SP Fleming,5,14.4,69.37535014005621,14.4,26
2007/08,SP Fleming,6,17.0,68.73495605138626,16.333333333333332,32
2007/08,SP Fleming,7,23.4,99.21114652757673,18.571428571428573,45
2007/08,SP Fleming,8,29.6,105.24055829228261,21.875,7
2007/08,SP Fleming,9,22.2,110.90722495894929,20.22222222222222,14
2009/10,SP Goswami,5,27.0,82.26338270926503,27.0,8
2011,SP Goswami,6,24.6,81.59671604259836,23.833333333333332,22
2011,SP Goswami,7,18.6,78.36305048335142,23.571428571428573,6
2011,SP Goswami,8,17.8,107.83673469387773,21.375,1
2011,SP Goswami,9,9.4,95.28571428571448,19.11111111111111,0
2012,SP Goswami,10,7.4,81.95238095238113,17.2,23
2012,SP Goswami,11,10.4,90.1629072681706,17.727272727272727,0
2012,SP Goswami,12,6.0,69.21052631578966,16.25,24
2012,SP Goswami,13,9.6,51.02870813397148,16.846153846153847,1
2012,SP Goswami,14,9.6,56.02870813397148,15.714285714285714,18
2012,SP Goswami,15,13.2,72.39234449760784,15.866666666666667,3
2018,SP Goswami,16,9.2,68.18181818181836,15.0625,35
2018,SP Goswami,17,16.2,93.18181818181836,16.235294117647058,12
2018,SP Goswami,18,13.8,98.0303030303032,16.0,5
2020/21,SP Goswami,19,14.6,108.0303030303032,15.421052631578947,0
2020/21,SP Goswami,20,11.0,91.66666666666683,14.65,0
2022,SP Jackson,5,8.2,109.04575163398711,8.2,7
2022,SP Jackson,6,7.2,81.04575163398711,8.0,8
2022,SP Jackson,7,5.6,82.2222222222224,8.0,5
2013,SP Narine,5,2.6,72.38095238095256,2.6,13
2013,SP Narine,6,5.2,115.71428571428592,4.333333333333333,3
2013,SP Narine,7,4.0,100.00000000000018,4.142857142857143,1
2014,SP Narine,8,3.8,90.00000000000018,3.75,6
2014,SP Narine,9,4.8,85.00000000000018,4.0,1
2014,SP Narine,10,4.8,88.33333333333351,3.7,1
2014,SP Narine,11,2.4,65.00000000000018,3.4545454545454546,2
2015,SP Narine,12,2.2,65.00000000000018,3.3333333333333335,0
2016,SP Narine,13,2.0,55.000000000000185,3.076923076923077,4
2016,SP Narine,14,1.6,60.000000000000185,3.142857142857143,2
2016,SP Narine,15,1.8,55.71428571428589,3.066666666666667,1
2017,SP Narine,16,1.8,42.380952380952564,2.9375,1
2017,SP Narine,17,1.6,42.380952380952564,2.823529411764706,37
2017,SP Narine,18,9.0,81.3283208020052,4.722222222222222,6
2017,SP Narine,19,9.4,74.66165413533852,4.7894736842105265,1
2017,SP Narine,20,9.2,88.9473684210528,4.6,42
2017,SP Narine,21,17.4,131.6924664602685,6.380952380952381,34
2017,SP Narine,22,24.0,159.4702442380463,7.636363636363637,16
2017,SP Narine,23,19.8,147.18954248366032,8.0,4
2017,SP Narine,24,19.4,153.85620915032698,7.833333333333333,1
2017,SP Narine,25,19.4,138.85620915032698,7.56,0
2017,SP Narine,26,11.0,89.44444444444461,7.269230769230769,54
2017,SP Narine,27,15.0,108.50877192982475,9.0,18
2017,SP Narine,28,15.4,117.84210526315807,9.321428571428571,0
2017,SP Narine,29,14.6,97.84210526315807,9.0,10
2018,SP Narine,30,16.4,112.84210526315807,9.033333333333333,50
2018,SP Narine,31,26.4,162.8421052631581,10.35483870967742,12
2018,SP Narine,32,18.0,154.00000000000017,10.40625,9
2018,SP Narine,33,16.2,134.36363636363654,10.363636363636363,1
2018,SP Narine,34,16.4,139.36363636363654,10.088235294117647,35
2018,SP Narine,35,21.4,147.36363636363654,10.8,1
2018,SP Narine,36,11.6,102.36363636363654,10.527777777777779,26
2018,SP Narine,37,14.4,112.14141414141432,10.945945945945946,27
2018,SP Narine,38,18.0,120.32323232323249,11.368421052631579,32
2018,SP Narine,39,24.2,145.79942279942298,11.897435897435898,5
2018,SP Narine,40,18.2,142.79942279942298,11.725,4
2018,SP Narine,41,18.8,177.79942279942298,11.536585365853659,75
2018,SP Narine,42,28.6,160.56218556218573,13.047619047619047,21
2018,SP Narine,43,27.4,196.0167310167312,13.232558139534884,29
2018,SP Narine,44,26.8,213.87387387387406,13.590909090909092,4
2018,SP Narine,45,26.6,228.87387387387406,13.377777777777778,26
2019,SP Narine,46,31.0,228.87387387387406,13.652173913043478,24
2019,SP Narine,47,20.8,236.33333333333354,13.872340425531915,10
2019,SP Narine,48,18.6,201.3333333333335,13.791666666666666,47
2019,SP Narine,49,22.2,187.814814814815,14.46938775510204,6
2019,SP Narine,50,22.6,171.814814814815,14.3,2
2019,SP Narine,51,17.8,136.814814814815,14.058823529411764,18
2019,SP Narine,52,16.6,111.31481481481501,14.134615384615385,25
2019,SP Narine,53,19.6,148.814814814815,14.339622641509434,11
2020/21,SP Narine,54,12.4,141.50000000000017,14.277777777777779,64
2020/21,SP Narine,55,24.0,154.07142857142875,15.181818181818182,17
2020/21,SP Narine,56,27.0,183.07142857142875,15.214285714285714,15
2020/21,SP Narine,57,26.4,180.57142857142875,15.210526315789474,9
2020/21,SP Narine,58,23.2,136.07142857142875,15.10344827586207,3
2020/21,SP Narine,59,21.6,120.57142857142875,14.898305084745763,6
2020/21,SP Narine,60,10.0,104.00000000000018,14.75,0
2020/21,SP Narine,61,6.6,70.00000000000018,14.508196721311476,7
2020/21,SP Narine,62,5.0,70.00000000000018,14.387096774193548,0
2021,SP Narine,63,3.2,52.000000000000185,14.158730158730158,4
2021,SP Narine,64,3.4,66.66666666666684,14.0,6
2021,SP Narine,65,3.4,63.80952380952399,13.876923076923077,0
2021,SP Narine,66,3.4,63.80952380952399,13.666666666666666,0
2021,SP Narine,67,2.0,43.80952380952399,13.462686567164178,21
2021,SP Narine,68,6.2,85.809523809524,13.573529411764707,0
2021,SP Narine,69,5.4,59.14285714285732,13.376811594202898,3
2021,SP Narine,70,4.8,62.000000000000185,13.228571428571428,26
2021,SP Narine,71,10.0,92.58823529411782,13.408450704225352,0
2021,SP Narine,72,10.0,92.58823529411782,13.222222222222221,2
2022,SP Narine,73,6.2,63.921568627451165,13.068493150684931,12
2022,SP Narine,74,8.6,93.92156862745117,13.054054054054054,4
2022,SP Narine,75,8.8,113.92156862745117,12.933333333333334,6
2022,SP Narine,76,4.8,143.33333333333354,12.842105263157896,5
2022,SP Narine,77,5.8,163.33333333333354,12.74025974025974,0
2022,SP Narine,78,5.4,150.00000000000017,12.576923076923077,22
2022,SP Narine,79,7.4,156.66666666666686,12.69620253164557,0
2022,SP Narine,80,6.6,116.66666666666686,12.5375,1
2022,SP Narine,81,5.6,66.66666666666686,12.395061728395062,21
2023,SP Narine,82,8.8,106.66666666666686,12.5,7
2023,SP Narine,83,10.2,176.66666666666686,12.433734939759036,0
2023,SP Narine,84,5.8,140.00000000000017,12.285714285714286,0
2023,SP Narine,85,5.8,140.00000000000017,12.141176470588235,0
2023,SP Narine,86,5.6,130.00000000000017,12.0,2
2023,SP Narine,87,1.8,80.0000000000002,11.885057471264368,4
2023,SP Narine,88,1.2,23.333333333333524,11.795454545454545,0
2023,SP Narine,89,1.2,23.333333333333524,11.662921348314606,1
2023,SP Narine,90,1.4,33.33333333333353,11.544444444444444,6
2023,SP Narine,91,2.6,57.33333333333353,11.483516483516484,1
2024,SP Narine,92,2.4,54.00000000000019,11.369565217391305,2
2024,SP Narine,93,2.0,48.666666666666856,11.268817204301076,47
2024,SP Narine,94,11.4,89.53623188405817,11.648936170212766,85
2024,SP Narine,95,28.2,120.01242236024864,12.421052631578947,27
2024,SP Narine,96,32.4,119.49068322981387,12.572916666666666,6
2024,SP Narine,97,33.4,132.82401656314718,12.505154639175258,109
2024,SP Narine,98,54.8,158.88651656314718,13.489795918367347,10
2024,SP Narine,99,47.4,131.3502846790892,13.454545454545455,71
2024,SP Narine,100,44.6,130.3185386473432,14.03,15
2024,SP Narine,101,42.2,136.84027777777797,14.03960396039604,8
2024,SP Narine,102,42.6,136.84027777777797,13.980392156862745,81
2024,SP Narine,103,37.0,143.27777777777797,14.631067961165048,0
2024,SP Narine,104,35.0,129.94444444444463,14.490384615384615,21
2024,SP Narine,105,25.0,115.20588235294137,14.552380952380952,6
2012,SPD Smith,5,27.4,147.15967908902712,27.4,23
2012,SPD Smith,6,24.2,143.69376999811803,26.666666666666668,34
2012,SPD Smith,7,26.0,150.5985319028799,27.714285714285715,26
2012,SPD Smith,8,28.6,167.74138904573707,27.5,47
2012,SPD Smith,9,29.2,164.2953342953345,29.666666666666668,2
2012,SPD Smith,10,26.4,148.1048581048583,26.9,14
2012,SPD Smith,11,24.6,144.69576719576736,25.727272727272727,18
2012,SPD Smith,12,21.4,111.77651253738229,25.083333333333332,24
2012,SPD Smith,13,21.0,93.83365539452515,25.0,37
2013,SPD Smith,14,19.0,82.88980832164582,25.857142857142858,39
2013,SPD Smith,15,26.4,124.97314165497914,26.733333333333334,17
2013,SPD Smith,16,27.0,121.07314165497914,26.125,6
2013,SPD Smith,17,24.6,118.75430107526901,24.941176470588236,41
2013,SPD Smith,18,28.0,125.17930107526902,25.833333333333332,17
2013,SPD Smith,19,24.0,143.80833333333354,25.36842105263158,35
2013,SPD Smith,20,23.2,112.55833333333354,25.85,4
2014,SPD Smith,21,20.6,118.95833333333353,24.80952380952381,27
2014,SPD Smith,22,24.8,141.6250000000002,24.90909090909091,19
2014,SPD Smith,23,20.4,135.0000000000002,24.652173913043477,24
2014,SPD Smith,24,21.8,126.78571428571449,24.625,3
2014,SPD Smith,25,15.4,139.2857142857145,23.76,22
2014,SPD Smith,26,19.0,132.2268907563027,23.692307692307693,48
2014,SPD Smith,27,23.2,139.86325439266633,24.59259259259259,9
2015,SPD Smith,28,21.2,143.36325439266633,24.035714285714285,33
2015,SPD Smith,29,23.0,136.57754010695209,24.344827586206897,10
2015,SPD Smith,30,24.4,128.79976232917429,23.866666666666667,79
2015,SPD Smith,31,35.8,145.11784511784532,25.64516129032258,13
2015,SPD Smith,32,28.8,125.1178451178453,25.25,6
2015,SPD Smith,33,28.2,119.76070226070246,24.666666666666668,5
2015,SPD Smith,34,22.6,125.59403559403579,24.08823529411765,31
2015,SPD Smith,35,26.8,125.51467051467071,24.285714285714285,23
2015,SPD Smith,36,15.6,117.16450216450237,24.25,68
2015,SPD Smith,37,26.6,127.52813852813873,25.43243243243243,4
2015,SPD Smith,38,26.2,123.71861471861492,24.86842105263158,14
2015,SPD Smith,39,28.0,115.83982683982704,24.58974358974359,12
2016,SPD Smith,40,24.2,112.15850815850835,24.275,5
2016,SPD Smith,41,20.6,107.9160839160841,23.804878048780488,38
2016,SPD Smith,42,14.6,102.06423206423226,24.142857142857142,4
2016,SPD Smith,43,14.6,108.73089873089893,23.674418604651162,31
2016,SPD Smith,44,18.0,105.41921041921061,23.84090909090909,46
2016,SPD Smith,45,24.8,109.39669634791605,24.333333333333332,101
2016,SPD Smith,46,44.0,130.13743708865678,26.0,45
2017,SPD Smith,47,45.4,139.48928894050863,26.404255319148938,84
2017,SPD Smith,48,61.4,150.0347434859632,27.604166666666668,26
2017,SPD Smith,49,60.4,146.46331491453464,27.571428571428573,43
2017,SPD Smith,50,59.8,152.6909571909574,27.88,27
2017,SPD Smith,51,45.0,136.05278055278077,27.862745098039216,27
2017,SPD Smith,52,41.4,124.26706626706645,27.846153846153847,17
2017,SPD Smith,53,28.0,122.05494505494525,27.641509433962263,51
2017,SPD Smith,54,33.0,131.05108405108425,28.074074074074073,45
2017,SPD Smith,55,33.4,130.5094173844176,28.381818181818183,4
2017,SPD Smith,56,28.8,149.74018661518681,27.946428571428573,9
2017,SPD Smith,57,25.2,144.02590090090112,27.614035087719298,34
2017,SPD Smith,58,28.6,132.69256756756778,27.724137931034484,38
2017,SPD Smith,59,26.0,126.83928571428592,27.89830508474576,15
2017,SPD Smith,60,20.0,115.38095238095259,27.683333333333334,1
2017,SPD Smith,61,19.4,85.38095238095258,27.24590163934426,51
2019,SPD Smith,62,27.8,84.6262353998205,27.629032258064516,20
2019,SPD Smith,63,25.0,91.15564716452639,27.50793650793651,28
2019,SPD Smith,64,23.0,86.41105841993763,27.515625,38
2019,SPD Smith,65,27.6,93.49439175327097,27.676923076923078,73
2019,SPD Smith,66,42.0,107.42881798277918,28.363636363636363,15
2019,SPD Smith,67,34.8,101.81989860027488,28.16417910447761,12
2019,SPD Smith,68,33.2,94.290486835569,27.926470588235293,59
2019,SPD Smith,69,39.4,101.90412319920536,28.3768115942029,50
2019,SPD Smith,70,41.8,108.45715350223566,28.685714285714287,2
2019,SPD Smith,71,27.6,91.18939393939412,28.309859154929576,22
2020/21,SPD Smith,72,29.0,105.05303030303048,28.22222222222222,69
2020/21,SPD Smith,73,40.4,116.11185383244224,28.78082191780822,24
2020/21,SPD Smith,74,33.4,115.52852049910894,28.716216216216218,3
2020/21,SPD Smith,75,24.0,93.7969187675072,28.373333333333335,5
2020/21,SPD Smith,76,24.6,103.79691876750721,28.06578947368421,6
2020/21,SPD Smith,77,21.4,93.43977591036435,27.77922077922078,5
2020/21,SPD Smith,78,8.6,86.38095238095258,27.487179487179485,19
2020/21,SPD Smith,79,7.6,87.71428571428591,27.379746835443036,57
2020/21,SPD Smith,80,18.4,110.809523809524,27.75,50
2020/21,SPD Smith,81,27.4,128.62561576354696,28.02469135802469,4
2020/21,SPD Smith,82,27.0,131.48275862068985,27.73170731707317,26
2020/21,SPD Smith,83,31.2,126.77687626774866,27.710843373493976,31
2020/21,SPD Smith,84,33.6,130.96735245822487,27.75,11
2020/21,SPD Smith,85,24.4,126.80068579155818,27.55294117647059,1
2021,SPD Smith,86,14.6,97.31792717086854,27.24418604651163,9
2021,SPD Smith,87,15.6,92.31792717086854,27.03448275862069,33
2021,SPD Smith,88,17.0,99.02380952380972,27.102272727272727,34
2021,SPD Smith,89,17.6,96.70000000000019,27.179775280898877,4
2021,SPD Smith,90,16.2,85.20000000000019,26.92222222222222,24
2021,SPD Smith,91,20.8,102.018181818182,26.89010989010989,39
2021,SPD Smith,92,26.8,109.95935828877025,27.02173913043478,9
2007/08,SR Tendulkar,5,28.0,81.52295632698788,28.0,18
2007/08,SR Tendulkar,6,23.6,83.44904815229583,26.333333333333332,30
2009,SR Tendulkar,7,27.2,87.96032634778454,26.857142857142858,59
2009,SR Tendulkar,8,39.0,112.04195900084578,30.875,36
2009,SR Tendulkar,9,41.6,113.54571839934201,31.444444444444443,68
2009,SR Tendulkar,10,42.2,114.21947726459025,35.1,1
2009,SR Tendulkar,11,38.8,98.60544217687095,32.0,34
2009,SR Tendulkar,12,39.6,102.71258503401381,32.166666666666664,11
2009,SR Tendulkar,13,30.0,98.63095238095258,30.53846153846154,2
2009,SR Tendulkar,14,23.2,82.91666666666686,28.5,15
2009,SR Tendulkar,15,12.6,74.58333333333353,27.6,0
2009,SR Tendulkar,16,12.4,71.2500000000002,25.875,41
2009,SR Tendulkar,17,13.8,78.27586206896572,26.764705882352942,40
2009,SR Tendulkar,18,19.6,83.27586206896572,27.5,11
2009,SR Tendulkar,19,21.4,88.99014778325143,26.63157894736842,46
2009/10,SR Tendulkar,20,27.6,89.89923869234232,27.6,17
2009/10,SR Tendulkar,21,31.0,116.0530848461885,27.095238095238095,63
2009/10,SR Tendulkar,22,35.4,125.95904095904116,28.727272727272727,25
2009/10,SR Tendulkar,23,32.4,122.69817139382376,28.565217391304348,71
2009/10,SR Tendulkar,24,44.4,134.29157798723037,30.333333333333332,72
2009/10,SR Tendulkar,25,49.6,140.04915374480612,32.0,55
2009/10,SR Tendulkar,26,57.2,138.3397520354044,32.88461538461539,11
2009/10,SR Tendulkar,27,46.8,113.09911032417445,32.074074074074076,35
2009/10,SR Tendulkar,28,48.8,119.35997988939184,32.17857142857143,45
2009/10,SR Tendulkar,29,43.6,117.76657329598527,32.62068965517241,29
2009/10,SR Tendulkar,30,35.0,114.2999066293186,32.5,89
2009/10,SR Tendulkar,31,41.8,118.56513960422899,34.32258064516129,30
2009/10,SR Tendulkar,32,45.6,127.84618535586296,34.1875,19
2009/10,SR Tendulkar,33,42.4,119.84618535586296,33.72727272727273,9
2009/10,SR Tendulkar,34,35.2,112.13189964157725,33.0,48
2011,SR Tendulkar,35,39.0,108.52373637627113,33.42857142857143,46
2011,SR Tendulkar,36,30.4,96.54133168418902,33.77777777777778,55
2011,SR Tendulkar,37,35.4,98.23215294022766,34.351351351351354,100
2011,SR Tendulkar,38,51.6,106.40116702473469,36.078947368421055,35
2011,SR Tendulkar,39,56.8,105.90116702473469,36.05128205128205,5
2011,SR Tendulkar,40,48.2,97.42044140115193,35.275,28
2011,SR Tendulkar,41,44.6,102.23163021234075,35.09756097560975,7
2011,SR Tendulkar,42,35.0,98.31858673407987,34.42857142857143,51
2011,SR Tendulkar,43,25.2,92.32348569305111,34.81395348837209,24
2011,SR Tendulkar,44,23.0,94.02348569305111,34.56818181818182,14
2011,SR Tendulkar,45,24.8,101.57904124860667,34.111111111111114,6
2011,SR Tendulkar,46,20.4,93.37391304347845,33.5,37
2011,SR Tendulkar,47,26.4,89.46086956521759,33.57446808510638,31
2011,SR Tendulkar,48,22.4,85.00124223602504,33.520833333333336,38
2011,SR Tendulkar,49,25.2,92.94409937888219,33.61224489795919,36
2011,SR Tendulkar,50,29.6,99.99171842650124,33.66,40
2012,SR Tendulkar,51,36.4,118.65838509316791,33.78431372549019,16
2012,SR Tendulkar,52,32.2,122.57142857142878,33.44230769230769,23
2012,SR Tendulkar,53,30.6,124.02380952380972,33.24528301886792,34
2012,SR Tendulkar,54,29.8,120.32922824302155,33.25925925925926,7
2012,SR Tendulkar,55,24.0,114.61494252873584,32.78181818181818,14
2012,SR Tendulkar,56,18.8,100.11494252873584,32.44642857142857,34
2012,SR Tendulkar,57,22.4,99.00383141762472,32.473684210526315,74
2012,SR Tendulkar,58,32.6,113.47352838732168,33.189655172413794,24
2012,SR Tendulkar,59,30.6,107.16810966810985,33.03389830508475,2
2012,SR Tendulkar,60,29.6,107.16810966810985,32.516666666666666,0
2012,SR Tendulkar,61,26.8,89.66810966810985,31.983606557377048,27
2012,SR Tendulkar,62,25.4,93.27922077922096,31.903225806451612,58
2012,SR Tendulkar,63,22.2,79.64285714285734,32.317460317460316,11
2013,SR Tendulkar,64,19.6,80.83333333333353,31.984375,23
2013,SR Tendulkar,65,23.8,85.043859649123,31.846153846153847,0
2013,SR Tendulkar,66,23.8,85.043859649123,31.363636363636363,1
2013,SR Tendulkar,67,18.6,82.543859649123,30.91044776119403,44
2013,SR Tendulkar,68,15.8,91.87719298245634,31.102941176470587,1
2013,SR Tendulkar,69,13.8,80.21052631578966,30.666666666666668,54
2013,SR Tendulkar,70,20.0,78.5000000000002,31.0,2
2013,SR Tendulkar,71,20.4,85.16666666666686,30.591549295774648,23
2013,SR Tendulkar,72,24.8,100.55128205128224,30.48611111111111,9
2013,SR Tendulkar,73,17.8,89.21794871794891,30.19178082191781,14
2013,SR Tendulkar,74,20.4,102.55128205128224,29.972972972972972,15
2013,SR Tendulkar,75,12.6,94.33699633699652,29.773333333333333,48
2013,SR Tendulkar,76,21.8,120.77377794619193,30.013157894736842,15
2013,SR Tendulkar,77,20.2,105.38916256157654,29.818181818181817,38
2007/08,SR Watson,5,32.4,99.5093479252168,32.4,14
2007/08,SR Watson,6,31.0,106.5093479252168,29.333333333333332,32
2007/08,SR Watson,7,22.2,105.79633544749845,29.714285714285715,5
2007/08,SR Watson,8,22.4,142.4630021141651,26.625,74
2007/08,SR Watson,9,25.0,149.3290043290045,31.88888888888889,22
2007/08,SR Watson,10,29.4,172.48689906584661,30.9,46
2007/08,SR Watson,11,35.8,170.34404192298948,32.27272727272727,19
2007/08,SR Watson,12,33.2,166.5864661654137,31.166666666666668,18
2007/08,SR Watson,13,35.8,134.58646616541373,30.153846153846153,52
2007/08,SR Watson,14,31.4,134.01503759398514,31.714285714285715,28
2009/10,SR Watson,15,32.6,138.85714285714306,31.466666666666665,60
2009/10,SR Watson,16,35.4,152.15384615384633,33.25,58
2009/10,SR Watson,17,43.2,157.3468286099867,34.705882352941174,1
2009/10,SR Watson,18,39.8,149.3468286099867,32.833333333333336,22
2009/10,SR Watson,19,33.8,132.28016194332002,32.26315789473684,44
2011,SR Watson,20,37.0,138.1263157894739,32.85,22
2011,SR Watson,21,29.4,125.81862348178156,32.333333333333336,11
2011,SR Watson,22,20.0,112.2153846153848,31.363636363636363,24
2011,SR Watson,23,24.6,132.2153846153848,31.043478260869566,49
2011,SR Watson,24,30.0,139.1153846153848,31.791666666666668,26
2011,SR Watson,25,26.4,121.51923076923097,31.56,12
2011,SR Watson,26,24.4,104.81593406593424,30.807692307692307,32
2011,SR Watson,27,28.6,112.50824175824195,30.85185185185185,11
2011,SR Watson,28,26.0,104.50824175824195,30.142857142857142,34
2011,SR Watson,29,23.0,102.67490842490864,30.275862068965516,20
2011,SR Watson,30,21.8,117.1941391941394,29.933333333333334,89
2012,SR Watson,31,37.2,136.37781266352715,31.838709677419356,8
2012,SR Watson,32,32.4,129.54020582592028,31.09375,36
2012,SR Watson,33,37.4,147.54020582592028,31.242424242424242,90
2012,SR Watson,34,48.6,160.16765680631244,32.970588235294116,5
2012,SR Watson,35,45.6,138.48933512799078,32.17142857142857,58
2012,SR Watson,36,39.4,139.58215935445554,32.888888888888886,13
2012,SR Watson,37,40.4,141.80438157667777,32.351351351351354,45
2013,SR Watson,38,42.2,125.48859210299356,32.68421052631579,5
2013,SR Watson,39,25.2,99.28538354684383,31.974358974358974,32
2013,SR Watson,40,30.6,120.67066493212522,31.975,31
2013,SR Watson,41,25.2,108.05131009341554,31.951219512195124,6
2013,SR Watson,42,23.8,101.38464342674888,31.333333333333332,101
2013,SR Watson,43,35.0,109.26293290043309,32.95348837209303,98
2013,SR Watson,44,53.6,137.1531558849957,34.43181818181818,41
2013,SR Watson,45,55.4,132.30196540880524,34.577777777777776,35
2013,SR Watson,46,56.2,125.45068335752319,34.58695652173913,5
2013,SR Watson,47,56.0,132.11735002418985,33.95744680851064,28
2013,SR Watson,48,41.4,140.55485002418985,33.833333333333336,31
2013,SR Watson,49,28.0,128.37371794871814,33.775510204081634,70
2013,SR Watson,50,33.8,143.92518853695344,34.5,19
2013,SR Watson,51,30.6,148.3294117647061,34.19607843137255,11
2013,SR Watson,52,31.8,138.80560224089658,33.75,24
2013,SR Watson,53,31.0,130.80560224089658,33.56603773584906,6
2014,SR Watson,54,26.0,121.00560224089656,33.05555555555556,3
2014,SR Watson,55,12.6,88.40056022408984,32.50909090909091,50
2014,SR Watson,56,18.8,99.38095238095258,32.82142857142857,7
2014,SR Watson,57,18.0,112.23809523809544,32.36842105263158,24
2014,SR Watson,58,18.0,100.23809523809544,32.224137931034484,39
2014,SR Watson,59,24.6,114.12698412698433,32.33898305084746,16
2014,SR Watson,60,27.2,137.55555555555574,32.06666666666667,31
2014,SR Watson,61,23.4,133.74603174603195,32.049180327868854,11
2014,SR Watson,62,24.2,130.4126984126986,31.70967741935484,1
2014,SR Watson,63,19.6,114.41269841269862,31.22222222222222,51
2014,SR Watson,64,22.0,111.67765567765586,31.53125,5
2014,SR Watson,65,19.8,96.34432234432253,31.123076923076923,0
2014,SR Watson,66,13.6,66.82051282051302,30.651515151515152,8
2015,SR Watson,67,13.0,55.7094017094019,30.313432835820894,73
2015,SR Watson,68,27.4,82.12606837606856,30.941176470588236,45
2015,SR Watson,69,26.2,79.04914529914548,31.144927536231883,26
2015,SR Watson,70,30.4,84.99117428465273,31.071428571428573,28
2015,SR Watson,71,36.0,107.39117428465272,31.028169014084508,21
2015,SR Watson,72,38.6,114.65613154961,30.88888888888889,12
2015,SR Watson,73,26.4,104.23946488294334,30.63013698630137,28
2015,SR Watson,74,23.0,99.82920847268693,30.594594594594593,104
2015,SR Watson,75,38.6,110.76889991728721,31.573333333333334,10
2016,SR Watson,76,35.0,128.36889991728722,31.289473684210527,19
2016,SR Watson,77,34.6,154.43727598566326,31.12987012987013,33
2016,SR Watson,78,38.8,169.17411809092644,31.153846153846153,5
2016,SR Watson,79,34.2,160.50745142425978,30.82278481012658,1
2016,SR Watson,80,13.6,146.95906432748558,30.45,6
2016,SR Watson,81,12.8,126.95906432748556,30.14814814814815,2
2016,SR Watson,82,9.4,98.07017543859668,29.804878048780488,34
2016,SR Watson,83,9.6,95.71428571428591,29.85542168674699,36
2016,SR Watson,84,15.8,141.0989010989013,29.928571428571427,1
2016,SR Watson,85,15.8,127.76556776556795,29.58823529411765,15
2016,SR Watson,86,17.6,129.19413919413938,29.41860465116279,0
2016,SR Watson,87,17.2,115.86080586080604,29.080459770114942,1
2016,SR Watson,88,10.6,93.47985347985367,28.761363636363637,14
2016,SR Watson,89,6.2,53.650793650793844,28.59550561797753,1
2016,SR Watson,90,6.2,50.317460317460515,28.288888888888888,11
2017,SR Watson,91,5.4,53.33333333333353,28.0989010989011,22
2017,SR Watson,92,9.8,79.21568627450999,28.032608695652176,24
2017,SR Watson,93,14.4,88.41568627451,27.989247311827956,1
2017,SR Watson,94,11.8,77.86013071895442,27.70212765957447,14
2017,SR Watson,95,14.4,90.08235294117667,27.557894736842105,3
2017,SR Watson,96,12.8,77.63790849673222,27.302083333333332,3
2017,SR Watson,97,9.0,61.755555555555745,27.051546391752577,4
2018,SR Watson,98,5.0,58.55555555555575,26.816326530612244,16
2018,SR Watson,99,8.0,76.4126984126986,26.707070707070706,42
2018,SR Watson,100,13.6,105.06766917293253,26.86,11
2018,SR Watson,101,15.2,115.06766917293253,26.702970297029704,106
2018,SR Watson,102,35.8,141.61939331086356,27.480392156862745,9
2018,SR Watson,103,36.8,136.86939331086356,27.300970873786408,7
2018,SR Watson,104,35.0,149.0122504537207,27.10576923076923,12
2018,SR Watson,105,29.0,126.61990595611306,26.961904761904762,78
2018,SR Watson,106,42.4,142.66868644391792,27.443396226415093,36
2018,SR Watson,107,28.4,134.91696230598689,27.523364485981308,11
2018,SR Watson,108,28.8,139.3812480202726,27.37037037037037,39
2018,SR Watson,109,35.2,128.01761165663623,27.477064220183486,57
2018,SR Watson,110,44.2,138.77085840988298,27.745454545454546,14
2018,SR Watson,111,31.4,112.8959909655564,27.62162162162162,0
2018,SR Watson,112,24.2,84.09599096555638,27.375,117
2019,SR Watson,113,45.4,107.38170525127066,28.168141592920353,0
2019,SR Watson,114,37.6,83.74534161490703,27.92105263157895,44
2019,SR Watson,115,35.0,83.76650563607105,28.06086956521739,13
2019,SR Watson,116,34.8,91.5925925925928,27.93103448275862,5
2019,SR Watson,117,35.8,108.25925925925944,27.735042735042736,26
2019,SR Watson,118,17.6,90.05925925925945,27.720338983050848,17
2019,SR Watson,119,21.0,127.83703703703722,27.630252100840337,0
2019,SR Watson,120,12.2,95.24444444444464,27.4,6
2019,SR Watson,121,10.8,92.38730158730178,27.223140495867767,31
2019,SR Watson,122,16.0,97.09994526546271,27.25409836065574,5
2019,SR Watson,123,11.8,109.63327859879602,27.073170731707318,96
2019,SR Watson,124,27.6,107.41105637657381,27.629032258064516,8
2019,SR Watson,125,29.2,147.4110563765738,27.472,0
2019,SR Watson,126,28.0,130.26819923371667,27.253968253968253,7
2019,SR Watson,127,23.2,120.55555555555574,27.094488188976378,10
2019,SR Watson,128,24.2,102.6068376068378,26.9609375,50
2019,SR Watson,129,15.0,96.4630467571646,27.13953488372093,80
2020/21,SR Watson,130,29.4,82.26949837006784,27.546153846153846,4
2020/21,SR Watson,131,30.2,98.26949837006782,27.366412213740457,33
2020/21,SR Watson,132,35.4,116.60283170340116,27.40909090909091,50
2020/21,SR Watson,133,43.4,125.6084602212248,27.57894736842105,36
2020/21,SR Watson,134,40.6,121.91098122962816,27.64179104477612,83
2020/21,SR Watson,135,41.2,124.72521927189734,28.05185185185185,1
2020/21,SR Watson,136,40.6,112.05855260523069,27.852941176470587,14
2020/21,SR Watson,137,36.8,97.61410816078623,27.751824817518248,42
2020/21,SR Watson,138,35.2,95.32912741624196,27.855072463768117,8
2020/21,SR Watson,139,29.6,122.94817503528957,27.712230215827336,14
2020/21,SR Watson,140,15.8,109.06432748538029,27.614285714285714,14
2015,SS Iyer,5,28.8,112.42539949790311,28.8,83
2015,SS Iyer,6,44.0,121.04608915307551,37.833333333333336,0
2015,SS Iyer,7,36.0,97.51667738836963,32.42857142857143,40
2015,SS Iyer,8,42.8,102.59604246773472,33.375,54
2015,SS Iyer,9,41.6,101.03052913818283,35.666666666666664,9
2015,SS Iyer,10,37.2,92.18437529202897,33.0,19
2015,SS Iyer,11,24.4,83.56368563685655,31.727272727272727,0
2015,SS Iyer,12,24.4,83.56368563685655,29.083333333333332,70
2015,SS Iyer,13,30.4,89.91289198606292,32.23076923076923,20
2016,SS Iyer,14,23.6,84.62406015037612,31.357142857142858,0
2016,SS Iyer,15,21.8,69.62406015037614,29.266666666666666,3
2016,SS Iyer,16,18.6,61.62406015037614,27.625,0
2016,SS Iyer,17,18.6,61.62406015037614,26.0,19
2016,SS Iyer,18,8.4,50.325358851674835,25.61111111111111,0
2016,SS Iyer,19,4.4,29.27272727272747,24.263157894736842,8
2017,SS Iyer,20,6.0,45.272727272727465,23.45,22
2017,SS Iyer,21,9.8,57.717171717171915,23.38095238095238,26
2017,SS Iyer,22,15.0,88.30540701128956,23.5,50
2017,SS Iyer,23,21.2,103.29074425469132,24.652173913043477,6
2017,SS Iyer,24,22.4,120.43360139754846,23.875,47
2017,SS Iyer,25,30.2,131.2907442546913,24.8,6
2017,SS Iyer,26,27.0,123.98915695310401,24.076923076923077,33
2017,SS Iyer,27,28.4,117.84536610343079,24.40740740740741,14
2017,SS Iyer,28,21.2,116.69841269841291,24.035714285714285,3
2017,SS Iyer,29,20.6,109.55555555555574,23.310344827586206,96
2017,SS Iyer,30,30.4,116.38262322472868,25.733333333333334,3
2017,SS Iyer,31,29.8,114.23976608187154,25.0,32
2018,SS Iyer,32,29.6,110.44048292774967,25.21875,11
2018,SS Iyer,33,29.0,96.25244873971549,24.78787878787879,27
2018,SS Iyer,34,33.8,113.25244873971549,24.852941176470587,4
2018,SS Iyer,35,15.4,106.23490488006635,24.257142857142856,52
2018,SS Iyer,36,25.2,124.78329197684054,25.02777777777778,57
2018,SS Iyer,37,30.2,128.92073938217015,25.89189189189189,93
2018,SS Iyer,38,46.6,156.28337674480753,27.657894736842106,13
2018,SS Iyer,39,43.8,147.85480531623608,27.28205128205128,50
2018,SS Iyer,40,53.0,149.759567220998,27.85,44
2018,SS Iyer,41,51.4,140.65562456866823,28.24390243902439,3
2018,SS Iyer,42,40.6,123.37301587301606,27.642857142857142,32
2018,SS Iyer,43,28.4,96.38459888459909,27.74418604651163,19
2018,SS Iyer,44,29.6,95.08589758589777,27.545454545454547,6
2019,SS Iyer,45,20.8,78.5144690144692,27.066666666666666,16
2019,SS Iyer,46,15.2,86.07002457002476,26.82608695652174,18
2019,SS Iyer,47,18.2,96.57002457002476,26.638297872340427,47
2019,SS Iyer,48,21.2,105.38383838383857,27.0625,28
2019,SS Iyer,49,23.0,111.44444444444464,27.081632653061224,43
2019,SS Iyer,50,30.4,120.4200542005422,27.4,67
2019,SS Iyer,51,40.6,112.78369056417857,28.176470588235293,6
2019,SS Iyer,52,38.2,114.78369056417857,27.75,45
2019,SS Iyer,53,37.8,110.62379896526258,28.07547169811321,3
2019,SS Iyer,54,32.8,97.29046563192925,27.61111111111111,58
2019,SS Iyer,55,35.8,99.51485587583167,28.163636363636364,4
2019,SS Iyer,56,23.2,91.1512195121953,27.732142857142858,52
2019,SS Iyer,57,32.4,99.25932762030342,28.157894736842106,44
2019,SS Iyer,58,32.2,105.69520488230185,28.43103448275862,15
2019,SS Iyer,59,34.6,129.02853821563517,28.203389830508474,8
2019,SS Iyer,60,24.6,121.82853821563518,27.866666666666667,13
2020/21,SS Iyer,61,26.4,120.27298266007963,27.62295081967213,39
2020/21,SS Iyer,62,23.8,115.80123818833515,27.806451612903224,47
2020/21,SS Iyer,63,24.4,111.51670551670573,28.11111111111111,22
2020/21,SS Iyer,64,25.8,101.34126692021448,28.015625,7
2020/21,SS Iyer,65,25.6,99.34126692021448,27.692307692307693,23
2020/21,SS Iyer,66,27.6,104.89682247577005,27.62121212121212,88
2020/21,SS Iyer,67,37.4,127.57624831309063,28.52238805970149,11
2020/21,SS Iyer,68,30.2,120.39676113360342,28.264705882352942,7
2020/21,SS Iyer,69,27.2,108.905533063428,27.956521739130434,42
2020/21,SS Iyer,70,34.2,119.61141541636918,28.15714285714286,17
2020/21,SS Iyer,71,33.0,115.06596087091464,28.0,25
2020/21,SS Iyer,72,20.4,85.41683806389707,27.958333333333332,26
2020/21,SS Iyer,73,23.4,91.10245679299406,27.931506849315067,53
2020/21,SS Iyer,74,32.6,102.99134568188296,28.27027027027027,14
2020/21,SS Iyer,75,27.0,101.61879666227512,28.08,12
2020/21,SS Iyer,76,26.0,116.16425120772965,27.86842105263158,21
2020/21,SS Iyer,77,25.2,119.49758454106299,27.77922077922078,65
2021,SS Iyer,78,33.0,122.37908496732045,28.256410256410255,1
2021,SS Iyer,79,22.6,102.15686274509822,27.911392405063292,43
2021,SS Iyer,80,28.4,104.11764705882372,28.1,18
2021,SS Iyer,81,29.6,93.06501547987634,27.97530864197531,47
2021,SS Iyer,82,34.8,94.92548059615542,28.20731707317073,2
2021,SS Iyer,83,22.2,75.14957023200976,27.89156626506024,33
2021,SS Iyer,84,28.6,90.14957023200975,27.952380952380953,1
2021,SS Iyer,85,20.2,67.35545258495094,27.63529411764706,30
2022,SS Iyer,86,22.6,69.83665559246973,27.662790697674417,20
2022,SS Iyer,87,17.2,69.02882205513804,27.57471264367816,13
2022,SS Iyer,88,19.4,89.31453634085233,27.40909090909091,26
2022,SS Iyer,89,18.0,105.64786967418566,27.39325842696629,10
2022,SS Iyer,90,19.8,136.48120300751899,27.2,54
2022,SS Iyer,91,24.6,146.8173374613005,27.494505494505493,28
2022,SS Iyer,92,26.2,148.16470588235313,27.5,85
2022,SS Iyer,93,40.6,151.9892672858619,28.118279569892472,12
2022,SS Iyer,94,37.8,132.32260061919524,27.9468085106383,42
2022,SS Iyer,95,44.2,121.09453044375664,28.094736842105263,34
2022,SS Iyer,96,40.2,109.32982456140371,28.15625,6
2022,SS Iyer,97,35.8,100.26315789473703,27.927835051546392,6
2022,SS Iyer,98,20.0,85.43859649122825,27.70408163265306,15
2022,SS Iyer,99,20.6,103.77192982456161,27.575757575757574,50
2024,SS Iyer,100,22.2,115.0000000000002,27.8,0
2024,SS Iyer,101,15.4,95.0000000000002,27.524752475247524,39
2024,SS Iyer,102,22.0,114.16666666666688,27.637254901960784,18
2024,SS Iyer,103,24.4,131.8939393939396,27.54368932038835,34
2024,SS Iyer,104,28.2,119.16666666666686,27.60576923076923,38
2024,SS Iyer,105,25.8,103.5077519379847,27.704761904761906,11
2024,SS Iyer,106,28.0,134.9363233665561,27.547169811320753,50
2024,SS Iyer,107,30.2,129.46335039358314,27.757009345794394,28
2024,SS Iyer,108,32.2,152.73607766631042,27.75925925925926,33
2024,SS Iyer,109,32.0,160.82566923416286,27.807339449541285,6
2024,SS Iyer,110,25.6,173.1512506295117,27.60909090909091,23
2024,SS Iyer,111,28.0,167.2782347564958,27.56756756756757,7
2024,SS Iyer,112,19.4,152.97848045674152,27.383928571428573,58
2024,SS Iyer,113,25.4,145.31181379007484,27.654867256637168,6
2023,SS Prabhudessai,5,13.4,101.12842712842732,13.4,19
2023,SS Prabhudessai,6,10.4,90.49350649350667,14.333333333333334,0
2023,SS Prabhudessai,7,9.2,66.49350649350667,12.285714285714286,10
2023,SS Prabhudessai,8,9.2,68.71572871572891,12.0,6
2024,SS Prabhudessai,9,7.4,72.22222222222241,11.333333333333334,24
2009/10,SS Tiwary,5,7.8,120.66666666666686,7.8,53
2009/10,SS Tiwary,6,15.0,117.84313725490215,15.333333333333334,61
2009/10,SS Tiwary,7,25.4,131.12518853695343,21.857142857142858,25
2009/10,SS Tiwary,8,29.6,128.26804567981057,22.25,30
2009/10,SS Tiwary,9,34.4,123.26804567981057,23.11111111111111,2
2009/10,SS Tiwary,10,34.2,124.6013790131439,21.0,4
2009/10,SS Tiwary,11,24.4,120.09157509157527,19.454545454545453,31
2009/10,SS Tiwary,12,18.4,114.64285714285734,20.416666666666668,44
2009/10,SS Tiwary,13,22.2,115.97619047619067,22.23076923076923,14
2009/10,SS Tiwary,14,19.0,104.309523809524,21.642857142857142,4
2009/10,SS Tiwary,15,19.4,106.97619047619067,20.466666666666665,15
2009/10,SS Tiwary,16,21.6,107.58225108225126,20.125,38
2009/10,SS Tiwary,17,23.0,108.89177489177507,21.176470588235293,46
2009/10,SS Tiwary,18,23.4,107.9594440647074,22.555555555555557,52
2009/10,SS Tiwary,19,31.0,128.17449782814828,24.105263157894736,0
2011,SS Tiwary,20,30.2,112.17449782814826,22.9,26
2011,SS Tiwary,21,32.4,105.70177055542099,23.047619047619047,16
2011,SS Tiwary,22,28.0,107.64982250347293,22.727272727272727,7
2011,SS Tiwary,23,20.2,97.43929618768347,22.043478260869566,14
2011,SS Tiwary,24,12.6,83.89090909090928,21.708333333333332,18
2011,SS Tiwary,25,16.2,101.89090909090928,21.56,14
2011,SS Tiwary,26,13.8,116.09090909090928,21.26923076923077,13
2011,SS Tiwary,27,13.2,115.88888888888907,20.962962962962962,1
2011,SS Tiwary,28,12.0,105.88888888888907,20.25,6
2011,SS Tiwary,29,10.4,94.46031746031764,19.75862068965517,13
2011,SS Tiwary,30,9.4,85.74603174603193,19.533333333333335,9
2011,SS Tiwary,31,8.4,80.74603174603192,19.193548387096776,8
2011,SS Tiwary,32,7.4,65.19047619047636,18.84375,42
2012,SS Tiwary,33,15.6,85.89635854341755,19.545454545454547,1
2012,SS Tiwary,34,14.6,83.99159663865564,19.0,18
2012,SS Tiwary,35,15.6,92.70588235294136,18.97142857142857,8
2012,SS Tiwary,36,15.4,89.37254901960802,18.666666666666668,17
2012,SS Tiwary,37,17.2,97.28921568627469,18.62162162162162,36
2012,SS Tiwary,38,16.0,103.88768115942045,19.07894736842105,4
2012,SS Tiwary,39,16.6,108.64958592132523,18.692307692307693,19
2012,SS Tiwary,40,16.8,107.17132505176001,18.7,1
2012,SS Tiwary,41,15.4,100.50465838509335,18.26829268292683,36
2012,SS Tiwary,42,19.2,103.25465838509335,18.69047619047619,21
2012,SS Tiwary,43,16.2,96.65619291194757,18.74418604651163,30
2013,SS Tiwary,44,21.4,107.44984370559837,19.0,25
2013,SS Tiwary,45,22.6,107.59477124183027,19.133333333333333,2
2013,SS Tiwary,46,22.8,107.59477124183027,18.76086956521739,21
2013,SS Tiwary,47,19.8,103.59477124183027,18.80851063829787,8
2013,SS Tiwary,48,17.2,96.66666666666686,18.583333333333332,52
2013,SS Tiwary,49,21.6,96.1111111111113,19.26530612244898,1
2015,SS Tiwary,50,16.8,86.11111111111128,18.9,24
2015,SS Tiwary,51,21.2,96.11111111111128,19.0,5
2015,SS Tiwary,52,18.0,96.11111111111128,18.73076923076923,28
2015,SS Tiwary,53,22.0,113.33333333333351,18.90566037735849,13
2015,SS Tiwary,54,14.2,115.30303030303048,18.796296296296298,26
2015,SS Tiwary,55,19.2,128.63636363636382,18.927272727272726,13
2016,SS Tiwary,56,17.0,127.5252525252527,18.821428571428573,1
2016,SS Tiwary,57,16.2,117.5252525252527,18.50877192982456,57
2016,SS Tiwary,58,22.0,106.2752525252527,19.17241379310345,21
2016,SS Tiwary,59,23.6,105.9722222222224,19.203389830508474,52
2016,SS Tiwary,60,28.8,110.1582687338503,19.75,9
2016,SS Tiwary,61,28.0,99.26937984496142,19.57377049180328,13
2016,SS Tiwary,62,30.4,110.93604651162809,19.467741935483872,17
2017,SS Tiwary,63,22.4,108.43604651162809,19.428571428571427,52
2020/21,SS Tiwary,64,28.6,107.71140883046867,19.9375,42
2020/21,SS Tiwary,65,26.6,110.62213651238915,20.276923076923076,1
2020/21,SS Tiwary,66,25.0,99.2888031790558,19.984848484848484,5
2020/21,SS Tiwary,67,23.4,90.12213651238915,19.761194029850746,21
2020/21,SS Tiwary,68,24.2,98.87213651238915,19.779411764705884,34
2021,SS Tiwary,69,20.6,103.46344086021523,19.985507246376812,5
2021,SS Tiwary,70,13.2,126.36666666666683,19.771428571428572,45
2021,SS Tiwary,71,22.0,144.0243243243245,20.12676056338028,50
2021,SS Tiwary,72,31.0,155.91456822676355,20.541666666666668,15
2007/08,ST Jayasuriya,5,17.2,121.96029716234338,17.2,34
2007/08,ST Jayasuriya,6,18.2,130.34265010351984,20.0,18
2007/08,ST Jayasuriya,7,17.8,115.00931677018653,19.714285714285715,54
2007/08,ST Jayasuriya,8,28.4,139.84448160535135,24.0,114
2007/08,ST Jayasuriya,9,47.6,167.2111756168362,34.0,48
2007/08,ST Jayasuriya,10,53.6,176.92546133112188,35.4,36
2007/08,ST Jayasuriya,11,54.0,179.42546133112188,35.45454545454545,20
2007/08,ST Jayasuriya,12,54.4,188.09212799778854,34.166666666666664,66
2007/08,ST Jayasuriya,13,56.8,189.73315363881417,36.61538461538461,38
2009,ST Jayasuriya,14,41.6,166.20146520146537,36.714285714285715,26
2009,ST Jayasuriya,15,37.2,146.48717948717967,36.0,1
2009,ST Jayasuriya,16,30.2,103.70940170940189,33.8125,52
2009,ST Jayasuriya,17,36.6,108.55788655788675,34.88235294117647,0
2009,ST Jayasuriya,18,23.4,79.22455322455342,32.94444444444444,6
2009,ST Jayasuriya,19,17.0,73.07070707070724,31.526315789473685,52
2009,ST Jayasuriya,20,22.2,70.70707070707088,32.55,5
2009,ST Jayasuriya,21,23.0,82.77056277056296,31.238095238095237,29
2009,ST Jayasuriya,22,18.4,70.58874458874477,31.136363636363637,4
2009,ST Jayasuriya,23,19.2,80.58874458874477,29.956521739130434,16
2009,ST Jayasuriya,24,21.2,81.80086580086598,29.375,30
2009,ST Jayasuriya,25,16.8,91.49783549783568,29.4,0
2009/10,ST Jayasuriya,26,15.8,77.21212121212139,28.26923076923077,23
2009/10,ST Jayasuriya,27,14.6,88.54545454545473,28.074074074074073,7
2009/10,ST Jayasuriya,28,15.2,91.27272727272745,27.321428571428573,2
2009/10,ST Jayasuriya,29,12.4,83.39393939393958,26.448275862068964,1
2012,STR Binny,5,13.0,98.05263157894754,13.0,27
2012,STR Binny,6,16.8,93.05263157894754,15.333333333333334,6
2012,STR Binny,7,12.0,92.05263157894754,14.0,7
2012,STR Binny,8,12.0,89.55263157894754,13.125,30
2013,STR Binny,9,14.0,103.79411764705901,15.0,40
2013,STR Binny,10,22.0,143.794117647059,17.5,14
2013,STR Binny,11,19.4,142.24866310160445,17.181818181818183,1
2013,STR Binny,12,18.4,122.24866310160446,15.833333333333334,0
2013,STR Binny,13,17.0,104.74866310160446,14.615384615384615,4
2013,STR Binny,14,11.8,89.45454545454564,13.857142857142858,33
2013,STR Binny,15,10.4,82.45454545454564,15.133333333333333,36
2013,STR Binny,16,14.8,88.30434782608714,16.4375,9
2013,STR Binny,17,16.4,102.30434782608714,16.0,6
2013,STR Binny,18,17.6,142.30434782608714,15.444444444444445,3
2013,STR Binny,19,17.4,134.30434782608714,14.789473684210526,32
2013,STR Binny,20,17.2,150.53511705685636,15.65,41
2013,STR Binny,21,18.2,153.39743589743608,16.857142857142858,37
2013,STR Binny,22,23.8,160.06410256410277,17.772727272727273,8
2013,STR Binny,23,24.2,140.06410256410277,17.347826086956523,2
2013,STR Binny,24,24.0,134.73076923076943,16.708333333333332,27
2014,STR Binny,25,23.0,115.50000000000018,17.12,48
2014,STR Binny,26,24.4,111.33333333333353,18.307692307692307,12
2014,STR Binny,27,19.4,116.66666666666683,18.074074074074073,8
2014,STR Binny,28,19.4,111.21212121212139,17.714285714285715,0
2014,STR Binny,29,19.0,104.54545454545473,17.103448275862068,11
2014,STR Binny,30,15.8,98.98989898989917,16.9,12
2014,STR Binny,31,8.6,81.6214779372676,16.741935483870968,1
2014,STR Binny,32,6.4,61.62147793726759,16.25,22
2014,STR Binny,33,9.2,72.95837633298952,16.424242424242426,0
2014,STR Binny,34,9.2,72.95837633298952,15.941176470588236,2
2014,STR Binny,35,7.4,52.51393188854506,15.542857142857143,7
2015,STR Binny,36,6.4,52.60962566844938,15.305555555555555,13
2015,STR Binny,37,8.8,56.29383619476516,15.243243243243244,1
2015,STR Binny,38,4.6,40.4114832535887,14.868421052631579,16
2015,STR Binny,39,7.8,63.26862611073155,14.897435897435898,12
2015,STR Binny,40,9.8,119.26862611073156,14.825,20
2015,STR Binny,41,12.4,126.54135338345881,14.951219512195122,9
2015,STR Binny,42,11.6,142.85714285714303,14.80952380952381,3
2015,STR Binny,43,12.0,152.85714285714303,14.534883720930232,0
2016,STR Binny,44,8.8,130.00000000000017,14.204545454545455,1
2016,STR Binny,45,6.6,80.00000000000018,13.911111111111111,16
2016,STR Binny,46,5.8,140.00000000000017,13.956521739130435,16
2016,STR Binny,47,7.2,136.66666666666683,14.0,21
2016,STR Binny,48,10.8,142.91666666666683,14.145833333333334,9
2017,STR Binny,49,12.6,168.63095238095258,14.040816326530612,11
2017,STR Binny,50,14.6,180.63095238095258,13.98,16
2017,STR Binny,51,14.6,117.47305764411047,14.019607843137255,18
2017,STR Binny,52,15.0,108.80639097744378,14.096153846153847,6
2017,STR Binny,53,12.0,112.55639097744378,13.943396226415095,18
2017,STR Binny,54,13.8,131.8421052631581,14.018518518518519,8
2017,STR Binny,55,13.2,127.61988304093586,13.909090909090908,1
2018,STR Binny,56,10.2,113.63492063492083,13.678571428571429,10
2018,STR Binny,57,8.6,120.6349206349208,13.614035087719298,11
2018,STR Binny,58,9.6,122.06349206349225,13.568965517241379,22
2018,STR Binny,59,10.4,102.94584500466871,13.711864406779661,1
2018,STR Binny,60,9.0,90.16806722689094,13.5,0
2019,STR Binny,61,8.8,87.31092436974808,13.278688524590164,33
2019,STR Binny,62,13.4,122.3109243697481,13.596774193548388,7
2019,STR Binny,63,12.6,125.88235294117666,13.492063492063492,19
2019,STR Binny,64,12.0,127.14285714285734,13.578125,11
2019,STR Binny,65,14.0,140.47619047619065,13.538461538461538,0
2013,SV Samson,5,37.4,137.51866490996946,37.4,0
2013,SV Samson,6,32.0,114.04040404040423,31.166666666666668,4
2013,SV Samson,7,20.2,104.04040404040423,27.285714285714285,5
2013,SV Samson,8,13.2,96.10389610389629,24.5,10
2013,SV Samson,9,13.2,72.29437229437248,22.88888888888889,0
2014,SV Samson,10,3.8,43.80952380952399,20.6,3
2014,SV Samson,11,4.4,50.47619047619066,19.0,52
2014,SV Samson,12,14.0,61.0644257703083,21.75,16
2014,SV Samson,13,16.2,66.77871148459401,21.307692307692307,2
2014,SV Samson,14,14.6,63.921568627451165,19.928571428571427,20
2014,SV Samson,15,18.6,83.92156862745117,19.933333333333334,34
2014,SV Samson,16,24.8,100.70317782285346,20.8125,37
2014,SV Samson,17,21.8,93.23994252873581,21.764705882352942,16
2014,SV Samson,18,21.8,92.0634719405005,21.444444444444443,13
2014,SV Samson,19,24.0,117.89680527383385,21.0,40
2014,SV Samson,20,28.0,127.52643490346347,21.95,2
2014,SV Samson,21,21.6,112.07815904139451,21.0,30
2014,SV Samson,22,20.2,109.64281421380831,21.40909090909091,74
2015,SV Samson,23,31.8,121.65261813537695,23.695652173913043,5
2015,SV Samson,24,30.2,105.8192848020436,22.916666666666668,11
2015,SV Samson,25,24.4,94.5229885057473,22.44,17
2015,SV Samson,26,27.4,107.77298850574729,22.23076923076923,26
2015,SV Samson,27,26.6,103.8575268817206,22.37037037037037,5
2015,SV Samson,28,12.8,123.02419354838727,21.75,4
2015,SV Samson,29,12.6,117.78609831029203,21.137931034482758,76
2015,SV Samson,30,25.6,131.79319050887358,22.966666666666665,21
2015,SV Samson,31,26.4,152.54319050887358,22.903225806451612,26
2015,SV Samson,32,26.4,164.6578858493754,23.0,8
2015,SV Samson,33,27.0,132.43566362715316,22.545454545454547,5
2016,SV Samson,34,27.2,133.50709219858174,22.029411764705884,15
2016,SV Samson,35,15.0,124.24358974358992,21.82857142857143,33
2016,SV Samson,36,17.4,102.24358974358992,22.13888888888889,9
2016,SV Samson,37,14.0,86.2118437118439,21.783783783783782,60
2016,SV Samson,38,24.4,91.963477698772,22.789473684210527,1
2016,SV Samson,39,23.6,82.79681103210534,22.23076923076923,15
2016,SV Samson,40,23.6,78.46988795518226,22.05,19
2016,SV Samson,41,20.8,87.70065718595148,21.975609756097562,20
2016,SV Samson,42,23.0,98.37292609351451,21.928571428571427,49
2016,SV Samson,43,20.8,102.84351432880862,22.558139534883722,34
2016,SV Samson,44,27.4,124.69536618066047,22.818181818181817,6
2016,SV Samson,45,25.6,116.85445708975139,22.444444444444443,10
2016,SV Samson,46,23.8,103.00830324359754,22.17391304347826,3
2016,SV Samson,47,20.4,94.47889147889165,21.76595744680851,17
2017,SV Samson,48,14.0,94.81222481222501,21.666666666666668,13
2017,SV Samson,49,9.8,91.29370629370648,21.489795918367346,102
2017,SV Samson,50,29.0,112.25961538461556,23.1,19
2017,SV Samson,51,30.8,117.98611111111131,23.019607843137255,39
2017,SV Samson,52,38.0,134.1861111111113,23.326923076923077,42
2017,SV Samson,53,43.0,131.30732323232343,23.67924528301887,9
2017,SV Samson,54,42.2,139.64065656565677,23.40740740740741,60
2017,SV Samson,55,33.8,139.3446039340778,24.072727272727274,5
2017,SV Samson,56,31.0,124.90015948963335,23.732142857142858,24
2017,SV Samson,57,28.0,118.9633173843702,23.736842105263158,61
2017,SV Samson,58,31.8,132.86361063950216,24.379310344827587,0
2017,SV Samson,59,30.0,102.86361063950217,23.966101694915253,10
2017,SV Samson,60,20.0,99.85609184250968,23.733333333333334,2
2017,SV Samson,61,19.4,103.18942517584301,23.37704918032787,0
2018,SV Samson,62,14.6,77.92626728110618,23.0,49
2018,SV Samson,63,12.2,61.36212624584736,23.41269841269841,37
2018,SV Samson,64,19.6,94.99848988221099,23.625,92
2018,SV Samson,65,36.0,106.42706131078242,24.676923076923078,7
2018,SV Samson,66,37.0,113.92706131078242,24.40909090909091,2
2018,SV Samson,67,37.4,127.26039464411573,24.074626865671643,52
2018,SV Samson,68,38.0,130.46969696969714,24.485294117647058,40
2018,SV Samson,69,38.6,123.50000000000018,24.71014492753623,3
2018,SV Samson,70,20.8,95.50000000000018,24.4,28
2018,SV Samson,71,25.0,102.3478260869567,24.450704225352112,22
2018,SV Samson,72,29.0,113.45893719806782,24.416666666666668,21
2018,SV Samson,73,22.8,105.71980676328522,24.36986301369863,26
2018,SV Samson,74,20.0,113.71980676328522,24.39189189189189,12
2018,SV Samson,75,21.8,125.71980676328522,24.226666666666667,0
2018,SV Samson,76,16.2,101.37198067632868,23.907894736842106,50
2019,SV Samson,77,21.8,103.24332570556844,24.246753246753247,30
2019,SV Samson,78,23.6,108.98245614035106,24.32051282051282,102
2019,SV Samson,79,38.8,110.10526315789494,25.303797468354432,8
2019,SV Samson,80,38.0,102.10526315789492,25.0875,6
2019,SV Samson,81,39.2,122.10526315789494,24.85185185185185,31
2019,SV Samson,82,35.4,118.75243664717368,24.926829268292682,27
2019,SV Samson,83,34.8,119.29789119262823,24.951807228915662,35
2019,SV Samson,84,21.4,120.35052277157558,25.071428571428573,22
2019,SV Samson,85,24.2,133.6838561049089,25.03529411764706,48
2019,SV Samson,86,32.6,141.11242753348034,25.302325581395348,28
2019,SV Samson,87,32.0,161.22638764744048,25.333333333333332,5
2020/21,SV Samson,88,27.6,147.79204421309703,25.102272727272727,74
2020/21,SV Samson,89,35.4,157.19993894993914,25.651685393258425,5
2020/21,SV Samson,90,32.0,138.9777167277169,25.42222222222222,8
2020/21,SV Samson,91,24.0,129.32692307692326,25.23076923076923,26
2020/21,SV Samson,92,23.6,107.05000000000018,25.23913043478261,0
2020/21,SV Samson,93,22.6,95.93888888888907,24.967741935483872,4
2020/21,SV Samson,94,8.6,76.35555555555574,24.74468085106383,36
2020/21,SV Samson,95,14.8,92.93675213675232,24.86315789473684,9
2020/21,SV Samson,96,15.0,105.15897435897455,24.697916666666668,85
2020/21,SV Samson,97,26.8,122.99533799533818,25.31958762886598,1
2020/21,SV Samson,98,27.0,127.99533799533818,25.071428571428573,0
2020/21,SV Samson,99,26.2,101.3286713286715,24.818181818181817,48
2020/21,SV Samson,100,28.6,112.03636363636383,25.05,54
2020/21,SV Samson,101,37.6,112.89350649350668,25.336633663366335,25
2021,SV Samson,102,25.6,102.03492063492082,25.333333333333332,119
2021,SV Samson,103,49.2,133.09552669552687,26.24271844660194,4
2021,SV Samson,104,50.0,159.76219336219356,26.028846153846153,1
2021,SV Samson,105,40.6,125.36219336219355,25.79047619047619,21
2021,SV Samson,106,34.0,116.61031366294542,25.745283018867923,42
2021,SV Samson,107,37.4,107.92344497607674,25.897196261682243,42
2021,SV Samson,108,22.0,101.86283891547068,26.046296296296298,48
2021,SV Samson,109,30.8,102.62474367737543,26.24770642201835,28
2021,SV Samson,110,36.2,121.95807701070878,26.263636363636362,3
2021,SV Samson,111,32.6,108.4242424242426,26.054054054054053,70
2021,SV Samson,112,38.2,113.47126436781627,26.446428571428573,82
2021,SV Samson,113,46.2,111.2678745373078,26.938053097345133,19
2021,SV Samson,114,40.4,109.17263644206972,26.86842105263158,1
2021,SV Samson,115,35.0,90.83930310873637,26.643478260869564,4
2022,SV Samson,116,35.2,98.26787453730779,26.448275862068964,55
2022,SV Samson,117,32.2,112.06097798558366,26.692307692307693,30
2022,SV Samson,118,21.8,112.83579638752072,26.720338983050848,8
2022,SV Samson,119,19.6,107.50246305418736,26.563025210084035,13
2022,SV Samson,120,22.0,124.16912972085404,26.45,11
2022,SV Samson,121,23.4,128.16912972085404,26.322314049586776,38
2022,SV Samson,122,20.0,128.2380952380954,26.418032786885245,46
2022,SV Samson,123,23.2,141.48484848484867,26.577235772357724,27
2022,SV Samson,124,27.0,146.0303030303032,26.580645161290324,16
2022,SV Samson,125,27.6,170.07792207792224,26.496,54
2022,SV Samson,126,36.2,171.67792207792223,26.714285714285715,23
2022,SV Samson,127,33.2,172.0112554112556,26.68503937007874,6
2022,SV Samson,128,25.2,160.19307359307376,26.5234375,32
2022,SV Samson,129,26.2,161.24761904761922,26.565891472868216,15
2022,SV Samson,130,26.0,130.53333333333353,26.476923076923075,47
2022,SV Samson,131,24.6,145.08717948717967,26.633587786259543,23
2022,SV Samson,132,24.6,128.65860805860822,26.606060606060606,14
2023,SV Samson,133,26.2,124.1131535131537,26.51127819548872,55
2023,SV Samson,134,30.8,131.84648684648704,26.723880597014926,42
2023,SV Samson,135,36.2,149.15417915417933,26.83703703703704,0
2023,SV Samson,136,26.8,113.0003330003332,26.639705882352942,0
2023,SV Samson,137,22.2,91.09557109557129,26.445255474452555,60
2023,SV Samson,138,31.4,103.14102564102583,26.68840579710145,2
2023,SV Samson,139,20.8,79.80769230769249,26.510791366906474,22
2023,SV Samson,140,16.8,76.83333333333351,26.478571428571428,17
2023,SV Samson,141,20.2,95.7222222222224,26.411347517730498,14
2023,SV Samson,142,23.0,121.17676767676785,26.323943661971832,30
2023,SV Samson,143,17.0,113.67676767676785,26.34965034965035,66
2023,SV Samson,144,29.8,138.41360978203102,26.625,48
2023,SV Samson,145,35.0,142.18372472455977,26.77241379310345,4
2023,SV Samson,146,32.4,139.29483583567088,26.616438356164384,2
2024,SV Samson,147,30.0,127.17362371445874,26.448979591836736,82
2024,SV Samson,148,40.4,128.11701994087383,26.824324324324323,15
2024,SV Samson,149,30.2,113.38017783561068,26.74496644295302,12
2024,SV Samson,150,23.0,100.2767295597486,26.64666666666667,69
2024,SV Samson,151,36.0,116.36975281556256,26.927152317880793,68
2024,SV Samson,152,49.2,134.66432645897345,27.19736842105263,18
2024,SV Samson,153,36.4,129.43521594684404,27.137254901960784,12
2024,SV Samson,154,35.8,139.43521594684404,27.038961038961038,38
2024,SV Samson,155,41.0,146.57807308970118,27.10967741935484,71
2024,SV Samson,156,41.4,155.0564784053158,27.391025641025642,0
2024,SV Samson,157,27.8,123.4285714285716,27.21656050955414,86
2024,SV Samson,158,41.4,130.79120879120896,27.588607594936708,15
2024,SV Samson,159,42.0,115.79120879120896,27.50943396226415,18
2024,SV Samson,160,38.0,112.64835164835183,27.45,17
2024,SV Samson,161,27.2,96.36263736263754,27.385093167701864,10
2017,SW Billings,5,22.6,112.98245614035105,22.6,24
2017,SW Billings,6,16.6,106.48090815273497,22.833333333333332,55
2017,SW Billings,7,22.8,105.07488232777082,27.428571428571427,21
2017,SW Billings,8,25.8,116.44743134737867,26.625,13
2017,SW Billings,9,27.6,132.00298690293423,25.11111111111111,0
2018,SW Billings,10,22.6,105.68719742925,22.6,56
2018,SW Billings,11,29.0,129.11969170842622,25.636363636363637,9
2018,SW Billings,12,19.8,124.79042341574329,24.25,3
2018,SW Billings,13,16.2,108.6559696342307,22.615384615384617,9
2018,SW Billings,14,15.4,105.48136645962752,21.642857142857142,3
2018,SW Billings,15,16.0,117.48136645962752,20.4,27
2018,SW Billings,16,10.2,93.33116883116902,20.8125,1
2018,SW Billings,17,8.6,74.83116883116902,19.647058823529413,0
2019,SW Billings,18,8.0,66.25974025974045,18.555555555555557,0
2022,SW Billings,19,6.2,40.54545454545473,17.57894736842105,25
2022,SW Billings,20,10.6,51.27272727272746,17.95,14
2022,SW Billings,21,8.0,45.39393939393957,17.761904761904763,24
2022,SW Billings,22,12.6,62.26350461133088,18.045454545454547,17
2022,SW Billings,23,16.0,90.5968379446642,18.0,15
2022,SW Billings,24,19.0,123.93017127799756,17.875,4
2022,SW Billings,25,14.8,117.20289855072483,17.32,34
2022,SW Billings,26,18.8,120.47171575502591,17.96153846153846,36
2016,Sachin Baby,5,20.8,137.62884516916793,20.8,0
2016,Sachin Baby,6,20.2,129.05741659773935,17.333333333333332,18
2017,Sachin Baby,7,18.4,131.30741659773935,17.428571428571427,1
2017,Sachin Baby,8,15.4,102.41852770885048,15.375,2
2017,Sachin Baby,9,9.2,91.12820512820531,13.88888888888889,12
2021,Sachin Baby,10,6.6,76.66666666666686,13.7,7
2007/08,Salman Butt,5,29.0,101.33029381965571,29.0,24
2007/08,Salman Butt,6,32.4,105.64847563783754,28.166666666666668,24
2016,Sandeep Sharma,5,2.2,48.555555555555735,2.2,1
2016,Sandeep Sharma,6,2.4,58.555555555555735,2.0,1
2016,Sandeep Sharma,7,2.2,70.55555555555574,1.8571428571428572,1
2016,Sandeep Sharma,8,2.2,85.55555555555574,1.75,5
2017,Sandeep Sharma,9,3.0,85.55555555555574,2.111111111111111,2
2017,Sandeep Sharma,10,2.0,90.00000000000018,2.1,5
2018,Sandeep Sharma,11,2.8,100.0,2.3636363636363638,0
2018,Sandeep Sharma,12,2.6,80.00000000000018,2.1666666666666665,0
2018,Sandeep Sharma,13,2.4,60.000000000000185,2.0,0
2019,Sandeep Sharma,14,1.4,40.000000000000185,1.8571428571428572,5
2019,Sandeep Sharma,15,2.0,70.00000000000018,2.066666666666667,1
2020/21,Sandeep Sharma,16,1.2,60.000000000000185,2.0,0
2020/21,Sandeep Sharma,17,1.2,60.000000000000185,1.8823529411764706,1
2020/21,Sandeep Sharma,18,1.4,70.00000000000018,1.8333333333333333,9
2020/21,Sandeep Sharma,19,3.2,100.00000000000018,2.210526315789474,0
2020/21,Sandeep Sharma,20,2.2,50.000000000000185,2.1,2
2021,Sandeep Sharma,21,2.4,50.000000000000185,2.0952380952380953,8
2021,Sandeep Sharma,22,4.0,76.66666666666684,2.3636363636363638,0
2023,Sandeep Sharma,23,3.8,66.66666666666684,2.260869565217391,2
2023,Sandeep Sharma,24,2.4,43.333333333333506,2.25,0
2021,Shahbaz Ahmed,5,6.4,109.21212121212139,6.4,14
2021,Shahbaz Ahmed,6,9.0,120.32323232323252,7.666666666666667,1
2021,Shahbaz Ahmed,7,9.0,120.32323232323249,6.714285714285714,13
2022,Shahbaz Ahmed,8,8.8,109.65656565656585,7.5,27
2022,Shahbaz Ahmed,9,12.6,120.82539682539701,9.666666666666666,45
2022,Shahbaz Ahmed,10,20.0,112.96825396825416,13.2,41
2022,Shahbaz Ahmed,11,25.4,109.19047619047637,15.727272727272727,32
2022,Shahbaz Ahmed,12,31.6,128.1238095238097,17.083333333333332,26
2022,Shahbaz Ahmed,13,34.2,131.59047619047638,17.76923076923077,7
2022,Shahbaz Ahmed,14,30.2,116.64542124542143,17.0,17
2022,Shahbaz Ahmed,15,24.6,97.09515669515687,17.0,2
2022,Shahbaz Ahmed,16,16.8,89.76182336182356,16.0625,1
2022,Shahbaz Ahmed,17,10.6,74.16182336182355,15.176470588235293,9
2022,Shahbaz Ahmed,18,7.2,66.21896621896641,14.833333333333334,12
2023,Shahbaz Ahmed,19,8.2,79.44973544973564,14.68421052631579,1
2023,Shahbaz Ahmed,20,5.0,70.85714285714303,14.0,20
2023,Shahbaz Ahmed,21,8.6,79.4285714285716,14.285714285714286,12
2023,Shahbaz Ahmed,22,10.8,93.4285714285716,14.181818181818182,5
2023,Shahbaz Ahmed,23,10.0,113.90476190476208,13.782608695652174,2
2023,Shahbaz Ahmed,24,8.0,99.90476190476208,13.291666666666666,2
2024,Shahbaz Ahmed,25,8.2,103.90476190476208,12.84,16
2024,Shahbaz Ahmed,26,7.4,139.3333333333335,12.961538461538462,22
2024,Shahbaz Ahmed,27,9.4,137.3333333333335,13.296296296296296,18
2024,Shahbaz Ahmed,28,12.0,122.9473684210528,13.464285714285714,14
2024,Shahbaz Ahmed,29,14.4,147.9473684210528,13.482758620689655,59
2024,Shahbaz Ahmed,30,25.8,180.6370235934666,15.0,40
2024,Shahbaz Ahmed,31,30.6,137.14984410628713,15.806451612903226,7
2024,Shahbaz Ahmed,32,27.6,143.14984410628708,15.53125,10
2024,Shahbaz Ahmed,33,26.0,140.86914235190113,15.363636363636363,3
2024,Shahbaz Ahmed,34,23.8,115.86914235190113,15.0,0
2024,Shahbaz Ahmed,35,12.0,75.17948717948734,14.571428571428571,18
2024,Shahbaz Ahmed,36,7.6,71.0303030303032,14.666666666666666,8
2007/08,Shahid Afridi,5,9.2,166.19047619047637,9.2,33
2007/08,Shahid Afridi,6,15.4,207.6190476190478,13.166666666666666,0
2007/08,Shahid Afridi,7,13.4,157.6190476190478,11.285714285714286,1
2007/08,Shahid Afridi,8,11.0,130.47619047619065,10.0,1
2012,Shakib Al Hasan,5,9.8,103.92156862745114,9.8,4
2012,Shakib Al Hasan,6,10.2,105.92156862745114,8.833333333333334,13
2012,Shakib Al Hasan,7,12.6,105.92156862745114,9.428571428571429,42
2012,Shakib Al Hasan,8,15.8,103.33333333333351,13.5,1
2012,Shakib Al Hasan,9,15.2,96.66666666666684,12.11111111111111,11
2014,Shakib Al Hasan,10,14.2,96.09523809523826,12.0,1
2014,Shakib Al Hasan,11,13.6,92.76190476190492,11.0,30
2014,Shakib Al Hasan,12,17.0,100.03463203463221,12.583333333333334,31
2014,Shakib Al Hasan,13,14.8,101.55844155844173,14.0,0
2014,Shakib Al Hasan,14,14.6,94.89177489177504,13.0,21
2014,Shakib Al Hasan,15,16.6,91.46320346320363,13.533333333333333,9
2014,Shakib Al Hasan,16,18.2,107.29653679653697,13.25,46
2014,Shakib Al Hasan,17,21.4,123.83333333333351,15.176470588235293,60
2014,Shakib Al Hasan,18,27.2,125.07875457875475,17.666666666666668,1
2014,Shakib Al Hasan,19,27.4,129.07875457875474,16.789473684210527,18
2014,Shakib Al Hasan,20,26.8,121.07875457875475,16.85,12
2015,Shakib Al Hasan,21,27.4,132.86446886446905,16.61904761904762,0
2015,Shakib Al Hasan,22,18.2,89.05494505494524,15.863636363636363,23
2015,Shakib Al Hasan,23,10.8,87.03571428571445,16.17391304347826,13
2016,Shakib Al Hasan,24,13.2,101.60714285714303,16.041666666666668,11
2016,Shakib Al Hasan,25,11.8,96.27380952380969,15.84,3
2016,Shakib Al Hasan,26,10.0,68.65476190476208,15.346153846153847,6
2016,Shakib Al Hasan,27,11.2,98.65476190476208,15.0,66
2016,Shakib Al Hasan,28,19.8,96.30476190476209,16.821428571428573,18
2016,Shakib Al Hasan,29,20.8,107.7333333333335,16.862068965517242,3
2016,Shakib Al Hasan,30,19.2,100.56666666666683,16.4,7
2017,Shakib Al Hasan,31,20.0,107.90000000000016,16.096774193548388,1
2018,Shakib Al Hasan,32,19.0,97.90000000000016,15.625,12
2018,Shakib Al Hasan,33,8.2,91.50000000000016,15.515151515151516,27
2018,Shakib Al Hasan,34,10.0,87.21428571428588,15.852941176470589,24
2018,Shakib Al Hasan,35,14.2,111.7142857142859,16.085714285714285,24
2018,Shakib Al Hasan,36,17.6,122.97744360902273,16.305555555555557,2
2018,Shakib Al Hasan,37,17.8,112.97744360902273,15.91891891891892,28
2018,Shakib Al Hasan,38,21.0,111.6441102756894,16.236842105263158,6
2018,Shakib Al Hasan,39,16.8,105.92982456140366,15.974358974358974,35
2018,Shakib Al Hasan,40,19.0,94.51805985552133,16.45,8
2018,Shakib Al Hasan,41,15.8,95.92156862745114,16.24390243902439,10
2018,Shakib Al Hasan,42,17.4,114.49299719887972,16.095238095238095,12
2018,Shakib Al Hasan,43,14.2,119.82633053221305,16.0,28
2018,Shakib Al Hasan,44,18.6,123.15966386554639,16.272727272727273,23
2019,Shakib Al Hasan,45,16.2,133.2380952380954,16.42222222222222,9
2021,Shakib Al Hasan,46,16.4,122.93506493506511,16.26086956521739,3
2021,Shakib Al Hasan,47,15.0,104.36363636363653,15.97872340425532,9
2021,Shakib Al Hasan,48,14.4,100.36363636363653,15.833333333333334,26
2021,Shakib Al Hasan,49,14.0,97.83030303030321,16.040816326530614,9
2021,Shakib Al Hasan,50,11.2,97.16363636363653,15.9,0
2021,Shakib Al Hasan,51,9.4,80.80000000000017,15.588235294117647,0
2024,Shashank Singh,5,13.8,174.2063492063494,13.8,0
2024,Shashank Singh,6,8.8,90.87301587301604,11.5,21
2024,Shashank Singh,7,10.0,121.94444444444461,12.857142857142858,9
2024,Shashank Singh,8,9.8,114.32539682539698,12.375,61
2024,Shashank Singh,9,20.4,137.21428571428586,17.77777777777778,46
2024,Shashank Singh,10,27.4,152.95502645502663,20.6,9
2024,Shashank Singh,11,29.2,172.95502645502663,19.545454545454547,41
2024,Shashank Singh,12,33.2,148.73088852399215,21.333333333333332,8
2024,Shashank Singh,13,33.0,136.34993614303977,20.307692307692307,68
2024,Shashank Singh,14,34.4,142.57982120051102,23.714285714285715,25
2024,Shashank Singh,15,30.2,127.02426564495548,23.8,27
2024,Shashank Singh,16,33.8,132.73855135924117,24.0,37
2024,Shashank Singh,17,33.0,143.41005771132828,24.764705882352942,0
2024,Shashank Singh,18,31.4,130.07672437799494,23.38888888888889,2
2020/21,Shivam Mavi,5,4.4,65.50000000000017,4.4,1
2021,Shivam Mavi,6,3.2,54.666666666666835,3.8333333333333335,5
2021,Shivam Mavi,7,4.2,68.95238095238112,4.0,20
2022,Shivam Mavi,8,7.0,67.5238095238097,6.0,0
2022,Shivam Mavi,9,7.0,67.5238095238097,5.333333333333333,2
2022,Shivam Mavi,10,5.6,59.5238095238097,5.0,1
2018,Shubman Gill,5,13.0,134.18390804597718,13.0,57
2018,Shubman Gill,6,23.8,158.32805219012133,20.333333333333332,7
2018,Shubman Gill,7,24.0,162.32805219012135,18.428571428571427,16
2018,Shubman Gill,8,24.4,174.32805219012135,18.125,28
2018,Shubman Gill,9,22.6,181.7519872813992,19.22222222222222,30
2019,Shubman Gill,10,27.6,161.7519872813992,20.3,18
2019,Shubman Gill,11,19.8,166.94117647058837,20.09090909090909,4
2019,Shubman Gill,12,19.2,154.94117647058837,18.75,3
2019,Shubman Gill,13,16.6,134.94117647058837,17.53846153846154,6
2019,Shubman Gill,14,12.2,112.90909090909108,16.714285714285715,9
2019,Shubman Gill,15,8.0,97.90909090909108,16.2,65
2019,Shubman Gill,16,17.4,94.40909090909108,19.25,15
2019,Shubman Gill,17,19.6,93.40909090909108,19.0,9
2019,Shubman Gill,18,20.8,89.77272727272745,18.444444444444443,3
2019,Shubman Gill,19,20.2,93.86363636363653,17.63157894736842,14
2019,Shubman Gill,20,21.2,98.86363636363653,17.45,76
2019,Shubman Gill,21,23.4,99.4071146245061,20.238095238095237,65
2019,Shubman Gill,22,33.4,110.40711462450611,22.272727272727273,9
2020/21,Shubman Gill,23,33.4,105.29347826086973,21.695652173913043,1
2020/21,Shubman Gill,24,33.0,93.1506211180126,20.833333333333332,9
2020/21,Shubman Gill,25,32.0,95.6506211180126,20.36,11
2020/21,Shubman Gill,26,19.0,79.53021978021995,20.0,47
2020/21,Shubman Gill,27,15.4,80.3873626373628,21.0,7
2020/21,Shubman Gill,28,15.0,81.86463536463553,20.5,36
2020/21,Shubman Gill,29,22.0,98.46695196695214,21.03448275862069,28
2020/21,Shubman Gill,30,25.8,100.31477805390867,21.266666666666666,57
2020/21,Shubman Gill,31,35.0,108.1743098264839,22.419354838709676,57
2020/21,Shubman Gill,32,37.0,105.57248611827724,23.5,21
2020/21,Shubman Gill,33,39.8,108.99905954485067,23.424242424242426,36
2020/21,Shubman Gill,34,39.8,119.5396000853912,23.794117647058822,26
2020/21,Shubman Gill,35,39.4,125.78000929255231,23.857142857142858,34
2020/21,Shubman Gill,36,34.8,128.19740059690014,24.13888888888889,70
2021,Shubman Gill,37,37.4,126.16430367018617,25.37837837837838,15
2021,Shubman Gill,38,36.2,133.0873805932631,25.105263157894736,33
2021,Shubman Gill,39,35.6,130.5873805932631,25.307692307692307,21
2021,Shubman Gill,40,34.6,141.99914529914548,25.2,0
2021,Shubman Gill,41,27.8,114.79914529914547,24.585365853658537,11
2021,Shubman Gill,42,16.0,104.15587044534432,24.261904761904763,9
2021,Shubman Gill,43,14.8,103.57894736842123,23.906976744186046,43
2021,Shubman Gill,44,16.8,98.71052631578964,24.34090909090909,48
2021,Shubman Gill,45,22.2,82.65647226173559,24.866666666666667,30
2021,Shubman Gill,46,28.2,100.83829044355377,24.97826086956522,13
2021,Shubman Gill,47,28.6,118.1482319640216,24.72340425531915,9
2021,Shubman Gill,48,28.6,131.6482319640216,24.395833333333332,7
2021,Shubman Gill,49,21.4,126.51665301665318,24.040816326530614,56
2021,Shubman Gill,50,23.0,124.40049430474978,24.68,57
2021,Shubman Gill,51,28.4,128.57161729940222,25.313725490196077,29
2021,Shubman Gill,52,31.6,131.90495063273553,25.384615384615383,46
2021,Shubman Gill,53,39.0,115.07161729940222,25.77358490566038,51
2022,Shubman Gill,54,47.8,119.74553034288047,26.24074074074074,0
2022,Shubman Gill,55,36.6,95.91574310883792,25.763636363636362,84
2022,Shubman Gill,56,42.0,108.56280193236732,26.803571428571427,96
2022,Shubman Gill,57,55.4,107.81598954621067,28.017543859649123,7
2022,Shubman Gill,58,47.6,102.649322879544,27.655172413793103,13
2022,Shubman Gill,59,40.0,99.04683840749432,27.406779661016948,0
2022,Shubman Gill,60,40.0,99.04683840749432,26.95,7
2022,Shubman Gill,61,24.6,92.04683840749432,26.62295081967213,22
2022,Shubman Gill,62,9.8,78.17142857142873,26.548387096774192,31
2022,Shubman Gill,63,14.6,85.55073891625632,26.61904761904762,9
2022,Shubman Gill,64,13.8,96.97931034482775,26.34375,52
2022,Shubman Gill,65,24.2,125.86819923371664,26.73846153846154,63
2022,Shubman Gill,66,35.4,123.06819923371663,27.28787878787879,18
2022,Shubman Gill,67,34.6,126.64466982195192,27.149253731343283,1
2022,Shubman Gill,68,28.6,110.26535947712435,26.764705882352942,35
2022,Shubman Gill,69,33.8,112.08354129530616,26.884057971014492,45
2023,Shubman Gill,70,32.4,104.1248849645568,27.142857142857142,63
2023,Shubman Gill,71,32.4,113.92488496455681,27.64788732394366,14
2023,Shubman Gill,72,31.6,114.28687591478305,27.458333333333332,39
2023,Shubman Gill,73,39.2,132.9232395511467,27.616438356164384,67
2023,Shubman Gill,74,45.6,128.45199650847508,28.14864864864865,45
2023,Shubman Gill,75,45.6,133.99235218562967,28.373333333333335,0
2023,Shubman Gill,76,33.0,98.99235218562967,28.0,56
2023,Shubman Gill,77,41.4,108.56500175827924,28.363636363636363,49
2023,Shubman Gill,78,43.4,112.15086034413783,28.628205128205128,6
2023,Shubman Gill,79,31.2,101.94677871148477,28.341772151898734,36
2023,Shubman Gill,80,29.4,96.04761904761922,28.4375,94
2023,Shubman Gill,81,48.2,131.51931716082677,29.246913580246915,6
2023,Shubman Gill,82,38.2,113.74153938304899,28.963414634146343,101
2023,Shubman Gill,83,48.6,120.75660529642,29.83132530120482,104
2023,Shubman Gill,84,68.2,140.75660529642,30.714285714285715,42
2023,Shubman Gill,85,69.4,140.67298160304023,30.847058823529412,129
2023,Shubman Gill,86,76.4,146.1536644422136,31.988372093023255,39
2024,Shubman Gill,87,83.0,171.82033110888028,32.06896551724138,31
2024,Shubman Gill,88,69.0,164.5395647124175,32.05681818181818,8
2024,Shubman Gill,89,49.8,159.39670756956033,31.786516853932586,36
2024,Shubman Gill,90,48.6,164.6231884057973,31.833333333333332,89
2024,Shubman Gill,91,40.6,160.75414078674964,32.46153846153846,19
2024,Shubman Gill,92,36.6,139.84937888198778,32.31521739130435,72
2024,Shubman Gill,93,44.8,144.8928571428573,32.74193548387097,8
2024,Shubman Gill,94,44.8,139.559523809524,32.47872340425532,35
2024,Shubman Gill,95,44.6,137.98316912972103,32.50526315789474,6
2024,Shubman Gill,96,28.0,124.89983579638768,32.229166666666664,16
2024,Shubman Gill,97,27.4,123.64670296430748,32.06185567010309,2
2024,Shubman Gill,98,13.4,96.64670296430748,31.755102040816325,104
2023,Sikandar Raza,5,23.0,107.53746253746272,23.0,13
2023,Sikandar Raza,6,22.4,115.4220779220781,21.333333333333332,11
2024,Sikandar Raza,7,24.4,132.9220779220781,19.857142857142858,15
2024,Sikandar Raza,8,26.4,136.28342245989322,19.25,28
2024,Swapnil Singh,5,5.2,81.76470588235311,5.2,15
2024,Swapnil Singh,6,8.2,115.09803921568646,6.833333333333333,1
2024,Swapnil Singh,7,8.0,115.09803921568646,6.0,0
2024,Swapnil Singh,8,6.0,103.33333333333348,5.25,9
2024,T Stubbs,5,6.4,61.54761904761922,6.4,44
2024,T Stubbs,6,15.2,98.21428571428588,12.666666666666666,0
2024,T Stubbs,7,14.8,78.21428571428588,10.857142857142858,54
2024,T Stubbs,8,24.6,100.94155844155861,16.25,71
2024,T Stubbs,9,34.8,138.6939393939396,22.333333333333332,15
2024,T Stubbs,10,36.8,159.5272727272729,21.6,10
2024,T Stubbs,11,30.0,141.0424242424244,20.545454545454547,26
2024,T Stubbs,12,35.2,215.3281385281387,21.0,48
2024,T Stubbs,13,34.0,216.88658008658027,23.076923076923077,4
2024,T Stubbs,14,20.6,171.51515151515167,21.714285714285715,41
2024,T Stubbs,15,25.8,179.18181818181833,23.0,3
2024,T Stubbs,16,24.4,176.00000000000017,21.75,57
2021,TA Boult,5,2.4,72.50000000000016,2.4,1
2021,TA Boult,6,1.6,80.00000000000016,2.1666666666666665,0
2022,TA Boult,7,1.6,80.00000000000016,1.8571428571428572,1
2022,TA Boult,8,1.6,80.00000000000016,1.75,2
2022,TA Boult,9,0.8,80.00000000000016,1.7777777777777777,5
2022,TA Boult,10,1.8,94.28571428571445,2.1,1
2022,TA Boult,11,1.8,94.28571428571445,2.0,3
2022,TA Boult,12,2.4,109.28571428571445,2.0833333333333335,17
2022,TA Boult,13,5.6,127.06349206349223,3.230769230769231,11
2023,TA Boult,14,7.4,118.49206349206365,3.7857142857142856,0
2023,TA Boult,15,6.4,104.20634920634936,3.533333333333333,0
2023,TA Boult,16,6.2,84.20634920634936,3.3125,15
2023,TA Boult,17,8.6,92.28327228327244,4.0,1
2024,TA Boult,18,5.4,64.50549450549467,3.8333333333333335,0
2024,TA Boult,19,3.2,33.07692307692323,3.6315789473684212,2
2024,TA Boult,20,3.6,46.410256410256565,3.55,12
2024,TA Boult,21,6.0,73.07692307692324,3.9523809523809526,0
2016,TG Southee,5,8.6,140.66666666666683,8.6,3
2016,TG Southee,6,8.4,135.66666666666683,7.666666666666667,1
2017,TG Southee,7,7.2,107.33333333333348,6.714285714285714,7
2018,TG Southee,8,7.4,130.00000000000017,6.75,1
2018,TG Southee,9,2.6,98.33333333333348,6.111111111111111,36
2018,TG Southee,10,9.6,106.02564102564118,9.1,1
2018,TG Southee,11,9.2,111.02564102564118,8.363636363636363,14
2019,TG Southee,12,11.8,120.82956259426865,8.833333333333334,9
2021,TG Southee,13,12.2,94.16289592760197,8.846153846153847,3
2022,TG Southee,14,12.6,96.16289592760197,8.428571428571429,1
2022,TG Southee,15,5.6,72.47058823529429,7.933333333333334,1
2022,TG Southee,16,5.6,72.47058823529429,7.5,0
2022,TG Southee,17,2.8,56.000000000000156,7.0588235294117645,0
2022,TG Southee,18,1.0,36.000000000000156,6.666666666666667,0
2022,TH David,5,15.6,123.33333333333348,15.6,13
2022,TH David,6,18.0,145.5555555555557,15.166666666666666,16
2022,TH David,7,18.8,161.2698412698414,15.285714285714286,46
2022,TH David,8,27.8,200.60317460317475,19.125,34
2023,TH David,9,30.6,217.26984126984144,20.77777777777778,4
2023,TH David,10,22.6,187.26984126984144,19.1,31
2023,TH David,11,26.2,186.5627705627707,20.181818181818183,13
2023,TH David,12,25.6,164.48484848484864,19.583333333333332,24
2023,TH David,13,21.2,152.77056277056292,19.923076923076923,16
2023,TH David,14,17.6,125.19480519480535,19.642857142857142,25
2023,TH David,15,21.8,153.65634365634384,20.0,0
2023,TH David,16,15.6,125.47452547452565,18.75,45
2023,TH David,17,22.0,161.838161838162,20.294117647058822,19
2023,TH David,18,21.0,165.55244755244772,20.22222222222222,2
2023,TH David,19,18.2,144.46153846153862,19.263157894736842,0
2023,TH David,20,13.2,106.00000000000016,18.3,5
2023,TH David,21,14.2,139.33333333333348,17.666666666666668,32
2023,TH David,22,11.6,109.80952380952397,18.318181818181817,13
2023,TH David,23,10.4,88.05952380952397,18.08695652173913,2
2024,TH David,24,10.4,93.39285714285731,17.416666666666668,11
2024,TH David,25,12.6,113.3928571428573,17.16,42
2024,TH David,26,20.0,115.05952380952397,18.115384615384617,17
2024,TH David,27,17.0,97.66025641025655,18.074074074074073,45
2024,TH David,28,23.4,120.54069119286525,19.035714285714285,13
2024,TH David,29,25.6,150.54069119286527,18.82758620689655,14
2024,TH David,30,26.2,158.54069119286527,18.666666666666668,3
2024,TH David,31,18.4,132.11211976429382,18.161290322580644,37
2024,TH David,32,22.4,157.9825651084234,18.75,35
2024,TH David,33,20.4,157.74101921470358,19.242424242424242,24
2024,TH David,34,22.6,137.2648287385131,19.38235294117647,0
2020/21,TK Curran,5,6.6,71.39869281045767,6.6,54
2020/21,TK Curran,6,17.0,93.39869281045767,14.5,15
2020/21,TK Curran,7,19.6,97.71241830065375,14.571428571428571,4
2021,TK Curran,8,20.2,171.0457516339871,13.25,21
2021,TK Curran,9,20.8,176.1192810457518,14.11111111111111,0
2009,TL Suman,5,25.6,141.84269241195253,25.6,29
2009,TL Suman,6,26.8,139.5118653442834,26.166666666666668,3
2009,TL Suman,7,19.2,120.56025244105759,22.857142857142858,31
2009,TL Suman,8,22.0,126.39358577439089,23.875,0
2009,TL Suman,9,18.0,95.62435500516013,21.22222222222222,12
2009,TL Suman,10,15.0,83.85964912280718,20.3,24
2009,TL Suman,11,14.0,72.5333333333335,20.636363636363637,10
2009/10,TL Suman,12,15.4,81.70000000000016,19.75,7
2009/10,TL Suman,13,10.6,69.86666666666683,18.76923076923077,10
2009/10,TL Suman,14,12.6,109.86666666666683,18.142857142857142,26
2009/10,TL Suman,15,15.4,113.50303030303046,18.666666666666668,29
2009/10,TL Suman,16,16.4,124.82934609250415,19.3125,9
2009/10,TL Suman,17,16.2,119.41267942583747,18.705882352941178,15
2009/10,TL Suman,18,17.8,123.05973824936689,18.5,15
2009/10,TL Suman,19,18.8,110.33246552209417,18.31578947368421,11
2009/10,TL Suman,20,15.8,99.63727835631877,17.95,78
2009/10,TL Suman,21,25.6,95.55164053294678,20.80952380952381,55
2009/10,TL Suman,22,34.8,109.30164053294678,22.363636363636363,0
2009/10,TL Suman,23,31.8,91.65458170941737,21.391304347826086,43
2009/10,TL Suman,24,37.4,90.44246049729615,22.291666666666668,5
2009/10,TL Suman,25,36.2,94.16795069337459,21.6,4
2011,TL Suman,26,21.4,87.72727272727289,20.923076923076923,36
2011,TL Suman,27,17.6,107.72727272727289,21.48148148148148,4
2011,TL Suman,28,18.4,123.72727272727289,20.857142857142858,14
2011,TL Suman,29,12.6,116.33333333333348,20.620689655172413,5
2011,TL Suman,30,12.6,116.33333333333348,20.1,4
2011,TL Suman,31,12.6,116.33333333333348,19.580645161290324,2
2012,TL Suman,32,5.8,77.0476190476192,19.03125,5
2012,TL Suman,33,6.0,72.15873015873032,18.606060606060606,10
2013,TL Suman,34,5.2,73.49206349206365,18.352941176470587,6
2013,TL Suman,35,5.4,65.39682539682556,18.0,23
2013,TL Suman,36,9.2,76.06349206349223,18.13888888888889,12
2013,TL Suman,37,11.2,87.49206349206365,17.972972972972972,0
2013,TL Suman,38,10.2,76.38095238095254,17.5,11
2007/08,TM Dilshan,5,14.2,138.31578947368436,14.2,0
2007/08,TM Dilshan,6,10.6,114.31578947368436,11.833333333333334,33
2009,TM Dilshan,7,12.2,118.00000000000016,14.857142857142858,50
2009,TM Dilshan,8,19.0,101.70370370370388,19.25,67
2009,TM Dilshan,9,30.8,102.38397581254742,24.555555555555557,7
2009,TM Dilshan,10,31.4,108.38397581254742,22.8,52
2009,TM Dilshan,11,41.8,128.7761326752925,25.454545454545453,13
2009,TM Dilshan,12,37.8,118.7761326752925,24.416666666666668,42
2009,TM Dilshan,13,36.2,105.73909563825546,25.76923076923077,17
2009,TM Dilshan,14,26.2,95.39215686274528,25.142857142857142,1
2009,TM Dilshan,15,25.0,88.05882352941192,23.533333333333335,37
2009,TM Dilshan,16,22.0,106.61403508771946,24.375,10
2009,TM Dilshan,17,21.4,96.61403508771946,23.529411764705884,33
2009,TM Dilshan,18,19.6,88.32832080200518,24.055555555555557,24
2009,TM Dilshan,19,21.0,103.3283208020052,24.05263157894737,65
2009/10,TM Dilshan,20,33.8,121.18995602213097,26.1,0
2009/10,TM Dilshan,21,26.4,82.24258760107834,24.857142857142858,0
2009/10,TM Dilshan,22,24.4,72.24258760107834,23.727272727272727,17
2009/10,TM Dilshan,23,21.2,82.68214804063878,23.434782608695652,15
2009/10,TM Dilshan,24,19.4,62.68214804063878,23.083333333333332,1
2009/10,TM Dilshan,25,6.6,48.153846153846324,22.2,11
2011,TM Dilshan,26,8.8,68.15384615384633,21.76923076923077,1
2011,TM Dilshan,27,9.0,72.15384615384633,21.0,59
2011,TM Dilshan,28,17.4,67.85185185185202,22.357142857142858,7
2011,TM Dilshan,29,15.8,73.35185185185202,21.82758620689655,0
2011,TM Dilshan,30,15.6,63.35185185185202,21.1,38
2011,TM Dilshan,31,21.0,67.10185185185202,21.64516129032258,0
2011,TM Dilshan,32,20.8,63.10185185185202,20.96875,15
2011,TM Dilshan,33,12.0,57.039473684210705,20.78787878787879,16
2011,TM Dilshan,34,13.8,75.09502923976626,20.647058823529413,52
2011,TM Dilshan,35,24.2,108.64341633654044,21.542857142857144,38
2012,TM Dilshan,36,24.2,115.29341633654045,22.0,4
2012,TM Dilshan,37,25.0,125.29341633654045,21.513513513513512,76
2012,TM Dilshan,38,37.2,134.83727598566327,22.94736842105263,1
2012,TM Dilshan,39,34.2,105.94838709677435,22.384615384615383,71
2012,TM Dilshan,40,38.0,97.75714285714302,23.6,19
2012,TM Dilshan,41,34.2,82.55714285714302,23.48780487804878,53
2012,TM Dilshan,42,44.0,95.11033434650473,24.19047619047619,47
2012,TM Dilshan,43,38.2,86.86791010408048,24.72093023255814,10
2012,TM Dilshan,44,40.0,108.77267200884239,24.386363636363637,4
2013,TM Dilshan,45,26.6,89.56937530554568,23.933333333333334,0
2013,TM Dilshan,46,22.8,74.36937530554567,23.41304347826087,5
2013,TM Dilshan,47,13.2,61.81618381618398,23.02127659574468,25
2013,TM Dilshan,48,8.8,67.45254745254763,23.0625,33
2013,TM Dilshan,49,13.4,56.24953993375063,23.26530612244898,13
2017,TM Head,5,22.8,135.2060606060608,22.8,0
2017,TM Head,6,15.4,105.60606060606078,19.0,2
2017,TM Head,7,14.6,100.27272727272745,16.571428571428573,12
2017,TM Head,8,14.8,88.77272727272744,16.0,75
2017,TM Head,9,23.8,92.75000000000017,22.555555555555557,2
2024,TM Head,10,18.2,75.25000000000017,20.5,62
2024,TM Head,11,30.6,124.85000000000018,24.272727272727273,19
2024,TM Head,12,34.0,143.9928571428573,23.833333333333332,31
2024,TM Head,13,37.8,153.82619047619065,24.384615384615383,21
2024,TM Head,14,27.0,150.57619047619065,24.142857142857142,102
2024,TM Head,15,47.0,175.909523809524,29.333333333333332,89
2024,TM Head,16,52.4,180.2489177489179,33.0625,1
2024,TM Head,17,48.8,159.77272727272745,31.176470588235293,13
2024,TM Head,18,45.2,171.08225108225125,30.166666666666668,58
2024,TM Head,19,52.6,167.2489177489179,31.63157894736842,48
2024,TM Head,20,41.8,152.88332635106843,32.45,89
2024,TM Head,21,41.8,158.27726574500784,35.142857142857146,0
2024,TM Head,22,41.6,151.61059907834118,33.54545454545455,0
2024,TM Head,23,39.0,114.46774193548404,32.08695652173913,34
2024,TM Head,24,34.2,114.58678955453165,32.166666666666664,0
2022,Tilak Varma,5,31.4,127.6495487083724,31.4,26
2022,Tilak Varma,6,32.2,118.31621537503906,30.5,51
2022,Tilak Varma,7,30.2,105.61568061568077,33.42857142857143,38
2022,Tilak Varma,8,30.2,102.80086580086595,34.0,35
2022,Tilak Varma,9,37.2,125.38151096215628,34.111111111111114,21
2022,Tilak Varma,10,34.2,117.345796676442,32.8,6
2022,Tilak Varma,11,30.2,121.345796676442,30.363636363636363,34
2022,Tilak Varma,12,26.8,118.16397849462382,30.666666666666668,8
2022,Tilak Varma,13,20.8,108.83064516129048,28.923076923076923,21
2023,Tilak Varma,14,18.0,110.95588235294133,28.357142857142858,84
2023,Tilak Varma,15,30.6,116.40399556048851,32.06666666666667,22
2023,Tilak Varma,16,33.8,114.40399556048851,31.4375,41
2023,Tilak Varma,17,35.2,121.73732889382184,32.0,30
2023,Tilak Varma,18,39.6,129.73732889382183,31.88888888888889,37
2023,Tilak Varma,19,42.8,146.14255765199178,32.1578947368421,3
2023,Tilak Varma,20,26.6,129.4444444444446,30.7,2
2023,Tilak Varma,21,22.6,120.77777777777791,29.333333333333332,29
2023,Tilak Varma,22,20.2,117.61111111111127,29.318181818181817,26
2023,Tilak Varma,23,19.4,145.61111111111126,29.17391304347826,26
2023,Tilak Varma,24,17.2,125.30000000000015,29.041666666666668,43
2024,Tilak Varma,25,25.2,171.7285714285716,29.6,25
2024,Tilak Varma,26,29.8,184.71102756892247,29.423076923076923,64
2024,Tilak Varma,27,36.8,196.09991645781136,30.703703703703702,32
2024,Tilak Varma,28,38.0,165.4332497911447,30.75,6
2024,Tilak Varma,29,34.0,168.6332497911447,29.896551724137932,16
2024,Tilak Varma,30,28.6,139.20467836257325,29.433333333333334,31
2024,Tilak Varma,31,29.8,143.88888888888906,29.483870967741936,34
2024,Tilak Varma,32,23.8,146.11111111111126,29.625,65
2024,Tilak Varma,33,30.4,150.7777777777779,30.696969696969695,63
2024,Tilak Varma,34,41.8,163.8366013071897,31.647058823529413,7
2024,Tilak Varma,35,40.0,144.56387403446246,30.942857142857143,4
2024,Tilak Varma,36,34.6,126.89720736779574,30.194444444444443,37
2024,Tilak Varma,37,35.2,111.54367201426041,30.37837837837838,32
2013,UBT Chand,5,7.6,51.72727272727288,7.6,23
2013,UBT Chand,6,12.2,74.72727272727289,10.166666666666666,0
2013,UBT Chand,7,11.8,70.72727272727289,8.714285714285714,7
2013,UBT Chand,8,9.6,55.500000000000156,8.5,17
2013,UBT Chand,9,9.4,57.500000000000156,9.444444444444445,37
2013,UBT Chand,10,16.8,76.47435897435913,12.2,17
2013,UBT Chand,11,15.6,67.07435897435913,12.636363636363637,41
2013,UBT Chand,12,23.8,89.8521367521369,15.0,16
2014,UBT Chand,13,25.6,96.96752136752153,15.076923076923077,2
2015,UBT Chand,14,22.6,83.96752136752153,14.142857142857142,12
2015,UBT Chand,15,17.6,79.11080945198607,14.0,58
2015,UBT Chand,16,25.8,94.51080945198608,16.75,14
2015,UBT Chand,17,20.4,91.73303167420832,16.58823529411765,5
2015,UBT Chand,18,18.2,92.11764705882369,15.944444444444445,13
2016,UBT Chand,19,20.4,106.68907563025228,15.789473684210526,0
2016,UT Khawaja,5,19.4,151.51143790849687,19.4,30
2012,UT Yadav,5,1.0,55.000000000000156,1.0,1
2013,UT Yadav,6,0.6,45.000000000000156,1.0,5
2013,UT Yadav,7,1.6,70.00000000000016,1.5714285714285714,6
2013,UT Yadav,8,2.6,70.00000000000016,2.125,1
2013,UT Yadav,9,2.8,74.00000000000016,2.0,2
2013,UT Yadav,10,3.0,62.000000000000156,2.0,4
2013,UT Yadav,11,3.6,137.00000000000017,2.1818181818181817,12
2013,UT Yadav,12,5.0,138.66666666666683,3.0,8
2014,UT Yadav,13,5.4,136.4444444444446,3.3846153846153846,2
2015,UT Yadav,14,5.6,142.4444444444446,3.2857142857142856,0
2015,UT Yadav,15,5.2,134.4444444444446,3.066666666666667,5
2015,UT Yadav,16,5.4,104.4444444444446,3.1875,24
2016,UT Yadav,17,7.8,114.70085470085488,4.411764705882353,7
2016,UT Yadav,18,7.6,143.58974358974373,4.555555555555555,2
2017,UT Yadav,19,7.6,146.92307692307708,4.421052631578948,2
2017,UT Yadav,20,8.0,156.92307692307708,4.3,2
2017,UT Yadav,21,7.4,126.92307692307709,4.190476190476191,4
2017,UT Yadav,22,3.4,110.00000000000016,4.181818181818182,2
2018,UT Yadav,23,2.4,76.66666666666681,4.086956521739131,1
2018,UT Yadav,24,2.2,73.33333333333348,3.9583333333333335,0
2018,UT Yadav,25,1.8,63.333333333333485,3.8,1
2018,UT Yadav,26,1.6,53.333333333333485,3.6923076923076925,1
2018,UT Yadav,27,1.0,37.33333333333349,3.5925925925925926,0
2019,UT Yadav,28,0.6,24.00000000000016,3.4642857142857144,1
2019,UT Yadav,29,0.6,16.00000000000016,3.3793103448275863,14
2019,UT Yadav,30,3.4,44.000000000000156,3.7333333333333334,0
2019,UT Yadav,31,3.2,34.000000000000156,3.6129032258064515,1
2019,UT Yadav,32,3.2,50.000000000000156,3.53125,9
2020/21,UT Yadav,33,5.0,95.00000000000016,3.696969696969697,0
2022,UT Yadav,34,4.8,93.00000000000016,3.588235294117647,18
2022,UT Yadav,35,5.6,95.00000000000016,4.0,0
2022,UT Yadav,36,5.6,95.00000000000016,3.888888888888889,1
2022,UT Yadav,37,5.6,95.00000000000016,3.810810810810811,21
2022,UT Yadav,38,8.0,92.00000000000016,4.2631578947368425,15
2022,UT Yadav,39,11.0,112.00000000000016,4.538461538461538,0
2022,UT Yadav,40,7.4,82.00000000000016,4.425,0
2023,UT Yadav,41,7.4,82.00000000000016,4.317073170731708,6
2023,UT Yadav,42,8.4,122.00000000000016,4.357142857142857,5
2023,UT Yadav,43,5.2,96.66666666666683,4.372093023255814,1
2023,UT Yadav,44,2.4,96.66666666666683,4.295454545454546,3
2023,UT Yadav,45,3.0,108.66666666666683,4.266666666666667,4
2024,UT Yadav,46,3.8,122.00000000000016,4.260869565217392,10
2024,UT Yadav,47,4.6,80.18181818181833,4.382978723404255,2
2007/08,V Kohli,5,10.0,105.2023809523811,10.0,9
2007/08,V Kohli,6,11.6,137.2023809523811,9.833333333333334,34
2007/08,V Kohli,7,13.8,123.97161172161186,13.285714285714286,0
2007/08,V Kohli,8,11.2,107.72161172161186,11.625,21
2007/08,V Kohli,9,13.0,91.69676700111498,12.666666666666666,3
2007/08,V Kohli,10,13.4,79.19676700111498,11.7,10
2007/08,V Kohli,11,13.6,54.96147288346792,11.545454545454545,38
2009,V Kohli,12,14.4,62.04170447982856,13.75,3
2009,V Kohli,13,15.0,69.54170447982855,12.923076923076923,11
2009,V Kohli,14,13.0,66.99512062889688,12.785714285714286,50
2009,V Kohli,15,22.4,88.06654920032545,15.266666666666667,2
2009,V Kohli,16,20.8,89.63517665130584,14.4375,22
2009,V Kohli,17,17.6,83.4523809523811,14.882352941176471,19
2009,V Kohli,18,20.8,107.61904761904778,15.11111111111111,16
2009,V Kohli,19,21.8,114.7619047619049,15.157894736842104,15
2009,V Kohli,20,14.8,99.82683982683997,15.15,20
2009,V Kohli,21,18.4,103.1601731601733,15.380952380952381,38
2009,V Kohli,22,21.6,106.54112554112571,16.40909090909091,19
2009,V Kohli,23,21.6,117.09668109668125,16.52173913043478,24
2009,V Kohli,24,23.2,122.47483235718546,16.833333333333332,7
2009/10,V Kohli,25,21.6,126.33846872082181,16.44,2
2009/10,V Kohli,26,18.0,117.67180205415517,15.884615384615385,16
2009/10,V Kohli,27,13.6,120.57290095525407,15.88888888888889,17
2009/10,V Kohli,28,13.2,106.68401206636517,15.928571428571429,24
2009/10,V Kohli,29,13.2,108.4487179487181,16.20689655172414,38
2009/10,V Kohli,30,19.4,123.99219620958766,16.933333333333334,34
2009/10,V Kohli,31,25.8,144.325529542921,17.483870967741936,42
2009/10,V Kohli,32,31.0,152.01783723522868,18.25,13
2009/10,V Kohli,33,30.2,147.32086753825902,18.09090909090909,58
2009/10,V Kohli,34,37.0,148.67221888961035,19.264705882352942,3
2009/10,V Kohli,35,30.0,130.6287406287408,18.8,14
2009/10,V Kohli,36,26.0,123.83386883386899,18.666666666666668,37
2009/10,V Kohli,37,25.0,122.35950985951004,19.16216216216216,9
2011,V Kohli,38,24.2,121.22314622314639,18.894736842105264,23
2011,V Kohli,39,17.2,115.42735042735058,19.0,12
2011,V Kohli,40,19.0,113.05892937471901,18.825,71
2011,V Kohli,41,30.4,119.36360509115943,20.097560975609756,35
2011,V Kohli,42,30.0,113.53027175782609,20.452380952380953,30
2011,V Kohli,43,34.2,116.03027175782609,20.674418604651162,56
2011,V Kohli,44,40.8,118.47471620227054,21.477272727272727,67
2011,V Kohli,45,51.8,137.00592795257654,22.488888888888887,27
2011,V Kohli,46,43.0,126.03779069767458,22.58695652173913,27
2011,V Kohli,47,41.4,116.92014363885104,22.680851063829788,39
2011,V Kohli,48,43.2,114.20585792456534,23.020833333333332,15
2011,V Kohli,49,35.0,104.95585792456534,22.857142857142858,11
2011,V Kohli,50,23.8,92.12640056022424,22.62,31
2011,V Kohli,51,24.6,95.25140056022424,22.784313725490197,70
2011,V Kohli,52,33.2,109.80383022774345,23.692307692307693,8
2011,V Kohli,53,27.0,100.85144927536248,23.39622641509434,35
2012,V Kohli,54,31.0,103.97644927536248,23.61111111111111,8
2012,V Kohli,55,30.4,105.64311594202916,23.327272727272728,6
2012,V Kohli,56,25.4,94.21454451345772,23.017857142857142,57
2012,V Kohli,57,22.8,87.52976190476207,23.614035087719298,22
2012,V Kohli,58,25.6,98.64087301587318,23.586206896551722,16
2012,V Kohli,59,21.8,93.60797827903107,23.45762711864407,4
2012,V Kohli,60,21.0,93.60797827903107,23.133333333333333,16
2012,V Kohli,61,23.0,105.03654970760249,23.016393442622952,18
2012,V Kohli,62,15.2,100.23391812865512,22.93548387096774,45
2012,V Kohli,63,19.8,97.21804511278211,23.285714285714285,9
2012,V Kohli,64,18.4,100.37593984962422,23.0625,36
2012,V Kohli,65,24.8,107.04260651629087,23.26153846153846,9
2012,V Kohli,66,23.4,102.04260651629087,23.045454545454547,3
2012,V Kohli,67,20.4,143.09523809523824,22.746268656716417,73
2012,V Kohli,68,26.0,148.2121212121214,23.485294117647058,42
2013,V Kohli,69,32.6,148.69992609017018,23.753623188405797,24
2013,V Kohli,70,30.2,156.31897370921777,23.757142857142856,51
2013,V Kohli,71,38.6,163.02110136879224,24.140845070422536,35
2013,V Kohli,72,45.0,128.02110136879224,24.291666666666668,58
2013,V Kohli,73,42.0,125.64231349000436,24.753424657534246,65
2013,V Kohli,74,46.6,130.64470469038696,25.2972972972973,1
2013,V Kohli,75,42.0,100.35899040467267,24.973333333333333,11
2013,V Kohli,76,34.0,103.10130718954262,24.789473684210527,1
2013,V Kohli,77,27.2,83.10130718954264,24.48051948051948,32
2013,V Kohli,78,22.0,77.22035480859026,24.576923076923077,25
2013,V Kohli,79,14.0,79.50793650793666,24.582278481012658,57
2013,V Kohli,80,25.2,102.0195644149134,24.9875,93
2013,V Kohli,81,41.6,114.04570820576308,25.82716049382716,99
2013,V Kohli,82,61.2,142.6050302396614,26.71951219512195,17
2013,V Kohli,83,58.2,148.60503023966137,26.602409638554217,14
2013,V Kohli,84,56.0,138.3272524618836,26.452380952380953,56
2014,V Kohli,85,55.8,150.43631421007927,26.8,49
2014,V Kohli,86,47.0,139.75519965899568,27.058139534883722,0
2014,V Kohli,87,27.2,106.19587762509737,26.74712643678161,31
2014,V Kohli,88,30.0,108.86668507851354,26.795454545454547,21
2014,V Kohli,89,31.4,108.16668507851355,26.730337078651687,4
2014,V Kohli,90,21.0,109.54599542334113,26.477777777777778,0
2014,V Kohli,91,11.2,83.7565217391306,26.186813186813186,35
2014,V Kohli,92,18.2,108.7565217391306,26.282608695652176,0
2014,V Kohli,93,12.0,81.80000000000015,26.0,4
2014,V Kohli,94,8.6,73.88888888888904,25.76595744680851,10
2014,V Kohli,95,9.8,52.07070707070723,25.6,27
2014,V Kohli,96,15.2,70.69139672587964,25.614583333333332,67
2014,V Kohli,97,21.6,76.85418742355407,26.04123711340206,38
2014,V Kohli,98,29.2,101.37031645581212,26.163265306122447,73
2015,V Kohli,99,43.0,120.02859737824399,26.636363636363637,13
2015,V Kohli,100,43.6,119.18011252975914,26.5,41
2015,V Kohli,101,46.4,120.08323239839626,26.643564356435643,18
2015,V Kohli,102,36.6,107.86781012177445,26.558823529411764,51
2015,V Kohli,103,39.2,107.07261132207455,26.796116504854368,62
2015,V Kohli,104,37.0,106.48196324988422,27.134615384615383,35
2015,V Kohli,105,41.4,119.58341252524653,27.20952380952381,1
2015,V Kohli,106,33.4,105.05960300143701,26.962264150943398,34
2015,V Kohli,107,36.6,120.1122345803844,27.02803738317757,48
2015,V Kohli,108,36.0,118.20948616600806,27.22222222222222,32
2015,V Kohli,109,30.0,111.89812571720022,27.26605504587156,82
2015,V Kohli,110,39.4,113.6202058536026,27.763636363636362,19
2015,V Kohli,111,43.0,150.8424280758248,27.684684684684683,44
2015,V Kohli,112,45.0,163.15821754950903,27.830357142857142,1
2015,V Kohli,113,35.6,151.34003573132722,27.5929203539823,12
2015,V Kohli,114,31.6,144.02820777433797,27.45614035087719,12
2016,V Kohli,115,17.6,138.5380116959066,27.321739130434782,75
2016,V Kohli,116,28.8,125.72755417956674,27.732758620689655,79
2016,V Kohli,117,35.8,112.32843137254918,28.17094017094017,33
2016,V Kohli,118,42.2,121.74019607843152,28.21186440677966,80
2016,V Kohli,119,55.8,131.26400560224107,28.647058823529413,100
2016,V Kohli,120,73.4,135.84733893557438,29.241666666666667,14
2016,V Kohli,121,61.2,122.90616246498617,29.115702479338843,52
2016,V Kohli,122,55.8,113.62585943468312,29.30327868852459,108
2016,V Kohli,123,70.8,131.4554740391456,29.943089430894307,20
2016,V Kohli,124,58.8,127.64595022962177,29.862903225806452,7
2016,V Kohli,125,40.2,113.89595022962177,29.68,109
2016,V Kohli,126,59.2,137.0617256306913,30.30952380952381,75
2016,V Kohli,127,63.8,142.83712670021,30.661417322834644,113
2016,V Kohli,128,64.8,149.9094728800613,31.3046875,54
2016,V Kohli,129,71.6,154.86185383244225,31.48062015503876,0
2016,V Kohli,130,70.2,137.36185383244225,31.23846153846154,54
2017,V Kohli,131,59.2,127.7254901960786,31.412213740458014,62
2017,V Kohli,132,56.6,124.14705882352958,31.643939393939394,28
2017,V Kohli,133,39.6,109.3070175438598,31.616541353383457,64
2017,V Kohli,134,41.6,110.40505675954607,31.85820895522388,0
2017,V Kohli,135,41.6,110.40505675954607,31.622222222222224,10
2017,V Kohli,136,32.8,94.69077104526036,31.46323529411765,55
2017,V Kohli,137,31.4,91.7741043785937,31.635036496350367,20
2017,V Kohli,138,29.8,88.96708683473403,31.55072463768116,6
2017,V Kohli,139,18.2,83.86904761904778,31.366906474820144,5
2017,V Kohli,140,19.2,94.98015873015888,31.178571428571427,58
2018,V Kohli,141,28.8,105.91183574879241,31.368794326241133,31
2018,V Kohli,142,24.0,101.78304787000454,31.366197183098592,21
2018,V Kohli,143,24.2,101.3663812033379,31.293706293706293,57
2018,V Kohli,144,34.4,118.14057475172498,31.47222222222222,92
2018,V Kohli,145,51.8,136.7068829954526,31.889655172413793,30
2018,V Kohli,146,46.2,134.56641476802784,31.876712328767123,18
2018,V Kohli,147,43.6,139.77853598014903,31.782312925170068,68
2018,V Kohli,148,53.0,144.43762688923994,32.027027027027025,32
2018,V Kohli,149,48.0,132.27881795623745,32.02684563758389,8
2018,V Kohli,150,31.2,117.1468531468533,31.866666666666667,39
2018,V Kohli,151,33.0,120.06993006993022,31.91390728476821,70
2018,V Kohli,152,43.4,129.40326340326357,32.16447368421053,48
2018,V Kohli,153,39.4,131.59762077003472,32.26797385620915,12
2018,V Kohli,154,35.4,128.80041797283192,32.13636363636363,4
2019,V Kohli,155,34.6,123.14385231626628,31.954838709677418,6
2019,V Kohli,156,28.0,107.14385231626628,31.78846153846154,46
2019,V Kohli,157,23.2,101.68930686172082,31.878980891719745,3
2019,V Kohli,158,14.2,74.58585858585874,31.696202531645568,23
2019,V Kohli,159,16.4,70.45998445998461,31.641509433962263,84
2019,V Kohli,160,32.4,95.85680985681002,31.96875,41
2019,V Kohli,161,39.4,110.70529470529486,32.024844720496894,67
2019,V Kohli,162,43.6,107.6413216413218,32.24074074074074,8
2019,V Kohli,163,44.6,117.6413216413218,32.0920245398773,100
2019,V Kohli,164,60.0,134.43177256970375,32.50609756097561,9
2019,V Kohli,165,45.0,122.64605828398946,32.36363636363637,13
2019,V Kohli,166,39.4,130.2975734355046,32.24698795180723,23
2019,V Kohli,167,30.6,132.5415821501016,32.191616766467064,25
2019,V Kohli,168,34.0,187.970153578673,32.148809523809526,16
2020/21,V Kohli,169,17.2,199.20168067226908,32.053254437869825,18
2020/21,V Kohli,170,19.0,197.87815126050435,31.970588235294116,9
2020/21,V Kohli,171,18.2,178.23529411764724,31.83625730994152,7
2020/21,V Kohli,172,15.0,171.17647058823545,31.691860465116278,29
2020/21,V Kohli,173,15.8,123.91456582633069,31.67630057803468,1
2020/21,V Kohli,174,12.8,82.20028011204498,31.5,72
2020/21,V Kohli,175,23.6,88.1936208445644,31.731428571428573,43
2020/21,V Kohli,176,30.4,95.81266846361203,31.795454545454547,43
2020/21,V Kohli,177,37.6,101.10678611067084,31.858757062146893,90
2020/21,V Kohli,178,49.8,108.51906681242522,32.18539325842696,48
2020/21,V Kohli,179,59.2,127.93370095876669,32.273743016759774,14
2020/21,V Kohli,180,47.6,122.30235117647351,32.172222222222224,33
2020/21,V Kohli,181,45.6,123.82616070028303,32.1767955801105,50
2020/21,V Kohli,182,47.0,120.75426527544644,32.27472527472528,8
2020/21,V Kohli,183,30.6,101.4830102147177,32.14207650273224,6
2021,V Kohli,184,22.2,95.21123321123336,32.0,33
2021,V Kohli,185,26.0,96.431392362427,32.005405405405405,33
2021,V Kohli,186,26.0,96.43139236242702,32.01075268817204,5
2021,V Kohli,187,17.0,90.87583680687145,31.86631016042781,72
2021,V Kohli,188,29.8,109.20644237151957,32.079787234042556,8
2021,V Kohli,189,30.2,112.06358522866245,31.952380952380953,12
2021,V Kohli,190,26.0,109.30496453900726,31.847368421052632,35
2021,V Kohli,191,26.4,107.8931998331249,31.86387434554974,5
2021,V Kohli,192,26.4,111.22653316645824,31.723958333333332,25
2021,V Kohli,193,17.0,100.58823529411781,31.689119170984455,5
2021,V Kohli,194,16.4,105.5882352941178,31.551546391752577,4
2021,V Kohli,195,14.8,95.58823529411781,31.41025641025641,25
2021,V Kohli,196,12.8,100.00000000000016,31.377551020408163,51
2021,V Kohli,197,22.0,103.18181818181833,31.477157360406093,53
2021,V Kohli,198,27.6,108.41991341991358,31.585858585858585,39
2022,V Kohli,199,34.4,107.05627705627721,31.623115577889447,41
2022,V Kohli,200,41.8,123.50788995950302,31.67,12
2022,V Kohli,201,39.2,132.7936042452173,31.572139303482587,5
2022,V Kohli,202,30.0,126.27845273006581,31.440594059405942,48
2022,V Kohli,203,29.0,127.70702415863721,31.52216748768473,1
2022,V Kohli,204,21.4,110.73732718894026,31.372549019607842,12
2022,V Kohli,205,15.6,101.42857142857159,31.278048780487804,0
2022,V Kohli,206,13.2,67.1428571428573,31.12621359223301,0
2022,V Kohli,207,12.2,50.47619047619063,30.97584541062802,9
2022,V Kohli,208,4.4,40.173160173160326,30.870192307692307,58
2022,V Kohli,209,15.8,54.98797498797516,31.0,30
2022,V Kohli,210,19.4,54.98797498797514,30.995238095238093,0
2022,V Kohli,211,19.4,54.98797498797514,30.848341232227487,20
2022,V Kohli,212,23.4,79.98797498797515,30.797169811320753,73
2022,V Kohli,213,36.2,89.69576719576736,30.995305164319248,25
2022,V Kohli,214,29.6,87.4450549450551,30.96728971962617,7
2023,V Kohli,215,25.0,87.80219780219798,30.855813953488372,82
2023,V Kohli,216,41.4,118.74559402861307,31.09259259259259,21
2023,V Kohli,217,41.6,117.0789273619464,31.046082949308754,61
2023,V Kohli,218,39.2,118.11860990162896,31.18348623853211,50
2023,V Kohli,219,44.2,127.45926924228827,31.269406392694062,6
2023,V Kohli,220,44.0,139.95926924228826,31.154545454545456,59
2023,V Kohli,221,39.4,133.59920634920653,31.28054298642534,0
2023,V Kohli,222,35.2,110.2658730158732,31.13963963963964,54
2023,V Kohli,223,33.8,111.57581453634103,31.242152466367713,31
2023,V Kohli,224,30.0,102.37938596491243,31.241071428571427,55
2023,V Kohli,225,39.8,95.78364128406137,31.346666666666668,1
2023,V Kohli,226,28.2,76.20030795072805,31.212389380530972,18
2023,V Kohli,227,31.8,94.20030795072805,31.154185022026432,100
2023,V Kohli,228,41.0,96.54848608837986,31.45614035087719,101
2024,V Kohli,229,55.0,109.23697815187192,31.759825327510917,21
2024,V Kohli,230,48.2,105.832722832723,31.713043478260868,77
2024,V Kohli,231,63.4,130.4481074481076,31.90909090909091,83
2024,V Kohli,232,76.4,140.1147741147743,32.12931034482759,22
2024,V Kohli,233,60.8,136.8455433455435,32.08583690987125,113
2024,V Kohli,234,63.2,134.1327006327008,32.43162393162393,3
2024,V Kohli,235,59.6,120.79936729936746,32.306382978723406,42
2024,V Kohli,236,52.6,133.18398268398283,32.347457627118644,18
2024,V Kohli,237,39.6,156.9458874458876,32.28691983122363,51
2024,V Kohli,238,45.4,153.16681767844574,32.365546218487395,70
2024,V Kohli,239,36.8,154.92727943890753,32.52301255230125,42
2024,V Kohli,240,44.6,179.37172388335196,32.5625,92
2024,V Kohli,241,54.6,172.75633926796735,32.809128630705395,27
2024,V Kohli,242,56.4,159.89919641082446,32.78512396694215,47
2024,V Kohli,243,55.6,167.51159951159966,32.84362139917695,33
2007/08,V Sehwag,5,41.4,191.59638810801616,41.4,40
2007/08,V Sehwag,6,47.0,171.59638810801616,41.166666666666664,23
2007/08,V Sehwag,7,32.8,153.43101343101358,38.57142857142857,17
2007/08,V Sehwag,8,35.0,152.47863247863262,35.875,0
2007/08,V Sehwag,9,30.2,115.5555555555557,31.88888888888889,0
2007/08,V Sehwag,10,16.0,81.7460317460319,28.7,51
2007/08,V Sehwag,11,18.2,78.17460317460333,30.727272727272727,47
2007/08,V Sehwag,12,23.0,102.09273182957409,32.083333333333336,18
2007/08,V Sehwag,13,23.2,145.9022556390979,31.0,3
2009,V Sehwag,14,23.8,160.9022556390979,29.0,38
2009,V Sehwag,15,31.4,203.12447786132012,29.6,6
2009,V Sehwag,16,22.4,180.02923976608204,28.125,7
2009,V Sehwag,17,14.4,153.88888888888906,26.88235294117647,16
2009,V Sehwag,18,14.0,122.97979797979815,26.27777777777778,20
2009,V Sehwag,19,17.4,144.3434343434345,25.94736842105263,11
2009,V Sehwag,20,12.0,124.12121212121228,25.2,9
2009,V Sehwag,21,12.6,128.78787878787892,24.428571428571427,2
2009,V Sehwag,22,11.6,110.45454545454561,23.40909090909091,0
2009,V Sehwag,23,8.4,81.36363636363652,22.391304347826086,50
2009,V Sehwag,24,14.4,79.48275862068981,23.541666666666668,39
2009/10,V Sehwag,25,20.0,81.85775862068981,24.16,8
2009/10,V Sehwag,26,19.8,90.52442528735648,23.53846153846154,75
2009/10,V Sehwag,27,34.4,128.38156814449934,25.444444444444443,26
2009/10,V Sehwag,28,39.6,160.88156814449934,25.464285714285715,74
2009/10,V Sehwag,29,44.4,162.49637049941944,27.137931034482758,3
2009/10,V Sehwag,30,37.2,146.69279907084803,26.333333333333332,12
2009/10,V Sehwag,31,38.0,141.84431422236315,25.870967741935484,8
2009/10,V Sehwag,32,24.6,152.32050469855363,25.3125,19
2009/10,V Sehwag,33,23.2,149.05127392932286,25.12121212121212,35
2009/10,V Sehwag,34,15.4,144.7718947718949,25.41176470588235,64
2009/10,V Sehwag,35,27.6,165.96790806093145,26.514285714285716,0
2009/10,V Sehwag,36,25.2,144.14972624274964,25.77777777777778,20
2009/10,V Sehwag,37,27.6,111.86902448836369,25.62162162162162,4
2009/10,V Sehwag,38,24.6,102.63825525759447,25.05263157894737,8
2011,V Sehwag,39,19.2,97.4867401060793,24.615384615384617,19
2011,V Sehwag,40,10.2,91.46929824561418,24.475,4
2011,V Sehwag,41,11.0,131.4692982456142,23.975609756097562,37
2011,V Sehwag,42,14.4,140.01666666666682,24.285714285714285,12
2011,V Sehwag,43,16.0,154.3023809523811,24.0,77
2011,V Sehwag,44,29.8,169.25733590733608,25.204545454545453,25
2011,V Sehwag,45,31.0,173.28511368511386,25.2,34
2011,V Sehwag,46,37.0,162.85033107641817,25.391304347826086,80
2011,V Sehwag,47,45.6,166.58366440975152,26.5531914893617,15
2011,V Sehwag,48,46.2,165.63128345737056,26.3125,119
2011,V Sehwag,49,54.6,165.04414459436964,28.20408163265306,2
2012,V Sehwag,50,50.0,147.26636681659187,27.68,20
2012,V Sehwag,51,47.2,148.4703801945183,27.529411764705884,0
2012,V Sehwag,52,31.2,115.13704686118494,27.0,33
2012,V Sehwag,53,34.8,113.23228495642306,27.11320754716981,7
2012,V Sehwag,54,12.4,100.19780219780236,26.74074074074074,32
2012,V Sehwag,55,18.4,107.49509949509965,26.836363636363636,4
2012,V Sehwag,56,15.2,116.72586872586889,26.428571428571427,57
2012,V Sehwag,57,26.6,151.2713232713234,26.964912280701753,87
2012,V Sehwag,58,37.4,156.092751842752,28.0,73
2012,V Sehwag,59,50.6,162.04624021484503,28.76271186440678,63
2012,V Sehwag,60,56.8,176.2489429175477,29.333333333333332,73
2012,V Sehwag,61,70.6,173.68484035344517,30.049180327868854,23
2012,V Sehwag,62,63.8,190.25049691910175,29.93548387096774,4
2012,V Sehwag,63,47.2,194.00049691910175,29.523809523809526,8
2012,V Sehwag,64,34.2,177.82478632478646,29.1875,10
2012,V Sehwag,65,23.6,174.89621489621504,28.892307692307693,1
2013,V Sehwag,66,9.2,139.9603174603176,28.46969696969697,12
2013,V Sehwag,67,7.0,112.8492063492065,28.223880597014926,25
2013,V Sehwag,68,11.2,94.5883367839891,28.176470588235293,17
2013,V Sehwag,69,13.0,98.06055900621134,28.014492753623188,95
2013,V Sehwag,70,30.0,102.82246376811608,28.97142857142857,30
2013,V Sehwag,71,35.8,127.59519104084336,28.985915492957748,28
2013,V Sehwag,72,39.0,122.26185770751003,28.97222222222222,17
2013,V Sehwag,73,37.4,123.18939393939408,28.80821917808219,8
2013,V Sehwag,74,35.6,111.35115864527646,28.527027027027028,11
2013,V Sehwag,75,18.8,102.46226975638756,28.293333333333333,18
2013,V Sehwag,76,16.4,111.18954248366029,28.157894736842106,23
2013,V Sehwag,77,15.4,112.5228758169936,28.09090909090909,0
2013,V Sehwag,78,12.0,89.85620915032696,27.73076923076923,11
2014,V Sehwag,79,12.6,102.44444444444461,27.518987341772153,19
2014,V Sehwag,80,14.2,116.00000000000016,27.4125,2
2014,V Sehwag,81,11.0,85.00000000000016,27.098765432098766,30
2014,V Sehwag,82,12.4,92.27272727272744,27.134146341463413,37
2014,V Sehwag,83,19.8,116.93939393939408,27.253012048192772,32
2014,V Sehwag,84,24.0,118.6430976430978,27.30952380952381,1
2014,V Sehwag,85,20.4,90.6430976430978,27.0,30
2014,V Sehwag,86,26.0,109.6430976430978,27.03488372093023,30
2014,V Sehwag,87,26.0,103.06002554278432,27.06896551724138,72
2014,V Sehwag,88,33.0,106.08566656842535,27.579545454545453,4
2014,V Sehwag,89,27.4,122.38196286472166,27.314606741573034,23
2014,V Sehwag,90,31.8,132.38196286472166,27.266666666666666,17
2014,V Sehwag,91,29.2,136.715296198055,27.153846153846153,18
2014,V Sehwag,92,26.8,156.0256410256412,27.054347826086957,9
2014,V Sehwag,93,14.2,150.83333333333348,26.86021505376344,2
2014,V Sehwag,94,13.8,124.16666666666681,26.595744680851062,122
2014,V Sehwag,95,33.6,143.52150537634424,27.6,7
2015,V Sehwag,96,31.6,129.1881720430109,27.385416666666668,0
2015,V Sehwag,97,28.0,89.18817204301091,27.103092783505154,36
2015,V Sehwag,98,33.4,102.6881720430109,27.193877551020407,47
2015,V Sehwag,99,42.4,110.71847507331395,27.393939393939394,11
2015,V Sehwag,100,20.2,93.36363636363652,27.23,1
2015,V Sehwag,101,19.0,84.36363636363652,26.97029702970297,1
2015,V Sehwag,102,19.2,91.03030303030319,26.715686274509803,1
2015,V Sehwag,103,12.2,65.03030303030319,26.466019417475728,2
2018,V Shankar,5,22.8,104.72915972915989,22.8,3
2018,V Shankar,6,23.2,114.72915972915989,19.5,2
2018,V Shankar,7,20.6,101.65223665223682,17.0,54
2018,V Shankar,8,18.8,105.7431457431459,21.625,17
2018,V Shankar,9,17.8,129.87012987013003,21.11111111111111,23
2018,V Shankar,10,19.8,146.68331668331683,21.3,21
2018,V Shankar,11,23.4,147.68331668331683,21.272727272727273,36
2018,V Shankar,12,30.2,161.68331668331683,22.5,43
2019,V Shankar,13,28.0,155.83104395604408,24.076923076923077,40
2019,V Shankar,14,32.6,140.59294871794887,25.214285714285715,35
2019,V Shankar,15,35.0,151.87500000000017,25.866666666666667,9
2019,V Shankar,16,32.6,190.87500000000017,24.8125,16
2019,V Shankar,17,28.6,180.78804347826105,24.294117647058822,5
2019,V Shankar,18,21.0,163.91304347826105,23.22222222222222,26
2019,V Shankar,19,18.2,149.83896940418697,23.36842105263158,1
2019,V Shankar,20,11.4,113.1723027375203,22.25,7
2019,V Shankar,21,11.0,65.899575464793,21.523809523809526,26
2019,V Shankar,22,13.0,77.98653198653214,21.727272727272727,8
2019,V Shankar,23,13.6,83.98653198653214,21.130434782608695,7
2019,V Shankar,24,9.8,99.72727272727289,20.541666666666668,12
2019,V Shankar,25,12.0,103.06060606060623,20.2,27
2019,V Shankar,26,16.0,120.33333333333348,20.46153846153846,25
2020/21,V Shankar,27,15.8,139.78787878787895,20.62962962962963,26
2020/21,V Shankar,28,19.4,142.3593073593075,20.821428571428573,7
2020/21,V Shankar,29,19.4,121.35930735930751,20.344827586206897,52
2020/21,V Shankar,30,27.4,127.64861553540814,21.4,12
2020/21,V Shankar,31,24.4,131.93432982112245,21.096774193548388,0
2021,V Shankar,32,19.4,86.47978436657698,20.4375,11
2021,V Shankar,33,16.4,99.33692722371984,20.151515151515152,3
2021,V Shankar,34,15.6,97.33692722371984,19.647058823529413,28
2021,V Shankar,35,10.8,100.11428571428588,19.885714285714286,8
2021,V Shankar,36,10.0,88.68571428571445,19.555555555555557,8
2022,V Shankar,37,11.6,108.68571428571445,19.243243243243242,4
2022,V Shankar,38,10.2,88.68571428571445,18.842105263157894,13
2022,V Shankar,39,12.2,89.68571428571445,18.692307692307693,2
2022,V Shankar,40,7.0,73.00000000000016,18.275,0
2023,V Shankar,41,5.4,50.142857142857295,17.829268292682926,27
2023,V Shankar,42,9.2,53.621118012422514,18.047619047619047,29
2023,V Shankar,43,14.2,66.35921325051775,18.302325581395348,63
2023,V Shankar,44,24.2,105.85921325051777,19.318181818181817,10
2023,V Shankar,45,25.8,116.8115942028987,19.11111111111111,19
2023,V Shankar,46,29.6,139.16453537936928,19.108695652173914,51
2023,V Shankar,47,34.4,154.91704374057332,19.78723404255319,6
2023,V Shankar,48,29.8,142.75037707390666,19.5,29
2023,V Shankar,49,23.0,131.67894850247808,19.693877551020407,53
2023,V Shankar,50,31.6,144.45672628025585,20.36,14
2024,V Shankar,51,30.6,143.6422466422468,20.235294117647058,6
2024,V Shankar,52,21.6,128.41147741147756,19.96153846153846,12
2024,V Shankar,53,22.8,136.41147741147756,19.81132075471698,14
2024,V Shankar,54,19.8,120.43745143745159,19.703703703703702,8
2024,V Shankar,55,10.8,106.99300699300716,19.490909090909092,17
2024,V Shankar,56,11.4,104.3434343434345,19.446428571428573,16
2024,V Shankar,57,13.4,109.4343434343436,19.385964912280702,10
2023,VG Arora,5,1.4,65.71428571428588,1.4,1
2024,VG Arora,6,1.4,75.71428571428588,1.3333333333333333,1
2014,VR Aaron,5,3.8,52.166666666666835,3.8,17
2015,VR Aaron,6,7.2,83.07575757575775,6.0,6
2017,VR Aaron,7,8.2,103.07575757575773,6.0,4
2017,VR Aaron,8,9.0,116.40909090909108,5.75,0
2019,VR Aaron,9,6.8,101.7424242424244,5.111111111111111,3
2020/21,VR Aaron,10,6.0,92.81385281385299,4.9,1
2020/21,VR Aaron,11,2.8,71.90476190476207,4.545454545454546,0
2021,VR Iyer,5,38.6,129.21071428571446,38.6,38
2021,VR Iyer,6,38.0,120.4655405405407,38.5,8
2021,VR Iyer,7,36.8,114.39411196911215,34.142857142857146,26
2021,VR Iyer,8,31.4,98.60244530244547,33.125,55
2021,VR Iyer,9,38.8,101.10244530244547,35.55555555555556,50
2022,VR Iyer,10,35.4,105.55244530244548,37.0,16
2022,VR Iyer,11,31.0,105.01190476190493,35.09090909090909,10
2022,VR Iyer,12,31.4,107.86904761904779,33.0,3
2022,VR Iyer,13,26.8,99.10714285714303,30.692307692307693,50
2022,VR Iyer,14,25.8,98.49738675958206,32.07142857142857,18
2022,VR Iyer,15,19.4,112.24738675958206,31.133333333333333,6
2022,VR Iyer,16,17.4,100.81881533101063,29.5625,6
2022,VR Iyer,17,16.6,103.67595818815349,28.176470588235293,17
2022,VR Iyer,18,19.4,112.99926645883018,27.555555555555557,6
2022,VR Iyer,19,10.6,98.60902255639114,26.42105263157895,43
2022,VR Iyer,20,15.6,86.68594563331422,27.25,7
2022,VR Iyer,21,15.8,98.11451706188565,26.285714285714285,0
2023,VR Iyer,22,14.6,80.9716599190285,25.09090909090909,34
2023,VR Iyer,23,18.0,86.5251989389922,25.47826086956522,3
2023,VR Iyer,24,17.4,85.09662751042077,24.541666666666668,83
2023,VR Iyer,25,25.4,92.50750931154649,26.88,10
2023,VR Iyer,26,26.0,89.17417597821316,26.23076923076923,104
2023,VR Iyer,27,46.8,128.41945899708108,29.11111111111111,0
2023,VR Iyer,28,40.0,104.97118313501213,28.071428571428573,20
2023,VR Iyer,29,43.4,115.44737361120258,27.79310344827586,31
2023,VR Iyer,30,33.0,96.33887907798139,27.9,11
2023,VR Iyer,31,33.2,94.33887907798137,27.35483870967742,7
2023,VR Iyer,32,13.8,90.09359605911347,26.71875,11
2023,VR Iyer,33,16.0,107.01667298219039,26.242424242424242,57
2023,VR Iyer,34,23.4,114.48068184154809,27.147058823529413,9
2023,VR Iyer,35,19.0,138.1013714967205,26.62857142857143,24
2024,VR Iyer,36,21.6,155.43470483005382,26.555555555555557,7
2024,VR Iyer,37,21.6,148.43470483005385,26.027027027027028,50
2024,VR Iyer,38,29.4,162.7616279069769,26.657894736842106,5
2024,VR Iyer,39,19.0,186.25000000000017,26.102564102564102,3
2024,VR Iyer,40,17.8,148.75000000000017,25.525,8
2024,VR Iyer,41,14.6,143.41666666666683,25.097560975609756,16
2024,VR Iyer,42,16.4,155.41666666666683,24.88095238095238,39
2024,VR Iyer,43,14.2,156.66666666666683,25.209302325581394,26
2024,VR Iyer,44,18.4,129.27536231884076,25.227272727272727,70
2024,VR Iyer,45,31.8,148.19045665846338,26.22222222222222,1
2024,VR Iyer,46,30.4,141.52378999179672,25.67391304347826,42
2024,VR Iyer,47,35.6,141.52378999179672,26.02127659574468,51
2024,VR Iyer,48,38.0,145.45236142036816,26.541666666666668,52
2007/08,VVS Laxman,5,20.6,81.50264550264566,20.6,52
2009,VVS Laxman,6,31.0,105.13900913900932,25.833333333333332,10
2009,VVS Laxman,7,32.6,118.47234247234265,23.571428571428573,5
2009,VVS Laxman,8,30.4,108.47234247234265,21.25,0
2009,VVS Laxman,9,23.0,81.06493506493523,18.88888888888889,4
2009,VVS Laxman,10,14.2,69.63636363636381,17.4,0
2009/10,VVS Laxman,11,3.8,46.00000000000017,15.818181818181818,22
2009/10,VVS Laxman,12,6.2,57.4285714285716,16.333333333333332,12
2009/10,VVS Laxman,13,7.6,69.24675324675341,16.0,10
2009/10,VVS Laxman,14,9.6,97.81818181818198,15.571428571428571,10
2009/10,VVS Laxman,15,10.8,98.48484848484865,15.2,4
2009/10,VVS Laxman,16,11.6,109.91341991342009,14.5,6
2011,VVS Laxman,17,8.4,89.39393939393958,14.0,36
2011,VVS Laxman,18,13.2,92.40334378265429,15.222222222222221,0
2011,VVS Laxman,19,11.2,63.83191521122573,14.421052631578947,8
2023,Vishnu Vinod,5,10.2,94.33333333333351,10.2,5
2007/08,W Jaffer,5,14.2,76.66666666666683,14.2,44
2009,W Jaffer,6,21.8,93.78378378378396,19.166666666666668,7
2009,W Jaffer,7,13.2,80.00600600600617,17.428571428571427,8
2009,WA Mota,5,7.0,80.18518518518536,7.0,4
2009,WA Mota,6,7.6,71.61375661375679,6.5,12
2009,WA Mota,7,5.0,65.72681704260668,7.285714285714286,5
2012,WD Parnell,5,7.4,84.65686274509821,7.4,11
2012,WD Parnell,6,9.4,95.99019607843154,8.0,2
2012,WD Parnell,7,7.8,83.99019607843154,7.142857142857143,1
2012,WD Parnell,8,6.2,71.49019607843154,6.375,2
2012,WD Parnell,9,3.4,72.66666666666683,5.888888888888889,3
2013,WD Parnell,10,3.8,64.66666666666683,5.6,5
2014,WD Parnell,11,2.6,64.28571428571446,5.545454545454546,2
2023,WD Parnell,12,2.6,76.28571428571446,5.25,2
2024,WG Jacks,5,35.2,156.9940476190478,35.2,1
2024,WG Jacks,6,33.8,136.9940476190478,29.5,12
2024,WG Jacks,7,34.8,136.27976190476207,27.0,41
2007/08,WP Saha,5,22.8,126.38970588235311,22.8,5
2007/08,WP Saha,6,21.8,131.29166666666683,19.833333333333332,1
2007/08,WP Saha,7,16.6,100.87500000000017,17.142857142857142,15
2007/08,WP Saha,8,19.4,124.20833333333351,16.875,11
2007/08,WP Saha,9,9.8,124.00000000000018,16.22222222222222,13
2009,WP Saha,10,9.0,107.33333333333351,15.9,21
2009,WP Saha,11,12.2,120.66666666666683,16.363636363636363,8
2009,WP Saha,12,13.6,157.3333333333335,15.666666666666666,1
2009,WP Saha,13,10.8,144.00000000000017,14.538461538461538,0
2009,WP Saha,14,8.6,107.33333333333351,13.5,10
2009,WP Saha,15,8.0,130.00000000000017,13.266666666666667,7
2009,WP Saha,16,5.2,146.66666666666683,12.875,25
2009/10,WP Saha,17,8.6,145.1282051282053,13.588235294117647,22
2009/10,WP Saha,18,12.8,158.97435897435915,14.055555555555555,1
2009/10,WP Saha,19,13.0,168.97435897435915,13.368421052631579,20
2009/10,WP Saha,20,15.0,152.50377073906503,13.7,10
2009/10,WP Saha,21,15.6,155.83710407239838,13.523809523809524,13
2009/10,WP Saha,22,13.2,134.70889894419324,13.5,1
2011,WP Saha,23,9.0,110.86274509803938,12.956521739130435,46
2011,WP Saha,24,18.0,127.14845938375365,14.333333333333334,22
2012,WP Saha,25,18.4,117.36904761904779,14.64,6
2013,WP Saha,26,17.6,75.94047619047635,14.307692307692308,39
2013,WP Saha,27,22.8,91.10714285714303,15.222222222222221,13
2013,WP Saha,28,25.2,98.44047619047635,15.142857142857142,18
2014,WP Saha,29,19.6,92.15476190476207,15.241379310344827,2
2014,WP Saha,30,15.6,91.73809523809541,14.8,14
2014,WP Saha,31,17.2,111.16666666666683,14.774193548387096,2
2014,WP Saha,32,9.8,85.33333333333351,14.375,59
2014,WP Saha,33,19.0,93.10638297872359,15.727272727272727,17
2014,WP Saha,34,18.8,91.99527186761246,15.764705882352942,15
2014,WP Saha,35,21.4,111.99527186761247,15.742857142857142,54
2014,WP Saha,36,29.4,125.53373340607399,16.805555555555557,13
2014,WP Saha,37,31.6,136.20040007274068,16.7027027027027,3
2014,WP Saha,38,20.4,118.59401709401727,16.342105263157894,27
2014,WP Saha,39,22.4,126.70512820512837,16.615384615384617,35
2014,WP Saha,40,26.4,114.58391608391625,17.075,6
2014,WP Saha,41,16.8,103.0454545454547,16.804878048780488,115
2015,WP Saha,42,37.2,126.78354978354996,19.142857142857142,7
2015,WP Saha,43,38.0,154.28354978354997,18.86046511627907,39
2015,WP Saha,44,40.4,153.28354978354997,19.318181818181817,15
2015,WP Saha,45,36.4,159.344155844156,19.22222222222222,19
2015,WP Saha,46,39.0,176.844155844156,19.217391304347824,15
2015,WP Saha,47,19.0,148.816205533597,19.127659574468087,42
2015,WP Saha,48,26.0,139.27075098814245,19.604166666666668,3
2015,WP Saha,49,18.8,120.77075098814245,19.26530612244898,12
2015,WP Saha,50,18.2,111.95956217695364,19.12,13
2015,WP Saha,51,17.0,88.09592581331728,19.0,33
2015,WP Saha,52,20.6,99.49689199689217,19.26923076923077,5
2015,WP Saha,53,13.2,83.1332556332558,19.0,31
2015,WP Saha,54,18.8,119.9189699189701,19.22222222222222,15
2016,WP Saha,55,19.4,126.45743145743162,19.145454545454545,20
2016,WP Saha,56,20.8,118.20568320568339,19.160714285714285,3
2016,WP Saha,57,14.8,102.33266733266751,18.87719298245614,4
2016,WP Saha,58,14.6,113.2417582417584,18.620689655172413,8
2016,WP Saha,59,10.0,79.6227106227108,18.440677966101696,33
2016,WP Saha,60,13.6,89.35955272797396,18.683333333333334,24
2016,WP Saha,61,14.4,97.97493734335858,18.770491803278688,52
2016,WP Saha,62,24.2,120.91866028708151,19.306451612903224,16
2016,WP Saha,63,26.6,125.53404490246612,19.253968253968253,56
2016,WP Saha,64,36.2,142.86737823579946,19.828125,27
2016,WP Saha,65,35.0,131.6087970001015,19.93846153846154,24
2016,WP Saha,66,35.0,155.6087970001015,20.0,3
2017,WP Saha,67,25.2,139.09364548495,19.746268656716417,14
2017,WP Saha,68,24.8,145.5893719806765,19.66176470588235,25
2017,WP Saha,69,18.6,147.00113668655885,19.73913043478261,7
2017,WP Saha,70,14.6,151.52287581699363,19.557142857142857,0
2017,WP Saha,71,9.8,103.52287581699363,19.281690140845072,11
2017,WP Saha,72,11.4,102.27287581699363,19.166666666666668,10
2017,WP Saha,73,10.6,111.16176470588252,19.041095890410958,2
2017,WP Saha,74,6.0,91.75000000000017,18.81081081081081,21
2017,WP Saha,75,8.8,80.55000000000017,18.84,38
2017,WP Saha,76,16.4,102.90294117647076,19.092105263157894,93
2017,WP Saha,77,32.8,120.67836490528433,20.051948051948052,13
2018,WP Saha,78,33.4,95.12280934972877,19.96153846153846,5
2018,WP Saha,79,34.0,101.78947601639543,19.772151898734176,22
2018,WP Saha,80,34.2,106.98947601639543,19.8,24
2018,WP Saha,81,31.4,111.30320150659152,19.85185185185185,6
2018,WP Saha,82,14.0,94.77777777777794,19.682926829268293,5
2018,WP Saha,83,12.4,100.33333333333351,19.50602409638554,0
2018,WP Saha,84,11.4,83.66666666666683,19.273809523809526,6
2018,WP Saha,85,8.2,75.00000000000017,19.11764705882353,11
2018,WP Saha,86,5.6,79.76190476190493,19.023255813953487,8
2018,WP Saha,87,6.0,96.76190476190493,18.896551724137932,35
2019,WP Saha,88,12.0,101.76190476190493,19.079545454545453,5
2019,WP Saha,89,13.0,121.76190476190493,18.921348314606742,28
2019,WP Saha,90,17.4,148.42857142857162,19.022222222222222,25
2019,WP Saha,91,20.2,148.25000000000017,19.087912087912088,20
2019,WP Saha,92,22.6,152.61363636363654,19.097826086956523,8
2020/21,WP Saha,93,17.2,145.39141414141432,18.978494623655912,58
2020/21,WP Saha,94,27.8,150.60880544576213,19.393617021276597,39
2020/21,WP Saha,95,30.0,133.54998191635036,19.6,87
2020/21,WP Saha,96,42.4,140.96664858301705,20.302083333333332,30
2021,WP Saha,97,44.4,122.25007104291008,20.4020618556701,7
2021,WP Saha,98,44.2,127.80562659846564,20.26530612244898,1
2021,WP Saha,99,32.8,104.81045751634005,20.07070707070707,2
2021,WP Saha,100,25.4,89.86928104575182,19.89,44
2021,WP Saha,101,16.8,69.92601863440429,20.128712871287128,10
2021,WP Saha,102,12.8,77.27895981087488,20.029411764705884,18
2021,WP Saha,103,15.0,83.94562647754154,20.009708737864077,18
2021,WP Saha,104,18.4,102.89987484355463,19.990384615384617,31
2021,WP Saha,105,24.2,110.79731074099053,20.095238095238095,0
2022,WP Saha,106,15.4,92.07390648567136,19.90566037735849,11
2022,WP Saha,107,15.6,79.29612870789359,19.822429906542055,25
2022,WP Saha,108,17.0,68.52689793866281,19.87037037037037,68
2022,WP Saha,109,27.0,82.2222222222224,20.31192660550459,29
2022,WP Saha,110,26.6,91.54217762913433,20.39090909090909,21
2022,WP Saha,111,30.8,116.2480599820755,20.396396396396398,55
2022,WP Saha,112,39.6,130.8551060525362,20.705357142857142,5
2022,WP Saha,113,35.6,120.71524591267607,20.56637168141593,67
2022,WP Saha,114,35.4,108.55531544766086,20.973684210526315,31
2022,WP Saha,115,35.8,110.29444588244345,21.06086956521739,0
2022,WP Saha,116,31.6,85.5885635295023,20.879310344827587,5
2023,WP Saha,117,21.6,73.04500952253365,20.743589743589745,25
2023,WP Saha,118,25.6,93.36586513750692,20.779661016949152,14
2023,WP Saha,119,15.0,110.65400073072723,20.722689075630253,17
2023,WP Saha,120,12.2,100.69747899159681,20.691666666666666,30
2023,WP Saha,121,18.2,132.27642636001787,20.768595041322314,4
2023,WP Saha,122,18.0,137.99071207430356,20.631147540983605,47
2023,WP Saha,123,22.4,133.98435277382663,20.84552845528455,4
2023,WP Saha,124,20.4,105.41292420239806,20.70967741935484,10
2023,WP Saha,125,19.0,108.41292420239806,20.624,0
2023,WP Saha,126,13.0,76.833976833977,20.46031746031746,41
2023,WP Saha,127,20.4,80.95162389280054,20.62204724409449,81
2023,WP Saha,128,27.2,91.54621848739512,21.09375,2
2023,WP Saha,129,26.8,88.11764705882369,20.94573643410853,0
2023,WP Saha,130,24.8,68.11764705882369,20.784615384615385,12
2023,WP Saha,131,27.2,84.11764705882369,20.717557251908396,12
2023,WP Saha,132,21.4,81.81818181818198,20.651515151515152,18
2023,WP Saha,133,8.8,66.99465240641727,20.63157894736842,54
2024,WP Saha,134,19.2,85.99465240641727,20.880597014925375,19
2024,WP Saha,135,23.0,111.3279857397506,20.866666666666667,21
2024,WP Saha,136,24.8,118.66131907308394,20.86764705882353,25
2024,WP Saha,137,27.4,135.3046757164406,20.8978102189781,11
2024,WP Saha,138,26.0,129.84249084249103,20.82608695652174,2
2024,WP Saha,139,15.6,106.47885447885467,20.690647482014388,13
2024,WP Saha,140,14.4,104.78188478188497,20.635714285714286,39
2024,WP Saha,141,18.0,110.33744033744051,20.76595744680851,5
2024,WP Saha,142,14.0,96.87590187590204,20.654929577464788,1
2009,WPUJC Vaas,5,8.2,89.16666666666683,8.2,10
2009/10,WPUJC Vaas,6,10.2,122.50000000000018,8.5,0
2009/10,WPUJC Vaas,7,7.8,82.50000000000017,7.285714285714286,16
2009/10,WPUJC Vaas,8,11.0,114.50000000000018,8.375,3
2009/10,WPUJC Vaas,9,9.8,122.00000000000018,7.777777777777778,8
2009/10,WPUJC Vaas,10,7.4,107.64102564102582,7.8,3
2018,Washington Sundar,5,1.8,66.66666666666683,1.8,9
2018,Washington Sundar,6,3.2,91.66666666666683,3.0,35
2018,Washington Sundar,7,10.0,118.33333333333351,7.571428571428571,7
2018,Washington Sundar,8,11.2,129.16666666666683,7.5,13
2018,Washington Sundar,9,12.8,160.8333333333335,8.11111111111111,1
2019,Washington Sundar,10,13.0,167.50000000000017,7.4,1
2019,Washington Sundar,11,11.4,132.50000000000017,6.818181818181818,0
2020/21,Washington Sundar,12,4.4,99.16666666666683,6.25,10
2020/21,Washington Sundar,13,5.0,110.23809523809541,6.538461538461538,21
2020/21,Washington Sundar,14,6.6,67.34335839599015,7.571428571428571,0
2020/21,Washington Sundar,15,6.4,60.67669172932349,7.066666666666666,30
2020/21,Washington Sundar,16,12.2,72.10526315789491,8.5,17
2020/21,Washington Sundar,17,15.6,103.01435406698583,9.0,10
2020/21,Washington Sundar,18,15.6,94.44292549555725,9.055555555555555,13
2020/21,Washington Sundar,19,14.0,90.90909090909108,9.263157894736842,5
2020/21,Washington Sundar,20,15.0,140.90909090909108,9.05,5
2021,Washington Sundar,21,10.0,136.14718614718632,8.857142857142858,10
2021,Washington Sundar,22,8.6,117.00280112044837,8.909090909090908,8
2021,Washington Sundar,23,8.2,111.54825566590289,8.869565217391305,7
2021,Washington Sundar,24,7.0,105.70409982174706,8.791666666666666,6
2022,Washington Sundar,25,7.2,69.03743315508038,8.68,40
2022,Washington Sundar,26,14.2,102.37076648841371,9.884615384615385,18
2022,Washington Sundar,27,15.8,116.32034632034649,10.185185185185185,3
2022,Washington Sundar,28,14.8,113.77489177489194,9.928571428571429,2
2022,Washington Sundar,29,13.8,121.04761904761922,9.655172413793103,4
2022,Washington Sundar,30,13.4,116.60317460317478,9.466666666666667,9
2022,Washington Sundar,31,7.2,86.60317460317478,9.451612903225806,25
2023,Washington Sundar,32,8.6,84.69841269841287,9.9375,1
2023,Washington Sundar,33,8.2,76.69841269841287,9.666666666666666,16
2023,Washington Sundar,34,11.0,67.73289545703355,9.852941176470589,10
2023,Washington Sundar,35,12.2,87.41543513957325,9.857142857142858,9
2023,Washington Sundar,36,12.2,97.41543513957325,9.833333333333334,24
2024,Washington Sundar,37,12.0,105.60591133004944,10.216216216216216,0
2011,Y Nagar,5,11.0,81.37229437229455,11.0,19
2011,Y Nagar,6,10.8,90.33333333333351,12.333333333333334,22
2011,Y Nagar,7,15.0,101.66973886328742,13.714285714285714,18
2011,Y Nagar,8,14.0,78.33640552995409,14.25,7
2011,Y Nagar,9,13.2,103.00307219662076,13.444444444444445,0
2011,Y Nagar,10,13.2,103.00307219662076,12.1,1
2011,Y Nagar,11,9.6,85.86021505376361,11.090909090909092,10
2012,Y Nagar,12,7.2,96.66666666666683,11.0,16
2012,Y Nagar,13,6.8,103.00000000000016,11.384615384615385,23
2012,Y Nagar,14,10.0,87.00000000000017,12.214285714285714,24
2012,Y Nagar,15,14.8,112.26315789473702,13.0,0
2012,Y Nagar,16,14.6,102.26315789473702,12.1875,27
2012,Y Nagar,17,18.0,102.97744360902273,13.058823529411764,9
2012,Y Nagar,18,16.6,101.64411027568939,12.833333333333334,10
2012,Y Nagar,19,14.0,99.5488721804513,12.68421052631579,44
2007/08,Y Venugopal Rao,5,15.6,127.87878787878803,15.6,71
2007/08,Y Venugopal Rao,6,27.0,139.4343434343436,24.833333333333332,34
2007/08,Y Venugopal Rao,7,31.0,164.48484848484867,26.142857142857142,57
2007/08,Y Venugopal Rao,8,42.2,183.71561771561787,30.0,2
2007/08,Y Venugopal Rao,9,37.4,148.38228438228455,26.88888888888889,46
2009,Y Venugopal Rao,10,42.0,125.33961276818437,28.8,9
2009,Y Venugopal Rao,11,29.6,107.63021105878265,27.0,9
2009,Y Venugopal Rao,12,24.6,86.21606964464124,25.5,16
2009,Y Venugopal Rao,13,16.4,78.31863374720534,24.76923076923077,2
2009,Y Venugopal Rao,14,16.4,76.98530041387201,23.142857142857142,28
2009,Y Venugopal Rao,15,12.8,89.3209013209015,23.466666666666665,32
2009,Y Venugopal Rao,16,17.4,100.09013209013227,24.0,12
2009,Y Venugopal Rao,17,18.0,118.0122100122102,23.294117647058822,1
2009,Y Venugopal Rao,18,15.0,103.34554334554352,22.055555555555557,7
2009,Y Venugopal Rao,19,16.0,116.67887667887685,21.263157894736842,0
2009,Y Venugopal Rao,20,10.4,85.56776556776573,20.2,8
2009,Y Venugopal Rao,21,5.6,78.73015873015889,19.61904761904762,0
2009/10,Y Venugopal Rao,22,3.2,44.44444444444461,18.727272727272727,1
2009/10,Y Venugopal Rao,23,3.2,47.777777777777956,17.956521739130434,2
2009/10,Y Venugopal Rao,24,2.2,34.44444444444461,17.291666666666668,7
2009/10,Y Venugopal Rao,25,3.6,50.00000000000017,16.88,24
2011,Y Venugopal Rao,26,6.8,50.00000000000017,17.153846153846153,26
2011,Y Venugopal Rao,27,12.0,70.00000000000017,17.48148148148148,60
2011,Y Venugopal Rao,28,23.8,89.268292682927,19.0,31
2011,Y Venugopal Rao,29,29.6,113.60162601626034,19.413793103448278,21
2011,Y Venugopal Rao,30,32.4,115.54607046070478,19.466666666666665,28
2011,Y Venugopal Rao,31,33.2,132.76829268292698,19.741935483870968,24
2011,Y Venugopal Rao,32,32.8,135.62543554006984,19.875,19
2011,Y Venugopal Rao,33,24.6,127.46825396825416,19.848484848484848,1
2011,Y Venugopal Rao,34,18.6,98.28643578643596,19.294117647058822,40
2011,Y Venugopal Rao,35,22.4,101.83906736538333,19.885714285714286,3
2011,Y Venugopal Rao,36,17.4,71.1247816510976,19.416666666666668,37
2011,Y Venugopal Rao,37,20.0,75.67504620136216,19.89189189189189,30
2011,Y Venugopal Rao,38,22.2,81.83666236297832,20.157894736842106,16
2011,Y Venugopal Rao,39,25.2,104.6338651601811,20.05128205128205,0
2012,Y Venugopal Rao,40,17.2,83.58123358123375,19.55,18
2012,Y Venugopal Rao,41,20.2,94.94769320856294,19.51219512195122,27
2012,Y Venugopal Rao,42,18.2,89.14028580115553,19.69047619047619,7
2012,Y Venugopal Rao,43,13.6,81.86755852842825,19.3953488372093,36
2012,Y Venugopal Rao,44,17.6,87.25217391304366,19.772727272727273,21
2012,Y Venugopal Rao,45,21.8,108.25217391304366,19.8,13
2012,Y Venugopal Rao,46,20.8,103.90434782608713,19.652173913043477,10
2014,Y Venugopal Rao,47,17.4,110.87577639751571,19.4468085106383,16
2014,Y Venugopal Rao,48,19.2,117.54244306418236,19.375,11
2014,Y Venugopal Rao,49,14.2,111.98688750862682,19.20408163265306,13
2014,Y Venugopal Rao,50,12.6,107.23688750862682,19.08,4
2014,Y Venugopal Rao,51,10.8,175.93253968253984,18.784313725490197,27
2021,YBK Jaiswal,5,18.8,96.77124183006552,18.8,12
2021,YBK Jaiswal,6,20.0,95.23278029160399,17.666666666666668,50
2021,YBK Jaiswal,7,23.2,123.96293902176271,22.285714285714285,12
2021,YBK Jaiswal,8,25.6,150.62960568842936,21.0,5
2021,YBK Jaiswal,9,22.2,149.74725274725293,19.22222222222222,36
2021,YBK Jaiswal,10,23.0,149.05160057333987,20.9,31
2021,YBK Jaiswal,11,26.8,158.7718802936196,21.818181818181817,0
2021,YBK Jaiswal,12,16.8,111.15283267457198,20.0,49
2022,YBK Jaiswal,13,24.2,111.70838823012753,22.23076923076923,20
2022,YBK Jaiswal,14,27.2,110.23779999483341,22.071428571428573,1
2022,YBK Jaiswal,15,20.2,88.93345216874647,20.666666666666668,4
2022,YBK Jaiswal,16,14.8,74.0849673202616,19.625,68
2022,YBK Jaiswal,17,28.4,106.46591970121399,22.470588235294116,19
2022,YBK Jaiswal,18,22.4,99.24369747899178,22.27777777777778,41
2022,YBK Jaiswal,19,26.6,103.9901477832514,23.263157894736842,59
2022,YBK Jaiswal,20,38.2,119.64232169629489,25.05,3
2022,YBK Jaiswal,21,38.0,113.80898836296156,24.0,21
2022,YBK Jaiswal,22,28.6,113.73572828970148,23.863636363636363,22
2023,YBK Jaiswal,23,29.2,121.23572828970148,23.782608695652176,54
2023,YBK Jaiswal,24,31.8,121.3809188523149,25.041666666666668,11
2023,YBK Jaiswal,25,22.2,117.72874493927142,24.48,60
2023,YBK Jaiswal,26,33.6,146.5923813029078,25.846153846153847,10
2023,YBK Jaiswal,27,31.4,139.2846889952155,25.25925925925926,1
2023,YBK Jaiswal,28,27.2,114.28468899521549,24.392857142857142,44
2023,YBK Jaiswal,29,25.2,111.00649350649367,25.06896551724138,47
2023,YBK Jaiswal,30,32.4,114.41189891189909,25.8,77
2023,YBK Jaiswal,31,35.8,113.04826254826271,27.451612903225808,124
2023,YBK Jaiswal,32,58.6,126.20210870210887,30.46875,14
2023,YBK Jaiswal,33,61.2,149.15665415665433,29.96969696969697,35
2023,YBK Jaiswal,34,59.4,160.85590227695508,30.11764705882353,98
2023,YBK Jaiswal,35,69.6,176.283830204883,32.05714285714286,0
2023,YBK Jaiswal,36,54.2,141.283830204883,31.166666666666668,50
2024,YBK Jaiswal,37,39.4,129.44577352472106,31.675675675675677,24
2024,YBK Jaiswal,38,41.4,143.99122807017562,31.473684210526315,5
2024,YBK Jaiswal,39,35.4,121.43483709273198,30.794871794871796,10
2024,YBK Jaiswal,40,17.8,113.93483709273201,30.275,0
2024,YBK Jaiswal,41,17.8,113.93483709273201,29.536585365853657,24
2024,YBK Jaiswal,42,12.6,112.88220551378463,29.404761904761905,39
2024,YBK Jaiswal,43,15.6,98.88220551378464,29.627906976744185,19
2024,YBK Jaiswal,44,18.4,122.59649122807036,29.386363636363637,104
2024,YBK Jaiswal,45,37.2,121.76315789473702,31.044444444444444,24
2024,YBK Jaiswal,46,42.0,148.42982456140368,30.891304347826086,67
2024,YBK Jaiswal,47,50.6,156.66666666666683,31.659574468085108,4
2024,YBK Jaiswal,48,43.6,170.66666666666683,31.083333333333332,24
2024,YBK Jaiswal,49,44.6,154.48484848484867,30.93877551020408,4
2024,YBK Jaiswal,50,24.6,141.98484848484864,30.4,45
2024,YBK Jaiswal,51,28.8,145.31818181818198,30.686274509803923,42
2007/08,YK Pathan,5,30.8,173.73563218390822,30.8,8
2007/08,YK Pathan,6,30.4,160.40229885057488,27.0,1
2007/08,YK Pathan,7,29.2,143.73563218390822,23.285714285714285,68
2007/08,YK Pathan,8,30.6,134.83739837398392,28.875,8
2007/08,YK Pathan,9,28.0,112.14509068167622,26.555555555555557,39
2007/08,YK Pathan,10,24.8,130.81175734834287,27.8,48
2007/08,YK Pathan,11,32.8,152.1450906816762,29.636363636363637,6
2007/08,YK Pathan,12,33.8,169.47842401500958,27.666666666666668,2
2007/08,YK Pathan,13,20.6,146.30769230769246,25.692307692307693,45
2007/08,YK Pathan,14,28.0,176.85714285714303,27.071428571428573,56
2009,YK Pathan,15,31.4,152.85714285714303,29.0,11
2009,YK Pathan,16,24.0,119.5238095238097,27.875,60
2009,YK Pathan,17,34.8,141.67765567765585,29.764705882352942,10
2009,YK Pathan,18,36.4,147.06227106227124,28.666666666666668,62
2009,YK Pathan,19,39.8,145.53846153846172,30.42105263157895,20
2009,YK Pathan,20,32.6,148.30769230769246,29.9,24
2009,YK Pathan,21,35.2,167.9267399267401,29.61904761904762,12
2009,YK Pathan,22,25.6,156.05860805860823,28.818181818181817,22
2009,YK Pathan,23,28.0,161.62637362637378,28.52173913043478,7
2009,YK Pathan,24,17.0,133.02031302031318,27.625,6
2009,YK Pathan,25,14.2,119.39393939393956,26.76,17
2009,YK Pathan,26,12.8,109.39393939393956,26.384615384615383,1
2009,YK Pathan,27,10.6,79.10822510822527,25.444444444444443,9
2009/10,YK Pathan,28,8.0,69.40584415584432,24.857142857142858,100
2009/10,YK Pathan,29,26.6,106.6785714285716,27.448275862068964,0
2009/10,YK Pathan,30,25.4,89.53571428571446,26.533333333333335,26
2009/10,YK Pathan,31,27.2,86.91666666666683,26.516129032258064,15
2009/10,YK Pathan,32,30.0,104.34523809523826,26.15625,28
2009/10,YK Pathan,33,33.8,118.54978354978371,26.21212121212121,73
2009/10,YK Pathan,34,28.4,110.26406926406943,27.58823529411765,8
2009/10,YK Pathan,35,30.0,136.9307359307361,27.02857142857143,24
2009/10,YK Pathan,36,29.6,149.5497835497837,26.944444444444443,4
2009/10,YK Pathan,37,27.4,168.1212121212123,26.324324324324323,5
2009/10,YK Pathan,38,22.8,156.95238095238113,25.763157894736842,21
2009/10,YK Pathan,39,12.4,145.2380952380954,25.641025641025642,10
2009/10,YK Pathan,40,12.8,143.57142857142873,25.25,11
2009/10,YK Pathan,41,10.2,131.28571428571445,24.902439024390244,8
2011,YK Pathan,42,11.0,109.06349206349223,24.5,11
2011,YK Pathan,43,12.2,113.11111111111128,24.186046511627907,22
2011,YK Pathan,44,12.4,110.61111111111127,24.136363636363637,8
2011,YK Pathan,45,12.0,138.94444444444463,23.77777777777778,46
2011,YK Pathan,46,19.0,152.32905982906,24.26086956521739,5
2011,YK Pathan,47,18.4,145.66239316239333,23.851063829787233,47
2011,YK Pathan,48,25.6,163.48290598290615,24.333333333333332,17
2011,YK Pathan,49,24.6,162.13675213675228,24.183673469387756,36
2011,YK Pathan,50,30.2,138.803418803419,24.42,29
2011,YK Pathan,51,26.8,126.61880341880358,24.50980392156863,36
2011,YK Pathan,52,33.0,142.17435897435914,24.73076923076923,26
2012,YK Pathan,53,28.8,127.68717948717965,24.754716981132077,0
2012,YK Pathan,54,25.4,101.5333333333335,24.296296296296298,15
2012,YK Pathan,55,21.2,90.2833333333335,24.12727272727273,1
2012,YK Pathan,56,15.6,73.75000000000016,23.714285714285715,7
2012,YK Pathan,57,9.8,64.58333333333351,23.42105263157895,0
2012,YK Pathan,58,4.6,42.91666666666684,23.017241379310345,6
2012,YK Pathan,59,5.8,66.91666666666683,22.728813559322035,7
2012,YK Pathan,60,4.2,83.16666666666683,22.466666666666665,12
2012,YK Pathan,61,6.4,98.31818181818198,22.295081967213115,11
2012,YK Pathan,62,7.2,94.56818181818198,22.112903225806452,7
2012,YK Pathan,63,8.6,104.56818181818198,21.873015873015873,40
2012,YK Pathan,64,15.4,105.56818181818198,22.15625,11
2012,YK Pathan,65,16.2,98.06818181818198,21.984615384615385,21
2012,YK Pathan,66,18.0,96.25000000000017,21.96969696969697,15
2012,YK Pathan,67,18.8,112.50000000000018,21.865671641791046,40
2012,YK Pathan,68,25.4,138.86363636363654,22.13235294117647,1
2013,YK Pathan,69,17.6,123.86363636363653,21.82608695652174,18
2013,YK Pathan,70,19.0,117.54010695187182,21.771428571428572,0
2013,YK Pathan,71,14.8,97.54010695187182,21.464788732394368,27
2013,YK Pathan,72,17.2,99.30481283422476,21.541666666666668,3
2013,YK Pathan,73,9.8,82.9411764705884,21.28767123287671,13
2013,YK Pathan,74,12.2,87.38562091503285,21.175675675675677,25
2013,YK Pathan,75,13.6,88.93642305407027,21.226666666666667,19
2013,YK Pathan,76,17.4,143.22213733978455,21.19736842105263,0
2013,YK Pathan,77,12.0,111.45743145743162,20.92207792207792,3
2013,YK Pathan,78,12.0,111.45743145743162,20.692307692307693,20
2013,YK Pathan,79,13.4,122.0129870129872,20.68354430379747,49
2013,YK Pathan,80,18.2,126.50793650793669,21.0375,13
2013,YK Pathan,81,17.0,104.7222222222224,20.938271604938272,3
2013,YK Pathan,82,17.6,113.29365079365095,20.71951219512195,18
2013,YK Pathan,83,20.6,114.47012138188624,20.686746987951807,72
2013,YK Pathan,84,31.0,122.19739410915899,21.297619047619047,49
2014,YK Pathan,85,31.0,128.76827533521265,21.623529411764707,4
2014,YK Pathan,86,29.2,116.26827533521264,21.41860465116279,11
2014,YK Pathan,87,30.8,132.1412912082285,21.298850574712645,0
2014,YK Pathan,88,27.2,110.9648206199932,21.056818181818183,3
2014,YK Pathan,89,13.4,90.23754789272047,20.853932584269664,41
2014,YK Pathan,90,11.8,84.72030651341014,21.07777777777778,0
2014,YK Pathan,91,11.0,64.72030651341012,20.846153846153847,20
2014,YK Pathan,92,12.8,68.84729064039426,20.83695652173913,39
2014,YK Pathan,93,20.6,96.70443349753711,21.032258064516128,22
2014,YK Pathan,94,24.4,118.55058734369095,21.04255319148936,72
2014,YK Pathan,95,30.6,155.72927072927092,21.57894736842105,20
2014,YK Pathan,96,34.6,177.95149295149312,21.5625,36
2015,YK Pathan,97,37.8,180.6844122061515,21.711340206185568,14
2015,YK Pathan,98,32.8,176.16060268234202,21.632653061224488,3
2015,YK Pathan,99,29.0,157.31444883618815,21.444444444444443,28
2015,YK Pathan,100,20.2,114.2599033816427,21.51,40
2015,YK Pathan,101,24.2,122.80691192865125,21.693069306930692,6
2015,YK Pathan,102,18.2,108.64542124542143,21.53921568627451,42
2015,YK Pathan,103,23.8,120.3120879120881,21.737864077669904,13
2015,YK Pathan,104,25.8,118.3120879120881,21.653846153846153,11
2015,YK Pathan,105,22.4,127.34065934065953,21.552380952380954,30
2015,YK Pathan,106,20.4,126.57142857142874,21.632075471698112,29
2015,YK Pathan,107,25.0,139.9548872180453,21.700934579439252,52
2015,YK Pathan,108,27.0,130.95488721804526,21.98148148148148,44
2016,YK Pathan,109,33.2,140.51898978214783,22.18348623853211,9
2016,YK Pathan,110,32.8,139.0904183535764,22.063636363636363,12
2016,YK Pathan,111,29.2,143.3761326392907,21.972972972972972,36
2016,YK Pathan,112,30.6,139.51648351648367,22.098214285714285,19
2016,YK Pathan,113,24.0,161.01648351648367,22.07079646017699,10
2016,YK Pathan,114,17.2,160.67460317460333,21.964912280701753,60
2016,YK Pathan,115,27.4,170.67460317460333,22.295652173913044,19
2016,YK Pathan,116,28.8,160.13888888888906,22.267241379310345,63
2016,YK Pathan,117,34.2,162.77454780361774,22.615384615384617,37
2016,YK Pathan,118,37.8,152.27454780361774,22.73728813559322,6
2016,YK Pathan,119,37.0,140.05232558139554,22.596638655462186,36
2016,YK Pathan,120,32.2,119.51178504085499,22.708333333333332,52
2016,YK Pathan,121,38.8,125.4760707551407,22.950413223140497,2
2017,YK Pathan,122,26.6,102.84041184041203,22.778688524590162,6
2017,YK Pathan,123,20.4,76.74950274950292,22.642276422764226,21
2017,YK Pathan,124,23.4,91.4553851024441,22.629032258064516,59
2017,YK Pathan,125,28.0,101.49592564298464,22.92,11
2017,YK Pathan,126,19.8,126.78163992869892,22.825396825396826,8
2017,YK Pathan,127,21.0,137.89275103981004,22.708661417322833,12
2017,YK Pathan,128,22.2,144.12651727357627,22.625,4
2017,YK Pathan,129,18.8,128.309523809524,22.48062015503876,0
2017,YK Pathan,130,7.0,98.809523809524,22.307692307692307,2
2017,YK Pathan,131,5.2,57.142857142857316,22.15267175572519,20
2017,YK Pathan,132,7.6,83.809523809524,22.136363636363637,0
2018,YK Pathan,133,5.2,66.66666666666684,21.969924812030076,14
2018,YK Pathan,134,7.2,77.77777777777797,21.91044776119403,17
2018,YK Pathan,135,10.6,120.27777777777797,21.874074074074073,19
2018,YK Pathan,136,14.0,136.17521367521385,21.852941176470587,45
2018,YK Pathan,137,19.0,123.87362637362655,22.021897810218977,29
2018,YK Pathan,138,24.8,140.44505494505512,22.07246376811594,21
2018,YK Pathan,139,26.2,142.55031810294986,22.06474820143885,2
2018,YK Pathan,140,23.2,113.3836514362832,21.92142857142857,27
2018,YK Pathan,141,24.8,125.69134374397552,21.95744680851064,12
2018,YK Pathan,142,18.2,127.83420088683265,21.887323943661972,2
2018,YK Pathan,143,12.8,119.26277231540408,21.748251748251747,24
2018,YK Pathan,144,13.4,112.15750915750934,21.76388888888889,3
2018,YK Pathan,145,13.6,107.39560439560458,21.63448275862069,45
2019,YK Pathan,146,17.2,99.19047619047637,21.794520547945204,1
2019,YK Pathan,147,15.0,69.90476190476208,21.653061224489797,16
2019,YK Pathan,148,17.8,86.52014652014671,21.614864864864863,6
2019,YK Pathan,149,14.2,91.52014652014671,21.51006711409396,9
2019,YK Pathan,150,15.4,99.3123543123545,21.426666666666666,0
2019,YK Pathan,151,6.4,65.97902097902116,21.28476821192053,5
2019,YK Pathan,152,7.2,85.97902097902116,21.17763157894737,3
2017,YS Chahal,5,1.2,48.571428571428754,1.2,1
2017,YS Chahal,6,1.2,48.571428571428754,1.1666666666666667,4
2017,YS Chahal,7,1.8,37.46031746031764,1.5714285714285714,4
2018,YS Chahal,8,2.0,48.88888888888907,1.875,0
2019,YS Chahal,9,1.8,38.88888888888907,1.6666666666666667,4
2019,YS Chahal,10,2.6,45.555555555555735,1.9,1
2019,YS Chahal,11,2.6,42.2222222222224,1.8181818181818181,1
2020/21,YS Chahal,12,2.0,53.333333333333506,1.75,1
2020/21,YS Chahal,13,1.4,38.33333333333351,1.6923076923076923,0
2021,YS Chahal,14,1.4,38.33333333333351,1.5714285714285714,8
2021,YS Chahal,15,2.2,39.28571428571446,2.0,2
2022,YS Chahal,16,2.4,39.28571428571446,2.0,5
2014,YV Takawale,5,17.6,125.1255411255413,17.6,40
2014,YV Takawale,6,22.8,139.37841468875973,21.333333333333332,0
2014,YV Takawale,7,17.4,123.94984326018826,18.285714285714285,0
2014,YV Takawale,8,16.4,103.94984326018826,16.0,45
2014,YV Takawale,9,20.6,68.94984326018827,19.22222222222222,19
2007/08,Yuvraj Singh,5,30.4,163.54225085259586,30.4,17
2007/08,Yuvraj Singh,6,29.2,162.15763546798047,28.166666666666668,1
2007/08,Yuvraj Singh,7,18.0,134.58620689655191,24.285714285714285,2
2007/08,Yuvraj Singh,8,14.8,102.5862068965519,21.5,49
2007/08,Yuvraj Singh,9,16.6,136.25000000000017,24.555555555555557,23
2007/08,Yuvraj Singh,10,18.4,165.75000000000017,24.4,7
2007/08,Yuvraj Singh,11,16.4,155.0833333333335,22.818181818181817,17
2007/08,Yuvraj Singh,12,19.6,168.9722222222224,22.333333333333332,27
2007/08,Yuvraj Singh,13,24.6,189.39327485380136,22.692307692307693,4
2009,Yuvraj Singh,14,15.6,137.03216374269024,21.357142857142858,16
2009,Yuvraj Singh,15,14.2,106.1988304093569,21.0,38
2009,Yuvraj Singh,16,20.4,106.61549707602357,22.0625,30
2009,Yuvraj Singh,17,23.0,121.05994152046802,22.529411764705884,2
2009,Yuvraj Singh,18,18.0,99.30555555555574,21.38888888888889,10
2009,Yuvraj Singh,19,19.2,104.70238095238115,20.789473684210527,50
2009,Yuvraj Singh,20,26.0,106.60714285714305,22.25,14
2009,Yuvraj Singh,21,21.2,99.32773109243716,21.857142857142858,48
2009,Yuvraj Singh,22,24.8,87.81257957728563,23.045454545454547,58
2009,Yuvraj Singh,23,36.0,111.67222870009266,24.565217391304348,18
2009,Yuvraj Singh,24,37.6,125.07882210668606,24.291666666666668,12
2009,Yuvraj Singh,25,30.0,109.8407268685908,23.8,18
2009,Yuvraj Singh,26,30.8,104.6201386332967,23.576923076923077,20
2009,Yuvraj Singh,27,25.2,105.02417903733712,23.444444444444443,6
2009/10,Yuvraj Singh,28,14.8,80.49786324786342,22.821428571428573,4
2009/10,Yuvraj Singh,29,12.0,66.13888888888907,22.17241379310345,9
2009/10,Yuvraj Singh,30,11.4,82.80555555555574,21.733333333333334,4
2009/10,Yuvraj Singh,31,8.6,84.88888888888907,21.161290322580644,47
2009/10,Yuvraj Singh,32,14.0,94.00000000000018,21.96875,15
2009/10,Yuvraj Singh,33,15.8,109.4285714285716,21.757575757575758,24
2009/10,Yuvraj Singh,34,19.8,126.09523809523827,21.823529411764707,2
2009/10,Yuvraj Singh,35,18.4,109.4285714285716,21.257142857142856,36
2009/10,Yuvraj Singh,36,24.8,132.09523809523827,21.666666666666668,33
2009/10,Yuvraj Singh,37,22.0,142.01190476190496,21.972972972972972,28
2009/10,Yuvraj Singh,38,24.6,155.58333333333354,22.13157894736842,15
2009/10,Yuvraj Singh,39,22.8,138.62681159420308,21.94871794871795,21
2009/10,Yuvraj Singh,40,26.6,142.09347826086974,21.925,20
2009/10,Yuvraj Singh,41,23.4,125.1410973084888,21.878048780487806,1
2011,Yuvraj Singh,42,17.0,88.8910973084888,21.38095238095238,21
2011,Yuvraj Singh,43,15.6,80.1410973084888,21.372093023255815,8
2011,Yuvraj Singh,44,14.2,79.40531135531153,21.068181818181817,66
2011,Yuvraj Singh,45,23.2,101.42884076707624,22.066666666666666,0
2011,Yuvraj Singh,46,19.2,82.3812217194572,21.58695652173913,34
2011,Yuvraj Singh,47,25.8,93.1951752078293,21.851063829787233,62
2011,Yuvraj Singh,48,34.0,94.50073076338484,22.6875,41
2011,Yuvraj Singh,49,40.6,117.84521236873601,23.06122448979592,7
2011,Yuvraj Singh,50,28.8,91.74895568424404,22.74,20
2011,Yuvraj Singh,51,32.8,116.74895568424404,22.686274509803923,35
2011,Yuvraj Singh,52,33.0,144.68500219587196,22.923076923076923,2
2011,Yuvraj Singh,53,21.0,123.79611330698303,22.528301886792452,23
2011,Yuvraj Singh,54,17.4,113.69949494949512,22.537037037037038,24
2013,Yuvraj Singh,55,20.8,119.43376068376088,22.563636363636363,2
2013,Yuvraj Singh,56,17.2,102.43376068376088,22.196428571428573,28
2013,Yuvraj Singh,57,15.8,83.03158677071738,22.29824561403509,24
2013,Yuvraj Singh,58,20.2,106.36492010405073,22.32758620689655,34
2013,Yuvraj Singh,59,22.4,108.00936454849516,22.52542372881356,16
2013,Yuvraj Singh,60,20.8,112.40496894409958,22.416666666666668,31
2013,Yuvraj Singh,61,26.6,129.20496894409956,22.557377049180328,5
2013,Yuvraj Singh,62,22.0,124.85714285714303,22.274193548387096,16
2013,Yuvraj Singh,63,20.4,123.94805194805213,22.174603174603174,15
2013,Yuvraj Singh,64,16.6,124.0207792207794,22.0625,1
2013,Yuvraj Singh,65,13.6,111.16363636363653,21.73846153846154,33
2013,Yuvraj Singh,66,14.0,109.12225705329172,21.90909090909091,30
2013,Yuvraj Singh,67,19.0,119.12225705329172,22.029850746268657,3
2014,Yuvraj Singh,68,16.4,98.60277653381118,21.75,52
2014,Yuvraj Singh,69,23.8,105.9967159277506,22.18840579710145,0
2014,Yuvraj Singh,70,23.6,95.9967159277506,21.87142857142857,31
2014,Yuvraj Singh,71,23.2,90.95238095238113,22.0,3
2014,Yuvraj Singh,72,17.8,69.52380952380972,21.73611111111111,35
2014,Yuvraj Singh,73,24.2,82.82738095238115,21.91780821917808,14
2014,Yuvraj Singh,74,16.6,65.66071428571448,21.81081081081081,6
2014,Yuvraj Singh,75,17.8,77.66071428571448,21.6,3
2014,Yuvraj Singh,76,12.2,65.40097402597421,21.355263157894736,83
2014,Yuvraj Singh,77,28.2,96.35335497835516,22.155844155844157,68
2014,Yuvraj Singh,78,34.8,116.97835497835516,22.743589743589745,13
2014,Yuvraj Singh,79,34.6,128.36724386724404,22.620253164556964,21
2014,Yuvraj Singh,80,37.6,133.16724386724405,22.6,22
2014,Yuvraj Singh,81,41.4,161.55885225885245,22.59259259259259,25
2015,Yuvraj Singh,82,29.8,142.86837606837625,22.621951219512194,9
2015,Yuvraj Singh,83,18.0,130.36837606837625,22.457831325301203,27
2015,Yuvraj Singh,84,20.8,133.24419306184032,22.511904761904763,54
2015,Yuvraj Singh,85,27.4,142.78565647647446,22.88235294117647,9
2015,Yuvraj Singh,86,24.8,122.78565647647447,22.72093023255814,21
2015,Yuvraj Singh,87,24.0,124.05758630103585,22.701149425287355,2
2015,Yuvraj Singh,88,22.6,104.05758630103585,22.46590909090909,2
2015,Yuvraj Singh,89,17.6,80.29288041868293,22.235955056179776,0
2015,Yuvraj Singh,90,6.8,53.951417004048764,21.988888888888887,22
2015,Yuvraj Singh,91,9.4,61.057644110275874,21.98901098901099,57
2015,Yuvraj Singh,92,16.6,64.86147186147204,22.369565217391305,2
2015,Yuvraj Singh,93,16.6,60.575757575757756,22.150537634408604,32
2015,Yuvraj Singh,94,22.6,75.43290043290061,22.25531914893617,11
2016,Yuvraj Singh,95,24.8,106.86147186147204,22.13684210526316,5
2016,Yuvraj Singh,96,21.4,93.05194805194824,21.958333333333332,39
2016,Yuvraj Singh,97,17.8,99.64285714285732,22.1340206185567,23
2016,Yuvraj Singh,98,22.0,115.83333333333353,22.142857142857142,8
2016,Yuvraj Singh,99,17.2,112.97619047619067,22.0,42
2016,Yuvraj Singh,100,23.4,115.14761904761922,22.2,10
2016,Yuvraj Singh,101,24.4,126.18658008658028,22.07920792079208,19
2016,Yuvraj Singh,102,20.4,125.35324675324694,22.04901960784314,44
2016,Yuvraj Singh,103,24.6,131.83558162267857,22.262135922330096,8
2016,Yuvraj Singh,104,24.6,124.14327393037088,22.125,38
2017,Yuvraj Singh,105,23.8,122.20994059703756,22.276190476190475,62
2017,Yuvraj Singh,106,34.2,145.36145574855271,22.650943396226417,5
2017,Yuvraj Singh,107,31.4,126.19478908188603,22.485981308411215,26
2017,Yuvraj Singh,108,27.8,126.69658119658138,22.51851851851852,0
2017,Yuvraj Singh,109,26.2,114.38888888888907,22.31192660550459,3
2017,Yuvraj Singh,110,19.2,97.7222222222224,22.136363636363637,15
2017,Yuvraj Singh,111,9.8,81.38888888888907,22.07207207207207,6
2017,Yuvraj Singh,112,10.0,86.03174603174622,21.928571428571427,70
2017,Yuvraj Singh,113,18.8,89.70099667774105,22.353982300884955,47
2017,Yuvraj Singh,114,28.2,111.06463304137742,22.57017543859649,9
2017,Yuvraj Singh,115,29.4,111.06463304137742,22.452173913043477,9
2018,Yuvraj Singh,116,28.2,106.06463304137742,22.336206896551722,12
2018,Yuvraj Singh,117,29.4,99.83086680761117,22.247863247863247,4
2018,Yuvraj Singh,118,16.2,87.27272727272745,22.093220338983052,20
2018,Yuvraj Singh,119,10.8,96.67832167832186,22.07563025210084,14
2018,Yuvraj Singh,120,11.8,98.14890991361598,22.008333333333333,14
2018,Yuvraj Singh,121,12.8,98.14890991361598,21.94214876033058,1
2019,Yuvraj Singh,122,10.6,92.23981900452506,21.770491803278688,53
2019,Yuvraj Singh,123,20.4,98.73981900452506,22.024390243902438,23
2019,Yuvraj Singh,124,21.0,103.35520361990969,22.032258064516128,18
2019,Yuvraj Singh,125,21.8,101.88461538461556,22.0,4
2007/08,Z Khan,5,5.8,58.055555555555735,5.8,1
2007/08,Z Khan,6,5.4,54.555555555555735,5.0,4
2009,Z Khan,7,2.8,115.66666666666683,4.857142857142857,2
2009,Z Khan,8,1.6,102.33333333333351,4.5,4
2009,Z Khan,9,2.4,115.66666666666683,4.444444444444445,2
2009/10,Z Khan,10,2.6,130.66666666666683,4.2,23
2009/10,Z Khan,11,7.0,177.77777777777797,5.909090909090909,0
2009/10,Z Khan,12,6.2,97.77777777777796,5.416666666666667,1
2011,Z Khan,13,6.0,91.11111111111128,5.076923076923077,0
2011,Z Khan,14,5.2,77.77777777777796,4.714285714285714,21
2012,Z Khan,15,9.0,77.77777777777796,5.8,11
2012,Z Khan,16,6.6,58.09523809523828,6.125,0
2012,Z Khan,17,6.6,58.09523809523828,5.764705882352941,1
2012,Z Khan,18,6.6,58.09523809523828,5.5,0
2014,Z Khan,19,6.6,58.09523809523828,5.2105263157894735,0
2014,Z Khan,20,2.4,38.09523809523828,4.95,7
2014,Z Khan,21,1.6,53.33333333333352,5.0476190476190474,1
2016,Z Khan,22,1.8,63.33333333333352,4.863636363636363,4
2016,Z Khan,23,2.4,65.55555555555574,4.826086956521739,2
2017,Z Khan,24,2.8,75.55555555555574,4.708333333333333,1
2017,Z Khan,25,3.0,95.55555555555574,4.56,2
2017,Z Khan,26,2.0,52.52525252525271,4.461538461538462,1
