season,batter,matches_played,avg_runs_last_5,avg_sr_last_5,career_avg_runs,runs,predicted_runs
2014,SK Raina,98,33.2,99.86633249791164,29.53061224489796,1,31.924080223523962
2014,SK Raina,99,17.0,65.81871345029258,29.24242424242424,14,23.373093687884698
2014,SK Raina,100,19.8,93.81871345029258,29.09,31,30.90221500783635
2014,SK Raina,101,21.2,93.35555555555575,29.10891089108911,47,31.643495859192882
2014,SK Raina,102,19.4,99.10268199233737,29.2843137254902,35,30.745802450791448
2014,SK Raina,103,25.6,116.1397190293744,29.33980582524272,19,33.12798106167278
2014,SK Raina,104,29.2,140.37048826014362,29.240384615384617,2,33.237998476242495
2014,SK Raina,105,26.8,125.70382159347696,28.98095238095238,62,33.648031771420676
2014,SK Raina,106,33.0,126.20994404245656,29.29245283018868,65,33.992964819853526
2014,SK Raina,107,36.6,118.32445282580072,29.626168224299064,4,34.80955367827892
2014,SK Raina,108,30.4,103.82709832844624,29.38888888888889,18,28.354263296178857
2014,SK Raina,109,30.2,94.596329097677,29.28440366972477,54,35.69718974913939
2014,SK Raina,110,40.6,111.26299576434369,29.509090909090908,87,35.015313853742114
2015,SK Raina,111,45.6,152.879950238441,30.027027027027028,4,30.98631195635653
2015,SK Raina,112,33.4,139.78021978021997,29.794642857142858,14,27.27733058896721
2015,SK Raina,113,35.4,151.6849816849819,29.654867256637168,8,27.00363735434307
2015,SK Raina,114,33.4,147.6849816849819,29.46491228070176,43,32.41894661773518
2015,SK Raina,115,31.2,144.5599816849819,29.582608695652173,4,36.81296465150862
2015,SK Raina,116,14.6,87.63690476190496,29.36206896551724,62,24.23712036925447
2015,SK Raina,117,26.2,114.95833333333351,29.64102564102564,29,37.16504893185848
2015,SK Raina,118,29.2,113.10648148148168,29.635593220338983,17,31.744488978782453
2015,SK Raina,119,31.0,112.56102693602712,29.529411764705884,23,36.127735936723965
2015,SK Raina,120,27.0,116.3526936026938,29.475,52,40.77246748435968
2015,SK Raina,121,36.6,127.1526936026938,29.66115702479339,10,34.20027863457559
2015,SK Raina,122,26.2,108.4026936026938,29.5,3,35.54158304704091
2015,SK Raina,123,21.0,96.92121212121232,29.284552845528456,11,29.686712969734128
2015,SK Raina,124,19.8,108.96666666666684,29.137096774193548,41,32.67912098786201
2015,SK Raina,125,23.4,100.46216216216234,29.232,25,27.466254534330368
2015,SK Raina,126,18.0,103.47168597168616,29.1984126984127,0,32.10171754998729
2015,SK Raina,127,16.0,83.47168597168617,28.96850393700788,28,41.89335917492467
2016,SK Raina,128,21.0,101.47168597168616,28.9609375,20,33.66135857301444
2016,SK Raina,129,22.8,110.33532233532252,28.89147286821705,24,30.603094388919786
2016,SK Raina,130,19.4,107.37316017316036,28.85384615384616,27,34.46087662773415
2016,SK Raina,131,19.8,107.04189723320178,28.83969465648855,75,35.344579658510504
2016,SK Raina,132,34.8,136.45366193908413,29.189393939393938,28,31.797642400864653
2016,SK Raina,133,34.8,130.85366193908413,29.18045112781955,2,26.371127827872712
2016,SK Raina,134,31.2,102.49002557544776,28.97761194029851,34,35.80811892452253
2016,SK Raina,135,33.2,107.57573986116206,29.014814814814816,18,39.085705053287285
2016,SK Raina,136,31.4,108.09747899159684,28.933823529411764,24,36.31966063850334
2016,SK Raina,137,21.2,101.54285714285734,28.8978102189781,20,29.69210886162891
2016,SK Raina,138,19.6,119.14285714285734,28.83333333333333,14,31.92838648016851
2016,SK Raina,139,22.0,126.69841269841288,28.72661870503597,53,20.845344927556674
2016,SK Raina,140,25.8,129.5921855921858,28.9,58,13.492314486164577
2016,SK Raina,141,33.8,137.814407814408,29.106382978723403,1,17.243277916404455
2016,SK Raina,142,29.2,117.17948717948735,28.908450704225352,1,19.950183425162944
2017,SK Raina,143,25.4,81.17948717948738,28.71328671328672,68,31.123064957666184
2017,SK Raina,144,36.2,91.77777777777796,28.98611111111111,5,24.89239421012326
2017,SK Raina,145,26.6,77.09829059829079,28.82068965517241,35,31.855486466203992
2017,SK Raina,146,22.0,75.31085098476423,28.863013698630137,28,34.0324815968887
2017,SK Raina,147,27.4,92.39897359012822,28.857142857142858,23,21.059204087412112
2017,SK Raina,148,31.8,145.8989735901282,28.81756756756757,84,20.001582916340173
2017,SK Raina,149,35.0,156.26686656671683,29.187919463087248,32,18.966776210081285
2017,SK Raina,150,40.4,170.43353323338349,29.206666666666667,34,20.352334202762908
2017,SK Raina,151,40.2,161.9342344956556,29.23841059602649,1,28.542884326670013
2017,SK Raina,152,34.8,149.29055633473604,29.05263157894737,8,27.90759179539593
2017,SK Raina,153,31.8,111.79055633473604,28.91503267973856,77,32.645830737208186
2017,SK Raina,154,30.4,111.08277069267338,29.227272727272727,39,32.22366744683582
2017,SK Raina,155,31.8,115.61610402600668,29.29032258064516,6,28.561066796595878
2017,SK Raina,156,26.2,117.68062015503897,29.14102564102564,2,34.19928129071543
2018,SK Raina,157,26.4,119.01395348837228,28.96815286624204,4,30.747043394663933
2018,SK Raina,158,25.6,112.34728682170562,28.81012658227848,14,23.802953741037257
2018,SK Raina,159,13.0,99.86666666666686,28.71698113207547,46,33.939059464395015
2018,SK Raina,160,14.4,98.34408602150556,28.825,54,29.27023317152769
2018,SK Raina,161,24.0,98.88954056696012,28.981366459627328,11,32.85462475481682
2018,SK Raina,162,25.8,112.88954056696012,28.87037037037037,75,24.957884970886614
2018,SK Raina,163,40.0,130.8062072336268,29.15337423312884,1,30.660425535215037
2018,SK Raina,164,37.4,117.47287390029344,28.98170731707317,31,38.58119721763195
2018,SK Raina,165,34.4,110.75841750841772,28.993939393939392,25,26.46593425810103
2018,SK Raina,166,28.6,110.02248677248696,28.96987951807229,52,31.576050031127146
2018,SK Raina,167,36.8,113.38834043102356,29.107784431137723,2,38.33796168790374
2018,SK Raina,168,22.2,95.4716737643569,28.946428571428573,15,24.005121323635052
2018,SK Raina,169,25.0,102.13834043102356,28.86390532544379,61,21.0358090748858
2018,SK Raina,170,31.0,102.1942453925889,29.05294117647059,22,33.025199242618044
2018,SK Raina,171,30.4,109.8132930116365,29.01169590643275,32,29.86217123473192
2019,SK Raina,172,26.4,111.11410601976658,29.02906976744186,19,30.05573638967026
2019,SK Raina,173,29.8,115.87601078167135,28.97109826589596,30,41.371362760331955
2019,SK Raina,174,32.8,136.70934411500468,28.977011494252874,36,34.247327053510595
2019,SK Raina,175,27.8,135.5086580086582,29.01714285714285,16,38.87097964109539
2019,SK Raina,176,26.6,124.08008658008676,28.943181818181817,17,32.915049038313796
2019,SK Raina,177,23.6,113.60389610389628,28.875706214689263,14,34.86785809514745
2019,SK Raina,178,22.6,115.5086580086582,28.792134831460675,4,34.48090196169321
2019,SK Raina,179,17.4,98.0086580086582,28.6536312849162,58,39.66024548031358
2019,SK Raina,180,21.8,103.809523809524,28.816666666666663,13,23.711983031652778
2019,SK Raina,181,21.2,103.809523809524,28.7292817679558,0,21.387861298279066
2019,SK Raina,182,17.8,87.61904761904782,28.571428571428573,38,25.030620639347227
2019,SK Raina,183,22.6,98.01904761904784,28.62295081967213,2,25.75331207448154
2019,SK Raina,184,22.2,88.01904761904783,28.47826086956522,59,28.951744747850558
2019,SK Raina,185,22.4,91.45263157894756,28.643243243243244,53,28.54017571905741
2019,SK Raina,186,30.4,99.34736842105282,28.774193548387096,5,34.193579515044206
2019,SK Raina,187,31.4,113.63308270676713,28.647058823529413,11,27.469492235381843
2019,SK Raina,188,26.0,100.15615962984404,28.5531914893617,8,23.727596696954496
2021,SK Raina,189,27.2,100.8228262965107,28.444444444444443,54,26.98334774478483
2021,SK Raina,190,26.2,99.77019471756331,28.57894736842105,8,26.738774886475106
2021,SK Raina,191,17.2,87.87545787545807,28.471204188481675,18,25.752436739663146
2021,SK Raina,192,19.8,94.76621417797908,28.416666666666668,24,26.63806873295194
2021,SK Raina,193,22.4,104.50980392156882,28.39378238341969,17,30.06681386489616
2021,SK Raina,194,24.2,116.50980392156882,28.33505154639176,2,33.388658046090406
2021,SK Raina,195,13.8,96.50980392156882,28.2,3,29.901303690189003
2021,SK Raina,196,12.8,92.50980392156882,28.071428571428573,2,25.82927798059187
2021,SK Raina,197,9.6,81.33333333333351,27.93908629441624,11,30.633824393556445
2021,SK Raina,198,7.0,86.09523809523829,27.85353535353536,4,34.774229224823245
2021,SK Raina,199,4.4,76.76190476190496,27.733668341708544,17,29.825724507635535
2009,SK Trivedi,5,1.6,42.57142857142876,1.6,6,4.670385568482607
2009/10,SK Trivedi,6,2.2,44.90909090909109,2.333333333333333,0,5.058131943506435
2009/10,SK Trivedi,7,2.0,38.242424242424434,2.0,7,5.0451973046774095
2009/10,SK Trivedi,8,3.2,56.242424242424434,2.625,9,4.735694178638612
2009/10,SK Trivedi,9,4.6,68.62337662337681,3.333333333333333,4,4.641844341492994
2011,SK Trivedi,10,5.2,104.6233766233768,3.4,0,4.603614725835956
2012,SK Trivedi,11,4.0,93.71428571428592,3.090909090909091,5,4.038248207034079
2013,SK Trivedi,12,5.0,110.38095238095256,3.25,3,4.942126853597192
2013,SK Trivedi,13,4.2,92.38095238095256,3.230769230769231,0,3.8194681383375246
2007/08,SK Warne,5,12.2,123.76068376068396,12.2,0,13.264153849412006
2007/08,SK Warne,6,9.4,102.22222222222244,10.166666666666666,9,10.784048124230809
2009,SK Warne,7,6.8,73.33333333333353,10.0,3,11.874544534915945
2009,SK Warne,8,6.0,62.50000000000019,9.125,2,8.273365310243808
2009,SK Warne,9,5.0,65.0000000000002,8.333333333333334,34,9.955781918382613
2009,SK Warne,10,9.6,66.09523809523829,10.9,0,11.539445925673187
2009,SK Warne,11,9.6,66.09523809523829,9.909090909090908,3,10.712543271751164
2009,SK Warne,12,8.4,52.76190476190495,9.333333333333334,21,9.628413350771947
2009,SK Warne,13,12.0,70.80112044817947,10.23076923076923,21,13.373874093487931
2009,SK Warne,14,15.8,88.98293862999765,11.0,0,14.23307235220005
2009,SK Warne,15,9.0,69.55436720142622,10.266666666666667,6,11.389343525000701
2009,SK Warne,16,10.2,109.5543672014262,10.0,18,10.998189877887002
2009/10,SK Warne,17,13.2,115.30149363820784,10.470588235294118,1,11.812856867878367
2009/10,SK Warne,18,9.2,110.59561128526664,9.944444444444445,4,10.631245408757877
2009/10,SK Warne,19,5.8,83.8423645320199,9.63157894736842,1,9.853076936421976
2009/10,SK Warne,20,6.0,93.8423645320199,9.2,0,9.523432256298351
2009/10,SK Warne,21,4.8,53.84236453201989,8.761904761904763,1,10.951131125607747
2009/10,SK Warne,22,1.4,46.428571428571615,8.409090909090908,3,7.158135977349172
2011,SK Warne,23,1.8,38.428571428571615,8.173913043478262,3,8.085847645344518
2011,SK Warne,24,1.6,37.00000000000019,7.958333333333333,5,8.085847645344518
2011,SK Warne,25,2.4,60.33333333333353,7.84,0,7.066597524083618
2011,SK Warne,26,2.4,60.33333333333353,7.538461538461538,2,7.066597524083618
2012,SL Malinga,5,2.8,86.33333333333353,2.8,11,4.621646220588293
2012,SL Malinga,6,5.0,102.04761904761924,4.166666666666667,14,6.462366949479711
2012,SL Malinga,7,7.6,102.04761904761924,5.571428571428571,0,6.896117976106361
2012,SL Malinga,8,7.4,97.04761904761924,4.875,8,5.846899677454686
2012,SL Malinga,9,7.6,95.71428571428592,5.222222222222222,17,6.505004062570125
2013,SL Malinga,10,10.0,82.38095238095256,6.4,7,8.041071460904243
2013,SL Malinga,11,9.2,78.33333333333351,6.454545454545454,0,8.205196446184306
2013,SL Malinga,12,6.4,58.33333333333352,5.916666666666667,1,7.995879664614005
2013,SL Malinga,13,6.6,78.33333333333353,5.538461538461538,1,7.037390431155498
2013,SL Malinga,14,5.2,71.66666666666686,5.214285714285714,0,6.9045764584604035
2013,SL Malinga,15,1.8,51.666666666666856,4.866666666666666,0,6.545090180616398
2014,SL Malinga,16,0.4,40.00000000000019,4.5625,2,4.472044260639385
2015,SL Malinga,17,0.8,50.00000000000019,4.411764705882353,6,4.883025206102733
2017,SL Malinga,18,1.8,40.9090909090911,4.5,0,5.721529770375254
2017,SL Malinga,19,1.6,20.9090909090911,4.2631578947368425,7,5.392535631990021
2019,SM Curran,5,6.8,133.33333333333354,6.8,0,8.813866336123809
2019,SM Curran,6,2.8,93.33333333333351,5.666666666666667,55,6.711259308302064
2019,SM Curran,7,13.8,139.16666666666686,12.714285714285714,6,16.58310409939371
2020/21,SM Curran,8,14.0,122.97619047619068,11.875,18,14.55441129818407
2020/21,SM Curran,9,16.0,129.64285714285734,12.555555555555555,17,15.840324143793605
2020/21,SM Curran,10,19.2,179.64285714285734,13.0,17,11.275712051137663
2020/21,SM Curran,11,22.6,210.55194805194824,13.363636363636363,0,16.656854904451766
2020/21,SM Curran,12,11.6,164.7186147186149,12.25,15,10.641918580164264
2020/21,SM Curran,13,13.4,207.5757575757578,12.461538461538462,52,12.138215068243149
2020/21,SM Curran,14,20.2,168.37575757575777,15.285714285714286,0,16.14191480113013
2020/21,SM Curran,15,16.8,111.70909090909107,14.266666666666667,31,20.768134626051108
2020/21,SM Curran,16,19.6,108.98181818181835,15.3125,22,19.213440862380285
2020/21,SM Curran,17,24.0,126.58181818181836,15.705882352941176,13,18.121774564769066
2020/21,SM Curran,18,23.6,85.15324675324693,15.555555555555555,1,17.918730179153798
2021,SM Curran,19,13.4,74.35324675324694,14.789473684210526,34,24.239447676943513
2021,SM Curran,20,20.2,116.85324675324694,15.75,5,24.655904415963736
2021,SM Curran,21,15.0,113.67142857142876,15.238095238095235,13,17.35801263270933
2021,SM Curran,22,13.2,139.4047619047621,15.136363636363637,4,12.708247914479328
2023,SM Curran,23,11.4,140.8333333333335,14.652173913043478,26,13.038304710217721
2023,SM Curran,24,16.4,159.7222222222224,15.125,1,13.071424966519583
2023,SM Curran,25,9.8,127.2222222222224,14.56,22,13.119723788974692
2023,SM Curran,26,13.2,131.5555555555557,14.846153846153848,22,15.288351039215415
2023,SM Curran,27,15.0,106.55555555555574,15.11111111111111,6,16.41620107461802
2023,SM Curran,28,15.4,106.55555555555574,14.785714285714286,10,15.508392615390315
2023,SM Curran,29,12.2,94.33333333333351,14.620689655172416,55,14.940770560973444
2023,SM Curran,30,23.0,121.00000000000018,15.966666666666669,21,16.327877615988093
2023,SM Curran,31,22.8,126.66666666666686,16.129032258064516,29,17.63601338404742
2023,SM Curran,32,24.2,135.95238095238113,16.53125,4,17.11052155401108
2023,SM Curran,33,23.8,124.84126984127003,16.151515151515152,20,17.156088328577454
2023,SM Curran,34,25.8,124.17460317460336,16.264705882352942,11,19.396520653955065
2023,SM Curran,35,17.0,131.50793650793668,16.114285714285714,49,17.786469167669903
2024,SM Curran,36,22.6,125.3314659197014,17.02777777777778,63,18.590304954999585
2024,SM Curran,37,29.4,123.96241830065378,18.27027027027027,23,24.690021407295713
2024,SM Curran,38,33.2,139.28405572755435,18.394736842105264,0,24.775434996954992
2024,SM Curran,39,29.2,123.28405572755436,17.923076923076923,5,25.30978843371993
2024,SM Curran,40,28.0,91.78405572755436,17.6,29,23.579180203354504
2024,SM Curran,41,24.0,89.32416267942601,17.878048780487806,6,20.054310695589933
2024,SM Curran,42,12.6,75.07416267942601,17.595238095238095,6,22.94526905296104
2024,SM Curran,43,9.2,65.86363636363654,17.325581395348838,20,14.693133760271001
2024,SM Curran,44,13.2,85.86363636363654,17.386363636363637,26,16.86015307883319
2024,SM Curran,45,17.4,95.0303030303032,17.57777777777778,7,22.839917743078278
2024,SM Curran,46,13.0,81.39393939393958,17.347826086956523,22,16.65463681942548
2024,SM Curran,47,16.2,95.27629233511604,17.4468085106383,63,22.199558159031884
2009,SM Katich,5,28.6,102.81150087235298,28.6,50,29.571401783327644
2009,SM Katich,6,34.4,118.1056185194118,32.166666666666664,9,33.8598641202616
2009,SM Katich,7,21.2,107.19652761032089,28.857142857142858,0,24.08890917150975
2009,SM Katich,8,20.6,95.19652761032089,25.25,20,25.681086287419504
2009,SM Katich,9,17.8,111.74825174825192,24.666666666666668,11,23.321861697557193
2009,SM Katich,10,18.0,116.36363636363652,23.3,8,23.53990025259392
2007/08,SM Pollock,5,26.2,145.3314659197014,26.2,0,21.03382045778471
2007/08,SM Pollock,6,20.6,98.66479925303472,21.83333333333333,16,18.239282771994056
2007/08,SM Pollock,7,20.4,101.10924369747916,21.0,0,18.520477891212415
2015,SN Khan,5,15.8,137.09956709956728,15.8,1,18.489890923768023
2015,SN Khan,6,13.8,125.67099567099584,13.333333333333334,31,15.017895384739065
2016,SN Khan,7,11.0,114.28571428571448,15.857142857142858,35,13.997039888912964
2016,SN Khan,8,16.4,164.28571428571448,18.25,1,14.053226673754935
2016,SN Khan,9,14.4,142.85714285714303,16.333333333333332,28,17.334883062530675
2016,SN Khan,10,19.2,160.6349206349208,17.5,2,15.795678939750841
2018,SN Khan,11,19.4,180.6349206349208,16.09090909090909,6,13.354675103501526
2018,SN Khan,12,14.4,163.11111111111128,15.25,0,13.033567830053354
2018,SN Khan,13,7.4,93.11111111111128,14.076923076923077,5,14.251618158052931
2018,SN Khan,14,8.2,99.77777777777796,13.428571428571429,11,13.565267260339747
2018,SN Khan,15,4.8,90.66666666666686,13.266666666666667,22,13.62851491692017
2018,SN Khan,16,8.8,105.66666666666686,13.8125,7,16.091889005348786
2019,SN Khan,17,9.0,111.16666666666686,13.411764705882351,46,14.378111137922396
2019,SN Khan,18,18.2,141.83333333333354,15.22222222222222,13,15.313472739302023
2019,SN Khan,19,19.8,145.16666666666686,15.105263157894736,39,18.357344147029817
2019,SN Khan,20,25.4,150.0632183908048,16.3,67,15.249981699079107
2019,SN Khan,21,34.4,117.3965517241381,18.714285714285715,15,29.561002996305678
2020/21,SN Khan,22,36.0,122.9734748010612,18.545454545454547,12,24.332472296907678
2020/21,SN Khan,23,29.2,112.30680813439452,18.26086956521739,7,24.08179051583224
2020/21,SN Khan,24,28.0,109.80680813439452,17.791666666666668,14,23.958866801122692
2021,SN Khan,25,23.0,110.91025641025658,17.64,0,20.546110359220346
2021,SN Khan,26,9.6,88.57692307692325,16.96153846153846,0,18.306286642709345
2022,SN Khan,27,6.6,65.50000000000018,16.333333333333332,36,13.905046874654596
2022,SN Khan,28,11.4,70.32758620689674,17.035714285714285,12,17.491726685170033
2022,SN Khan,29,12.4,69.97044334975388,16.862068965517242,1,16.54582598740838
2022,SN Khan,30,9.8,48.63711001642054,16.333333333333332,32,12.531450848053137
2022,SN Khan,31,16.2,88.63711001642055,16.838709677419356,10,16.909463433353814
2023,SN Khan,32,18.2,117.20853858784912,16.625,4,20.146998467562497
2023,SN Khan,33,11.8,101.26984126984144,16.242424242424242,30,11.911776024611145
2023,SN Khan,34,15.4,101.77404295051372,16.647058823529413,10,18.114062575634748
2023,SN Khan,35,17.2,117.32959850606926,16.457142857142856,9,20.45153297791105
2019,SN Thakur,5,4.4,83.33333333333351,4.4,12,7.718042501388731
2019,SN Thakur,6,5.4,108.00000000000018,5.666666666666667,2,7.570489421303771
2020/21,SN Thakur,7,5.8,128.00000000000017,5.142857142857143,11,7.180458591820795
2020/21,SN Thakur,8,8.0,139.00000000000017,5.875,1,8.766962491480493
2021,SN Thakur,9,8.2,159.00000000000017,5.333333333333333,1,5.432368357296911
2021,SN Thakur,10,5.4,119.00000000000018,4.9,3,6.9969380267296595
2021,SN Thakur,11,3.6,101.00000000000018,4.727272727272728,1,5.778109616193549
2021,SN Thakur,12,3.4,101.00000000000018,4.416666666666667,0,5.757100687720891
2022,SN Thakur,13,1.2,90.00000000000018,4.076923076923077,22,4.586004743460723
2022,SN Thakur,14,5.4,110.00000000000018,5.357142857142857,2,6.9830757631252744
2022,SN Thakur,15,5.6,96.66666666666684,5.133333333333334,29,6.4920098055140905
2022,SN Thakur,16,10.8,119.39393939393958,6.625,17,7.876556251263541
2022,SN Thakur,17,14.0,133.39393939393958,7.235294117647059,10,9.297020300713859
2022,SN Thakur,18,16.0,161.96536796536813,7.388888888888889,8,6.85776818219523
2022,SN Thakur,19,13.2,133.39393939393958,7.421052631578948,1,7.867048973054415
2022,SN Thakur,20,13.0,136.7272727272729,7.1,24,9.556660201316394
2022,SN Thakur,21,12.0,109.26315789473702,7.904761904761905,3,10.922672001115345
2022,SN Thakur,22,9.2,90.26315789473702,7.681818181818182,4,10.00305904883989
2023,SN Thakur,23,8.0,75.02506265664178,7.521739130434782,8,9.303376584628097
2023,SN Thakur,24,8.0,116.92982456140366,7.541666666666667,68,8.422729806633793
2023,SN Thakur,25,21.4,152.26315789473702,9.96,0,10.880970501408367
2023,SN Thakur,26,16.6,127.00000000000018,9.576923076923077,12,12.331576348250582
2023,SN Thakur,27,18.4,146.28571428571445,9.666666666666666,13,11.806118609151103
2023,SN Thakur,28,20.2,156.58874458874476,9.785714285714286,0,13.22135871267312
2023,SN Thakur,29,18.6,103.25541125541145,9.448275862068966,8,12.150105606600217
2023,SN Thakur,30,6.6,80.77922077922095,9.4,1,10.084431975827556
2023,SN Thakur,31,6.8,90.77922077922096,9.129032258064516,3,9.134757816647262
2024,SN Thakur,32,5.0,65.06493506493524,8.9375,17,9.077046744735009
2024,SN Thakur,33,5.8,69.76190476190496,9.181818181818182,3,9.279725996241883
2024,SN Thakur,34,6.4,84.76190476190496,9.0,1,9.326423874044727
2020/21,SO Hetmyer,5,18.0,68.88888888888907,18.0,7,30.930573887651185
2020/21,SO Hetmyer,6,19.4,79.65811965811984,16.166666666666668,10,13.667061946186143
2020/21,SO Hetmyer,7,20.4,102.9914529914532,15.285714285714286,45,23.25916154643322
2020/21,SO Hetmyer,8,27.6,120.4914529914532,19.0,7,18.89958043777513
2020/21,SO Hetmyer,9,28.8,146.26923076923097,17.666666666666668,11,20.18385166067434
2020/21,SO Hetmyer,10,16.0,147.69780219780236,17.0,16,17.24277419213198
2020/21,SO Hetmyer,11,17.8,161.54395604395623,16.90909090909091,21,15.695369892302413
2020/21,SO Hetmyer,12,20.0,153.85164835164852,17.25,11,17.05896089475902
2020/21,SO Hetmyer,13,13.2,133.27472527472543,16.76923076923077,10,15.832366491589903
2020/21,SO Hetmyer,14,13.8,138.6080586080588,16.285714285714285,42,13.739082736051827
2020/21,SO Hetmyer,15,20.0,143.7012263099221,18.0,5,19.3124543120997
2021,SO Hetmyer,16,17.8,139.08584169453752,17.1875,14,17.452680438903684
2021,SO Hetmyer,17,16.4,137.88926049795634,17.0,1,16.01563818119787
2021,SO Hetmyer,18,14.4,130.9661835748794,16.11111111111111,53,19.721526737674402
2021,SO Hetmyer,19,23.0,140.0328502415461,18.05263157894737,0,19.223912662223942
2021,SO Hetmyer,20,14.6,103.51111111111132,17.15,16,19.705776204180186
2021,SO Hetmyer,21,16.8,136.8444444444446,17.095238095238095,4,17.0019805597147
2021,SO Hetmyer,22,14.8,121.73333333333352,16.5,28,19.982288719779746
2021,SO Hetmyer,23,20.2,144.67450980392175,17.0,29,17.44205260238858
2021,SO Hetmyer,24,15.4,128.63814616755812,17.5,28,20.12080630443369
2021,SO Hetmyer,25,21.0,155.30481283422478,17.92,15,17.969948266031146
2021,SO Hetmyer,26,20.8,139.47147950089146,17.807692307692307,37,19.199853295883326
2021,SO Hetmyer,27,27.4,150.87888690829885,18.51851851851852,17,18.77092477324088
2022,SO Hetmyer,28,25.2,151.93771043771062,18.464285714285715,32,17.269466386903748
2022,SO Hetmyer,29,25.8,168.24074074074093,18.93103448275862,35,17.275209061930756
2022,SO Hetmyer,30,27.2,182.7505446623096,19.466666666666665,42,13.816601005999146
2022,SO Hetmyer,31,32.6,171.50054466230958,20.193548387096776,59,17.73018451465662
2022,SO Hetmyer,32,37.0,176.87091503267993,21.40625,29,18.49227362643135
2022,SO Hetmyer,33,39.4,175.09313725490216,21.63636363636364,26,22.099464288956728
2022,SO Hetmyer,34,38.2,164.9264705882355,21.764705882352946,1,21.620655203128862
2022,SO Hetmyer,35,31.4,143.75000000000017,21.17142857142857,3,26.713201914385785
2022,SO Hetmyer,36,23.6,126.07142857142875,20.666666666666668,6,21.209320520875366
2022,SO Hetmyer,37,13.0,100.79365079365098,20.27027027027027,27,21.147007882410815
2022,SO Hetmyer,38,12.6,102.32142857142875,20.44736842105263,31,19.37827167627997
2022,SO Hetmyer,39,13.6,104.2658730158732,20.71794871794872,6,22.15241988665262
2022,SO Hetmyer,40,14.6,101.40873015873036,20.35,4,22.341601002050474
2022,SO Hetmyer,41,14.8,104.2658730158732,19.951219512195124,2,21.379631067091097
2022,SO Hetmyer,42,14.0,110.09920634920654,19.52380952380953,11,19.144683814237847
2023,SO Hetmyer,43,10.8,94.68253968253988,19.32558139534884,22,16.190623874010118
2023,SO Hetmyer,44,9.0,87.73809523809544,19.38636363636364,36,16.443107294403617
2023,SO Hetmyer,45,15.0,110.5952380952383,19.75555555555556,39,19.65294670062012
2023,SO Hetmyer,46,22.0,136.309523809524,20.17391304347826,30,19.954513361927646
2023,SO Hetmyer,47,27.6,154.55513784461172,20.382978723404257,56,17.201488360756212
2023,SO Hetmyer,48,36.6,177.70328599275987,21.125,2,19.798646990458376
2023,SO Hetmyer,49,32.6,158.20328599275985,20.73469387755102,3,26.489565057900816
2023,SO Hetmyer,50,26.0,124.20328599275986,20.38,8,23.321925784278573
2023,SO Hetmyer,51,19.8,103.06042884990272,20.137254901960784,8,26.46100267580002
2023,SO Hetmyer,52,15.4,89.25925925925944,19.90384615384616,7,18.132473015787603
2023,SO Hetmyer,53,5.6,57.77777777777796,19.660377358490567,7,24.868980810189115
2023,SO Hetmyer,54,6.6,77.77777777777797,19.425925925925927,35,16.88590117161592
2023,SO Hetmyer,55,13.0,108.61988304093586,19.70909090909091,46,20.409727976410434
2024,SO Hetmyer,56,20.6,121.36988304093586,20.178571428571427,5,21.158248190203857
2024,SO Hetmyer,57,20.0,117.87781954887237,19.912280701754387,14,24.66213077356403
2024,SO Hetmyer,58,21.4,142.87781954887237,19.810344827586206,11,22.07766590003782
2024,SO Hetmyer,59,22.2,146.30639097744378,19.661016949152543,13,24.475950270916034
2024,SO Hetmyer,60,17.8,161.4642857142859,19.55,27,19.350775998001456
2024,SO Hetmyer,61,14.0,186.7142857142859,19.672131147540984,0,20.979967602540526
2024,SO Hetmyer,62,13.0,172.42857142857162,19.35483870967742,13,19.61566959144303
2024,SO Hetmyer,63,12.8,166.3174603174605,19.253968253968253,26,17.85593150340012
2024,SO Hetmyer,64,15.8,169.55555555555574,19.359375,4,21.41801429389856
2007/08,SP Fleming,5,14.4,69.37535014005621,14.4,26,26.9064665949534
2007/08,SP Fleming,6,17.0,68.73495605138626,16.333333333333332,32,24.157879237389796
2007/08,SP Fleming,7,23.4,99.21114652757672,18.571428571428573,45,14.277036955416568
2007/08,SP Fleming,8,29.6,105.2405582922826,21.875,7,25.20381014206972
2007/08,SP Fleming,9,22.2,110.90722495894929,20.22222222222222,14,22.401260866210826
2009/10,SP Goswami,5,27.0,82.26338270926503,27.0,8,17.279211813115555
2011,SP Goswami,6,24.6,81.59671604259836,23.83333333333333,22,18.620124088461722
2011,SP Goswami,7,18.6,78.36305048335142,23.571428571428573,6,20.73678475040462
2011,SP Goswami,8,17.8,107.83673469387772,21.375,1,22.402127923491747
2011,SP Goswami,9,9.4,95.28571428571448,19.11111111111111,0,18.282881789244424
2012,SP Goswami,10,7.4,81.95238095238113,17.2,23,16.134298695393923
2012,SP Goswami,11,10.4,90.1629072681706,17.727272727272727,0,20.915383758529565
2012,SP Goswami,12,6.0,69.21052631578966,16.25,24,16.146101765987357
2012,SP Goswami,13,9.6,51.02870813397148,16.846153846153847,1,16.789379838713877
2012,SP Goswami,14,9.6,56.02870813397148,15.714285714285714,18,14.32472549177766
2012,SP Goswami,15,13.2,72.39234449760784,15.866666666666667,3,17.471829733408203
2018,SP Goswami,16,9.2,68.18181818181836,15.0625,35,15.283132293562458
2018,SP Goswami,17,16.2,93.18181818181836,16.235294117647058,12,18.22413049408766
2018,SP Goswami,18,13.8,98.0303030303032,16.0,5,15.314682618864806
2020/21,SP Goswami,19,14.6,108.0303030303032,15.421052631578949,0,16.119962327541316
2020/21,SP Goswami,20,11.0,91.66666666666684,14.65,0,23.259185731544097
2022,SP Jackson,5,8.2,109.04575163398712,8.2,7,12.143098366100848
2022,SP Jackson,6,7.2,81.04575163398711,8.0,8,10.76880512648597
2022,SP Jackson,7,5.6,82.2222222222224,8.0,5,9.630212801074263
2013,SP Narine,5,2.6,72.38095238095256,2.6,13,4.493677180525191
2013,SP Narine,6,5.2,115.71428571428592,4.333333333333333,3,6.766425198012088
2013,SP Narine,7,4.0,100.00000000000018,4.142857142857143,1,6.011109168054546
2014,SP Narine,8,3.8,90.00000000000018,3.75,6,5.25872409272451
2014,SP Narine,9,4.8,85.00000000000018,4.0,1,6.2648354412347675
2014,SP Narine,10,4.8,88.33333333333351,3.7,1,5.850168510196687
2014,SP Narine,11,2.4,65.00000000000018,3.4545454545454546,2,3.4141841832908013
2015,SP Narine,12,2.2,65.00000000000018,3.333333333333333,0,3.5972563365190835
2016,SP Narine,13,2.0,55.000000000000185,3.076923076923077,4,3.437282635736298
2016,SP Narine,14,1.6,60.000000000000185,3.142857142857143,2,2.5392909336908507
2016,SP Narine,15,1.8,55.71428571428589,3.066666666666667,1,3.437282635736298
2017,SP Narine,16,1.8,42.38095238095256,2.9375,1,3.3647756630498376
2017,SP Narine,17,1.6,42.38095238095256,2.823529411764706,37,3.4127892531011357
2017,SP Narine,18,9.0,81.3283208020052,4.722222222222222,6,6.811214557439967
2017,SP Narine,19,9.4,74.66165413533852,4.789473684210527,1,8.500067781457064
2017,SP Narine,20,9.2,88.9473684210528,4.6,42,7.458665539479971
2017,SP Narine,21,17.4,131.6924664602685,6.380952380952381,34,8.278730892275297
2017,SP Narine,22,24.0,159.4702442380463,7.636363636363637,16,9.198719285183515
2017,SP Narine,23,19.8,147.18954248366032,8.0,4,10.770389639075724
2017,SP Narine,24,19.4,153.85620915032698,7.833333333333333,1,9.463653551677695
2017,SP Narine,25,19.4,138.85620915032698,7.56,0,9.087346204851787
2017,SP Narine,26,11.0,89.44444444444461,7.269230769230769,54,9.174794294685134
2017,SP Narine,27,15.0,108.50877192982476,9.0,18,10.990173551907848
2017,SP Narine,28,15.4,117.84210526315807,9.321428571428571,0,14.263632581487832
2017,SP Narine,29,14.6,97.84210526315807,9.0,10,10.95817592154078
2018,SP Narine,30,16.4,112.84210526315807,9.033333333333331,50,11.018782749157356
2018,SP Narine,31,26.4,162.8421052631581,10.35483870967742,12,8.660283664382227
2018,SP Narine,32,18.0,154.00000000000017,10.40625,9,8.98881281807148
2018,SP Narine,33,16.2,134.36363636363654,10.363636363636363,1,11.182528108748196
2018,SP Narine,34,16.4,139.36363636363654,10.088235294117649,35,11.58659004307727
2018,SP Narine,35,21.4,147.36363636363654,10.8,1,12.585220248476347
2018,SP Narine,36,11.6,102.36363636363654,10.52777777777778,26,10.48922107840438
2018,SP Narine,37,14.4,112.14141414141432,10.945945945945946,27,15.459449186009211
2018,SP Narine,38,18.0,120.32323232323247,11.36842105263158,32,15.112476888484414
2018,SP Narine,39,24.2,145.79942279942298,11.897435897435898,5,14.316102188106054
2018,SP Narine,40,18.2,142.79942279942298,11.725,4,13.30719346802183
2018,SP Narine,41,18.8,177.79942279942298,11.53658536585366,75,13.24373528594146
2018,SP Narine,42,28.6,160.56218556218573,13.047619047619047,21,21.97793507800369
2018,SP Narine,43,27.4,196.0167310167312,13.232558139534884,29,15.864031657605711
2018,SP Narine,44,26.8,213.8738738738741,13.590909090909092,4,13.71444304793769
2018,SP Narine,45,26.6,228.8738738738741,13.377777777777778,26,12.494390343247376
2019,SP Narine,46,31.0,228.8738738738741,13.652173913043478,24,23.492749702454077
2019,SP Narine,47,20.8,236.3333333333336,13.872340425531917,10,17.196574225801445
2019,SP Narine,48,18.6,201.3333333333335,13.791666666666666,47,15.954896081521426
2019,SP Narine,49,22.2,187.814814814815,14.46938775510204,6,16.98819268099323
2019,SP Narine,50,22.6,171.814814814815,14.3,2,17.505281670198475
2019,SP Narine,51,17.8,136.814814814815,14.058823529411764,18,12.912272442077144
2019,SP Narine,52,16.6,111.314814814815,14.134615384615383,25,18.931369772970207
2019,SP Narine,53,19.6,148.814814814815,14.339622641509434,11,22.312140793716896
2020/21,SP Narine,54,12.4,141.50000000000017,14.27777777777778,64,11.797209682686942
2020/21,SP Narine,55,24.0,154.07142857142875,15.181818181818182,17,14.622269903308476
2020/21,SP Narine,56,27.0,183.07142857142875,15.214285714285714,15,14.780356727882305
2020/21,SP Narine,57,26.4,180.57142857142875,15.210526315789474,9,18.506556030918873
2020/21,SP Narine,58,23.2,136.07142857142875,15.10344827586207,3,15.875910024914388
2020/21,SP Narine,59,21.6,120.57142857142875,14.898305084745765,6,21.104280255564642
2020/21,SP Narine,60,10.0,104.00000000000018,14.75,0,12.954220223118048
2020/21,SP Narine,61,6.6,70.00000000000018,14.508196721311476,7,19.477244799217342
2020/21,SP Narine,62,5.0,70.00000000000018,14.387096774193548,0,16.729203762990558
2021,SP Narine,63,3.2,52.000000000000185,14.158730158730158,4,14.860682802395837
2021,SP Narine,64,3.4,66.66666666666684,14.0,6,15.678585849296944
2021,SP Narine,65,3.4,63.80952380952399,13.876923076923076,0,12.638080702819444
2021,SP Narine,66,3.4,63.80952380952399,13.666666666666666,0,12.037350546418402
2021,SP Narine,67,2.0,43.80952380952399,13.462686567164178,21,14.496930518087535
2021,SP Narine,68,6.2,85.809523809524,13.573529411764708,0,12.66378829264923
2021,SP Narine,69,5.4,59.14285714285732,13.376811594202898,3,14.803855721032983
2021,SP Narine,70,4.8,62.000000000000185,13.228571428571428,26,10.291350994593355
2021,SP Narine,71,10.0,92.58823529411782,13.408450704225352,0,13.526507786019433
2021,SP Narine,72,10.0,92.58823529411782,13.22222222222222,2,13.526507786019433
2022,SP Narine,73,6.2,63.921568627451165,13.068493150684931,12,8.973329801536604
2022,SP Narine,74,8.6,93.92156862745117,13.054054054054054,4,13.49485078838874
2022,SP Narine,75,8.8,113.92156862745117,12.933333333333334,6,11.208630442117954
2022,SP Narine,76,4.8,143.33333333333354,12.842105263157896,5,12.320895172799691
2022,SP Narine,77,5.8,163.33333333333354,12.74025974025974,0,10.076934524073005
2022,SP Narine,78,5.4,150.00000000000017,12.576923076923077,22,11.029004041620222
2022,SP Narine,79,7.4,156.66666666666686,12.69620253164557,0,9.838299262485029
2022,SP Narine,80,6.6,116.66666666666686,12.5375,1,14.814333577364692
2022,SP Narine,81,5.6,66.66666666666686,12.395061728395062,21,9.778732055667815
2023,SP Narine,82,8.8,106.66666666666686,12.5,7,14.976010334119922
2023,SP Narine,83,10.2,176.66666666666686,12.433734939759036,0,13.907020120987557
2023,SP Narine,84,5.8,140.00000000000017,12.285714285714286,0,10.32600175441447
2023,SP Narine,85,5.8,140.00000000000017,12.141176470588237,0,11.350803197697827
2023,SP Narine,86,5.6,130.00000000000017,12.0,2,12.962663595467912
2023,SP Narine,87,1.8,80.0000000000002,11.885057471264368,4,13.351394849127942
2023,SP Narine,88,1.2,23.333333333333524,11.795454545454543,0,12.844729637354078
2023,SP Narine,89,1.2,23.333333333333524,11.662921348314606,1,12.844729637354078
2023,SP Narine,90,1.4,33.33333333333353,11.544444444444444,6,13.242867880349678
2023,SP Narine,91,2.6,57.33333333333353,11.483516483516484,1,12.50530242086528
2024,SP Narine,92,2.4,54.00000000000019,11.369565217391305,2,13.16746699937071
2024,SP Narine,93,2.0,48.666666666666856,11.268817204301076,47,13.590087134159466
2024,SP Narine,94,11.4,89.53623188405817,11.648936170212766,85,11.198226919981341
2024,SP Narine,95,28.2,120.01242236024864,12.421052631578949,27,20.37800877535769
2024,SP Narine,96,32.4,119.49068322981388,12.572916666666666,6,24.348865989729394
2024,SP Narine,97,33.4,132.82401656314718,12.505154639175258,109,18.89708445398366
2024,SP Narine,98,54.8,158.88651656314718,13.489795918367347,10,13.88839751471634
2024,SP Narine,99,47.4,131.3502846790892,13.454545454545457,71,30.700441079847156
2024,SP Narine,100,44.6,130.3185386473432,14.03,15,15.652191549279515
2024,SP Narine,101,42.2,136.84027777777797,14.03960396039604,8,31.482991386154048
2024,SP Narine,102,42.6,136.84027777777797,13.980392156862743,81,35.65165143388791
2024,SP Narine,103,37.0,143.27777777777797,14.631067961165048,0,20.321222891906288
2024,SP Narine,104,35.0,129.94444444444463,14.490384615384617,21,15.820240991440173
2024,SP Narine,105,25.0,115.20588235294136,14.552380952380952,6,17.747195658054515
2012,SPD Smith,5,27.4,147.15967908902712,27.4,23,17.592444397306036
2012,SPD Smith,6,24.2,143.69376999811803,26.666666666666668,34,13.90341383831642
2012,SPD Smith,7,26.0,150.5985319028799,27.714285714285715,26,23.944399750727428
2012,SPD Smith,8,28.6,167.7413890457371,27.5,47,20.201732178637183
2012,SPD Smith,9,29.2,164.2953342953345,29.666666666666668,2,21.559091396013468
2012,SPD Smith,10,26.4,148.1048581048583,26.9,14,22.58030379063431
2012,SPD Smith,11,24.6,144.69576719576736,25.727272727272727,18,24.52101352508338
2012,SPD Smith,12,21.4,111.77651253738227,25.08333333333333,24,23.450898403655238
2012,SPD Smith,13,21.0,93.83365539452517,25.0,37,28.68039936712791
2013,SPD Smith,14,19.0,82.88980832164582,25.857142857142858,39,24.84498163758195
2013,SPD Smith,15,26.4,124.97314165497914,26.73333333333333,17,24.975985623529205
2013,SPD Smith,16,27.0,121.07314165497914,26.125,6,28.11031740098724
2013,SPD Smith,17,24.6,118.754301075269,24.94117647058824,41,22.22117586530347
2013,SPD Smith,18,28.0,125.17930107526902,25.83333333333333,17,21.261641887613294
2013,SPD Smith,19,24.0,143.80833333333354,25.36842105263158,35,20.682792411436797
2013,SPD Smith,20,23.2,112.55833333333354,25.85,4,19.159953211565806
2014,SPD Smith,21,20.6,118.95833333333351,24.80952380952381,27,25.675687987173976
2014,SPD Smith,22,24.8,141.6250000000002,24.90909090909091,19,21.715636945923688
2014,SPD Smith,23,20.4,135.0000000000002,24.65217391304348,24,20.637373916875664
2014,SPD Smith,24,21.8,126.78571428571448,24.625,3,26.356850790056264
2014,SPD Smith,25,15.4,139.2857142857145,23.76,22,21.995996435470843
2014,SPD Smith,26,19.0,132.2268907563027,23.692307692307693,48,17.988962105368472
2014,SPD Smith,27,23.2,139.8632543926663,24.59259259259259,9,21.62004580860568
2015,SPD Smith,28,21.2,143.3632543926663,24.035714285714285,33,21.16597349364843
2015,SPD Smith,29,23.0,136.57754010695209,24.344827586206897,10,22.61207461986921
2015,SPD Smith,30,24.4,128.79976232917429,23.866666666666667,79,20.925782706231267
2015,SPD Smith,31,35.8,145.11784511784532,25.64516129032258,13,23.062246448486444
2015,SPD Smith,32,28.8,125.1178451178453,25.25,6,24.483285982665873
2015,SPD Smith,33,28.2,119.76070226070246,24.666666666666668,5,23.48775865179197
2015,SPD Smith,34,22.6,125.5940355940358,24.08823529411765,31,22.625609722774847
2015,SPD Smith,35,26.8,125.51467051467073,24.285714285714285,23,24.971518275975786
2015,SPD Smith,36,15.6,117.16450216450237,24.25,68,26.129622284611493
2015,SPD Smith,37,26.6,127.52813852813873,25.43243243243243,4,19.366347340236622
2015,SPD Smith,38,26.2,123.71861471861492,24.86842105263158,14,24.78927790742121
2015,SPD Smith,39,28.0,115.83982683982704,24.58974358974359,12,24.97406518374605
2016,SPD Smith,40,24.2,112.15850815850835,24.275,5,24.98709546451135
2016,SPD Smith,41,20.6,107.9160839160841,23.804878048780488,38,25.96958699206862
2016,SPD Smith,42,14.6,102.06423206423226,24.142857142857142,4,25.23866927710637
2016,SPD Smith,43,14.6,108.73089873089891,23.67441860465116,31,23.036281314316103
2016,SPD Smith,44,18.0,105.4192104192106,23.84090909090909,46,27.07449084919326
2016,SPD Smith,45,24.8,109.39669634791603,24.33333333333333,101,25.430127287199785
2016,SPD Smith,46,44.0,130.13743708865678,26.0,45,31.698974787500365
2017,SPD Smith,47,45.4,139.48928894050863,26.404255319148938,84,16.209212017185067
2017,SPD Smith,48,61.4,150.0347434859632,27.604166666666668,26,46.20415389323358
2017,SPD Smith,49,60.4,146.46331491453464,27.571428571428573,43,27.29609656912752
2017,SPD Smith,50,59.8,152.6909571909574,27.88,27,47.08146228991623
2017,SPD Smith,51,45.0,136.05278055278075,27.862745098039216,27,23.723095788539883
2017,SPD Smith,52,41.4,124.26706626706644,27.846153846153847,17,21.25449443291672
2017,SPD Smith,53,28.0,122.05494505494524,27.641509433962263,51,21.840746948596628
2017,SPD Smith,54,33.0,131.05108405108425,28.07407407407408,45,26.182358822506732
2017,SPD Smith,55,33.4,130.5094173844176,28.381818181818183,4,21.091385004552716
2017,SPD Smith,56,28.8,149.7401866151868,27.946428571428573,9,29.798918422355204
2017,SPD Smith,57,25.2,144.02590090090112,27.61403508771929,34,22.070236764245927
2017,SPD Smith,58,28.6,132.69256756756778,27.724137931034484,38,23.692159478228508
2017,SPD Smith,59,26.0,126.83928571428592,27.89830508474576,15,29.520343631289432
2017,SPD Smith,60,20.0,115.3809523809526,27.683333333333334,1,24.40685041661551
2017,SPD Smith,61,19.4,85.38095238095258,27.24590163934426,51,21.38043094318832
2019,SPD Smith,62,27.8,84.6262353998205,27.62903225806452,20,28.627075449262556
2019,SPD Smith,63,25.0,91.1556471645264,27.50793650793651,28,30.148381195446763
2019,SPD Smith,64,23.0,86.41105841993763,27.515625,38,36.54059765519811
2019,SPD Smith,65,27.6,93.49439175327096,27.67692307692308,73,31.903588222588603
2019,SPD Smith,66,42.0,107.42881798277918,28.363636363636363,15,42.332643299250876
2019,SPD Smith,67,34.8,101.81989860027488,28.16417910447761,12,31.884859262767122
2019,SPD Smith,68,33.2,94.290486835569,27.926470588235293,59,31.46986125165032
2019,SPD Smith,69,39.4,101.90412319920536,28.3768115942029,50,26.531139169851
2019,SPD Smith,70,41.8,108.45715350223566,28.685714285714287,2,26.594236513485686
2019,SPD Smith,71,27.6,91.18939393939412,28.309859154929576,22,26.8076523447011
2020/21,SPD Smith,72,29.0,105.05303030303048,28.22222222222222,69,31.186634919710997
2020/21,SPD Smith,73,40.4,116.11185383244224,28.78082191780822,24,21.74215480643291
2020/21,SPD Smith,74,33.4,115.52852049910894,28.716216216216218,3,31.572294182813625
2020/21,SPD Smith,75,24.0,93.7969187675072,28.37333333333333,5,27.022091398856052
2020/21,SPD Smith,76,24.6,103.7969187675072,28.06578947368421,6,25.545466778231326
2020/21,SPD Smith,77,21.4,93.43977591036436,27.77922077922078,5,28.318695559198886
2020/21,SPD Smith,78,8.6,86.38095238095258,27.487179487179485,19,30.42862422392873
2020/21,SPD Smith,79,7.6,87.71428571428591,27.37974683544304,57,29.722330353127717
2020/21,SPD Smith,80,18.4,110.809523809524,27.75,50,32.29954708523357
2020/21,SPD Smith,81,27.4,128.62561576354696,28.02469135802469,4,24.946094312741838
2020/21,SPD Smith,82,27.0,131.48275862068985,27.73170731707317,26,26.094103641881293
2020/21,SPD Smith,83,31.2,126.77687626774866,27.710843373493976,31,29.20461191224096
2020/21,SPD Smith,84,33.6,130.96735245822487,27.75,11,27.783827012525506
2020/21,SPD Smith,85,24.4,126.80068579155818,27.55294117647059,1,26.417282058865627
2021,SPD Smith,86,14.6,97.31792717086854,27.24418604651163,9,25.198916089270075
2021,SPD Smith,87,15.6,92.31792717086854,27.03448275862069,33,25.804057433634522
2021,SPD Smith,88,17.0,99.02380952380972,27.102272727272727,34,26.624900985441784
2021,SPD Smith,89,17.6,96.7000000000002,27.17977528089888,4,26.509430856570063
2021,SPD Smith,90,16.2,85.20000000000019,26.92222222222222,24,24.88282178548864
2021,SPD Smith,91,20.8,102.018181818182,26.89010989010989,39,28.25931303987027
2021,SPD Smith,92,26.8,109.95935828877025,27.02173913043478,9,30.028552967109245
2007/08,SR Tendulkar,5,28.0,81.52295632698788,28.0,18,24.04223879774712
2007/08,SR Tendulkar,6,23.6,83.44904815229583,26.33333333333333,30,21.881044998320586
2009,SR Tendulkar,7,27.2,87.96032634778454,26.857142857142858,59,20.066038074195856
2009,SR Tendulkar,8,39.0,112.04195900084578,30.875,36,18.779818369706653
2009,SR Tendulkar,9,41.6,113.545718399342,31.444444444444443,68,18.408361038700132
2009,SR Tendulkar,10,42.2,114.21947726459024,35.1,1,33.87269343519011
2009,SR Tendulkar,11,38.8,98.60544217687097,32.0,34,24.067912525202388
2009,SR Tendulkar,12,39.6,102.7125850340138,32.166666666666664,11,26.028073912926654
2009,SR Tendulkar,13,30.0,98.63095238095258,30.53846153846154,2,25.29212443589131
2009,SR Tendulkar,14,23.2,82.91666666666686,28.5,15,30.20519980254415
2009,SR Tendulkar,15,12.6,74.58333333333353,27.6,0,29.6826087908926
2009,SR Tendulkar,16,12.4,71.2500000000002,25.875,41,33.84551421726136
2009,SR Tendulkar,17,13.8,78.27586206896572,26.764705882352946,40,21.427591525948618
2009,SR Tendulkar,18,19.6,83.27586206896572,27.5,11,24.864485419465442
2009,SR Tendulkar,19,21.4,88.99014778325143,26.63157894736842,46,27.83717883228668
2009/10,SR Tendulkar,20,27.6,89.89923869234232,27.6,17,22.604208524871456
2009/10,SR Tendulkar,21,31.0,116.0530848461885,27.09523809523809,63,28.52001887844435
2009/10,SR Tendulkar,22,35.4,125.95904095904116,28.727272727272727,25,21.232596113543895
2009/10,SR Tendulkar,23,32.4,122.69817139382376,28.565217391304348,71,24.495382398225246
2009/10,SR Tendulkar,24,44.4,134.29157798723037,30.33333333333333,72,24.32642870943925
2009/10,SR Tendulkar,25,49.6,140.04915374480612,32.0,55,40.21530699980712
2009/10,SR Tendulkar,26,57.2,138.3397520354044,32.88461538461539,11,42.38709922542661
2009/10,SR Tendulkar,27,46.8,113.09911032417445,32.07407407407408,35,31.737082932803144
2009/10,SR Tendulkar,28,48.8,119.35997988939184,32.17857142857143,45,38.65496294236563
2009/10,SR Tendulkar,29,43.6,117.76657329598528,32.62068965517241,29,35.93797441451014
2009/10,SR Tendulkar,30,35.0,114.2999066293186,32.5,89,32.35797512714267
2009/10,SR Tendulkar,31,41.8,118.565139604229,34.32258064516129,30,31.353564283821676
2009/10,SR Tendulkar,32,45.6,127.84618535586296,34.1875,19,28.103438987779565
2009/10,SR Tendulkar,33,42.4,119.84618535586296,33.72727272727273,9,43.50903319922397
2009/10,SR Tendulkar,34,35.2,112.13189964157723,33.0,48,32.961987878357164
2011,SR Tendulkar,35,39.0,108.52373637627112,33.42857142857143,46,34.122377285848856
2011,SR Tendulkar,36,30.4,96.54133168418902,33.77777777777778,55,44.98543624758823
2011,SR Tendulkar,37,35.4,98.23215294022766,34.351351351351354,100,41.78383287163344
2011,SR Tendulkar,38,51.6,106.40116702473468,36.078947368421055,35,54.75247638651979
2011,SR Tendulkar,39,56.8,105.90116702473468,36.05128205128205,5,32.74704704082959
2011,SR Tendulkar,40,48.2,97.42044140115192,35.275,28,48.23795408227667
2011,SR Tendulkar,41,44.6,102.23163021234076,35.09756097560975,7,34.299556013400164
2011,SR Tendulkar,42,35.0,98.31858673407989,34.42857142857143,51,37.961646251551
2011,SR Tendulkar,43,25.2,92.32348569305113,34.81395348837209,24,31.901136949675287
2011,SR Tendulkar,44,23.0,94.02348569305111,34.56818181818182,14,27.102886913162035
2011,SR Tendulkar,45,24.8,101.57904124860669,34.111111111111114,6,29.86122001352913
2011,SR Tendulkar,46,20.4,93.37391304347844,33.5,37,28.02308702339492
2011,SR Tendulkar,47,26.4,89.46086956521759,33.57446808510638,31,39.12769507445567
2011,SR Tendulkar,48,22.4,85.00124223602504,33.520833333333336,38,36.55675505378594
2011,SR Tendulkar,49,25.2,92.9440993788822,33.61224489795919,36,37.628897976922374
2011,SR Tendulkar,50,29.6,99.99171842650124,33.66,40,46.589427859823815
2012,SR Tendulkar,51,36.4,118.65838509316792,33.78431372549019,16,46.9678425491017
2012,SR Tendulkar,52,32.2,122.57142857142878,33.44230769230769,23,42.522688096816594
2012,SR Tendulkar,53,30.6,124.02380952380972,33.24528301886792,34,31.354264043248435
2012,SR Tendulkar,54,29.8,120.32922824302156,33.25925925925926,7,38.23672286423281
2012,SR Tendulkar,55,24.0,114.61494252873584,32.78181818181818,14,28.409414867451527
2012,SR Tendulkar,56,18.8,100.11494252873584,32.44642857142857,34,36.825801810682464
2012,SR Tendulkar,57,22.4,99.00383141762472,32.473684210526315,74,34.61123691203013
2012,SR Tendulkar,58,32.6,113.47352838732168,33.189655172413794,24,47.71327154180763
2012,SR Tendulkar,59,30.6,107.16810966810984,33.03389830508475,2,43.74658526705828
2012,SR Tendulkar,60,29.6,107.16810966810984,32.516666666666666,0,38.76620630834454
2012,SR Tendulkar,61,26.8,89.66810966810985,31.983606557377048,27,31.345248913532718
2012,SR Tendulkar,62,25.4,93.27922077922096,31.90322580645161,58,32.002585956206524
2012,SR Tendulkar,63,22.2,79.64285714285734,32.31746031746032,11,42.3294432706479
2013,SR Tendulkar,64,19.6,80.83333333333353,31.984375,23,39.88684298902963
2013,SR Tendulkar,65,23.8,85.043859649123,31.846153846153847,0,39.159432737858616
2013,SR Tendulkar,66,23.8,85.043859649123,31.363636363636363,1,37.761645584197254
2013,SR Tendulkar,67,18.6,82.543859649123,30.91044776119403,44,39.86442876456899
2013,SR Tendulkar,68,15.8,91.87719298245634,31.102941176470587,1,31.831927561432263
2013,SR Tendulkar,69,13.8,80.21052631578966,30.666666666666668,54,35.93047316719746
2013,SR Tendulkar,70,20.0,78.5000000000002,31.0,2,36.9979647221512
2013,SR Tendulkar,71,20.4,85.16666666666686,30.591549295774648,23,33.367057482972584
2013,SR Tendulkar,72,24.8,100.55128205128224,30.48611111111111,9,25.593565086262963
2013,SR Tendulkar,73,17.8,89.21794871794891,30.19178082191781,14,26.501792734116368
2013,SR Tendulkar,74,20.4,102.55128205128224,29.97297297297297,15,25.44970546645196
2013,SR Tendulkar,75,12.6,94.33699633699652,29.773333333333333,48,39.951651025667815
2013,SR Tendulkar,76,21.8,120.77377794619191,30.01315789473684,15,33.149761955726305
2013,SR Tendulkar,77,20.2,105.38916256157654,29.818181818181817,38,33.23952918511148
2007/08,SR Watson,5,32.4,99.5093479252168,32.4,14,28.481317482982742
2007/08,SR Watson,6,31.0,106.5093479252168,29.33333333333333,32,29.523210019262073
2007/08,SR Watson,7,22.2,105.79633544749844,29.714285714285715,5,26.70966485137847
2007/08,SR Watson,8,22.4,142.4630021141651,26.625,74,18.949832510554522
2007/08,SR Watson,9,25.0,149.3290043290045,31.88888888888889,22,22.53629197197203
2007/08,SR Watson,10,29.4,172.4868990658466,30.9,46,21.120624261067345
2007/08,SR Watson,11,35.8,170.34404192298948,32.27272727272727,19,20.59041285662689
2007/08,SR Watson,12,33.2,166.5864661654137,31.166666666666668,18,23.527849729682192
2007/08,SR Watson,13,35.8,134.58646616541373,30.15384615384616,52,27.158270810754356
2007/08,SR Watson,14,31.4,134.01503759398514,31.714285714285715,28,20.993749093994136
2009/10,SR Watson,15,32.6,138.85714285714306,31.466666666666665,60,23.8648999705567
2009/10,SR Watson,16,35.4,152.15384615384633,33.25,58,31.879494792518827
2009/10,SR Watson,17,43.2,157.3468286099867,34.705882352941174,1,28.712123452157936
2009/10,SR Watson,18,39.8,149.3468286099867,32.833333333333336,22,29.01566830328688
2009/10,SR Watson,19,33.8,132.28016194332002,32.26315789473684,44,30.378114654423214
2011,SR Watson,20,37.0,138.1263157894739,32.85,22,36.39926009540894
2011,SR Watson,21,29.4,125.81862348178156,32.333333333333336,11,22.88511446719735
2011,SR Watson,22,20.0,112.2153846153848,31.363636363636363,24,22.613182542324328
2011,SR Watson,23,24.6,132.2153846153848,31.043478260869566,49,22.92456814820146
2011,SR Watson,24,30.0,139.1153846153848,31.791666666666668,26,25.23271082810011
2011,SR Watson,25,26.4,121.51923076923096,31.56,12,26.230222743946765
2011,SR Watson,26,24.4,104.81593406593424,30.807692307692307,32,26.074743027906095
2011,SR Watson,27,28.6,112.50824175824197,30.85185185185185,11,25.27332616646822
2011,SR Watson,28,26.0,104.50824175824197,30.142857142857142,34,25.324464939050646
2011,SR Watson,29,23.0,102.67490842490864,30.27586206896552,20,27.608532223902454
2011,SR Watson,30,21.8,117.1941391941394,29.933333333333334,89,33.3099059386766
2012,SR Watson,31,37.2,136.37781266352715,31.83870967741936,8,32.90214467706182
2012,SR Watson,32,32.4,129.54020582592028,31.09375,36,25.283940636433726
2012,SR Watson,33,37.4,147.54020582592028,31.24242424242424,90,31.914546379016215
2012,SR Watson,34,48.6,160.16765680631244,32.97058823529412,5,35.49375864779149
2012,SR Watson,35,45.6,138.48933512799078,32.17142857142857,58,27.030056053251972
2012,SR Watson,36,39.4,139.58215935445554,32.888888888888886,13,28.575149395977096
2012,SR Watson,37,40.4,141.80438157667777,32.351351351351354,45,24.76190774291033
2013,SR Watson,38,42.2,125.48859210299356,32.68421052631579,5,31.94137148165036
2013,SR Watson,39,25.2,99.28538354684385,31.97435897435897,32,31.438503907498987
2013,SR Watson,40,30.6,120.67066493212522,31.975,31,28.850192360787315
2013,SR Watson,41,25.2,108.05131009341554,31.951219512195124,6,28.1466601947954
2013,SR Watson,42,23.8,101.38464342674888,31.33333333333333,101,29.749416898914596
2013,SR Watson,43,35.0,109.26293290043309,32.95348837209303,98,35.22772629115455
2013,SR Watson,44,53.6,137.1531558849957,34.43181818181818,41,42.28117975013844
2013,SR Watson,45,55.4,132.30196540880524,34.577777777777776,35,18.86167611300045
2013,SR Watson,46,56.2,125.4506833575232,34.58695652173913,5,19.271606436183898
2013,SR Watson,47,56.0,132.11735002418985,33.95744680851064,28,25.487164320558385
2013,SR Watson,48,41.4,140.55485002418985,33.833333333333336,31,33.94764125408207
2013,SR Watson,49,28.0,128.37371794871814,33.775510204081634,70,33.40852142112571
2013,SR Watson,50,33.8,143.92518853695344,34.5,19,32.92481527567847
2013,SR Watson,51,30.6,148.3294117647061,34.19607843137255,11,35.20914017467258
2013,SR Watson,52,31.8,138.80560224089658,33.75,24,33.70675245942667
2013,SR Watson,53,31.0,130.80560224089658,33.56603773584906,6,31.92826595444545
2014,SR Watson,54,26.0,121.00560224089656,33.05555555555556,3,36.89394239043308
2014,SR Watson,55,12.6,88.40056022408984,32.50909090909091,50,43.82529131870456
2014,SR Watson,56,18.8,99.38095238095258,32.82142857142857,7,37.028240184083835
2014,SR Watson,57,18.0,112.23809523809544,32.36842105263158,24,31.590247214339986
2014,SR Watson,58,18.0,100.23809523809544,32.224137931034484,39,36.789547175652025
2014,SR Watson,59,24.6,114.12698412698433,32.33898305084746,16,35.87749585213559
2014,SR Watson,60,27.2,137.55555555555574,32.06666666666667,31,31.70094398473069
2014,SR Watson,61,23.4,133.74603174603195,32.049180327868854,11,31.510978513773626
2014,SR Watson,62,24.2,130.4126984126986,31.70967741935484,1,28.745899121047355
2014,SR Watson,63,19.6,114.41269841269862,31.22222222222222,51,26.332466979662822
2014,SR Watson,64,22.0,111.67765567765586,31.53125,5,33.89598820727884
2014,SR Watson,65,19.8,96.34432234432252,31.123076923076923,0,28.399365344483286
2014,SR Watson,66,13.6,66.82051282051302,30.651515151515152,8,31.602980613557857
2015,SR Watson,67,13.0,55.7094017094019,30.31343283582089,73,35.64696892741616
2015,SR Watson,68,27.4,82.12606837606856,30.94117647058824,45,36.23830044538502
2015,SR Watson,69,26.2,79.04914529914548,31.144927536231883,26,36.74674098607471
2015,SR Watson,70,30.4,84.99117428465273,31.071428571428573,28,35.44323483145904
2015,SR Watson,71,36.0,107.39117428465272,31.028169014084508,21,32.50319862963458
2015,SR Watson,72,38.6,114.65613154961,30.88888888888889,12,31.282398938910582
2015,SR Watson,73,26.4,104.23946488294334,30.63013698630137,28,27.660527590908938
2015,SR Watson,74,23.0,99.82920847268691,30.5945945945946,104,27.44816554075044
2015,SR Watson,75,38.6,110.7688999172872,31.57333333333333,10,30.540600470204378
2016,SR Watson,76,35.0,128.36889991728722,31.289473684210527,19,32.10615322229259
2016,SR Watson,77,34.6,154.43727598566326,31.12987012987013,33,23.3621120178073
2016,SR Watson,78,38.8,169.17411809092644,31.15384615384616,5,23.276288780857595
2016,SR Watson,79,34.2,160.50745142425978,30.82278481012658,1,25.624381591283026
2016,SR Watson,80,13.6,146.95906432748558,30.45,6,40.35386981746916
2016,SR Watson,81,12.8,126.95906432748556,30.14814814814815,2,40.9262464374387
2016,SR Watson,82,9.4,98.07017543859668,29.804878048780488,34,40.46021354068351
2016,SR Watson,83,9.6,95.71428571428592,29.85542168674699,36,40.65214798075867
2016,SR Watson,84,15.8,141.0989010989013,29.928571428571427,1,30.153097835737597
2016,SR Watson,85,15.8,127.76556776556797,29.58823529411765,15,28.62545070765825
2016,SR Watson,86,17.6,129.19413919413938,29.41860465116279,0,26.971114569294105
2016,SR Watson,87,17.2,115.86080586080604,29.080459770114945,1,29.88450214249732
2016,SR Watson,88,10.6,93.47985347985367,28.76136363636364,14,27.225513449730883
2016,SR Watson,89,6.2,53.65079365079384,28.59550561797753,1,23.926609584430725
2016,SR Watson,90,6.2,50.31746031746052,28.288888888888888,11,24.5780660970691
2017,SR Watson,91,5.4,53.33333333333353,28.0989010989011,22,21.96375373759093
2017,SR Watson,92,9.8,79.21568627450999,28.032608695652176,24,29.46519302525916
2017,SR Watson,93,14.4,88.41568627451,27.98924731182796,1,23.68509111060083
2017,SR Watson,94,11.8,77.86013071895442,27.70212765957447,14,31.295263930743126
2017,SR Watson,95,14.4,90.08235294117668,27.557894736842105,3,23.07605542004005
2017,SR Watson,96,12.8,77.63790849673222,27.30208333333333,3,33.78374326097923
2017,SR Watson,97,9.0,61.75555555555575,27.051546391752577,4,26.026575654843953
2018,SR Watson,98,5.0,58.55555555555575,26.816326530612244,16,33.91886670598141
2018,SR Watson,99,8.0,76.4126984126986,26.707070707070702,42,30.942622737369227
2018,SR Watson,100,13.6,105.06766917293253,26.86,11,29.097138108686313
2018,SR Watson,101,15.2,115.06766917293253,26.702970297029704,106,20.35128640463385
2018,SR Watson,102,35.8,141.61939331086356,27.480392156862745,9,23.436579536089596
2018,SR Watson,103,36.8,136.86939331086356,27.300970873786408,7,29.67572708018929
2018,SR Watson,104,35.0,149.0122504537207,27.10576923076923,12,20.738978411305503
2018,SR Watson,105,29.0,126.61990595611306,26.96190476190476,78,29.392513141636464
2018,SR Watson,106,42.4,142.66868644391792,27.443396226415093,36,34.03116151308764
2018,SR Watson,107,28.4,134.91696230598689,27.523364485981308,11,24.80774186003811
2018,SR Watson,108,28.8,139.3812480202726,27.37037037037037,39,25.65129851550816
2018,SR Watson,109,35.2,128.01761165663623,27.47706422018349,57,20.700427796219635
2018,SR Watson,110,44.2,138.77085840988298,27.745454545454542,14,25.45507391586252
2018,SR Watson,111,31.4,112.8959909655564,27.62162162162162,0,23.715648728200343
2018,SR Watson,112,24.2,84.09599096555638,27.375,117,35.56901059417456
2019,SR Watson,113,45.4,107.38170525127066,28.16814159292036,0,35.921555129489974
2019,SR Watson,114,37.6,83.74534161490703,27.92105263157895,44,36.902170143490935
2019,SR Watson,115,35.0,83.76650563607105,28.06086956521739,13,35.08653532229545
2019,SR Watson,116,34.8,91.5925925925928,27.93103448275862,5,20.9373362819962
2019,SR Watson,117,35.8,108.25925925925944,27.735042735042736,26,30.70092180302481
2019,SR Watson,118,17.6,90.05925925925945,27.720338983050848,17,25.890740176005135
2019,SR Watson,119,21.0,127.83703703703722,27.630252100840337,0,24.538418154596286
2019,SR Watson,120,12.2,95.24444444444464,27.4,6,30.100526940003366
2019,SR Watson,121,10.8,92.38730158730178,27.223140495867767,31,23.615049907229594
2019,SR Watson,122,16.0,97.09994526546272,27.25409836065574,5,27.576776423308242
2019,SR Watson,123,11.8,109.63327859879602,27.07317073170732,96,25.690360025545758
2019,SR Watson,124,27.6,107.4110563765738,27.62903225806452,8,31.55004128457369
2019,SR Watson,125,29.2,147.4110563765738,27.472,0,21.33407786303995
2019,SR Watson,126,28.0,130.26819923371667,27.253968253968253,7,21.1286435610433
2019,SR Watson,127,23.2,120.55555555555574,27.09448818897637,10,28.35965130680955
2019,SR Watson,128,24.2,102.6068376068378,26.9609375,50,35.595661987851145
2019,SR Watson,129,15.0,96.4630467571646,27.13953488372093,80,30.38416010659774
2020/21,SR Watson,130,29.4,82.26949837006784,27.54615384615385,4,38.182791507557646
2020/21,SR Watson,131,30.2,98.26949837006782,27.366412213740457,33,38.41023540301094
2020/21,SR Watson,132,35.4,116.60283170340116,27.40909090909091,50,28.15886966862342
2020/21,SR Watson,133,43.4,125.6084602212248,27.57894736842105,36,10.94028659030821
2020/21,SR Watson,134,40.6,121.91098122962816,27.64179104477612,83,18.26437655721034
2020/21,SR Watson,135,41.2,124.72521927189734,28.05185185185185,1,20.668151477142324
2020/21,SR Watson,136,40.6,112.05855260523067,27.852941176470587,14,28.333934575806197
2020/21,SR Watson,137,36.8,97.61410816078624,27.751824817518248,42,38.78697780729686
2020/21,SR Watson,138,35.2,95.32912741624196,27.85507246376812,8,28.144470088156144
2020/21,SR Watson,139,29.6,122.94817503528957,27.712230215827336,14,22.081158878891426
2020/21,SR Watson,140,15.8,109.06432748538028,27.61428571428572,14,23.91572139410396
2015,SS Iyer,5,28.8,112.42539949790311,28.8,83,14.933593963064832
2015,SS Iyer,6,44.0,121.04608915307551,37.833333333333336,0,31.548612178739628
2015,SS Iyer,7,36.0,97.51667738836964,32.42857142857143,40,35.95002633925967
2015,SS Iyer,8,42.8,102.59604246773472,33.375,54,29.136998702697948
2015,SS Iyer,9,41.6,101.03052913818284,35.666666666666664,9,18.615810344755783
2015,SS Iyer,10,37.2,92.18437529202896,33.0,19,36.18819291639743
2015,SS Iyer,11,24.4,83.56368563685655,31.727272727272727,0,41.84267780692719
2015,SS Iyer,12,24.4,83.56368563685655,29.08333333333333,70,33.19835423172873
2015,SS Iyer,13,30.4,89.91289198606292,32.23076923076923,20,27.739317068806262
2016,SS Iyer,14,23.6,84.62406015037612,31.357142857142858,0,33.830977679193445
2016,SS Iyer,15,21.8,69.62406015037614,29.266666666666666,3,37.533767755112436
2016,SS Iyer,16,18.6,61.62406015037614,27.625,0,30.58388588812933
2016,SS Iyer,17,18.6,61.62406015037614,26.0,19,34.600181891202325
2016,SS Iyer,18,8.4,50.32535885167484,25.61111111111111,0,20.83014325265748
2016,SS Iyer,19,4.4,29.27272727272747,24.26315789473684,8,12.787561199664228
2017,SS Iyer,20,6.0,45.272727272727465,23.45,22,12.446049528780733
2017,SS Iyer,21,9.8,57.71717171717192,23.38095238095238,26,23.83315261174908
2017,SS Iyer,22,15.0,88.30540701128956,23.5,50,19.468265494293497
2017,SS Iyer,23,21.2,103.29074425469132,24.65217391304348,6,26.36370947644817
2017,SS Iyer,24,22.4,120.43360139754846,23.875,47,22.896551267317566
2017,SS Iyer,25,30.2,131.2907442546913,24.8,6,31.945656645841733
2017,SS Iyer,26,27.0,123.989156953104,24.07692307692308,33,22.516023769096964
2017,SS Iyer,27,28.4,117.8453661034308,24.40740740740741,14,21.956036231825493
2017,SS Iyer,28,21.2,116.69841269841292,24.035714285714285,3,24.395469535178115
2017,SS Iyer,29,20.6,109.55555555555574,23.310344827586206,96,20.62808961844808
2017,SS Iyer,30,30.4,116.38262322472868,25.73333333333333,3,28.686546694465253
2017,SS Iyer,31,29.8,114.23976608187154,25.0,32,24.46425273348757
2018,SS Iyer,32,29.6,110.44048292774968,25.21875,11,26.51398100906298
2018,SS Iyer,33,29.0,96.25244873971548,24.78787878787879,27,25.91078730160879
2018,SS Iyer,34,33.8,113.25244873971548,24.852941176470587,4,22.41707302615935
2018,SS Iyer,35,15.4,106.23490488006637,24.257142857142856,52,24.776939791213806
2018,SS Iyer,36,25.2,124.78329197684054,25.02777777777778,57,25.225732666799825
2018,SS Iyer,37,30.2,128.92073938217015,25.89189189189189,93,30.672394388127106
2018,SS Iyer,38,46.6,156.28337674480753,27.657894736842103,13,22.445686226055837
2018,SS Iyer,39,43.8,147.85480531623608,27.28205128205128,50,31.275829971542557
2018,SS Iyer,40,53.0,149.759567220998,27.85,44,38.7061427336548
2018,SS Iyer,41,51.4,140.65562456866823,28.24390243902439,3,37.410219103433015
2018,SS Iyer,42,40.6,123.37301587301606,27.642857142857142,32,22.52962254189645
2018,SS Iyer,43,28.4,96.38459888459909,27.74418604651163,19,25.057797861578518
2018,SS Iyer,44,29.6,95.08589758589775,27.545454545454547,6,26.47169617737765
2019,SS Iyer,45,20.8,78.5144690144692,27.066666666666663,16,23.571524469235996
2019,SS Iyer,46,15.2,86.07002457002476,26.82608695652174,18,23.495486839698078
2019,SS Iyer,47,18.2,96.57002457002476,26.638297872340427,47,26.525488952279066
2019,SS Iyer,48,21.2,105.38383838383857,27.0625,28,29.504861362572537
2019,SS Iyer,49,23.0,111.44444444444464,27.081632653061224,43,23.844478317453547
2019,SS Iyer,50,30.4,120.4200542005422,27.4,67,22.954594000923077
2019,SS Iyer,51,40.6,112.78369056417856,28.176470588235293,6,29.940290283545256
2019,SS Iyer,52,38.2,114.78369056417856,27.75,45,25.183907735971953
2019,SS Iyer,53,37.8,110.62379896526258,28.07547169811321,3,24.332194701520358
2019,SS Iyer,54,32.8,97.29046563192924,27.61111111111111,58,27.101254744044777
2019,SS Iyer,55,35.8,99.51485587583169,28.163636363636364,4,29.60470863088589
2019,SS Iyer,56,23.2,91.1512195121953,27.732142857142858,52,25.838704800937943
2019,SS Iyer,57,32.4,99.25932762030342,28.157894736842103,44,30.089445189890814
2019,SS Iyer,58,32.2,105.69520488230184,28.43103448275862,15,28.415067122855298
2019,SS Iyer,59,34.6,129.02853821563517,28.20338983050848,8,25.14405499309861
2019,SS Iyer,60,24.6,121.82853821563518,27.866666666666667,13,23.936680096230326
2020/21,SS Iyer,61,26.4,120.27298266007963,27.62295081967213,39,23.076433128216443
2020/21,SS Iyer,62,23.8,115.80123818833516,27.806451612903224,47,23.384535919507712
2020/21,SS Iyer,63,24.4,111.51670551670573,28.11111111111111,22,30.640984092425587
2020/21,SS Iyer,64,25.8,101.34126692021448,28.015625,7,35.26624432357915
2020/21,SS Iyer,65,25.6,99.34126692021448,27.692307692307693,23,31.687542805474887
2020/21,SS Iyer,66,27.6,104.89682247577004,27.62121212121212,88,29.16566199624133
2020/21,SS Iyer,67,37.4,127.57624831309064,28.52238805970149,11,32.727425050319944
2020/21,SS Iyer,68,30.2,120.39676113360342,28.264705882352946,7,28.549263599488157
2020/21,SS Iyer,69,27.2,108.905533063428,27.95652173913044,42,26.407966054417674
2020/21,SS Iyer,70,34.2,119.61141541636918,28.15714285714286,17,21.803318850712344
2020/21,SS Iyer,71,33.0,115.06596087091464,28.0,25,30.923576569042954
2020/21,SS Iyer,72,20.4,85.41683806389707,27.95833333333333,26,29.685181976907955
2020/21,SS Iyer,73,23.4,91.10245679299406,27.931506849315067,53,26.39139041524323
2020/21,SS Iyer,74,32.6,102.99134568188296,28.27027027027027,14,31.336212120253986
2020/21,SS Iyer,75,27.0,101.61879666227512,28.08,12,28.134905630472176
2020/21,SS Iyer,76,26.0,116.16425120772963,27.86842105263158,21,26.67866332621728
2020/21,SS Iyer,77,25.2,119.497584541063,27.77922077922078,65,19.770374319258202
2021,SS Iyer,78,33.0,122.37908496732044,28.25641025641025,1,34.41175359116624
2021,SS Iyer,79,22.6,102.15686274509822,27.91139240506329,43,32.036472926398176
2021,SS Iyer,80,28.4,104.11764705882372,28.1,18,24.86123307920606
2021,SS Iyer,81,29.6,93.06501547987634,27.97530864197531,47,26.31198012882518
2021,SS Iyer,82,34.8,94.92548059615542,28.20731707317073,2,29.847700393789275
2021,SS Iyer,83,22.2,75.14957023200976,27.89156626506024,33,33.99659890954493
2021,SS Iyer,84,28.6,90.14957023200976,27.95238095238096,1,23.919055171642373
2021,SS Iyer,85,20.2,67.35545258495094,27.63529411764706,30,19.353547123623763
2022,SS Iyer,86,22.6,69.83665559246973,27.662790697674417,20,21.641177260035704
2022,SS Iyer,87,17.2,69.02882205513804,27.57471264367816,13,16.061465578819558
2022,SS Iyer,88,19.4,89.31453634085233,27.40909090909091,26,26.65932241580946
2022,SS Iyer,89,18.0,105.64786967418566,27.39325842696629,10,30.299394835699296
2022,SS Iyer,90,19.8,136.481203007519,27.2,54,32.34242800002623
2022,SS Iyer,91,24.6,146.8173374613005,27.494505494505493,28,24.400722825475288
2022,SS Iyer,92,26.2,148.16470588235313,27.5,85,24.450949516455978
2022,SS Iyer,93,40.6,151.9892672858619,28.118279569892472,12,20.615186027315413
2022,SS Iyer,94,37.8,132.32260061919524,27.9468085106383,42,24.946006612062963
2022,SS Iyer,95,44.2,121.09453044375664,28.094736842105263,34,24.96708471355077
2022,SS Iyer,96,40.2,109.32982456140373,28.15625,6,35.63173443308562
2022,SS Iyer,97,35.8,100.26315789473703,27.927835051546392,6,24.358815475710113
2022,SS Iyer,98,20.0,85.43859649122825,27.70408163265306,15,34.22157206784369
2022,SS Iyer,99,20.6,103.7719298245616,27.57575757575757,50,27.130613721284533
2024,SS Iyer,100,22.2,115.0000000000002,27.8,0,22.034469410667896
2024,SS Iyer,101,15.4,95.0000000000002,27.524752475247524,39,27.916919139783943
2024,SS Iyer,102,22.0,114.16666666666688,27.637254901960784,18,23.87314442909309
2024,SS Iyer,103,24.4,131.8939393939396,27.54368932038835,34,28.058795063925043
2024,SS Iyer,104,28.2,119.16666666666686,27.60576923076923,38,24.82386200862172
2024,SS Iyer,105,25.8,103.5077519379847,27.704761904761902,11,33.774744319069164
2024,SS Iyer,106,28.0,134.9363233665561,27.54716981132076,50,24.352975013562116
2024,SS Iyer,107,30.2,129.46335039358314,27.7570093457944,28,24.65288386064624
2024,SS Iyer,108,32.2,152.73607766631042,27.75925925925926,33,23.399837948986658
2024,SS Iyer,109,32.0,160.82566923416286,27.807339449541285,6,24.06380034176646
2024,SS Iyer,110,25.6,173.1512506295117,27.60909090909091,23,31.471780136480984
2024,SS Iyer,111,28.0,167.2782347564958,27.56756756756757,7,31.595793370827312
2024,SS Iyer,112,19.4,152.97848045674152,27.383928571428573,58,27.631068875944496
2024,SS Iyer,113,25.4,145.31181379007484,27.654867256637168,6,26.109375862296304
2023,SS Prabhudessai,5,13.4,101.12842712842732,13.4,19,14.205325408967452
2023,SS Prabhudessai,6,10.4,90.49350649350669,14.333333333333334,0,15.703858470457739
2023,SS Prabhudessai,7,9.2,66.49350649350667,12.285714285714286,10,15.25333191249084
2023,SS Prabhudessai,8,9.2,68.71572871572891,12.0,6,13.809692382660316
2024,SS Prabhudessai,9,7.4,72.22222222222241,11.333333333333334,24,13.49902234131325
2009/10,SS Tiwary,5,7.8,120.66666666666686,7.8,53,9.079217506021198
2009/10,SS Tiwary,6,15.0,117.84313725490216,15.333333333333334,61,19.407572587521507
2009/10,SS Tiwary,7,25.4,131.12518853695343,21.857142857142858,25,22.04220972549951
2009/10,SS Tiwary,8,29.6,128.26804567981057,22.25,30,22.73055951417751
2009/10,SS Tiwary,9,34.4,123.26804567981056,23.11111111111111,2,22.064176693018464
2009/10,SS Tiwary,10,34.2,124.6013790131439,21.0,4,23.29353884644903
2009/10,SS Tiwary,11,24.4,120.09157509157528,19.454545454545453,31,26.346693170741545
2009/10,SS Tiwary,12,18.4,114.64285714285734,20.416666666666668,44,21.68301971591579
2009/10,SS Tiwary,13,22.2,115.97619047619068,22.23076923076923,14,21.184946518500695
2009/10,SS Tiwary,14,19.0,104.309523809524,21.642857142857142,4,20.101014985495887
2009/10,SS Tiwary,15,19.4,106.97619047619068,20.466666666666665,15,20.383011538114648
2009/10,SS Tiwary,16,21.6,107.58225108225126,20.125,38,20.340259984161797
2009/10,SS Tiwary,17,23.0,108.89177489177509,21.176470588235293,46,20.823553274637444
2009/10,SS Tiwary,18,23.4,107.9594440647074,22.55555555555556,52,19.508259749492506
2009/10,SS Tiwary,19,31.0,128.17449782814828,24.105263157894736,0,23.143739759279445
2011,SS Tiwary,20,30.2,112.17449782814826,22.9,26,17.44397564819817
2011,SS Tiwary,21,32.4,105.701770555421,23.047619047619047,16,21.432386079407063
2011,SS Tiwary,22,28.0,107.64982250347292,22.727272727272727,7,19.92260237529393
2011,SS Tiwary,23,20.2,97.43929618768348,22.043478260869566,14,20.026597777766444
2011,SS Tiwary,24,12.6,83.89090909090928,21.70833333333333,18,21.145244649200453
2011,SS Tiwary,25,16.2,101.89090909090928,21.56,14,22.813748373112308
2011,SS Tiwary,26,13.8,116.09090909090928,21.26923076923077,13,21.287971648048014
2011,SS Tiwary,27,13.2,115.88888888888908,20.96296296296296,1,20.63823606675168
2011,SS Tiwary,28,12.0,105.88888888888908,20.25,6,19.88031370146676
2011,SS Tiwary,29,10.4,94.46031746031764,19.75862068965517,13,20.0133013089976
2011,SS Tiwary,30,9.4,85.74603174603193,19.53333333333333,9,19.226330979690346
2011,SS Tiwary,31,8.4,80.74603174603192,19.193548387096776,8,18.507283473170922
2011,SS Tiwary,32,7.4,65.19047619047636,18.84375,42,20.44953510848973
2012,SS Tiwary,33,15.6,85.89635854341755,19.545454545454547,1,20.06935780738262
2012,SS Tiwary,34,14.6,83.99159663865564,19.0,18,21.37037620040332
2012,SS Tiwary,35,15.6,92.70588235294136,18.97142857142857,8,20.377382081797155
2012,SS Tiwary,36,15.4,89.37254901960802,18.666666666666668,17,19.685502363749524
2012,SS Tiwary,37,17.2,97.28921568627467,18.62162162162162,36,19.79306439019835
2012,SS Tiwary,38,16.0,103.88768115942044,19.07894736842105,4,18.046039838591398
2012,SS Tiwary,39,16.6,108.64958592132524,18.692307692307693,19,21.54040647520703
2012,SS Tiwary,40,16.8,107.17132505176,18.7,1,20.926993527904738
2012,SS Tiwary,41,15.4,100.50465838509336,18.26829268292683,36,21.259307997246946
2012,SS Tiwary,42,19.2,103.25465838509336,18.69047619047619,21,25.73302027766593
2012,SS Tiwary,43,16.2,96.65619291194756,18.74418604651163,30,21.923278230332148
2013,SS Tiwary,44,21.4,107.44984370559835,19.0,25,18.685798304119608
2013,SS Tiwary,45,22.6,107.59477124183029,19.133333333333333,2,19.869717557247508
2013,SS Tiwary,46,22.8,107.59477124183029,18.76086956521739,21,19.19881765604278
2013,SS Tiwary,47,19.8,103.59477124183029,18.80851063829787,8,26.02570386474313
2013,SS Tiwary,48,17.2,96.66666666666686,18.58333333333333,52,21.77264485343557
2013,SS Tiwary,49,21.6,96.1111111111113,19.26530612244898,1,19.170246968322388
2015,SS Tiwary,50,16.8,86.11111111111128,18.9,24,17.22025906763804
2015,SS Tiwary,51,21.2,96.11111111111128,19.0,5,20.26207544149953
2015,SS Tiwary,52,18.0,96.11111111111128,18.73076923076923,28,17.624985776277185
2015,SS Tiwary,53,22.0,113.33333333333351,18.90566037735849,13,20.49236847950251
2015,SS Tiwary,54,14.2,115.30303030303048,18.796296296296298,26,18.199811867610332
2015,SS Tiwary,55,19.2,128.63636363636382,18.92727272727273,13,19.582891849340662
2016,SS Tiwary,56,17.0,127.5252525252527,18.821428571428573,1,17.365062768765746
2016,SS Tiwary,57,16.2,117.5252525252527,18.50877192982456,57,20.19546674006475
2016,SS Tiwary,58,22.0,106.2752525252527,19.17241379310345,21,24.06238768695205
2016,SS Tiwary,59,23.6,105.9722222222224,19.20338983050848,52,25.594330228660386
2016,SS Tiwary,60,28.8,110.1582687338503,19.75,9,23.012669184380375
2016,SS Tiwary,61,28.0,99.26937984496142,19.57377049180328,13,23.334715471843154
2016,SS Tiwary,62,30.4,110.93604651162808,19.467741935483872,17,24.624959046431915
2017,SS Tiwary,63,22.4,108.43604651162808,19.428571428571427,52,20.84763649881185
2020/21,SS Tiwary,64,28.6,107.71140883046868,19.9375,42,22.012630278549818
2020/21,SS Tiwary,65,26.6,110.62213651238916,20.27692307692308,1,19.696528528438844
2020/21,SS Tiwary,66,25.0,99.2888031790558,19.984848484848484,5,22.31821560709741
2020/21,SS Tiwary,67,23.4,90.12213651238916,19.761194029850746,21,21.875490577149524
2020/21,SS Tiwary,68,24.2,98.87213651238916,19.779411764705884,34,22.062730022135902
2021,SS Tiwary,69,20.6,103.46344086021524,19.98550724637681,5,27.46250047712678
2021,SS Tiwary,70,13.2,126.36666666666684,19.77142857142857,45,22.340119391516364
2021,SS Tiwary,71,22.0,144.0243243243245,20.12676056338028,50,21.54501163187171
2021,SS Tiwary,72,31.0,155.91456822676355,20.541666666666668,15,24.319032029072417
2007/08,ST Jayasuriya,5,17.2,121.96029716234338,17.2,34,17.568838143972343
2007/08,ST Jayasuriya,6,18.2,130.34265010351984,20.0,18,19.750007849191036
2007/08,ST Jayasuriya,7,17.8,115.00931677018652,19.714285714285715,54,20.586567817152435
2007/08,ST Jayasuriya,8,28.4,139.84448160535135,24.0,114,21.753947652775015
2007/08,ST Jayasuriya,9,47.6,167.2111756168362,34.0,48,25.142829473681953
2007/08,ST Jayasuriya,10,53.6,176.92546133112188,35.4,36,32.223508834566395
2007/08,ST Jayasuriya,11,54.0,179.42546133112188,35.45454545454545,20,29.251794965861944
2007/08,ST Jayasuriya,12,54.4,188.0921279977885,34.166666666666664,66,20.056143264393118
2007/08,ST Jayasuriya,13,56.8,189.73315363881417,36.61538461538461,38,12.184826620217045
2009,ST Jayasuriya,14,41.6,166.20146520146537,36.71428571428572,26,18.099973095097262
2009,ST Jayasuriya,15,37.2,146.48717948717967,36.0,1,39.20168737162895
2009,ST Jayasuriya,16,30.2,103.70940170940187,33.8125,52,24.296435271896538
2009,ST Jayasuriya,17,36.6,108.55788655788676,34.88235294117647,0,35.44492104201445
2009,ST Jayasuriya,18,23.4,79.22455322455342,32.94444444444444,6,36.76878490164812
2009,ST Jayasuriya,19,17.0,73.07070707070724,31.526315789473685,52,31.612544135034984
2009,ST Jayasuriya,20,22.2,70.70707070707088,32.55,5,33.18819571006658
2009,ST Jayasuriya,21,23.0,82.77056277056296,31.23809523809524,29,32.02257760033289
2009,ST Jayasuriya,22,18.4,70.58874458874477,31.13636363636364,4,34.972286188962094
2009,ST Jayasuriya,23,19.2,80.58874458874477,29.95652173913044,16,25.656856953374483
2009,ST Jayasuriya,24,21.2,81.80086580086598,29.375,30,29.471138798001007
2009,ST Jayasuriya,25,16.8,91.49783549783568,29.4,0,27.17819252285433
2009/10,ST Jayasuriya,26,15.8,77.21212121212139,28.26923076923077,23,25.280241273688848
2009/10,ST Jayasuriya,27,14.6,88.54545454545473,28.07407407407408,7,21.823498038858684
2009/10,ST Jayasuriya,28,15.2,91.27272727272744,27.321428571428573,2,20.902869603537265
2009/10,ST Jayasuriya,29,12.4,83.39393939393958,26.448275862068964,1,25.136553790884133
2012,STR Binny,5,13.0,98.05263157894754,13.0,27,15.280277424304915
2012,STR Binny,6,16.8,93.05263157894754,15.333333333333334,6,18.100936083404424
2012,STR Binny,7,12.0,92.05263157894754,14.0,7,16.363662532470755
2012,STR Binny,8,12.0,89.55263157894754,13.125,30,15.761324168440986
2013,STR Binny,9,14.0,103.794117647059,15.0,40,13.763563010205822
2013,STR Binny,10,22.0,143.794117647059,17.5,14,19.050252435844143
2013,STR Binny,11,19.4,142.24866310160445,17.181818181818183,1,18.421132159405758
2013,STR Binny,12,18.4,122.24866310160446,15.833333333333334,0,18.492611248825728
2013,STR Binny,13,17.0,104.74866310160446,14.615384615384617,4,17.031812494573128
2013,STR Binny,14,11.8,89.45454545454564,13.857142857142858,33,14.023225131578524
2013,STR Binny,15,10.4,82.45454545454564,15.133333333333333,36,14.822101148428935
2013,STR Binny,16,14.8,88.30434782608714,16.4375,9,18.740639256756108
2013,STR Binny,17,16.4,102.30434782608714,16.0,6,13.967329834609865
2013,STR Binny,18,17.6,142.30434782608714,15.444444444444445,3,15.313472739302023
2013,STR Binny,19,17.4,134.30434782608714,14.789473684210526,32,13.404364226160224
2013,STR Binny,20,17.2,150.53511705685636,15.65,41,14.220518591858577
2013,STR Binny,21,18.2,153.39743589743608,16.857142857142858,37,17.822957954944222
2013,STR Binny,22,23.8,160.06410256410277,17.772727272727273,8,18.420717086315516
2013,STR Binny,23,24.2,140.06410256410277,17.347826086956523,2,17.44205260238858
2013,STR Binny,24,24.0,134.73076923076945,16.708333333333332,27,17.612058110385437
2014,STR Binny,25,23.0,115.50000000000018,17.12,48,19.446620251440844
2014,STR Binny,26,24.4,111.33333333333351,18.307692307692307,12,21.576842679849843
2014,STR Binny,27,19.4,116.66666666666684,18.07407407407408,8,20.378270410021674
2014,STR Binny,28,19.4,111.2121212121214,17.714285714285715,0,23.230036716624344
2014,STR Binny,29,19.0,104.54545454545472,17.103448275862068,11,18.71795255037137
2014,STR Binny,30,15.8,98.98989898989916,16.9,12,16.658021669885194
2014,STR Binny,31,8.6,81.6214779372676,16.741935483870968,1,15.376468668020934
2014,STR Binny,32,6.4,61.62147793726759,16.25,22,11.835192968404181
2014,STR Binny,33,9.2,72.95837633298952,16.424242424242426,0,16.483337274922043
2014,STR Binny,34,9.2,72.95837633298952,15.941176470588236,2,15.38399413237929
2014,STR Binny,35,7.4,52.51393188854506,15.542857142857144,7,11.520031102579509
2015,STR Binny,36,6.4,52.60962566844938,15.305555555555555,13,9.590024355155037
2015,STR Binny,37,8.8,56.29383619476516,15.243243243243244,1,12.851891405220805
2015,STR Binny,38,4.6,40.4114832535887,14.86842105263158,16,14.608454050200221
2015,STR Binny,39,7.8,63.26862611073155,14.897435897435898,12,10.3714010611186
2015,STR Binny,40,9.8,119.26862611073156,14.825,20,12.830673686337384
2015,STR Binny,41,12.4,126.5413533834588,14.951219512195122,9,12.89691517663456
2015,STR Binny,42,11.6,142.85714285714303,14.80952380952381,3,12.87912459417596
2015,STR Binny,43,12.0,152.85714285714303,14.534883720930232,0,12.300791366637785
2016,STR Binny,44,8.8,130.00000000000017,14.204545454545457,1,14.43945333486684
2016,STR Binny,45,6.6,80.00000000000018,13.911111111111111,16,13.116095234292775
2016,STR Binny,46,5.8,140.00000000000017,13.956521739130435,16,12.083047357953777
2016,STR Binny,47,7.2,136.66666666666683,14.0,21,12.29292159943011
2016,STR Binny,48,10.8,142.91666666666683,14.145833333333334,9,12.89988267071482
2017,STR Binny,49,12.6,168.63095238095258,14.040816326530612,11,10.219157047807315
2017,STR Binny,50,14.6,180.63095238095252,13.98,16,15.13745410219775
2017,STR Binny,51,14.6,117.47305764411048,14.019607843137257,18,21.414311244768573
2017,STR Binny,52,15.0,108.80639097744378,14.096153846153848,6,19.32460914764973
2017,STR Binny,53,12.0,112.55639097744378,13.943396226415096,18,12.962758065007643
2017,STR Binny,54,13.8,131.8421052631581,14.01851851851852,8,13.307485848724768
2017,STR Binny,55,13.2,127.61988304093586,13.909090909090908,1,13.196926934027472
2018,STR Binny,56,10.2,113.63492063492085,13.678571428571429,10,12.115480118471496
2018,STR Binny,57,8.6,120.6349206349208,13.614035087719298,11,13.834963313746528
2018,STR Binny,58,9.6,122.06349206349223,13.56896551724138,22,13.111132769634741
2018,STR Binny,59,10.4,102.94584500466873,13.71186440677966,1,14.195020016796782
2018,STR Binny,60,9.0,90.16806722689094,13.5,0,14.531501763171692
2019,STR Binny,61,8.8,87.31092436974808,13.278688524590164,33,15.171734446295938
2019,STR Binny,62,13.4,122.3109243697481,13.596774193548388,7,14.11606500723897
2019,STR Binny,63,12.6,125.88235294117666,13.492063492063492,19,13.244370553704428
2019,STR Binny,64,12.0,127.14285714285734,13.578125,11,14.191798631131444
2019,STR Binny,65,14.0,140.47619047619065,13.538461538461538,0,13.76887300766541
2013,SV Samson,5,37.4,137.51866490996946,37.4,0,33.756207960507
2013,SV Samson,6,32.0,114.04040404040424,31.166666666666668,4,20.536254505730504
2013,SV Samson,7,20.2,104.04040404040424,27.285714285714285,5,21.485107967019474
2013,SV Samson,8,13.2,96.10389610389628,24.5,10,23.650961970847426
2013,SV Samson,9,13.2,72.29437229437248,22.88888888888889,0,21.408269778851135
2014,SV Samson,10,3.8,43.80952380952399,20.6,3,18.10549297141621
2014,SV Samson,11,4.4,50.47619047619066,19.0,52,20.049551912160414
2014,SV Samson,12,14.0,61.0644257703083,21.75,16,32.20929199075295
2014,SV Samson,13,16.2,66.77871148459401,21.307692307692307,2,28.17887469183551
2014,SV Samson,14,14.6,63.921568627451165,19.928571428571427,20,17.120245021549085
2014,SV Samson,15,18.6,83.92156862745117,19.933333333333334,34,21.363270499377503
2014,SV Samson,16,24.8,100.70317782285346,20.8125,37,23.8604072494789
2014,SV Samson,17,21.8,93.2399425287358,21.764705882352946,16,21.85810198278557
2014,SV Samson,18,21.8,92.0634719405005,21.444444444444443,13,23.051497368443382
2014,SV Samson,19,24.0,117.89680527383383,21.0,40,23.550167241627214
2014,SV Samson,20,28.0,127.52643490346348,21.95,2,22.542339533874184
2014,SV Samson,21,21.6,112.07815904139451,21.0,30,20.675922429736463
2014,SV Samson,22,20.2,109.64281421380832,21.40909090909091,74,22.581302736803867
2015,SV Samson,23,31.8,121.65261813537695,23.695652173913043,5,24.435135925229
2015,SV Samson,24,30.2,105.8192848020436,22.916666666666668,11,22.246689731807333
2015,SV Samson,25,24.4,94.5229885057473,22.44,17,18.778692178722288
2015,SV Samson,26,27.4,107.77298850574728,22.23076923076923,26,20.05077348488901
2015,SV Samson,27,26.6,103.8575268817206,22.37037037037037,5,19.469556802002987
2015,SV Samson,28,12.8,123.02419354838727,21.75,4,21.046816853557253
2015,SV Samson,29,12.6,117.78609831029203,21.13793103448276,76,19.935863419598366
2015,SV Samson,30,25.6,131.79319050887358,22.966666666666665,21,22.58982104291914
2015,SV Samson,31,26.4,152.54319050887358,22.90322580645161,26,19.75086220671227
2015,SV Samson,32,26.4,164.6578858493754,23.0,8,18.845412799176664
2015,SV Samson,33,27.0,132.43566362715316,22.545454545454547,5,18.781379908041043
2016,SV Samson,34,27.2,133.50709219858174,22.029411764705884,15,19.503963852477632
2016,SV Samson,35,15.0,124.24358974358992,21.82857142857143,33,21.709688867336535
2016,SV Samson,36,17.4,102.24358974358992,22.13888888888889,9,22.116932849214916
2016,SV Samson,37,14.0,86.2118437118439,21.783783783783782,60,22.575941364325494
2016,SV Samson,38,24.4,91.963477698772,22.789473684210527,1,17.720041649040716
2016,SV Samson,39,23.6,82.79681103210534,22.23076923076923,15,21.60684446490318
2016,SV Samson,40,23.6,78.46988795518226,22.05,19,21.36446449202228
2016,SV Samson,41,20.8,87.70065718595148,21.97560975609756,20,22.451713595506646
2016,SV Samson,42,23.0,98.37292609351452,21.928571428571427,49,24.43227790689993
2016,SV Samson,43,20.8,102.84351432880862,22.55813953488372,34,28.450043920830854
2016,SV Samson,44,27.4,124.69536618066049,22.818181818181817,6,25.677506576576196
2016,SV Samson,45,25.6,116.8544570897514,22.444444444444443,10,20.219661357210832
2016,SV Samson,46,23.8,103.00830324359754,22.17391304347826,3,23.752495815158127
2016,SV Samson,47,20.4,94.47889147889164,21.76595744680851,17,23.911072950065876
2017,SV Samson,48,14.0,94.812224812225,21.666666666666668,13,25.02191842324366
2017,SV Samson,49,9.8,91.29370629370648,21.489795918367346,102,21.511350424338463
2017,SV Samson,50,29.0,112.25961538461556,23.1,19,19.783651496071858
2017,SV Samson,51,30.8,117.98611111111131,23.01960784313725,39,25.77793107720569
2017,SV Samson,52,38.0,134.1861111111113,23.32692307692308,42,23.02302947849215
2017,SV Samson,53,43.0,131.30732323232343,23.67924528301887,9,36.62534946034965
2017,SV Samson,54,42.2,139.64065656565677,23.40740740740741,60,36.17386234360481
2017,SV Samson,55,33.8,139.3446039340778,24.07272727272728,5,23.540003077407572
2017,SV Samson,56,31.0,124.90015948963335,23.732142857142858,24,28.251380681136578
2017,SV Samson,57,28.0,118.9633173843702,23.73684210526316,61,21.578787581865452
2017,SV Samson,58,31.8,132.86361063950216,24.379310344827587,0,23.831855728058287
2017,SV Samson,59,30.0,102.86361063950216,23.966101694915253,10,32.312483811406906
2017,SV Samson,60,20.0,99.85609184250968,23.73333333333333,2,21.826154559158095
2017,SV Samson,61,19.4,103.189425175843,23.37704918032787,0,27.951775116189506
2018,SV Samson,62,14.6,77.92626728110618,23.0,49,21.121259607828787
2018,SV Samson,63,12.2,61.36212624584736,23.41269841269841,37,27.121418263393863
2018,SV Samson,64,19.6,94.998489882211,23.625,92,21.52082688243793
2018,SV Samson,65,36.0,106.42706131078242,24.67692307692308,7,21.108795262572613
2018,SV Samson,66,37.0,113.92706131078242,24.40909090909091,2,20.466955330726616
2018,SV Samson,67,37.4,127.26039464411572,24.074626865671643,52,22.971603549658248
2018,SV Samson,68,38.0,130.46969696969714,24.48529411764705,40,22.65190217351159
2018,SV Samson,69,38.6,123.50000000000018,24.71014492753623,3,26.236460040153858
2018,SV Samson,70,20.8,95.50000000000018,24.4,28,24.718258230917158
2018,SV Samson,71,25.0,102.3478260869567,24.450704225352112,22,21.77713978142943
2018,SV Samson,72,29.0,113.45893719806782,24.416666666666668,21,20.981827810164642
2018,SV Samson,73,22.8,105.71980676328522,24.36986301369863,26,26.786330949243606
2018,SV Samson,74,20.0,113.71980676328522,24.39189189189189,12,22.350356571884628
2018,SV Samson,75,21.8,125.71980676328522,24.226666666666667,0,25.103061247505323
2018,SV Samson,76,16.2,101.37198067632868,23.907894736842103,50,24.653981418260365
2019,SV Samson,77,21.8,103.24332570556844,24.246753246753247,30,28.90954356880457
2019,SV Samson,78,23.6,108.98245614035106,24.32051282051282,102,26.94905954549007
2019,SV Samson,79,38.8,110.10526315789494,25.303797468354432,8,29.16545281225926
2019,SV Samson,80,38.0,102.10526315789492,25.0875,6,22.558994597250884
2019,SV Samson,81,39.2,122.10526315789494,24.85185185185185,31,29.54069785741729
2019,SV Samson,82,35.4,118.75243664717368,24.92682926829268,27,26.172897233288985
2019,SV Samson,83,34.8,119.29789119262824,24.951807228915666,35,23.47663507506474
2019,SV Samson,84,21.4,120.35052277157558,25.071428571428573,22,25.175968886092157
2019,SV Samson,85,24.2,133.6838561049089,25.03529411764706,48,24.659367721916475
2019,SV Samson,86,32.6,141.11242753348034,25.302325581395348,28,22.85305791345137
2019,SV Samson,87,32.0,161.22638764744048,25.33333333333333,5,23.93080624987334
2020/21,SV Samson,88,27.6,147.79204421309703,25.102272727272727,74,24.07923804620055
2020/21,SV Samson,89,35.4,157.19993894993914,25.651685393258425,5,21.817773784776016
2020/21,SV Samson,90,32.0,138.9777167277169,25.42222222222222,8,29.4042340498309
2020/21,SV Samson,91,24.0,129.32692307692326,25.23076923076923,26,21.872866290441213
2020/21,SV Samson,92,23.6,107.05000000000018,25.23913043478261,0,26.72162435589921
2020/21,SV Samson,93,22.6,95.93888888888908,24.967741935483872,4,28.86574982036691
2020/21,SV Samson,94,8.6,76.35555555555574,24.74468085106383,36,29.046878556325243
2020/21,SV Samson,95,14.8,92.93675213675232,24.86315789473684,9,25.404651589231616
2020/21,SV Samson,96,15.0,105.15897435897456,24.697916666666668,85,27.07605034475042
2020/21,SV Samson,97,26.8,122.99533799533818,25.31958762886598,1,27.65790928332157
2020/21,SV Samson,98,27.0,127.99533799533818,25.071428571428573,0,24.44039131158456
2020/21,SV Samson,99,26.2,101.3286713286715,24.818181818181817,48,30.826622034399648
2020/21,SV Samson,100,28.6,112.03636363636384,25.05,54,23.67787303926566
2020/21,SV Samson,101,37.6,112.89350649350668,25.33663366336633,25,17.678932095414986
2021,SV Samson,102,25.6,102.03492063492082,25.33333333333333,119,30.125382115003397
2021,SV Samson,103,49.2,133.09552669552687,26.24271844660194,4,22.140784511668897
2021,SV Samson,104,50.0,159.76219336219356,26.02884615384616,1,21.38787683582361
2021,SV Samson,105,40.6,125.36219336219357,25.79047619047619,21,26.59446728215339
2021,SV Samson,106,34.0,116.61031366294542,25.745283018867923,42,25.12183336257064
2021,SV Samson,107,37.4,107.92344497607674,25.897196261682243,42,34.26064595183925
2021,SV Samson,108,22.0,101.86283891547068,26.046296296296298,48,29.69608135263504
2021,SV Samson,109,30.8,102.62474367737543,26.24770642201835,28,31.199353347211257
2021,SV Samson,110,36.2,121.95807701070878,26.26363636363636,3,29.76543942137224
2021,SV Samson,111,32.6,108.4242424242426,26.054054054054053,70,34.45290722677814
2021,SV Samson,112,38.2,113.47126436781627,26.446428571428573,82,17.35247553961931
2021,SV Samson,113,46.2,111.2678745373078,26.938053097345133,19,25.944101243945507
2021,SV Samson,114,40.4,109.17263644206972,26.86842105263158,1,33.62131104901908
2021,SV Samson,115,35.0,90.83930310873636,26.643478260869564,4,22.92273383075638
2022,SV Samson,116,35.2,98.2678745373078,26.448275862068964,55,27.964769638101707
2022,SV Samson,117,32.2,112.06097798558366,26.692307692307693,30,27.356281145292083
2022,SV Samson,118,21.8,112.83579638752072,26.720338983050848,8,24.714359370363933
2022,SV Samson,119,19.6,107.50246305418736,26.563025210084035,13,30.750127333455627
2022,SV Samson,120,22.0,124.16912972085404,26.45,11,24.99175688291384
2022,SV Samson,121,23.4,128.16912972085404,26.322314049586776,38,22.366379297410948
2022,SV Samson,122,20.0,128.2380952380954,26.418032786885245,46,25.459630810547583
2022,SV Samson,123,23.2,141.48484848484867,26.577235772357724,27,25.51389436343503
2022,SV Samson,124,27.0,146.0303030303032,26.580645161290324,16,22.42137321575965
2022,SV Samson,125,27.6,170.07792207792224,26.496,54,35.95576755389436
2022,SV Samson,126,36.2,171.67792207792223,26.714285714285715,23,34.8233258634536
2022,SV Samson,127,33.2,172.0112554112556,26.68503937007874,6,31.015349668516606
2022,SV Samson,128,25.2,160.19307359307376,26.5234375,32,40.70404278788051
2022,SV Samson,129,26.2,161.24761904761922,26.565891472868216,15,36.44492668250032
2022,SV Samson,130,26.0,130.53333333333353,26.476923076923075,47,24.017602601770335
2022,SV Samson,131,24.6,145.08717948717967,26.633587786259543,23,30.57529929400703
2022,SV Samson,132,24.6,128.65860805860822,26.60606060606061,14,26.424362853375566
2023,SV Samson,133,26.2,124.1131535131537,26.51127819548872,55,30.680491847119665
2023,SV Samson,134,30.8,131.84648684648704,26.72388059701493,42,35.419110301511246
2023,SV Samson,135,36.2,149.15417915417933,26.83703703703704,0,31.828992392591832
2023,SV Samson,136,26.8,113.0003330003332,26.639705882352946,0,30.451563198938576
2023,SV Samson,137,22.2,91.09557109557127,26.445255474452555,60,20.469454848031233
2023,SV Samson,138,31.4,103.14102564102583,26.68840579710145,2,31.507712740637906
2023,SV Samson,139,20.8,79.80769230769249,26.510791366906474,22,22.440134881756695
2023,SV Samson,140,16.8,76.83333333333351,26.478571428571428,17,31.129460208951148
2023,SV Samson,141,20.2,95.7222222222224,26.411347517730498,14,22.97187853241005
2023,SV Samson,142,23.0,121.17676767676784,26.323943661971832,30,18.835761583642626
2023,SV Samson,143,17.0,113.67676767676784,26.34965034965035,66,23.867054946125148
2023,SV Samson,144,29.8,138.41360978203102,26.625,48,20.809870055023048
2023,SV Samson,145,35.0,142.18372472455977,26.77241379310345,4,16.578464523322168
2023,SV Samson,146,32.4,139.29483583567088,26.616438356164384,2,23.60180813210159
2024,SV Samson,147,30.0,127.17362371445874,26.448979591836736,82,23.52297306340287
2024,SV Samson,148,40.4,128.11701994087383,26.824324324324323,15,16.78633332152899
2024,SV Samson,149,30.2,113.38017783561068,26.74496644295302,12,23.714917356670735
2024,SV Samson,150,23.0,100.2767295597486,26.64666666666667,69,31.244861969571694
2024,SV Samson,151,36.0,116.36975281556256,26.9271523178808,68,33.30470253652086
2024,SV Samson,152,49.2,134.66432645897345,27.19736842105263,18,24.741012539423412
2024,SV Samson,153,36.4,129.43521594684404,27.137254901960784,12,24.721870145137185
2024,SV Samson,154,35.8,139.43521594684404,27.03896103896104,38,17.409096683448197
2024,SV Samson,155,41.0,146.57807308970118,27.10967741935484,71,22.325090564006036
2024,SV Samson,156,41.4,155.0564784053158,27.39102564102564,0,24.09268459906168
2024,SV Samson,157,27.8,123.4285714285716,27.21656050955414,86,20.35749801078047
2024,SV Samson,158,41.4,130.79120879120896,27.588607594936708,15,23.118172484827863
2024,SV Samson,159,42.0,115.79120879120896,27.50943396226415,18,30.646380696410755
2024,SV Samson,160,38.0,112.64835164835183,27.45,17,24.324874433994392
2024,SV Samson,161,27.2,96.36263736263754,27.385093167701864,10,24.46589074948182
2017,SW Billings,5,22.6,112.98245614035103,22.6,24,13.207152579376128
2017,SW Billings,6,16.6,106.48090815273495,22.83333333333333,55,21.257535747599242
2017,SW Billings,7,22.8,105.07488232777082,27.428571428571427,21,25.07543252015836
2017,SW Billings,8,25.8,116.44743134737868,26.625,13,26.846778140436584
2017,SW Billings,9,27.6,132.00298690293425,25.11111111111111,0,26.51632554378759
2018,SW Billings,10,22.6,105.68719742925,22.6,56,18.533501281130686
2018,SW Billings,11,29.0,129.11969170842622,25.63636363636364,9,26.210931468293683
2018,SW Billings,12,19.8,124.79042341574328,24.25,3,24.3163775099592
2018,SW Billings,13,16.2,108.6559696342307,22.615384615384617,9,19.62583179897963
2018,SW Billings,14,15.4,105.48136645962752,21.642857142857142,3,20.54463793107768
2018,SW Billings,15,16.0,117.48136645962752,20.4,27,21.168010654656594
2018,SW Billings,16,10.2,93.33116883116902,20.8125,1,21.804928174969525
2018,SW Billings,17,8.6,74.83116883116902,19.647058823529413,0,27.165147588120885
2019,SW Billings,18,8.0,66.25974025974045,18.55555555555556,0,17.727097573482236
2022,SW Billings,19,6.2,40.54545454545473,17.57894736842105,25,20.302968588870865
2022,SW Billings,20,10.6,51.27272727272746,17.95,14,21.80173179676394
2022,SW Billings,21,8.0,45.39393939393957,17.761904761904763,24,16.870168082513324
2022,SW Billings,22,12.6,62.26350461133088,18.045454545454547,17,17.861950143776017
2022,SW Billings,23,16.0,90.5968379446642,18.0,15,20.598273661511673
2022,SW Billings,24,19.0,123.93017127799756,17.875,4,20.135081115762418
2022,SW Billings,25,14.8,117.20289855072484,17.32,34,18.117032539135863
2022,SW Billings,26,18.8,120.47171575502593,17.96153846153846,36,20.135081115762418
2016,Sachin Baby,5,20.8,137.62884516916793,20.8,0,19.76885249447841
2016,Sachin Baby,6,20.2,129.05741659773935,17.333333333333332,18,16.481221994511333
2017,Sachin Baby,7,18.4,131.30741659773935,17.428571428571427,1,23.006581848443776
2017,Sachin Baby,8,15.4,102.41852770885048,15.375,2,15.877681975606977
2017,Sachin Baby,9,9.2,91.12820512820532,13.88888888888889,12,14.779423721930717
2021,Sachin Baby,10,6.6,76.66666666666686,13.7,7,14.927548245980168
2007/08,Salman Butt,5,29.0,101.33029381965572,29.0,24,23.477717411901725
2007/08,Salman Butt,6,32.4,105.64847563783754,28.166666666666668,24,27.324944196665083
2016,Sandeep Sharma,5,2.2,48.555555555555735,2.2,1,4.45068770865701
2016,Sandeep Sharma,6,2.4,58.555555555555735,2.0,1,6.090665848258168
2016,Sandeep Sharma,7,2.2,70.55555555555574,1.8571428571428568,1,5.341316255411889
2016,Sandeep Sharma,8,2.2,85.55555555555574,1.75,5,4.807373555007028
2017,Sandeep Sharma,9,3.0,85.55555555555574,2.111111111111111,2,5.060761549574865
2017,Sandeep Sharma,10,2.0,90.00000000000018,2.1,5,4.183258574905968
2018,Sandeep Sharma,11,2.8,100.0,2.363636363636364,0,4.012179682422485
2018,Sandeep Sharma,12,2.6,80.00000000000018,2.1666666666666665,0,3.89605602838151
2018,Sandeep Sharma,13,2.4,60.000000000000185,2.0,0,2.496417026548573
2019,Sandeep Sharma,14,1.4,40.000000000000185,1.8571428571428568,5,2.587296059119438
2019,Sandeep Sharma,15,2.0,70.00000000000018,2.066666666666667,1,3.7576237852021386
2020/21,Sandeep Sharma,16,1.2,60.000000000000185,2.0,0,1.814972911349529
2020/21,Sandeep Sharma,17,1.2,60.000000000000185,1.8823529411764703,1,1.862986501400827
2020/21,Sandeep Sharma,18,1.4,70.00000000000018,1.8333333333333333,9,2.8888913320414145
2020/21,Sandeep Sharma,19,3.2,100.00000000000018,2.210526315789474,0,3.9985120688906797
2020/21,Sandeep Sharma,20,2.2,50.000000000000185,2.1,2,3.2163423037746908
2021,Sandeep Sharma,21,2.4,50.000000000000185,2.095238095238096,8,3.173468396632413
2021,Sandeep Sharma,22,4.0,76.66666666666684,2.363636363636364,0,3.8613663091022965
2023,Sandeep Sharma,23,3.8,66.66666666666684,2.260869565217391,2,3.7619385854681435
2023,Sandeep Sharma,24,2.4,43.33333333333351,2.25,0,3.2751264699448615
2021,Shahbaz Ahmed,5,6.4,109.2121212121214,6.4,14,9.751296167902268
2021,Shahbaz Ahmed,6,9.0,120.32323232323252,7.666666666666667,1,9.397635919182868
2021,Shahbaz Ahmed,7,9.0,120.32323232323247,6.714285714285714,13,8.352873323250744
2022,Shahbaz Ahmed,8,8.8,109.65656565656585,7.5,27,8.540219531698671
2022,Shahbaz Ahmed,9,12.6,120.825396825397,9.666666666666666,45,11.982976950417282
2022,Shahbaz Ahmed,10,20.0,112.96825396825416,13.2,41,21.643994855944612
2022,Shahbaz Ahmed,11,25.4,109.19047619047636,15.727272727272728,32,22.87548856385549
2022,Shahbaz Ahmed,12,31.6,128.1238095238097,17.083333333333332,26,27.286849569859218
2022,Shahbaz Ahmed,13,34.2,131.59047619047638,17.76923076923077,7,21.282588698362353
2022,Shahbaz Ahmed,14,30.2,116.64542124542145,17.0,17,27.586793495479355
2022,Shahbaz Ahmed,15,24.6,97.09515669515687,17.0,2,18.6941935017666
2022,Shahbaz Ahmed,16,16.8,89.76182336182356,16.0625,1,17.735445546038925
2022,Shahbaz Ahmed,17,10.6,74.16182336182355,15.176470588235292,9,19.639299238678756
2022,Shahbaz Ahmed,18,7.2,66.21896621896641,14.833333333333334,12,12.423404260577861
2023,Shahbaz Ahmed,19,8.2,79.44973544973564,14.68421052631579,1,15.055388460344163
2023,Shahbaz Ahmed,20,5.0,70.85714285714303,14.0,20,13.525825495237488
2023,Shahbaz Ahmed,21,8.6,79.4285714285716,14.285714285714286,12,15.931654090441064
2023,Shahbaz Ahmed,22,10.8,93.4285714285716,14.181818181818182,5,17.985515140471357
2023,Shahbaz Ahmed,23,10.0,113.90476190476208,13.782608695652174,2,12.601362794563883
2023,Shahbaz Ahmed,24,8.0,99.90476190476208,13.291666666666666,2,13.276624266951028
2024,Shahbaz Ahmed,25,8.2,103.90476190476208,12.84,16,12.459230058087748
2024,Shahbaz Ahmed,26,7.4,139.3333333333335,12.961538461538462,22,13.121514618192009
2024,Shahbaz Ahmed,27,9.4,137.3333333333335,13.296296296296296,18,13.85044362577487
2024,Shahbaz Ahmed,28,12.0,122.9473684210528,13.464285714285714,14,14.518250022714646
2024,Shahbaz Ahmed,29,14.4,147.9473684210528,13.482758620689657,59,15.677827791085116
2024,Shahbaz Ahmed,30,25.8,180.6370235934666,15.0,40,14.91859251622238
2024,Shahbaz Ahmed,31,30.6,137.14984410628713,15.806451612903226,7,26.462684365261374
2024,Shahbaz Ahmed,32,27.6,143.14984410628708,15.53125,10,17.042204693377574
2024,Shahbaz Ahmed,33,26.0,140.86914235190113,15.363636363636363,3,15.665217169046217
2024,Shahbaz Ahmed,34,23.8,115.86914235190112,15.0,0,19.148048543762016
2024,Shahbaz Ahmed,35,12.0,75.17948717948734,14.571428571428571,18,17.53467472593381
2024,Shahbaz Ahmed,36,7.6,71.0303030303032,14.666666666666666,8,13.759823748811119
2007/08,Shahid Afridi,5,9.2,166.19047619047635,9.2,33,7.2202524290921115
2007/08,Shahid Afridi,6,15.4,207.6190476190478,13.166666666666666,0,12.938348291583997
2007/08,Shahid Afridi,7,13.4,157.6190476190478,11.285714285714286,1,11.683771444018161
2007/08,Shahid Afridi,8,11.0,130.47619047619065,10.0,1,11.456400676490897
2012,Shakib Al Hasan,5,9.8,103.92156862745114,9.8,4,11.861446297815856
2012,Shakib Al Hasan,6,10.2,105.92156862745114,8.833333333333334,13,11.211941173026224
2012,Shakib Al Hasan,7,12.6,105.92156862745114,9.428571428571429,42,12.131404553757049
2012,Shakib Al Hasan,8,15.8,103.33333333333351,13.5,1,15.825465386702522
2012,Shakib Al Hasan,9,15.2,96.66666666666684,12.11111111111111,11,15.171442430992919
2014,Shakib Al Hasan,10,14.2,96.09523809523826,12.0,1,15.166157667001727
2014,Shakib Al Hasan,11,13.6,92.76190476190492,11.0,30,13.280911598119145
2014,Shakib Al Hasan,12,17.0,100.0346320346322,12.583333333333334,31,17.811705050872032
2014,Shakib Al Hasan,13,14.8,101.55844155844171,14.0,0,16.77018644594275
2014,Shakib Al Hasan,14,14.6,94.89177489177504,13.0,21,16.16018821329092
2014,Shakib Al Hasan,15,16.6,91.46320346320364,13.533333333333331,9,17.54337914880135
2014,Shakib Al Hasan,16,18.2,107.29653679653696,13.25,46,15.802255389471574
2014,Shakib Al Hasan,17,21.4,123.83333333333351,15.176470588235292,60,19.39726525142202
2014,Shakib Al Hasan,18,27.2,125.07875457875475,17.666666666666668,1,22.76248827162051
2014,Shakib Al Hasan,19,27.4,129.07875457875474,16.789473684210527,18,18.88931910973877
2014,Shakib Al Hasan,20,26.8,121.07875457875475,16.85,12,20.017227973293995
2015,Shakib Al Hasan,21,27.4,132.86446886446905,16.61904761904762,0,20.047681143171967
2015,Shakib Al Hasan,22,18.2,89.05494505494524,15.863636363636363,23,19.890933996826053
2015,Shakib Al Hasan,23,10.8,87.03571428571445,16.17391304347826,13,15.364009858587899
2016,Shakib Al Hasan,24,13.2,101.60714285714305,16.041666666666668,11,13.73005752644919
2016,Shakib Al Hasan,25,11.8,96.27380952380967,15.84,3,13.58702858524235
2016,Shakib Al Hasan,26,10.0,68.65476190476208,15.346153846153848,6,14.153905564504612
2016,Shakib Al Hasan,27,11.2,98.65476190476208,15.0,66,14.055378942363665
2016,Shakib Al Hasan,28,19.8,96.30476190476207,16.821428571428573,18,20.8136747574712
2016,Shakib Al Hasan,29,20.8,107.7333333333335,16.862068965517242,3,16.953847104218355
2016,Shakib Al Hasan,30,19.2,100.56666666666683,16.4,7,16.22926090092079
2017,Shakib Al Hasan,31,20.0,107.90000000000016,16.096774193548388,1,16.375261958059962
2018,Shakib Al Hasan,32,19.0,97.90000000000016,15.625,12,16.909449848038477
2018,Shakib Al Hasan,33,8.2,91.50000000000016,15.515151515151516,27,13.43139969076675
2018,Shakib Al Hasan,34,10.0,87.21428571428588,15.852941176470589,24,13.614086624465598
2018,Shakib Al Hasan,35,14.2,111.7142857142859,16.085714285714285,24,16.551638185898845
2018,Shakib Al Hasan,36,17.6,122.97744360902271,16.305555555555557,2,16.608437883689096
2018,Shakib Al Hasan,37,17.8,112.97744360902271,15.91891891891892,28,17.92752672321169
2018,Shakib Al Hasan,38,21.0,111.6441102756894,16.236842105263158,6,20.495213903168565
2018,Shakib Al Hasan,39,16.8,105.92982456140366,15.974358974358974,35,17.16053933850446
2018,Shakib Al Hasan,40,19.0,94.51805985552132,16.45,8,19.820585987022305
2018,Shakib Al Hasan,41,15.8,95.92156862745114,16.24390243902439,10,16.903138289319653
2018,Shakib Al Hasan,42,17.4,114.49299719887972,16.095238095238095,12,19.696621297045464
2018,Shakib Al Hasan,43,14.2,119.82633053221303,16.0,28,15.494144362900071
2018,Shakib Al Hasan,44,18.6,123.1596638655464,16.272727272727273,23,17.5193749536692
2019,Shakib Al Hasan,45,16.2,133.2380952380954,16.42222222222222,9,17.916568541671644
2021,Shakib Al Hasan,46,16.4,122.93506493506511,16.26086956521739,3,16.7045474592946
2021,Shakib Al Hasan,47,15.0,104.36363636363652,15.97872340425532,9,16.34193776394979
2021,Shakib Al Hasan,48,14.4,100.36363636363652,15.833333333333334,26,15.492861872689923
2021,Shakib Al Hasan,49,14.0,97.8303030303032,16.040816326530614,9,12.645202001710135
2021,Shakib Al Hasan,50,11.2,97.16363636363651,15.9,0,12.762019504459511
2021,Shakib Al Hasan,51,9.4,80.80000000000017,15.588235294117649,0,13.12122397884682
2024,Shashank Singh,5,13.8,174.2063492063494,13.8,0,9.716785946574955
2024,Shashank Singh,6,8.8,90.87301587301604,11.5,21,13.368310859886957
2024,Shashank Singh,7,10.0,121.9444444444446,12.857142857142858,9,14.85190762528099
2024,Shashank Singh,8,9.8,114.32539682539698,12.375,61,12.091181571054221
2024,Shashank Singh,9,20.4,137.21428571428586,17.77777777777778,46,16.631295020057586
2024,Shashank Singh,10,27.4,152.95502645502663,20.6,9,20.49681035842041
2024,Shashank Singh,11,29.2,172.95502645502663,19.545454545454547,41,28.773004682704684
2024,Shashank Singh,12,33.2,148.73088852399215,21.33333333333333,8,27.76313968064532
2024,Shashank Singh,13,33.0,136.34993614303977,20.307692307692307,68,22.777257545948384
2024,Shashank Singh,14,34.4,142.57982120051102,23.714285714285715,25,26.832075750267656
2024,Shashank Singh,15,30.2,127.02426564495548,23.8,27,29.13126070356982
2024,Shashank Singh,16,33.8,132.73855135924117,24.0,37,26.01106489104302
2024,Shashank Singh,17,33.0,143.41005771132828,24.764705882352946,0,22.978542367326654
2024,Shashank Singh,18,31.4,130.07672437799494,23.38888888888889,2,24.55416099373693
2020/21,Shivam Mavi,5,4.4,65.50000000000017,4.4,1,7.601949853782749
2021,Shivam Mavi,6,3.2,54.66666666666684,3.8333333333333335,5,7.498121071536455
2021,Shivam Mavi,7,4.2,68.95238095238112,4.0,20,6.134518660572636
2022,Shivam Mavi,8,7.0,67.5238095238097,6.0,0,7.364508349679669
2022,Shivam Mavi,9,7.0,67.5238095238097,5.333333333333333,2,6.898931376916653
2022,Shivam Mavi,10,5.6,59.5238095238097,5.0,1,4.975353298437499
2018,Shubman Gill,5,13.0,134.18390804597718,13.0,57,15.94733691784887
2018,Shubman Gill,6,23.8,158.32805219012133,20.33333333333333,7,9.446773343763986
2018,Shubman Gill,7,24.0,162.32805219012135,18.428571428571427,16,9.952877803676682
2018,Shubman Gill,8,24.4,174.32805219012135,18.125,28,8.04503916048027
2018,Shubman Gill,9,22.6,181.7519872813992,19.22222222222222,30,14.212142803582722
2019,Shubman Gill,10,27.6,161.7519872813992,20.3,18,19.000721510775453
2019,Shubman Gill,11,19.8,166.94117647058837,20.09090909090909,4,24.763221661101873
2019,Shubman Gill,12,19.2,154.94117647058837,18.75,3,17.569327110554003
2019,Shubman Gill,13,16.6,134.94117647058837,17.53846153846154,6,18.35963021430465
2019,Shubman Gill,14,12.2,112.90909090909108,16.714285714285715,9,15.843170128598263
2019,Shubman Gill,15,8.0,97.90909090909108,16.2,65,13.779719955762594
2019,Shubman Gill,16,17.4,94.40909090909108,19.25,15,21.049899337640074
2019,Shubman Gill,17,19.6,93.40909090909108,19.0,9,20.3492807736313
2019,Shubman Gill,18,20.8,89.77272727272745,18.444444444444443,3,20.82185222589983
2019,Shubman Gill,19,20.2,93.86363636363652,17.63157894736842,14,28.44573171187117
2019,Shubman Gill,20,21.2,98.86363636363652,17.45,76,22.147323557776158
2019,Shubman Gill,21,23.4,99.4071146245061,20.23809523809524,65,21.10397624574567
2019,Shubman Gill,22,33.4,110.40711462450612,22.27272727272728,9,23.02160369694832
2020/21,Shubman Gill,23,33.4,105.29347826086972,21.695652173913043,1,27.447906876315304
2020/21,Shubman Gill,24,33.0,93.1506211180126,20.83333333333333,9,31.260919070144126
2020/21,Shubman Gill,25,32.0,95.6506211180126,20.36,11,22.97139283551976
2020/21,Shubman Gill,26,19.0,79.53021978021995,20.0,47,20.48122716985886
2020/21,Shubman Gill,27,15.4,80.3873626373628,21.0,7,21.742522811092147
2020/21,Shubman Gill,28,15.0,81.86463536463553,20.5,36,21.90501216019093
2020/21,Shubman Gill,29,22.0,98.46695196695214,21.03448275862069,28,20.43730038583304
2020/21,Shubman Gill,30,25.8,100.31477805390868,21.266666666666666,57,26.955035430029586
2020/21,Shubman Gill,31,35.0,108.1743098264839,22.41935483870968,57,23.36472659831381
2020/21,Shubman Gill,32,37.0,105.57248611827724,23.5,21,18.663582624407457
2020/21,Shubman Gill,33,39.8,108.99905954485068,23.424242424242426,36,29.73553094116935
2020/21,Shubman Gill,34,39.8,119.5396000853912,23.794117647058822,26,28.985087455182555
2020/21,Shubman Gill,35,39.4,125.78000929255232,23.857142857142858,34,26.052916849144438
2020/21,Shubman Gill,36,34.8,128.19740059690014,24.13888888888889,70,21.38412357935784
2021,Shubman Gill,37,37.4,126.16430367018616,25.37837837837838,15,21.49970869327582
2021,Shubman Gill,38,36.2,133.0873805932631,25.105263157894736,33,23.476852285909434
2021,Shubman Gill,39,35.6,130.5873805932631,25.307692307692307,21,22.48404387863018
2021,Shubman Gill,40,34.6,141.99914529914548,25.2,0,23.472506567611113
2021,Shubman Gill,41,27.8,114.79914529914548,24.585365853658537,11,24.506237675243696
2021,Shubman Gill,42,16.0,104.15587044534432,24.261904761904763,9,23.957299707822752
2021,Shubman Gill,43,14.8,103.57894736842124,23.906976744186046,43,25.862717951364267
2021,Shubman Gill,44,16.8,98.71052631578964,24.34090909090909,48,26.96515307549018
2021,Shubman Gill,45,22.2,82.65647226173559,24.866666666666667,30,25.060101630684574
2021,Shubman Gill,46,28.2,100.83829044355376,24.97826086956522,13,25.36103941883823
2021,Shubman Gill,47,28.6,118.1482319640216,24.72340425531915,9,22.388300231796332
2021,Shubman Gill,48,28.6,131.6482319640216,24.39583333333333,7,23.3460589795484
2021,Shubman Gill,49,21.4,126.51665301665318,24.040816326530614,56,21.20811002712858
2021,Shubman Gill,50,23.0,124.40049430474978,24.68,57,25.767061012544165
2021,Shubman Gill,51,28.4,128.57161729940222,25.31372549019608,29,21.069647418134704
2021,Shubman Gill,52,31.6,131.9049506327355,25.384615384615383,46,25.83803713722642
2021,Shubman Gill,53,39.0,115.07161729940222,25.77358490566038,51,27.523760433042572
2022,Shubman Gill,54,47.8,119.74553034288049,26.24074074074074,0,30.672881290099333
2022,Shubman Gill,55,36.6,95.91574310883792,25.76363636363636,84,25.949984710055958
2022,Shubman Gill,56,42.0,108.56280193236732,26.803571428571427,96,32.482951578830985
2022,Shubman Gill,57,55.4,107.81598954621067,28.017543859649123,7,19.138700665183766
2022,Shubman Gill,58,47.6,102.649322879544,27.655172413793103,13,34.98367630026267
2022,Shubman Gill,59,40.0,99.04683840749432,27.406779661016948,0,26.246104201188842
2022,Shubman Gill,60,40.0,99.04683840749432,26.95,7,20.09471932449787
2022,Shubman Gill,61,24.6,92.04683840749432,26.62295081967213,22,29.170951010796582
2022,Shubman Gill,62,9.8,78.17142857142873,26.548387096774192,31,22.560665327661646
2022,Shubman Gill,63,14.6,85.55073891625632,26.61904761904762,9,27.38565252590745
2022,Shubman Gill,64,13.8,96.97931034482777,26.34375,52,29.263757533770207
2022,Shubman Gill,65,24.2,125.86819923371664,26.73846153846154,63,25.194214900670815
2022,Shubman Gill,66,35.4,123.06819923371664,27.28787878787879,18,27.033713098881
2022,Shubman Gill,67,34.6,126.64466982195192,27.149253731343283,1,27.828085822587454
2022,Shubman Gill,68,28.6,110.26535947712436,26.764705882352946,35,25.86027014055248
2022,Shubman Gill,69,33.8,112.08354129530616,26.88405797101449,45,22.304907847089968
2023,Shubman Gill,70,32.4,104.1248849645568,27.142857142857142,63,19.98714889316416
2023,Shubman Gill,71,32.4,113.9248849645568,27.64788732394366,14,22.8393558464106
2023,Shubman Gill,72,31.6,114.28687591478304,27.45833333333333,39,26.066484080300587
2023,Shubman Gill,73,39.2,132.9232395511467,27.616438356164384,67,23.65097247860715
2023,Shubman Gill,74,45.6,128.45199650847508,28.14864864864865,45,27.076456675373194
2023,Shubman Gill,75,45.6,133.99235218562967,28.37333333333333,0,22.19071703934919
2023,Shubman Gill,76,33.0,98.99235218562968,28.0,56,26.936721146263434
2023,Shubman Gill,77,41.4,108.56500175827924,28.363636363636363,49,29.858084064630102
2023,Shubman Gill,78,43.4,112.15086034413784,28.628205128205128,6,22.166152091741722
2023,Shubman Gill,79,31.2,101.94677871148475,28.34177215189873,36,32.8720063296287
2023,Shubman Gill,80,29.4,96.04761904761922,28.4375,94,30.007472484993414
2023,Shubman Gill,81,48.2,131.51931716082677,29.246913580246915,6,31.306160064718487
2023,Shubman Gill,82,38.2,113.741539383049,28.963414634146343,101,25.300969801140692
2023,Shubman Gill,83,48.6,120.75660529642,29.83132530120482,104,34.729593568210475
2023,Shubman Gill,84,68.2,140.75660529642,30.714285714285715,42,20.344112565875555
2023,Shubman Gill,85,69.4,140.67298160304023,30.84705882352941,129,24.199150492700188
2023,Shubman Gill,86,76.4,146.1536644422136,31.98837209302325,39,30.465306888773497
2024,Shubman Gill,87,83.0,171.82033110888028,32.06896551724138,31,27.541808974311678
2024,Shubman Gill,88,69.0,164.5395647124175,32.05681818181818,8,20.85306247599195
2024,Shubman Gill,89,49.8,159.39670756956033,31.786516853932586,36,27.802742133218068
2024,Shubman Gill,90,48.6,164.6231884057973,31.83333333333333,89,28.709172241497225
2024,Shubman Gill,91,40.6,160.75414078674964,32.46153846153846,19,24.592297722440243
2024,Shubman Gill,92,36.6,139.84937888198778,32.31521739130435,72,36.75677222641792
2024,Shubman Gill,93,44.8,144.8928571428573,32.74193548387097,8,38.2602727106688
2024,Shubman Gill,94,44.8,139.559523809524,32.47872340425532,35,38.06100974300896
2024,Shubman Gill,95,44.6,137.98316912972103,32.50526315789474,6,37.648363991877545
2024,Shubman Gill,96,28.0,124.89983579638768,32.229166666666664,16,29.781104480047095
2024,Shubman Gill,97,27.4,123.64670296430748,32.06185567010309,2,31.158085929419588
2024,Shubman Gill,98,13.4,96.64670296430748,31.755102040816325,104,39.53384790913082
2023,Sikandar Raza,5,23.0,107.53746253746272,23.0,13,14.430029900309512
2023,Sikandar Raza,6,22.4,115.4220779220781,21.33333333333333,11,17.79976011133887
2024,Sikandar Raza,7,24.4,132.9220779220781,19.857142857142858,15,14.789009890544769
2024,Sikandar Raza,8,26.4,136.28342245989322,19.25,28,18.009051429672915
2024,Swapnil Singh,5,5.2,81.76470588235311,5.2,15,9.489934248333254
2024,Swapnil Singh,6,8.2,115.09803921568646,6.833333333333333,1,7.926259702489675
2024,Swapnil Singh,7,8.0,115.09803921568646,6.0,0,7.155050180751429
2024,Swapnil Singh,8,6.0,103.33333333333348,5.25,9,5.814322991340024
2024,T Stubbs,5,6.4,61.54761904761922,6.4,44,12.981747797236975
2024,T Stubbs,6,15.2,98.21428571428588,12.666666666666666,0,15.821877260051009
2024,T Stubbs,7,14.8,78.21428571428588,10.857142857142858,54,13.149910770407853
2024,T Stubbs,8,24.6,100.9415584415586,16.25,71,15.654224630252875
2024,T Stubbs,9,34.8,138.6939393939396,22.33333333333333,15,19.681400590424662
2024,T Stubbs,10,36.8,159.5272727272729,21.6,10,19.008563169179084
2024,T Stubbs,11,30.0,141.0424242424244,20.545454545454547,26,28.61489677013054
2024,T Stubbs,12,35.2,215.3281385281387,21.0,48,18.375188535791025
2024,T Stubbs,13,34.0,216.88658008658027,23.07692307692308,4,20.13006651147462
2024,T Stubbs,14,20.6,171.51515151515167,21.714285714285715,41,27.885322353097838
2024,T Stubbs,15,25.8,179.18181818181833,23.0,3,18.396260297913106
2024,T Stubbs,16,24.4,176.00000000000017,21.75,57,28.478670662848312
2021,TA Boult,5,2.4,72.50000000000016,2.4,1,4.493677180525191
2021,TA Boult,6,1.6,80.00000000000016,2.1666666666666665,0,5.4065217965236725
2022,TA Boult,7,1.6,80.00000000000016,1.8571428571428568,1,5.393587157694647
2022,TA Boult,8,1.6,80.00000000000016,1.75,2,4.7917821915747485
2022,TA Boult,9,0.8,80.00000000000016,1.7777777777777777,5,3.546958975761081
2022,TA Boult,10,1.8,94.28571428571443,2.1,1,4.311002068846335
2022,TA Boult,11,1.8,94.28571428571443,2.0,3,4.215569444073778
2022,TA Boult,12,2.4,109.28571428571443,2.083333333333333,17,4.192905046603279
2022,TA Boult,13,5.6,127.06349206349223,3.230769230769231,11,4.464209170373746
2023,TA Boult,14,7.4,118.49206349206364,3.7857142857142856,0,6.372182505230255
2023,TA Boult,15,6.4,104.20634920634936,3.533333333333333,0,5.799125936309032
2023,TA Boult,16,6.2,84.20634920634936,3.3125,15,4.483021534298676
2023,TA Boult,17,8.6,92.28327228327244,4.0,1,6.929892314059509
2024,TA Boult,18,5.4,64.50549450549467,3.8333333333333335,0,6.296140153956662
2024,TA Boult,19,3.2,33.07692307692323,3.631578947368421,2,5.170766927450846
2024,TA Boult,20,3.6,46.410256410256565,3.55,12,5.106179100480445
2024,TA Boult,21,6.0,73.07692307692324,3.952380952380953,0,6.332904181183617
2016,TG Southee,5,8.6,140.66666666666683,8.6,3,15.365645502170358
2016,TG Southee,6,8.4,135.66666666666683,7.666666666666667,1,10.964849984343683
2017,TG Southee,7,7.2,107.33333333333348,6.714285714285714,7,7.87991353890963
2018,TG Southee,8,7.4,130.00000000000017,6.75,1,7.742601797281686
2018,TG Southee,9,2.6,98.33333333333348,6.111111111111111,36,6.5075100684460425
2018,TG Southee,10,9.6,106.02564102564118,9.1,1,11.386372668498876
2018,TG Southee,11,9.2,111.02564102564118,8.363636363636363,14,11.266741963030007
2019,TG Southee,12,11.8,120.82956259426864,8.833333333333334,9,9.016397702743843
2021,TG Southee,13,12.2,94.16289592760197,8.846153846153847,3,11.637621138441046
2022,TG Southee,14,12.6,96.16289592760197,8.428571428571429,1,11.383802881763176
2022,TG Southee,15,5.6,72.47058823529429,7.933333333333334,1,9.615909474137581
2022,TG Southee,16,5.6,72.47058823529429,7.5,0,7.7931860583233385
2022,TG Southee,17,2.8,56.00000000000016,7.0588235294117645,0,6.538694361913264
2022,TG Southee,18,1.0,36.00000000000016,6.666666666666667,0,5.2270588972739125
2022,TH David,5,15.6,123.33333333333348,15.6,13,15.302197971659218
2022,TH David,6,18.0,145.5555555555557,15.166666666666666,16,14.780434671278929
2022,TH David,7,18.8,161.2698412698414,15.285714285714286,46,13.686269258432077
2022,TH David,8,27.8,200.60317460317475,19.125,34,11.177821957860342
2023,TH David,9,30.6,217.26984126984144,20.77777777777778,4,24.497530104272528
2023,TH David,10,22.6,187.26984126984144,19.1,31,15.365643171210246
2023,TH David,11,26.2,186.5627705627707,20.181818181818183,13,22.845986143136482
2023,TH David,12,25.6,164.48484848484864,19.58333333333333,24,22.834561863937928
2023,TH David,13,21.2,152.77056277056292,19.923076923076923,16,21.63820740725408
2023,TH David,14,17.6,125.19480519480535,19.642857142857142,25,22.37900586053777
2023,TH David,15,21.8,153.65634365634384,20.0,0,21.95218043403553
2023,TH David,16,15.6,125.47452547452563,18.75,45,20.07689539515096
2023,TH David,17,22.0,161.838161838162,20.294117647058822,19,18.24473829245978
2023,TH David,18,21.0,165.55244755244772,20.22222222222222,2,18.539202127909974
2023,TH David,19,18.2,144.46153846153862,19.26315789473684,0,17.922090741567576
2023,TH David,20,13.2,106.00000000000016,18.3,5,18.23946514245652
2023,TH David,21,14.2,139.33333333333348,17.666666666666668,32,20.70417407152583
2023,TH David,22,11.6,109.80952380952397,18.318181818181817,13,16.242819920430957
2023,TH David,23,10.4,88.05952380952397,18.08695652173913,2,19.84746398182224
2024,TH David,24,10.4,93.39285714285732,17.416666666666668,11,17.475471811186413
2024,TH David,25,12.6,113.3928571428573,17.16,42,16.005740756152157
2024,TH David,26,20.0,115.05952380952397,18.115384615384617,17,19.567295547473115
2024,TH David,27,17.0,97.66025641025657,18.07407407407408,45,19.653748480375086
2024,TH David,28,23.4,120.54069119286524,19.035714285714285,13,20.367643870557128
2024,TH David,29,25.6,150.54069119286527,18.82758620689655,14,17.79014744005128
2024,TH David,30,26.2,158.54069119286527,18.666666666666668,3,16.6645097294157
2024,TH David,31,18.4,132.11211976429382,18.161290322580644,37,20.036644704165983
2024,TH David,32,22.4,157.9825651084234,18.75,35,17.030779619366978
2024,TH David,33,20.4,157.74101921470358,19.24242424242424,24,20.660976255730553
2024,TH David,34,22.6,137.2648287385131,19.38235294117647,0,19.7613631252734
2020/21,TK Curran,5,6.6,71.39869281045767,6.6,54,10.275250462684545
2020/21,TK Curran,6,17.0,93.39869281045767,14.5,15,18.100936083404424
2020/21,TK Curran,7,19.6,97.71241830065377,14.571428571428571,4,16.827493821741967
2021,TK Curran,8,20.2,171.0457516339871,13.25,21,12.314840933953754
2021,TK Curran,9,20.8,176.1192810457518,14.11111111111111,0,13.126495239576768
2009,TL Suman,5,25.6,141.84269241195253,25.6,29,24.133308753087093
2009,TL Suman,6,26.8,139.5118653442834,26.166666666666668,3,23.938436363647632
2009,TL Suman,7,19.2,120.5602524410576,22.857142857142858,31,16.151440211412584
2009,TL Suman,8,22.0,126.39358577439089,23.875,0,20.541169680722735
2009,TL Suman,9,18.0,95.62435500516013,21.22222222222222,12,25.18745245173943
2009,TL Suman,10,15.0,83.85964912280718,20.3,24,25.644964562356325
2009,TL Suman,11,14.0,72.5333333333335,20.63636363636364,10,25.424198939568544
2009/10,TL Suman,12,15.4,81.70000000000016,19.75,7,21.231946942506625
2009/10,TL Suman,13,10.6,69.86666666666683,18.76923076923077,10,20.268258961080743
2009/10,TL Suman,14,12.6,109.86666666666684,18.142857142857142,26,19.37880194426982
2009/10,TL Suman,15,15.4,113.50303030303046,18.666666666666668,29,19.808549375807413
2009/10,TL Suman,16,16.4,124.82934609250415,19.3125,9,21.131462474528206
2009/10,TL Suman,17,16.2,119.41267942583748,18.705882352941178,15,19.558751616880304
2009/10,TL Suman,18,17.8,123.05973824936687,18.5,15,20.067265432062662
2009/10,TL Suman,19,18.8,110.33246552209415,18.31578947368421,11,17.343503516717966
2009/10,TL Suman,20,15.8,99.63727835631876,17.95,78,20.398916635298733
2009/10,TL Suman,21,25.6,95.55164053294678,20.80952380952381,55,23.88126491859819
2009/10,TL Suman,22,34.8,109.30164053294678,22.363636363636363,0,21.636097676242358
2009/10,TL Suman,23,31.8,91.65458170941736,21.39130434782609,43,30.09321649327882
2009/10,TL Suman,24,37.4,90.44246049729615,22.291666666666668,5,24.1552004764429
2009/10,TL Suman,25,36.2,94.1679506933746,21.6,4,27.915599295691912
2011,TL Suman,26,21.4,87.72727272727289,20.923076923076923,36,20.393280269229436
2011,TL Suman,27,17.6,107.72727272727288,21.48148148148148,4,20.694209498769478
2011,TL Suman,28,18.4,123.72727272727288,20.857142857142858,14,21.08166327497338
2011,TL Suman,29,12.6,116.33333333333348,20.620689655172413,5,21.810414711506763
2011,TL Suman,30,12.6,116.33333333333348,20.1,4,21.42222874376672
2011,TL Suman,31,12.6,116.33333333333348,19.580645161290324,2,21.42222874376672
2012,TL Suman,32,5.8,77.0476190476192,19.03125,5,16.754402006462193
2012,TL Suman,33,6.0,72.15873015873032,18.60606060606061,10,16.162601317080647
2013,TL Suman,34,5.2,73.49206349206365,18.352941176470587,6,16.55962780369563
2013,TL Suman,35,5.4,65.39682539682556,18.0,23,17.56031444055949
2013,TL Suman,36,9.2,76.06349206349223,18.13888888888889,12,17.77887216770305
2013,TL Suman,37,11.2,87.49206349206365,17.972972972972972,0,18.068066371224333
2013,TL Suman,38,10.2,76.38095238095254,17.5,11,17.864277612789287
2007/08,TM Dilshan,5,14.2,138.31578947368436,14.2,0,18.607152635882358
2007/08,TM Dilshan,6,10.6,114.31578947368436,11.833333333333334,33,13.426885298620501
2009,TM Dilshan,7,12.2,118.00000000000016,14.857142857142858,50,15.457629881979043
2009,TM Dilshan,8,19.0,101.70370370370388,19.25,67,19.463938079899936
2009,TM Dilshan,9,30.8,102.38397581254742,24.55555555555556,7,32.88024887412812
2009,TM Dilshan,10,31.4,108.38397581254742,22.8,52,29.539393515885475
2009,TM Dilshan,11,41.8,128.7761326752925,25.454545454545453,13,21.747724892483035
2009,TM Dilshan,12,37.8,118.7761326752925,24.416666666666668,42,20.25223396892222
2009,TM Dilshan,13,36.2,105.73909563825546,25.76923076923077,17,18.63564969662013
2009,TM Dilshan,14,26.2,95.39215686274528,25.142857142857142,1,30.388915044336382
2009,TM Dilshan,15,25.0,88.05882352941192,23.53333333333333,37,23.043774828460005
2009,TM Dilshan,16,22.0,106.61403508771946,24.375,10,24.754760978101192
2009,TM Dilshan,17,21.4,96.61403508771946,23.529411764705884,33,21.235489295126477
2009,TM Dilshan,18,19.6,88.32832080200518,24.05555555555556,24,19.99978589649698
2009,TM Dilshan,19,21.0,103.3283208020052,24.05263157894737,65,29.64179260672048
2009/10,TM Dilshan,20,33.8,121.18995602213096,26.1,0,32.78640484715727
2009/10,TM Dilshan,21,26.4,82.24258760107834,24.857142857142858,0,17.72015176131114
2009/10,TM Dilshan,22,24.4,72.24258760107834,23.727272727272727,17,13.719122348721953
2009/10,TM Dilshan,23,21.2,82.68214804063878,23.43478260869565,15,19.05368242336772
2009/10,TM Dilshan,24,19.4,62.68214804063878,23.08333333333333,1,20.92829476421023
2009/10,TM Dilshan,25,6.6,48.15384615384632,22.2,11,13.157248312514767
2011,TM Dilshan,26,8.8,68.15384615384633,21.76923076923077,1,18.676727177747154
2011,TM Dilshan,27,9.0,72.15384615384633,21.0,59,17.935215711050894
2011,TM Dilshan,28,17.4,67.85185185185202,22.357142857142858,7,22.835410352090705
2011,TM Dilshan,29,15.8,73.35185185185202,21.82758620689655,0,22.422562957315726
2011,TM Dilshan,30,15.6,63.35185185185202,21.1,38,21.349965908286634
2011,TM Dilshan,31,21.0,67.10185185185202,21.64516129032258,0,19.659479506971795
2011,TM Dilshan,32,20.8,63.10185185185202,20.96875,15,18.749765879656973
2011,TM Dilshan,33,12.0,57.03947368421071,20.78787878787879,16,25.252040289990028
2011,TM Dilshan,34,13.8,75.09502923976626,20.647058823529413,52,24.045986460251562
2011,TM Dilshan,35,24.2,108.64341633654044,21.542857142857144,38,22.37170313878546
2012,TM Dilshan,36,24.2,115.29341633654045,22.0,4,21.24559154829048
2012,TM Dilshan,37,25.0,125.29341633654045,21.513513513513512,76,21.388473199462613
2012,TM Dilshan,38,37.2,134.83727598566327,22.94736842105263,1,19.79921064798918
2012,TM Dilshan,39,34.2,105.94838709677435,22.384615384615383,71,26.640706312682525
2012,TM Dilshan,40,38.0,97.75714285714302,23.6,19,15.686256507105847
2012,TM Dilshan,41,34.2,82.55714285714302,23.48780487804878,53,21.866583613089237
2012,TM Dilshan,42,44.0,95.11033434650471,24.19047619047619,47,31.992612121143722
2012,TM Dilshan,43,38.2,86.86791010408048,24.72093023255814,10,22.987141494889173
2012,TM Dilshan,44,40.0,108.7726720088424,24.38636363636364,4,30.43441797493236
2013,TM Dilshan,45,26.6,89.56937530554568,23.933333333333334,0,20.48675540265647
2013,TM Dilshan,46,22.8,74.36937530554567,23.41304347826087,5,26.775791712509566
2013,TM Dilshan,47,13.2,61.81618381618398,23.02127659574468,25,34.76771472621391
2013,TM Dilshan,48,8.8,67.45254745254763,23.0625,33,35.51573143445004
2013,TM Dilshan,49,13.4,56.24953993375063,23.26530612244898,13,36.555144952045694
2017,TM Head,5,22.8,135.2060606060608,22.8,0,13.304318081972303
2017,TM Head,6,15.4,105.60606060606078,19.0,2,16.403592490439717
2017,TM Head,7,14.6,100.27272727272744,16.571428571428573,12,17.729194120022107
2017,TM Head,8,14.8,88.77272727272744,16.0,75,17.270029663385127
2017,TM Head,9,23.8,92.75000000000016,22.55555555555556,2,20.737214167341595
2024,TM Head,10,18.2,75.25000000000017,20.5,62,26.094079188561093
2024,TM Head,11,30.6,124.85000000000018,24.27272727272728,19,34.91896389242358
2024,TM Head,12,34.0,143.9928571428573,23.83333333333333,31,24.309829702365224
2024,TM Head,13,37.8,153.82619047619065,24.384615384615383,21,28.138104775180285
2024,TM Head,14,27.0,150.57619047619065,24.142857142857142,102,20.40397739268029
2024,TM Head,15,47.0,175.909523809524,29.33333333333333,89,19.444316890547388
2024,TM Head,16,52.4,180.2489177489179,33.0625,1,22.21362780662634
2024,TM Head,17,48.8,159.77272727272745,31.176470588235293,13,18.34209429728514
2024,TM Head,18,45.2,171.08225108225125,30.166666666666668,58,31.92663787347718
2024,TM Head,19,52.6,167.2489177489179,31.63157894736842,48,30.82337966188819
2024,TM Head,20,41.8,152.88332635106843,32.45,89,26.076034149204425
2024,TM Head,21,41.8,158.27726574500784,35.142857142857146,0,28.20134215806594
2024,TM Head,22,41.6,151.61059907834118,33.54545454545455,0,30.720283628648033
2024,TM Head,23,39.0,114.46774193548404,32.08695652173913,34,36.45402247401324
2024,TM Head,24,34.2,114.58678955453163,32.166666666666664,0,29.87573356060425
2022,Tilak Varma,5,31.4,127.6495487083724,31.4,26,22.685549905762134
2022,Tilak Varma,6,32.2,118.31621537503906,30.5,51,20.863853501973892
2022,Tilak Varma,7,30.2,105.61568061568076,33.42857142857143,38,27.820277719158643
2022,Tilak Varma,8,30.2,102.80086580086596,34.0,35,33.49466818204892
2022,Tilak Varma,9,37.2,125.38151096215628,34.111111111111114,21,38.310458927800084
2022,Tilak Varma,10,34.2,117.345796676442,32.8,6,35.96639815431351
2022,Tilak Varma,11,30.2,121.345796676442,30.363636363636363,34,24.714352478859897
2022,Tilak Varma,12,26.8,118.16397849462382,30.666666666666668,8,26.60424367066195
2022,Tilak Varma,13,20.8,108.83064516129048,28.923076923076923,21,25.011612831224284
2023,Tilak Varma,14,18.0,110.95588235294132,28.357142857142858,84,27.20553451298997
2023,Tilak Varma,15,30.6,116.40399556048853,32.06666666666667,22,31.41809581565326
2023,Tilak Varma,16,33.8,114.40399556048853,31.4375,41,18.960402374677773
2023,Tilak Varma,17,35.2,121.73732889382184,32.0,30,34.218870137877055
2023,Tilak Varma,18,39.6,129.73732889382185,31.88888888888889,37,25.47447807911195
2023,Tilak Varma,19,42.8,146.14255765199178,32.1578947368421,3,26.185059724450415
2023,Tilak Varma,20,26.6,129.4444444444446,30.7,2,19.94886844787317
2023,Tilak Varma,21,22.6,120.77777777777791,29.33333333333333,29,28.19763269670926
2023,Tilak Varma,22,20.2,117.61111111111128,29.318181818181817,26,27.823640134733164
2023,Tilak Varma,23,19.4,145.61111111111126,29.17391304347826,26,22.92605933810004
2023,Tilak Varma,24,17.2,125.30000000000015,29.041666666666668,43,24.063734675813688
2024,Tilak Varma,25,25.2,171.7285714285716,29.6,25,24.530019082621063
2024,Tilak Varma,26,29.8,184.71102756892247,29.423076923076923,64,19.146422330237293
2024,Tilak Varma,27,36.8,196.09991645781136,30.703703703703702,32,17.925452950598494
2024,Tilak Varma,28,38.0,165.4332497911447,30.75,6,22.22437552130794
2024,Tilak Varma,29,34.0,168.6332497911447,29.89655172413793,16,24.60336228031356
2024,Tilak Varma,30,28.6,139.20467836257325,29.433333333333334,31,24.938566894837223
2024,Tilak Varma,31,29.8,143.88888888888906,29.483870967741936,34,23.8257894777295
2024,Tilak Varma,32,23.8,146.11111111111126,29.625,65,25.54056826912576
2024,Tilak Varma,33,30.4,150.7777777777779,30.69696969696969,63,25.11652400121057
2024,Tilak Varma,34,41.8,163.8366013071897,31.647058823529413,7,19.91800428978022
2024,Tilak Varma,35,40.0,144.56387403446246,30.942857142857143,4,25.183322457784836
2024,Tilak Varma,36,34.6,126.89720736779574,30.194444444444443,37,28.948288410785857
2024,Tilak Varma,37,35.2,111.5436720142604,30.37837837837838,32,26.754748985112784
2013,UBT Chand,5,7.6,51.72727272727288,7.6,23,10.973083242255468
2013,UBT Chand,6,12.2,74.72727272727289,10.166666666666666,0,14.031132164391973
2013,UBT Chand,7,11.8,70.72727272727289,8.714285714285714,7,10.062635889986332
2013,UBT Chand,8,9.6,55.50000000000016,8.5,17,11.418292743240382
2013,UBT Chand,9,9.4,57.50000000000016,9.444444444444445,37,13.42948607831462
2013,UBT Chand,10,16.8,76.47435897435913,12.2,17,15.645520463439919
2013,UBT Chand,11,15.6,67.07435897435913,12.636363636363637,41,18.897385955888858
2013,UBT Chand,12,23.8,89.8521367521369,15.0,16,19.82910834387284
2014,UBT Chand,13,25.6,96.96752136752151,15.076923076923077,2,17.70508634076191
2015,UBT Chand,14,22.6,83.96752136752153,14.142857142857142,12,18.323343534534704
2015,UBT Chand,15,17.6,79.11080945198607,14.0,58,18.149325164500322
2015,UBT Chand,16,25.8,94.51080945198608,16.75,14,23.754341675317974
2015,UBT Chand,17,20.4,91.73303167420832,16.58823529411765,5,22.125464234837324
2015,UBT Chand,18,18.2,92.11764705882368,15.944444444444445,13,18.825510773885433
2016,UBT Chand,19,20.4,106.68907563025228,15.789473684210526,0,17.2332428570635
2016,UT Khawaja,5,19.4,151.51143790849687,19.4,30,14.351307391939468
2012,UT Yadav,5,1.0,55.00000000000016,1.0,1,4.142718481927214
2013,UT Yadav,6,0.6,45.00000000000016,1.0,5,3.667994016826124
2013,UT Yadav,7,1.6,70.00000000000016,1.5714285714285714,6,5.341316255411889
2013,UT Yadav,8,2.6,70.00000000000016,2.125,1,4.484394278490746
2013,UT Yadav,9,2.8,74.00000000000016,2.0,2,4.523397369635048
2013,UT Yadav,10,3.0,62.00000000000016,2.0,4,4.418735830563915
2013,UT Yadav,11,3.6,137.00000000000017,2.1818181818181817,12,3.738592644424803
2013,UT Yadav,12,5.0,138.66666666666683,3.0,8,4.466805522946054
2014,UT Yadav,13,5.4,136.4444444444446,3.3846153846153846,2,4.382790091616778
2015,UT Yadav,14,5.6,142.4444444444446,3.2857142857142856,0,4.382790091616778
2015,UT Yadav,15,5.2,134.4444444444446,3.066666666666667,5,4.0199942125825086
2015,UT Yadav,16,5.4,104.4444444444446,3.1875,24,4.394286937068885
2016,UT Yadav,17,7.8,114.70085470085488,4.411764705882353,7,5.588857306126267
2016,UT Yadav,18,7.6,143.58974358974373,4.555555555555555,2,5.839064882541405
2017,UT Yadav,19,7.6,146.92307692307708,4.421052631578948,2,4.792498507794244
2017,UT Yadav,20,8.0,156.92307692307708,4.3,2,3.8157249163179454
2017,UT Yadav,21,7.4,126.92307692307708,4.190476190476191,4,4.873917586551212
2017,UT Yadav,22,3.4,110.00000000000016,4.181818181818182,2,5.29541727627161
2018,UT Yadav,23,2.4,76.66666666666681,4.086956521739131,1,5.897848209781792
2018,UT Yadav,24,2.2,73.33333333333348,3.9583333333333335,0,5.429005670690856
2018,UT Yadav,25,1.8,63.333333333333485,3.8,1,5.868764148796979
2018,UT Yadav,26,1.6,53.333333333333485,3.692307692307693,1,5.884096129930884
2018,UT Yadav,27,1.0,37.33333333333349,3.592592592592593,0,4.149030350966371
2019,UT Yadav,28,0.6,24.00000000000016,3.4642857142857144,1,2.5321828964439725
2019,UT Yadav,29,0.6,16.00000000000016,3.3793103448275863,14,2.5321828964439725
2019,UT Yadav,30,3.4,44.00000000000016,3.733333333333333,0,5.468084538608132
2019,UT Yadav,31,3.2,34.00000000000016,3.612903225806452,1,5.468084538608132
2019,UT Yadav,32,3.2,50.00000000000016,3.53125,9,5.436701637760293
2020/21,UT Yadav,33,5.0,95.00000000000016,3.696969696969697,0,6.1594693318860205
2022,UT Yadav,34,4.8,93.00000000000016,3.588235294117647,18,5.434750321467004
2022,UT Yadav,35,5.6,95.00000000000016,4.0,0,6.165573637193581
2022,UT Yadav,36,5.6,95.00000000000016,3.888888888888889,1,6.165573637193581
2022,UT Yadav,37,5.6,95.00000000000016,3.810810810810811,21,6.165573637193581
2022,UT Yadav,38,8.0,92.00000000000016,4.2631578947368425,15,4.881515661808443
2022,UT Yadav,39,11.0,112.00000000000016,4.538461538461538,0,6.8505284771261366
2022,UT Yadav,40,7.4,82.00000000000016,4.425,0,5.964643504984621
2023,UT Yadav,41,7.4,82.00000000000016,4.317073170731708,6,5.964643504984621
2023,UT Yadav,42,8.4,122.00000000000016,4.357142857142857,5,6.462470893296451
2023,UT Yadav,43,5.2,96.66666666666684,4.372093023255814,1,6.247044253070526
2023,UT Yadav,44,2.4,96.66666666666684,4.295454545454546,3,5.586964206358712
2023,UT Yadav,45,3.0,108.66666666666684,4.266666666666667,4,5.413927856160754
2024,UT Yadav,46,3.8,122.00000000000016,4.260869565217392,10,5.596661691459944
2024,UT Yadav,47,4.6,80.18181818181833,4.382978723404255,2,5.276883787803436
2007/08,V Kohli,5,10.0,105.2023809523811,10.0,9,13.441173926896242
2007/08,V Kohli,6,11.6,137.2023809523811,9.833333333333334,34,14.831367389395366
2007/08,V Kohli,7,13.8,123.97161172161186,13.285714285714286,0,15.771247740550322
2007/08,V Kohli,8,11.2,107.72161172161186,11.625,21,11.789263268430238
2007/08,V Kohli,9,13.0,91.69676700111498,12.666666666666666,3,16.931257357821192
2007/08,V Kohli,10,13.4,79.19676700111498,11.7,10,14.471759714576729
2007/08,V Kohli,11,13.6,54.96147288346792,11.545454545454543,38,17.686524217446944
2009,V Kohli,12,14.4,62.04170447982856,13.75,3,11.815641941875928
2009,V Kohli,13,15.0,69.54170447982855,12.923076923076923,11,19.340247048555742
2009,V Kohli,14,13.0,66.99512062889688,12.785714285714286,50,16.307087112247345
2009,V Kohli,15,22.4,88.06654920032545,15.266666666666667,2,18.334238333332525
2009,V Kohli,16,20.8,89.63517665130584,14.4375,22,18.242192741508187
2009,V Kohli,17,17.6,83.4523809523811,14.882352941176473,19,17.508313368488075
2009,V Kohli,18,20.8,107.61904761904778,15.11111111111111,16,17.652835291841722
2009,V Kohli,19,21.8,114.7619047619049,15.157894736842104,15,23.422788922126088
2009,V Kohli,20,14.8,99.82683982683996,15.15,20,19.557289734903108
2009,V Kohli,21,18.4,103.1601731601733,15.38095238095238,38,18.744271906354097
2009,V Kohli,22,21.6,106.54112554112572,16.40909090909091,19,18.642416902423523
2009,V Kohli,23,21.6,117.09668109668124,16.52173913043478,24,20.678991187022167
2009,V Kohli,24,23.2,122.47483235718546,16.833333333333332,7,19.187977117614288
2009/10,V Kohli,25,21.6,126.3384687208218,16.44,2,19.414817659335387
2009/10,V Kohli,26,18.0,117.67180205415517,15.884615384615383,16,19.255869702417193
2009/10,V Kohli,27,13.6,120.57290095525408,15.88888888888889,17,14.154237019862185
2009/10,V Kohli,28,13.2,106.68401206636516,15.928571428571429,24,15.604527394997723
2009/10,V Kohli,29,13.2,108.4487179487181,16.20689655172414,38,13.049644177833128
2009/10,V Kohli,30,19.4,123.99219620958766,16.933333333333334,34,18.322837462767247
2009/10,V Kohli,31,25.8,144.325529542921,17.483870967741936,42,20.01297994535083
2009/10,V Kohli,32,31.0,152.01783723522868,18.25,13,25.290759285913754
2009/10,V Kohli,33,30.2,147.32086753825902,18.09090909090909,58,25.54923608950867
2009/10,V Kohli,34,37.0,148.67221888961035,19.264705882352946,3,22.07740872650843
2009/10,V Kohli,35,30.0,130.6287406287408,18.8,14,22.323059485325633
2009/10,V Kohli,36,26.0,123.833868833869,18.666666666666668,37,21.280118636755322
2009/10,V Kohli,37,25.0,122.35950985951004,19.16216216216216,9,21.120071431793896
2011,V Kohli,38,24.2,121.2231462231464,18.894736842105264,23,19.929087501699644
2011,V Kohli,39,17.2,115.42735042735058,19.0,12,21.80632481952167
2011,V Kohli,40,19.0,113.058929374719,18.825,71,21.748573087734602
2011,V Kohli,41,30.4,119.36360509115944,20.09756097560976,35,25.146030364003952
2011,V Kohli,42,30.0,113.53027175782609,20.45238095238096,30,25.606691699896313
2011,V Kohli,43,34.2,116.03027175782609,20.67441860465116,56,23.627517349637532
2011,V Kohli,44,40.8,118.47471620227054,21.477272727272727,67,25.221080150935766
2011,V Kohli,45,51.8,137.00592795257654,22.488888888888887,27,41.99925956218281
2011,V Kohli,46,43.0,126.03779069767458,22.58695652173913,27,27.644636709562768
2011,V Kohli,47,41.4,116.92014363885104,22.680851063829788,39,21.96690460551037
2011,V Kohli,48,43.2,114.20585792456534,23.02083333333333,15,24.72220149972069
2011,V Kohli,49,35.0,104.95585792456534,22.857142857142858,11,21.760122537794864
2011,V Kohli,50,23.8,92.12640056022424,22.62,31,20.9152129241396
2011,V Kohli,51,24.6,95.25140056022424,22.7843137254902,70,19.887307292765243
2011,V Kohli,52,33.2,109.80383022774345,23.692307692307693,8,29.190644282444158
2011,V Kohli,53,27.0,100.85144927536248,23.39622641509434,35,20.219042523541596
2012,V Kohli,54,31.0,103.97644927536248,23.61111111111111,8,23.572527205801194
2012,V Kohli,55,30.4,105.64311594202916,23.327272727272728,6,24.302449995428848
2012,V Kohli,56,25.4,94.21454451345772,23.017857142857142,57,21.522179575047023
2012,V Kohli,57,22.8,87.52976190476207,23.61403508771929,22,23.671170753690777
2012,V Kohli,58,25.6,98.64087301587318,23.58620689655172,16,23.656929382627816
2012,V Kohli,59,21.8,93.60797827903107,23.45762711864407,4,23.559662991624627
2012,V Kohli,60,21.0,93.60797827903107,23.133333333333333,16,21.752341415032806
2012,V Kohli,61,23.0,105.03654970760248,23.016393442622952,18,23.396732700081337
2012,V Kohli,62,15.2,100.23391812865512,22.93548387096774,45,21.666637978577906
2012,V Kohli,63,19.8,97.21804511278212,23.285714285714285,9,21.52082688243793
2012,V Kohli,64,18.4,100.37593984962422,23.0625,36,21.2497857448427
2012,V Kohli,65,24.8,107.04260651629087,23.26153846153846,9,21.48623670424853
2012,V Kohli,66,23.4,102.04260651629087,23.045454545454547,3,22.127267722940758
2012,V Kohli,67,20.4,143.09523809523824,22.746268656716417,73,21.59649750095773
2012,V Kohli,68,26.0,148.2121212121214,23.48529411764705,42,21.22401256781163
2013,V Kohli,69,32.6,148.69992609017018,23.7536231884058,24,32.3151426451539
2013,V Kohli,70,30.2,156.31897370921777,23.757142857142856,51,23.1658143105048
2013,V Kohli,71,38.6,163.02110136879224,24.140845070422536,35,27.431156174561586
2013,V Kohli,72,45.0,128.02110136879224,24.291666666666668,58,23.344876055402842
2013,V Kohli,73,42.0,125.64231349000436,24.753424657534246,65,32.33388519227988
2013,V Kohli,74,46.6,130.64470469038696,25.2972972972973,1,21.02410845434323
2013,V Kohli,75,42.0,100.35899040467268,24.973333333333333,11,34.74467177030159
2013,V Kohli,76,34.0,103.10130718954262,24.789473684210527,1,25.898920297930665
2013,V Kohli,77,27.2,83.10130718954264,24.48051948051948,32,21.10234250696018
2013,V Kohli,78,22.0,77.22035480859026,24.57692307692308,25,26.295409783928765
2013,V Kohli,79,14.0,79.50793650793666,24.58227848101265,57,26.722520187762985
2013,V Kohli,80,25.2,102.0195644149134,24.9875,93,30.04178123594286
2013,V Kohli,81,41.6,114.04570820576308,25.82716049382716,99,26.36483783901534
2013,V Kohli,82,61.2,142.6050302396614,26.71951219512195,17,17.873940521480694
2013,V Kohli,83,58.2,148.60503023966135,26.602409638554217,14,29.796921581866645
2013,V Kohli,84,56.0,138.3272524618836,26.45238095238096,56,21.261688820453692
2014,V Kohli,85,55.8,150.43631421007927,26.8,49,24.129221280546844
2014,V Kohli,86,47.0,139.75519965899568,27.05813953488372,0,26.439652507108345
2014,V Kohli,87,27.2,106.19587762509737,26.74712643678161,31,28.211707326175627
2014,V Kohli,88,30.0,108.86668507851354,26.795454545454547,21,29.46483504551169
2014,V Kohli,89,31.4,108.16668507851357,26.730337078651687,4,32.60158446416228
2014,V Kohli,90,21.0,109.54599542334113,26.47777777777777,0,28.681860725285535
2014,V Kohli,91,11.2,83.7565217391306,26.186813186813183,35,28.478133353335163
2014,V Kohli,92,18.2,108.7565217391306,26.282608695652176,0,29.66221539494924
2014,V Kohli,93,12.0,81.80000000000015,26.0,4,32.15659245115051
2014,V Kohli,94,8.6,73.88888888888904,25.76595744680851,10,32.59473861662837
2014,V Kohli,95,9.8,52.07070707070723,25.6,27,23.880435688066182
2014,V Kohli,96,15.2,70.69139672587964,25.61458333333333,67,20.660589443302865
2014,V Kohli,97,21.6,76.85418742355407,26.04123711340206,38,27.452823452744223
2014,V Kohli,98,29.2,101.37031645581212,26.163265306122447,73,28.365883643036177
2015,V Kohli,99,43.0,120.028597378244,26.63636363636364,13,23.6103572081218
2015,V Kohli,100,43.6,119.18011252975914,26.5,41,22.794604437528108
2015,V Kohli,101,46.4,120.08323239839626,26.643564356435643,18,24.51066064977242
2015,V Kohli,102,36.6,107.86781012177444,26.558823529411764,51,28.9608893451766
2015,V Kohli,103,39.2,107.07261132207456,26.796116504854368,62,33.877521606590676
2015,V Kohli,104,37.0,106.48196324988422,27.134615384615383,35,32.0931318328705
2015,V Kohli,105,41.4,119.58341252524652,27.20952380952381,1,24.947212581108964
2015,V Kohli,106,33.4,105.059603001437,26.9622641509434,34,34.24304762868223
2015,V Kohli,107,36.6,120.1122345803844,27.02803738317757,48,28.191788410296468
2015,V Kohli,108,36.0,118.20948616600806,27.22222222222222,32,31.381740251545754
2015,V Kohli,109,30.0,111.89812571720022,27.26605504587156,82,29.029217192018645
2015,V Kohli,110,39.4,113.6202058536026,27.76363636363636,19,25.25941664325698
2015,V Kohli,111,43.0,150.8424280758248,27.684684684684683,44,21.1282836065481
2015,V Kohli,112,45.0,163.15821754950903,27.830357142857142,1,27.869075538862106
2015,V Kohli,113,35.6,151.34003573132722,27.5929203539823,12,21.761088817405412
2015,V Kohli,114,31.6,144.02820777433797,27.45614035087719,12,25.419915920296205
2016,V Kohli,115,17.6,138.5380116959066,27.321739130434786,75,27.353100175851367
2016,V Kohli,116,28.8,125.72755417956674,27.73275862068965,79,27.77403716633508
2016,V Kohli,117,35.8,112.32843137254918,28.17094017094017,33,28.215304735694534
2016,V Kohli,118,42.2,121.74019607843152,28.21186440677966,80,35.83854480683152
2016,V Kohli,119,55.8,131.26400560224107,28.647058823529413,100,28.6469227563516
2016,V Kohli,120,73.4,135.84733893557438,29.241666666666667,14,15.929291291125038
2016,V Kohli,121,61.2,122.90616246498617,29.115702479338843,52,16.242875561735193
2016,V Kohli,122,55.8,113.62585943468312,29.30327868852459,108,23.1725366747986
2016,V Kohli,123,70.8,131.4554740391456,29.943089430894307,20,13.56806921932045
2016,V Kohli,124,58.8,127.64595022962176,29.86290322580645,7,13.82476470422525
2016,V Kohli,125,40.2,113.89595022962176,29.68,109,33.11054580337223
2016,V Kohli,126,59.2,137.0617256306913,30.30952380952381,75,17.472293014764674
2016,V Kohli,127,63.8,142.83712670021,30.661417322834644,113,12.405797885228798
2016,V Kohli,128,64.8,149.9094728800613,31.3046875,54,12.266858493264339
2016,V Kohli,129,71.6,154.86185383244225,31.48062015503876,0,15.196144336279888
2016,V Kohli,130,70.2,137.36185383244225,31.23846153846154,54,15.91933751202306
2017,V Kohli,131,59.2,127.7254901960786,31.41221374045801,62,12.98901205815102
2017,V Kohli,132,56.6,124.14705882352958,31.643939393939394,28,8.507389126176
2017,V Kohli,133,39.6,109.3070175438598,31.616541353383457,64,37.27897912047863
2017,V Kohli,134,41.6,110.40505675954608,31.85820895522388,0,33.23924675969686
2017,V Kohli,135,41.6,110.40505675954608,31.622222222222224,10,33.25622312837251
2017,V Kohli,136,32.8,94.69077104526036,31.46323529411765,55,30.452015418441746
2017,V Kohli,137,31.4,91.7741043785937,31.635036496350367,20,19.503050230047513
2017,V Kohli,138,29.8,88.96708683473403,31.55072463768116,6,24.08285644401103
2017,V Kohli,139,18.2,83.86904761904778,31.366906474820144,5,42.07785457748939
2017,V Kohli,140,19.2,94.98015873015888,31.178571428571427,58,28.849096231442395
2018,V Kohli,141,28.8,105.9118357487924,31.368794326241133,31,22.389764780829076
2018,V Kohli,142,24.0,101.78304787000454,31.366197183098592,21,25.503336530552115
2018,V Kohli,143,24.2,101.3663812033379,31.293706293706293,57,27.30577728018438
2018,V Kohli,144,34.4,118.14057475172498,31.47222222222222,92,15.429064921407653
2018,V Kohli,145,51.8,136.7068829954526,31.8896551724138,30,30.42655140021425
2018,V Kohli,146,46.2,134.56641476802784,31.876712328767123,18,19.927917169332503
2018,V Kohli,147,43.6,139.77853598014903,31.782312925170068,68,32.03020332889616
2018,V Kohli,148,53.0,144.43762688923994,32.027027027027025,32,36.85358844689123
2018,V Kohli,149,48.0,132.27881795623745,32.02684563758389,8,25.627785938958525
2018,V Kohli,150,31.2,117.1468531468533,31.866666666666667,39,32.56867735814314
2018,V Kohli,151,33.0,120.06993006993022,31.91390728476821,70,45.546465576300974
2018,V Kohli,152,43.4,129.40326340326357,32.16447368421053,48,37.2581547707608
2018,V Kohli,153,39.4,131.59762077003472,32.26797385620915,12,31.818075167592955
2018,V Kohli,154,35.4,128.80041797283192,32.13636363636363,4,26.775982193285852
2019,V Kohli,155,34.6,123.14385231626628,31.95483870967741,6,27.755548327630045
2019,V Kohli,156,28.0,107.14385231626628,31.78846153846154,46,29.053319947854746
2019,V Kohli,157,23.2,101.68930686172082,31.878980891719745,3,30.569147979016698
2019,V Kohli,158,14.2,74.58585858585874,31.696202531645568,23,36.19252949033454
2019,V Kohli,159,16.4,70.45998445998461,31.641509433962263,84,28.47213005755848
2019,V Kohli,160,32.4,95.85680985681002,31.96875,41,31.14557087888678
2019,V Kohli,161,39.4,110.70529470529486,32.024844720496894,67,43.2358069799457
2019,V Kohli,162,43.6,107.6413216413218,32.24074074074074,8,50.08551445952476
2019,V Kohli,163,44.6,117.6413216413218,32.0920245398773,100,36.20734350978562
2019,V Kohli,164,60.0,134.43177256970375,32.50609756097561,9,22.6569762755091
2019,V Kohli,165,45.0,122.64605828398946,32.36363636363637,13,32.13986482456772
2019,V Kohli,166,39.4,130.2975734355046,32.24698795180723,23,26.046959216340774
2019,V Kohli,167,30.6,132.5415821501016,32.191616766467064,25,21.363414180319076
2019,V Kohli,168,34.0,187.970153578673,32.148809523809526,16,13.058933319405604
2020/21,V Kohli,169,17.2,199.20168067226908,32.053254437869825,18,16.865237728637688
2020/21,V Kohli,170,19.0,197.87815126050435,31.97058823529412,9,20.7538951213708
2020/21,V Kohli,171,18.2,178.23529411764724,31.83625730994152,7,23.872942326418233
2020/21,V Kohli,172,15.0,171.17647058823545,31.69186046511628,29,16.508316948181204
2020/21,V Kohli,173,15.8,123.91456582633069,31.67630057803468,1,35.919508208773706
2020/21,V Kohli,174,12.8,82.20028011204498,31.5,72,55.779281179396826
2020/21,V Kohli,175,23.6,88.1936208445644,31.731428571428573,43,33.305356721903074
2020/21,V Kohli,176,30.4,95.81266846361204,31.795454545454547,43,42.84271812406524
2020/21,V Kohli,177,37.6,101.10678611067084,31.858757062146893,90,44.44315548643133
2020/21,V Kohli,178,49.8,108.51906681242522,32.18539325842696,48,54.21974808667768
2020/21,V Kohli,179,59.2,127.93370095876668,32.273743016759774,14,26.243638519268462
2020/21,V Kohli,180,47.6,122.30235117647352,32.172222222222224,33,33.48597422561996
2020/21,V Kohli,181,45.6,123.82616070028304,32.1767955801105,50,24.76809978891135
2020/21,V Kohli,182,47.0,120.75426527544644,32.27472527472528,8,23.589988177452618
2020/21,V Kohli,183,30.6,101.4830102147177,32.14207650273224,6,29.520364372938065
2021,V Kohli,184,22.2,95.21123321123336,32.0,33,34.25114859615591
2021,V Kohli,185,26.0,96.431392362427,32.005405405405405,33,37.446550381578916
2021,V Kohli,186,26.0,96.43139236242702,32.01075268817204,5,36.86968851545143
2021,V Kohli,187,17.0,90.87583680687143,31.86631016042781,72,29.394619088373926
2021,V Kohli,188,29.8,109.20644237151956,32.07978723404256,8,28.862892119027876
2021,V Kohli,189,30.2,112.06358522866245,31.95238095238096,12,24.156043820409305
2021,V Kohli,190,26.0,109.30496453900726,31.847368421052632,35,27.309933200648146
2021,V Kohli,191,26.4,107.8931998331249,31.86387434554974,5,30.110418676185972
2021,V Kohli,192,26.4,111.22653316645824,31.72395833333333,25,32.4325225725961
2021,V Kohli,193,17.0,100.5882352941178,31.68911917098445,5,32.14018602223216
2021,V Kohli,194,16.4,105.5882352941178,31.551546391752577,4,36.19878448351996
2021,V Kohli,195,14.8,95.5882352941178,31.41025641025641,25,30.46453090791613
2021,V Kohli,196,12.8,100.00000000000016,31.377551020408163,51,39.978358620445256
2021,V Kohli,197,22.0,103.18181818181831,31.477157360406093,53,34.43697486119257
2021,V Kohli,198,27.6,108.41991341991358,31.585858585858585,39,35.071023627571684
2022,V Kohli,199,34.4,107.0562770562772,31.623115577889447,41,27.557644561065484
2022,V Kohli,200,41.8,123.50788995950302,31.67,12,33.03453201457745
2022,V Kohli,201,39.2,132.7936042452173,31.572139303482587,5,36.294282356225985
2022,V Kohli,202,30.0,126.2784527300658,31.440594059405942,48,35.71092919861035
2022,V Kohli,203,29.0,127.7070241586372,31.52216748768473,1,36.03321576713385
2022,V Kohli,204,21.4,110.73732718894026,31.37254901960784,12,38.106918081639755
2022,V Kohli,205,15.6,101.4285714285716,31.278048780487804,0,38.12956530329466
2022,V Kohli,206,13.2,67.1428571428573,31.12621359223301,0,42.70206664848106
2022,V Kohli,207,12.2,50.47619047619063,30.97584541062802,9,44.48258236386162
2022,V Kohli,208,4.4,40.173160173160326,30.870192307692307,58,43.36278873747829
2022,V Kohli,209,15.8,54.98797498797516,31.0,30,36.29251473887799
2022,V Kohli,210,19.4,54.98797498797514,30.995238095238093,0,37.238007582578646
2022,V Kohli,211,19.4,54.98797498797514,30.848341232227487,20,37.238007582578646
2022,V Kohli,212,23.4,79.98797498797515,30.79716981132076,73,32.91246324120587
2022,V Kohli,213,36.2,89.69576719576736,30.995305164319248,25,35.73912493648259
2022,V Kohli,214,29.6,87.4450549450551,30.96728971962617,7,27.290325096406054
2023,V Kohli,215,25.0,87.80219780219798,30.85581395348837,82,21.979275720671296
2023,V Kohli,216,41.4,118.74559402861308,31.09259259259259,21,29.04633495176812
2023,V Kohli,217,41.6,117.0789273619464,31.046082949308754,61,26.374024793285194
2023,V Kohli,218,39.2,118.11860990162896,31.18348623853211,50,29.026923879628786
2023,V Kohli,219,44.2,127.45926924228829,31.269406392694066,6,24.548331761400238
2023,V Kohli,220,44.0,139.95926924228826,31.154545454545456,59,34.84279943125849
2023,V Kohli,221,39.4,133.59920634920653,31.28054298642534,0,28.136659057240774
2023,V Kohli,222,35.2,110.2658730158732,31.13963963963964,54,26.130830293868883
2023,V Kohli,223,33.8,111.57581453634104,31.24215246636772,31,23.13865127209094
2023,V Kohli,224,30.0,102.37938596491244,31.241071428571427,55,24.94276565783648
2023,V Kohli,225,39.8,95.78364128406136,31.346666666666668,1,42.74282800019121
2023,V Kohli,226,28.2,76.20030795072805,31.21238938053097,18,39.154283153546245
2023,V Kohli,227,31.8,94.20030795072805,31.154185022026432,100,27.746938090016528
2023,V Kohli,228,41.0,96.54848608837986,31.45614035087719,101,33.65256158734772
2024,V Kohli,229,55.0,109.23697815187192,31.75982532751092,21,14.426097520418574
2024,V Kohli,230,48.2,105.832722832723,31.713043478260868,77,32.50542124287094
2024,V Kohli,231,63.4,130.4481074481076,31.90909090909091,83,11.315889066115595
2024,V Kohli,232,76.4,140.1147741147743,32.12931034482759,22,31.755892090188876
2024,V Kohli,233,60.8,136.8455433455435,32.08583690987125,113,30.477906360803132
2024,V Kohli,234,63.2,134.1327006327008,32.43162393162393,3,34.600285305842796
2024,V Kohli,235,59.6,120.79936729936746,32.306382978723406,42,32.261847776812346
2024,V Kohli,236,52.6,133.18398268398283,32.347457627118644,18,39.965489121521074
2024,V Kohli,237,39.6,156.9458874458876,32.28691983122363,51,38.43531344949566
2024,V Kohli,238,45.4,153.16681767844574,32.365546218487395,70,38.13919117892598
2024,V Kohli,239,36.8,154.92727943890753,32.52301255230125,42,40.86717309717264
2024,V Kohli,240,44.6,179.37172388335196,32.5625,92,31.024712445355142
2024,V Kohli,241,54.6,172.75633926796735,32.809128630705395,27,37.70157982007772
2024,V Kohli,242,56.4,159.89919641082446,32.78512396694215,47,26.28720982796883
2024,V Kohli,243,55.6,167.51159951159966,32.84362139917695,33,35.35558801143502
2007/08,V Sehwag,5,41.4,191.59638810801616,41.4,40,10.198532613119507
2007/08,V Sehwag,6,47.0,171.59638810801616,41.16666666666666,23,15.475299297622623
2007/08,V Sehwag,7,32.8,153.43101343101358,38.57142857142857,17,42.627665829785975
2007/08,V Sehwag,8,35.0,152.47863247863262,35.875,0,27.847607654895437
2007/08,V Sehwag,9,30.2,115.5555555555557,31.88888888888889,0,16.75524044547025
2007/08,V Sehwag,10,16.0,81.7460317460319,28.7,51,32.7550979379262
2007/08,V Sehwag,11,18.2,78.17460317460333,30.727272727272727,47,34.521708926693016
2007/08,V Sehwag,12,23.0,102.09273182957408,32.083333333333336,18,28.04364407041926
2007/08,V Sehwag,13,23.2,145.9022556390979,31.0,3,25.233361165072967
2009,V Sehwag,14,23.8,160.9022556390979,29.0,38,21.252719218190737
2009,V Sehwag,15,31.4,203.1244778613201,29.6,6,18.6128019449037
2009,V Sehwag,16,22.4,180.02923976608204,28.125,7,23.442229376112017
2009,V Sehwag,17,14.4,153.88888888888906,26.88235294117647,16,22.96008963057012
2009,V Sehwag,18,14.0,122.97979797979816,26.27777777777778,20,28.822688432266762
2009,V Sehwag,19,17.4,144.3434343434345,25.94736842105263,11,19.440500360245917
2009,V Sehwag,20,12.0,124.12121212121228,25.2,9,26.070282984879828
2009,V Sehwag,21,12.6,128.78787878787892,24.428571428571427,2,20.714233411565523
2009,V Sehwag,22,11.6,110.4545454545456,23.40909090909091,0,19.598375739082574
2009,V Sehwag,23,8.4,81.36363636363652,22.39130434782609,50,17.015741561779613
2009,V Sehwag,24,14.4,79.48275862068981,23.541666666666668,39,18.431707477176694
2009/10,V Sehwag,25,20.0,81.85775862068981,24.16,8,21.107812633159384
2009/10,V Sehwag,26,19.8,90.52442528735648,23.53846153846154,75,21.19042671944155
2009/10,V Sehwag,27,34.4,128.38156814449934,25.444444444444443,26,19.377798660920377
2009/10,V Sehwag,28,39.6,160.88156814449934,25.464285714285715,74,19.823176681794813
2009/10,V Sehwag,29,44.4,162.49637049941944,27.13793103448276,3,26.935479108754414
2009/10,V Sehwag,30,37.2,146.69279907084805,26.33333333333333,12,21.816547796840506
2009/10,V Sehwag,31,38.0,141.84431422236315,25.870967741935484,8,22.703300611835875
2009/10,V Sehwag,32,24.6,152.32050469855363,25.3125,19,23.062249579340317
2009/10,V Sehwag,33,23.2,149.05127392932286,25.12121212121212,35,25.462812833141978
2009/10,V Sehwag,34,15.4,144.7718947718949,25.41176470588235,64,23.30873642706504
2009/10,V Sehwag,35,27.6,165.96790806093145,26.51428571428572,0,30.194843783993104
2009/10,V Sehwag,36,25.2,144.14972624274964,25.77777777777778,20,24.198921000114545
2009/10,V Sehwag,37,27.6,111.86902448836368,25.62162162162162,4,28.260640086569893
2009/10,V Sehwag,38,24.6,102.63825525759448,25.05263157894737,8,27.345521015934718
2011,V Sehwag,39,19.2,97.4867401060793,24.615384615384617,19,25.105202882313073
2011,V Sehwag,40,10.2,91.46929824561418,24.475,4,24.54105305008616
2011,V Sehwag,41,11.0,131.4692982456142,23.97560975609756,37,22.67766373400791
2011,V Sehwag,42,14.4,140.01666666666682,24.285714285714285,12,24.007934911613052
2011,V Sehwag,43,16.0,154.3023809523811,24.0,77,25.19798614692647
2011,V Sehwag,44,29.8,169.25733590733608,25.204545454545453,25,32.4982451622989
2011,V Sehwag,45,31.0,173.28511368511386,25.2,34,26.120708383920707
2011,V Sehwag,46,37.0,162.85033107641817,25.39130434782609,80,26.6820268379261
2011,V Sehwag,47,45.6,166.58366440975152,26.5531914893617,15,32.31743961979344
2011,V Sehwag,48,46.2,165.63128345737056,26.3125,119,32.017597156010474
2011,V Sehwag,49,54.6,165.04414459436964,28.20408163265306,2,27.744899555289795
2012,V Sehwag,50,50.0,147.26636681659187,27.68,20,24.997278363548972
2012,V Sehwag,51,47.2,148.4703801945183,27.529411764705884,0,25.16534949041359
2012,V Sehwag,52,31.2,115.13704686118494,27.0,33,23.42384971410696
2012,V Sehwag,53,34.8,113.23228495642306,27.11320754716981,7,23.642947889643473
2012,V Sehwag,54,12.4,100.19780219780236,26.74074074074074,32,27.43753744367193
2012,V Sehwag,55,18.4,107.49509949509964,26.83636363636364,4,26.601529935570372
2012,V Sehwag,56,15.2,116.72586872586888,26.428571428571427,57,22.815318310147575
2012,V Sehwag,57,26.6,151.2713232713234,26.96491228070176,87,21.076868083985133
2012,V Sehwag,58,37.4,156.092751842752,28.0,73,23.827819343301012
2012,V Sehwag,59,50.6,162.04624021484503,28.76271186440678,63,34.055152660899644
2012,V Sehwag,60,56.8,176.2489429175477,29.33333333333333,73,19.249251506929205
2012,V Sehwag,61,70.6,173.68484035344517,30.049180327868854,23,24.92726844154316
2012,V Sehwag,62,63.8,190.2504969191017,29.93548387096774,4,19.50316442901285
2012,V Sehwag,63,47.2,194.0004969191017,29.52380952380953,8,39.958158707257304
2012,V Sehwag,64,34.2,177.82478632478646,29.1875,10,24.745898192551657
2012,V Sehwag,65,23.6,174.89621489621504,28.892307692307693,1,23.62616512210896
2013,V Sehwag,66,9.2,139.9603174603176,28.46969696969697,12,28.770052742739026
2013,V Sehwag,67,7.0,112.8492063492065,28.22388059701493,25,29.75940659060423
2013,V Sehwag,68,11.2,94.5883367839891,28.176470588235293,17,26.214995704290452
2013,V Sehwag,69,13.0,98.06055900621134,28.014492753623188,95,25.880692208046725
2013,V Sehwag,70,30.0,102.82246376811608,28.97142857142857,30,31.927423343496347
2013,V Sehwag,71,35.8,127.59519104084336,28.985915492957748,28,28.307716428430435
2013,V Sehwag,72,39.0,122.26185770751005,28.97222222222222,17,30.125773849757657
2013,V Sehwag,73,37.4,123.18939393939408,28.80821917808219,8,29.207309858365843
2013,V Sehwag,74,35.6,111.35115864527646,28.527027027027028,11,26.574366322099436
2013,V Sehwag,75,18.8,102.46226975638756,28.293333333333333,18,29.23389276189864
2013,V Sehwag,76,16.4,111.18954248366028,28.157894736842103,23,29.900496607795713
2013,V Sehwag,77,15.4,112.5228758169936,28.09090909090909,0,22.696841167974185
2013,V Sehwag,78,12.0,89.85620915032696,27.73076923076923,11,29.666060121945716
2014,V Sehwag,79,12.6,102.4444444444446,27.51898734177216,19,30.0549807275674
2014,V Sehwag,80,14.2,116.00000000000016,27.4125,2,27.658586436465065
2014,V Sehwag,81,11.0,85.00000000000016,27.09876543209877,30,24.803487129901285
2014,V Sehwag,82,12.4,92.27272727272744,27.134146341463413,37,28.28278639560748
2014,V Sehwag,83,19.8,116.93939393939408,27.25301204819277,32,31.112728369588027
2014,V Sehwag,84,24.0,118.6430976430978,27.30952380952381,1,24.531611616814747
2014,V Sehwag,85,20.4,90.6430976430978,27.0,30,26.820268275183654
2014,V Sehwag,86,26.0,109.6430976430978,27.03488372093023,30,30.39690745373843
2014,V Sehwag,87,26.0,103.06002554278432,27.06896551724138,72,34.67471051692031
2014,V Sehwag,88,33.0,106.08566656842537,27.579545454545453,4,33.372640236224946
2014,V Sehwag,89,27.4,122.38196286472166,27.31460674157304,23,26.72115820455178
2014,V Sehwag,90,31.8,132.38196286472166,27.266666666666666,17,28.963897666969928
2014,V Sehwag,91,29.2,136.715296198055,27.15384615384616,18,27.42721033564769
2014,V Sehwag,92,26.8,156.0256410256412,27.05434782608696,9,19.47584497390416
2014,V Sehwag,93,14.2,150.83333333333348,26.86021505376344,2,22.48799107866581
2014,V Sehwag,94,13.8,124.1666666666668,26.595744680851062,122,26.102754621635814
2014,V Sehwag,95,33.6,143.52150537634424,27.6,7,26.114747100020253
2015,V Sehwag,96,31.6,129.1881720430109,27.385416666666668,0,23.809869374988015
2015,V Sehwag,97,28.0,89.18817204301091,27.103092783505154,36,23.73108813268853
2015,V Sehwag,98,33.4,102.6881720430109,27.193877551020407,47,31.373867121576957
2015,V Sehwag,99,42.4,110.71847507331395,27.393939393939394,11,38.48645525888288
2015,V Sehwag,100,20.2,93.36363636363652,27.23,1,26.828449200196594
2015,V Sehwag,101,19.0,84.36363636363652,26.97029702970297,1,31.834425961323902
2015,V Sehwag,102,19.2,91.0303030303032,26.715686274509803,1,22.17537031664543
2015,V Sehwag,103,12.2,65.03030303030319,26.466019417475728,2,30.77313272030453
2018,V Shankar,5,22.8,104.72915972915987,22.8,3,15.438528559997787
2018,V Shankar,6,23.2,114.72915972915987,19.5,2,15.794481110813875
2018,V Shankar,7,20.6,101.65223665223682,17.0,54,18.85546584982993
2018,V Shankar,8,18.8,105.7431457431459,21.625,17,22.383365435705688
2018,V Shankar,9,17.8,129.87012987013003,21.11111111111111,23,22.176696105766272
2018,V Shankar,10,19.8,146.68331668331683,21.3,21,20.191100554978654
2018,V Shankar,11,23.4,147.68331668331683,21.27272727272728,36,24.66398511084113
2018,V Shankar,12,30.2,161.68331668331683,22.5,43,19.274426956697088
2019,V Shankar,13,28.0,155.83104395604408,24.07692307692308,40,20.69827218915268
2019,V Shankar,14,32.6,140.59294871794887,25.214285714285715,35,29.80927226403192
2019,V Shankar,15,35.0,151.87500000000017,25.866666666666667,9,27.410445189225594
2019,V Shankar,16,32.6,190.87500000000017,24.8125,16,30.40383364656077
2019,V Shankar,17,28.6,180.78804347826105,24.294117647058822,5,24.58557080965184
2019,V Shankar,18,21.0,163.91304347826105,23.22222222222222,26,18.288931814212408
2019,V Shankar,19,18.2,149.83896940418697,23.36842105263158,1,18.1456654020238
2019,V Shankar,20,11.4,113.1723027375203,22.25,7,16.60791124067416
2019,V Shankar,21,11.0,65.899575464793,21.52380952380953,26,26.79562897105276
2019,V Shankar,22,13.0,77.98653198653214,21.727272727272727,8,26.0365073892005
2019,V Shankar,23,13.6,83.98653198653214,21.13043478260869,7,22.836961645344658
2019,V Shankar,24,9.8,99.72727272727288,20.541666666666668,12,19.743615853400396
2019,V Shankar,25,12.0,103.06060606060625,20.2,27,23.07301382417381
2019,V Shankar,26,16.0,120.33333333333348,20.46153846153846,25,20.919257915329922
2020/21,V Shankar,27,15.8,139.78787878787895,20.62962962962963,26,20.36195752529631
2020/21,V Shankar,28,19.4,142.3593073593075,20.821428571428573,7,20.82865644029405
2020/21,V Shankar,29,19.4,121.35930735930752,20.344827586206897,52,22.471856648838056
2020/21,V Shankar,30,27.4,127.64861553540814,21.4,12,22.948449699065833
2020/21,V Shankar,31,24.4,131.93432982112245,21.096774193548388,0,23.06642953407428
2021,V Shankar,32,19.4,86.47978436657698,20.4375,11,20.54185659020183
2021,V Shankar,33,16.4,99.33692722371984,20.151515151515152,3,21.491181854638576
2021,V Shankar,34,15.6,97.33692722371984,19.647058823529413,28,21.449915799343767
2021,V Shankar,35,10.8,100.11428571428588,19.88571428571429,8,19.62372442498899
2021,V Shankar,36,10.0,88.68571428571445,19.55555555555556,8,19.542131508551222
2022,V Shankar,37,11.6,108.68571428571444,19.24324324324324,4,17.531673088186587
2022,V Shankar,38,10.2,88.68571428571445,18.84210526315789,13,17.435608036304075
2022,V Shankar,39,12.2,89.68571428571445,18.692307692307693,2,20.234439828483584
2022,V Shankar,40,7.0,73.00000000000016,18.275,0,18.807988653265358
2023,V Shankar,41,5.4,50.142857142857295,17.829268292682926,27,19.462801289054635
2023,V Shankar,42,9.2,53.621118012422514,18.047619047619047,29,17.549027416429
2023,V Shankar,43,14.2,66.35921325051775,18.302325581395348,63,18.288511842956332
2023,V Shankar,44,24.2,105.85921325051775,19.318181818181817,10,18.32564673239674
2023,V Shankar,45,25.8,116.8115942028987,19.11111111111111,19,23.196974174395407
2023,V Shankar,46,29.6,139.16453537936928,19.10869565217392,51,24.554618561928994
2023,V Shankar,47,34.4,154.91704374057332,19.78723404255319,6,22.75493676967681
2023,V Shankar,48,29.8,142.75037707390666,19.5,29,23.69867266969473
2023,V Shankar,49,23.0,131.67894850247808,19.693877551020407,53,20.486727820196457
2023,V Shankar,50,31.6,144.45672628025585,20.36,14,26.548741280210937
2024,V Shankar,51,30.6,143.6422466422468,20.23529411764705,6,28.88378503734743
2024,V Shankar,52,21.6,128.41147741147756,19.96153846153846,12,21.902508060772913
2024,V Shankar,53,22.8,136.41147741147756,19.81132075471698,14,20.532409424978
2024,V Shankar,54,19.8,120.4374514374516,19.703703703703702,8,21.489064308063224
2024,V Shankar,55,10.8,106.99300699300716,19.49090909090909,17,16.744485978324946
2024,V Shankar,56,11.4,104.3434343434345,19.446428571428573,16,17.497106996709434
2024,V Shankar,57,13.4,109.4343434343436,19.385964912280706,10,21.165484222085833
2023,VG Arora,5,1.4,65.71428571428588,1.4,1,3.62626887590265
2024,VG Arora,6,1.4,75.71428571428588,1.3333333333333333,1,4.10634692383061
2014,VR Aaron,5,3.8,52.16666666666684,3.8,17,8.6723110552613
2015,VR Aaron,6,7.2,83.07575757575775,6.0,6,7.404665012511004
2017,VR Aaron,7,8.2,103.07575757575772,6.0,4,6.8518573527724085
2017,VR Aaron,8,9.0,116.40909090909108,5.75,0,7.5251312156026895
2019,VR Aaron,9,6.8,101.7424242424244,5.111111111111111,3,5.580148150531508
2020/21,VR Aaron,10,6.0,92.813852813853,4.9,1,6.4889462340989255
2020/21,VR Aaron,11,2.8,71.90476190476207,4.545454545454546,0,5.673918971298112
2021,VR Iyer,5,38.6,129.21071428571446,38.6,38,35.671269916750816
2021,VR Iyer,6,38.0,120.4655405405407,38.5,8,29.965612318773875
2021,VR Iyer,7,36.8,114.39411196911216,34.142857142857146,26,32.763567891490986
2021,VR Iyer,8,31.4,98.60244530244547,33.125,55,23.48569836150707
2021,VR Iyer,9,38.8,101.10244530244547,35.55555555555556,50,16.164284593133438
2022,VR Iyer,10,35.4,105.55244530244548,37.0,16,20.112951246874882
2022,VR Iyer,11,31.0,105.01190476190492,35.09090909090909,10,29.163579612875
2022,VR Iyer,12,31.4,107.8690476190478,33.0,3,20.86151629510656
2022,VR Iyer,13,26.8,99.10714285714305,30.692307692307693,50,24.452889078981976
2022,VR Iyer,14,25.8,98.49738675958206,32.07142857142857,18,27.626105836772904
2022,VR Iyer,15,19.4,112.24738675958206,31.133333333333333,6,17.72413207759115
2022,VR Iyer,16,17.4,100.81881533101064,29.5625,6,28.514708812245352
2022,VR Iyer,17,16.6,103.67595818815349,28.176470588235293,17,25.586661988560525
2022,VR Iyer,18,19.4,112.99926645883018,27.55555555555556,6,22.375062369092593
2022,VR Iyer,19,10.6,98.60902255639114,26.42105263157895,43,22.10479132123648
2022,VR Iyer,20,15.6,86.68594563331422,27.25,7,23.006909330279754
2022,VR Iyer,21,15.8,98.11451706188564,26.285714285714285,0,24.213097412033317
2023,VR Iyer,22,14.6,80.9716599190285,25.09090909090909,34,22.295633745948688
2023,VR Iyer,23,18.0,86.5251989389922,25.47826086956522,3,22.045659406258487
2023,VR Iyer,24,17.4,85.09662751042077,24.541666666666668,83,24.454911851080176
2023,VR Iyer,25,25.4,92.50750931154649,26.88,10,22.327748887503443
2023,VR Iyer,26,26.0,89.17417597821316,26.23076923076923,104,28.053579186604026
2023,VR Iyer,27,46.8,128.41945899708108,29.11111111111111,0,15.815185952701972
2023,VR Iyer,28,40.0,104.97118313501213,28.071428571428573,20,16.82940985033005
2023,VR Iyer,29,43.4,115.44737361120258,27.79310344827586,31,28.901647859673307
2023,VR Iyer,30,33.0,96.3388790779814,27.9,11,28.25373604020589
2023,VR Iyer,31,33.2,94.33887907798136,27.35483870967742,7,33.62377858881034
2023,VR Iyer,32,13.8,90.09359605911348,26.71875,11,20.909274908718032
2023,VR Iyer,33,16.0,107.0166729821904,26.24242424242424,57,25.25430243294723
2023,VR Iyer,34,23.4,114.48068184154808,27.147058823529413,9,25.302430847532676
2023,VR Iyer,35,19.0,138.1013714967205,26.62857142857143,24,22.725895477295477
2024,VR Iyer,36,21.6,155.43470483005382,26.55555555555556,7,23.14097328845067
2024,VR Iyer,37,21.6,148.43470483005385,26.027027027027028,50,23.978686302282828
2024,VR Iyer,38,29.4,162.7616279069769,26.657894736842103,5,23.751364561768586
2024,VR Iyer,39,19.0,186.25000000000017,26.102564102564106,3,33.60085935479775
2024,VR Iyer,40,17.8,148.75000000000017,25.525,8,27.64543748009079
2024,VR Iyer,41,14.6,143.41666666666683,25.09756097560976,16,25.083707132415416
2024,VR Iyer,42,16.4,155.41666666666683,24.88095238095238,39,27.089282765559254
2024,VR Iyer,43,14.2,156.66666666666683,25.2093023255814,26,26.622460298067736
2024,VR Iyer,44,18.4,129.27536231884076,25.227272727272727,70,26.504281328305083
2024,VR Iyer,45,31.8,148.19045665846338,26.22222222222222,1,28.046252213915384
2024,VR Iyer,46,30.4,141.52378999179672,25.67391304347826,42,23.056543790748684
2024,VR Iyer,47,35.6,141.52378999179672,26.02127659574468,51,24.13962844551867
2024,VR Iyer,48,38.0,145.45236142036816,26.541666666666668,52,21.28710799983965
2007/08,VVS Laxman,5,20.6,81.50264550264566,20.6,52,21.62779199131191
2009,VVS Laxman,6,31.0,105.13900913900932,25.83333333333333,10,37.15089635298556
2009,VVS Laxman,7,32.6,118.47234247234265,23.571428571428573,5,29.18593204589635
2009,VVS Laxman,8,30.4,108.47234247234265,21.25,0,24.57205226284355
2009,VVS Laxman,9,23.0,81.06493506493523,18.88888888888889,4,18.579408710830073
2009,VVS Laxman,10,14.2,69.63636363636381,17.4,0,17.390445427696896
2009/10,VVS Laxman,11,3.8,46.00000000000017,15.818181818181818,22,15.445432932501019
2009/10,VVS Laxman,12,6.2,57.4285714285716,16.333333333333332,12,20.066678282855435
2009/10,VVS Laxman,13,7.6,69.24675324675341,16.0,10,15.476870173291738
2009/10,VVS Laxman,14,9.6,97.81818181818198,15.571428571428571,10,13.619363562378679
2009/10,VVS Laxman,15,10.8,98.48484848484864,15.2,4,13.981556322364202
2009/10,VVS Laxman,16,11.6,109.91341991342009,14.5,6,13.714186892440232
2011,VVS Laxman,17,8.4,89.39393939393958,14.0,36,15.051600635529146
2011,VVS Laxman,18,13.2,92.40334378265428,15.22222222222222,0,18.047279141281408
2011,VVS Laxman,19,11.2,63.83191521122573,14.421052631578949,8,14.730295893171046
2023,Vishnu Vinod,5,10.2,94.33333333333351,10.2,5,13.376402143593113
2007/08,W Jaffer,5,14.2,76.66666666666683,14.2,44,20.031258746766433
2009,W Jaffer,6,21.8,93.78378378378396,19.166666666666668,7,18.11711154023263
2009,W Jaffer,7,13.2,80.00600600600617,17.428571428571427,8,16.15448042879308
2009,WA Mota,5,7.0,80.18518518518536,7.0,4,10.588483468868995
2009,WA Mota,6,7.6,71.61375661375679,6.5,12,8.65695369622558
2009,WA Mota,7,5.0,65.72681704260668,7.285714285714286,5,7.798081550980059
2012,WD Parnell,5,7.4,84.65686274509821,7.4,11,10.587597246451745
2012,WD Parnell,6,9.4,95.99019607843154,8.0,2,11.374557663803216
2012,WD Parnell,7,7.8,83.99019607843154,7.142857142857143,1,8.002207098290649
2012,WD Parnell,8,6.2,71.49019607843154,6.375,2,7.939464020400736
2012,WD Parnell,9,3.4,72.66666666666683,5.888888888888889,3,6.3280892971764775
2013,WD Parnell,10,3.8,64.66666666666683,5.6,5,5.97683759497325
2014,WD Parnell,11,2.6,64.28571428571446,5.545454545454546,2,5.989226935822386
2023,WD Parnell,12,2.6,76.28571428571446,5.25,2,6.7037939936741
2024,WG Jacks,5,35.2,156.9940476190478,35.2,1,27.099531618970783
2024,WG Jacks,6,33.8,136.9940476190478,29.5,12,24.920757680338056
2024,WG Jacks,7,34.8,136.27976190476207,27.0,41,20.977732451716246
2007/08,WP Saha,5,22.8,126.38970588235313,22.8,5,12.116181852196735
2007/08,WP Saha,6,21.8,131.29166666666683,19.83333333333333,1,19.991685509495223
2007/08,WP Saha,7,16.6,100.87500000000016,17.142857142857142,15,17.19660464265816
2007/08,WP Saha,8,19.4,124.20833333333351,16.875,11,15.660617257252998
2007/08,WP Saha,9,9.8,124.00000000000018,16.22222222222222,13,13.482559507770421
2009,WP Saha,10,9.0,107.33333333333351,15.9,21,13.838778086063824
2009,WP Saha,11,12.2,120.66666666666684,16.363636363636363,8,15.204251464886983
2009,WP Saha,12,13.6,157.3333333333335,15.666666666666666,1,11.82138700385136
2009,WP Saha,13,10.8,144.00000000000017,14.538461538461538,0,13.28844677750071
2009,WP Saha,14,8.6,107.33333333333351,13.5,10,12.293472386449428
2009,WP Saha,15,8.0,130.00000000000017,13.266666666666667,7,13.716159212331917
2009,WP Saha,16,5.2,146.66666666666683,12.875,25,12.81114671197628
2009/10,WP Saha,17,8.6,145.1282051282053,13.588235294117649,22,14.079773106052416
2009/10,WP Saha,18,12.8,158.97435897435915,14.055555555555555,1,11.732531736623278
2009/10,WP Saha,19,13.0,168.97435897435915,13.36842105263158,20,13.256199141280614
2009/10,WP Saha,20,15.0,152.50377073906503,13.7,10,17.399144843327917
2009/10,WP Saha,21,15.6,155.83710407239838,13.523809523809524,13,13.302594793314814
2009/10,WP Saha,22,13.2,134.70889894419324,13.5,1,12.898805095937195
2011,WP Saha,23,9.0,110.86274509803938,12.956521739130435,46,12.966141664865193
2011,WP Saha,24,18.0,127.14845938375365,14.333333333333334,22,16.431789822093734
2012,WP Saha,25,18.4,117.3690476190478,14.64,6,20.120186253700584
2013,WP Saha,26,17.6,75.94047619047635,14.307692307692308,39,16.998930606252316
2013,WP Saha,27,22.8,91.10714285714305,15.22222222222222,13,18.451523067741988
2013,WP Saha,28,25.2,98.44047619047636,15.142857142857142,18,18.294268814570835
2014,WP Saha,29,19.6,92.15476190476208,15.241379310344827,2,17.516195754736927
2014,WP Saha,30,15.6,91.7380952380954,14.8,14,15.23394123038199
2014,WP Saha,31,17.2,111.16666666666684,14.774193548387096,2,20.39490520909632
2014,WP Saha,32,9.8,85.33333333333351,14.375,59,13.712441634779292
2014,WP Saha,33,19.0,93.1063829787236,15.727272727272728,17,17.226304974347972
2014,WP Saha,34,18.8,91.99527186761246,15.764705882352942,15,17.555723094519465
2014,WP Saha,35,21.4,111.99527186761247,15.742857142857142,54,20.642863707028784
2014,WP Saha,36,29.4,125.533733406074,16.805555555555557,13,24.69074333695184
2014,WP Saha,37,31.6,136.20040007274068,16.7027027027027,3,27.13611386737947
2014,WP Saha,38,20.4,118.59401709401727,16.342105263157894,27,19.189091166090208
2014,WP Saha,39,22.4,126.70512820512836,16.615384615384617,35,20.754249443514674
2014,WP Saha,40,26.4,114.58391608391624,17.075,6,21.42906428606516
2014,WP Saha,41,16.8,103.0454545454547,16.804878048780488,115,21.085189064413687
2015,WP Saha,42,37.2,126.78354978354996,19.142857142857142,7,22.585378722772514
2015,WP Saha,43,38.0,154.28354978354997,18.86046511627907,39,19.697386988255776
2015,WP Saha,44,40.4,153.28354978354997,19.318181818181817,15,22.48457185029392
2015,WP Saha,45,36.4,159.344155844156,19.22222222222222,19,18.469822861826973
2015,WP Saha,46,39.0,176.844155844156,19.217391304347824,15,18.0043785879442
2015,WP Saha,47,19.0,148.816205533597,19.127659574468087,42,23.067624591090254
2015,WP Saha,48,26.0,139.27075098814245,19.604166666666668,3,20.9330258569041
2015,WP Saha,49,18.8,120.77075098814244,19.26530612244898,12,18.58564738785004
2015,WP Saha,50,18.2,111.95956217695364,19.12,13,21.525311926560605
2015,WP Saha,51,17.0,88.09592581331728,19.0,33,17.675928427464296
2015,WP Saha,52,20.6,99.49689199689216,19.26923076923077,5,20.04046244289075
2015,WP Saha,53,13.2,83.1332556332558,19.0,31,18.25685318267934
2015,WP Saha,54,18.8,119.9189699189701,19.22222222222222,15,20.244562303420697
2016,WP Saha,55,19.4,126.45743145743162,19.145454545454545,20,20.87880459980031
2016,WP Saha,56,20.8,118.2056832056834,19.160714285714285,3,23.51621034050714
2016,WP Saha,57,14.8,102.33266733266753,18.87719298245614,4,21.459747859291205
2016,WP Saha,58,14.6,113.2417582417584,18.620689655172413,8,20.449267554963885
2016,WP Saha,59,10.0,79.6227106227108,18.440677966101696,33,19.565233456950264
2016,WP Saha,60,13.6,89.35955272797396,18.683333333333334,24,18.388878347414863
2016,WP Saha,61,14.4,97.97493734335858,18.770491803278688,52,20.51846407717067
2016,WP Saha,62,24.2,120.91866028708152,19.306451612903224,16,20.15491529004255
2016,WP Saha,63,26.6,125.53404490246612,19.253968253968253,56,16.930069330283743
2016,WP Saha,64,36.2,142.86737823579946,19.828125,27,19.97663835626976
2016,WP Saha,65,35.0,131.6087970001015,19.93846153846154,24,22.320467566441916
2016,WP Saha,66,35.0,155.6087970001015,20.0,3,21.57449593336098
2017,WP Saha,67,25.2,139.09364548495,19.746268656716417,14,21.466286014354694
2017,WP Saha,68,24.8,145.5893719806765,19.66176470588235,25,21.27525209492929
2017,WP Saha,69,18.6,147.00113668655885,19.73913043478261,7,24.236784418363424
2017,WP Saha,70,14.6,151.52287581699363,19.557142857142857,0,24.073539840081157
2017,WP Saha,71,9.8,103.52287581699365,19.281690140845072,11,16.0246669936844
2017,WP Saha,72,11.4,102.27287581699365,19.166666666666668,10,17.45008067059876
2017,WP Saha,73,10.6,111.16176470588252,19.04109589041096,2,17.48682391493603
2017,WP Saha,74,6.0,91.75000000000016,18.81081081081081,21,15.213737664126619
2017,WP Saha,75,8.8,80.55000000000017,18.84,38,17.559500804074293
2017,WP Saha,76,16.4,102.90294117647076,19.09210526315789,93,20.056913155560878
2017,WP Saha,77,32.8,120.67836490528433,20.05194805194805,13,27.776514483923346
2018,WP Saha,78,33.4,95.12280934972875,19.96153846153846,5,28.80344701295179
2018,WP Saha,79,34.0,101.78947601639544,19.772151898734176,22,30.73202608835597
2018,WP Saha,80,34.2,106.98947601639544,19.8,24,30.755580061453458
2018,WP Saha,81,31.4,111.30320150659152,19.85185185185185,6,33.59358716634198
2018,WP Saha,82,14.0,94.77777777777794,19.682926829268293,5,26.06763048571977
2018,WP Saha,83,12.4,100.33333333333351,19.50602409638554,0,26.23952298402805
2018,WP Saha,84,11.4,83.66666666666683,19.27380952380953,6,20.50392985354842
2018,WP Saha,85,8.2,75.00000000000017,19.11764705882353,11,23.242724984525157
2018,WP Saha,86,5.6,79.76190476190493,19.023255813953487,8,21.497174367218022
2018,WP Saha,87,6.0,96.76190476190492,18.89655172413793,35,22.263515725837056
2019,WP Saha,88,12.0,101.76190476190492,19.079545454545453,5,25.3284297334679
2019,WP Saha,89,13.0,121.76190476190492,18.921348314606742,28,24.532510145377714
2019,WP Saha,90,17.4,148.42857142857162,19.022222222222226,25,25.823726381945487
2019,WP Saha,91,20.2,148.25000000000017,19.087912087912088,20,23.612266305165157
2019,WP Saha,92,22.6,152.61363636363654,19.097826086956523,8,20.88084126776476
2020/21,WP Saha,93,17.2,145.39141414141432,18.978494623655912,58,24.340350060194375
2020/21,WP Saha,94,27.8,150.60880544576213,19.3936170212766,39,17.590567631007975
2020/21,WP Saha,95,30.0,133.54998191635036,19.6,87,23.314542320490084
2020/21,WP Saha,96,42.4,140.96664858301705,20.30208333333333,30,35.42375408792103
2021,WP Saha,97,44.4,122.25007104291008,20.4020618556701,7,21.94458018915005
2021,WP Saha,98,44.2,127.80562659846564,20.26530612244898,1,16.786642228844407
2021,WP Saha,99,32.8,104.81045751634004,20.07070707070707,2,26.498228791190737
2021,WP Saha,100,25.4,89.86928104575182,19.89,44,22.14895957286856
2021,WP Saha,101,16.8,69.92601863440429,20.128712871287128,10,20.07099776366713
2021,WP Saha,102,12.8,77.27895981087488,20.029411764705884,18,30.661457666124242
2021,WP Saha,103,15.0,83.94562647754154,20.00970873786408,18,28.404504339793803
2021,WP Saha,104,18.4,102.89987484355464,19.990384615384617,31,25.524271783820048
2021,WP Saha,105,24.2,110.79731074099053,20.09523809523809,0,23.98771327190416
2022,WP Saha,106,15.4,92.07390648567136,19.90566037735849,11,23.84826748940853
2022,WP Saha,107,15.6,79.29612870789359,19.82242990654205,25,29.238302189821045
2022,WP Saha,108,17.0,68.52689793866281,19.87037037037037,68,19.49662088179882
2022,WP Saha,109,27.0,82.2222222222224,20.31192660550459,29,20.418831074450885
2022,WP Saha,110,26.6,91.54217762913431,20.39090909090909,21,18.288604779950592
2022,WP Saha,111,30.8,116.2480599820755,20.3963963963964,55,27.852859128578068
2022,WP Saha,112,39.6,130.8551060525362,20.705357142857142,5,24.98508444854534
2022,WP Saha,113,35.6,120.71524591267608,20.56637168141593,67,20.08699414048088
2022,WP Saha,114,35.4,108.55531544766086,20.973684210526315,31,23.312900111412038
2022,WP Saha,115,35.8,110.29444588244344,21.06086956521739,0,22.655973683380715
2022,WP Saha,116,31.6,85.5885635295023,20.879310344827587,5,31.794679988603928
2023,WP Saha,117,21.6,73.04500952253365,20.743589743589745,25,19.938252696129194
2023,WP Saha,118,25.6,93.36586513750692,20.779661016949152,14,27.126061259194373
2023,WP Saha,119,15.0,110.65400073072723,20.722689075630253,17,25.685152436503778
2023,WP Saha,120,12.2,100.6974789915968,20.691666666666663,30,25.967682167506418
2023,WP Saha,121,18.2,132.2764263600179,20.76859504132232,4,28.54701167393793
2023,WP Saha,122,18.0,137.99071207430356,20.631147540983605,47,25.503815734192433
2023,WP Saha,123,22.4,133.98435277382663,20.84552845528455,4,22.794611077107223
2023,WP Saha,124,20.4,105.41292420239806,20.70967741935484,10,25.381080918329335
2023,WP Saha,125,19.0,108.41292420239806,20.624,0,26.39981354899186
2023,WP Saha,126,13.0,76.833976833977,20.46031746031746,41,29.117529080480736
2023,WP Saha,127,20.4,80.95162389280054,20.62204724409449,81,24.752092277538974
2023,WP Saha,128,27.2,91.54621848739512,21.09375,2,22.72573020000771
2023,WP Saha,129,26.8,88.11764705882369,20.94573643410853,0,23.98471333402323
2023,WP Saha,130,24.8,68.11764705882369,20.784615384615385,12,20.21599347536817
2023,WP Saha,131,27.2,84.11764705882369,20.7175572519084,12,26.605313391443566
2023,WP Saha,132,21.4,81.81818181818198,20.651515151515152,18,20.931385543169302
2023,WP Saha,133,8.8,66.99465240641727,20.63157894736842,54,23.729273963383903
2024,WP Saha,134,19.2,85.99465240641727,20.88059701492537,19,27.6425870256599
2024,WP Saha,135,23.0,111.3279857397506,20.866666666666667,21,25.79928487775483
2024,WP Saha,136,24.8,118.66131907308394,20.86764705882353,25,25.432819363818897
2024,WP Saha,137,27.4,135.3046757164406,20.8978102189781,11,22.501421843997367
2024,WP Saha,138,26.0,129.84249084249103,20.82608695652174,2,19.33817349118176
2024,WP Saha,139,15.6,106.47885447885469,20.690647482014388,13,27.55758642340299
2024,WP Saha,140,14.4,104.78188478188495,20.63571428571429,39,26.153584082594953
2024,WP Saha,141,18.0,110.33744033744053,20.76595744680851,5,26.539090132746328
2024,WP Saha,142,14.0,96.87590187590204,20.654929577464788,1,24.74467145084529
2009,WPUJC Vaas,5,8.2,89.16666666666683,8.2,10,13.77262372852503
2009/10,WPUJC Vaas,6,10.2,122.50000000000018,8.5,0,11.459741957859968
2009/10,WPUJC Vaas,7,7.8,82.50000000000017,7.285714285714286,16,8.002207098290649
2009/10,WPUJC Vaas,8,11.0,114.50000000000018,8.375,3,9.383853107758377
2009/10,WPUJC Vaas,9,9.8,122.00000000000018,7.777777777777778,8,8.715230545501207
2009/10,WPUJC Vaas,10,7.4,107.64102564102582,7.8,3,8.300027526408606
2018,Washington Sundar,5,1.8,66.66666666666683,1.8,9,5.143565462606663
2018,Washington Sundar,6,3.2,91.66666666666684,3.0,35,4.659975499156868
2018,Washington Sundar,7,10.0,118.33333333333351,7.571428571428571,7,10.29403372249727
2018,Washington Sundar,8,11.2,129.16666666666683,7.5,13,8.616937269044419
2018,Washington Sundar,9,12.8,160.8333333333335,8.11111111111111,1,8.757906963108056
2019,Washington Sundar,10,13.0,167.50000000000017,7.4,1,7.099752613511373
2019,Washington Sundar,11,11.4,132.50000000000017,6.818181818181818,0,7.764993353333875
2020/21,Washington Sundar,12,4.4,99.16666666666684,6.25,10,6.326844107952614
2020/21,Washington Sundar,13,5.0,110.2380952380954,6.538461538461538,21,7.18836905054989
2020/21,Washington Sundar,14,6.6,67.34335839599015,7.571428571428571,0,7.9418649391724605
2020/21,Washington Sundar,15,6.4,60.67669172932349,7.066666666666666,30,10.139786929846945
2020/21,Washington Sundar,16,12.2,72.10526315789491,8.5,17,12.561375962556388
2020/21,Washington Sundar,17,15.6,103.01435406698585,9.0,10,9.836741709924905
2020/21,Washington Sundar,18,15.6,94.44292549555723,9.055555555555555,13,11.964280720103364
2020/21,Washington Sundar,19,14.0,90.90909090909108,9.263157894736842,5,19.86998724605227
2020/21,Washington Sundar,20,15.0,140.90909090909108,9.05,5,13.04086334976357
2021,Washington Sundar,21,10.0,136.14718614718632,8.857142857142858,10,9.354717978682817
2021,Washington Sundar,22,8.6,117.00280112044835,8.909090909090908,8,10.348811618541873
2021,Washington Sundar,23,8.2,111.54825566590289,8.869565217391305,7,9.354366887614486
2021,Washington Sundar,24,7.0,105.70409982174706,8.791666666666666,6,11.633998922516792
2022,Washington Sundar,25,7.2,69.03743315508038,8.68,40,9.593329092531423
2022,Washington Sundar,26,14.2,102.37076648841372,9.884615384615383,18,11.141756092809262
2022,Washington Sundar,27,15.8,116.32034632034647,10.185185185185183,3,12.398069043695829
2022,Washington Sundar,28,14.8,113.77489177489194,9.928571428571429,2,13.58429393999289
2022,Washington Sundar,29,13.8,121.04761904761922,9.655172413793103,4,10.991891247084176
2022,Washington Sundar,30,13.4,116.60317460317478,9.466666666666669,9,11.586340016187469
2022,Washington Sundar,31,7.2,86.60317460317478,9.451612903225806,25,10.206217912759682
2023,Washington Sundar,32,8.6,84.69841269841287,9.9375,1,10.761887945286476
2023,Washington Sundar,33,8.2,76.69841269841287,9.666666666666666,16,10.771833381076622
2023,Washington Sundar,34,11.0,67.73289545703355,9.852941176470589,10,11.27516710825381
2023,Washington Sundar,35,12.2,87.41543513957325,9.857142857142858,9,11.417991519081973
2023,Washington Sundar,36,12.2,97.41543513957323,9.833333333333334,24,11.524075206297022
2024,Washington Sundar,37,12.0,105.60591133004944,10.216216216216216,0,10.480732017894342
2011,Y Nagar,5,11.0,81.37229437229455,11.0,19,17.644874017637317
2011,Y Nagar,6,10.8,90.33333333333351,12.333333333333334,22,17.486863413892255
2011,Y Nagar,7,15.0,101.66973886328742,13.714285714285714,18,17.363592065456515
2011,Y Nagar,8,14.0,78.33640552995409,14.25,7,14.291946226805349
2011,Y Nagar,9,13.2,103.00307219662076,13.444444444444445,0,14.043258683947062
2011,Y Nagar,10,13.2,103.00307219662076,12.1,1,13.748228172010341
2011,Y Nagar,11,9.6,85.86021505376361,11.090909090909092,10,12.57100237196639
2012,Y Nagar,12,7.2,96.66666666666684,11.0,16,12.052963455543265
2012,Y Nagar,13,6.8,103.00000000000016,11.384615384615383,23,12.070032127978136
2012,Y Nagar,14,10.0,87.00000000000017,12.214285714285714,24,13.458770636783
2012,Y Nagar,15,14.8,112.26315789473702,13.0,0,18.392671834929576
2012,Y Nagar,16,14.6,102.26315789473702,12.1875,27,14.886973613671602
2012,Y Nagar,17,18.0,102.97744360902271,13.058823529411764,9,15.744436051781618
2012,Y Nagar,18,16.6,101.6441102756894,12.833333333333334,10,14.810284959698743
2012,Y Nagar,19,14.0,99.5488721804513,12.68421052631579,44,17.137847955303677
2007/08,Y Venugopal Rao,5,15.6,127.87878787878805,15.6,71,15.35900573342243
2007/08,Y Venugopal Rao,6,27.0,139.4343434343436,24.83333333333333,34,22.404851661233582
2007/08,Y Venugopal Rao,7,31.0,164.48484848484867,26.142857142857142,57,28.761478950634764
2007/08,Y Venugopal Rao,8,42.2,183.71561771561787,30.0,2,19.149722803372615
2007/08,Y Venugopal Rao,9,37.4,148.38228438228455,26.88888888888889,46,17.4643701622657
2009,Y Venugopal Rao,10,42.0,125.33961276818437,28.8,9,31.074671776856412
2009,Y Venugopal Rao,11,29.6,107.63021105878263,27.0,9,24.110065958859902
2009,Y Venugopal Rao,12,24.6,86.21606964464124,25.5,16,28.29404691615904
2009,Y Venugopal Rao,13,16.4,78.31863374720534,24.76923076923077,2,24.169497112115163
2009,Y Venugopal Rao,14,16.4,76.98530041387201,23.142857142857142,28,18.71102697930968
2009,Y Venugopal Rao,15,12.8,89.3209013209015,23.466666666666665,32,21.328151562843875
2009,Y Venugopal Rao,16,17.4,100.09013209013229,24.0,12,23.33130428517142
2009,Y Venugopal Rao,17,18.0,118.0122100122102,23.294117647058822,1,18.662633438820105
2009,Y Venugopal Rao,18,15.0,103.34554334554352,22.05555555555556,7,21.873317162658196
2009,Y Venugopal Rao,19,16.0,116.67887667887685,21.26315789473684,0,22.654879018212924
2009,Y Venugopal Rao,20,10.4,85.56776556776573,20.2,8,26.793242196449313
2009,Y Venugopal Rao,21,5.6,78.73015873015889,19.61904761904762,0,19.570946063257367
2009/10,Y Venugopal Rao,22,3.2,44.44444444444461,18.727272727272727,1,18.669240983238463
2009/10,Y Venugopal Rao,23,3.2,47.77777777777796,17.956521739130434,2,18.54012218390084
2009/10,Y Venugopal Rao,24,2.2,34.44444444444461,17.291666666666668,7,16.942011352580167
2009/10,Y Venugopal Rao,25,3.6,50.00000000000017,16.88,24,18.577887758331034
2011,Y Venugopal Rao,26,6.8,50.00000000000017,17.153846153846153,26,18.144685610446494
2011,Y Venugopal Rao,27,12.0,70.00000000000017,17.48148148148148,60,18.995614105001764
2011,Y Venugopal Rao,28,23.8,89.268292682927,19.0,31,19.969424823573053
2011,Y Venugopal Rao,29,29.6,113.60162601626034,19.41379310344828,21,22.25573385532152
2011,Y Venugopal Rao,30,32.4,115.54607046070478,19.466666666666665,28,21.683379902320176
2011,Y Venugopal Rao,31,33.2,132.76829268292698,19.741935483870968,24,22.924564890486277
2011,Y Venugopal Rao,32,32.8,135.62543554006984,19.875,19,21.706888457811964
2011,Y Venugopal Rao,33,24.6,127.46825396825416,19.848484848484848,1,20.698301754952
2011,Y Venugopal Rao,34,18.6,98.28643578643596,19.294117647058822,40,20.32942278261569
2011,Y Venugopal Rao,35,22.4,101.83906736538331,19.88571428571429,3,21.717068198834937
2011,Y Venugopal Rao,36,17.4,71.1247816510976,19.416666666666668,37,20.60175243788568
2011,Y Venugopal Rao,37,20.0,75.67504620136216,19.89189189189189,30,20.750558299878413
2011,Y Venugopal Rao,38,22.2,81.83666236297832,20.157894736842103,16,20.205044535121544
2011,Y Venugopal Rao,39,25.2,104.6338651601811,20.05128205128205,0,23.29610290670656
2012,Y Venugopal Rao,40,17.2,83.58123358123375,19.55,18,18.508804069930125
2012,Y Venugopal Rao,41,20.2,94.94769320856294,19.51219512195122,27,19.072318034677373
2012,Y Venugopal Rao,42,18.2,89.14028580115553,19.69047619047619,7,19.062963993875982
2012,Y Venugopal Rao,43,13.6,81.86755852842825,19.3953488372093,36,17.701246160938943
2012,Y Venugopal Rao,44,17.6,87.25217391304366,19.77272727272728,21,18.524034120076443
2012,Y Venugopal Rao,45,21.8,108.25217391304366,19.8,13,21.73859345895805
2012,Y Venugopal Rao,46,20.8,103.90434782608712,19.65217391304348,10,19.249385155234272
2014,Y Venugopal Rao,47,17.4,110.87577639751572,19.4468085106383,16,20.244111053063833
2014,Y Venugopal Rao,48,19.2,117.54244306418236,19.375,11,19.599400501478552
2014,Y Venugopal Rao,49,14.2,111.98688750862682,19.20408163265306,13,19.55175995879699
2014,Y Venugopal Rao,50,12.6,107.23688750862682,19.08,4,16.978594812317304
2014,Y Venugopal Rao,51,10.8,175.93253968253984,18.7843137254902,27,13.515712266622007
2021,YBK Jaiswal,5,18.8,96.77124183006552,18.8,12,22.478744026194597
2021,YBK Jaiswal,6,20.0,95.232780291604,17.666666666666668,50,19.09453792776537
2021,YBK Jaiswal,7,23.2,123.96293902176272,22.285714285714285,12,16.541698419763968
2021,YBK Jaiswal,8,25.6,150.62960568842936,21.0,5,19.15690361483838
2021,YBK Jaiswal,9,22.2,149.74725274725293,19.22222222222222,36,20.21306987024054
2021,YBK Jaiswal,10,23.0,149.05160057333987,20.9,31,21.01499202417912
2021,YBK Jaiswal,11,26.8,158.7718802936196,21.818181818181817,0,25.917226216156006
2021,YBK Jaiswal,12,16.8,111.15283267457198,20.0,49,24.587362138836493
2022,YBK Jaiswal,13,24.2,111.70838823012753,22.23076923076923,20,19.06576990222148
2022,YBK Jaiswal,14,27.2,110.2377999948334,22.071428571428573,1,20.024271473195952
2022,YBK Jaiswal,15,20.2,88.93345216874647,20.666666666666668,4,21.317547546242587
2022,YBK Jaiswal,16,14.8,74.0849673202616,19.625,68,28.041011820438136
2022,YBK Jaiswal,17,28.4,106.465919701214,22.47058823529412,19,19.70432115944905
2022,YBK Jaiswal,18,22.4,99.24369747899178,22.27777777777778,41,20.316524625129343
2022,YBK Jaiswal,19,26.6,103.9901477832514,23.26315789473684,59,17.001692788304325
2022,YBK Jaiswal,20,38.2,119.64232169629489,25.05,3,18.794803311812643
2022,YBK Jaiswal,21,38.0,113.80898836296156,24.0,21,13.718238819576568
2022,YBK Jaiswal,22,28.6,113.73572828970148,23.863636363636363,22,21.049997718332214
2023,YBK Jaiswal,23,29.2,121.23572828970148,23.782608695652176,54,23.484744687257198
2023,YBK Jaiswal,24,31.8,121.3809188523149,25.041666666666668,11,25.40905056350888
2023,YBK Jaiswal,25,22.2,117.72874493927142,24.48,60,26.267961093371227
2023,YBK Jaiswal,26,33.6,146.5923813029078,25.846153846153847,10,26.530789711236796
2023,YBK Jaiswal,27,31.4,139.2846889952155,25.25925925925926,1,23.25492262849859
2023,YBK Jaiswal,28,27.2,114.28468899521548,24.392857142857142,44,22.192277039900873
2023,YBK Jaiswal,29,25.2,111.00649350649368,25.06896551724138,47,27.85613611518134
2023,YBK Jaiswal,30,32.4,114.41189891189909,25.8,77,27.248073491112976
2023,YBK Jaiswal,31,35.8,113.04826254826273,27.451612903225808,124,26.801785275614026
2023,YBK Jaiswal,32,58.6,126.20210870210887,30.46875,14,32.85867281346892
2023,YBK Jaiswal,33,61.2,149.15665415665433,29.96969696969697,35,49.19648828816485
2023,YBK Jaiswal,34,59.4,160.85590227695508,30.11764705882353,98,38.83740976377142
2023,YBK Jaiswal,35,69.6,176.283830204883,32.05714285714286,0,35.51078494798119
2023,YBK Jaiswal,36,54.2,141.283830204883,31.166666666666668,50,31.99297490949121
2024,YBK Jaiswal,37,39.4,129.44577352472106,31.67567567567568,24,24.443037178235727
2024,YBK Jaiswal,38,41.4,143.99122807017562,31.473684210526315,5,21.802542085846817
2024,YBK Jaiswal,39,35.4,121.43483709273198,30.7948717948718,10,32.28842052145567
2024,YBK Jaiswal,40,17.8,113.934837092732,30.275,0,36.01788847614014
2024,YBK Jaiswal,41,17.8,113.934837092732,29.536585365853657,24,30.615763892369234
2024,YBK Jaiswal,42,12.6,112.88220551378464,29.404761904761905,39,32.71557363182267
2024,YBK Jaiswal,43,15.6,98.88220551378464,29.627906976744185,19,28.2795723035912
2024,YBK Jaiswal,44,18.4,122.59649122807036,29.38636363636364,104,30.376104641376592
2024,YBK Jaiswal,45,37.2,121.76315789473702,31.044444444444444,24,30.906515018853746
2024,YBK Jaiswal,46,42.0,148.42982456140368,30.89130434782609,67,31.49662408443096
2024,YBK Jaiswal,47,50.6,156.66666666666683,31.659574468085108,4,35.46691280614472
2024,YBK Jaiswal,48,43.6,170.66666666666683,31.08333333333333,24,31.24952167903158
2024,YBK Jaiswal,49,44.6,154.48484848484867,30.93877551020408,4,26.093742359940055
2024,YBK Jaiswal,50,24.6,141.98484848484864,30.4,45,26.930899987371088
2024,YBK Jaiswal,51,28.8,145.31818181818198,30.686274509803923,42,28.382551831743545
2007/08,YK Pathan,5,30.8,173.73563218390822,30.8,8,16.714216837968525
2007/08,YK Pathan,6,30.4,160.40229885057488,27.0,1,15.030019347821257
2007/08,YK Pathan,7,29.2,143.73563218390822,23.285714285714285,68,18.142701590310683
2007/08,YK Pathan,8,30.6,134.83739837398392,28.875,8,22.009218188005647
2007/08,YK Pathan,9,28.0,112.14509068167622,26.55555555555556,39,23.704342612288972
2007/08,YK Pathan,10,24.8,130.8117573483429,27.8,48,25.413534647291083
2007/08,YK Pathan,11,32.8,152.1450906816762,29.63636363636364,6,33.74995178089559
2007/08,YK Pathan,12,33.8,169.47842401500958,27.666666666666668,2,20.629597464862353
2007/08,YK Pathan,13,20.6,146.30769230769246,25.692307692307693,45,21.05810922077186
2007/08,YK Pathan,14,28.0,176.85714285714303,27.071428571428573,56,28.10358536541285
2009,YK Pathan,15,31.4,152.85714285714303,29.0,11,29.778390550182934
2009,YK Pathan,16,24.0,119.5238095238097,27.875,60,21.498604523985883
2009,YK Pathan,17,34.8,141.67765567765585,29.764705882352946,10,28.2415652093682
2009,YK Pathan,18,36.4,147.06227106227124,28.666666666666668,62,26.452849897210502
2009,YK Pathan,19,39.8,145.53846153846172,30.42105263157895,20,21.14488361073768
2009,YK Pathan,20,32.6,148.30769230769246,29.9,24,35.261902990916
2009,YK Pathan,21,35.2,167.9267399267401,29.61904761904762,12,31.221548789933497
2009,YK Pathan,22,25.6,156.05860805860823,28.818181818181817,22,19.940286577409918
2009,YK Pathan,23,28.0,161.62637362637378,28.52173913043478,7,24.815695854626853
2009,YK Pathan,24,17.0,133.02031302031318,27.625,6,20.920997046564015
2009,YK Pathan,25,14.2,119.39393939393956,26.76,17,20.920300961925136
2009,YK Pathan,26,12.8,109.39393939393956,26.384615384615383,1,22.82558060376632
2009,YK Pathan,27,10.6,79.10822510822527,25.444444444444443,9,19.794606084104615
2009/10,YK Pathan,28,8.0,69.40584415584432,24.857142857142858,100,28.102089177746173
2009/10,YK Pathan,29,26.6,106.6785714285716,27.448275862068964,0,23.913378503859832
2009/10,YK Pathan,30,25.4,89.53571428571446,26.53333333333333,26,29.94652008064228
2009/10,YK Pathan,31,27.2,86.91666666666683,26.516129032258064,15,27.623526124736905
2009/10,YK Pathan,32,30.0,104.34523809523826,26.15625,28,23.946364369470242
2009/10,YK Pathan,33,33.8,118.54978354978373,26.21212121212121,73,23.256646138734947
2009/10,YK Pathan,34,28.4,110.26406926406943,27.58823529411765,8,24.99736974783343
2009/10,YK Pathan,35,30.0,136.9307359307361,27.02857142857143,24,22.788558506887973
2009/10,YK Pathan,36,29.6,149.5497835497837,26.944444444444443,4,25.40330928486169
2009/10,YK Pathan,37,27.4,168.1212121212123,26.324324324324323,5,29.130274066133705
2009/10,YK Pathan,38,22.8,156.95238095238113,25.76315789473684,21,20.67531691274133
2009/10,YK Pathan,39,12.4,145.2380952380954,25.64102564102564,10,25.76225998929143
2009/10,YK Pathan,40,12.8,143.57142857142873,25.25,11,26.278374840449697
2009/10,YK Pathan,41,10.2,131.28571428571445,24.902439024390244,8,29.556322802454808
2011,YK Pathan,42,11.0,109.06349206349223,24.5,11,26.965957267417263
2011,YK Pathan,43,12.2,113.11111111111128,24.186046511627907,22,21.969868099578573
2011,YK Pathan,44,12.4,110.61111111111128,24.13636363636364,8,28.91956744594905
2011,YK Pathan,45,12.0,138.94444444444463,23.77777777777778,46,20.28966271438844
2011,YK Pathan,46,19.0,152.32905982906,24.26086956521739,5,23.206814187720465
2011,YK Pathan,47,18.4,145.66239316239333,23.85106382978724,47,24.58336033968098
2011,YK Pathan,48,25.6,163.48290598290615,24.33333333333333,17,29.07818515301787
2011,YK Pathan,49,24.6,162.13675213675228,24.18367346938776,36,25.474084420794593
2011,YK Pathan,50,30.2,138.803418803419,24.42,29,24.53669550665721
2011,YK Pathan,51,26.8,126.61880341880358,24.50980392156863,36,25.744330298066846
2011,YK Pathan,52,33.0,142.17435897435914,24.73076923076923,26,25.328732895330376
2012,YK Pathan,53,28.8,127.68717948717963,24.75471698113208,0,24.359243641523317
2012,YK Pathan,54,25.4,101.5333333333335,24.296296296296298,15,26.65307457955046
2012,YK Pathan,55,21.2,90.2833333333335,24.12727272727273,1,23.98267328197456
2012,YK Pathan,56,15.6,73.75000000000016,23.714285714285715,7,31.94663776407117
2012,YK Pathan,57,9.8,64.58333333333351,23.42105263157895,0,34.162729687662434
2012,YK Pathan,58,4.6,42.91666666666684,23.017241379310345,6,26.7774728209029
2012,YK Pathan,59,5.8,66.91666666666683,22.728813559322035,7,30.09229305303371
2012,YK Pathan,60,4.2,83.16666666666683,22.466666666666665,12,21.61250742061687
2012,YK Pathan,61,6.4,98.31818181818198,22.295081967213115,11,22.462376475443058
2012,YK Pathan,62,7.2,94.56818181818198,22.11290322580645,7,20.227303843876566
2012,YK Pathan,63,8.6,104.56818181818198,21.87301587301588,40,19.001843578045516
2012,YK Pathan,64,15.4,105.56818181818198,22.15625,11,21.780473779198402
2012,YK Pathan,65,16.2,98.06818181818198,21.984615384615385,21,22.41852013227428
2012,YK Pathan,66,18.0,96.25000000000016,21.96969696969697,15,22.26717882037648
2012,YK Pathan,67,18.8,112.50000000000018,21.86567164179105,40,20.791615884327452
2012,YK Pathan,68,25.4,138.86363636363654,22.13235294117647,1,21.54418848186404
2013,YK Pathan,69,17.6,123.86363636363652,21.82608695652174,18,23.184089846019926
2013,YK Pathan,70,19.0,117.54010695187182,21.77142857142857,0,27.469950419512227
2013,YK Pathan,71,14.8,97.54010695187182,21.464788732394368,27,24.104548865255783
2013,YK Pathan,72,17.2,99.30481283422476,21.541666666666668,3,23.722145585542805
2013,YK Pathan,73,9.8,82.9411764705884,21.28767123287671,13,22.021009550028797
2013,YK Pathan,74,12.2,87.38562091503285,21.17567567567568,25,24.0700760484361
2013,YK Pathan,75,13.6,88.93642305407027,21.226666666666667,19,25.74876266709906
2013,YK Pathan,76,17.4,143.22213733978455,21.19736842105263,0,22.144198005152965
2013,YK Pathan,77,12.0,111.45743145743162,20.92207792207792,3,20.318562002978656
2013,YK Pathan,78,12.0,111.45743145743162,20.692307692307693,20,20.413720812032228
2013,YK Pathan,79,13.4,122.0129870129872,20.68354430379747,49,29.412194280423776
2013,YK Pathan,80,18.2,126.50793650793668,21.0375,13,33.57619078368221
2013,YK Pathan,81,17.0,104.7222222222224,20.938271604938272,3,28.862758347655003
2013,YK Pathan,82,17.6,113.29365079365095,20.71951219512195,18,23.588885839986048
2013,YK Pathan,83,20.6,114.47012138188624,20.686746987951807,72,27.841413495062152
2013,YK Pathan,84,31.0,122.197394109159,21.297619047619047,49,30.821538758531506
2014,YK Pathan,85,31.0,128.76827533521265,21.623529411764707,4,31.724650682593147
2014,YK Pathan,86,29.2,116.26827533521264,21.41860465116279,11,29.59538430222393
2014,YK Pathan,87,30.8,132.1412912082285,21.298850574712645,0,38.72862639226614
2014,YK Pathan,88,27.2,110.9648206199932,21.056818181818183,3,29.990076216108413
2014,YK Pathan,89,13.4,90.23754789272049,20.853932584269664,41,27.25034484668702
2014,YK Pathan,90,11.8,84.72030651341014,21.07777777777778,0,23.959191314719614
2014,YK Pathan,91,11.0,64.72030651341012,20.846153846153847,20,22.693698791060815
2014,YK Pathan,92,12.8,68.84729064039426,20.83695652173913,39,23.637491188264335
2014,YK Pathan,93,20.6,96.70443349753712,21.032258064516128,22,27.698405496086032
2014,YK Pathan,94,24.4,118.55058734369096,21.04255319148936,72,22.25375423676448
2014,YK Pathan,95,30.6,155.72927072927092,21.57894736842105,20,13.638235890717358
2014,YK Pathan,96,34.6,177.95149295149312,21.5625,36,12.712573653241845
2015,YK Pathan,97,37.8,180.6844122061515,21.711340206185568,14,16.253973045121395
2015,YK Pathan,98,32.8,176.16060268234202,21.632653061224488,3,15.764667131681387
2015,YK Pathan,99,29.0,157.31444883618815,21.444444444444443,28,15.946833774751964
2015,YK Pathan,100,20.2,114.2599033816427,21.51,40,20.440837296995504
2015,YK Pathan,101,24.2,122.80691192865125,21.69306930693069,6,22.376155029960643
2015,YK Pathan,102,18.2,108.64542124542145,21.53921568627451,42,26.694151316285275
2015,YK Pathan,103,23.8,120.3120879120881,21.737864077669904,13,22.430380336432858
2015,YK Pathan,104,25.8,118.3120879120881,21.65384615384616,11,22.51710507415656
2015,YK Pathan,105,22.4,127.34065934065951,21.55238095238096,30,22.54326741488166
2015,YK Pathan,106,20.4,126.57142857142874,21.632075471698112,29,24.313892759135065
2015,YK Pathan,107,25.0,139.9548872180453,21.70093457943925,52,26.257104050674563
2015,YK Pathan,108,27.0,130.95488721804526,21.98148148148148,44,28.2170636683435
2016,YK Pathan,109,33.2,140.51898978214783,22.18348623853211,9,20.608633846343352
2016,YK Pathan,110,32.8,139.0904183535764,22.063636363636363,12,20.1912430470494
2016,YK Pathan,111,29.2,143.3761326392907,21.97297297297297,36,23.14485295581676
2016,YK Pathan,112,30.6,139.51648351648367,22.098214285714285,19,24.890557420679727
2016,YK Pathan,113,24.0,161.01648351648367,22.07079646017699,10,26.443430059663424
2016,YK Pathan,114,17.2,160.67460317460333,21.96491228070176,60,26.701013765824847
2016,YK Pathan,115,27.4,170.67460317460333,22.295652173913044,19,27.950709101573693
2016,YK Pathan,116,28.8,160.13888888888906,22.267241379310345,63,28.50878846370729
2016,YK Pathan,117,34.2,162.77454780361774,22.615384615384617,37,22.09644207412129
2016,YK Pathan,118,37.8,152.27454780361774,22.73728813559322,6,23.219870421694107
2016,YK Pathan,119,37.0,140.05232558139554,22.596638655462183,36,26.73264189713968
2016,YK Pathan,120,32.2,119.511785040855,22.70833333333333,52,20.94252586738291
2016,YK Pathan,121,38.8,125.4760707551407,22.950413223140497,2,23.5020322441833
2017,YK Pathan,122,26.6,102.84041184041205,22.77868852459016,6,25.544117368943486
2017,YK Pathan,123,20.4,76.74950274950292,22.642276422764223,21,24.592427021510623
2017,YK Pathan,124,23.4,91.4553851024441,22.62903225806452,59,20.51995032993601
2017,YK Pathan,125,28.0,101.49592564298464,22.92,11,25.835385394209062
2017,YK Pathan,126,19.8,126.78163992869892,22.825396825396822,8,28.667263860557114
2017,YK Pathan,127,21.0,137.89275103981004,22.70866141732284,12,25.993137722674582
2017,YK Pathan,128,22.2,144.12651727357627,22.625,4,23.077349161700667
2017,YK Pathan,129,18.8,128.309523809524,22.48062015503876,0,31.733531951999556
2017,YK Pathan,130,7.0,98.809523809524,22.307692307692307,2,29.132250666999415
2017,YK Pathan,131,5.2,57.14285714285732,22.15267175572519,20,27.172516416718093
2017,YK Pathan,132,7.6,83.809523809524,22.13636363636364,0,24.39916748762263
2018,YK Pathan,133,5.2,66.66666666666684,21.96992481203008,14,25.857780622238472
2018,YK Pathan,134,7.2,77.77777777777797,21.91044776119403,17,29.0876443302151
2018,YK Pathan,135,10.6,120.27777777777796,21.87407407407408,19,24.197930102441802
2018,YK Pathan,136,14.0,136.17521367521385,21.852941176470587,45,30.749030804083322
2018,YK Pathan,137,19.0,123.87362637362656,22.021897810218977,29,31.71592114737875
2018,YK Pathan,138,24.8,140.44505494505512,22.07246376811594,21,27.641187531926427
2018,YK Pathan,139,26.2,142.55031810294986,22.06474820143885,2,24.30102001239577
2018,YK Pathan,140,23.2,113.3836514362832,21.92142857142857,27,20.160939786217686
2018,YK Pathan,141,24.8,125.69134374397552,21.95744680851064,12,21.70815410383025
2018,YK Pathan,142,18.2,127.83420088683263,21.88732394366197,2,26.161310711099674
2018,YK Pathan,143,12.8,119.26277231540408,21.748251748251747,24,22.26887344629179
2018,YK Pathan,144,13.4,112.15750915750934,21.76388888888889,3,20.82856025641941
2018,YK Pathan,145,13.6,107.39560439560458,21.63448275862069,45,25.36167826410712
2019,YK Pathan,146,17.2,99.19047619047636,21.794520547945204,1,28.166838850181172
2019,YK Pathan,147,15.0,69.90476190476208,21.6530612244898,16,20.8934600372677
2019,YK Pathan,148,17.8,86.52014652014671,21.614864864864863,6,29.309772946205268
2019,YK Pathan,149,14.2,91.52014652014672,21.51006711409396,9,22.571227886915995
2019,YK Pathan,150,15.4,99.3123543123545,21.426666666666662,0,30.88328188720383
2019,YK Pathan,151,6.4,65.97902097902116,21.28476821192053,5,27.036805964964188
2019,YK Pathan,152,7.2,85.97902097902116,21.17763157894737,3,27.638577291482537
2017,YS Chahal,5,1.2,48.571428571428754,1.2,1,3.361302620615797
2017,YS Chahal,6,1.2,48.571428571428754,1.1666666666666667,4,3.5360900873372376
2017,YS Chahal,7,1.8,37.46031746031764,1.5714285714285714,4,5.0451973046774095
2018,YS Chahal,8,2.0,48.88888888888907,1.875,0,4.171967229581964
2019,YS Chahal,9,1.8,38.88888888888907,1.6666666666666667,4,4.5714433624681465
2019,YS Chahal,10,2.6,45.555555555555735,1.9,1,3.90629566573521
2019,YS Chahal,11,2.6,42.2222222222224,1.818181818181818,1,3.642673179716226
2020/21,YS Chahal,12,2.0,53.33333333333351,1.75,1,3.6879182268821546
2020/21,YS Chahal,13,1.4,38.33333333333351,1.6923076923076923,0,2.587296059119438
2021,YS Chahal,14,1.4,38.33333333333351,1.5714285714285714,8,2.587296059119438
2021,YS Chahal,15,2.2,39.28571428571446,2.0,2,3.4857016225374746
2022,YS Chahal,16,2.4,39.28571428571446,2.0,5,3.3219017559075597
2014,YV Takawale,5,17.6,125.1255411255413,17.6,40,17.542650569225685
2014,YV Takawale,6,22.8,139.37841468875973,21.33333333333333,0,16.241481861724623
2014,YV Takawale,7,17.4,123.94984326018826,18.285714285714285,0,19.79033009092753
2014,YV Takawale,8,16.4,103.94984326018826,16.0,45,14.467849401222638
2014,YV Takawale,9,20.6,68.94984326018827,19.22222222222222,19,19.210366734255892
2007/08,Yuvraj Singh,5,30.4,163.54225085259586,30.4,17,16.06150060933808
2007/08,Yuvraj Singh,6,29.2,162.15763546798047,28.166666666666668,1,26.011675064591014
2007/08,Yuvraj Singh,7,18.0,134.58620689655191,24.285714285714285,2,22.357404176172977
2007/08,Yuvraj Singh,8,14.8,102.5862068965519,21.5,49,25.07264651756406
2007/08,Yuvraj Singh,9,16.6,136.25000000000017,24.55555555555556,23,24.4341752443008
2007/08,Yuvraj Singh,10,18.4,165.75000000000017,24.4,7,26.425231477498407
2007/08,Yuvraj Singh,11,16.4,155.0833333333335,22.818181818181817,17,18.013865195893324
2007/08,Yuvraj Singh,12,19.6,168.9722222222224,22.33333333333333,27,20.50174491488619
2007/08,Yuvraj Singh,13,24.6,189.39327485380136,22.692307692307693,4,17.69776682288879
2009,Yuvraj Singh,14,15.6,137.03216374269024,21.357142857142858,16,20.353574980307908
2009,Yuvraj Singh,15,14.2,106.1988304093569,21.0,38,20.106022590617176
2009,Yuvraj Singh,16,20.4,106.61549707602356,22.0625,30,22.207895594799826
2009,Yuvraj Singh,17,23.0,121.05994152046802,22.529411764705884,2,21.77205893161206
2009,Yuvraj Singh,18,18.0,99.30555555555574,21.38888888888889,10,22.038117320999124
2009,Yuvraj Singh,19,19.2,104.70238095238116,20.789473684210527,50,21.007227864511755
2009,Yuvraj Singh,20,26.0,106.60714285714305,22.25,14,22.425751631503147
2009,Yuvraj Singh,21,21.2,99.32773109243716,21.857142857142858,48,21.401260352911617
2009,Yuvraj Singh,22,24.8,87.81257957728563,23.045454545454547,58,20.77382368970402
2009,Yuvraj Singh,23,36.0,111.67222870009266,24.565217391304348,18,22.85973176410646
2009,Yuvraj Singh,24,37.6,125.07882210668606,24.291666666666668,12,24.415871903528064
2009,Yuvraj Singh,25,30.0,109.8407268685908,23.8,18,24.469676625780387
2009,Yuvraj Singh,26,30.8,104.6201386332967,23.57692307692308,20,23.577311041954303
2009,Yuvraj Singh,27,25.2,105.02417903733712,23.444444444444443,6,21.77659422498125
2009/10,Yuvraj Singh,28,14.8,80.49786324786342,22.821428571428573,4,19.29676956958151
2009/10,Yuvraj Singh,29,12.0,66.13888888888907,22.17241379310345,9,16.830304627990994
2009/10,Yuvraj Singh,30,11.4,82.80555555555574,21.73333333333333,4,19.58373332378681
2009/10,Yuvraj Singh,31,8.6,84.88888888888907,21.161290322580644,47,21.78438520080228
2009/10,Yuvraj Singh,32,14.0,94.00000000000018,21.96875,15,22.036384013088842
2009/10,Yuvraj Singh,33,15.8,109.4285714285716,21.75757575757576,24,22.07084688941337
2009/10,Yuvraj Singh,34,19.8,126.09523809523829,21.823529411764707,2,21.22921576703877
2009/10,Yuvraj Singh,35,18.4,109.4285714285716,21.257142857142856,36,22.099149295255277
2009/10,Yuvraj Singh,36,24.8,132.09523809523827,21.666666666666668,33,24.155163995151238
2009/10,Yuvraj Singh,37,22.0,142.01190476190496,21.97297297297297,28,21.43134718037489
2009/10,Yuvraj Singh,38,24.6,155.58333333333354,22.13157894736842,15,20.308144065958512
2009/10,Yuvraj Singh,39,22.8,138.62681159420308,21.94871794871795,21,22.67482837856786
2009/10,Yuvraj Singh,40,26.6,142.09347826086974,21.925,20,19.478575190916445
2009/10,Yuvraj Singh,41,23.4,125.1410973084888,21.87804878048781,1,23.470521932101267
2011,Yuvraj Singh,42,17.0,88.8910973084888,21.38095238095238,21,25.917338736223282
2011,Yuvraj Singh,43,15.6,80.1410973084888,21.37209302325581,8,24.270667733235154
2011,Yuvraj Singh,44,14.2,79.40531135531153,21.068181818181817,66,24.049995297908694
2011,Yuvraj Singh,45,23.2,101.42884076707624,22.066666666666663,0,22.058790464013573
2011,Yuvraj Singh,46,19.2,82.3812217194572,21.58695652173913,34,22.17621592736073
2011,Yuvraj Singh,47,25.8,93.1951752078293,21.85106382978724,62,28.234689560783693
2011,Yuvraj Singh,48,34.0,94.50073076338484,22.6875,41,28.109446230734694
2011,Yuvraj Singh,49,40.6,117.845212368736,23.06122448979592,7,23.98841971280813
2011,Yuvraj Singh,50,28.8,91.74895568424404,22.74,20,22.459979377543107
2011,Yuvraj Singh,51,32.8,116.74895568424404,22.686274509803923,35,29.79986778625593
2011,Yuvraj Singh,52,33.0,144.68500219587196,22.923076923076923,2,28.66201265422879
2011,Yuvraj Singh,53,21.0,123.79611330698305,22.52830188679245,23,22.809132241189587
2011,Yuvraj Singh,54,17.4,113.69949494949512,22.53703703703704,24,19.022816210282603
2013,Yuvraj Singh,55,20.8,119.43376068376088,22.563636363636363,2,19.116929410461942
2013,Yuvraj Singh,56,17.2,102.43376068376088,22.196428571428573,28,19.540304796785318
2013,Yuvraj Singh,57,15.8,83.03158677071738,22.29824561403509,24,24.70293808121214
2013,Yuvraj Singh,58,20.2,106.36492010405073,22.32758620689655,34,25.274710883032242
2013,Yuvraj Singh,59,22.4,108.00936454849516,22.52542372881356,16,24.43386701192548
2013,Yuvraj Singh,60,20.8,112.40496894409958,22.416666666666668,31,20.72754696104367
2013,Yuvraj Singh,61,26.6,129.20496894409956,22.557377049180328,5,21.67506180113826
2013,Yuvraj Singh,62,22.0,124.85714285714305,22.274193548387096,16,22.985856210189173
2013,Yuvraj Singh,63,20.4,123.94805194805213,22.17460317460317,15,21.05632009604248
2013,Yuvraj Singh,64,16.6,124.0207792207794,22.0625,1,22.72646136897806
2013,Yuvraj Singh,65,13.6,111.16363636363651,21.73846153846154,33,23.29868505680475
2013,Yuvraj Singh,66,14.0,109.12225705329172,21.90909090909091,30,21.83724070456222
2013,Yuvraj Singh,67,19.0,119.12225705329172,22.029850746268657,3,22.31262288949969
2014,Yuvraj Singh,68,16.4,98.60277653381118,21.75,52,22.570493321820173
2014,Yuvraj Singh,69,23.8,105.9967159277506,22.18840579710145,0,22.174328098517982
2014,Yuvraj Singh,70,23.6,95.9967159277506,21.87142857142857,31,23.01181942226693
2014,Yuvraj Singh,71,23.2,90.95238095238112,22.0,3,23.356958147238274
2014,Yuvraj Singh,72,17.8,69.52380952380972,21.73611111111111,35,18.687236534852623
2014,Yuvraj Singh,73,24.2,82.82738095238115,21.91780821917808,14,21.746472300202452
2014,Yuvraj Singh,74,16.6,65.66071428571448,21.81081081081081,6,17.037288462204817
2014,Yuvraj Singh,75,17.8,77.66071428571448,21.6,3,25.813953251969608
2014,Yuvraj Singh,76,12.2,65.40097402597421,21.355263157894736,83,25.556466209278756
2014,Yuvraj Singh,77,28.2,96.35335497835516,22.15584415584416,68,20.534923393862332
2014,Yuvraj Singh,78,34.8,116.97835497835516,22.743589743589745,13,21.436862655544854
2014,Yuvraj Singh,79,34.6,128.36724386724404,22.620253164556964,21,26.63865921897394
2014,Yuvraj Singh,80,37.6,133.16724386724405,22.6,22,27.62551464540689
2014,Yuvraj Singh,81,41.4,161.55885225885245,22.59259259259259,25,19.31031565163155
2015,Yuvraj Singh,82,29.8,142.86837606837625,22.621951219512194,9,26.98014673853748
2015,Yuvraj Singh,83,18.0,130.36837606837625,22.457831325301203,27,28.15026589970864
2015,Yuvraj Singh,84,20.8,133.24419306184032,22.511904761904763,54,30.700225133807326
2015,Yuvraj Singh,85,27.4,142.78565647647446,22.88235294117647,9,23.0992582957416
2015,Yuvraj Singh,86,24.8,122.78565647647449,22.72093023255814,21,23.50544050884815
2015,Yuvraj Singh,87,24.0,124.05758630103584,22.701149425287355,2,24.939067875812473
2015,Yuvraj Singh,88,22.6,104.05758630103584,22.46590909090909,2,28.055047328615803
2015,Yuvraj Singh,89,17.6,80.29288041868293,22.235955056179776,0,23.87664005442753
2015,Yuvraj Singh,90,6.8,53.95141700404877,21.988888888888887,22,23.42577293503287
2015,Yuvraj Singh,91,9.4,61.057644110275874,21.98901098901099,57,24.680444867866164
2015,Yuvraj Singh,92,16.6,64.86147186147204,22.369565217391305,2,25.732454993891345
2015,Yuvraj Singh,93,16.6,60.57575757575776,22.150537634408604,32,26.41580186949697
2015,Yuvraj Singh,94,22.6,75.43290043290061,22.25531914893617,11,22.028078419899362
2016,Yuvraj Singh,95,24.8,106.86147186147204,22.13684210526316,5,26.962865708099592
2016,Yuvraj Singh,96,21.4,93.05194805194824,21.95833333333333,39,23.68111700990287
2016,Yuvraj Singh,97,17.8,99.64285714285732,22.1340206185567,23,23.437170949886035
2016,Yuvraj Singh,98,22.0,115.83333333333351,22.142857142857142,8,18.056577583515047
2016,Yuvraj Singh,99,17.2,112.97619047619068,22.0,42,18.22108129028132
2016,Yuvraj Singh,100,23.4,115.14761904761922,22.2,10,17.472207702311366
2016,Yuvraj Singh,101,24.4,126.18658008658028,22.07920792079208,19,21.237036819726004
2016,Yuvraj Singh,102,20.4,125.35324675324694,22.04901960784314,44,23.531998160669435
2016,Yuvraj Singh,103,24.6,131.83558162267855,22.262135922330096,8,24.876569060129853
2016,Yuvraj Singh,104,24.6,124.14327393037088,22.125,38,19.935763136266978
2017,Yuvraj Singh,105,23.8,122.20994059703756,22.276190476190475,62,21.88624907968178
2017,Yuvraj Singh,106,34.2,145.36145574855271,22.650943396226417,5,19.16448929701921
2017,Yuvraj Singh,107,31.4,126.19478908188604,22.48598130841121,26,25.503049347029762
2017,Yuvraj Singh,108,27.8,126.69658119658138,22.51851851851852,0,25.4185849236217
2017,Yuvraj Singh,109,26.2,114.38888888888908,22.31192660550459,3,22.488445406828156
2017,Yuvraj Singh,110,19.2,97.7222222222224,22.13636363636364,15,23.06692228426392
2017,Yuvraj Singh,111,9.8,81.38888888888907,22.07207207207207,6,24.391305604206316
2017,Yuvraj Singh,112,10.0,86.03174603174622,21.928571428571427,70,24.193178609299757
2017,Yuvraj Singh,113,18.8,89.70099667774105,22.353982300884955,47,28.17916521879658
2017,Yuvraj Singh,114,28.2,111.06463304137742,22.57017543859649,9,25.867420746101292
2017,Yuvraj Singh,115,29.4,111.06463304137742,22.45217391304348,9,27.484467043132383
2018,Yuvraj Singh,116,28.2,106.06463304137742,22.33620689655172,12,28.911462741081333
2018,Yuvraj Singh,117,29.4,99.83086680761116,22.247863247863247,4,25.876740654436688
2018,Yuvraj Singh,118,16.2,87.27272727272745,22.09322033898305,20,27.78661056232822
2018,Yuvraj Singh,119,10.8,96.67832167832186,22.07563025210084,14,23.288611118695695
2018,Yuvraj Singh,120,11.8,98.14890991361598,22.008333333333333,14,22.50596679453482
2018,Yuvraj Singh,121,12.8,98.14890991361598,21.94214876033058,1,26.788827399873874
2019,Yuvraj Singh,122,10.6,92.23981900452506,21.770491803278688,53,21.60037681545832
2019,Yuvraj Singh,123,20.4,98.73981900452506,22.02439024390244,23,24.95159665281979
2019,Yuvraj Singh,124,21.0,103.35520361990967,22.032258064516128,18,31.30571828536119
2019,Yuvraj Singh,125,21.8,101.88461538461556,22.0,4,24.813931983905096
2007/08,Z Khan,5,5.8,58.055555555555735,5.8,1,14.026065745965143
2007/08,Z Khan,6,5.4,54.555555555555735,5.0,4,11.152948218288232
2009,Z Khan,7,2.8,115.66666666666684,4.857142857142857,2,5.808868697587089
2009,Z Khan,8,1.6,102.33333333333351,4.5,4,4.894287904965195
2009,Z Khan,9,2.4,115.66666666666684,4.444444444444445,2,5.586985272897129
2009/10,Z Khan,10,2.6,130.66666666666683,4.2,23,6.222357009741927
2009/10,Z Khan,11,7.0,177.77777777777797,5.909090909090909,0,6.243843821708265
2009/10,Z Khan,12,6.2,97.77777777777796,5.416666666666667,1,7.477996185258202
2011,Z Khan,13,6.0,91.11111111111128,5.076923076923077,0,6.282384944216874
2011,Z Khan,14,5.2,77.77777777777796,4.714285714285714,21,6.537818217608458
2012,Z Khan,15,9.0,77.77777777777796,5.8,11,7.8887744936501925
2012,Z Khan,16,6.6,58.09523809523828,6.125,0,7.060089193704401
2012,Z Khan,17,6.6,58.09523809523828,5.764705882352941,1,6.949658690882733
2012,Z Khan,18,6.6,58.09523809523828,5.5,0,6.949658690882733
2014,Z Khan,19,6.6,58.09523809523828,5.2105263157894735,0,7.2005191198020535
2014,Z Khan,20,2.4,38.09523809523828,4.95,7,5.993018219483754
2014,Z Khan,21,1.6,53.33333333333352,5.047619047619048,1,6.395927900070013
2016,Z Khan,22,1.8,63.33333333333352,4.863636363636363,4,6.437247967918708
2016,Z Khan,23,2.4,65.55555555555574,4.826086956521739,2,4.7868785307811885
2017,Z Khan,24,2.8,75.55555555555574,4.708333333333333,1,5.557653662393426
2017,Z Khan,25,3.0,95.55555555555574,4.56,2,5.656764549932651
2017,Z Khan,26,2.0,52.52525252525271,4.461538461538462,1,6.473038742623532
