match_id,bowler,opponent,wickets,career_wicket_avg,recent_wickets,opponent_wicket_avg,next_match_wickets
335982,AB Agarkar,Royal Challengers Bangalore,3,0.7857142857142857,3.0,1.0,2.0
335982,AB Dinda,Royal Challengers Bangalore,2,1.0933333333333333,2.0,1.375,1.0
335982,CL White,Kolkata Knight Riders,0,0.16666666666666666,0.0,0.0,0.0
335982,I Sharma,Royal Challengers Bangalore,1,0.8727272727272727,1.0,0.7333333333333333,1.0
335982,JH Kallis,Kolkata Knight Riders,1,0.8314606741573034,1.0,1.0,0.0
335982,LR Shukla,Royal Challengers Bangalore,1,0.6296296296296297,1.0,0.6666666666666666,0.0
335982,P Kumar,Kolkata Knight Riders,0,0.8571428571428571,0.0,0.625,1.0
335982,SB Joshi,Kolkata Knight Riders,0,0.25,0.0,0.0,0.0
335982,SC Ganguly,Royal Challengers Bangalore,3,0.6,3.0,1.0,0.0
335982,Z Khan,Kolkata Knight Riders,1,1.202020202020202,1.0,1.4,4.0
335983,B Lee,Chennai Super Kings,1,0.7894736842105263,1.0,0.4,1.0
335983,IK Pathan,Chennai Super Kings,2,0.9801980198019802,2.0,1.0769230769230769,1.0
335983,JDP Oram,Kings XI Punjab,0,0.9285714285714286,0.0,0.0,1.0
335983,JR Hopes,Chennai Super Kings,1,0.7,1.0,0.25,1.0
335983,Joginder Sharma,Kings XI Punjab,1,0.8666666666666667,1.0,1.0,2.0
335983,K Goel,Chennai Super Kings,0,0.0,0.0,0.0,0.0
335983,M Muralitharan,Kings XI Punjab,1,1.0151515151515151,1.0,1.4285714285714286,2.0
335983,MS Gony,Kings XI Punjab,1,0.8863636363636364,1.0,0.75,1.0
335983,P Amarnath,Kings XI Punjab,1,1.1666666666666667,1.0,1.0,1.0
335983,PP Chawla,Chennai Super Kings,0,1.0523560209424083,0.0,1.0,0.0
335983,S Sreesanth,Chennai Super Kings,0,0.9772727272727273,0.0,1.0,1.0
335983,WA Mota,Chennai Super Kings,1,0.5714285714285714,1.0,1.0,0.0
335984,B Geeves,Rajasthan Royals,1,1.0,1.0,1.0,1.0
335984,D Salunkhe,Delhi Daredevils,0,0.2,0.0,0.0,1.0
335984,DL Vettori,Rajasthan Royals,1,1.0,1.0,0.5,1.0
335984,GD McGrath,Rajasthan Royals,1,1.0,1.0,0.6666666666666666,0.0
335984,MF Maharoof,Rajasthan Royals,2,1.65,2.0,2.3333333333333335,2.0
335984,MM Patel,Delhi Daredevils,0,1.3015873015873016,0.0,1.1,2.0
335984,R Bhatia,Rajasthan Royals,3,0.9010989010989011,3.0,1.1428571428571428,3.0
335984,SK Trivedi,Delhi Daredevils,0,0.9733333333333334,0.0,0.625,2.0
335984,SK Warne,Delhi Daredevils,0,1.1111111111111112,0.0,1.0,3.0
335984,SR Watson,Delhi Daredevils,1,1.019047619047619,1.0,1.1666666666666667,0.0
335984,YK Pathan,Delhi Daredevils,0,0.5609756097560976,0.0,0.125,0.0
335985,A Nehra,Royal Challengers Bangalore,1,1.375,1.0,1.8461538461538463,2.0
335985,AM Nayar,Royal Challengers Bangalore,0,0.47368421052631576,0.0,0.0,0.0
335985,B Akhil,Mumbai Indians,2,0.5384615384615384,2.0,1.0,0.0
335985,DS Kulkarni,Royal Challengers Bangalore,1,0.9891304347826086,1.0,1.1538461538461537,1.0
335985,Harbhajan Singh,Royal Challengers Bangalore,2,1.00625,2.0,1.0869565217391304,0.0
335985,JH Kallis,Mumbai Indians,0,0.8314606741573034,0.5,0.7272727272727273,0.0
335985,P Kumar,Mumbai Indians,1,0.8571428571428571,0.5,0.8125,1.0
335985,R Vinay Kumar,Mumbai Indians,0,1.2211538461538463,0.0,1.1538461538461537,0.0
335985,SB Joshi,Mumbai Indians,0,0.25,0.0,0.0,1.0
335985,SM Pollock,Royal Challengers Bangalore,0,1.0,0.0,0.0,0.0
335985,ST Jayasuriya,Royal Challengers Bangalore,1,0.7619047619047619,1.0,0.3333333333333333,0.0
335985,Z Khan,Mumbai Indians,4,1.202020202020202,2.5,1.0,1.0
335986,A Symonds,Kolkata Knight Riders,0,0.7666666666666667,0.0,1.0,0.0
335986,AB Agarkar,Deccan Chargers,2,0.7857142857142857,2.5,1.0,1.0
335986,AB Dinda,Deccan Chargers,1,1.0933333333333333,1.5,1.75,0.0
335986,DJ Hussey,Deccan Chargers,1,0.38461538461538464,1.0,0.75,0.0
335986,I Sharma,Deccan Chargers,1,0.8727272727272727,1.0,0.4,0.0
335986,M Kartik,Deccan Chargers,4,0.7090909090909091,4.0,1.0,0.0
335986,Mohammad Hafeez,Deccan Chargers,1,0.5,1.0,1.0,0.0
335986,PP Ojha,Kolkata Knight Riders,2,1.1,2.0,0.8571428571428571,0.0
335986,RP Singh,Kolkata Knight Riders,1,1.2195121951219512,1.0,2.0,1.0
335986,SB Bangar,Kolkata Knight Riders,0,0.6666666666666666,0.0,0.0,0.0
335986,SB Styris,Kolkata Knight Riders,0,0.8181818181818182,0.0,0.6666666666666666,1.0
335986,WPUJC Vaas,Kolkata Knight Riders,2,1.6923076923076923,2.0,1.6666666666666667,0.0
335987,B Lee,Rajasthan Royals,1,0.7894736842105263,1.0,1.0,2.0
335987,D Salunkhe,Kings XI Punjab,1,0.2,0.5,0.5,0.0
335987,IK Pathan,Rajasthan Royals,1,0.9801980198019802,1.5,1.0,2.0
335987,JR Hopes,Rajasthan Royals,1,0.7,1.0,1.5,0.0
335987,MM Patel,Kings XI Punjab,2,1.3015873015873016,1.0,1.625,0.0
335987,PP Chawla,Rajasthan Royals,0,1.0523560209424083,0.0,1.0909090909090908,2.0
335987,Pankaj Singh,Kings XI Punjab,0,0.6470588235294118,0.0,0.0,0.0
335987,S Sreesanth,Rajasthan Royals,1,0.9772727272727273,0.5,0.8333333333333334,2.0
335987,SK Trivedi,Kings XI Punjab,2,0.9733333333333334,1.0,1.1,0.0
335987,SK Warne,Kings XI Punjab,3,1.1111111111111112,1.5,1.1666666666666667,2.0
335987,SR Watson,Kings XI Punjab,0,1.019047619047619,0.5,1.1538461538461537,1.0
335987,WA Mota,Rajasthan Royals,0,0.5714285714285714,0.5,0.0,0.0
335987,YK Pathan,Kings XI Punjab,0,0.5609756097560976,0.0,0.6,2.0
335988,A Symonds,Delhi Daredevils,0,0.7666666666666667,0.0,0.8333333333333334,0.0
335988,GD McGrath,Deccan Chargers,0,1.0,0.5,1.0,1.0
335988,MF Maharoof,Deccan Chargers,2,1.65,2.0,2.0,0.0
335988,Mohammad Asif,Deccan Chargers,2,1.125,2.0,1.0,2.0
335988,PP Ojha,Delhi Daredevils,0,1.1,1.0,1.0833333333333333,0.0
335988,R Bhatia,Deccan Chargers,3,0.9010989010989011,3.0,2.1666666666666665,1.0
335988,RP Singh,Delhi Daredevils,1,1.2195121951219512,1.0,1.0,2.0
335988,SB Bangar,Delhi Daredevils,0,0.6666666666666666,0.0,0.0,2.0
335988,Shahid Afridi,Delhi Daredevils,0,0.9,0.0,0.0,3.0
335988,VY Mahesh,Deccan Chargers,1,1.2941176470588236,1.0,1.0,1.0
335988,WPUJC Vaas,Delhi Daredevils,0,1.6923076923076923,1.0,1.5,1.0
335989,A Nehra,Chennai Super Kings,2,1.375,1.5,1.625,2.0
335989,AM Nayar,Chennai Super Kings,0,0.47368421052631576,0.0,0.25,0.0
335989,DJ Bravo,Chennai Super Kings,0,1.3101265822784811,0.0,0.8333333333333334,0.0
335989,DS Kulkarni,Chennai Super Kings,1,0.9891304347826086,1.0,1.25,3.0
335989,Harbhajan Singh,Chennai Super Kings,0,1.00625,1.0,1.1428571428571428,4.0
335989,JDP Oram,Mumbai Indians,1,0.9285714285714286,0.5,1.5,3.0
335989,Joginder Sharma,Mumbai Indians,2,0.8666666666666667,1.5,1.0,2.0
335989,M Muralitharan,Mumbai Indians,2,1.0151515151515151,1.5,1.0,0.0
335989,MA Khote,Chennai Super Kings,2,1.0,2.0,2.0,0.0
335989,MS Gony,Mumbai Indians,1,0.8863636363636364,1.0,1.0,2.0
335989,P Amarnath,Mumbai Indians,1,1.1666666666666667,1.0,1.0,2.0
335989,SM Pollock,Chennai Super Kings,0,1.0,0.0,0.5,1.0
335989,VS Yeligati,Chennai Super Kings,0,0.0,0.0,0.0,0.0
335990,A Symonds,Rajasthan Royals,0,0.7666666666666667,0.0,0.25,0.0
335990,D Kalyankrishna,Rajasthan Royals,1,0.6666666666666666,1.0,1.0,0.0
335990,D Salunkhe,Deccan Chargers,0,0.2,0.3333333333333333,0.0,0.0
335990,MM Patel,Deccan Chargers,0,1.3015873015873016,0.6666666666666666,0.875,2.0
335990,PP Ojha,Rajasthan Royals,0,1.1,0.6666666666666666,0.8461538461538461,0.0
335990,Pankaj Singh,Deccan Chargers,0,0.6470588235294118,0.0,0.0,0.0
335990,RP Singh,Rajasthan Royals,2,1.2195121951219512,1.3333333333333333,1.2727272727272727,2.0
335990,SK Trivedi,Deccan Chargers,0,0.9733333333333334,0.6666666666666666,1.5555555555555556,1.0
335990,SK Warne,Deccan Chargers,2,1.1111111111111112,1.6666666666666667,1.8571428571428572,2.0
335990,SR Watson,Deccan Chargers,1,1.019047619047619,0.6666666666666666,0.5,3.0
335990,Shahid Afridi,Rajasthan Royals,3,0.9,1.5,1.5,2.0
335990,WPUJC Vaas,Rajasthan Royals,1,1.6923076923076923,1.0,1.0,2.0
335990,YK Pathan,Deccan Chargers,2,0.5609756097560976,0.6666666666666666,0.7777777777777778,0.0
335991,A Nehra,Kings XI Punjab,2,1.375,1.6666666666666667,1.1428571428571428,0.0
335991,B Lee,Mumbai Indians,2,0.7894736842105263,1.3333333333333333,0.5714285714285714,1.0
335991,DJ Bravo,Kings XI Punjab,0,1.3101265822784811,0.0,1.625,0.0
335991,DS Kulkarni,Kings XI Punjab,3,0.9891304347826086,1.6666666666666667,1.0909090909090908,0.0
335991,Harbhajan Singh,Kings XI Punjab,4,1.00625,2.0,1.0909090909090908,1.0
335991,IK Pathan,Mumbai Indians,2,0.9801980198019802,1.6666666666666667,1.2666666666666666,3.0
335991,PP Chawla,Mumbai Indians,2,1.0523560209424083,0.6666666666666666,1.3333333333333333,0.0
335991,S Sreesanth,Mumbai Indians,2,0.9772727272727273,1.0,1.3333333333333333,0.0
335991,SM Pollock,Kings XI Punjab,1,1.0,0.3333333333333333,1.0,0.0
335991,VRV Singh,Mumbai Indians,1,0.8888888888888888,1.0,2.0,3.0
335992,A Kumble,Rajasthan Royals,0,1.1666666666666667,0.0,2.0,1.0
335992,JH Kallis,Rajasthan Royals,0,0.8314606741573034,0.3333333333333333,0.6363636363636364,0.0
335992,MM Patel,Royal Challengers Bangalore,2,1.3015873015873016,1.0,1.2222222222222223,0.0
335992,P Kumar,Rajasthan Royals,1,0.8571428571428571,0.6666666666666666,0.8333333333333334,2.0
335992,R Vinay Kumar,Rajasthan Royals,0,1.2211538461538463,0.0,1.0714285714285714,0.0
335992,SB Joshi,Rajasthan Royals,1,0.25,0.3333333333333333,1.0,0.0
335992,SK Trivedi,Royal Challengers Bangalore,1,0.9733333333333334,0.75,1.125,3.0
335992,SK Warne,Royal Challengers Bangalore,2,1.1111111111111112,1.75,1.2857142857142858,1.0
335992,SR Watson,Royal Challengers Bangalore,3,1.019047619047619,1.25,1.0,2.0
335992,Sohail Tanvir,Royal Challengers Bangalore,0,2.1818181818181817,0.0,1.5,3.0
335992,YK Pathan,Royal Challengers Bangalore,0,0.5609756097560976,0.5,0.42857142857142855,1.0
335992,Z Khan,Rajasthan Royals,1,1.202020202020202,2.0,0.875,3.0
335993,AB Agarkar,Chennai Super Kings,1,0.7857142857142857,2.0,0.3333333333333333,1.0
335993,AB Dinda,Chennai Super Kings,0,1.0933333333333333,1.0,0.5714285714285714,1.0
335993,DJ Hussey,Chennai Super Kings,0,0.38461538461538464,0.5,0.3333333333333333,0.0
335993,I Sharma,Chennai Super Kings,0,0.8727272727272727,0.6666666666666666,0.5,1.0
335993,JDP Oram,Kolkata Knight Riders,3,0.9285714285714286,1.3333333333333333,3.0,2.0
335993,Joginder Sharma,Kolkata Knight Riders,2,0.8666666666666667,1.6666666666666667,2.0,2.0
335993,LR Shukla,Chennai Super Kings,0,0.6296296296296297,0.5,0.4,0.0
335993,M Kartik,Chennai Super Kings,0,0.7090909090909091,2.0,0.3333333333333333,0.0
335993,M Muralitharan,Kolkata Knight Riders,0,1.0151515151515151,1.0,0.7,0.0
335993,MS Gony,Kolkata Knight Riders,2,0.8863636363636364,1.3333333333333333,0.8,3.0
335993,Mohammad Hafeez,Chennai Super Kings,0,0.5,0.5,0.0,0.0
335993,P Amarnath,Kolkata Knight Riders,2,1.1666666666666667,1.3333333333333333,2.0,2.0
335994,A Nehra,Deccan Chargers,0,1.375,1.25,1.125,0.0
335994,AM Nayar,Deccan Chargers,0,0.47368421052631576,0.0,0.3333333333333333,1.0
335994,D Kalyankrishna,Mumbai Indians,0,0.6666666666666666,0.5,0.0,1.0
335994,DJ Bravo,Deccan Chargers,0,1.3101265822784811,0.0,1.25,1.0
335994,DNT Zoysa,Mumbai Indians,1,0.6666666666666666,1.0,0.5,1.0
335994,DS Kulkarni,Deccan Chargers,0,0.9891304347826086,1.25,1.0,0.0
335994,PP Ojha,Mumbai Indians,0,1.1,0.5,1.2857142857142858,1.0
335994,RP Singh,Mumbai Indians,2,1.2195121951219512,1.5,1.75,0.0
335994,SB Bangar,Mumbai Indians,2,0.6666666666666666,0.6666666666666666,2.0,1.0
335994,SD Chitnis,Deccan Chargers,0,1.0,0.0,0.0,2.0
335994,SM Pollock,Deccan Chargers,0,1.0,0.25,0.0,2.0
335994,ST Jayasuriya,Deccan Chargers,0,0.7619047619047619,0.5,0.5,4.0
335994,Shahid Afridi,Mumbai Indians,2,0.9,1.6666666666666667,2.0,0.0
335995,B Lee,Delhi Daredevils,1,0.7894736842105263,1.25,1.4285714285714286,1.0
335995,GD McGrath,Kings XI Punjab,1,1.0,0.6666666666666666,1.0,4.0
335995,IK Pathan,Delhi Daredevils,3,0.9801980198019802,2.0,1.25,2.0
335995,MF Maharoof,Kings XI Punjab,0,1.65,1.3333333333333333,1.0,3.0
335995,Mohammad Asif,Kings XI Punjab,2,1.125,2.0,2.0,0.0
335995,PP Chawla,Delhi Daredevils,0,1.0523560209424083,0.5,1.105263157894737,4.0
335995,R Bhatia,Kings XI Punjab,1,0.9010989010989011,2.3333333333333335,0.7272727272727273,0.0
335995,S Sreesanth,Delhi Daredevils,0,0.9772727272727273,0.75,1.1428571428571428,1.0
335995,Shoaib Malik,Kings XI Punjab,1,0.4,1.0,1.0,0.0
335995,VRV Singh,Delhi Daredevils,3,0.8888888888888888,2.0,1.0,0.0
335995,VY Mahesh,Kings XI Punjab,1,1.2941176470588236,1.0,0.75,0.0
335995,Yuvraj Singh,Delhi Daredevils,1,0.5342465753424658,1.0,0.5714285714285714,0.0
335996,B Akhil,Chennai Super Kings,0,0.5384615384615384,1.0,0.0,0.0
335996,DW Steyn,Chennai Super Kings,0,1.105263157894737,0.0,0.8333333333333334,2.0
335996,JA Morkel,Royal Challengers Bangalore,1,1.103448275862069,1.0,1.25,0.0
335996,JDP Oram,Royal Challengers Bangalore,2,0.9285714285714286,1.5,1.0,2.0
335996,JH Kallis,Chennai Super Kings,0,0.8314606741573034,0.25,0.7333333333333333,2.0
335996,Joginder Sharma,Royal Challengers Bangalore,2,0.8666666666666667,1.75,1.5,1.0
335996,MS Gony,Royal Challengers Bangalore,3,0.8863636363636364,1.75,1.3333333333333333,1.0
335996,P Amarnath,Royal Challengers Bangalore,2,1.1666666666666667,1.5,2.0,0.0
335996,P Kumar,Chennai Super Kings,2,0.8571428571428571,1.0,1.1333333333333333,0.0
335996,Z Khan,Chennai Super Kings,3,1.202020202020202,2.25,1.3333333333333333,1.0
335997,A Nehra,Kolkata Knight Riders,0,1.375,1.0,0.8,3.0
335997,AB Agarkar,Mumbai Indians,1,0.7857142857142857,1.75,0.8571428571428571,1.0
335997,AB Dinda,Mumbai Indians,1,1.0933333333333333,1.0,1.1538461538461537,0.0
335997,CRD Fernando,Kolkata Knight Riders,1,1.9,1.0,0.5,5.0
335997,DJ Bravo,Kolkata Knight Riders,1,1.3101265822784811,0.25,1.3157894736842106,1.0
335997,DS Kulkarni,Kolkata Knight Riders,0,0.9891304347826086,1.0,0.7777777777777778,3.0
335997,I Sharma,Mumbai Indians,1,0.8727272727272727,0.75,1.1333333333333333,1.0
335997,LR Shukla,Mumbai Indians,0,0.6296296296296297,0.3333333333333333,0.75,1.0
335997,M Kartik,Mumbai Indians,0,0.7090909090909091,1.3333333333333333,1.0,1.0
335997,Mohammad Hafeez,Mumbai Indians,0,0.5,0.3333333333333333,0.0,1.0
335997,SC Ganguly,Mumbai Indians,0,0.6,1.5,0.0,0.0
335997,SM Pollock,Kolkata Knight Riders,2,1.0,0.6,3.0,2.0
335997,ST Jayasuriya,Kolkata Knight Riders,4,0.7619047619047619,1.6666666666666667,2.0,0.0
335998,DL Vettori,Royal Challengers Bangalore,1,1.0,1.0,0.75,5.0
335998,DW Steyn,Delhi Daredevils,2,1.105263157894737,1.0,1.6363636363636365,3.0
335998,GD McGrath,Royal Challengers Bangalore,4,1.0,1.5,3.0,1.0
335998,JH Kallis,Delhi Daredevils,2,0.8314606741573034,0.6,0.8571428571428571,0.0
335998,Mohammad Asif,Royal Challengers Bangalore,0,1.125,1.3333333333333333,0.0,1.0
335998,P Kumar,Delhi Daredevils,0,0.8571428571428571,0.8,0.8571428571428571,2.0
335998,R Bhatia,Royal Challengers Bangalore,0,0.9010989010989011,1.75,0.25,1.0
335998,R Vinay Kumar,Delhi Daredevils,0,1.2211538461538463,0.0,0.9285714285714286,4.0
335998,Shoaib Malik,Royal Challengers Bangalore,0,0.4,0.5,0.0,0.0
335998,V Kohli,Delhi Daredevils,0,0.19230769230769232,0.0,0.0,2.0
335998,V Sehwag,Royal Challengers Bangalore,0,0.4,0.0,0.0,1.0
335998,VY Mahesh,Royal Challengers Bangalore,0,1.2941176470588236,0.6666666666666666,0.0,1.0
335998,Z Khan,Delhi Daredevils,1,1.202020202020202,2.0,0.875,2.0
335999,DNT Zoysa,Kings XI Punjab,1,0.6666666666666666,1.0,1.0,0.0
335999,Gagandeep Singh,Deccan Chargers,1,0.75,1.0,1.0,1.0
335999,IK Pathan,Deccan Chargers,2,0.9801980198019802,2.0,1.0,2.0
335999,PP Chawla,Deccan Chargers,4,1.0523560209424083,1.2,0.8,0.0
335999,RP Singh,Kings XI Punjab,0,1.2195121951219512,1.2,1.0,0.0
335999,S Sreesanth,Deccan Chargers,1,0.9772727272727273,0.8,0.8333333333333334,2.0
335999,SB Bangar,Kings XI Punjab,1,0.6666666666666666,0.75,1.0,2.0
335999,Shahid Afridi,Kings XI Punjab,0,0.9,1.25,0.0,1.0
335999,VRV Singh,Deccan Chargers,0,0.8888888888888888,1.3333333333333333,0.5,1.0
335999,Y Venugopal Rao,Kings XI Punjab,0,0.35,0.0,0.2,0.0
336000,AB Agarkar,Rajasthan Royals,1,0.7857142857142857,1.6,0.6666666666666666,0.0
336000,AB Dinda,Rajasthan Royals,0,1.0933333333333333,0.8,0.7777777777777778,1.0
336000,DJ Hussey,Rajasthan Royals,0,0.38461538461538464,0.3333333333333333,0.0,2.0
336000,I Sharma,Rajasthan Royals,1,0.8727272727272727,0.8,1.0,0.0
336000,LR Shukla,Rajasthan Royals,1,0.6296296296296297,0.5,0.8,0.0
336000,MM Patel,Kolkata Knight Riders,0,1.3015873015873016,0.8,1.5,2.0
336000,SC Ganguly,Rajasthan Royals,0,0.6,1.0,0.3333333333333333,1.0
336000,SK Trivedi,Kolkata Knight Riders,3,0.9733333333333334,1.2,1.0,0.0
336000,SK Warne,Kolkata Knight Riders,1,1.1111111111111112,1.6,0.5,1.0
336000,SR Watson,Kolkata Knight Riders,2,1.019047619047619,1.4,1.0,1.0
336000,Sohail Tanvir,Kolkata Knight Riders,3,2.1818181818181817,1.5,3.0,6.0
336000,Umar Gul,Rajasthan Royals,4,2.3333333333333335,4.0,3.0,2.0
336000,YK Pathan,Kolkata Knight Riders,1,0.5609756097560976,0.6,0.8,0.0
336001,GD McGrath,Chennai Super Kings,1,1.0,1.4,1.0,0.0
336001,JA Morkel,Delhi Daredevils,0,1.103448275862069,0.5,0.9230769230769231,0.0
336001,Joginder Sharma,Delhi Daredevils,1,0.8666666666666667,1.6,0.6666666666666666,0.0
336001,M Muralitharan,Delhi Daredevils,0,1.0151515151515151,0.75,1.125,1.0
336001,M Ntini,Delhi Daredevils,0,0.8888888888888888,0.0,0.0,0.0
336001,MS Gony,Delhi Daredevils,1,0.8863636363636364,1.6,0.75,0.0
336001,Mohammad Asif,Chennai Super Kings,1,1.125,1.25,1.0,1.0
336001,PJ Sangwan,Chennai Super Kings,1,1.0476190476190477,1.0,1.4,1.0
336001,R Bhatia,Chennai Super Kings,1,0.9010989010989011,1.6,0.8461538461538461,1.0
336001,Shoaib Malik,Chennai Super Kings,0,0.4,0.3333333333333333,0.0,1.0
336001,V Sehwag,Chennai Super Kings,1,0.4,0.5,0.6,1.0
336001,VY Mahesh,Chennai Super Kings,1,1.2941176470588236,0.75,1.5,3.0
336002,A Kumble,Deccan Chargers,1,1.1666666666666667,0.5,1.625,0.0
336002,B Akhil,Deccan Chargers,0,0.5384615384615384,0.6666666666666666,0.6666666666666666,0.0
336002,DB Ravi Teja,Royal Challengers Bangalore,1,0.5,1.0,1.0,0.0
336002,DP Vijaykumar,Royal Challengers Bangalore,0,0.4444444444444444,0.0,0.0,1.0
336002,DW Steyn,Deccan Chargers,3,1.105263157894737,1.6666666666666667,1.5,0.0
336002,JH Kallis,Deccan Chargers,0,0.8314606741573034,0.4,0.4,0.0
336002,R Vinay Kumar,Deccan Chargers,4,1.2211538461538463,1.0,2.3333333333333335,1.0
336002,RP Singh,Royal Challengers Bangalore,0,1.2195121951219512,1.0,1.0,2.0
336002,SB Bangar,Royal Challengers Bangalore,2,0.6666666666666666,1.0,1.0,1.0
336002,V Kohli,Deccan Chargers,2,0.19230769230769232,1.0,0.6666666666666666,0.0
336002,WPUJC Vaas,Royal Challengers Bangalore,2,1.6923076923076923,1.25,2.0,1.0
336002,Y Venugopal Rao,Royal Challengers Bangalore,0,0.35,0.0,0.0,0.0
336003,AB Agarkar,Kings XI Punjab,0,0.7857142857142857,1.0,0.8333333333333334,0.0
336003,AB Dinda,Kings XI Punjab,1,1.0933333333333333,0.6,0.75,0.0
336003,DJ Hussey,Kings XI Punjab,2,0.38461538461538464,0.75,0.5,0.0
336003,Gagandeep Singh,Kolkata Knight Riders,1,0.75,1.0,1.0,0.0
336003,I Sharma,Kings XI Punjab,0,0.8727272727272727,0.6,0.5,1.0
336003,IK Pathan,Kolkata Knight Riders,2,0.9801980198019802,2.0,0.6923076923076923,3.0
336003,JR Hopes,Kolkata Knight Riders,0,0.7,0.6666666666666666,0.6666666666666666,0.0
336003,PP Chawla,Kolkata Knight Riders,0,1.0523560209424083,1.2,1.0,3.0
336003,S Sreesanth,Kolkata Knight Riders,2,0.9772727272727273,1.2,1.25,2.0
336003,Umar Gul,Kings XI Punjab,2,2.3333333333333335,3.0,3.0,1.0
336003,VRV Singh,Kolkata Knight Riders,1,0.8888888888888888,1.25,1.5,2.0
336004,A Nehra,Delhi Daredevils,3,1.375,1.4,1.5,3.0
336004,DJ Bravo,Delhi Daredevils,1,1.3101265822784811,0.4,0.8571428571428571,2.0
336004,DJ Thornely,Delhi Daredevils,1,0.75,1.0,1.0,0.0
336004,DS Kulkarni,Delhi Daredevils,3,0.9891304347826086,1.4,0.9285714285714286,2.0
336004,GD McGrath,Mumbai Indians,0,1.0,1.2,0.0,1.0
336004,Mohammad Asif,Mumbai Indians,1,1.125,1.2,1.0,1.0
336004,PJ Sangwan,Mumbai Indians,1,1.0476190476190477,1.0,1.5,2.0
336004,R Bhatia,Mumbai Indians,1,0.9010989010989011,1.2,1.1666666666666667,0.0
336004,RR Raje,Delhi Daredevils,0,0.7,0.0,0.0,2.0
336004,SM Pollock,Delhi Daredevils,2,1.0,1.0,1.5,1.0
336004,ST Jayasuriya,Delhi Daredevils,0,0.7619047619047619,1.25,0.75,0.0
336004,Shoaib Malik,Mumbai Indians,1,0.4,0.5,1.0,0.0
336004,V Sehwag,Mumbai Indians,1,0.4,0.6666666666666666,1.0,0.0
336004,VY Mahesh,Mumbai Indians,3,1.2941176470588236,1.2,4.0,2.0
336005,JA Morkel,Rajasthan Royals,0,1.103448275862069,0.3333333333333333,1.4545454545454546,1.0
336005,M Muralitharan,Rajasthan Royals,1,1.0151515151515151,0.8,0.6666666666666666,1.0
336005,M Ntini,Rajasthan Royals,0,0.8888888888888888,0.0,0.3333333333333333,0.0
336005,MM Patel,Chennai Super Kings,2,1.3015873015873016,1.2,1.125,0.0
336005,MS Gony,Rajasthan Royals,0,0.8863636363636364,1.4,0.4,1.0
336005,SK Raina,Rajasthan Royals,0,0.43478260869565216,0.0,0.75,2.0
336005,SK Trivedi,Chennai Super Kings,0,0.9733333333333334,1.2,0.45454545454545453,0.0
336005,SK Warne,Chennai Super Kings,1,1.1111111111111112,1.8,0.8888888888888888,1.0
336005,SR Watson,Chennai Super Kings,1,1.019047619047619,1.4,0.7272727272727273,2.0
336005,Sohail Tanvir,Chennai Super Kings,6,2.1818181818181817,3.0,3.3333333333333335,0.0
336005,YK Pathan,Chennai Super Kings,0,0.5609756097560976,0.6,0.7333333333333333,1.0
336006,A Kumble,Kings XI Punjab,0,1.1666666666666667,0.3333333333333333,0.6666666666666666,1.0
336006,DW Steyn,Kings XI Punjab,0,1.105263157894737,1.25,0.6666666666666666,3.0
336006,Gagandeep Singh,Royal Challengers Bangalore,0,0.75,0.6666666666666666,0.0,1.0
336006,IK Pathan,Royal Challengers Bangalore,3,0.9801980198019802,2.4,1.0769230769230769,0.0
336006,JH Kallis,Kings XI Punjab,0,0.8314606741573034,0.4,0.9090909090909091,0.0
336006,JR Hopes,Royal Challengers Bangalore,0,0.7,0.5,0.3333333333333333,0.0
336006,P Kumar,Kings XI Punjab,2,0.8571428571428571,1.2,1.1,1.0
336006,PP Chawla,Royal Challengers Bangalore,3,1.0523560209424083,1.8,0.8260869565217391,1.0
336006,S Sreesanth,Royal Challengers Bangalore,2,0.9772727272727273,1.4,1.0,2.0
336006,VRV Singh,Royal Challengers Bangalore,2,0.8888888888888888,1.4,1.3333333333333333,1.0
336006,Z Khan,Kings XI Punjab,2,1.202020202020202,2.2,1.2142857142857142,1.0
336007,DP Vijaykumar,Chennai Super Kings,1,0.4444444444444444,0.5,1.0,0.0
336007,JA Morkel,Deccan Chargers,1,1.103448275862069,0.5,1.3333333333333333,2.0
336007,Joginder Sharma,Deccan Chargers,0,0.8666666666666667,1.4,0.0,1.0
336007,M Muralitharan,Deccan Chargers,1,1.0151515151515151,0.8,0.875,0.0
336007,M Ntini,Deccan Chargers,0,0.8888888888888888,0.0,0.5,4.0
336007,MS Gony,Deccan Chargers,1,0.8863636363636364,1.4,0.6666666666666666,1.0
336007,PP Ojha,Chennai Super Kings,1,1.1,0.6,1.5333333333333334,1.0
336007,RP Singh,Chennai Super Kings,2,1.2195121951219512,1.2,0.9230769230769231,1.0
336007,SB Bangar,Chennai Super Kings,1,0.6666666666666666,1.2,1.0,0.0
336007,SB Styris,Chennai Super Kings,1,0.8181818181818182,0.5,0.5,0.0
336007,Shahid Afridi,Chennai Super Kings,1,0.9,1.2,0.5,0.0
336008,A Nehra,Rajasthan Royals,3,1.375,1.6,1.2222222222222223,1.0
336008,DJ Bravo,Rajasthan Royals,2,1.3101265822784811,0.8,1.3076923076923077,2.0
336008,DS Kulkarni,Rajasthan Royals,2,0.9891304347826086,1.6,1.3333333333333333,0.0
336008,MM Patel,Mumbai Indians,0,1.3015873015873016,0.8,1.6666666666666667,1.0
336008,RR Raje,Rajasthan Royals,2,0.7,1.0,2.0,0.0
336008,SK Trivedi,Mumbai Indians,0,0.9733333333333334,0.8,0.7,2.0
336008,SK Warne,Mumbai Indians,1,1.1111111111111112,1.4,1.0,2.0
336008,SM Pollock,Rajasthan Royals,1,1.0,1.2,0.5,0.0
336008,SR Watson,Mumbai Indians,2,1.019047619047619,1.8,0.9333333333333333,1.0
336008,ST Jayasuriya,Rajasthan Royals,0,0.7619047619047619,1.0,0.6,0.0
336008,Sohail Tanvir,Mumbai Indians,0,2.1818181818181817,2.25,2.0,1.0
336009,CK Kapugedera,Delhi Daredevils,0,0.0,0.0,0.0,0.0
336009,GD McGrath,Chennai Super Kings,1,1.0,1.4,1.0,1.0
336009,JA Morkel,Delhi Daredevils,2,1.103448275862069,0.8,0.9230769230769231,1.0
336009,L Balaji,Delhi Daredevils,2,1.1643835616438356,2.0,1.3333333333333333,5.0
336009,M Muralitharan,Delhi Daredevils,0,1.0151515151515151,0.4,1.125,1.0
336009,MS Gony,Delhi Daredevils,1,0.8863636363636364,1.2,0.75,1.0
336009,Mohammad Asif,Chennai Super Kings,1,1.125,1.0,1.0,0.0
336009,P Amarnath,Delhi Daredevils,0,1.1666666666666667,1.2,0.0,1.0
336009,PJ Sangwan,Chennai Super Kings,2,1.0476190476190477,1.3333333333333333,1.4,0.0
336009,V Sehwag,Chennai Super Kings,0,0.4,0.5,0.6,1.0
336009,VY Mahesh,Chennai Super Kings,2,1.2941176470588236,1.4,1.5,0.0
336010,A Kumble,Kolkata Knight Riders,1,1.1666666666666667,0.5,1.0,0.0
336010,AB Dinda,Royal Challengers Bangalore,0,1.0933333333333333,0.4,1.375,3.0
336010,DW Steyn,Kolkata Knight Riders,3,1.105263157894737,1.6,1.0769230769230769,1.0
336010,I Sharma,Royal Challengers Bangalore,1,0.8727272727272727,0.6,0.7333333333333333,0.0
336010,LR Shukla,Royal Challengers Bangalore,0,0.6296296296296297,0.4,0.6666666666666666,1.0
336010,M Kartik,Royal Challengers Bangalore,1,0.7090909090909091,1.25,1.25,0.0
336010,P Kumar,Kolkata Knight Riders,1,0.8571428571428571,1.2,0.625,0.0
336010,R Vinay Kumar,Kolkata Knight Riders,1,1.2211538461538463,1.0,2.0,0.0
336010,SC Ganguly,Royal Challengers Bangalore,1,0.6,1.0,1.0,2.0
336010,Umar Gul,Royal Challengers Bangalore,1,2.3333333333333335,2.3333333333333335,1.0,1.0
336010,Z Khan,Kolkata Knight Riders,1,1.202020202020202,1.6,1.4,0.0
336011,DP Vijaykumar,Rajasthan Royals,0,0.4444444444444444,0.3333333333333333,0.0,1.0
336011,MM Patel,Deccan Chargers,1,1.3015873015873016,1.0,0.875,1.0
336011,PP Ojha,Rajasthan Royals,1,1.1,0.4,0.8461538461538461,0.0
336011,RP Singh,Rajasthan Royals,1,1.2195121951219512,1.0,1.2727272727272727,1.0
336011,SB Bangar,Rajasthan Royals,0,0.6666666666666666,1.2,0.0,0.0
336011,SB Styris,Rajasthan Royals,0,0.8181818181818182,0.3333333333333333,0.0,0.0
336011,SK Trivedi,Deccan Chargers,2,0.9733333333333334,1.2,1.5555555555555556,2.0
336011,SK Warne,Deccan Chargers,2,1.1111111111111112,1.4,1.8571428571428572,0.0
336011,SR Watson,Deccan Chargers,1,1.019047619047619,1.8,0.5,2.0
336011,Shahid Afridi,Rajasthan Royals,0,0.9,1.2,1.5,0.0
336011,Sohail Tanvir,Deccan Chargers,1,2.1818181818181817,2.0,1.0,3.0
336011,Y Venugopal Rao,Rajasthan Royals,0,0.35,0.0,1.0,1.0
336011,YK Pathan,Deccan Chargers,1,0.5609756097560976,0.8,0.7777777777777778,1.0
336012,A Kumble,Mumbai Indians,0,1.1666666666666667,0.4,0.5,0.0
336012,A Nehra,Royal Challengers Bangalore,1,1.375,1.4,1.8461538461538463,0.0
336012,B Akhil,Mumbai Indians,0,0.5384615384615384,0.5,1.0,1.0
336012,CRD Fernando,Royal Challengers Bangalore,5,1.9,3.0,2.6666666666666665,3.0
336012,DR Smith,Royal Challengers Bangalore,3,0.5869565217391305,3.0,0.8333333333333334,0.0
336012,DS Kulkarni,Royal Challengers Bangalore,0,0.9891304347826086,1.0,1.1538461538461537,3.0
336012,DW Steyn,Mumbai Indians,1,1.105263157894737,1.8,1.1428571428571428,0.0
336012,P Kumar,Mumbai Indians,0,0.8571428571428571,1.0,0.8125,0.0
336012,R Vinay Kumar,Mumbai Indians,0,1.2211538461538463,1.0,1.1538461538461537,1.0
336012,SM Pollock,Royal Challengers Bangalore,0,1.0,1.0,0.0,1.0
336013,CK Kapugedera,Kings XI Punjab,0,0.0,0.0,0.0,0.0
336013,IK Pathan,Chennai Super Kings,0,0.9801980198019802,2.0,1.0769230769230769,2.0
336013,JA Morkel,Kings XI Punjab,1,1.103448275862069,0.8,1.2727272727272727,0.0
336013,JR Hopes,Chennai Super Kings,0,0.7,0.4,0.25,0.0
336013,L Balaji,Kings XI Punjab,5,1.1643835616438356,3.5,1.2222222222222223,0.0
336013,M Muralitharan,Kings XI Punjab,1,1.0151515151515151,0.6,1.4285714285714286,0.0
336013,MS Gony,Kings XI Punjab,1,0.8863636363636364,0.8,0.75,0.0
336013,PP Chawla,Chennai Super Kings,1,1.0523560209424083,1.6,1.0,2.0
336013,S Sreesanth,Chennai Super Kings,2,0.9772727272727273,1.4,1.0,3.0
336013,VRV Singh,Chennai Super Kings,1,0.8888888888888888,1.4,0.25,1.0
336013,Yuvraj Singh,Chennai Super Kings,0,0.5342465753424658,0.5,0.25,0.0
336014,AB Dinda,Deccan Chargers,3,1.0933333333333333,1.0,1.75,2.0
336014,DP Vijaykumar,Kolkata Knight Riders,1,0.4444444444444444,0.5,1.0,1.0
336014,I Sharma,Deccan Chargers,0,0.8727272727272727,0.6,0.4,0.0
336014,LR Shukla,Deccan Chargers,1,0.6296296296296297,0.4,1.0,3.0
336014,M Kartik,Deccan Chargers,0,0.7090909090909091,1.0,1.0,0.0
336014,PP Ojha,Kolkata Knight Riders,0,1.1,0.4,0.8571428571428571,2.0
336014,RP Singh,Kolkata Knight Riders,1,1.2195121951219512,0.8,2.0,1.0
336014,SB Bangar,Kolkata Knight Riders,0,0.6666666666666666,0.8,0.0,0.0
336014,SB Styris,Kolkata Knight Riders,0,0.8181818181818182,0.25,0.6666666666666666,0.0
336014,SC Ganguly,Deccan Chargers,2,0.6,1.2,0.6666666666666666,0.0
336014,Umar Gul,Deccan Chargers,1,2.3333333333333335,2.0,1.0,2.0
336014,WPUJC Vaas,Kolkata Knight Riders,1,1.6923076923076923,1.2,1.6666666666666667,2.0
336014,Y Venugopal Rao,Kolkata Knight Riders,1,0.35,0.25,0.5,0.0
336015,A Mishra,Rajasthan Royals,2,1.1296296296296295,2.0,1.619047619047619,0.0
336015,AD Mascarenhas,Delhi Daredevils,2,1.4615384615384615,2.0,2.0,3.0
336015,GD McGrath,Rajasthan Royals,1,1.0,1.4,0.6666666666666666,0.0
336015,MF Maharoof,Rajasthan Royals,3,1.65,1.75,2.3333333333333335,2.0
336015,MM Patel,Delhi Daredevils,1,1.3015873015873016,0.8,1.1,0.0
336015,PJ Sangwan,Rajasthan Royals,0,1.0476190476190477,1.0,0.6666666666666666,2.0
336015,SK Trivedi,Delhi Daredevils,2,0.9733333333333334,1.4,0.625,0.0
336015,SK Warne,Delhi Daredevils,0,1.1111111111111112,1.0,1.0,3.0
336015,SR Watson,Delhi Daredevils,2,1.019047619047619,1.6,1.1666666666666667,2.0
336015,V Sehwag,Rajasthan Royals,1,0.4,0.6,0.6666666666666666,0.0
336015,VY Mahesh,Rajasthan Royals,0,1.2941176470588236,1.2,1.3333333333333333,2.0
336016,A Kumble,Kings XI Punjab,0,1.1666666666666667,0.4,0.6666666666666666,1.0
336016,DW Steyn,Kings XI Punjab,0,1.105263157894737,1.4,0.6666666666666666,1.0
336016,IK Pathan,Royal Challengers Bangalore,2,0.9801980198019802,1.8,1.0769230769230769,1.0
336016,JR Hopes,Royal Challengers Bangalore,0,0.7,0.2,0.3333333333333333,2.0
336016,P Kumar,Kings XI Punjab,0,0.8571428571428571,0.6,1.1,0.0
336016,PP Chawla,Royal Challengers Bangalore,2,1.0523560209424083,2.0,0.8260869565217391,3.0
336016,R Vinay Kumar,Kings XI Punjab,1,1.2211538461538463,1.2,0.45454545454545453,1.0
336016,S Sreesanth,Royal Challengers Bangalore,3,0.9772727272727273,2.0,1.0,1.0
336016,V Kohli,Kings XI Punjab,0,0.19230769230769232,0.6666666666666666,0.0,0.0
336016,VRV Singh,Royal Challengers Bangalore,1,0.8888888888888888,1.0,1.3333333333333333,0.0
336016,Yuvraj Singh,Royal Challengers Bangalore,0,0.5342465753424658,0.3333333333333333,0.42857142857142855,0.0
336016,Z Khan,Kings XI Punjab,0,1.202020202020202,1.4,1.2142857142857142,0.0
336017,A Mishra,Kolkata Knight Riders,0,1.1296296296296295,1.0,1.0,5.0
336017,AB Dinda,Delhi Daredevils,2,1.0933333333333333,1.2,1.4,0.0
336017,GD McGrath,Kolkata Knight Riders,0,1.0,0.6,0.0,2.0
336017,I Sharma,Delhi Daredevils,0,0.8727272727272727,0.4,1.0,1.0
336017,Iqbal Abdulla,Delhi Daredevils,1,0.9375,1.0,1.25,0.0
336017,LR Shukla,Delhi Daredevils,3,0.6296296296296297,1.0,1.5,0.0
336017,MF Maharoof,Kolkata Knight Riders,2,1.65,1.8,1.0,2.0
336017,PJ Sangwan,Kolkata Knight Riders,2,1.0476190476190477,1.2,1.25,1.0
336017,SC Ganguly,Delhi Daredevils,0,0.6,0.6,0.75,1.0
336017,Shoaib Akhtar,Delhi Daredevils,4,1.6666666666666667,4.0,4.0,1.0
336017,V Sehwag,Kolkata Knight Riders,0,0.4,0.6,0.0,0.0
336017,VY Mahesh,Kolkata Knight Riders,2,1.2941176470588236,1.6,1.0,0.0
336018,A Nehra,Chennai Super Kings,0,1.375,1.4,1.625,0.0
336018,DJ Bravo,Chennai Super Kings,2,1.3101265822784811,1.2,0.8333333333333334,2.0
336018,DJ Thornely,Chennai Super Kings,0,0.75,0.5,0.0,2.0
336018,DS Kulkarni,Chennai Super Kings,3,0.9891304347826086,1.6,1.25,0.0
336018,JA Morkel,Mumbai Indians,0,1.103448275862069,0.8,1.0909090909090908,0.0
336018,Joginder Sharma,Mumbai Indians,1,0.8666666666666667,1.2,1.0,1.0
336018,L Balaji,Mumbai Indians,0,1.1643835616438356,2.3333333333333335,0.5555555555555556,1.0
336018,M Muralitharan,Mumbai Indians,0,1.0151515151515151,0.6,1.0,0.0
336018,MS Gony,Mumbai Indians,0,0.8863636363636364,0.6,1.0,0.0
336018,RR Raje,Chennai Super Kings,0,0.7,0.6666666666666666,0.0,2.0
336018,SM Pollock,Chennai Super Kings,1,1.0,1.2,0.5,4.0
336019,D Salunkhe,Kings XI Punjab,0,0.2,0.25,0.5,0.0
336019,IK Pathan,Rajasthan Royals,1,0.9801980198019802,1.6,1.0,0.0
336019,JR Hopes,Rajasthan Royals,2,0.7,0.4,1.5,2.0
336019,MM Patel,Kings XI Punjab,0,1.3015873015873016,0.8,1.625,2.0
336019,PP Chawla,Rajasthan Royals,3,1.0523560209424083,1.8,1.0909090909090908,0.0
336019,Pankaj Singh,Kings XI Punjab,0,0.6470588235294118,0.0,0.0,0.0
336019,RR Powar,Rajasthan Royals,0,0.5769230769230769,0.0,0.25,2.0
336019,S Sreesanth,Rajasthan Royals,1,0.9772727272727273,2.0,0.8333333333333334,0.0
336019,SK Trivedi,Kings XI Punjab,0,0.9733333333333334,0.8,1.1,1.0
336019,SR Watson,Kings XI Punjab,2,1.019047619047619,1.6,1.1538461538461537,0.0
336019,VRV Singh,Rajasthan Royals,0,0.8888888888888888,1.0,0.0,0.0
336019,YK Pathan,Kings XI Punjab,1,0.5609756097560976,0.6,0.6,0.0
336019,Yuvraj Singh,Rajasthan Royals,0,0.5342465753424658,0.25,0.6666666666666666,2.0
336020,A Mishra,Deccan Chargers,5,1.1296296296296295,2.3333333333333335,1.8333333333333333,1.0
336020,DP Vijaykumar,Delhi Daredevils,1,0.4444444444444444,0.6,1.0,0.0
336020,GD McGrath,Deccan Chargers,2,1.0,0.8,1.0,1.0
336020,MF Maharoof,Deccan Chargers,2,1.65,1.8,2.0,0.0
336020,Mohammad Asif,Deccan Chargers,0,1.125,0.6,1.0,2.0
336020,PM Sarvesh Kumar,Delhi Daredevils,0,0.5,0.0,0.0,1.0
336020,PP Ojha,Delhi Daredevils,2,1.1,0.8,1.0833333333333333,0.0
336020,R Bhatia,Deccan Chargers,0,0.9010989010989011,0.6,2.1666666666666665,0.0
336020,RP Singh,Delhi Daredevils,1,1.2195121951219512,1.0,1.0,3.0
336020,SB Styris,Delhi Daredevils,0,0.8181818181818182,0.2,0.0,1.0
336020,Shahid Afridi,Delhi Daredevils,0,0.9,0.6,0.0,2.0
336020,Y Venugopal Rao,Delhi Daredevils,0,0.35,0.2,0.0,2.0
336021,A Nehra,Kolkata Knight Riders,0,1.375,1.4,0.8,0.0
336021,AB Agarkar,Mumbai Indians,0,0.7857142857142857,0.6,0.8571428571428571,0.0
336021,DJ Bravo,Kolkata Knight Riders,2,1.3101265822784811,1.6,1.3157894736842106,3.0
336021,DJ Thornely,Kolkata Knight Riders,2,0.75,1.0,2.0,0.0
336021,I Sharma,Mumbai Indians,1,0.8727272727272727,0.4,1.1333333333333333,0.0
336021,RR Raje,Kolkata Knight Riders,2,0.7,1.0,2.0,0.0
336021,SM Pollock,Kolkata Knight Riders,4,1.0,1.6,3.0,1.0
336021,Shoaib Akhtar,Mumbai Indians,1,1.6666666666666667,2.5,1.0,0.0
336022,A Mishra,Kings XI Punjab,1,1.1296296296296295,2.0,1.15,1.0
336022,GD McGrath,Kings XI Punjab,1,1.0,1.0,1.0,2.0
336022,IK Pathan,Delhi Daredevils,0,0.9801980198019802,1.2,1.25,1.0
336022,JR Hopes,Delhi Daredevils,2,0.7,0.8,2.0,0.0
336022,MF Maharoof,Kings XI Punjab,0,1.65,1.4,1.0,4.0
336022,PJ Sangwan,Kings XI Punjab,1,1.0476190476190477,1.2,0.6666666666666666,0.0
336022,PP Chawla,Delhi Daredevils,0,1.0523560209424083,1.8,1.105263157894737,2.0
336022,R Bhatia,Kings XI Punjab,0,0.9010989010989011,0.4,0.7272727272727273,0.0
336022,RR Powar,Delhi Daredevils,2,0.5769230769230769,1.0,0.8,1.0
336022,S Sreesanth,Delhi Daredevils,0,0.9772727272727273,1.6,1.1428571428571428,2.0
336022,V Sehwag,Kings XI Punjab,0,0.4,0.4,0.0,0.0
336022,VRV Singh,Delhi Daredevils,0,0.8888888888888888,0.8,1.0,3.0
336023,A Kumble,Rajasthan Royals,1,1.1666666666666667,0.4,2.0,2.0
336023,JH Kallis,Rajasthan Royals,0,0.8314606741573034,0.4,0.6363636363636364,0.0
336023,MM Patel,Royal Challengers Bangalore,2,1.3015873015873016,0.8,1.2222222222222223,2.0
336023,P Kumar,Rajasthan Royals,0,0.8571428571428571,0.6,0.8333333333333334,1.0
336023,RA Jadeja,Royal Challengers Bangalore,0,0.8009478672985783,0.0,1.037037037037037,1.0
336023,SK Trivedi,Royal Challengers Bangalore,1,0.9733333333333334,1.0,1.125,1.0
336023,SK Warne,Royal Challengers Bangalore,3,1.1111111111111112,1.4,1.2857142857142858,0.0
336023,SR Watson,Royal Challengers Bangalore,0,1.019047619047619,1.4,1.0,1.0
336023,Sohail Tanvir,Royal Challengers Bangalore,3,2.1818181818181817,2.6,1.5,3.0
336023,V Kohli,Rajasthan Royals,0,0.19230769230769232,0.5,0.3333333333333333,0.0
336023,YK Pathan,Royal Challengers Bangalore,0,0.5609756097560976,0.6,0.42857142857142855,1.0
336023,Z Khan,Rajasthan Royals,0,1.202020202020202,0.8,0.875,0.0
336024,A Nehra,Deccan Chargers,0,1.375,0.8,1.125,0.0
336024,AM Nayar,Deccan Chargers,1,0.47368421052631576,0.25,0.3333333333333333,0.0
336024,CRD Fernando,Deccan Chargers,3,1.9,3.0,3.0,1.0
336024,DJ Bravo,Deccan Chargers,3,1.3101265822784811,2.0,1.25,1.0
336024,DP Vijaykumar,Mumbai Indians,0,0.4444444444444444,0.6,0.0,0.0
336024,PP Ojha,Mumbai Indians,0,1.1,0.8,1.2857142857142858,2.0
336024,RP Singh,Mumbai Indians,3,1.2195121951219512,1.6,1.75,0.0
336024,RR Raje,Deccan Chargers,0,0.7,0.8,0.5,2.0
336024,ST Jayasuriya,Deccan Chargers,0,0.7619047619047619,0.8,0.5,0.0
336024,Shahid Afridi,Mumbai Indians,2,0.9,0.6,2.0,1.0
336024,Y Venugopal Rao,Mumbai Indians,2,0.35,0.6,1.0,0.0
336025,AB Agarkar,Chennai Super Kings,0,0.7857142857142857,0.4,0.3333333333333333,0.0
336025,AB Dinda,Chennai Super Kings,0,1.0933333333333333,1.2,0.5714285714285714,0.0
336025,I Sharma,Chennai Super Kings,0,0.8727272727272727,0.4,0.5,1.0
336025,JA Morkel,Kolkata Knight Riders,0,1.103448275862069,0.8,0.6666666666666666,4.0
336025,L Balaji,Kolkata Knight Riders,1,1.1643835616438356,2.0,1.0,1.0
336025,M Muralitharan,Kolkata Knight Riders,0,1.0151515151515151,0.4,0.7,1.0
336025,M Ntini,Kolkata Knight Riders,4,0.8888888888888888,1.0,4.0,0.0
336025,MS Gony,Kolkata Knight Riders,0,0.8863636363636364,0.6,0.8,2.0
336026,A Kumble,Delhi Daredevils,2,1.1666666666666667,0.8,1.0,3.0
336026,B Akhil,Delhi Daredevils,1,0.5384615384615384,0.6,0.5,0.0
336026,DW Steyn,Delhi Daredevils,1,1.105263157894737,1.0,1.6363636363636365,3.0
336026,GD McGrath,Royal Challengers Bangalore,2,1.0,1.2,3.0,0.0
336026,JH Kallis,Delhi Daredevils,0,0.8314606741573034,0.4,0.8571428571428571,0.0
336026,MF Maharoof,Royal Challengers Bangalore,4,1.65,2.2,1.6666666666666667,1.0
336026,P Kumar,Delhi Daredevils,1,0.8571428571428571,0.4,0.8571428571428571,1.0
336026,PJ Sangwan,Royal Challengers Bangalore,0,1.0476190476190477,1.0,1.1666666666666667,0.0
336026,R Bhatia,Royal Challengers Bangalore,0,0.9010989010989011,0.4,0.25,2.0
336026,TM Dilshan,Royal Challengers Bangalore,1,0.2,1.0,1.0,0.0
336026,VY Mahesh,Royal Challengers Bangalore,0,1.2941176470588236,1.4,0.0,5.0
336026,Z Khan,Delhi Daredevils,0,1.202020202020202,0.6,0.875,2.0
336027,AB Agarkar,Rajasthan Royals,0,0.7857142857142857,0.2,0.6666666666666666,0.0
336027,AB Dinda,Rajasthan Royals,0,1.0933333333333333,1.0,0.7777777777777778,1.0
336027,I Sharma,Rajasthan Royals,1,0.8727272727272727,0.4,1.0,0.0
336027,LR Shukla,Rajasthan Royals,0,0.6296296296296297,1.0,0.8,0.0
336027,MM Patel,Kolkata Knight Riders,2,1.3015873015873016,1.2,1.5,1.0
336027,SC Ganguly,Rajasthan Royals,1,0.6,0.8,0.3333333333333333,0.0
336027,SK Trivedi,Kolkata Knight Riders,1,0.9733333333333334,1.2,1.0,2.0
336027,SK Warne,Kolkata Knight Riders,0,1.1111111111111112,1.2,0.5,2.0
336027,SR Watson,Kolkata Knight Riders,1,1.019047619047619,1.2,1.0,0.0
336027,Sohail Tanvir,Kolkata Knight Riders,3,2.1818181818181817,2.6,3.0,3.0
336027,Umar Gul,Rajasthan Royals,2,2.3333333333333335,2.0,3.0,4.0
336027,YK Pathan,Kolkata Knight Riders,1,0.5609756097560976,0.6,0.8,1.0
336028,A Nehra,Kings XI Punjab,0,1.375,0.2,1.1428571428571428,1.0
336028,CRD Fernando,Kings XI Punjab,1,1.9,2.5,1.0,2.0
336028,DR Smith,Kings XI Punjab,0,0.5869565217391305,1.5,0.75,2.0
336028,IK Pathan,Mumbai Indians,1,0.9801980198019802,0.8,1.2666666666666666,0.0
336028,JR Hopes,Mumbai Indians,0,0.7,0.8,0.5,1.0
336028,PP Chawla,Mumbai Indians,2,1.0523560209424083,1.6,1.3333333333333333,0.0
336028,S Sreesanth,Mumbai Indians,2,0.9772727272727273,1.6,1.3333333333333333,1.0
336028,SM Pollock,Kings XI Punjab,1,1.0,1.4,1.0,1.0
336028,VRV Singh,Mumbai Indians,3,0.8888888888888888,1.0,2.0,1.0
336028,Yuvraj Singh,Mumbai Indians,2,0.5342465753424658,0.6,0.6,0.0
336029,A Kumble,Chennai Super Kings,3,1.1666666666666667,1.2,1.1666666666666667,0.0
336029,B Akhil,Chennai Super Kings,0,0.5384615384615384,0.2,0.0,1.0
336029,DW Steyn,Chennai Super Kings,3,1.105263157894737,1.6,0.8333333333333334,0.0
336029,JA Morkel,Royal Challengers Bangalore,4,1.103448275862069,1.4,1.25,2.0
336029,JH Kallis,Chennai Super Kings,0,0.8314606741573034,0.0,0.7333333333333333,1.0
336029,L Balaji,Royal Challengers Bangalore,1,1.1643835616438356,1.8,1.5,0.0
336029,M Muralitharan,Royal Challengers Bangalore,1,1.0151515151515151,0.4,1.4285714285714286,0.0
336029,M Ntini,Royal Challengers Bangalore,0,0.8888888888888888,0.8,0.0,1.0
336029,MS Gony,Royal Challengers Bangalore,2,0.8863636363636364,0.8,1.3333333333333333,0.0
336029,P Kumar,Chennai Super Kings,1,0.8571428571428571,0.4,1.1333333333333333,3.0
336029,R Vinay Kumar,Chennai Super Kings,1,1.2211538461538463,1.4,1.0588235294117647,0.0
336031,DP Vijaykumar,Kings XI Punjab,0,0.4444444444444444,0.4,0.0,0.0
336031,PP Chawla,Deccan Chargers,0,1.0523560209424083,1.4,0.8,2.0
336031,PP Ojha,Kings XI Punjab,2,1.1,1.0,1.0,2.0
336031,RG Sharma,Kings XI Punjab,1,0.5,1.0,0.5714285714285714,0.0
336031,RP Singh,Kings XI Punjab,0,1.2195121951219512,1.2,1.0,3.0
336031,RR Powar,Deccan Chargers,1,0.5769230769230769,1.0,1.0,0.0
336031,S Sreesanth,Deccan Chargers,1,0.9772727272727273,1.4,0.8333333333333334,2.0
336031,SB Styris,Kings XI Punjab,1,0.8181818181818182,0.4,0.5,2.0
336031,VRV Singh,Deccan Chargers,1,0.8888888888888888,1.0,0.5,2.0
336031,Y Venugopal Rao,Kings XI Punjab,0,0.35,0.6,0.2,0.0
336031,Yuvraj Singh,Deccan Chargers,0,0.5342465753424658,0.4,1.4285714285714286,0.0
336032,A Mishra,Mumbai Indians,1,1.1296296296296295,1.8,1.1363636363636365,2.0
336032,A Nehra,Delhi Daredevils,1,1.375,0.2,1.5,1.0
336032,DR Smith,Delhi Daredevils,2,0.5869565217391305,1.6666666666666667,0.4,0.0
336032,DS Kulkarni,Delhi Daredevils,0,0.9891304347826086,1.6,0.9285714285714286,0.0
336032,GD McGrath,Mumbai Indians,0,1.0,1.0,0.0,0.0
336032,MF Maharoof,Mumbai Indians,1,1.65,1.8,1.5,3.0
336032,SM Pollock,Delhi Daredevils,1,1.0,1.4,1.5,0.0
336032,ST Jayasuriya,Delhi Daredevils,0,0.7619047619047619,0.8,0.75,0.0
336032,VY Mahesh,Mumbai Indians,5,1.2941176470588236,1.8,4.0,2.0
336033,JA Morkel,Rajasthan Royals,2,1.103448275862069,1.4,1.4545454545454546,3.0
336033,L Balaji,Rajasthan Royals,0,1.1643835616438356,1.4,1.0,2.0
336033,M Muralitharan,Rajasthan Royals,0,1.0151515151515151,0.4,0.6666666666666666,1.0
336033,M Ntini,Rajasthan Royals,1,0.8888888888888888,1.0,0.3333333333333333,1.0
336033,MM Patel,Chennai Super Kings,1,1.3015873015873016,1.2,1.125,3.0
336033,MS Gony,Rajasthan Royals,0,0.8863636363636364,0.6,0.4,1.0
336033,Pankaj Singh,Chennai Super Kings,0,0.6470588235294118,0.0,1.0,0.0
336033,SK Raina,Rajasthan Royals,2,0.43478260869565216,1.0,0.75,2.0
336033,SK Warne,Chennai Super Kings,2,1.1111111111111112,1.4,0.8888888888888888,1.0
336033,Sohail Tanvir,Chennai Super Kings,3,2.1818181818181817,2.0,3.3333333333333335,4.0
336033,YK Pathan,Chennai Super Kings,1,0.5609756097560976,0.8,0.7333333333333333,0.0
336034,A Kumble,Deccan Chargers,0,1.1666666666666667,1.2,1.625,5.0
336034,DP Vijaykumar,Royal Challengers Bangalore,0,0.4444444444444444,0.4,0.0,1.0
336034,DW Steyn,Deccan Chargers,0,1.105263157894737,1.0,1.5,0.0
336034,JH Kallis,Deccan Chargers,1,0.8314606741573034,0.2,0.4,0.0
336034,P Kumar,Deccan Chargers,3,0.8571428571428571,1.0,1.2,2.0
336034,PP Ojha,Royal Challengers Bangalore,2,1.1,1.2,1.4444444444444444,1.0
336034,RP Singh,Royal Challengers Bangalore,3,1.2195121951219512,1.6,1.0,0.0
336034,SB Styris,Royal Challengers Bangalore,2,0.8181818181818182,0.6,2.5,0.0
336034,Shahid Afridi,Royal Challengers Bangalore,1,0.9,0.8,1.0,0.0
336034,Z Khan,Deccan Chargers,2,1.202020202020202,0.6,1.8571428571428572,0.0
336035,AB Dinda,Kings XI Punjab,1,1.0933333333333333,1.2,0.75,2.0
336035,BAW Mendis,Kings XI Punjab,1,0.9,1.0,1.0,2.0
336035,DJ Hussey,Kings XI Punjab,0,0.38461538461538464,0.6,0.5,0.0
336035,I Sharma,Kings XI Punjab,0,0.8727272727272727,0.4,0.5,0.0
336035,IK Pathan,Kolkata Knight Riders,0,0.9801980198019802,0.8,0.6923076923076923,1.0
336035,JR Hopes,Kolkata Knight Riders,1,0.7,1.0,0.6666666666666666,0.0
336035,LR Shukla,Kings XI Punjab,0,0.6296296296296297,0.8,0.3333333333333333,1.0
336035,PP Chawla,Kolkata Knight Riders,2,1.0523560209424083,1.4,1.0,0.0
336035,RR Powar,Kolkata Knight Riders,0,0.5769230769230769,0.75,0.25,0.0
336035,S Sreesanth,Kolkata Knight Riders,2,0.9772727272727273,1.2,1.25,0.0
336035,VRV Singh,Kolkata Knight Riders,2,0.8888888888888888,1.2,1.5,0.0
336036,A Nehra,Rajasthan Royals,1,1.375,0.4,1.2222222222222223,1.0
336036,AM Nayar,Rajasthan Royals,0,0.47368421052631576,0.2,0.0,3.0
336036,CRD Fernando,Rajasthan Royals,2,1.9,2.4,2.0,2.0
336036,DR Smith,Rajasthan Royals,0,0.5869565217391305,1.25,0.2,0.0
336036,Pankaj Singh,Mumbai Indians,0,0.6470588235294118,0.0,0.0,0.0
336036,RR Raje,Rajasthan Royals,2,0.7,1.2,2.0,0.0
336036,SK Trivedi,Mumbai Indians,2,0.9733333333333334,1.2,0.7,1.0
336036,SK Warne,Mumbai Indians,1,1.1111111111111112,1.2,1.0,2.0
336036,SR Watson,Mumbai Indians,0,1.019047619047619,1.0,0.9333333333333333,3.0
336036,ST Jayasuriya,Rajasthan Royals,0,0.7619047619047619,0.0,0.6,2.0
336036,Sohail Tanvir,Mumbai Indians,4,2.1818181818181817,2.8,2.0,0.0
336036,YK Pathan,Mumbai Indians,0,0.5609756097560976,0.6,0.0,3.0
336037,JA Morkel,Deccan Chargers,3,1.103448275862069,1.8,1.3333333333333333,2.0
336037,L Balaji,Deccan Chargers,2,1.1643835616438356,0.8,1.0,0.0
336037,M Muralitharan,Deccan Chargers,1,1.0151515151515151,0.4,0.875,1.0
336037,M Ntini,Deccan Chargers,1,0.8888888888888888,1.2,0.5,2.0
336037,MS Gony,Deccan Chargers,1,0.8863636363636364,0.6,0.6666666666666666,3.0
336037,PP Ojha,Chennai Super Kings,1,1.1,1.4,1.5333333333333334,2.0
336037,RP Singh,Chennai Super Kings,0,1.2195121951219512,1.4,0.9230769230769231,5.0
336037,SB Styris,Chennai Super Kings,0,0.8181818181818182,0.6,0.5,2.0
336038,A Mishra,Rajasthan Royals,2,1.1296296296296295,1.8,1.619047619047619,1.0
336038,MF Maharoof,Rajasthan Royals,3,1.65,2.0,2.3333333333333335,2.0
336038,MM Patel,Delhi Daredevils,3,1.3015873015873016,1.6,1.1,0.0
336038,RA Jadeja,Delhi Daredevils,1,0.8009478672985783,0.5,0.7058823529411765,0.0
336038,SK Trivedi,Delhi Daredevils,1,0.9733333333333334,1.0,0.625,0.0
336038,SK Warne,Delhi Daredevils,2,1.1111111111111112,1.6,1.0,0.0
336038,SR Watson,Delhi Daredevils,3,1.019047619047619,1.2,1.1666666666666667,1.0
336038,Sohail Tanvir,Delhi Daredevils,0,2.1818181818181817,2.6,0.0,1.0
336038,VY Mahesh,Rajasthan Royals,2,1.2941176470588236,1.8,1.3333333333333333,1.0
336039,IK Pathan,Chennai Super Kings,1,0.9801980198019802,0.6,1.0769230769230769,0.0
336039,JA Morkel,Kings XI Punjab,2,1.103448275862069,2.2,1.2727272727272727,4.0
336039,JR Hopes,Chennai Super Kings,0,0.7,1.0,0.25,1.0
336039,L Balaji,Kings XI Punjab,0,1.1643835616438356,0.8,1.2222222222222223,0.0
336039,M Muralitharan,Kings XI Punjab,1,1.0151515151515151,0.6,1.4285714285714286,2.0
336039,M Ntini,Kings XI Punjab,2,0.8888888888888888,1.6,2.0,0.0
336039,MS Gony,Kings XI Punjab,3,0.8863636363636364,1.2,0.75,1.0
336039,PP Chawla,Chennai Super Kings,0,1.0523560209424083,0.8,1.0,0.0
336039,RR Powar,Chennai Super Kings,0,0.5769230769230769,0.6,1.0,0.0
336039,S Sreesanth,Chennai Super Kings,0,0.9772727272727273,1.0,1.0,0.0
336039,VRV Singh,Chennai Super Kings,0,0.8888888888888888,1.2,0.25,0.0
336040,JA Morkel,Rajasthan Royals,4,1.103448275862069,3.0,1.4545454545454546,1.0
336040,L Balaji,Rajasthan Royals,0,1.1643835616438356,0.6,1.0,2.0
336040,M Muralitharan,Rajasthan Royals,2,1.0151515151515151,1.0,0.6666666666666666,4.0
336040,MM Patel,Chennai Super Kings,0,1.3015873015873016,1.6,1.125,2.0
336040,MS Gony,Rajasthan Royals,1,0.8863636363636364,1.4,0.4,2.0
336040,SK Trivedi,Chennai Super Kings,0,0.9733333333333334,1.0,0.45454545454545453,0.0
336040,SK Warne,Chennai Super Kings,0,1.1111111111111112,1.0,0.8888888888888888,2.0
336040,SR Watson,Chennai Super Kings,1,1.019047619047619,1.0,0.7272727272727273,3.0
336040,YK Pathan,Chennai Super Kings,3,0.5609756097560976,1.0,0.7333333333333333,0.0
392181,A Flintoff,Mumbai Indians,1,0.6666666666666666,1.0,1.0,1.0
392181,DJ Bravo,Chennai Super Kings,1,1.3101265822784811,2.0,0.8333333333333334,3.0
392181,Harbhajan Singh,Chennai Super Kings,1,1.00625,1.75,1.1428571428571428,1.0
392181,JDP Oram,Mumbai Indians,2,0.9285714285714286,1.6,1.5,0.0
392181,Joginder Sharma,Mumbai Indians,1,0.8666666666666667,1.0,1.0,1.0
392181,MS Gony,Mumbai Indians,2,0.8863636363636364,1.4,1.0,1.0
392181,RR Raje,Chennai Super Kings,0,0.7,0.8,0.0,1.0
392181,SL Malinga,Chennai Super Kings,3,1.540983606557377,3.0,1.7619047619047619,3.0
392181,ST Jayasuriya,Chennai Super Kings,2,0.7619047619047619,0.4,2.0,1.0
392181,T Thushara,Mumbai Indians,1,1.6666666666666667,1.0,1.5,2.0
392181,Z Khan,Chennai Super Kings,0,1.202020202020202,0.4,1.3333333333333333,1.0
392182,A Kumble,Rajasthan Royals,5,1.1666666666666667,2.2,2.0,0.0
392182,AD Mascarenhas,Royal Challengers Bangalore,3,1.4615384615384615,2.5,3.0,1.0
392182,DW Steyn,Rajasthan Royals,0,1.105263157894737,0.8,1.1818181818181819,1.0
392182,JD Ryder,Rajasthan Royals,3,0.6875,3.0,1.5,1.0
392182,Kamran Khan,Royal Challengers Bangalore,0,1.5555555555555556,0.0,0.6666666666666666,5.0
392182,MM Patel,Royal Challengers Bangalore,2,1.3015873015873016,1.6,1.2222222222222223,1.0
392182,P Kumar,Rajasthan Royals,2,0.8571428571428571,1.4,0.8333333333333334,2.0
392182,R Vinay Kumar,Rajasthan Royals,0,1.2211538461538463,0.6,1.0714285714285714,0.0
392182,SK Warne,Royal Challengers Bangalore,2,1.1111111111111112,1.4,1.2857142857142858,2.0
392182,T Henderson,Royal Challengers Bangalore,1,0.5,1.0,1.0,0.0
392182,YK Pathan,Royal Challengers Bangalore,0,0.5609756097560976,1.0,0.42857142857142855,0.0
392183,AM Salvi,Kings XI Punjab,1,1.0,1.0,1.5,0.0
392183,DL Vettori,Kings XI Punjab,5,1.0,2.3333333333333335,1.1666666666666667,3.0
392183,DP Nannes,Kings XI Punjab,0,1.3103448275862069,0.0,1.6666666666666667,2.0
392183,IK Pathan,Delhi Daredevils,0,0.9801980198019802,0.4,1.25,0.0
392183,PJ Sangwan,Kings XI Punjab,0,1.0476190476190477,0.6,0.6666666666666666,3.0
392183,PP Chawla,Delhi Daredevils,0,1.0523560209424083,0.8,1.105263157894737,0.0
392183,VRV Singh,Delhi Daredevils,0,0.8888888888888888,1.2,1.0,1.0
392183,VS Malik,Delhi Daredevils,0,0.46153846153846156,0.0,0.0,1.0
392183,VY Mahesh,Kings XI Punjab,1,1.2941176470588236,2.0,0.75,1.0
392183,YA Abdulla,Delhi Daredevils,0,1.3636363636363635,0.0,0.5,0.0
392184,AB Agarkar,Deccan Chargers,0,0.7857142857142857,0.0,1.0,0.0
392184,AB Dinda,Deccan Chargers,2,1.0933333333333333,1.0,1.75,1.0
392184,CH Gayle,Deccan Chargers,0,0.5,0.0,0.3333333333333333,0.0
392184,FH Edwards,Kolkata Knight Riders,0,1.0,0.0,0.0,1.0
392184,Harmeet Singh,Kolkata Knight Riders,1,1.1071428571428572,1.0,0.5,1.0
392184,I Sharma,Deccan Chargers,0,0.8727272727272727,0.4,0.4,1.0
392184,M Kartik,Deccan Chargers,0,0.7090909090909091,0.2,1.0,0.0
392184,MC Henriques,Deccan Chargers,0,0.7666666666666667,0.0,0.5,1.0
392184,PP Ojha,Kolkata Knight Riders,2,1.1,1.4,0.8571428571428571,1.0
392184,RP Singh,Kolkata Knight Riders,5,1.2195121951219512,2.2,2.0,2.0
392184,SB Styris,Kolkata Knight Riders,2,0.8181818181818182,1.0,0.6666666666666666,3.0
392184,SC Ganguly,Deccan Chargers,0,0.6,0.8,0.6666666666666666,2.0
392185,A Flintoff,Royal Challengers Bangalore,1,0.6666666666666666,1.0,1.0,0.0
392185,A Kumble,Chennai Super Kings,0,1.1666666666666667,2.0,1.1666666666666667,0.0
392185,DW Steyn,Chennai Super Kings,1,1.105263157894737,1.0,0.8333333333333334,2.0
392185,JA Morkel,Royal Challengers Bangalore,1,1.103448275862069,2.4,1.25,1.0
392185,JH Kallis,Chennai Super Kings,0,0.8314606741573034,0.2,0.7333333333333333,0.0
392185,Joginder Sharma,Royal Challengers Bangalore,1,0.8666666666666667,0.8,1.5,0.0
392185,KP Pietersen,Chennai Super Kings,2,0.6923076923076923,2.0,1.3333333333333333,2.0
392185,L Balaji,Royal Challengers Bangalore,2,1.1643835616438356,0.8,1.5,3.0
392185,LRPL Taylor,Chennai Super Kings,0,0.0,0.0,0.0,0.0
392185,M Muralitharan,Royal Challengers Bangalore,4,1.0151515151515151,1.6,1.4285714285714286,0.0
392185,MS Gony,Royal Challengers Bangalore,1,0.8863636363636364,1.6,1.3333333333333333,1.0
392185,P Kumar,Chennai Super Kings,2,0.8571428571428571,1.8,1.1333333333333333,1.0
392185,R Vinay Kumar,Chennai Super Kings,0,1.2211538461538463,0.4,1.0588235294117647,0.0
392185,V Kohli,Chennai Super Kings,0,0.19230769230769232,0.4,0.16666666666666666,0.0
392186,AB Dinda,Kings XI Punjab,1,1.0933333333333333,0.8,0.75,0.0
392186,CH Gayle,Kings XI Punjab,0,0.5,0.0,0.5,0.0
392186,I Sharma,Kings XI Punjab,1,0.8727272727272727,0.4,0.5,2.0
392186,IK Pathan,Kolkata Knight Riders,0,0.9801980198019802,0.4,0.6923076923076923,3.0
392186,LR Shukla,Kings XI Punjab,1,0.6296296296296297,1.0,0.3333333333333333,3.0
392186,M Kartik,Kings XI Punjab,0,0.7090909090909091,0.2,0.6666666666666666,0.0
392186,MC Henriques,Kings XI Punjab,1,0.7666666666666667,0.5,0.9,0.0
392186,PP Chawla,Kolkata Knight Riders,0,1.0523560209424083,0.4,1.0,1.0
392186,RS Bopara,Kolkata Knight Riders,0,0.9285714285714286,0.0,0.5,0.0
392186,SC Ganguly,Kings XI Punjab,2,0.6,1.0,1.0,0.0
392186,VS Malik,Kolkata Knight Riders,1,0.46153846153846156,0.5,0.3333333333333333,1.0
392186,YA Abdulla,Kolkata Knight Riders,0,1.3636363636363635,0.0,0.5,4.0
392188,A Kumble,Deccan Chargers,0,1.1666666666666667,1.6,1.625,1.0
392188,DW Steyn,Deccan Chargers,2,1.105263157894737,1.2,1.5,0.0
392188,FH Edwards,Royal Challengers Bangalore,1,1.0,0.5,1.0,2.0
392188,Harmeet Singh,Royal Challengers Bangalore,1,1.1071428571428572,1.0,0.8333333333333334,0.0
392188,JD Ryder,Deccan Chargers,1,0.6875,2.0,1.0,0.0
392188,JH Kallis,Deccan Chargers,0,0.8314606741573034,0.2,0.4,2.0
392188,KP Pietersen,Deccan Chargers,2,0.6923076923076923,2.0,0.6666666666666666,0.0
392188,P Kumar,Deccan Chargers,1,0.8571428571428571,1.8,1.2,0.0
392188,PP Ojha,Royal Challengers Bangalore,1,1.1,1.6,1.4444444444444444,3.0
392188,RP Singh,Royal Challengers Bangalore,2,1.2195121951219512,2.0,1.0,2.0
392188,SB Styris,Royal Challengers Bangalore,3,0.8181818181818182,1.6,2.5,0.0
392189,A Nehra,Chennai Super Kings,1,1.375,0.6,1.625,3.0
392189,AM Salvi,Chennai Super Kings,0,1.0,0.5,0.0,2.0
392189,DL Vettori,Chennai Super Kings,3,1.0,2.5,0.8333333333333334,1.0
392189,DP Nannes,Chennai Super Kings,2,1.3103448275862069,1.0,2.25,1.0
392189,JA Morkel,Delhi Daredevils,1,1.103448275862069,2.2,0.9230769230769231,0.0
392189,Joginder Sharma,Delhi Daredevils,0,0.8666666666666667,0.6,0.6666666666666666,0.0
392189,L Balaji,Delhi Daredevils,3,1.1643835616438356,1.4,1.3333333333333333,1.0
392189,M Muralitharan,Delhi Daredevils,0,1.0151515151515151,1.6,1.125,1.0
392189,MK Tiwary,Chennai Super Kings,0,0.16666666666666666,0.0,0.0,1.0
392189,MS Gony,Delhi Daredevils,1,0.8863636363636364,1.6,0.75,0.0
392189,PJ Sangwan,Chennai Super Kings,3,1.0476190476190477,1.2,1.4,1.0
392190,AB Agarkar,Rajasthan Royals,0,0.7857142857142857,0.0,0.6666666666666666,0.0
392190,AD Mascarenhas,Kolkata Knight Riders,1,1.4615384615384615,2.0,0.6666666666666666,0.0
392190,Anureet Singh,Rajasthan Royals,2,0.9545454545454546,2.0,2.0,0.0
392190,BAW Mendis,Rajasthan Royals,2,0.9,1.5,2.0,1.0
392190,CH Gayle,Rajasthan Royals,0,0.5,0.0,0.3333333333333333,0.0
392190,I Sharma,Rajasthan Royals,2,0.8727272727272727,0.8,1.0,1.0
392190,Kamran Khan,Kolkata Knight Riders,5,1.5555555555555556,2.5,3.5,4.0
392190,MM Patel,Kolkata Knight Riders,1,1.3015873015873016,1.4,1.5,2.0
392190,RA Jadeja,Kolkata Knight Riders,0,0.8009478672985783,0.3333333333333333,0.8148148148148148,0.0
392190,SC Ganguly,Rajasthan Royals,0,0.6,0.6,0.3333333333333333,0.0
392190,SK Warne,Kolkata Knight Riders,2,1.1111111111111112,1.4,0.5,0.0
392190,YK Pathan,Kolkata Knight Riders,0,0.5609756097560976,0.8,0.8,0.0
392191,A Kumble,Kings XI Punjab,1,1.1666666666666667,1.2,0.6666666666666666,0.0
392191,IK Pathan,Royal Challengers Bangalore,3,0.9801980198019802,0.8,1.0769230769230769,2.0
392191,JD Ryder,Kings XI Punjab,0,0.6875,1.3333333333333333,0.6,1.0
392191,JH Kallis,Kings XI Punjab,2,0.8314606741573034,0.6,0.9090909090909091,0.0
392191,KP Pietersen,Kings XI Punjab,0,0.6923076923076923,1.3333333333333333,0.0,1.0
392191,P Kumar,Kings XI Punjab,0,0.8571428571428571,1.6,1.1,1.0
392191,PP Chawla,Royal Challengers Bangalore,1,1.0523560209424083,0.6,0.8260869565217391,2.0
392191,Pankaj Singh,Kings XI Punjab,0,0.6470588235294118,0.0,0.0,2.0
392191,R Vinay Kumar,Kings XI Punjab,0,1.2211538461538463,0.4,0.45454545454545453,0.0
392191,RS Bopara,Royal Challengers Bangalore,0,0.9285714285714286,0.0,0.6666666666666666,0.0
392191,VRV Singh,Royal Challengers Bangalore,1,0.8888888888888888,0.8,1.3333333333333333,0.0
392191,YA Abdulla,Royal Challengers Bangalore,4,1.3636363636363635,1.3333333333333333,2.6666666666666665,3.0
392191,Yuvraj Singh,Royal Challengers Bangalore,0,0.5342465753424658,0.4,0.42857142857142855,0.0
392192,DJ Bravo,Deccan Chargers,3,1.3101265822784811,2.2,1.25,2.0
392192,DR Smith,Mumbai Indians,0,0.5869565217391305,1.0,0.6,0.0
392192,DS Kulkarni,Deccan Chargers,0,0.9891304347826086,1.0,1.0,1.0
392192,FH Edwards,Mumbai Indians,2,1.0,1.0,2.0,1.0
392192,Harbhajan Singh,Deccan Chargers,1,1.00625,1.6,1.25,0.0
392192,Harmeet Singh,Mumbai Indians,0,1.1071428571428572,0.6666666666666666,0.0,0.0
392192,PP Ojha,Mumbai Indians,3,1.1,1.8,1.2857142857142858,2.0
392192,RG Sharma,Mumbai Indians,0,0.5,0.5,1.0,1.0
392192,RP Singh,Mumbai Indians,2,1.2195121951219512,2.4,1.75,1.0
392192,SL Malinga,Deccan Chargers,3,1.540983606557377,3.0,2.5,3.0
392192,ST Jayasuriya,Deccan Chargers,1,0.7619047619047619,0.6,0.5,1.0
392192,Y Venugopal Rao,Mumbai Indians,0,0.35,0.6,1.0,1.0
392192,Z Khan,Deccan Chargers,1,1.202020202020202,0.6,1.8571428571428572,1.0
392194,A Kumble,Delhi Daredevils,0,1.1666666666666667,1.2,1.0,2.0
392194,A Mishra,Royal Challengers Bangalore,1,1.1296296296296295,2.0,1.0555555555555556,3.0
392194,A Nehra,Royal Challengers Bangalore,3,1.375,1.2,1.8461538461538463,1.0
392194,B Akhil,Delhi Daredevils,1,0.5384615384615384,0.4,0.5,1.0
392194,DL Vettori,Royal Challengers Bangalore,1,1.0,2.2,0.75,0.0
392194,DP Nannes,Royal Challengers Bangalore,1,1.3103448275862069,1.0,1.0,0.0
392194,JH Kallis,Delhi Daredevils,0,0.8314606741573034,0.6,0.8571428571428571,0.0
392194,KP Appanna,Delhi Daredevils,1,0.8461538461538461,1.0,1.5,1.0
392194,PJ Sangwan,Royal Challengers Bangalore,1,1.0476190476190477,1.0,1.1666666666666667,1.0
392194,Pankaj Singh,Delhi Daredevils,2,0.6470588235294118,0.4,1.3333333333333333,0.0
392194,R Vinay Kumar,Delhi Daredevils,0,1.2211538461538463,0.2,0.9285714285714286,0.0
392195,AD Mascarenhas,Kings XI Punjab,0,1.4615384615384615,1.5,0.0,2.0
392195,IK Pathan,Rajasthan Royals,2,0.9801980198019802,1.2,1.0,2.0
392195,Kamran Khan,Kings XI Punjab,4,1.5555555555555556,3.0,4.0,1.0
392195,MM Patel,Kings XI Punjab,2,1.3015873015873016,1.6,1.625,2.0
392195,PP Chawla,Rajasthan Royals,2,1.0523560209424083,0.6,1.0909090909090908,1.0
392195,RR Powar,Rajasthan Royals,0,0.5769230769230769,0.6,0.25,1.0
392195,SK Warne,Kings XI Punjab,0,1.1111111111111112,1.2,1.1666666666666667,2.0
392195,VRV Singh,Rajasthan Royals,0,0.8888888888888888,0.6,0.0,0.0
392195,YA Abdulla,Rajasthan Royals,3,1.3636363636363635,1.75,1.5,2.0
392195,YK Pathan,Kings XI Punjab,0,0.5609756097560976,0.6,0.6,0.0
392195,Yuvraj Singh,Rajasthan Royals,0,0.5342465753424658,0.4,0.6666666666666666,3.0
392196,DR Smith,Chennai Super Kings,0,0.5869565217391305,0.4,0.0,0.0
392196,FH Edwards,Chennai Super Kings,1,1.0,1.0,1.0,0.0
392196,JA Morkel,Deccan Chargers,0,1.103448275862069,1.6,1.3333333333333333,2.0
392196,JDP Oram,Deccan Chargers,0,0.9285714285714286,1.6,0.0,2.0
392196,Joginder Sharma,Deccan Chargers,0,0.8666666666666667,0.6,0.0,1.0
392196,L Balaji,Deccan Chargers,1,1.1643835616438356,1.2,1.0,4.0
392196,M Muralitharan,Deccan Chargers,1,1.0151515151515151,1.6,0.875,0.0
392196,MS Gony,Deccan Chargers,0,0.8863636363636364,1.0,0.6666666666666666,0.0
392196,PP Ojha,Chennai Super Kings,2,1.1,1.8,1.5333333333333334,1.0
392196,RG Sharma,Chennai Super Kings,1,0.5,0.6666666666666666,0.4,0.0
392196,RP Singh,Chennai Super Kings,1,1.2195121951219512,2.0,0.9230769230769231,1.0
392196,SK Raina,Deccan Chargers,2,0.43478260869565216,1.3333333333333333,1.1666666666666667,1.0
392196,Shoaib Ahmed,Chennai Super Kings,0,0.7142857142857143,0.0,0.5,2.0
392196,Y Venugopal Rao,Chennai Super Kings,1,0.35,0.6,1.0,0.0
392197,AB Dinda,Mumbai Indians,0,1.0933333333333333,0.8,1.1538461538461537,1.0
392197,AM Nayar,Kolkata Knight Riders,3,0.47368421052631576,0.8,2.0,1.0
392197,BAW Mendis,Mumbai Indians,1,0.9,1.3333333333333333,1.0,1.0
392197,BJ Hodge,Mumbai Indians,1,0.9,1.0,1.0,3.0
392197,CH Gayle,Mumbai Indians,0,0.5,0.0,0.2,0.0
392197,DJ Bravo,Kolkata Knight Riders,2,1.3101265822784811,2.2,1.3157894736842106,2.0
392197,Harbhajan Singh,Kolkata Knight Riders,0,1.00625,1.2,0.8947368421052632,1.0
392197,I Sharma,Mumbai Indians,1,0.8727272727272727,0.8,1.1333333333333333,2.0
392197,LR Shukla,Mumbai Indians,3,0.6296296296296297,1.4,0.75,0.0
392197,SC Ganguly,Mumbai Indians,0,0.6,0.6,0.0,0.0
392197,SL Malinga,Kolkata Knight Riders,3,1.540983606557377,3.0,1.3529411764705883,2.0
392197,SR Tendulkar,Kolkata Knight Riders,0,0.0,0.0,0.0,0.0
392197,Z Khan,Kolkata Knight Riders,1,1.202020202020202,0.8,1.4,1.0
392198,A Mishra,Rajasthan Royals,3,1.1296296296296295,1.6,1.619047619047619,1.0
392198,A Nehra,Rajasthan Royals,1,1.375,1.4,1.2222222222222223,3.0
392198,AD Mascarenhas,Delhi Daredevils,2,1.4615384615384615,1.6,2.0,0.0
392198,DL Vettori,Rajasthan Royals,0,1.0,2.0,0.5,1.0
392198,DP Nannes,Rajasthan Royals,0,1.3103448275862069,0.75,1.0,3.0
392198,Kamran Khan,Delhi Daredevils,1,1.5555555555555556,2.5,1.0,0.0
392198,MM Patel,Delhi Daredevils,2,1.3015873015873016,1.4,1.1,2.0
392198,PJ Sangwan,Rajasthan Royals,1,1.0476190476190477,1.0,0.6666666666666666,1.0
392198,RA Jadeja,Delhi Daredevils,0,0.8009478672985783,0.25,0.7058823529411765,1.0
392198,SK Warne,Delhi Daredevils,2,1.1111111111111112,1.2,1.0,1.0
392198,TM Dilshan,Rajasthan Royals,0,0.2,0.5,0.0,0.0
392198,YK Pathan,Delhi Daredevils,0,0.5609756097560976,0.6,0.125,2.0
392199,A Kumble,Kolkata Knight Riders,2,1.1666666666666667,0.6,1.0,2.0
392199,AB Agarkar,Royal Challengers Bangalore,0,0.7857142857142857,0.0,1.0,1.0
392199,BJ Hodge,Royal Challengers Bangalore,3,0.9,2.0,1.5,1.0
392199,CH Gayle,Royal Challengers Bangalore,0,0.5,0.0,0.0,1.0
392199,I Sharma,Royal Challengers Bangalore,2,0.8727272727272727,1.2,0.7333333333333333,1.0
392199,KP Appanna,Kolkata Knight Riders,1,0.8461538461538461,1.0,0.3333333333333333,0.0
392199,KP Pietersen,Kolkata Knight Riders,1,0.6923076923076923,1.25,1.0,1.0
392199,M Kartik,Royal Challengers Bangalore,0,0.7090909090909091,0.2,1.25,1.0
392199,P Kumar,Kolkata Knight Riders,1,0.8571428571428571,1.2,0.625,2.0
392199,Pankaj Singh,Kolkata Knight Riders,0,0.6470588235294118,0.4,0.0,2.0
392199,RE van der Merwe,Kolkata Knight Riders,1,1.1904761904761905,1.0,2.0,2.0
392199,SC Ganguly,Royal Challengers Bangalore,0,0.6,0.4,1.0,0.0
392200,DJ Bravo,Kings XI Punjab,2,1.3101265822784811,2.2,1.625,0.0
392200,Harbhajan Singh,Kings XI Punjab,1,1.00625,1.4,1.0909090909090908,0.0
392200,IK Pathan,Mumbai Indians,2,0.9801980198019802,1.4,1.2666666666666666,2.0
392200,JP Duminy,Kings XI Punjab,1,0.46938775510204084,1.0,1.0,1.0
392200,K Goel,Mumbai Indians,0,0.0,0.0,0.0,0.0
392200,PP Chawla,Mumbai Indians,1,1.0523560209424083,0.8,1.3333333333333333,0.0
392200,RR Powar,Mumbai Indians,1,0.5769230769230769,0.4,0.3333333333333333,0.0
392200,SL Malinga,Kings XI Punjab,2,1.540983606557377,2.75,1.9285714285714286,1.0
392200,SR Tendulkar,Kings XI Punjab,0,0.0,0.0,0.0,0.0
392200,ST Jayasuriya,Kings XI Punjab,1,0.7619047619047619,0.8,0.5,0.0
392200,VS Malik,Mumbai Indians,1,0.46153846153846156,0.6666666666666666,0.3333333333333333,0.0
392200,WA Mota,Mumbai Indians,0,0.5714285714285714,0.3333333333333333,0.0,1.0
392200,YA Abdulla,Mumbai Indians,2,1.3636363636363635,1.8,2.0,4.0
392200,Z Khan,Kings XI Punjab,1,1.202020202020202,1.0,1.2142857142857142,3.0
392201,A Mishra,Deccan Chargers,1,1.1296296296296295,1.6,1.8333333333333333,0.0
392201,A Nehra,Deccan Chargers,3,1.375,1.8,1.125,3.0
392201,DL Vettori,Deccan Chargers,1,1.0,2.0,0.5,0.0
392201,DP Nannes,Deccan Chargers,3,1.3103448275862069,1.2,1.0,4.0
392201,DR Smith,Delhi Daredevils,0,0.5869565217391305,0.4,0.4,0.0
392201,FH Edwards,Delhi Daredevils,0,1.0,0.8,0.0,2.0
392201,PJ Sangwan,Deccan Chargers,1,1.0476190476190477,1.2,1.3333333333333333,1.0
392201,PP Ojha,Delhi Daredevils,1,1.1,1.8,1.0833333333333333,1.0
392201,RG Sharma,Delhi Daredevils,0,0.5,0.5,0.25,0.0
392201,RP Singh,Delhi Daredevils,1,1.2195121951219512,2.2,1.0,2.0
392201,Shoaib Ahmed,Delhi Daredevils,2,0.7142857142857143,1.0,1.0,0.0
392201,TM Dilshan,Deccan Chargers,0,0.2,0.3333333333333333,0.0,0.0
392201,Y Venugopal Rao,Delhi Daredevils,0,0.35,0.6,0.0,2.0
392202,AD Mascarenhas,Chennai Super Kings,0,1.4615384615384615,1.2,0.0,2.0
392202,JA Morkel,Rajasthan Royals,2,1.103448275862069,1.6,1.4545454545454546,1.0
392202,JDP Oram,Rajasthan Royals,2,0.9285714285714286,1.8,1.0,0.0
392202,Kamran Khan,Chennai Super Kings,0,1.5555555555555556,2.0,0.0,0.0
392202,L Balaji,Rajasthan Royals,4,1.1643835616438356,2.0,1.0,0.0
392202,M Muralitharan,Rajasthan Royals,0,1.0151515151515151,1.4,0.6666666666666666,1.0
392202,MM Patel,Chennai Super Kings,2,1.3015873015873016,1.8,1.125,0.0
392202,S Tyagi,Rajasthan Royals,0,0.42857142857142855,0.0,0.0,2.0
392202,SK Raina,Rajasthan Royals,1,0.43478260869565216,1.25,0.75,0.0
392202,SK Trivedi,Chennai Super Kings,0,0.9733333333333334,0.8,0.45454545454545453,1.0
392202,SK Warne,Chennai Super Kings,1,1.1111111111111112,1.4,0.8888888888888888,0.0
392202,YK Pathan,Chennai Super Kings,2,0.5609756097560976,0.4,0.7333333333333333,1.0
392203,AB Agarkar,Mumbai Indians,1,0.7857142857142857,0.2,0.8571428571428571,1.0
392203,AB Dinda,Mumbai Indians,1,1.0933333333333333,1.0,1.1538461538461537,0.0
392203,AM Nayar,Kolkata Knight Riders,1,0.47368421052631576,1.0,2.0,0.0
392203,BJ Hodge,Mumbai Indians,1,0.9,1.6666666666666667,1.0,1.0
392203,CH Gayle,Mumbai Indians,1,0.5,0.2,0.2,0.0
392203,Harbhajan Singh,Kolkata Knight Riders,0,1.00625,0.6,0.8947368421052632,0.0
392203,I Sharma,Mumbai Indians,1,0.8727272727272727,1.4,1.1333333333333333,2.0
392203,LR Shukla,Mumbai Indians,0,0.6296296296296297,0.8,0.75,0.0
392203,M Kartik,Mumbai Indians,1,0.7090909090909091,0.2,1.0,0.0
392203,SL Malinga,Kolkata Knight Riders,1,1.540983606557377,2.4,1.3529411764705883,0.0
392203,ST Jayasuriya,Kolkata Knight Riders,0,0.7619047619047619,0.8,2.0,0.0
392203,Z Khan,Kolkata Knight Riders,3,1.202020202020202,1.2,1.4,1.0
392204,A Kumble,Kings XI Punjab,2,1.1666666666666667,1.0,0.6666666666666666,0.0
392204,IK Pathan,Royal Challengers Bangalore,2,0.9801980198019802,1.8,1.0769230769230769,0.0
392204,JD Ryder,Kings XI Punjab,1,0.6875,1.25,0.6,0.0
392204,JH Kallis,Kings XI Punjab,0,0.8314606741573034,0.4,0.9090909090909091,0.0
392204,KP Appanna,Kings XI Punjab,0,0.8461538461538461,0.6666666666666666,0.5,0.0
392204,P Kumar,Kings XI Punjab,2,0.8571428571428571,1.2,1.1,0.0
392204,PP Chawla,Royal Challengers Bangalore,0,1.0523560209424083,0.8,0.8260869565217391,2.0
392204,RE van der Merwe,Kings XI Punjab,2,1.1904761904761905,1.5,2.0,1.0
392204,RR Powar,Royal Challengers Bangalore,0,0.5769230769230769,0.2,0.0,0.0
392204,VS Malik,Royal Challengers Bangalore,0,0.46153846153846156,0.5,0.0,0.0
392204,YA Abdulla,Royal Challengers Bangalore,4,1.3636363636363635,2.6,2.6666666666666665,1.0
392204,Yuvraj Singh,Royal Challengers Bangalore,3,0.5342465753424658,1.0,0.42857142857142855,0.0
392205,AS Raut,Deccan Chargers,0,0.0,0.0,0.0,0.0
392205,DR Smith,Rajasthan Royals,0,0.5869565217391305,0.0,0.2,0.0
392205,MM Patel,Deccan Chargers,0,1.3015873015873016,1.4,0.875,1.0
392205,PP Ojha,Rajasthan Royals,1,1.1,1.6,0.8461538461538461,0.0
392205,RA Jadeja,Deccan Chargers,1,0.8009478672985783,0.4,1.6,0.0
392205,RG Sharma,Rajasthan Royals,0,0.5,0.4,1.3333333333333333,0.0
392205,RP Singh,Rajasthan Royals,2,1.2195121951219512,1.6,1.2727272727272727,1.0
392205,SK Trivedi,Deccan Chargers,1,0.9733333333333334,0.8,1.5555555555555556,1.0
392205,SK Warne,Deccan Chargers,0,1.1111111111111112,1.0,1.8571428571428572,2.0
392205,SM Harwood,Deccan Chargers,2,1.0,2.0,2.0,1.0
392205,Shoaib Ahmed,Rajasthan Royals,0,0.7142857142857143,0.6666666666666666,0.0,1.0
392205,Y Venugopal Rao,Rajasthan Royals,2,0.35,0.6,1.0,0.0
392205,YK Pathan,Deccan Chargers,1,0.5609756097560976,0.6,0.7777777777777778,1.0
392206,A Mishra,Chennai Super Kings,0,1.1296296296296295,1.4,0.875,0.0
392206,A Nehra,Chennai Super Kings,3,1.375,2.2,1.625,1.0
392206,DP Nannes,Chennai Super Kings,4,1.3103448275862069,2.0,2.25,0.0
392206,JA Morkel,Delhi Daredevils,1,1.103448275862069,1.0,0.9230769230769231,2.0
392206,JDP Oram,Delhi Daredevils,0,0.9285714285714286,1.2,0.0,0.0
392206,L Balaji,Delhi Daredevils,0,1.1643835616438356,2.0,1.3333333333333333,0.0
392206,M Muralitharan,Delhi Daredevils,1,1.0151515151515151,1.2,1.125,2.0
392206,PJ Sangwan,Chennai Super Kings,1,1.0476190476190477,1.4,1.4,2.0
392206,R Bhatia,Chennai Super Kings,2,0.9010989010989011,0.6,0.8461538461538461,0.0
392206,S Tyagi,Delhi Daredevils,2,0.42857142857142855,1.0,2.0,1.0
392206,SB Jakati,Delhi Daredevils,4,0.8771929824561403,4.0,1.1666666666666667,4.0
392206,SK Raina,Delhi Daredevils,0,0.43478260869565216,1.0,0.0,1.0
392206,TM Dilshan,Chennai Super Kings,0,0.2,0.25,0.5,0.0
392207,AB Agarkar,Kings XI Punjab,1,0.7857142857142857,0.4,0.8333333333333334,1.0
392207,AB Dinda,Kings XI Punjab,0,1.0933333333333333,0.8,0.75,0.0
392207,BJ Hodge,Kings XI Punjab,1,0.9,1.5,0.3333333333333333,0.0
392207,CH Gayle,Kings XI Punjab,0,0.5,0.2,0.5,0.0
392207,I Sharma,Kings XI Punjab,2,0.8727272727272727,1.6,0.5,0.0
392207,IK Pathan,Kolkata Knight Riders,0,0.9801980198019802,1.8,0.6923076923076923,1.0
392207,LR Shukla,Kings XI Punjab,0,0.6296296296296297,0.8,0.3333333333333333,1.0
392207,M Kartik,Kings XI Punjab,0,0.7090909090909091,0.2,0.6666666666666666,0.0
392207,PP Chawla,Kolkata Knight Riders,2,1.0523560209424083,1.2,1.0,2.0
392207,RR Powar,Kolkata Knight Riders,0,0.5769230769230769,0.2,0.25,1.0
392207,SC Ganguly,Kings XI Punjab,0,0.6,0.4,1.0,0.0
392207,VS Malik,Kolkata Knight Riders,0,0.46153846153846156,0.4,0.3333333333333333,0.0
392207,YA Abdulla,Kolkata Knight Riders,1,1.3636363636363635,2.8,0.5,0.0
392207,Yuvraj Singh,Kolkata Knight Riders,0,0.5342465753424658,0.6,0.3333333333333333,0.0
392208,A Kumble,Mumbai Indians,0,1.1666666666666667,1.0,0.5,1.0
392208,AM Nayar,Royal Challengers Bangalore,0,0.47368421052631576,1.0,0.0,0.0
392208,D du Preez,Mumbai Indians,3,2.0,3.0,3.0,1.0
392208,DJ Bravo,Royal Challengers Bangalore,0,1.3101265822784811,1.6,1.0434782608695652,1.0
392208,Harbhajan Singh,Royal Challengers Bangalore,0,1.00625,0.4,1.0869565217391304,0.0
392208,JH Kallis,Mumbai Indians,0,0.8314606741573034,0.4,0.7272727272727273,1.0
392208,P Kumar,Mumbai Indians,0,0.8571428571428571,0.8,0.8125,0.0
392208,R Vinay Kumar,Mumbai Indians,0,1.2211538461538463,0.0,1.1538461538461537,0.0
392208,RE van der Merwe,Mumbai Indians,1,1.1904761904761905,1.3333333333333333,0.75,0.0
392208,SL Malinga,Royal Challengers Bangalore,0,1.540983606557377,1.8,0.9375,2.0
392208,SR Tendulkar,Royal Challengers Bangalore,0,0.0,0.0,0.0,0.0
392208,ST Jayasuriya,Royal Challengers Bangalore,0,0.7619047619047619,0.8,0.3333333333333333,1.0
392208,Z Khan,Royal Challengers Bangalore,1,1.202020202020202,1.4,1.3,1.0
392209,DR Smith,Chennai Super Kings,0,0.5869565217391305,0.0,0.0,0.0
392209,JA Morkel,Deccan Chargers,2,1.103448275862069,1.2,1.3333333333333333,1.0
392209,L Balaji,Deccan Chargers,0,1.1643835616438356,1.6,1.0,1.0
392209,M Muralitharan,Deccan Chargers,2,1.0151515151515151,0.8,0.875,0.0
392209,PP Ojha,Chennai Super Kings,0,1.1,1.4,1.5333333333333334,1.0
392209,RG Sharma,Chennai Super Kings,0,0.5,0.2,0.4,4.0
392209,RJ Harris,Chennai Super Kings,0,1.2702702702702702,0.0,1.3333333333333333,0.0
392209,RP Singh,Chennai Super Kings,1,1.2195121951219512,1.4,0.9230769230769231,2.0
392209,S Tyagi,Deccan Chargers,1,0.42857142857142855,1.0,0.3333333333333333,0.0
392209,SB Jakati,Deccan Chargers,4,0.8771929824561403,4.0,1.8333333333333333,1.0
392209,SK Raina,Deccan Chargers,1,0.43478260869565216,1.2,1.1666666666666667,0.0
392209,Shoaib Ahmed,Chennai Super Kings,1,0.7142857142857143,0.75,0.5,0.0
392209,TL Suman,Chennai Super Kings,1,0.6363636363636364,1.0,0.5,2.0
392210,A Singh,Kings XI Punjab,3,1.3478260869565217,3.0,2.5,4.0
392210,IK Pathan,Rajasthan Royals,1,0.9801980198019802,1.4,1.0,1.0
392210,K Goel,Rajasthan Royals,0,0.0,0.0,0.0,0.0
392210,PP Chawla,Rajasthan Royals,2,1.0523560209424083,1.4,1.0909090909090908,1.0
392210,RA Jadeja,Kings XI Punjab,0,0.8009478672985783,0.4,0.7777777777777778,3.0
392210,RR Powar,Rajasthan Royals,1,0.5769230769230769,0.4,0.25,0.0
392210,S Sreesanth,Rajasthan Royals,0,0.9772727272727273,1.0,0.8333333333333334,1.0
392210,SK Trivedi,Kings XI Punjab,1,0.9733333333333334,0.6,1.1,1.0
392210,SK Warne,Kings XI Punjab,2,1.1111111111111112,1.0,1.1666666666666667,0.0
392210,SM Harwood,Kings XI Punjab,1,1.0,1.5,1.0,0.0
392210,YA Abdulla,Rajasthan Royals,0,1.3636363636363635,2.0,1.5,0.0
392210,YK Pathan,Kings XI Punjab,1,0.5609756097560976,0.8,0.6,0.0
392210,Yuvraj Singh,Rajasthan Royals,0,0.5342465753424658,0.6,0.6666666666666666,0.0
392211,A Mishra,Kolkata Knight Riders,0,1.1296296296296295,1.0,1.0,0.0
392211,A Nehra,Kolkata Knight Riders,1,1.375,2.2,0.8,2.0
392211,AB Agarkar,Delhi Daredevils,1,0.7857142857142857,0.6,0.5,0.0
392211,AB Dinda,Delhi Daredevils,0,1.0933333333333333,0.4,1.4,1.0
392211,BJ Hodge,Delhi Daredevils,0,0.9,1.2,0.0,0.0
392211,DP Nannes,Kolkata Knight Riders,0,1.3103448275862069,1.6,0.75,3.0
392211,I Sharma,Delhi Daredevils,0,0.8727272727272727,1.2,1.0,2.0
392211,M Kartik,Delhi Daredevils,0,0.7090909090909091,0.2,0.16666666666666666,0.0
392211,MC Henriques,Delhi Daredevils,0,0.7666666666666667,0.3333333333333333,0.6666666666666666,1.0
392211,PJ Sangwan,Kolkata Knight Riders,2,1.0476190476190477,1.2,1.25,1.0
392211,R Bhatia,Kolkata Knight Riders,0,0.9010989010989011,0.4,0.7142857142857143,4.0
392212,DJ Bravo,Deccan Chargers,1,1.3101265822784811,1.6,1.25,0.0
392212,DR Smith,Mumbai Indians,0,0.5869565217391305,0.0,0.6,0.0
392212,DS Kulkarni,Deccan Chargers,1,0.9891304347826086,0.8,1.0,0.0
392212,Harbhajan Singh,Deccan Chargers,0,1.00625,0.2,1.25,1.0
392212,Harmeet Singh,Mumbai Indians,0,1.1071428571428572,0.5,0.0,0.0
392212,RG Sharma,Mumbai Indians,4,0.5,1.0,1.0,2.0
392212,RJ Harris,Mumbai Indians,0,1.2702702702702702,0.0,1.0,0.0
392212,RP Singh,Mumbai Indians,2,1.2195121951219512,1.4,1.75,0.0
392212,RR Raje,Deccan Chargers,1,0.7,1.0,0.5,0.0
392212,SL Malinga,Deccan Chargers,2,1.540983606557377,1.6,2.5,1.0
392212,ST Jayasuriya,Deccan Chargers,1,0.7619047619047619,0.6,0.5,0.0
392212,Shoaib Ahmed,Mumbai Indians,0,0.7142857142857143,0.6,0.0,2.0
392212,TL Suman,Mumbai Indians,2,0.6363636363636364,1.5,2.0,2.0
392213,A Kumble,Rajasthan Royals,1,1.1666666666666667,1.0,2.0,0.0
392213,A Singh,Royal Challengers Bangalore,4,1.3478260869565217,3.5,3.0,1.0
392213,AS Raut,Royal Challengers Bangalore,0,0.0,0.0,0.0,0.0
392213,JH Kallis,Rajasthan Royals,1,0.8314606741573034,0.6,0.6363636363636364,0.0
392213,M Morkel,Royal Challengers Bangalore,1,1.2571428571428571,1.0,1.0909090909090908,0.0
392213,MM Patel,Royal Challengers Bangalore,1,1.3015873015873016,1.4,1.2222222222222223,0.0
392213,P Kumar,Rajasthan Royals,0,0.8571428571428571,0.6,0.8333333333333334,3.0
392213,R Vinay Kumar,Rajasthan Royals,0,1.2211538461538463,0.0,1.0714285714285714,1.0
392213,RA Jadeja,Royal Challengers Bangalore,3,0.8009478672985783,0.8,1.037037037037037,0.0
392213,RE van der Merwe,Rajasthan Royals,0,1.1904761904761905,1.0,0.5,1.0
392213,SK Warne,Royal Challengers Bangalore,0,1.1111111111111112,1.0,1.2857142857142858,1.0
392214,IK Pathan,Chennai Super Kings,1,0.9801980198019802,1.2,1.0769230769230769,1.0
392214,JA Morkel,Kings XI Punjab,1,1.103448275862069,1.2,1.2727272727272727,1.0
392214,K Goel,Chennai Super Kings,0,0.0,0.0,0.0,0.0
392214,L Balaji,Kings XI Punjab,1,1.1643835616438356,1.2,1.2222222222222223,1.0
392214,M Muralitharan,Kings XI Punjab,0,1.0151515151515151,0.8,1.4285714285714286,2.0
392214,MS Gony,Kings XI Punjab,0,0.8863636363636364,0.8,0.75,0.0
392214,PP Chawla,Chennai Super Kings,1,1.0523560209424083,1.2,1.0,1.0
392214,S Sreesanth,Chennai Super Kings,1,0.9772727272727273,0.8,1.0,1.0
392214,S Tyagi,Kings XI Punjab,0,0.42857142857142855,0.75,0.0,0.0
392214,SB Jakati,Kings XI Punjab,1,0.8771929824561403,3.0,0.25,2.0
392214,SK Raina,Kings XI Punjab,0,0.43478260869565216,0.8,0.3333333333333333,1.0
392214,VRV Singh,Chennai Super Kings,0,0.8888888888888888,0.2,0.25,0.0
392214,YA Abdulla,Chennai Super Kings,0,1.3636363636363635,1.4,0.0,1.0
392215,A Mishra,Mumbai Indians,0,1.1296296296296295,0.8,1.1363636363636365,3.0
392215,A Nehra,Mumbai Indians,2,1.375,2.0,1.8181818181818181,2.0
392215,DJ Bravo,Delhi Daredevils,0,1.3101265822784811,1.0,0.8571428571428571,1.0
392215,DP Nannes,Mumbai Indians,3,1.3103448275862069,2.0,1.8,2.0
392215,DS Kulkarni,Delhi Daredevils,0,0.9891304347826086,0.8,0.9285714285714286,1.0
392215,Harbhajan Singh,Delhi Daredevils,1,1.00625,0.4,1.1578947368421053,3.0
392215,JP Duminy,Delhi Daredevils,1,0.46938775510204084,1.0,0.25,2.0
392215,PJ Sangwan,Mumbai Indians,1,1.0476190476190477,1.2,1.5,1.0
392215,R Bhatia,Mumbai Indians,4,0.9010989010989011,1.2,1.1666666666666667,0.0
392215,RR Raje,Delhi Daredevils,0,0.7,0.6,0.0,0.0
392215,SL Malinga,Delhi Daredevils,1,1.540983606557377,1.2,1.8333333333333333,1.0
392216,A Symonds,Kings XI Punjab,0,0.7666666666666667,0.0,0.8,0.0
392216,B Lee,Deccan Chargers,1,0.7894736842105263,1.2,1.0,1.0
392216,IK Pathan,Deccan Chargers,1,0.9801980198019802,1.0,1.0,0.0
392216,PP Chawla,Deccan Chargers,1,1.0523560209424083,1.2,0.8,1.0
392216,PP Ojha,Kings XI Punjab,1,1.1,1.0,1.0,3.0
392216,RG Sharma,Kings XI Punjab,2,0.5,1.2,0.5714285714285714,4.0
392216,RJ Harris,Kings XI Punjab,0,1.2702702702702702,0.0,0.3333333333333333,2.0
392216,RP Singh,Kings XI Punjab,0,1.2195121951219512,1.2,1.0,1.0
392216,S Sreesanth,Deccan Chargers,1,0.9772727272727273,0.8,0.8333333333333334,0.0
392216,Shoaib Ahmed,Kings XI Punjab,2,0.7142857142857143,1.0,2.0,0.0
392216,TL Suman,Kings XI Punjab,2,0.6363636363636364,1.6666666666666667,0.75,1.0
392216,WA Mota,Deccan Chargers,1,0.5714285714285714,0.5,0.5,1.0
392216,Y Venugopal Rao,Kings XI Punjab,0,0.35,0.6,0.2,1.0
392216,Yuvraj Singh,Deccan Chargers,0,0.5342465753424658,0.6,1.4285714285714286,0.0
392217,A Singh,Chennai Super Kings,1,1.3478260869565217,2.6666666666666665,0.6666666666666666,0.0
392217,JA Morkel,Rajasthan Royals,1,1.103448275862069,1.4,1.4545454545454546,2.0
392217,JDP Oram,Rajasthan Royals,0,0.9285714285714286,0.8,1.0,2.0
392217,L Balaji,Rajasthan Royals,1,1.1643835616438356,1.2,1.0,2.0
392217,M Muralitharan,Rajasthan Royals,2,1.0151515151515151,1.0,0.6666666666666666,1.0
392217,RA Jadeja,Chennai Super Kings,0,0.8009478672985783,0.8,0.6666666666666666,2.0
392217,S Tyagi,Rajasthan Royals,0,0.42857142857142855,0.6,0.0,1.0
392217,SB Jakati,Rajasthan Royals,2,0.8771929824561403,2.75,1.1666666666666667,0.0
392217,SK Raina,Rajasthan Royals,1,0.43478260869565216,0.6,0.75,1.0
392217,SK Trivedi,Chennai Super Kings,1,0.9733333333333334,0.6,0.45454545454545453,1.0
392217,SK Warne,Chennai Super Kings,1,1.1111111111111112,0.8,0.8888888888888888,1.0
392217,YK Pathan,Chennai Super Kings,0,0.5609756097560976,0.8,0.7333333333333333,3.0
392218,A Kumble,Mumbai Indians,0,1.1666666666666667,1.0,0.5,1.0
392218,A Mithun,Mumbai Indians,0,0.5,0.0,0.0,1.0
392218,C Nanda,Royal Challengers Bangalore,1,0.6666666666666666,1.0,1.0,1.0
392218,DJ Bravo,Royal Challengers Bangalore,1,1.3101265822784811,0.8,1.0434782608695652,2.0
392218,DS Kulkarni,Royal Challengers Bangalore,1,0.9891304347826086,0.4,1.1538461538461537,1.0
392218,Harbhajan Singh,Royal Challengers Bangalore,3,1.00625,0.8,1.0869565217391304,1.0
392218,JH Kallis,Mumbai Indians,0,0.8314606741573034,0.2,0.7272727272727273,0.0
392218,KP Appanna,Mumbai Indians,0,0.8461538461538461,0.5,0.0,0.0
392218,R Vinay Kumar,Mumbai Indians,1,1.2211538461538463,0.2,1.1538461538461537,2.0
392218,RE van der Merwe,Mumbai Indians,1,1.1904761904761905,1.0,0.75,1.0
392218,SL Malinga,Royal Challengers Bangalore,1,1.540983606557377,1.0,0.9375,2.0
392219,A Mishra,Kolkata Knight Riders,3,1.1296296296296295,0.8,1.0,0.0
392219,A Nehra,Kolkata Knight Riders,2,1.375,2.2,0.8,2.0
392219,AB Agarkar,Delhi Daredevils,0,0.7857142857142857,0.6,0.5,1.0
392219,BJ Hodge,Delhi Daredevils,0,0.9,1.0,0.0,1.0
392219,DP Nannes,Kolkata Knight Riders,2,1.3103448275862069,2.4,0.75,1.0
392219,I Sharma,Delhi Daredevils,2,0.8727272727272727,1.4,1.0,0.0
392219,M Kartik,Delhi Daredevils,0,0.7090909090909091,0.2,0.16666666666666666,2.0
392219,MC Henriques,Delhi Daredevils,1,0.7666666666666667,0.5,0.6666666666666666,1.0
392219,PJ Sangwan,Kolkata Knight Riders,1,1.0476190476190477,1.2,1.25,3.0
392219,R Bhatia,Kolkata Knight Riders,0,0.9010989010989011,1.2,0.7142857142857143,4.0
392219,SS Sarkar,Delhi Daredevils,0,0.5,0.0,0.0,1.0
392219,TM Dilshan,Kolkata Knight Riders,0,0.2,0.2,0.0,0.0
392220,A Symonds,Rajasthan Royals,0,0.7666666666666667,0.0,0.25,1.0
392220,AS Raut,Deccan Chargers,0,0.0,0.0,0.0,0.0
392220,DR Smith,Rajasthan Royals,0,0.5869565217391305,0.0,0.2,1.0
392220,M Morkel,Deccan Chargers,0,1.2571428571428571,0.5,1.0,0.0
392220,MM Patel,Deccan Chargers,0,1.3015873015873016,1.0,0.875,4.0
392220,PP Ojha,Rajasthan Royals,3,1.1,1.2,0.8461538461538461,2.0
392220,RA Jadeja,Deccan Chargers,2,0.8009478672985783,1.2,1.6,0.0
392220,RG Sharma,Rajasthan Royals,4,0.5,2.0,1.3333333333333333,1.0
392220,RP Singh,Rajasthan Royals,1,1.2195121951219512,1.2,1.2727272727272727,0.0
392220,SK Trivedi,Deccan Chargers,1,0.9733333333333334,0.8,1.5555555555555556,2.0
392220,SK Warne,Deccan Chargers,1,1.1111111111111112,0.8,1.8571428571428572,3.0
392220,WPUJC Vaas,Rajasthan Royals,2,1.6923076923076923,1.2,1.0,3.0
392220,YK Pathan,Deccan Chargers,3,0.5609756097560976,1.4,0.7777777777777778,0.0
392221,A Kumble,Kolkata Knight Riders,1,1.1666666666666667,0.8,1.0,2.0
392221,AB Agarkar,Royal Challengers Bangalore,1,0.7857142857142857,0.8,1.0,1.0
392221,AD Mathews,Royal Challengers Bangalore,0,0.6363636363636364,0.0,1.0,1.0
392221,B Akhil,Kolkata Knight Riders,1,0.5384615384615384,0.6,1.0,0.0
392221,BAW Mendis,Royal Challengers Bangalore,1,0.9,1.25,0.3333333333333333,0.0
392221,DJ Hussey,Royal Challengers Bangalore,0,0.38461538461538464,0.4,0.6666666666666666,0.0
392221,I Sharma,Royal Challengers Bangalore,0,0.8727272727272727,1.0,0.7333333333333333,0.0
392221,JD Ryder,Kolkata Knight Riders,0,0.6875,1.0,0.0,1.0
392221,JH Kallis,Kolkata Knight Riders,0,0.8314606741573034,0.2,1.0,2.0
392221,KP Appanna,Kolkata Knight Riders,0,0.8461538461538461,0.4,0.3333333333333333,2.0
392221,M Kartik,Royal Challengers Bangalore,2,0.7090909090909091,0.6,1.25,1.0
392221,R Vinay Kumar,Kolkata Knight Riders,2,1.2211538461538463,0.6,2.0,2.0
392222,B Lee,Mumbai Indians,1,0.7894736842105263,1.2,0.5714285714285714,3.0
392222,DJ Bravo,Kings XI Punjab,2,1.3101265822784811,0.8,1.625,1.0
392222,DS Kulkarni,Kings XI Punjab,1,0.9891304347826086,0.6,1.0909090909090908,0.0
392222,Harbhajan Singh,Kings XI Punjab,1,1.00625,1.0,1.0909090909090908,1.0
392222,IK Pathan,Mumbai Indians,0,0.9801980198019802,0.6,1.2666666666666666,3.0
392222,JP Duminy,Kings XI Punjab,2,0.46938775510204084,1.3333333333333333,1.0,0.0
392222,K Goel,Mumbai Indians,0,0.0,0.0,0.0,0.0
392222,PP Chawla,Mumbai Indians,1,1.0523560209424083,1.4,1.3333333333333333,0.0
392222,S Sreesanth,Mumbai Indians,0,0.9772727272727273,0.4,1.3333333333333333,2.0
392222,SL Malinga,Kings XI Punjab,2,1.540983606557377,1.2,1.9285714285714286,1.0
392222,ST Jayasuriya,Kings XI Punjab,0,0.7619047619047619,0.4,0.5,3.0
392222,Yuvraj Singh,Mumbai Indians,0,0.5342465753424658,0.6,0.6,0.0
392223,A Mishra,Deccan Chargers,0,1.1296296296296295,0.6,1.8333333333333333,3.0
392223,A Nehra,Deccan Chargers,2,1.375,2.0,1.125,1.0
392223,A Symonds,Delhi Daredevils,1,0.7666666666666667,0.2,0.8333333333333334,2.0
392223,DP Nannes,Deccan Chargers,1,1.3103448275862069,2.0,1.0,1.0
392223,DR Smith,Delhi Daredevils,1,0.5869565217391305,0.2,0.4,1.0
392223,PJ Sangwan,Deccan Chargers,3,1.0476190476190477,1.6,1.3333333333333333,1.0
392223,PP Ojha,Delhi Daredevils,2,1.1,1.4,1.0833333333333333,0.0
392223,R Bhatia,Deccan Chargers,4,0.9010989010989011,2.0,2.1666666666666665,0.0
392223,RP Singh,Delhi Daredevils,0,1.2195121951219512,0.8,1.0,0.0
392223,TM Dilshan,Deccan Chargers,0,0.2,0.0,0.0,0.0
392223,WPUJC Vaas,Delhi Daredevils,3,1.6923076923076923,1.8,1.5,2.0
392224,A Kumble,Chennai Super Kings,2,1.1666666666666667,0.8,1.1666666666666667,2.0
392224,B Akhil,Chennai Super Kings,0,0.5384615384615384,0.6,0.0,0.0
392224,JA Morkel,Royal Challengers Bangalore,2,1.103448275862069,1.4,1.25,3.0
392224,JDP Oram,Royal Challengers Bangalore,2,0.9285714285714286,0.8,1.0,0.0
392224,JH Kallis,Chennai Super Kings,2,0.8314606741573034,0.6,0.7333333333333333,1.0
392224,L Balaji,Royal Challengers Bangalore,2,1.1643835616438356,0.8,1.5,0.0
392224,M Muralitharan,Royal Challengers Bangalore,1,1.0151515151515151,1.2,1.4285714285714286,0.0
392224,P Kumar,Chennai Super Kings,3,0.8571428571428571,1.2,1.1333333333333333,3.0
392224,R Vinay Kumar,Chennai Super Kings,2,1.2211538461538463,1.0,1.0588235294117647,2.0
392224,RE van der Merwe,Chennai Super Kings,1,1.1904761904761905,1.0,0.8,1.0
392224,S Tyagi,Royal Challengers Bangalore,1,0.42857142857142855,0.8,0.5,1.0
392224,SB Jakati,Royal Challengers Bangalore,0,0.8771929824561403,2.2,0.8888888888888888,0.0
392225,C Nanda,Rajasthan Royals,1,0.6666666666666666,1.0,1.0,0.0
392225,DJ Bravo,Rajasthan Royals,1,1.3101265822784811,1.0,1.3076923076923077,1.0
392225,DS Kulkarni,Rajasthan Royals,0,0.9891304347826086,0.6,1.3333333333333333,1.0
392225,Harbhajan Singh,Rajasthan Royals,1,1.00625,1.2,1.0,0.0
392225,J Botha,Mumbai Indians,1,0.7941176470588235,1.0,1.0,1.0
392225,JP Duminy,Rajasthan Royals,0,0.46938775510204084,1.0,0.3333333333333333,0.0
392225,MM Patel,Mumbai Indians,4,1.3015873015873016,1.4,1.6666666666666667,2.0
392225,RA Jadeja,Mumbai Indians,0,0.8009478672985783,1.0,0.6451612903225806,0.0
392225,SK Trivedi,Mumbai Indians,2,0.9733333333333334,1.2,0.7,0.0
392225,SK Warne,Mumbai Indians,3,1.1111111111111112,1.4,1.0,0.0
392225,SL Malinga,Rajasthan Royals,1,1.540983606557377,1.4,0.9230769230769231,1.0
392225,ST Jayasuriya,Rajasthan Royals,3,0.7619047619047619,0.8,0.6,0.0
392225,YK Pathan,Mumbai Indians,0,0.5609756097560976,1.0,0.0,0.0
392226,A Nehra,Kings XI Punjab,1,1.375,1.6,1.1428571428571428,1.0
392226,B Lee,Delhi Daredevils,3,0.7894736842105263,1.6,1.4285714285714286,1.0
392226,DL Vettori,Kings XI Punjab,0,1.0,1.0,1.1666666666666667,0.0
392226,IK Pathan,Delhi Daredevils,3,0.9801980198019802,1.2,1.25,2.0
392226,MF Maharoof,Kings XI Punjab,2,1.65,2.0,1.0,2.0
392226,PJ Sangwan,Kings XI Punjab,1,1.0476190476190477,1.6,0.6666666666666666,3.0
392226,PP Chawla,Delhi Daredevils,0,1.0523560209424083,1.0,1.105263157894737,0.0
392226,R Bhatia,Kings XI Punjab,0,0.9010989010989011,1.6,0.7272727272727273,1.0
392226,RR Powar,Delhi Daredevils,0,0.5769230769230769,0.4,0.8,2.0
392226,S Sreesanth,Delhi Daredevils,2,0.9772727272727273,0.8,1.1428571428571428,0.0
392226,TM Dilshan,Kings XI Punjab,0,0.2,0.0,0.5,0.0
392226,WA Mota,Delhi Daredevils,1,0.5714285714285714,0.6,1.0,0.0
392226,Yuvraj Singh,Delhi Daredevils,0,0.5342465753424658,0.0,0.5714285714285714,3.0
392227,DJ Bravo,Chennai Super Kings,1,1.3101265822784811,1.0,0.8333333333333334,2.0
392227,DS Kulkarni,Chennai Super Kings,1,0.9891304347826086,0.6,1.25,1.0
392227,Harbhajan Singh,Chennai Super Kings,0,1.00625,1.2,1.1428571428571428,4.0
392227,JA Morkel,Mumbai Indians,3,1.103448275862069,1.8,1.0909090909090908,0.0
392227,JP Duminy,Chennai Super Kings,0,0.46938775510204084,0.8,0.25,0.0
392227,L Balaji,Mumbai Indians,0,1.1643835616438356,0.8,0.5555555555555556,0.0
392227,M Muralitharan,Mumbai Indians,0,1.0151515151515151,1.0,1.0,2.0
392227,S Tyagi,Mumbai Indians,1,0.42857142857142855,0.6,1.0,0.0
392227,SB Jakati,Mumbai Indians,0,0.8771929824561403,1.4,0.8888888888888888,1.0
392227,SK Raina,Mumbai Indians,1,0.43478260869565216,0.6,0.5714285714285714,0.0
392227,SL Malinga,Chennai Super Kings,1,1.540983606557377,1.2,1.7619047619047619,1.0
392228,A Symonds,Kolkata Knight Riders,2,0.7666666666666667,0.6,1.0,2.0
392228,AB Agarkar,Deccan Chargers,1,0.7857142857142857,0.8,1.0,0.0
392228,BJ Hodge,Deccan Chargers,1,0.9,0.6,1.0,0.0
392228,DJ Hussey,Deccan Chargers,0,0.38461538461538464,0.4,0.75,1.0
392228,Harmeet Singh,Kolkata Knight Riders,0,1.1071428571428572,0.4,0.5,0.0
392228,I Sharma,Deccan Chargers,0,0.8727272727272727,0.8,0.4,1.0
392228,M Kartik,Deccan Chargers,1,0.7090909090909091,0.6,1.0,1.0
392228,PP Ojha,Kolkata Knight Riders,0,1.1,1.2,0.8571428571428571,0.0
392228,RG Sharma,Kolkata Knight Riders,1,0.5,2.2,0.25,0.0
392228,RJ Harris,Kolkata Knight Riders,2,1.2702702702702702,0.5,1.0,0.0
392228,RP Singh,Kolkata Knight Riders,0,1.2195121951219512,0.6,2.0,3.0
392229,A Symonds,Kings XI Punjab,2,0.7666666666666667,1.0,0.8,1.0
392229,B Lee,Deccan Chargers,1,0.7894736842105263,1.4,1.0,0.0
392229,IK Pathan,Deccan Chargers,2,0.9801980198019802,1.4,1.0,3.0
392229,PP Chawla,Deccan Chargers,0,1.0523560209424083,0.6,0.8,1.0
392229,PP Ojha,Kings XI Punjab,0,1.1,1.2,1.0,2.0
392229,RG Sharma,Kings XI Punjab,0,0.5,2.2,0.5714285714285714,0.0
392229,RJ Harris,Kings XI Punjab,0,1.2702702702702702,0.4,0.3333333333333333,0.0
392229,RP Singh,Kings XI Punjab,3,1.2195121951219512,0.8,1.0,1.0
392229,RR Powar,Deccan Chargers,2,0.5769230769230769,0.6,1.0,2.0
392229,S Sreesanth,Deccan Chargers,0,0.9772727272727273,0.8,0.8333333333333334,2.0
392229,TL Suman,Kings XI Punjab,1,0.6363636363636364,1.5,0.75,0.0
392229,WA Mota,Deccan Chargers,0,0.5714285714285714,0.4,0.5,1.0
392229,Y Venugopal Rao,Kings XI Punjab,1,0.35,0.8,0.2,0.0
392229,Yuvraj Singh,Deccan Chargers,3,0.5342465753424658,0.6,1.4285714285714286,0.0
392230,A Mishra,Rajasthan Royals,3,1.1296296296296295,1.2,1.619047619047619,0.0
392230,A Nehra,Rajasthan Royals,1,1.375,1.6,1.2222222222222223,1.0
392230,A Singh,Delhi Daredevils,0,1.3478260869565217,2.0,0.75,1.0
392230,AM Salvi,Rajasthan Royals,2,1.0,1.0,2.0,0.0
392230,AS Raut,Delhi Daredevils,0,0.0,0.0,0.0,0.0
392230,DP Nannes,Rajasthan Royals,1,1.3103448275862069,1.4,1.0,3.0
392230,J Botha,Delhi Daredevils,1,0.7941176470588235,1.0,0.3333333333333333,3.0
392230,MF Maharoof,Rajasthan Royals,2,1.65,2.4,2.3333333333333335,0.0
392230,MM Patel,Delhi Daredevils,2,1.3015873015873016,1.4,1.1,2.0
392230,RA Jadeja,Delhi Daredevils,0,0.8009478672985783,1.0,0.7058823529411765,0.0
392230,SK Trivedi,Delhi Daredevils,0,0.9733333333333334,1.0,0.625,1.0
392230,SK Warne,Delhi Daredevils,0,1.1111111111111112,1.0,1.0,0.0
392230,TM Dilshan,Rajasthan Royals,0,0.2,0.0,0.0,0.0
392230,YK Pathan,Delhi Daredevils,0,0.5609756097560976,0.8,0.125,0.0
392231,AB Agarkar,Chennai Super Kings,0,0.7857142857142857,0.6,0.3333333333333333,3.0
392231,AB Dinda,Chennai Super Kings,1,1.0933333333333333,0.4,0.5714285714285714,1.0
392231,Anureet Singh,Chennai Super Kings,0,0.9545454545454546,1.0,0.3333333333333333,3.0
392231,BAW Mendis,Chennai Super Kings,0,0.9,1.0,0.0,2.0
392231,BJ Hodge,Chennai Super Kings,0,0.9,0.4,0.6666666666666666,0.0
392231,DJ Hussey,Chennai Super Kings,1,0.38461538461538464,0.6,0.3333333333333333,0.0
392231,JA Morkel,Kolkata Knight Riders,0,1.103448275862069,1.4,0.6666666666666666,1.0
392231,L Balaji,Kolkata Knight Riders,0,1.1643835616438356,0.8,1.0,0.0
392231,M Kartik,Chennai Super Kings,1,0.7090909090909091,0.8,0.3333333333333333,1.0
392231,M Muralitharan,Kolkata Knight Riders,2,1.0151515151515151,1.0,0.7,2.0
392231,S Tyagi,Kolkata Knight Riders,0,0.42857142857142855,0.4,0.0,0.0
392231,SB Jakati,Kolkata Knight Riders,1,0.8771929824561403,0.8,0.6666666666666666,1.0
392231,SK Raina,Kolkata Knight Riders,0,0.43478260869565216,0.6,0.4,2.0
392232,A Kumble,Delhi Daredevils,2,1.1666666666666667,1.2,1.0,2.0
392232,A Nehra,Royal Challengers Bangalore,1,1.375,1.4,1.8461538461538463,1.0
392232,AB McDonald,Royal Challengers Bangalore,0,1.4,0.0,2.0,4.0
392232,AM Salvi,Royal Challengers Bangalore,0,1.0,0.75,0.0,1.0
392232,B Akhil,Delhi Daredevils,0,0.5384615384615384,0.4,0.5,2.0
392232,DL Vettori,Royal Challengers Bangalore,0,1.0,0.4,0.75,1.0
392232,JH Kallis,Delhi Daredevils,1,0.8314606741573034,0.8,0.8571428571428571,0.0
392232,MF Maharoof,Royal Challengers Bangalore,0,1.65,1.6,1.6666666666666667,3.0
392232,P Kumar,Delhi Daredevils,3,0.8571428571428571,1.6,0.8571428571428571,1.0
392232,RE van der Merwe,Delhi Daredevils,1,1.1904761904761905,0.8,1.0,1.0
392232,V Kohli,Delhi Daredevils,0,0.19230769230769232,0.4,0.0,0.0
392232,Y Nagar,Royal Challengers Bangalore,2,0.5,2.0,1.5,1.0
392233,A Singh,Kolkata Knight Riders,1,1.3478260869565217,1.8,1.2,3.0
392233,AB Agarkar,Rajasthan Royals,3,0.7857142857142857,1.0,0.6666666666666666,2.0
392233,AB Dinda,Rajasthan Royals,1,1.0933333333333333,0.6,0.7777777777777778,2.0
392233,BJ Hodge,Rajasthan Royals,0,0.9,0.2,1.6666666666666667,1.0
392233,CK Langeveldt,Rajasthan Royals,3,1.8571428571428572,3.0,2.0,2.0
392233,J Botha,Kolkata Knight Riders,3,0.7941176470588235,1.6666666666666667,1.2,0.0
392233,LR Shukla,Rajasthan Royals,1,0.6296296296296297,1.0,0.8,1.0
392233,MM Patel,Kolkata Knight Riders,2,1.3015873015873016,1.8,1.5,1.0
392233,RA Jadeja,Kolkata Knight Riders,0,0.8009478672985783,0.4,0.8148148148148148,1.0
392233,SK Warne,Kolkata Knight Riders,0,1.1111111111111112,1.0,0.5,0.0
392234,B Lee,Chennai Super Kings,0,0.7894736842105263,1.2,0.4,0.0
392234,IK Pathan,Chennai Super Kings,3,0.9801980198019802,1.8,1.0769230769230769,1.0
392234,L Balaji,Kings XI Punjab,0,1.1643835616438356,0.6,1.2222222222222223,0.0
392234,M Muralitharan,Kings XI Punjab,2,1.0151515151515151,1.4,1.4285714285714286,1.0
392234,MS Gony,Kings XI Punjab,0,0.8863636363636364,0.4,0.75,1.0
392234,PP Chawla,Chennai Super Kings,1,1.0523560209424083,0.6,1.0,1.0
392234,R Ashwin,Kings XI Punjab,2,0.9519230769230769,2.0,1.1764705882352942,2.0
392234,RR Powar,Chennai Super Kings,2,0.5769230769230769,1.0,1.0,0.0
392234,S Sreesanth,Chennai Super Kings,2,0.9772727272727273,1.0,1.0,2.0
392234,SK Raina,Kings XI Punjab,2,0.43478260869565216,0.8,0.3333333333333333,0.0
392234,T Thushara,Kings XI Punjab,2,1.6666666666666667,1.5,2.0,4.0
392235,A Mishra,Mumbai Indians,0,1.1296296296296295,1.2,1.1363636363636365,3.0
392235,AM Nayar,Delhi Daredevils,0,0.47368421052631576,0.8,0.6666666666666666,1.0
392235,AM Salvi,Mumbai Indians,1,1.0,0.8,1.0,1.0
392235,DP Nannes,Mumbai Indians,3,1.3103448275862069,2.0,1.8,0.0
392235,DS Kulkarni,Delhi Daredevils,1,0.9891304347826086,0.8,0.9285714285714286,1.0
392235,Harbhajan Singh,Delhi Daredevils,4,1.00625,1.8,1.1578947368421053,2.0
392235,JP Duminy,Delhi Daredevils,0,0.46938775510204084,0.6,0.25,1.0
392235,PJ Sangwan,Mumbai Indians,3,1.0476190476190477,1.8,1.5,0.0
392235,R Bhatia,Mumbai Indians,1,0.9010989010989011,1.8,1.1666666666666667,0.0
392235,SL Malinga,Delhi Daredevils,1,1.540983606557377,1.2,1.8333333333333333,3.0
392235,ST Jayasuriya,Delhi Daredevils,0,0.7619047619047619,0.8,0.75,0.0
392236,A Kumble,Deccan Chargers,2,1.1666666666666667,1.4,1.625,0.0
392236,A Symonds,Royal Challengers Bangalore,1,0.7666666666666667,1.2,1.0,1.0
392236,B Akhil,Deccan Chargers,2,0.5384615384615384,0.8,0.6666666666666666,0.0
392236,JH Kallis,Deccan Chargers,0,0.8314606741573034,0.6,0.4,1.0
392236,Jaskaran Singh,Royal Challengers Bangalore,0,0.8571428571428571,0.0,0.0,1.0
392236,P Kumar,Deccan Chargers,1,0.8571428571428571,1.4,1.2,1.0
392236,PP Ojha,Royal Challengers Bangalore,2,1.1,1.4,1.4444444444444444,0.0
392236,RE van der Merwe,Deccan Chargers,1,1.1904761904761905,0.8,0.5,1.0
392236,RJ Harris,Royal Challengers Bangalore,0,1.2702702702702702,0.4,1.625,3.0
392236,RP Singh,Royal Challengers Bangalore,1,1.2195121951219512,1.0,1.0,4.0
392236,TL Suman,Royal Challengers Bangalore,0,0.6363636363636364,1.2,0.5,0.0
392236,V Kohli,Deccan Chargers,0,0.19230769230769232,0.0,0.6666666666666666,0.0
392237,A Mishra,Deccan Chargers,3,1.1296296296296295,1.8,1.8333333333333333,1.0
392237,A Nehra,Deccan Chargers,1,1.375,1.2,1.125,0.0
392237,A Symonds,Delhi Daredevils,1,0.7666666666666667,1.4,0.8333333333333334,2.0
392237,DP Nannes,Deccan Chargers,0,1.3103448275862069,1.4,1.0,2.0
392237,Harmeet Singh,Delhi Daredevils,0,1.1071428571428572,0.2,1.4,2.0
392237,PJ Sangwan,Deccan Chargers,0,1.0476190476190477,1.6,1.3333333333333333,1.0
392237,PP Ojha,Delhi Daredevils,0,1.1,0.8,1.0833333333333333,3.0
392237,RG Sharma,Delhi Daredevils,0,0.5,1.4,0.25,0.0
392237,RJ Harris,Delhi Daredevils,3,1.2702702702702702,1.0,1.5,1.0
392237,RP Singh,Delhi Daredevils,4,1.2195121951219512,1.6,1.0,1.0
392237,TM Dilshan,Deccan Chargers,0,0.2,0.0,0.0,1.0
392237,V Sehwag,Deccan Chargers,0,0.4,0.2,0.0,1.0
392238,A Kumble,Chennai Super Kings,0,1.1666666666666667,1.4,1.1666666666666667,4.0
392238,JA Morkel,Royal Challengers Bangalore,1,1.103448275862069,1.4,1.25,1.0
392238,JDP Oram,Royal Challengers Bangalore,0,0.9285714285714286,0.8,1.0,0.0
392238,JH Kallis,Chennai Super Kings,1,0.8314606741573034,0.8,0.7333333333333333,0.0
392238,L Balaji,Royal Challengers Bangalore,0,1.1643835616438356,0.4,1.5,1.0
392238,M Muralitharan,Royal Challengers Bangalore,1,1.0151515151515151,1.2,1.4285714285714286,0.0
392238,MS Gony,Royal Challengers Bangalore,1,0.8863636363636364,0.4,1.3333333333333333,1.0
392238,P Kumar,Chennai Super Kings,1,0.8571428571428571,1.6,1.1333333333333333,0.0
392238,R Vinay Kumar,Chennai Super Kings,2,1.2211538461538463,1.4,1.0588235294117647,2.0
392238,RE van der Merwe,Chennai Super Kings,1,1.1904761904761905,1.0,0.8,0.0
392238,SB Jakati,Royal Challengers Bangalore,1,0.8771929824561403,0.8,0.8888888888888888,1.0
392238,SK Raina,Royal Challengers Bangalore,0,0.43478260869565216,0.8,0.2,0.0
392239,A Kumble,Deccan Chargers,4,1.1666666666666667,2.0,1.625,0.0
392239,A Symonds,Royal Challengers Bangalore,2,0.7666666666666667,1.6,1.0,0.0
392239,Harmeet Singh,Royal Challengers Bangalore,2,1.1071428571428572,0.4,0.8333333333333334,0.0
392239,JH Kallis,Deccan Chargers,0,0.8314606741573034,0.8,0.4,0.0
392239,P Kumar,Deccan Chargers,0,0.8571428571428571,1.6,1.2,1.0
392239,PP Ojha,Royal Challengers Bangalore,3,1.1,1.0,1.4444444444444444,0.0
392239,R Vinay Kumar,Deccan Chargers,2,1.2211538461538463,1.8,2.3333333333333335,0.0
392239,RE van der Merwe,Deccan Chargers,0,1.1904761904761905,0.8,0.5,2.0
392239,RG Sharma,Royal Challengers Bangalore,0,0.5,1.0,0.0,1.0
392239,RJ Harris,Royal Challengers Bangalore,1,1.2702702702702702,1.2,1.625,1.0
392239,RP Singh,Royal Challengers Bangalore,1,1.2195121951219512,1.8,1.0,1.0
419106,A Symonds,Kolkata Knight Riders,0,0.7666666666666667,1.2,1.0,2.0
419106,AD Mathews,Deccan Chargers,1,0.6363636363636364,0.5,1.0,4.0
419106,BJ Hodge,Deccan Chargers,1,0.9,0.4,1.0,0.0
419106,CK Langeveldt,Deccan Chargers,2,1.8571428571428572,2.5,2.0,1.0
419106,I Sharma,Deccan Chargers,1,0.8727272727272727,0.6,0.4,0.0
419106,Jaskaran Singh,Kolkata Knight Riders,1,0.8571428571428571,0.5,1.5,0.0
419106,LR Shukla,Deccan Chargers,1,0.6296296296296297,1.0,1.0,1.0
419106,M Kartik,Deccan Chargers,1,0.7090909090909091,1.0,1.0,2.0
419106,PP Ojha,Kolkata Knight Riders,0,1.1,1.0,0.8571428571428571,2.0
419106,RP Singh,Kolkata Knight Riders,1,1.2195121951219512,2.0,2.0,1.0
419106,TL Suman,Kolkata Knight Riders,0,0.6363636363636364,1.0,0.0,0.0
419106,WPUJC Vaas,Kolkata Knight Riders,2,1.6923076923076923,2.0,1.6666666666666667,3.0
419107,A Uniyal,Mumbai Indians,3,1.5,3.0,3.0,0.0
419107,AA Jhunjhunwala,Mumbai Indians,0,0.1,0.0,0.0,0.0
419107,AD Mascarenhas,Mumbai Indians,2,1.4615384615384615,1.0,2.0,2.0
419107,AG Murtaza,Rajasthan Royals,1,1.0,1.0,0.5,3.0
419107,Kamran Khan,Mumbai Indians,0,1.5555555555555556,2.0,0.0,2.0
419107,R McLaren,Rajasthan Royals,0,0.7777777777777778,0.0,0.5,0.0
419107,R Sathish,Rajasthan Royals,2,0.42857142857142855,2.0,0.6666666666666666,0.0
419107,SK Warne,Mumbai Indians,0,1.1111111111111112,0.8,1.0,1.0
419107,SL Malinga,Rajasthan Royals,3,1.540983606557377,1.6,0.9230769230769231,1.0
419107,ST Jayasuriya,Rajasthan Royals,0,0.7619047619047619,0.8,0.6,3.0
419107,SW Tait,Mumbai Indians,2,1.2380952380952381,2.0,1.0,0.0
419107,YK Pathan,Mumbai Indians,0,0.5609756097560976,0.6,0.0,2.0
419107,Z Khan,Rajasthan Royals,1,1.202020202020202,1.4,0.875,0.0
419108,A Mishra,Kings XI Punjab,1,1.1296296296296295,1.4,1.15,2.0
419108,DP Nannes,Kings XI Punjab,2,1.3103448275862069,1.4,1.6666666666666667,2.0
419108,IK Pathan,Delhi Daredevils,1,0.9801980198019802,1.8,1.25,0.0
419108,MF Maharoof,Kings XI Punjab,3,1.65,2.0,1.0,1.0
419108,PJ Sangwan,Kings XI Punjab,1,1.0476190476190477,1.6,0.6666666666666666,1.0
419108,PP Chawla,Delhi Daredevils,1,1.0523560209424083,0.6,1.105263157894737,1.0
419108,RR Powar,Delhi Daredevils,0,0.5769230769230769,1.0,0.8,1.0
419108,S Sreesanth,Delhi Daredevils,2,0.9772727272727273,1.2,1.1428571428571428,0.0
419108,TM Dilshan,Kings XI Punjab,1,0.2,0.2,0.5,1.0
419108,VY Mahesh,Kings XI Punjab,1,1.2941176470588236,1.8,0.75,1.0
419108,YA Abdulla,Delhi Daredevils,1,1.3636363636363635,1.2,0.5,0.0
419108,Yuvraj Singh,Delhi Daredevils,0,0.5342465753424658,0.6,0.5714285714285714,0.0
419109,A Kumble,Kolkata Knight Riders,0,1.1666666666666667,1.6,1.0,0.0
419109,AD Mathews,Royal Challengers Bangalore,4,0.6363636363636364,1.6666666666666667,1.0,0.0
419109,BJ Hodge,Royal Challengers Bangalore,0,0.9,0.4,1.5,1.0
419109,CK Langeveldt,Royal Challengers Bangalore,1,1.8571428571428572,2.0,1.0,2.0
419109,DW Steyn,Kolkata Knight Riders,0,1.105263157894737,0.6,1.0769230769230769,1.0
419109,I Sharma,Royal Challengers Bangalore,0,0.8727272727272727,0.6,0.7333333333333333,1.0
419109,JH Kallis,Kolkata Knight Riders,0,0.8314606741573034,0.4,1.0,1.0
419109,M Kartik,Royal Challengers Bangalore,2,0.7090909090909091,1.4,1.25,0.0
419109,P Kumar,Kolkata Knight Riders,1,0.8571428571428571,1.2,0.625,1.0
419109,RE van der Merwe,Kolkata Knight Riders,2,1.1904761904761905,1.0,2.0,0.0
419109,SC Ganguly,Royal Challengers Bangalore,0,0.6,0.0,1.0,0.0
419109,V Kohli,Kolkata Knight Riders,0,0.19230769230769232,0.0,0.0,0.0
419110,A Symonds,Chennai Super Kings,2,0.7666666666666667,1.2,1.3333333333333333,1.0
419110,JA Morkel,Deccan Chargers,1,1.103448275862069,1.4,1.3333333333333333,1.0
419110,JM Kemp,Deccan Chargers,0,0.6,0.0,0.0,3.0
419110,Jaskaran Singh,Chennai Super Kings,0,0.8571428571428571,0.3333333333333333,0.0,1.0
419110,L Balaji,Deccan Chargers,1,1.1643835616438356,0.2,1.0,3.0
419110,M Muralitharan,Deccan Chargers,0,1.0151515151515151,1.0,0.875,1.0
419110,PP Ojha,Chennai Super Kings,2,1.1,1.4,1.5333333333333334,1.0
419110,R Ashwin,Deccan Chargers,2,0.9519230769230769,2.0,0.8333333333333334,1.0
419110,RG Sharma,Chennai Super Kings,1,0.5,0.4,0.4,1.0
419110,RP Singh,Chennai Super Kings,1,1.2195121951219512,1.6,0.9230769230769231,1.0
419110,S Tyagi,Deccan Chargers,0,0.42857142857142855,0.4,0.3333333333333333,0.0
419110,TL Suman,Chennai Super Kings,0,0.6363636363636364,0.6,0.5,0.0
419110,WPUJC Vaas,Chennai Super Kings,3,1.6923076923076923,2.2,3.0,3.0
419111,A Mishra,Rajasthan Royals,2,1.1296296296296295,1.8,1.619047619047619,1.0
419111,AA Jhunjhunwala,Delhi Daredevils,0,0.1,0.0,0.0,0.0
419111,AD Mascarenhas,Delhi Daredevils,2,1.4615384615384615,1.2,2.0,1.0
419111,DP Nannes,Rajasthan Royals,2,1.3103448275862069,1.6,1.0,1.0
419111,MF Maharoof,Rajasthan Royals,1,1.65,1.6,2.3333333333333335,2.0
419111,MM Patel,Delhi Daredevils,1,1.3015873015873016,1.8,1.1,0.0
419111,PJ Sangwan,Rajasthan Royals,1,1.0476190476190477,1.2,0.6666666666666666,1.0
419111,S Ladda,Rajasthan Royals,0,0.5555555555555556,0.0,0.5,2.0
419111,SK Warne,Delhi Daredevils,1,1.1111111111111112,0.8,1.0,0.0
419111,SW Tait,Delhi Daredevils,0,1.2380952380952381,1.0,0.75,0.0
419112,A Kumble,Kings XI Punjab,0,1.1666666666666667,1.2,0.6666666666666666,5.0
419112,Bipul Sharma,Royal Challengers Bangalore,1,0.7857142857142857,1.0,1.25,1.0
419112,DW Steyn,Kings XI Punjab,1,1.105263157894737,0.8,0.6666666666666666,0.0
419112,IK Pathan,Royal Challengers Bangalore,0,0.9801980198019802,1.8,1.0769230769230769,1.0
419112,JH Kallis,Kings XI Punjab,1,0.8314606741573034,0.4,0.9090909090909091,2.0
419112,P Kumar,Kings XI Punjab,1,0.8571428571428571,0.8,1.1,3.0
419112,PP Chawla,Royal Challengers Bangalore,1,1.0523560209424083,0.6,0.8260869565217391,0.0
419112,R Vinay Kumar,Kings XI Punjab,0,1.2211538461538463,1.6,0.45454545454545453,0.0
419112,RS Bopara,Royal Challengers Bangalore,0,0.9285714285714286,0.0,0.6666666666666666,0.0
419112,S Sreesanth,Royal Challengers Bangalore,0,0.9772727272727273,1.2,1.0,2.0
419112,V Kohli,Kings XI Punjab,0,0.19230769230769232,0.0,0.0,0.0
419112,Yuvraj Singh,Royal Challengers Bangalore,0,0.5342465753424658,0.6,0.42857142857142855,3.0
419113,AD Mathews,Chennai Super Kings,0,0.6363636363636364,1.25,0.25,0.0
419113,BJ Hodge,Chennai Super Kings,1,0.9,0.4,0.6666666666666666,0.0
419113,I Sharma,Chennai Super Kings,1,0.8727272727272727,0.4,0.5,2.0
419113,JA Morkel,Kolkata Knight Riders,1,1.103448275862069,1.2,0.6666666666666666,0.0
419113,JM Kemp,Kolkata Knight Riders,3,0.6,1.5,3.0,0.0
419113,L Balaji,Kolkata Knight Riders,3,1.1643835616438356,0.8,1.0,2.0
419113,LR Shukla,Chennai Super Kings,1,0.6296296296296297,0.6,0.4,0.0
419113,M Kartik,Chennai Super Kings,0,0.7090909090909091,1.0,0.3333333333333333,1.0
419113,M Muralitharan,Kolkata Knight Riders,1,1.0151515151515151,1.2,0.7,2.0
419113,MS Gony,Kolkata Knight Riders,1,0.8863636363636364,0.4,0.8,0.0
419113,R Ashwin,Kolkata Knight Riders,1,0.9519230769230769,1.6666666666666667,0.9230769230769231,1.0
419113,SE Bond,Chennai Super Kings,0,1.125,0.0,0.0,2.0
419113,SK Raina,Kolkata Knight Riders,0,0.43478260869565216,0.6,0.4,0.0
419114,A Mishra,Mumbai Indians,1,1.1296296296296295,1.4,1.1363636363636365,1.0
419114,DJ Bravo,Delhi Daredevils,2,1.3101265822784811,1.4,0.8571428571428571,0.0
419114,DP Nannes,Mumbai Indians,1,1.3103448275862069,1.6,1.8,2.0
419114,Harbhajan Singh,Delhi Daredevils,2,1.00625,1.6,1.1578947368421053,1.0
419114,KA Pollard,Delhi Daredevils,1,0.7570093457943925,1.0,0.5454545454545454,0.0
419114,MF Maharoof,Mumbai Indians,2,1.65,1.6,1.5,3.0
419114,PJ Sangwan,Mumbai Indians,1,1.0476190476190477,1.2,1.5,0.0
419114,S Ladda,Mumbai Indians,2,0.5555555555555556,1.0,1.0,1.0
419114,SL Malinga,Delhi Daredevils,1,1.540983606557377,1.4,1.8333333333333333,0.0
419114,ST Jayasuriya,Delhi Daredevils,3,0.7619047619047619,1.2,0.75,0.0
419114,Z Khan,Delhi Daredevils,0,1.202020202020202,1.2,0.875,2.0
419115,A Kumble,Rajasthan Royals,5,1.1666666666666667,1.8,2.0,1.0
419115,DW Steyn,Rajasthan Royals,0,1.105263157894737,0.8,1.1818181818181819,3.0
419115,JH Kallis,Rajasthan Royals,2,0.8314606741573034,0.8,0.6363636363636364,1.0
419115,M Morkel,Royal Challengers Bangalore,0,1.2571428571428571,0.3333333333333333,1.0909090909090908,0.0
419115,MM Patel,Royal Challengers Bangalore,0,1.3015873015873016,1.8,1.2222222222222223,2.0
419115,P Kumar,Rajasthan Royals,3,0.8571428571428571,1.2,0.8333333333333334,1.0
419115,R Vinay Kumar,Rajasthan Royals,0,1.2211538461538463,1.2,1.0714285714285714,3.0
419115,S Narwal,Royal Challengers Bangalore,0,1.0,0.0,0.0,2.0
419115,SK Warne,Royal Challengers Bangalore,0,1.1111111111111112,0.2,1.2857142857142858,0.0
419116,A Mishra,Chennai Super Kings,1,1.1296296296296295,1.6,0.875,1.0
419116,DP Nannes,Chennai Super Kings,2,1.3103448275862069,1.4,2.25,1.0
419116,JA Morkel,Delhi Daredevils,0,1.103448275862069,0.6,0.9230769230769231,3.0
419116,JM Kemp,Delhi Daredevils,0,0.6,1.0,0.0,0.0
419116,Joginder Sharma,Delhi Daredevils,1,0.8666666666666667,0.6,0.6666666666666666,1.0
419116,L Balaji,Delhi Daredevils,2,1.1643835616438356,1.2,1.3333333333333333,2.0
419116,M Muralitharan,Delhi Daredevils,2,1.0151515151515151,1.2,1.125,4.0
419116,PJ Sangwan,Chennai Super Kings,0,1.0476190476190477,0.6,1.4,1.0
419116,R Ashwin,Delhi Daredevils,1,0.9519230769230769,1.5,1.4375,0.0
419116,R Bhatia,Chennai Super Kings,0,0.9010989010989011,1.0,0.8461538461538461,1.0
419116,SK Raina,Delhi Daredevils,0,0.43478260869565216,0.4,0.0,0.0
419116,TM Dilshan,Chennai Super Kings,1,0.2,0.4,0.5,1.0
419116,UT Yadav,Chennai Super Kings,1,1.1088435374149659,1.0,1.0555555555555556,1.0
419117,A Symonds,Kings XI Punjab,1,0.7666666666666667,1.2,0.8,3.0
419117,Bipul Sharma,Deccan Chargers,1,0.7857142857142857,1.0,1.0,2.0
419117,IK Pathan,Deccan Chargers,1,0.9801980198019802,1.4,1.0,1.0
419117,Jaskaran Singh,Kings XI Punjab,1,0.8571428571428571,0.5,1.0,2.0
419117,PP Chawla,Deccan Chargers,0,1.0523560209424083,0.6,0.8,1.0
419117,PP Ojha,Kings XI Punjab,1,1.1,1.2,1.0,2.0
419117,RG Sharma,Kings XI Punjab,1,0.5,0.4,0.5714285714285714,0.0
419117,RP Singh,Kings XI Punjab,1,1.2195121951219512,1.6,1.0,0.0
419117,S Sreesanth,Deccan Chargers,2,0.9772727272727273,1.2,0.8333333333333334,1.0
419117,SJ Srivastava,Deccan Chargers,1,1.0714285714285714,1.0,0.5,0.0
419117,WPUJC Vaas,Kings XI Punjab,3,1.6923076923076923,2.6,3.0,2.0
419117,Yuvraj Singh,Deccan Chargers,3,0.5342465753424658,1.2,1.4285714285714286,1.0
419118,AB Dinda,Rajasthan Royals,2,1.0933333333333333,0.8,0.7777777777777778,0.0
419118,AC Voges,Kolkata Knight Riders,0,0.14285714285714285,0.0,0.0,0.0
419118,AD Mathews,Rajasthan Royals,0,0.6363636363636364,1.0,0.5714285714285714,0.0
419118,BJ Hodge,Rajasthan Royals,0,0.9,0.4,1.6666666666666667,2.0
419118,I Sharma,Rajasthan Royals,2,0.8727272727272727,0.8,1.0,2.0
419118,M Kartik,Rajasthan Royals,1,0.7090909090909091,1.0,0.5,1.0
419118,MM Patel,Kolkata Knight Riders,2,1.3015873015873016,1.4,1.5,2.0
419118,SE Bond,Rajasthan Royals,2,1.125,1.0,1.5,0.0
419118,SK Trivedi,Kolkata Knight Riders,1,0.9733333333333334,1.0,1.0,2.0
419118,SK Warne,Kolkata Knight Riders,0,1.1111111111111112,0.2,0.5,1.0
419118,SW Tait,Kolkata Knight Riders,0,1.2380952380952381,0.6666666666666666,0.6666666666666666,3.0
419118,YK Pathan,Kolkata Knight Riders,2,0.5609756097560976,1.0,0.8,2.0
419119,A Kumble,Mumbai Indians,1,1.1666666666666667,2.0,0.5,1.0
419119,DJ Bravo,Royal Challengers Bangalore,0,1.3101265822784811,1.2,1.0434782608695652,0.0
419119,DW Steyn,Mumbai Indians,3,1.105263157894737,1.2,1.1428571428571428,0.0
419119,Harbhajan Singh,Royal Challengers Bangalore,1,1.00625,1.6,1.0869565217391304,1.0
419119,JH Kallis,Mumbai Indians,1,0.8314606741573034,0.8,0.7272727272727273,0.0
419119,KA Pollard,Royal Challengers Bangalore,0,0.7570093457943925,0.5,0.9333333333333333,1.0
419119,P Kumar,Mumbai Indians,1,0.8571428571428571,1.2,0.8125,1.0
419119,R Vinay Kumar,Mumbai Indians,3,1.2211538461538463,1.4,1.1538461538461537,5.0
419119,SL Malinga,Royal Challengers Bangalore,0,1.540983606557377,1.2,0.9375,0.0
419119,ST Jayasuriya,Royal Challengers Bangalore,0,0.7619047619047619,1.2,0.3333333333333333,0.0
419119,Z Khan,Royal Challengers Bangalore,2,1.202020202020202,1.4,1.3,2.0
419120,A Mishra,Deccan Chargers,1,1.1296296296296295,1.2,1.8333333333333333,2.0
419120,A Symonds,Delhi Daredevils,3,0.7666666666666667,1.6,0.8333333333333334,1.0
419120,DP Nannes,Deccan Chargers,1,1.3103448275862069,1.6,1.0,1.0
419120,MC Henriques,Deccan Chargers,1,0.7666666666666667,0.6,0.5,2.0
419120,PP Ojha,Delhi Daredevils,2,1.1,1.6,1.0833333333333333,1.0
419120,R Sharma,Delhi Daredevils,2,0.9545454545454546,2.0,1.0,0.0
419120,RG Sharma,Delhi Daredevils,0,0.5,0.4,0.25,0.0
419120,RP Singh,Delhi Daredevils,0,1.2195121951219512,0.8,1.0,0.0
419120,S Ladda,Deccan Chargers,1,0.5555555555555556,1.0,1.0,1.0
419120,UT Yadav,Deccan Chargers,1,1.1088435374149659,1.0,1.6666666666666667,1.0
419120,WPUJC Vaas,Delhi Daredevils,2,1.6923076923076923,2.6,1.5,0.0
419120,Y Nagar,Deccan Chargers,1,0.5,1.5,0.3333333333333333,0.0
419121,IK Pathan,Chennai Super Kings,1,0.9801980198019802,1.2,1.0769230769230769,2.0
419121,J Theron,Chennai Super Kings,5,1.3,5.0,3.0,0.0
419121,JA Morkel,Kings XI Punjab,3,1.103448275862069,1.2,1.2727272727272727,1.0
419121,JM Kemp,Kings XI Punjab,0,0.6,0.75,0.0,0.0
419121,L Balaji,Kings XI Punjab,2,1.1643835616438356,1.6,1.2222222222222223,1.0
419121,M Muralitharan,Kings XI Punjab,4,1.0151515151515151,1.6,1.4285714285714286,3.0
419121,MS Gony,Kings XI Punjab,0,0.8863636363636364,0.4,0.75,0.0
419121,PP Chawla,Chennai Super Kings,1,1.0523560209424083,0.8,1.0,1.0
419121,R Ashwin,Kings XI Punjab,0,0.9519230769230769,1.2,1.1764705882352942,0.0
419121,RR Powar,Chennai Super Kings,1,0.5769230769230769,1.0,1.0,0.0
419121,SJ Srivastava,Chennai Super Kings,0,1.0714285714285714,0.5,0.0,1.0
419121,SK Raina,Kings XI Punjab,0,0.43478260869565216,0.4,0.3333333333333333,0.0
419121,Yuvraj Singh,Chennai Super Kings,1,0.5342465753424658,1.4,0.25,0.0
419122,AD Mathews,Mumbai Indians,0,0.6363636363636364,1.0,0.75,1.0
419122,CH Gayle,Mumbai Indians,0,0.5,0.2,0.2,1.0
419122,DJ Bravo,Kolkata Knight Riders,0,1.3101265822784811,0.8,1.3157894736842106,0.0
419122,Harbhajan Singh,Kolkata Knight Riders,1,1.00625,1.6,0.8947368421052632,1.0
419122,I Sharma,Mumbai Indians,2,0.8727272727272727,1.2,1.1333333333333333,1.0
419122,M Kartik,Mumbai Indians,1,0.7090909090909091,1.0,1.0,0.0
419122,R McLaren,Kolkata Knight Riders,0,0.7777777777777778,0.0,0.0,1.0
419122,SE Bond,Mumbai Indians,0,1.125,0.6666666666666666,1.0,2.0
419122,SL Malinga,Kolkata Knight Riders,0,1.540983606557377,1.0,1.3529411764705883,0.0
419122,Z Khan,Kolkata Knight Riders,2,1.202020202020202,1.2,1.4,0.0
419123,A Kumble,Chennai Super Kings,1,1.1666666666666667,1.4,1.1666666666666667,0.0
419123,DW Steyn,Chennai Super Kings,0,1.105263157894737,0.8,0.8333333333333334,2.0
419123,JA Morkel,Royal Challengers Bangalore,1,1.103448275862069,1.2,1.25,0.0
419123,JH Kallis,Chennai Super Kings,0,0.8314606741573034,0.8,0.7333333333333333,0.0
419123,L Balaji,Royal Challengers Bangalore,1,1.1643835616438356,1.8,1.5,1.0
419123,M Muralitharan,Royal Challengers Bangalore,3,1.0151515151515151,2.0,1.4285714285714286,2.0
419123,P Kumar,Chennai Super Kings,1,0.8571428571428571,1.4,1.1333333333333333,1.0
419123,R Ashwin,Royal Challengers Bangalore,0,0.9519230769230769,0.8,0.8461538461538461,2.0
419123,R Vinay Kumar,Chennai Super Kings,5,1.2211538461538463,2.0,1.0588235294117647,1.0
419123,S Tyagi,Royal Challengers Bangalore,0,0.42857142857142855,0.4,0.5,0.0
419124,AC Voges,Kings XI Punjab,0,0.14285714285714285,0.0,0.0,1.0
419124,IK Pathan,Rajasthan Royals,2,0.9801980198019802,1.0,1.0,2.0
419124,J Theron,Rajasthan Royals,0,1.3,2.5,0.0,1.0
419124,MM Patel,Kings XI Punjab,2,1.3015873015873016,1.4,1.625,0.0
419124,PP Chawla,Rajasthan Royals,1,1.0523560209424083,0.8,1.0909090909090908,1.0
419124,S Sreesanth,Rajasthan Royals,1,0.9772727272727273,1.4,0.8333333333333334,0.0
419124,SJ Srivastava,Rajasthan Royals,1,1.0714285714285714,0.6666666666666666,1.0,2.0
419124,SK Trivedi,Kings XI Punjab,2,0.9733333333333334,1.2,1.1,0.0
419124,SK Warne,Kings XI Punjab,1,1.1111111111111112,0.4,1.1666666666666667,2.0
419124,SW Tait,Kings XI Punjab,3,1.2380952380952381,1.25,2.6666666666666665,4.0
419124,YK Pathan,Kings XI Punjab,2,0.5609756097560976,0.8,0.6,0.0
419124,Yuvraj Singh,Rajasthan Royals,0,0.5342465753424658,0.8,0.6666666666666666,0.0
419125,DJ Bravo,Chennai Super Kings,0,1.3101265822784811,0.6,0.8333333333333334,0.0
419125,Harbhajan Singh,Chennai Super Kings,1,1.00625,1.8,1.1428571428571428,3.0
419125,JA Morkel,Mumbai Indians,0,1.103448275862069,1.0,1.0909090909090908,2.0
419125,Joginder Sharma,Mumbai Indians,1,0.8666666666666667,0.6,1.0,0.0
419125,L Balaji,Mumbai Indians,1,1.1643835616438356,1.8,0.5555555555555556,0.0
419125,M Muralitharan,Mumbai Indians,2,1.0151515151515151,2.4,1.0,0.0
419125,NLTC Perera,Mumbai Indians,0,1.0277777777777777,0.0,0.0,0.0
419125,R McLaren,Chennai Super Kings,1,0.7777777777777778,0.3333333333333333,0.3333333333333333,0.0
419125,SB Jakati,Mumbai Indians,1,0.8771929824561403,0.6,0.8888888888888888,2.0
419125,SL Malinga,Chennai Super Kings,0,1.540983606557377,0.8,1.7619047619047619,3.0
419125,Z Khan,Chennai Super Kings,0,1.202020202020202,1.0,1.3333333333333333,3.0
419126,A Symonds,Rajasthan Royals,1,0.7666666666666667,1.4,0.25,0.0
419126,AA Jhunjhunwala,Deccan Chargers,0,0.1,0.0,0.0,0.0
419126,AC Voges,Deccan Chargers,1,0.14285714285714285,0.3333333333333333,1.0,0.0
419126,PP Ojha,Rajasthan Royals,1,1.1,1.2,0.8461538461538461,2.0
419126,R Sharma,Rajasthan Royals,0,0.9545454545454546,1.0,0.8333333333333334,1.0
419126,RG Sharma,Rajasthan Royals,0,0.5,0.4,1.3333333333333333,0.0
419126,RP Singh,Rajasthan Royals,0,1.2195121951219512,0.6,1.2727272727272727,3.0
419126,S Narwal,Deccan Chargers,2,1.0,1.0,2.0,0.0
419126,SK Trivedi,Deccan Chargers,0,0.9733333333333334,1.0,1.5555555555555556,1.0
419126,SK Warne,Deccan Chargers,2,1.1111111111111112,0.8,1.8571428571428572,1.0
419126,SW Tait,Deccan Chargers,4,1.2380952380952381,1.8,2.0,2.0
419126,WPUJC Vaas,Rajasthan Royals,0,1.6923076923076923,2.0,1.0,1.0
419126,YK Pathan,Deccan Chargers,0,0.5609756097560976,0.8,0.7777777777777778,2.0
419127,AB Agarkar,Kings XI Punjab,2,0.7857142857142857,1.4,0.8333333333333334,0.0
419127,AB Dinda,Kings XI Punjab,0,1.0933333333333333,0.8,0.75,3.0
419127,AD Mathews,Kings XI Punjab,1,0.6363636363636364,1.0,0.6666666666666666,0.0
419127,B Lee,Kolkata Knight Riders,0,0.7894736842105263,1.0,0.0,0.0
419127,CH Gayle,Kings XI Punjab,1,0.5,0.4,0.5,1.0
419127,DJ Hussey,Kings XI Punjab,0,0.38461538461538464,0.2,0.5,0.0
419127,IK Pathan,Kolkata Knight Riders,2,0.9801980198019802,1.2,0.6923076923076923,1.0
419127,Iqbal Abdulla,Kings XI Punjab,0,0.9375,0.5,0.75,2.0
419127,PP Chawla,Kolkata Knight Riders,1,1.0523560209424083,0.8,1.0,1.0
419127,RS Bopara,Kolkata Knight Riders,0,0.9285714285714286,0.0,0.5,3.0
419127,SE Bond,Kings XI Punjab,2,1.125,1.0,1.5,1.0
419127,SJ Srivastava,Kolkata Knight Riders,2,1.0714285714285714,1.0,1.0,1.0
419127,VS Malik,Kolkata Knight Riders,0,0.46153846153846156,0.4,0.3333333333333333,0.0
419128,A Kumble,Delhi Daredevils,0,1.1666666666666667,1.4,1.0,1.0
419128,A Mishra,Royal Challengers Bangalore,2,1.1296296296296295,1.4,1.0555555555555556,1.0
419128,AB McDonald,Royal Challengers Bangalore,4,1.4,2.0,2.0,3.0
419128,DP Nannes,Royal Challengers Bangalore,1,1.3103448275862069,1.4,1.0,1.0
419128,DW Steyn,Delhi Daredevils,2,1.105263157894737,1.2,1.6363636363636365,1.0
419128,JH Kallis,Delhi Daredevils,0,0.8314606741573034,0.8,0.8571428571428571,1.0
419128,P Kumar,Delhi Daredevils,1,0.8571428571428571,1.4,0.8571428571428571,0.0
419128,PJ Sangwan,Royal Challengers Bangalore,1,1.0476190476190477,0.8,1.1666666666666667,3.0
419128,R Vinay Kumar,Delhi Daredevils,1,1.2211538461538463,1.8,0.9285714285714286,1.0
419128,UT Yadav,Royal Challengers Bangalore,1,1.1088435374149659,1.0,1.0666666666666667,2.0
419129,AC Voges,Chennai Super Kings,0,0.14285714285714285,0.25,0.0,0.0
419129,JA Morkel,Rajasthan Royals,2,1.103448275862069,1.2,1.4545454545454546,0.0
419129,Joginder Sharma,Rajasthan Royals,0,0.8666666666666667,0.4,0.0,0.0
419129,M Muralitharan,Rajasthan Royals,0,1.0151515151515151,2.2,0.6666666666666666,0.0
419129,S Narwal,Chennai Super Kings,0,1.0,0.6666666666666666,0.0,4.0
419129,SB Jakati,Rajasthan Royals,2,0.8771929824561403,1.0,1.1666666666666667,3.0
419129,SK Raina,Rajasthan Royals,0,0.43478260869565216,0.0,0.75,0.0
419129,SK Trivedi,Chennai Super Kings,1,0.9733333333333334,0.8,0.45454545454545453,0.0
419129,SK Warne,Chennai Super Kings,1,1.1111111111111112,0.8,0.8888888888888888,1.0
419129,SW Tait,Chennai Super Kings,2,1.2380952380952381,1.8,1.0,1.0
419129,T Thushara,Rajasthan Royals,4,1.6666666666666667,2.3333333333333335,4.0,1.0
419129,YK Pathan,Chennai Super Kings,2,0.5609756097560976,1.2,0.7333333333333333,0.0
419130,A Symonds,Mumbai Indians,0,0.7666666666666667,1.4,0.0,2.0
419130,DJ Bravo,Deccan Chargers,0,1.3101265822784811,0.4,1.25,1.0
419130,Harbhajan Singh,Deccan Chargers,3,1.00625,1.6,1.25,1.0
419130,Jaskaran Singh,Mumbai Indians,2,0.8571428571428571,0.8,1.0,2.0
419130,KA Pollard,Deccan Chargers,1,0.7570093457943925,0.6666666666666666,1.6,0.0
419130,KAJ Roach,Mumbai Indians,0,0.0,0.0,0.0,0.0
419130,PP Ojha,Mumbai Indians,2,1.1,1.6,1.2857142857142858,2.0
419130,R McLaren,Deccan Chargers,0,0.7777777777777778,0.25,1.0,1.0
419130,RG Sharma,Mumbai Indians,0,0.5,0.4,1.0,0.0
419130,RP Singh,Mumbai Indians,3,1.2195121951219512,1.0,1.75,3.0
419130,SL Malinga,Deccan Chargers,3,1.540983606557377,0.8,2.5,4.0
419130,Z Khan,Deccan Chargers,3,1.202020202020202,1.4,1.8571428571428572,3.0
419131,A Mishra,Kolkata Knight Riders,1,1.1296296296296295,1.2,1.0,4.0
419131,AB Agarkar,Delhi Daredevils,0,0.7857142857142857,1.2,0.5,1.0
419131,AB McDonald,Kolkata Knight Riders,3,1.4,2.3333333333333335,3.0,0.0
419131,AD Mathews,Delhi Daredevils,0,0.6363636363636364,0.2,0.75,1.0
419131,CH Gayle,Delhi Daredevils,1,0.5,0.6,0.6,1.0
419131,CK Langeveldt,Delhi Daredevils,2,1.8571428571428572,2.0,2.0,1.0
419131,DJ Hussey,Delhi Daredevils,0,0.38461538461538464,0.2,0.3333333333333333,0.0
419131,DP Nannes,Kolkata Knight Riders,1,1.3103448275862069,1.2,0.75,1.0
419131,I Sharma,Delhi Daredevils,1,0.8727272727272727,1.2,1.0,0.0
419131,M Kartik,Delhi Daredevils,0,0.7090909090909091,0.8,0.16666666666666666,1.0
419131,PD Collingwood,Kolkata Knight Riders,1,0.8333333333333334,1.0,0.5,1.0
419131,R Bhatia,Kolkata Knight Riders,1,0.9010989010989011,1.2,0.7142857142857143,1.0
419131,UT Yadav,Kolkata Knight Riders,2,1.1088435374149659,1.25,1.4444444444444444,0.0
419132,B Lee,Mumbai Indians,0,0.7894736842105263,0.8,0.5714285714285714,0.0
419132,DJ Bravo,Kings XI Punjab,1,1.3101265822784811,0.2,1.625,1.0
419132,Harbhajan Singh,Kings XI Punjab,1,1.00625,1.4,1.0909090909090908,2.0
419132,IK Pathan,Mumbai Indians,1,0.9801980198019802,1.4,1.2666666666666666,1.0
419132,KA Pollard,Kings XI Punjab,0,0.7570093457943925,0.5,0.38461538461538464,2.0
419132,PP Chawla,Mumbai Indians,1,1.0523560209424083,0.8,1.3333333333333333,0.0
419132,R McLaren,Kings XI Punjab,1,0.7777777777777778,0.4,0.5,2.0
419132,RS Bopara,Mumbai Indians,3,0.9285714285714286,0.6,3.0,1.0
419132,SJ Srivastava,Mumbai Indians,1,1.0714285714285714,1.0,1.0,1.0
419132,SL Malinga,Kings XI Punjab,4,1.540983606557377,1.4,1.9285714285714286,1.0
419132,VS Malik,Mumbai Indians,0,0.46153846153846156,0.2,0.3333333333333333,1.0
419132,Z Khan,Kings XI Punjab,3,1.202020202020202,2.0,1.2142857142857142,2.0
419133,A Kumble,Chennai Super Kings,1,1.1666666666666667,1.6,1.1666666666666667,1.0
419133,DW Steyn,Chennai Super Kings,1,1.105263157894737,1.2,0.8333333333333334,1.0
419133,JA Morkel,Royal Challengers Bangalore,0,1.103448275862069,1.2,1.25,2.0
419133,JH Kallis,Chennai Super Kings,1,0.8314606741573034,0.8,0.7333333333333333,1.0
419133,KP Pietersen,Chennai Super Kings,1,0.6923076923076923,1.2,1.3333333333333333,0.0
419133,M Muralitharan,Royal Challengers Bangalore,0,1.0151515151515151,1.8,1.4285714285714286,1.0
419133,MS Gony,Royal Challengers Bangalore,0,0.8863636363636364,0.4,1.3333333333333333,3.0
419133,P Kumar,Chennai Super Kings,0,0.8571428571428571,1.2,1.1333333333333333,1.0
419133,R Vinay Kumar,Chennai Super Kings,1,1.2211538461538463,2.0,1.0588235294117647,1.0
419133,SB Jakati,Royal Challengers Bangalore,3,0.8771929824561403,1.6,0.8888888888888888,0.0
419133,T Thushara,Royal Challengers Bangalore,1,1.6666666666666667,2.0,1.0,2.0
419134,A Mishra,Rajasthan Royals,4,1.1296296296296295,1.8,1.619047619047619,3.0
419134,AB McDonald,Rajasthan Royals,0,1.4,1.75,0.0,1.0
419134,AC Voges,Delhi Daredevils,0,0.14285714285714285,0.2,0.0,0.0
419134,MF Maharoof,Rajasthan Royals,3,1.65,1.8,2.3333333333333335,1.0
419134,PD Collingwood,Rajasthan Royals,1,0.8333333333333334,1.0,1.0,0.0
419134,S Ladda,Rajasthan Royals,1,0.5555555555555556,1.0,0.5,0.0
419134,S Narwal,Delhi Daredevils,4,1.0,1.5,4.0,0.0
419134,SK Trivedi,Delhi Daredevils,0,0.9733333333333334,0.8,0.625,4.0
419134,SK Warne,Delhi Daredevils,1,1.1111111111111112,1.0,1.0,1.0
419134,SW Tait,Delhi Daredevils,1,1.2380952380952381,2.0,0.75,0.0
419134,UT Yadav,Rajasthan Royals,0,1.1088435374149659,1.0,0.9285714285714286,0.0
419134,V Sehwag,Rajasthan Royals,1,0.4,0.4,0.6666666666666666,0.0
419134,YK Pathan,Delhi Daredevils,0,0.5609756097560976,1.2,0.125,0.0
419135,A Symonds,Kolkata Knight Riders,2,0.7666666666666667,1.4,1.0,0.0
419135,AB Agarkar,Deccan Chargers,1,0.7857142857142857,1.2,1.0,0.0
419135,AD Mathews,Deccan Chargers,1,0.6363636363636364,0.4,1.0,0.0
419135,CH Gayle,Deccan Chargers,1,0.5,0.6,0.3333333333333333,0.0
419135,Harmeet Singh,Kolkata Knight Riders,0,1.1071428571428572,0.4,0.5,3.0
419135,Jaskaran Singh,Kolkata Knight Riders,2,0.8571428571428571,1.2,1.5,0.0
419135,M Kartik,Deccan Chargers,1,0.7090909090909091,0.6,1.0,1.0
419135,PP Ojha,Kolkata Knight Riders,2,1.1,1.6,0.8571428571428571,3.0
419135,RG Sharma,Kolkata Knight Riders,0,0.5,0.2,0.25,0.0
419135,SE Bond,Deccan Chargers,1,1.125,1.0,1.0,1.0
419135,Y Venugopal Rao,Kolkata Knight Riders,0,0.35,0.6,0.5,0.0
419136,A Kumble,Kings XI Punjab,1,1.1666666666666667,0.8,0.6666666666666666,1.0
419136,B Lee,Royal Challengers Bangalore,0,0.7894736842105263,0.2,0.25,0.0
419136,Bipul Sharma,Royal Challengers Bangalore,2,0.7857142857142857,1.3333333333333333,1.25,0.0
419136,DW Steyn,Kings XI Punjab,1,1.105263157894737,1.4,0.6666666666666666,0.0
419136,IK Pathan,Royal Challengers Bangalore,1,0.9801980198019802,1.4,1.0769230769230769,1.0
419136,JH Kallis,Kings XI Punjab,1,0.8314606741573034,0.6,0.9090909090909091,1.0
419136,KP Pietersen,Kings XI Punjab,0,0.6923076923076923,0.8,0.0,0.0
419136,P Kumar,Kings XI Punjab,1,0.8571428571428571,0.8,1.1,1.0
419136,PP Chawla,Royal Challengers Bangalore,0,1.0523560209424083,0.8,0.8260869565217391,0.0
419136,R Vinay Kumar,Kings XI Punjab,1,1.2211538461538463,2.2,0.45454545454545453,0.0
419136,S Sreesanth,Royal Challengers Bangalore,0,0.9772727272727273,1.0,1.0,0.0
419136,SJ Srivastava,Royal Challengers Bangalore,1,1.0714285714285714,1.0,1.5,0.0
419136,Yuvraj Singh,Royal Challengers Bangalore,0,0.5342465753424658,0.8,0.42857142857142855,0.0
419137,AA Jhunjhunwala,Chennai Super Kings,0,0.1,0.0,0.5,0.0
419137,DE Bollinger,Rajasthan Royals,2,1.5925925925925926,2.0,1.5,1.0
419137,JA Morkel,Rajasthan Royals,2,1.103448275862069,1.0,1.4545454545454546,0.0
419137,M Muralitharan,Rajasthan Royals,1,1.0151515151515151,1.2,0.6666666666666666,1.0
419137,S Narwal,Chennai Super Kings,0,1.0,1.2,0.0,0.0
419137,S Tyagi,Rajasthan Royals,0,0.42857142857142855,0.2,0.0,1.0
419137,SB Jakati,Rajasthan Royals,0,0.8771929824561403,1.4,1.1666666666666667,2.0
419137,SB Wagh,Chennai Super Kings,1,0.625,1.0,1.0,3.0
419137,SK Raina,Rajasthan Royals,0,0.43478260869565216,0.0,0.75,1.0
419137,SK Warne,Chennai Super Kings,1,1.1111111111111112,1.2,0.8888888888888888,4.0
419137,SR Watson,Chennai Super Kings,3,1.019047619047619,1.6,0.7272727272727273,0.0
419137,SW Tait,Chennai Super Kings,0,1.2380952380952381,2.0,1.0,2.0
419137,YK Pathan,Chennai Super Kings,0,0.5609756097560976,0.8,0.7333333333333333,0.0
419138,A Symonds,Mumbai Indians,0,0.7666666666666667,1.2,0.0,0.0
419138,DJ Bravo,Deccan Chargers,1,1.3101265822784811,0.4,1.25,1.0
419138,Harbhajan Singh,Deccan Chargers,2,1.00625,1.6,1.25,1.0
419138,KA Pollard,Deccan Chargers,2,0.7570093457943925,0.8,1.6,2.0
419138,PP Ojha,Mumbai Indians,3,1.1,2.0,1.2857142857142858,1.0
419138,R McLaren,Deccan Chargers,2,0.7777777777777778,0.8,1.0,0.0
419138,R Sharma,Mumbai Indians,1,0.9545454545454546,1.0,1.0,1.0
419138,RG Sharma,Mumbai Indians,0,0.5,0.0,1.0,0.0
419138,RJ Harris,Mumbai Indians,1,1.2702702702702702,1.0,1.0,2.0
419138,SL Malinga,Deccan Chargers,1,1.540983606557377,1.6,2.5,0.0
419138,Z Khan,Deccan Chargers,2,1.202020202020202,2.0,1.8571428571428572,0.0
419139,AB Agarkar,Kings XI Punjab,0,0.7857142857142857,1.2,0.8333333333333334,1.0
419139,AD Mathews,Kings XI Punjab,0,0.6363636363636364,0.4,0.6666666666666666,0.0
419139,CH Gayle,Kings XI Punjab,0,0.5,0.6,0.5,1.0
419139,DJ Hussey,Kings XI Punjab,0,0.38461538461538464,0.2,0.5,0.0
419139,IK Pathan,Kolkata Knight Riders,1,0.9801980198019802,1.4,0.6923076923076923,0.0
419139,J Theron,Kolkata Knight Riders,1,1.3,2.0,1.0,0.0
419139,JD Unadkat,Kings XI Punjab,0,1.0480769230769231,0.0,0.5454545454545454,3.0
419139,M Kartik,Kings XI Punjab,1,0.7090909090909091,0.8,0.6666666666666666,1.0
419139,PP Chawla,Kolkata Knight Riders,0,1.0523560209424083,0.6,1.0,0.0
419139,RR Powar,Kolkata Knight Riders,0,0.5769230769230769,1.0,0.25,0.0
419139,RS Bopara,Kolkata Knight Riders,1,0.9285714285714286,0.8,0.5,1.0
419139,SE Bond,Kings XI Punjab,1,1.125,1.2,1.5,1.0
419139,SJ Srivastava,Kolkata Knight Riders,0,1.0714285714285714,1.0,1.0,0.0
419140,A Kumble,Delhi Daredevils,1,1.1666666666666667,0.8,1.0,1.0
419140,A Mishra,Royal Challengers Bangalore,3,1.1296296296296295,2.2,1.0555555555555556,0.0
419140,A Mithun,Delhi Daredevils,1,0.5,0.5,1.5,0.0
419140,CL White,Delhi Daredevils,0,0.16666666666666666,0.0,0.0,0.0
419140,DL Vettori,Royal Challengers Bangalore,1,1.0,0.4,0.75,2.0
419140,JH Kallis,Delhi Daredevils,1,0.8314606741573034,0.6,0.8571428571428571,0.0
419140,KP Appanna,Delhi Daredevils,2,0.8461538461538461,0.6,1.5,1.0
419140,KP Pietersen,Delhi Daredevils,0,0.6923076923076923,0.4,0.0,1.0
419140,MF Maharoof,Royal Challengers Bangalore,1,1.65,2.0,1.6666666666666667,0.0
419140,PJ Sangwan,Royal Challengers Bangalore,3,1.0476190476190477,1.2,1.1666666666666667,0.0
419140,R Bhatia,Royal Challengers Bangalore,1,0.9010989010989011,0.6,0.25,1.0
419140,R Vinay Kumar,Delhi Daredevils,0,1.2211538461538463,1.6,0.9285714285714286,1.0
419141,A Symonds,Rajasthan Royals,0,0.7666666666666667,0.6,0.25,1.0
419141,AP Dole,Deccan Chargers,2,1.6666666666666667,2.0,2.0,2.0
419141,DR Smith,Rajasthan Royals,1,0.5869565217391305,0.4,0.2,0.0
419141,Harmeet Singh,Rajasthan Royals,3,1.1071428571428572,1.0,2.0,0.0
419141,M Morkel,Deccan Chargers,0,1.2571428571428571,0.25,1.0,1.0
419141,PP Ojha,Rajasthan Royals,1,1.1,1.8,0.8461538461538461,2.0
419141,RJ Harris,Rajasthan Royals,2,1.2702702702702702,1.4,1.75,2.0
419141,RP Singh,Rajasthan Royals,3,1.2195121951219512,1.4,1.2727272727272727,0.0
419141,SK Trivedi,Deccan Chargers,4,0.9733333333333334,1.4,1.5555555555555556,2.0
419141,SK Warne,Deccan Chargers,4,1.1111111111111112,1.8,1.8571428571428572,0.0
419141,SR Watson,Deccan Chargers,0,1.019047619047619,1.4,0.5,1.0
419141,YK Pathan,Deccan Chargers,0,0.5609756097560976,0.4,0.7777777777777778,0.0
419142,AN Ahmed,Chennai Super Kings,0,0.8823529411764706,0.0,0.25,2.0
419142,DE Bollinger,Mumbai Indians,1,1.5925925925925926,1.5,1.75,0.0
419142,DJ Bravo,Chennai Super Kings,1,1.3101265822784811,0.6,0.8333333333333334,0.0
419142,Harbhajan Singh,Chennai Super Kings,1,1.00625,1.6,1.1428571428571428,0.0
419142,KA Pollard,Chennai Super Kings,2,0.7570093457943925,1.0,0.9375,1.0
419142,R Ashwin,Mumbai Indians,2,0.9519230769230769,0.8,0.7941176470588235,2.0
419142,R McLaren,Chennai Super Kings,0,0.7777777777777778,0.8,0.3333333333333333,0.0
419142,R Sathish,Chennai Super Kings,0,0.42857142857142855,1.0,0.25,0.0
419142,S Tyagi,Mumbai Indians,1,0.42857142857142855,0.2,1.0,0.0
419142,SB Jakati,Mumbai Indians,2,0.8771929824561403,1.6,0.8888888888888888,1.0
419142,SK Raina,Mumbai Indians,1,0.43478260869565216,0.2,0.5714285714285714,1.0
419142,SL Malinga,Chennai Super Kings,0,1.540983606557377,1.6,1.7619047619047619,2.0
419142,T Thushara,Mumbai Indians,2,1.6666666666666667,2.0,1.5,0.0
419143,AP Dole,Kings XI Punjab,2,1.6666666666666667,2.0,2.0,1.0
419143,Bipul Sharma,Rajasthan Royals,0,0.7857142857142857,1.0,0.3333333333333333,0.0
419143,FY Fazal,Kings XI Punjab,1,0.5,1.0,1.0,0.0
419143,IK Pathan,Rajasthan Royals,0,0.9801980198019802,1.0,1.0,3.0
419143,J Theron,Rajasthan Royals,0,1.3,1.5,0.0,1.0
419143,PP Chawla,Rajasthan Royals,0,1.0523560209424083,0.4,1.0909090909090908,3.0
419143,RR Powar,Rajasthan Royals,0,0.5769230769230769,0.6,0.25,0.0
419143,RS Bopara,Rajasthan Royals,1,0.9285714285714286,1.0,1.3333333333333333,2.0
419143,S Sreesanth,Rajasthan Royals,0,0.9772727272727273,0.6,0.8333333333333334,1.0
419143,SK Trivedi,Kings XI Punjab,2,0.9733333333333334,1.4,1.1,1.0
419143,SK Warne,Kings XI Punjab,0,1.1111111111111112,1.4,1.1666666666666667,0.0
419143,SR Watson,Kings XI Punjab,1,1.019047619047619,1.6,1.1538461538461537,3.0
419143,YK Pathan,Kings XI Punjab,0,0.5609756097560976,0.4,0.6,0.0
419144,A Mishra,Kolkata Knight Riders,0,1.1296296296296295,2.0,1.0,1.0
419144,AB Agarkar,Delhi Daredevils,1,0.7857142857142857,0.8,0.5,0.0
419144,AB Dinda,Delhi Daredevils,3,1.0933333333333333,1.4,1.4,2.0
419144,AD Mathews,Delhi Daredevils,0,0.6363636363636364,0.4,0.75,1.0
419144,BAW Mendis,Delhi Daredevils,2,0.9,1.2,2.0,0.0
419144,DL Vettori,Kolkata Knight Riders,2,1.0,0.8,1.25,0.0
419144,Iqbal Abdulla,Delhi Daredevils,2,0.9375,1.0,1.25,0.0
419144,MF Maharoof,Kolkata Knight Riders,0,1.65,1.4,1.0,0.0
419144,PD Collingwood,Kolkata Knight Riders,0,0.8333333333333334,0.6666666666666666,0.5,2.0
419144,PJ Sangwan,Kolkata Knight Riders,0,1.0476190476190477,1.0,1.25,2.0
419144,R Bhatia,Kolkata Knight Riders,1,0.9010989010989011,0.8,0.7142857142857143,0.0
419144,SC Ganguly,Delhi Daredevils,0,0.6,0.0,0.75,0.0
419145,A Kumble,Deccan Chargers,1,1.1666666666666667,0.8,1.625,1.0
419145,A Symonds,Royal Challengers Bangalore,1,0.7666666666666667,0.6,1.0,1.0
419145,DW Steyn,Deccan Chargers,0,1.105263157894737,0.8,1.5,1.0
419145,Harmeet Singh,Royal Challengers Bangalore,0,1.1071428571428572,1.0,0.8333333333333334,2.0
419145,JH Kallis,Deccan Chargers,0,0.8314606741573034,0.6,0.4,3.0
419145,MR Marsh,Royal Challengers Bangalore,1,1.088235294117647,1.0,1.2,0.0
419145,P Kumar,Deccan Chargers,1,0.8571428571428571,0.8,1.2,0.0
419145,PP Ojha,Royal Challengers Bangalore,2,1.1,2.0,1.4444444444444444,1.0
419145,R Vinay Kumar,Deccan Chargers,1,1.2211538461538463,0.8,2.3333333333333335,4.0
419145,RJ Harris,Royal Challengers Bangalore,2,1.2702702702702702,1.8,1.625,3.0
419145,RP Singh,Royal Challengers Bangalore,0,1.2195121951219512,1.2,1.0,1.0
419146,B Lee,Mumbai Indians,0,0.7894736842105263,0.0,0.5714285714285714,0.0
419146,Harbhajan Singh,Kings XI Punjab,0,1.00625,1.4,1.0909090909090908,3.0
419146,IK Pathan,Mumbai Indians,3,0.9801980198019802,1.2,1.2666666666666666,3.0
419146,JP Duminy,Kings XI Punjab,1,0.46938775510204084,0.6,1.0,0.0
419146,KA Pollard,Kings XI Punjab,1,0.7570093457943925,1.2,0.38461538461538464,1.0
419146,L Ablish,Mumbai Indians,3,1.6666666666666667,3.0,3.0,2.0
419146,PP Chawla,Mumbai Indians,3,1.0523560209424083,0.8,1.3333333333333333,2.0
419146,R McLaren,Kings XI Punjab,0,0.7777777777777778,0.6,0.5,1.0
419146,R Sathish,Kings XI Punjab,0,0.42857142857142855,0.6666666666666666,0.0,1.0
419146,RR Powar,Mumbai Indians,0,0.5769230769230769,0.2,0.3333333333333333,1.0
419146,SL Malinga,Kings XI Punjab,2,1.540983606557377,2.0,1.9285714285714286,0.0
419146,Yuvraj Singh,Mumbai Indians,0,0.5342465753424658,0.8,0.6,1.0
419146,Z Khan,Kings XI Punjab,0,1.202020202020202,1.6,1.2142857142857142,3.0
419147,A Symonds,Chennai Super Kings,1,0.7666666666666667,0.8,1.3333333333333333,1.0
419147,DE Bollinger,Deccan Chargers,0,1.5925925925925926,1.0,2.25,2.0
419147,DR Smith,Chennai Super Kings,0,0.5869565217391305,0.4,0.0,0.0
419147,Harmeet Singh,Chennai Super Kings,2,1.1071428571428572,1.4,1.3333333333333333,2.0
419147,PP Ojha,Chennai Super Kings,1,1.1,1.8,1.5333333333333334,2.0
419147,R Ashwin,Deccan Chargers,2,0.9519230769230769,1.0,0.8333333333333334,3.0
419147,RG Sharma,Chennai Super Kings,0,0.5,0.0,0.4,0.0
419147,RJ Harris,Chennai Super Kings,3,1.2702702702702702,1.8,1.3333333333333333,3.0
419147,RP Singh,Chennai Super Kings,1,1.2195121951219512,1.4,0.9230769230769231,2.0
419147,S Tyagi,Deccan Chargers,0,0.42857142857142855,0.2,0.3333333333333333,0.0
419147,SB Jakati,Deccan Chargers,1,0.8771929824561403,1.6,1.8333333333333333,1.0
419147,SK Raina,Deccan Chargers,1,0.43478260869565216,0.4,1.1666666666666667,1.0
419148,A Kumble,Kolkata Knight Riders,1,1.1666666666666667,1.0,1.0,1.0
419148,AB Agarkar,Royal Challengers Bangalore,0,0.7857142857142857,0.4,1.0,0.0
419148,AB Dinda,Royal Challengers Bangalore,2,1.0933333333333333,1.6,1.375,0.0
419148,AD Mathews,Royal Challengers Bangalore,1,0.6363636363636364,0.4,1.0,0.0
419148,BAW Mendis,Royal Challengers Bangalore,0,0.9,0.8,0.3333333333333333,1.0
419148,DW Steyn,Kolkata Knight Riders,1,1.105263157894737,1.0,1.0769230769230769,3.0
419148,I Sharma,Royal Challengers Bangalore,0,0.8727272727272727,1.2,0.7333333333333333,0.0
419148,JH Kallis,Kolkata Knight Riders,3,0.8314606741573034,1.2,1.0,0.0
419148,P Kumar,Kolkata Knight Riders,0,0.8571428571428571,0.6,0.625,0.0
419148,R Vinay Kumar,Kolkata Knight Riders,4,1.2211538461538463,1.4,2.0,1.0
419148,S Sriram,Kolkata Knight Riders,0,0.0,0.0,0.0,0.0
419149,A Mishra,Kings XI Punjab,1,1.1296296296296295,1.8,1.15,0.0
419149,A Nehra,Kings XI Punjab,0,1.375,0.8,1.1428571428571428,1.0
419149,DL Vettori,Kings XI Punjab,0,1.0,0.6,1.1666666666666667,1.0
419149,IK Pathan,Delhi Daredevils,3,0.9801980198019802,1.6,1.25,1.0
419149,J Theron,Delhi Daredevils,1,1.3,1.4,1.0,1.0
419149,L Ablish,Delhi Daredevils,2,1.6666666666666667,2.5,2.0,0.0
419149,PD Collingwood,Kings XI Punjab,2,0.8333333333333334,1.0,2.0,0.0
419149,PP Chawla,Delhi Daredevils,2,1.0523560209424083,1.0,1.105263157894737,1.0
419149,R Bhatia,Kings XI Punjab,0,0.9010989010989011,0.6,0.7272727272727273,0.0
419149,RR Powar,Delhi Daredevils,1,0.5769230769230769,0.4,0.8,2.0
419149,V Sehwag,Kings XI Punjab,0,0.4,0.2,0.0,2.0
419149,Yuvraj Singh,Delhi Daredevils,1,0.5342465753424658,0.4,0.5714285714285714,1.0
419150,AA Jhunjhunwala,Mumbai Indians,0,0.1,0.0,0.0,0.0
419150,DS Kulkarni,Rajasthan Royals,1,0.9891304347826086,0.8,1.3333333333333333,0.0
419150,Harbhajan Singh,Rajasthan Royals,3,1.00625,1.4,1.0,1.0
419150,KA Pollard,Rajasthan Royals,1,0.7570093457943925,1.2,0.9285714285714286,1.0
419150,SK Trivedi,Mumbai Indians,1,0.9733333333333334,1.6,0.7,2.0
419150,SK Warne,Mumbai Indians,0,1.1111111111111112,1.2,1.0,1.0
419150,SL Malinga,Rajasthan Royals,0,1.540983606557377,1.4,0.9230769230769231,2.0
419150,SR Watson,Mumbai Indians,3,1.019047619047619,1.6,0.9333333333333333,0.0
419150,YK Pathan,Mumbai Indians,0,0.5609756097560976,0.0,0.0,0.0
419150,Z Khan,Rajasthan Royals,3,1.202020202020202,2.2,0.875,0.0
419151,A Kumble,Deccan Chargers,1,1.1666666666666667,1.0,1.625,0.0
419151,A Symonds,Royal Challengers Bangalore,1,0.7666666666666667,0.6,1.0,0.0
419151,DW Steyn,Deccan Chargers,3,1.105263157894737,1.2,1.5,1.0
419151,Harmeet Singh,Royal Challengers Bangalore,2,1.1071428571428572,1.4,0.8333333333333334,2.0
419151,JH Kallis,Deccan Chargers,0,0.8314606741573034,1.0,0.4,1.0
419151,KP Appanna,Deccan Chargers,1,0.8461538461538461,0.6,1.0,0.0
419151,PP Ojha,Royal Challengers Bangalore,2,1.1,1.8,1.4444444444444444,0.0
419151,R Vinay Kumar,Deccan Chargers,1,1.2211538461538463,1.4,2.3333333333333335,2.0
419151,RJ Harris,Royal Challengers Bangalore,3,1.2702702702702702,2.2,1.625,1.0
419151,RP Singh,Royal Challengers Bangalore,2,1.2195121951219512,1.8,1.0,1.0
419151,V Kohli,Deccan Chargers,0,0.19230769230769232,0.0,0.6666666666666666,0.0
419152,A Mishra,Mumbai Indians,0,1.1296296296296295,1.6,1.1363636363636365,2.0
419152,A Nehra,Mumbai Indians,1,1.375,0.8,1.8181818181818181,3.0
419152,AB McDonald,Mumbai Indians,1,1.4,1.6,1.0,0.0
419152,AG Murtaza,Delhi Daredevils,3,1.0,2.0,3.0,0.0
419152,CRD Fernando,Delhi Daredevils,2,1.9,2.6,2.0,2.0
419152,DJ Bravo,Delhi Daredevils,0,1.3101265822784811,0.6,0.8571428571428571,0.0
419152,Harbhajan Singh,Delhi Daredevils,1,1.00625,1.4,1.1578947368421053,2.0
419152,KA Pollard,Delhi Daredevils,1,0.7570093457943925,1.4,0.5454545454545454,3.0
419152,PD Collingwood,Mumbai Indians,0,0.8333333333333334,0.8,0.0,1.0
419152,PJ Sangwan,Mumbai Indians,2,1.0476190476190477,1.2,1.5,1.0
419152,S Ladda,Mumbai Indians,0,0.5555555555555556,0.8,1.0,0.0
419152,Z Khan,Delhi Daredevils,0,1.202020202020202,1.6,0.875,1.0
419153,AB Agarkar,Chennai Super Kings,0,0.7857142857142857,0.4,0.3333333333333333,2.0
419153,AB Dinda,Chennai Super Kings,0,1.0933333333333333,1.4,0.5714285714285714,3.0
419153,AD Mathews,Chennai Super Kings,0,0.6363636363636364,0.4,0.25,1.0
419153,CH Gayle,Chennai Super Kings,1,0.5,0.8,0.6,0.0
419153,DE Bollinger,Kolkata Knight Riders,2,1.5925925925925926,1.25,1.0,2.0
419153,DJ Hussey,Chennai Super Kings,0,0.38461538461538464,0.2,0.3333333333333333,0.0
419153,Iqbal Abdulla,Chennai Super Kings,0,0.9375,0.75,0.5714285714285714,1.0
419153,JA Morkel,Kolkata Knight Riders,0,1.103448275862069,0.8,0.6666666666666666,0.0
419153,LR Shukla,Chennai Super Kings,0,0.6296296296296297,0.6,0.4,1.0
419153,M Muralitharan,Kolkata Knight Riders,1,1.0151515151515151,0.8,0.7,1.0
419153,R Ashwin,Kolkata Knight Riders,3,0.9519230769230769,1.4,0.9230769230769231,1.0
419153,SB Jakati,Kolkata Knight Riders,1,0.8771929824561403,1.4,0.6666666666666666,1.0
419153,SK Raina,Kolkata Knight Riders,1,0.43478260869565216,0.6,0.4,0.0
419154,A Kumble,Rajasthan Royals,0,1.1666666666666667,0.8,2.0,1.0
419154,AC Voges,Royal Challengers Bangalore,0,0.14285714285714285,0.2,0.0,0.0
419154,DW Steyn,Rajasthan Royals,1,1.105263157894737,1.2,1.1818181818181819,0.0
419154,JH Kallis,Rajasthan Royals,1,0.8314606741573034,1.0,0.6363636363636364,2.0
419154,Kamran Khan,Royal Challengers Bangalore,2,1.5555555555555556,1.4,0.6666666666666666,2.0
419154,Pankaj Singh,Rajasthan Royals,2,0.6470588235294118,0.8,2.0,0.0
419154,R Vinay Kumar,Rajasthan Royals,2,1.2211538461538463,1.6,1.0714285714285714,0.0
419154,SK Trivedi,Royal Challengers Bangalore,2,0.9733333333333334,1.8,1.125,0.0
419154,SK Warne,Royal Challengers Bangalore,1,1.1111111111111112,1.2,1.2857142857142858,0.0
419154,SR Watson,Royal Challengers Bangalore,0,1.019047619047619,1.4,1.0,0.0
419155,A Mishra,Chennai Super Kings,2,1.1296296296296295,1.2,0.875,1.0
419155,A Nehra,Chennai Super Kings,3,1.375,1.2,1.625,2.0
419155,DE Bollinger,Delhi Daredevils,2,1.5925925925925926,1.4,1.0,0.0
419155,DP Nannes,Chennai Super Kings,1,1.3103448275862069,1.2,2.25,0.0
419155,JA Morkel,Delhi Daredevils,0,1.103448275862069,0.8,0.9230769230769231,1.0
419155,L Balaji,Delhi Daredevils,0,1.1643835616438356,1.2,1.3333333333333333,0.0
419155,R Ashwin,Delhi Daredevils,1,0.9519230769230769,1.6,1.4375,1.0
419155,SB Jakati,Delhi Daredevils,1,0.8771929824561403,1.0,1.1666666666666667,0.0
419155,SK Raina,Delhi Daredevils,0,0.43478260869565216,0.6,0.0,1.0
419155,TM Dilshan,Chennai Super Kings,1,0.2,0.6,0.5,0.0
419155,UT Yadav,Chennai Super Kings,0,1.1088435374149659,0.8,1.0555555555555556,3.0
419155,V Sehwag,Chennai Super Kings,2,0.4,0.6,0.6,0.0
419156,A Symonds,Kings XI Punjab,0,0.7666666666666667,0.6,0.8,0.0
419156,IK Pathan,Deccan Chargers,1,0.9801980198019802,1.6,1.0,0.0
419156,J Theron,Deccan Chargers,1,1.3,0.6,1.0,1.0
419156,MR Marsh,Kings XI Punjab,0,1.088235294117647,0.5,0.6666666666666666,1.0
419156,PP Chawla,Deccan Chargers,1,1.0523560209424083,1.2,0.8,1.0
419156,PP Ojha,Kings XI Punjab,0,1.1,1.2,1.0,2.0
419156,R Sharma,Kings XI Punjab,1,0.9545454545454546,1.0,1.0,1.0
419156,RG Sharma,Kings XI Punjab,0,0.5,0.0,0.5714285714285714,0.0
419156,RJ Harris,Kings XI Punjab,1,1.2702702702702702,2.2,0.3333333333333333,3.0
419156,RP Singh,Kings XI Punjab,1,1.2195121951219512,1.4,1.0,1.0
419156,SJ Srivastava,Deccan Chargers,0,1.0714285714285714,0.8,0.5,0.0
419156,VS Malik,Deccan Chargers,1,0.46153846153846156,0.2,0.5,0.0
419156,Yuvraj Singh,Deccan Chargers,1,0.5342465753424658,0.4,1.4285714285714286,0.0
419157,A Kumble,Mumbai Indians,1,1.1666666666666667,0.8,0.5,1.0
419157,CRD Fernando,Royal Challengers Bangalore,2,1.9,2.0,2.6666666666666665,0.0
419157,DW Steyn,Mumbai Indians,0,1.105263157894737,1.0,1.1428571428571428,3.0
419157,Harbhajan Singh,Royal Challengers Bangalore,2,1.00625,1.4,1.0869565217391304,2.0
419157,JH Kallis,Mumbai Indians,2,0.8314606741573034,1.2,0.7272727272727273,0.0
419157,KA Pollard,Royal Challengers Bangalore,3,0.7570093457943925,1.6,0.9333333333333333,4.0
419157,KP Pietersen,Mumbai Indians,1,0.6923076923076923,0.6,1.0,1.0
419157,Pankaj Singh,Mumbai Indians,0,0.6470588235294118,0.8,0.0,0.0
419157,R McLaren,Royal Challengers Bangalore,1,0.7777777777777778,0.8,1.0,0.0
419157,R Vinay Kumar,Mumbai Indians,0,1.2211538461538463,1.6,1.1538461538461537,0.0
419157,Z Khan,Royal Challengers Bangalore,1,1.202020202020202,1.2,1.3,0.0
419158,AB Dinda,Rajasthan Royals,3,1.0933333333333333,1.6,0.7777777777777778,2.0
419158,AJ Finch,Kolkata Knight Riders,0,0.2,0.0,0.0,0.0
419158,JD Unadkat,Rajasthan Royals,3,1.0480769230769231,1.5,0.5714285714285714,1.0
419158,Kamran Khan,Kolkata Knight Riders,2,1.5555555555555556,1.0,3.5,0.0
419158,LR Shukla,Rajasthan Royals,1,0.6296296296296297,0.8,0.8,1.0
419158,M Kartik,Rajasthan Royals,1,0.7090909090909091,0.8,0.5,2.0
419158,SE Bond,Rajasthan Royals,1,1.125,1.0,1.5,2.0
419158,SK Trivedi,Kolkata Knight Riders,0,0.9733333333333334,1.8,1.0,3.0
419158,SK Warne,Kolkata Knight Riders,0,1.1111111111111112,1.0,0.5,2.0
419158,SR Watson,Kolkata Knight Riders,0,1.019047619047619,0.8,1.0,0.0
419158,YK Pathan,Kolkata Knight Riders,0,0.5609756097560976,0.0,0.8,1.0
419159,DE Bollinger,Kings XI Punjab,0,1.5925925925925926,1.0,0.0,4.0
419159,IK Pathan,Chennai Super Kings,0,0.9801980198019802,1.4,1.0769230769230769,1.0
419159,J Theron,Chennai Super Kings,1,1.3,0.8,3.0,2.0
419159,JA Morkel,Kings XI Punjab,1,1.103448275862069,0.6,1.2727272727272727,1.0
419159,PP Chawla,Chennai Super Kings,1,1.0523560209424083,1.4,1.0,0.0
419159,R Ashwin,Kings XI Punjab,1,0.9519230769230769,1.8,1.1764705882352942,1.0
419159,RR Powar,Chennai Super Kings,2,0.5769230769230769,0.6,1.0,0.0
419159,SB Jakati,Kings XI Punjab,0,0.8771929824561403,1.0,0.25,2.0
419159,SK Raina,Kings XI Punjab,1,0.43478260869565216,0.8,0.3333333333333333,1.0
419159,Yuvraj Singh,Chennai Super Kings,0,0.5342465753424658,0.4,0.25,0.0
419160,A Mishra,Deccan Chargers,1,1.1296296296296295,0.8,1.8333333333333333,0.0
419160,A Nehra,Deccan Chargers,2,1.375,1.4,1.125,1.0
419160,A Symonds,Delhi Daredevils,0,0.7666666666666667,0.6,0.8333333333333334,1.0
419160,DP Nannes,Deccan Chargers,0,1.3103448275862069,0.8,1.0,1.0
419160,Harmeet Singh,Delhi Daredevils,2,1.1071428571428572,1.8,1.4,1.0
419160,MR Marsh,Delhi Daredevils,1,1.088235294117647,0.6666666666666666,1.0,0.0
419160,PP Ojha,Delhi Daredevils,2,1.1,1.4,1.0833333333333333,1.0
419160,R Sharma,Delhi Daredevils,1,0.9545454545454546,1.0,1.0,1.0
419160,TM Dilshan,Deccan Chargers,0,0.2,0.6,0.0,1.0
419160,UT Yadav,Deccan Chargers,3,1.1088435374149659,1.2,1.6666666666666667,0.0
419161,AB Dinda,Mumbai Indians,2,1.0933333333333333,2.0,1.1538461538461537,0.0
419161,AG Murtaza,Kolkata Knight Riders,0,1.0,1.3333333333333333,0.0,3.0
419161,CRD Fernando,Kolkata Knight Riders,0,1.9,1.4,0.5,1.0
419161,DJ Bravo,Kolkata Knight Riders,0,1.3101265822784811,0.6,1.3157894736842106,1.0
419161,DJ Hussey,Mumbai Indians,0,0.38461538461538464,0.0,0.0,1.0
419161,JD Unadkat,Mumbai Indians,1,1.0480769230769231,1.3333333333333333,1.2666666666666666,2.0
419161,JP Duminy,Kolkata Knight Riders,0,0.46938775510204084,0.2,0.14285714285714285,1.0
419161,M Kartik,Mumbai Indians,2,0.7090909090909091,1.0,1.0,1.0
419161,MK Tiwary,Mumbai Indians,1,0.16666666666666666,0.5,1.0,0.0
419161,R McLaren,Kolkata Knight Riders,0,0.7777777777777778,0.6,0.0,1.0
419161,R Sathish,Kolkata Knight Riders,1,0.42857142857142855,0.75,1.0,0.0
419161,SC Ganguly,Mumbai Indians,0,0.6,0.0,0.0,3.0
419161,STR Binny,Kolkata Knight Riders,0,0.4444444444444444,0.0,0.2857142857142857,0.0
419162,A Kumble,Mumbai Indians,1,1.1666666666666667,0.8,0.5,4.0
419162,CRD Fernando,Royal Challengers Bangalore,1,1.9,1.4,2.6666666666666665,2.0
419162,DW Steyn,Mumbai Indians,3,1.105263157894737,1.6,1.1428571428571428,1.0
419162,Harbhajan Singh,Royal Challengers Bangalore,2,1.00625,1.6,1.0869565217391304,0.0
419162,JH Kallis,Mumbai Indians,0,0.8314606741573034,1.2,0.7272727272727273,2.0
419162,KA Pollard,Royal Challengers Bangalore,4,0.7570093457943925,2.0,0.9333333333333333,1.0
419162,KP Pietersen,Mumbai Indians,1,0.6923076923076923,0.6,1.0,0.0
419162,P Kumar,Mumbai Indians,0,0.8571428571428571,0.4,0.8125,2.0
419162,R Vinay Kumar,Mumbai Indians,0,1.2211538461538463,1.4,1.1538461538461537,1.0
419162,SL Malinga,Royal Challengers Bangalore,2,1.540983606557377,1.0,0.9375,1.0
419162,V Kohli,Mumbai Indians,0,0.19230769230769232,0.0,0.0,1.0
419162,Z Khan,Royal Challengers Bangalore,0,1.202020202020202,0.8,1.3,1.0
419163,A Symonds,Chennai Super Kings,1,0.7666666666666667,0.6,1.3333333333333333,0.0
419163,DE Bollinger,Deccan Chargers,4,1.5925925925925926,1.6,2.25,2.0
419163,Harmeet Singh,Chennai Super Kings,1,1.1071428571428572,1.4,1.3333333333333333,0.0
419163,JA Morkel,Deccan Chargers,1,1.103448275862069,0.8,1.3333333333333333,2.0
419163,M Muralitharan,Deccan Chargers,1,1.0151515151515151,0.6,0.875,1.0
419163,PP Ojha,Chennai Super Kings,1,1.1,1.2,1.5333333333333334,0.0
419163,R Ashwin,Deccan Chargers,1,0.9519230769230769,1.6,0.8333333333333334,0.0
419163,RJ Harris,Chennai Super Kings,3,1.2702702702702702,2.4,1.3333333333333333,0.0
419163,RP Singh,Chennai Super Kings,1,1.2195121951219512,1.0,0.9230769230769231,0.0
419163,SB Jakati,Deccan Chargers,2,0.8771929824561403,1.0,1.8333333333333333,2.0
419163,SK Raina,Deccan Chargers,1,0.43478260869565216,0.8,1.1666666666666667,2.0
419164,A Symonds,Royal Challengers Bangalore,0,0.7666666666666667,0.4,1.0,1.0
419164,B Akhil,Deccan Chargers,0,0.5384615384615384,0.6,0.6666666666666666,0.0
419164,DW Steyn,Deccan Chargers,1,1.105263157894737,1.6,1.5,2.0
419164,Harmeet Singh,Royal Challengers Bangalore,0,1.1071428571428572,1.4,0.8333333333333334,2.0
419164,JH Kallis,Deccan Chargers,2,0.8314606741573034,1.0,0.4,2.0
419164,KP Pietersen,Deccan Chargers,0,0.6923076923076923,0.4,0.6666666666666666,1.0
419164,ND Doshi,Deccan Chargers,1,0.5,1.0,1.0,0.0
419164,P Kumar,Deccan Chargers,2,0.8571428571428571,0.8,1.2,1.0
419164,PP Ojha,Royal Challengers Bangalore,0,1.1,1.0,1.4444444444444444,0.0
419164,R Sharma,Royal Challengers Bangalore,1,0.9545454545454546,0.8,0.8333333333333334,0.0
419164,RJ Harris,Royal Challengers Bangalore,0,1.2702702702702702,2.0,1.625,1.0
419165,DE Bollinger,Mumbai Indians,2,1.5925925925925926,2.0,1.75,1.0
419165,Harbhajan Singh,Chennai Super Kings,0,1.00625,1.6,1.1428571428571428,2.0
419165,JA Morkel,Mumbai Indians,2,1.103448275862069,0.8,1.0909090909090908,0.0
419165,KA Pollard,Chennai Super Kings,1,0.7570093457943925,2.0,0.9375,0.0
419165,M Muralitharan,Mumbai Indians,1,1.0151515151515151,0.8,1.0,0.0
419165,R Ashwin,Mumbai Indians,0,0.9519230769230769,1.2,0.7941176470588235,1.0
419165,SB Jakati,Mumbai Indians,2,0.8771929824561403,1.2,0.8888888888888888,1.0
419165,SK Raina,Mumbai Indians,2,0.43478260869565216,1.0,0.5714285714285714,2.0
419165,SL Malinga,Chennai Super Kings,1,1.540983606557377,1.0,1.7619047619047619,5.0
419165,Z Khan,Chennai Super Kings,1,1.202020202020202,1.0,1.3333333333333333,1.0
501198,Iqbal Abdulla,Chennai Super Kings,1,0.9375,0.8,0.5714285714285714,3.0
501198,JA Morkel,Kolkata Knight Riders,0,1.103448275862069,0.8,0.6666666666666666,1.0
501198,JH Kallis,Chennai Super Kings,2,0.8314606741573034,1.4,0.7333333333333333,0.0
501198,L Balaji,Chennai Super Kings,0,1.1643835616438356,0.8,1.1666666666666667,1.0
501198,R Ashwin,Kolkata Knight Riders,1,0.9519230769230769,0.8,0.9230769230769231,0.0
501198,R Bhatia,Chennai Super Kings,0,0.9010989010989011,0.6,0.8461538461538461,2.0
501198,S Ladda,Chennai Super Kings,0,0.5555555555555556,0.8,0.0,0.0
501198,S Randiv,Kolkata Knight Riders,2,1.0,2.0,1.0,2.0
501198,SB Jakati,Kolkata Knight Riders,1,0.8771929824561403,1.2,0.6666666666666666,0.0
501198,SK Raina,Kolkata Knight Riders,2,0.43478260869565216,1.2,0.4,0.0
501198,TG Southee,Kolkata Knight Riders,1,1.0555555555555556,1.0,0.7142857142857143,1.0
501198,YK Pathan,Chennai Super Kings,1,0.5609756097560976,0.2,0.7333333333333333,0.0
501199,A Mishra,Rajasthan Royals,0,1.1296296296296295,0.8,1.619047619047619,2.0
501199,A Singh,Deccan Chargers,3,1.3478260869565217,1.8,1.5,1.0
501199,AL Menaria,Deccan Chargers,0,0.25,0.0,0.0,0.0
501199,DT Christian,Rajasthan Royals,0,0.8163265306122449,0.0,0.6666666666666666,0.0
501199,DW Steyn,Rajasthan Royals,2,1.105263157894737,1.4,1.1818181818181819,1.0
501199,I Sharma,Rajasthan Royals,0,0.8727272727272727,1.0,1.0,0.0
501199,J Botha,Deccan Chargers,0,0.7941176470588235,1.25,0.3333333333333333,0.0
501199,JDP Oram,Deccan Chargers,0,0.9285714285714286,0.4,0.0,1.0
501199,PP Ojha,Rajasthan Royals,0,1.1,0.6,0.8461538461538461,0.0
501199,SK Trivedi,Deccan Chargers,3,0.9733333333333334,1.6,1.5555555555555556,1.0
501199,SK Warne,Deccan Chargers,2,1.1111111111111112,0.6,1.8571428571428572,2.0
501199,STR Binny,Deccan Chargers,0,0.4444444444444444,0.0,0.5,0.0
501200,A Mithun,Kochi Tuskers Kerala,0,0.5,0.3333333333333333,1.0,0.0
501200,AUK Pathan,Kochi Tuskers Kerala,0,0.0,0.0,0.0,0.0
501200,DL Vettori,Kochi Tuskers Kerala,1,1.0,0.8,1.5,0.0
501200,DP Nannes,Kochi Tuskers Kerala,1,1.3103448275862069,0.8,1.0,1.0
501200,M Muralitharan,Royal Challengers Bangalore,0,1.0151515151515151,0.8,1.4285714285714286,1.0
501200,R Vinay Kumar,Royal Challengers Bangalore,1,1.2211538461538463,0.8,1.2,1.0
501200,RA Jadeja,Royal Challengers Bangalore,1,0.8009478672985783,0.6,1.037037037037037,2.0
501200,RP Singh,Royal Challengers Bangalore,0,1.2195121951219512,1.0,1.0,0.0
501200,RV Gomez,Royal Challengers Bangalore,1,0.6666666666666666,1.0,1.0,1.0
501200,S Sreesanth,Royal Challengers Bangalore,1,0.9772727272727273,0.8,1.0,0.0
501200,TM Dilshan,Kochi Tuskers Kerala,1,0.2,0.8,0.5,0.0
501200,V Kohli,Kochi Tuskers Kerala,1,0.19230769230769232,0.2,1.0,0.0
501200,Z Khan,Kochi Tuskers Kerala,1,1.202020202020202,0.6,1.0,0.0
501201,AB Dinda,Mumbai Indians,0,1.0933333333333333,1.4,1.1538461538461537,1.0
501201,AG Murtaza,Delhi Daredevils,3,1.0,1.75,3.0,0.0
501201,AJ Finch,Mumbai Indians,0,0.2,0.0,0.5,1.0
501201,Harbhajan Singh,Delhi Daredevils,2,1.00625,1.4,1.1578947368421053,0.0
501201,IK Pathan,Mumbai Indians,1,0.9801980198019802,1.6,1.2666666666666666,1.0
501201,JEC Franklin,Delhi Daredevils,0,0.6,0.0,0.0,0.0
501201,KA Pollard,Delhi Daredevils,0,0.7570093457943925,1.8,0.5454545454545454,2.0
501201,M Morkel,Mumbai Indians,1,1.2571428571428571,0.4,1.4444444444444444,1.0
501201,MM Patel,Delhi Daredevils,0,1.3015873015873016,1.0,1.1,0.0
501201,RE van der Merwe,Mumbai Indians,0,1.1904761904761905,0.8,0.75,1.0
501201,SL Malinga,Delhi Daredevils,5,1.540983606557377,2.0,1.8333333333333333,2.0
501201,UT Yadav,Mumbai Indians,0,1.1088435374149659,1.0,1.0555555555555556,0.0
501202,AC Thomas,Kings XI Punjab,2,1.0666666666666667,2.0,2.0,1.0
501202,AM Nayar,Pune Warriors,1,0.47368421052631576,1.0,1.0,0.0
501202,JD Ryder,Kings XI Punjab,1,0.6875,0.6,0.6,2.0
501202,M Kartik,Kings XI Punjab,1,0.7090909090909091,1.2,0.6666666666666666,0.0
501202,M Manhas,Kings XI Punjab,0,0.0,0.0,0.0,0.0
501202,P Kumar,Pune Warriors,1,0.8571428571428571,0.8,1.0,2.0
501202,PP Chawla,Pune Warriors,0,1.0523560209424083,1.4,0.4,1.0
501202,R McLaren,Pune Warriors,1,0.7777777777777778,0.4,1.0,0.0
501202,R Sharma,Kings XI Punjab,0,0.9545454545454546,0.8,1.0,1.0
501202,SB Wagh,Kings XI Punjab,3,0.625,2.0,1.5,0.0
501202,WD Parnell,Kings XI Punjab,1,1.2121212121212122,1.0,1.0,4.0
501203,A Mishra,Kolkata Knight Riders,2,1.1296296296296295,1.0,1.0,1.0
501203,DT Christian,Kolkata Knight Riders,0,0.8163265306122449,0.0,0.8,1.0
501203,DW Steyn,Kolkata Knight Riders,1,1.105263157894737,1.4,1.0769230769230769,3.0
501203,I Sharma,Kolkata Knight Riders,0,0.8727272727272727,0.6,0.75,1.0
501203,Iqbal Abdulla,Deccan Chargers,3,0.9375,1.2,2.5,0.0
501203,JD Unadkat,Deccan Chargers,2,1.0480769230769231,1.5,2.0,0.0
501203,JP Duminy,Kolkata Knight Riders,1,0.46938775510204084,0.4,0.14285714285714285,0.0
501203,L Balaji,Deccan Chargers,1,1.1643835616438356,0.6,1.0,0.0
501203,PP Ojha,Kolkata Knight Riders,0,1.1,0.6,0.8571428571428571,1.0
501203,R Bhatia,Deccan Chargers,2,0.9010989010989011,0.8,2.1666666666666665,0.0
501203,RN ten Doeschate,Deccan Chargers,0,0.3,0.0,0.0,1.0
501203,YK Pathan,Deccan Chargers,0,0.5609756097560976,0.2,0.7777777777777778,2.0
501204,A Singh,Delhi Daredevils,1,1.3478260869565217,1.2,0.75,1.0
501204,AB Dinda,Rajasthan Royals,1,1.0933333333333333,1.2,0.7777777777777778,2.0
501204,IK Pathan,Rajasthan Royals,1,0.9801980198019802,1.2,1.0,0.0
501204,J Botha,Delhi Daredevils,0,0.7941176470588235,1.0,0.3333333333333333,0.0
501204,M Morkel,Rajasthan Royals,1,1.2571428571428571,0.4,0.6666666666666666,0.0
501204,RE van der Merwe,Rajasthan Royals,1,1.1904761904761905,0.8,0.5,3.0
501204,S Nadeem,Rajasthan Royals,0,0.7714285714285715,0.0,0.8,2.0
501204,SK Trivedi,Delhi Daredevils,1,0.9733333333333334,1.4,0.625,0.0
501204,SK Warne,Delhi Daredevils,2,1.1111111111111112,1.0,1.0,0.0
501204,SW Tait,Delhi Daredevils,2,1.2380952380952381,1.8,0.75,1.0
501205,A Mithun,Mumbai Indians,0,0.5,0.25,0.0,2.0
501205,AG Murtaza,Royal Challengers Bangalore,0,1.0,1.4,0.0,0.0
501205,AUK Pathan,Mumbai Indians,0,0.0,0.0,0.0,0.0
501205,DL Vettori,Mumbai Indians,0,1.0,0.8,1.5,0.0
501205,DP Nannes,Mumbai Indians,1,1.3103448275862069,0.8,1.8,1.0
501205,Harbhajan Singh,Royal Challengers Bangalore,0,1.00625,1.2,1.0869565217391304,0.0
501205,JEC Franklin,Royal Challengers Bangalore,0,0.6,0.0,0.0,1.0
501205,KA Pollard,Royal Challengers Bangalore,2,0.7570093457943925,2.0,0.9333333333333333,0.0
501205,MM Patel,Royal Challengers Bangalore,0,1.3015873015873016,0.8,1.2222222222222223,0.0
501205,SL Malinga,Royal Challengers Bangalore,2,1.540983606557377,2.0,0.9375,2.0
501205,TM Dilshan,Mumbai Indians,0,0.2,0.6,0.0,0.0
501205,V Kohli,Mumbai Indians,0,0.19230769230769232,0.2,0.0,0.0
501205,Z Khan,Mumbai Indians,0,1.202020202020202,0.6,1.0,3.0
501206,AM Nayar,Chennai Super Kings,0,0.47368421052631576,0.4,0.25,0.0
501206,BA Bhatt,Chennai Super Kings,0,0.8666666666666667,0.0,0.5,2.0
501206,JA Morkel,Kings XI Punjab,1,1.103448275862069,1.0,1.2727272727272727,2.0
501206,P Kumar,Chennai Super Kings,2,0.8571428571428571,1.0,1.1333333333333333,0.0
501206,PP Chawla,Chennai Super Kings,1,1.0523560209424083,1.0,1.0,1.0
501206,R Ashwin,Kings XI Punjab,0,0.9519230769230769,0.6,1.1764705882352942,1.0
501206,R McLaren,Chennai Super Kings,0,0.7777777777777778,0.4,0.3333333333333333,2.0
501206,RJ Harris,Chennai Super Kings,1,1.2702702702702702,1.6,1.3333333333333333,1.0
501206,S Randiv,Kings XI Punjab,2,1.0,2.0,2.0,2.0
501206,SB Jakati,Kings XI Punjab,0,0.8771929824561403,1.0,0.25,1.0
501206,SK Raina,Kings XI Punjab,0,0.43478260869565216,1.2,0.3333333333333333,0.0
501206,TG Southee,Kings XI Punjab,1,1.0555555555555556,1.0,1.1666666666666667,1.0
501207,AC Thomas,Kochi Tuskers Kerala,1,1.0666666666666667,1.5,1.0,0.0
501207,BJ Hodge,Pune Warriors,2,0.9,0.8,2.0,0.0
501207,JD Ryder,Kochi Tuskers Kerala,2,0.6875,0.8,2.0,1.0
501207,M Kartik,Kochi Tuskers Kerala,0,0.7090909090909091,1.0,0.0,0.0
501207,M Muralitharan,Pune Warriors,1,1.0151515151515151,0.8,1.0,1.0
501207,R Sharma,Kochi Tuskers Kerala,1,0.9545454545454546,0.8,1.0,2.0
501207,R Vinay Kumar,Pune Warriors,1,1.2211538461538463,0.8,2.2,1.0
501207,RA Jadeja,Pune Warriors,2,0.8009478672985783,0.6,1.0,0.0
501207,RP Singh,Pune Warriors,0,1.2195121951219512,0.8,0.6666666666666666,0.0
501207,S Sreesanth,Pune Warriors,0,0.9772727272727273,0.4,0.0,0.0
501207,SB Wagh,Kochi Tuskers Kerala,0,0.625,1.3333333333333333,0.0,0.0
501207,WD Parnell,Kochi Tuskers Kerala,4,1.2121212121212122,2.5,4.0,0.0
501207,Yuvraj Singh,Kochi Tuskers Kerala,0,0.5342465753424658,0.4,0.0,4.0
501208,A Mishra,Royal Challengers Bangalore,1,1.1296296296296295,1.2,1.0555555555555556,2.0
501208,DL Vettori,Deccan Chargers,0,1.0,0.6,0.5,0.0
501208,DT Christian,Royal Challengers Bangalore,1,0.8163265306122449,0.3333333333333333,0.6666666666666666,0.0
501208,DW Steyn,Royal Challengers Bangalore,3,1.105263157894737,2.0,1.0,0.0
501208,I Sharma,Royal Challengers Bangalore,1,0.8727272727272727,0.4,0.7333333333333333,0.0
501208,JJ van der Wath,Deccan Chargers,1,1.0,1.0,1.0,2.0
501208,MS Gony,Royal Challengers Bangalore,3,0.8863636363636364,1.0,1.3333333333333333,0.0
501208,R Ninan,Deccan Chargers,1,1.5,1.0,1.0,2.0
501208,S Aravind,Deccan Chargers,0,1.263157894736842,0.0,0.0,3.0
501208,TM Dilshan,Deccan Chargers,0,0.2,0.4,0.0,0.0
501208,Z Khan,Deccan Chargers,3,1.202020202020202,1.0,1.8571428571428572,1.0
501209,A Singh,Kolkata Knight Riders,1,1.3478260869565217,1.2,1.2,0.0
501209,AL Menaria,Kolkata Knight Riders,0,0.25,0.0,0.5,0.0
501209,B Lee,Rajasthan Royals,0,0.7894736842105263,0.0,1.0,1.0
501209,Iqbal Abdulla,Rajasthan Royals,0,0.9375,1.2,0.8,2.0
501209,J Botha,Kolkata Knight Riders,0,0.7941176470588235,0.8,1.2,1.0
501209,JH Kallis,Rajasthan Royals,0,0.8314606741573034,1.2,0.6363636363636364,0.0
501209,L Balaji,Rajasthan Royals,0,1.1643835616438356,0.4,1.0,3.0
501209,ND Doshi,Kolkata Knight Riders,0,0.5,0.5,0.0,0.0
501209,R Bhatia,Rajasthan Royals,0,0.9010989010989011,0.6,1.1428571428571428,1.0
501209,SK Trivedi,Kolkata Knight Riders,0,0.9733333333333334,1.2,1.0,0.0
501209,SK Warne,Kolkata Knight Riders,0,1.1111111111111112,1.0,0.5,1.0
501209,SR Watson,Kolkata Knight Riders,0,1.019047619047619,0.8,1.0,0.0
501209,Shakib Al Hasan,Rajasthan Royals,2,1.0142857142857142,2.0,1.3,2.0
501209,YK Pathan,Rajasthan Royals,2,0.5609756097560976,0.6,1.0,1.0
501210,AG Murtaza,Kochi Tuskers Kerala,0,1.0,1.2,0.0,2.0
501210,Harbhajan Singh,Kochi Tuskers Kerala,0,1.00625,0.8,0.0,5.0
501210,KA Pollard,Kochi Tuskers Kerala,0,0.7570093457943925,1.4,0.0,0.0
501210,MM Patel,Kochi Tuskers Kerala,0,1.3015873015873016,0.8,0.0,3.0
501210,NLTC Perera,Mumbai Indians,0,1.0277777777777777,0.0,0.0,2.0
501210,R Sathish,Kochi Tuskers Kerala,0,0.42857142857142855,0.6,0.0,0.0
501210,R Vinay Kumar,Mumbai Indians,1,1.2211538461538463,0.6,1.1538461538461537,0.0
501210,RA Jadeja,Mumbai Indians,0,0.8009478672985783,0.6,0.6451612903225806,0.0
501210,RP Singh,Mumbai Indians,0,1.2195121951219512,0.4,1.75,1.0
501210,RR Powar,Mumbai Indians,0,0.5769230769230769,0.6,0.3333333333333333,0.0
501210,RV Gomez,Mumbai Indians,1,0.6666666666666666,1.0,1.0,1.0
501210,SL Malinga,Kochi Tuskers Kerala,2,1.540983606557377,2.4,2.0,2.0
501211,DL Vettori,Chennai Super Kings,0,1.0,0.2,0.8333333333333334,1.0
501211,JA Morkel,Royal Challengers Bangalore,2,1.103448275862069,1.2,1.25,0.0
501211,JJ van der Wath,Chennai Super Kings,2,1.0,1.5,2.0,0.0
501211,R Ashwin,Royal Challengers Bangalore,1,0.9519230769230769,0.6,0.8461538461538461,2.0
501211,S Randiv,Royal Challengers Bangalore,2,1.0,2.0,2.0,1.0
501211,SB Jakati,Royal Challengers Bangalore,1,0.8771929824561403,1.2,0.8888888888888888,0.0
501211,SK Raina,Royal Challengers Bangalore,0,0.43478260869565216,1.0,0.2,0.0
501211,TG Southee,Royal Challengers Bangalore,1,1.0555555555555556,1.0,1.0,0.0
501211,TM Dilshan,Chennai Super Kings,0,0.2,0.2,0.5,0.0
501211,V Kohli,Chennai Super Kings,0,0.19230769230769232,0.2,0.16666666666666666,0.0
501211,Z Khan,Chennai Super Kings,1,1.202020202020202,1.2,1.3333333333333333,0.0
501212,A Mishra,Kings XI Punjab,2,1.1296296296296295,1.2,1.15,1.0
501212,AM Nayar,Deccan Chargers,0,0.47368421052631576,0.2,0.3333333333333333,0.0
501212,DT Christian,Kings XI Punjab,0,0.8163265306122449,0.25,1.1428571428571428,2.0
501212,DW Steyn,Kings XI Punjab,0,1.105263157894737,1.4,0.6666666666666666,0.0
501212,I Sharma,Kings XI Punjab,0,0.8727272727272727,0.2,0.5,1.0
501212,JP Duminy,Kings XI Punjab,0,0.46938775510204084,0.4,1.0,0.0
501212,MS Gony,Kings XI Punjab,0,0.8863636363636364,0.8,0.75,1.0
501212,P Kumar,Deccan Chargers,0,0.8571428571428571,1.0,1.2,2.0
501212,PC Valthaty,Deccan Chargers,4,0.7,4.0,2.5,0.0
501212,PP Chawla,Deccan Chargers,1,1.0523560209424083,0.8,0.8,1.0
501212,R McLaren,Deccan Chargers,2,0.7777777777777778,0.8,1.0,1.0
501212,RJ Harris,Deccan Chargers,1,1.2702702702702702,1.2,0.6666666666666666,1.0
501212,VS Malik,Deccan Chargers,0,0.46153846153846156,0.2,0.5,0.0
501213,AA Jhunjhunwala,Delhi Daredevils,0,0.1,0.0,0.0,0.0
501213,AB Dinda,Pune Warriors,2,1.0933333333333333,1.6,2.0,1.0
501213,AC Thomas,Delhi Daredevils,0,1.0666666666666667,1.0,1.0,1.0
501213,IK Pathan,Pune Warriors,0,0.9801980198019802,0.6,0.8,1.0
501213,JD Ryder,Delhi Daredevils,1,0.6875,1.0,0.5,0.0
501213,JR Hopes,Pune Warriors,1,0.7,0.8,1.0,1.0
501213,R Sharma,Delhi Daredevils,2,0.9545454545454546,1.0,1.0,1.0
501213,S Nadeem,Pune Warriors,2,0.7714285714285715,1.0,0.6,1.0
501213,SB Wagh,Delhi Daredevils,0,0.625,1.0,0.0,1.0
501213,UT Yadav,Pune Warriors,0,1.1088435374149659,0.6,0.6,1.0
501213,WD Parnell,Delhi Daredevils,0,1.2121212121212122,1.6666666666666667,0.5,0.0
501213,Y Venugopal Rao,Pune Warriors,0,0.35,0.6,0.0,0.0
501213,Yuvraj Singh,Delhi Daredevils,4,0.5342465753424658,1.2,0.5714285714285714,0.0
501214,A Singh,Kolkata Knight Riders,0,1.3478260869565217,1.2,1.2,1.0
501214,B Lee,Rajasthan Royals,1,0.7894736842105263,0.2,1.0,1.0
501214,Iqbal Abdulla,Rajasthan Royals,2,0.9375,1.2,0.8,0.0
501214,L Balaji,Rajasthan Royals,3,1.1643835616438356,0.8,1.0,0.0
501214,R Bhatia,Rajasthan Royals,1,0.9010989010989011,0.6,1.1428571428571428,0.0
501214,SK Trivedi,Kolkata Knight Riders,0,0.9733333333333334,0.8,1.0,0.0
501214,SK Warne,Kolkata Knight Riders,1,1.1111111111111112,1.0,0.5,1.0
501214,SR Watson,Kolkata Knight Riders,0,1.019047619047619,0.6,1.0,3.0
501214,SW Tait,Kolkata Knight Riders,1,1.2380952380952381,1.2,0.6666666666666666,3.0
501214,Shakib Al Hasan,Rajasthan Royals,2,1.0142857142857142,2.0,1.3,3.0
501214,YK Pathan,Rajasthan Royals,1,0.5609756097560976,0.8,1.0,3.0
501215,DE Bollinger,Kochi Tuskers Kerala,1,1.5925925925925926,1.8,1.5,2.0
501215,JA Morkel,Kochi Tuskers Kerala,0,1.103448275862069,1.0,0.0,1.0
501215,NLTC Perera,Chennai Super Kings,2,1.0277777777777777,0.6666666666666666,2.5,1.0
501215,R Ashwin,Kochi Tuskers Kerala,2,0.9519230769230769,0.8,1.5,0.0
501215,R Vinay Kumar,Chennai Super Kings,0,1.2211538461538463,0.6,1.0588235294117647,3.0
501215,RA Jadeja,Chennai Super Kings,0,0.8009478672985783,0.6,0.6666666666666666,2.0
501215,RP Singh,Chennai Super Kings,1,1.2195121951219512,0.4,0.9230769230769231,2.0
501215,RR Powar,Chennai Super Kings,0,0.5769230769230769,0.6,1.0,1.0
501215,RV Gomez,Chennai Super Kings,1,0.6666666666666666,1.0,1.0,0.0
501215,SB Jakati,Kochi Tuskers Kerala,0,0.8771929824561403,0.8,0.5,0.0
501215,TG Southee,Kochi Tuskers Kerala,0,1.0555555555555556,0.75,0.0,1.0
501216,A Mishra,Delhi Daredevils,1,1.1296296296296295,1.2,0.75,2.0
501216,AB Dinda,Deccan Chargers,1,1.0933333333333333,1.2,1.75,1.0
501216,DT Christian,Delhi Daredevils,2,0.8163265306122449,0.6,1.5,0.0
501216,DW Steyn,Delhi Daredevils,0,1.105263157894737,1.2,1.6363636363636365,0.0
501216,Harmeet Singh,Delhi Daredevils,2,1.1071428571428572,1.4,1.4,1.0
501216,IK Pathan,Deccan Chargers,1,0.9801980198019802,0.6,1.0,1.0
501216,JR Hopes,Deccan Chargers,1,0.7,0.6,1.0,1.0
501216,M Morkel,Deccan Chargers,0,1.2571428571428571,0.4,1.0,1.0
501216,PP Ojha,Delhi Daredevils,1,1.1,0.4,1.0833333333333333,1.0
501216,S Dhawan,Delhi Daredevils,1,0.6666666666666666,1.0,1.0,0.0
501216,S Nadeem,Deccan Chargers,1,0.7714285714285715,1.0,1.3333333333333333,1.0
501216,Y Nagar,Deccan Chargers,0,0.5,1.0,0.3333333333333333,0.0
501218,AC Thomas,Mumbai Indians,1,1.0666666666666667,1.0,1.0,2.0
501218,AG Murtaza,Pune Warriors,2,1.0,1.0,2.0,0.0
501218,AN Ahmed,Pune Warriors,2,0.8823529411764706,1.0,2.0,0.0
501218,JD Ryder,Mumbai Indians,0,0.6875,0.8,0.0,1.0
501218,JEC Franklin,Pune Warriors,1,0.6,0.3333333333333333,0.3333333333333333,0.0
501218,KA Pollard,Pune Warriors,0,0.7570093457943925,0.6,1.25,1.0
501218,M Kartik,Mumbai Indians,0,0.7090909090909091,0.8,1.0,0.0
501218,MM Patel,Pune Warriors,3,1.3015873015873016,1.0,2.0,1.0
501218,R Sharma,Mumbai Indians,1,0.9545454545454546,1.0,1.0,1.0
501218,SB Wagh,Mumbai Indians,1,0.625,1.0,0.5,0.0
501218,SL Malinga,Pune Warriors,2,1.540983606557377,2.4,2.0,2.0
501218,WD Parnell,Mumbai Indians,0,1.2121212121212122,1.25,1.2,2.0
501218,Yuvraj Singh,Mumbai Indians,0,0.5342465753424658,1.0,0.6,0.0
501219,B Lee,Kochi Tuskers Kerala,1,0.7894736842105263,0.4,0.5,2.0
501219,Iqbal Abdulla,Kochi Tuskers Kerala,0,0.9375,1.2,0.0,0.0
501219,L Balaji,Kochi Tuskers Kerala,0,1.1643835616438356,0.8,0.0,1.0
501219,M Muralitharan,Kolkata Knight Riders,1,1.0151515151515151,0.8,0.7,0.0
501219,R Vinay Kumar,Kolkata Knight Riders,3,1.2211538461538463,1.2,2.0,0.0
501219,RA Jadeja,Kolkata Knight Riders,2,0.8009478672985783,1.0,0.8148148148148148,1.0
501219,RP Singh,Kolkata Knight Riders,2,1.2195121951219512,0.6,2.0,0.0
501219,RR Powar,Kolkata Knight Riders,1,0.5769230769230769,0.8,0.25,1.0
501219,Shakib Al Hasan,Kochi Tuskers Kerala,3,1.0142857142857142,2.3333333333333335,3.0,0.0
501219,YK Pathan,Kochi Tuskers Kerala,3,0.5609756097560976,1.4,2.0,0.0
501220,AL Menaria,Kings XI Punjab,0,0.25,0.0,0.0,2.0
501220,AM Nayar,Rajasthan Royals,0,0.47368421052631576,0.2,0.0,1.0
501220,BA Bhatt,Rajasthan Royals,2,0.8666666666666667,1.0,2.0,2.0
501220,P Kumar,Rajasthan Royals,2,0.8571428571428571,1.4,0.8333333333333334,1.0
501220,PC Valthaty,Rajasthan Royals,0,0.7,2.0,0.0,0.0
501220,PP Chawla,Rajasthan Royals,1,1.0523560209424083,0.8,1.0909090909090908,1.0
501220,R McLaren,Rajasthan Royals,1,0.7777777777777778,0.8,0.5,1.0
501220,RJ Harris,Rajasthan Royals,1,1.2702702702702702,1.2,1.75,0.0
501220,SK Trivedi,Kings XI Punjab,0,0.9733333333333334,0.8,1.1,4.0
501220,SK Warne,Kings XI Punjab,1,1.1111111111111112,1.2,1.1666666666666667,3.0
501220,SR Watson,Kings XI Punjab,3,1.019047619047619,0.6,1.1538461538461537,1.0
501220,STR Binny,Kings XI Punjab,0,0.4444444444444444,0.0,0.375,0.0
501220,SW Tait,Kings XI Punjab,3,1.2380952380952381,1.4,2.6666666666666665,0.0
501221,AN Ahmed,Chennai Super Kings,0,0.8823529411764706,0.6666666666666666,0.25,1.0
501221,DE Bollinger,Mumbai Indians,2,1.5925925925925926,1.8,1.75,3.0
501221,Harbhajan Singh,Chennai Super Kings,5,1.00625,1.4,1.1428571428571428,1.0
501221,JA Morkel,Mumbai Indians,1,1.103448275862069,0.8,1.0909090909090908,4.0
501221,KA Pollard,Chennai Super Kings,1,0.7570093457943925,0.6,0.9375,2.0
501221,MM Patel,Chennai Super Kings,1,1.3015873015873016,0.8,1.125,1.0
501221,R Ashwin,Mumbai Indians,0,0.9519230769230769,0.8,0.7941176470588235,2.0
501221,R Sathish,Chennai Super Kings,0,0.42857142857142855,0.2,0.25,0.0
501221,RG Sharma,Chennai Super Kings,0,0.5,0.0,0.4,0.0
501221,S Randiv,Mumbai Indians,1,1.0,1.75,1.0,0.0
501221,SK Raina,Mumbai Indians,0,0.43478260869565216,0.8,0.5714285714285714,0.0
501221,SL Malinga,Chennai Super Kings,2,1.540983606557377,2.6,1.7619047619047619,3.0
501222,CH Gayle,Kolkata Knight Riders,0,0.5,0.6,0.0,0.0
501222,DL Vettori,Kolkata Knight Riders,1,1.0,0.4,1.25,2.0
501222,Iqbal Abdulla,Royal Challengers Bangalore,0,0.9375,1.0,0.5,3.0
501222,J Syed Mohammad,Kolkata Knight Riders,1,0.9090909090909091,1.0,1.0,0.0
501222,JD Unadkat,Royal Challengers Bangalore,0,1.0480769230769231,1.2,0.8181818181818182,1.0
501222,L Balaji,Royal Challengers Bangalore,1,1.1643835616438356,1.0,1.5,2.0
501222,MK Tiwary,Royal Challengers Bangalore,0,0.16666666666666666,0.3333333333333333,0.0,0.0
501222,R Bhatia,Royal Challengers Bangalore,0,0.9010989010989011,0.6,0.25,1.0
501222,S Aravind,Kolkata Knight Riders,3,1.263157894736842,1.5,1.3333333333333333,1.0
501222,Shakib Al Hasan,Royal Challengers Bangalore,0,1.0142857142857142,1.75,0.6666666666666666,2.0
501222,TM Dilshan,Kolkata Knight Riders,0,0.2,0.2,0.0,0.0
501222,V Kohli,Kolkata Knight Riders,0,0.19230769230769232,0.2,0.0,0.0
501222,YK Pathan,Royal Challengers Bangalore,0,0.5609756097560976,1.2,0.42857142857142855,1.0
501222,Z Khan,Kolkata Knight Riders,0,1.202020202020202,1.0,1.4,1.0
501223,AB Agarkar,Kings XI Punjab,2,0.7857142857142857,0.6,0.8333333333333334,2.0
501223,AM Nayar,Delhi Daredevils,1,0.47368421052631576,0.4,0.6666666666666666,0.0
501223,DJ Hussey,Delhi Daredevils,1,0.38461538461538464,0.2,0.3333333333333333,0.0
501223,IK Pathan,Kings XI Punjab,1,0.9801980198019802,0.8,0.6,0.0
501223,JR Hopes,Kings XI Punjab,1,0.7,0.8,0.5,1.0
501223,M Morkel,Kings XI Punjab,1,1.2571428571428571,0.6,1.6666666666666667,3.0
501223,P Kumar,Delhi Daredevils,1,0.8571428571428571,1.2,0.8571428571428571,0.0
501223,PC Valthaty,Delhi Daredevils,0,0.7,1.3333333333333333,0.5,0.0
501223,PP Chawla,Delhi Daredevils,1,1.0523560209424083,0.8,1.105263157894737,0.0
501223,RJ Harris,Delhi Daredevils,0,1.2702702702702702,0.6,1.5,0.0
501223,SJ Srivastava,Delhi Daredevils,0,1.0714285714285714,0.4,1.0,2.0
501223,VR Aaron,Kings XI Punjab,1,0.92,1.0,0.6666666666666666,1.0
501223,Y Nagar,Kings XI Punjab,0,0.5,0.75,0.0,1.0
501224,A Mishra,Mumbai Indians,2,1.1296296296296295,1.6,1.1363636363636365,1.0
501224,AN Ahmed,Deccan Chargers,1,0.8823529411764706,0.75,1.0,0.0
501224,DT Christian,Mumbai Indians,0,0.8163265306122449,0.6,0.5454545454545454,0.0
501224,DW Steyn,Mumbai Indians,0,1.105263157894737,0.8,1.1428571428571428,3.0
501224,Harbhajan Singh,Deccan Chargers,1,1.00625,1.6,1.25,0.0
501224,I Sharma,Mumbai Indians,1,0.8727272727272727,0.4,1.1333333333333333,5.0
501224,KA Pollard,Deccan Chargers,2,0.7570093457943925,1.0,1.6,0.0
501224,MM Patel,Deccan Chargers,1,1.3015873015873016,1.0,0.875,2.0
501224,PP Ojha,Mumbai Indians,1,1.1,0.4,1.2857142857142858,4.0
501224,R Sathish,Deccan Chargers,0,0.42857142857142855,0.2,0.0,0.0
501224,SL Malinga,Deccan Chargers,3,1.540983606557377,2.2,2.5,1.0
501225,A Singh,Kochi Tuskers Kerala,1,1.3478260869565217,1.2,1.0,2.0
501225,J Botha,Kochi Tuskers Kerala,1,0.7941176470588235,0.8,1.0,3.0
501225,M Muralitharan,Rajasthan Royals,0,1.0151515151515151,0.6,0.6666666666666666,0.0
501225,NLTC Perera,Rajasthan Royals,1,1.0277777777777777,0.75,1.0,2.0
501225,R Vinay Kumar,Rajasthan Royals,0,1.2211538461538463,1.0,1.0714285714285714,3.0
501225,RA Jadeja,Rajasthan Royals,1,0.8009478672985783,1.0,1.0476190476190477,0.0
501225,RP Singh,Rajasthan Royals,0,1.2195121951219512,0.6,1.2727272727272727,2.0
501225,RV Gomez,Rajasthan Royals,0,0.6666666666666666,0.75,0.0,0.0
501225,SK Trivedi,Kochi Tuskers Kerala,4,0.9733333333333334,1.0,4.0,0.0
501225,SK Warne,Kochi Tuskers Kerala,3,1.1111111111111112,1.4,3.0,1.0
501225,SR Watson,Kochi Tuskers Kerala,1,1.019047619047619,0.8,1.0,0.0
501226,AC Thomas,Chennai Super Kings,2,1.0666666666666667,1.2,1.0,0.0
501226,DE Bollinger,Pune Warriors,3,1.5925925925925926,2.4,2.3333333333333335,3.0
501226,JA Morkel,Pune Warriors,4,1.103448275862069,1.6,1.6666666666666667,3.0
501226,JE Taylor,Chennai Super Kings,3,1.2,3.0,1.5,0.0
501226,M Kartik,Chennai Super Kings,0,0.7090909090909091,0.6,0.3333333333333333,1.0
501226,NL McCullum,Chennai Super Kings,0,0.0,0.0,0.0,0.0
501226,R Ashwin,Pune Warriors,2,0.9519230769230769,1.0,1.0,1.0
501226,R Sharma,Chennai Super Kings,1,0.9545454545454546,1.0,0.8333333333333334,0.0
501226,S Randiv,Pune Warriors,0,1.0,1.4,0.0,0.0
501226,SB Jakati,Pune Warriors,0,0.8771929824561403,0.4,0.3333333333333333,0.0
501226,SK Raina,Pune Warriors,0,0.43478260869565216,0.4,0.0,0.0
501226,Yuvraj Singh,Chennai Super Kings,0,0.5342465753424658,0.8,0.25,0.0
501227,A Mithun,Delhi Daredevils,2,0.5,0.6,1.5,0.0
501227,AB Dinda,Royal Challengers Bangalore,1,1.0933333333333333,1.0,1.375,4.0
501227,CH Gayle,Delhi Daredevils,0,0.5,0.4,0.6,1.0
501227,DL Vettori,Delhi Daredevils,2,1.0,0.6,1.5,1.0
501227,IK Pathan,Royal Challengers Bangalore,0,0.9801980198019802,0.6,1.0769230769230769,1.0
501227,J Syed Mohammad,Delhi Daredevils,0,0.9090909090909091,0.5,0.0,1.0
501227,JR Hopes,Royal Challengers Bangalore,1,0.7,0.8,0.3333333333333333,1.0
501227,M Morkel,Royal Challengers Bangalore,3,1.2571428571428571,1.2,1.0909090909090908,1.0
501227,S Aravind,Delhi Daredevils,1,1.263157894736842,1.3333333333333333,1.0,1.0
501227,UT Yadav,Royal Challengers Bangalore,1,1.1088435374149659,0.8,1.0666666666666667,2.0
501227,Y Nagar,Royal Challengers Bangalore,1,0.5,0.8,1.5,0.0
501227,Z Khan,Delhi Daredevils,1,1.202020202020202,1.0,0.875,1.0
501228,AC Thomas,Chennai Super Kings,0,1.0666666666666667,0.8,1.0,2.0
501228,DE Bollinger,Pune Warriors,3,1.5925925925925926,2.2,2.3333333333333335,3.0
501228,JD Ryder,Chennai Super Kings,1,0.6875,1.0,1.0,0.0
501228,JE Taylor,Chennai Super Kings,0,1.2,1.5,1.5,1.0
501228,KMDN Kulasekara,Pune Warriors,1,1.2,1.0,1.3333333333333333,1.0
501228,M Kartik,Chennai Super Kings,1,0.7090909090909091,0.4,0.3333333333333333,0.0
501228,MR Marsh,Chennai Super Kings,0,1.088235294117647,0.5,1.2,2.0
501228,R Ashwin,Pune Warriors,1,0.9519230769230769,1.2,1.0,0.0
501228,R Sharma,Chennai Super Kings,0,0.9545454545454546,1.0,0.8333333333333334,2.0
501228,SB Jakati,Pune Warriors,0,0.8771929824561403,0.2,0.3333333333333333,2.0
501228,SK Raina,Pune Warriors,0,0.43478260869565216,0.0,0.0,2.0
501228,TG Southee,Pune Warriors,1,1.0555555555555556,0.8,1.0,0.0
501228,Yuvraj Singh,Chennai Super Kings,0,0.5342465753424658,0.8,0.25,0.0
501229,A Mishra,Kochi Tuskers Kerala,1,1.1296296296296295,1.4,1.0,0.0
501229,DT Christian,Kochi Tuskers Kerala,0,0.8163265306122449,0.6,0.0,0.0
501229,DW Steyn,Kochi Tuskers Kerala,3,1.105263157894737,1.2,3.0,1.0
501229,I Sharma,Kochi Tuskers Kerala,5,0.8727272727272727,1.4,5.0,0.0
501229,MS Gony,Kochi Tuskers Kerala,1,0.8863636363636364,0.8,1.0,0.0
501229,NLTC Perera,Deccan Chargers,2,1.0277777777777777,1.0,2.0,0.0
501229,R Vinay Kumar,Deccan Chargers,3,1.2211538461538463,1.4,2.3333333333333335,2.0
501229,RA Jadeja,Deccan Chargers,0,0.8009478672985783,0.6,1.6,1.0
501229,RP Singh,Deccan Chargers,2,1.2195121951219512,1.0,1.5,1.0
501229,RV Gomez,Deccan Chargers,0,0.6666666666666666,0.6,0.0,0.0
501229,S Sreesanth,Deccan Chargers,0,0.9772727272727273,0.2,0.8333333333333334,2.0
501230,AB Agarkar,Kolkata Knight Riders,2,0.7857142857142857,1.0,2.0,2.0
501230,B Lee,Delhi Daredevils,2,0.7894736842105263,0.8,1.4285714285714286,1.0
501230,IK Pathan,Kolkata Knight Riders,1,0.9801980198019802,0.6,0.6923076923076923,2.0
501230,Iqbal Abdulla,Delhi Daredevils,3,0.9375,1.0,1.25,3.0
501230,JD Unadkat,Delhi Daredevils,1,1.0480769230769231,1.4,2.5,2.0
501230,JH Kallis,Delhi Daredevils,0,0.8314606741573034,0.8,0.8571428571428571,1.0
501230,JR Hopes,Kolkata Knight Riders,1,0.7,1.0,0.6666666666666666,1.0
501230,L Balaji,Delhi Daredevils,2,1.1643835616438356,1.2,1.3333333333333333,0.0
501230,M Morkel,Kolkata Knight Riders,1,1.2571428571428571,1.2,1.4,3.0
501230,UT Yadav,Kolkata Knight Riders,2,1.1088435374149659,1.2,1.4444444444444444,0.0
501230,YK Pathan,Delhi Daredevils,1,0.5609756097560976,1.4,0.125,1.0
501231,A Singh,Mumbai Indians,2,1.3478260869565217,1.0,1.6666666666666667,0.0
501231,AG Murtaza,Rajasthan Royals,0,1.0,1.0,0.5,0.0
501231,AL Menaria,Mumbai Indians,2,0.25,0.5,1.0,0.0
501231,Harbhajan Singh,Rajasthan Royals,0,1.00625,1.2,1.0,2.0
501231,J Botha,Mumbai Indians,3,0.7941176470588235,0.8,1.0,1.0
501231,KA Pollard,Rajasthan Royals,0,0.7570093457943925,0.6,0.9285714285714286,1.0
501231,MM Patel,Rajasthan Royals,2,1.3015873015873016,1.4,2.0,2.0
501231,R Sathish,Rajasthan Royals,0,0.42857142857142855,0.2,0.6666666666666666,0.0
501231,SK Trivedi,Mumbai Indians,0,0.9733333333333334,0.8,0.7,4.0
501231,SK Warne,Mumbai Indians,1,1.1111111111111112,1.2,1.0,1.0
501231,SL Malinga,Rajasthan Royals,1,1.540983606557377,2.0,0.9230769230769231,2.0
501231,SR Watson,Mumbai Indians,0,1.019047619047619,0.8,0.9333333333333333,1.0
501232,A Mithun,Pune Warriors,0,0.5,0.6,0.0,0.0
501232,AC Thomas,Royal Challengers Bangalore,2,1.0666666666666667,1.0,1.5,1.0
501232,CH Gayle,Pune Warriors,1,0.5,0.4,1.3333333333333333,3.0
501232,DL Vettori,Pune Warriors,1,1.0,0.8,1.0,1.0
501232,J Syed Mohammad,Pune Warriors,1,0.9090909090909091,0.6666666666666666,1.0,2.0
501232,JD Ryder,Royal Challengers Bangalore,0,0.6875,0.8,0.0,0.0
501232,JE Taylor,Royal Challengers Bangalore,1,1.2,1.3333333333333333,1.0,0.0
501232,M Manhas,Royal Challengers Bangalore,0,0.0,0.0,0.0,0.0
501232,R Sharma,Royal Challengers Bangalore,2,0.9545454545454546,1.2,0.8333333333333334,3.0
501232,S Aravind,Pune Warriors,1,1.263157894736842,1.25,1.0,4.0
501232,Yuvraj Singh,Royal Challengers Bangalore,0,0.5342465753424658,0.8,0.42857142857142855,0.0
501232,Z Khan,Pune Warriors,1,1.202020202020202,1.2,1.3333333333333333,1.0
501233,AB Agarkar,Kochi Tuskers Kerala,2,0.7857142857142857,1.2,1.0,0.0
501233,IK Pathan,Kochi Tuskers Kerala,2,0.9801980198019802,1.0,1.0,0.0
501233,M Morkel,Kochi Tuskers Kerala,3,1.2571428571428571,1.6,2.0,1.0
501233,R Vinay Kumar,Delhi Daredevils,2,1.2211538461538463,1.6,0.9285714285714286,2.0
501233,RA Jadeja,Delhi Daredevils,1,0.8009478672985783,0.8,0.7058823529411765,0.0
501233,RE van der Merwe,Kochi Tuskers Kerala,3,1.1904761904761905,1.2,2.5,2.0
501233,RP Singh,Delhi Daredevils,1,1.2195121951219512,1.2,1.0,1.0
501233,RR Powar,Delhi Daredevils,1,0.5769230769230769,0.8,0.8,0.0
501233,S Sreesanth,Delhi Daredevils,2,0.9772727272727273,0.6,1.1428571428571428,1.0
501233,UT Yadav,Kochi Tuskers Kerala,0,1.1088435374149659,0.6,0.0,0.0
501234,B Lee,Kings XI Punjab,1,0.7894736842105263,1.0,1.5,1.0
501234,BA Bhatt,Kolkata Knight Riders,2,0.8666666666666667,1.3333333333333333,1.0,0.0
501234,Bipul Sharma,Kolkata Knight Riders,0,0.7857142857142857,0.8,0.2857142857142857,1.0
501234,DJ Hussey,Kolkata Knight Riders,0,0.38461538461538464,0.2,0.0,0.0
501234,Iqbal Abdulla,Kings XI Punjab,3,0.9375,1.6,0.75,2.0
501234,L Balaji,Kings XI Punjab,0,1.1643835616438356,1.2,1.2222222222222223,0.0
501234,MK Tiwary,Kings XI Punjab,0,0.16666666666666666,0.25,0.0,0.0
501234,P Kumar,Kolkata Knight Riders,0,0.8571428571428571,1.0,0.625,0.0
501234,PC Valthaty,Kolkata Knight Riders,0,0.7,1.0,0.0,0.0
501234,PP Chawla,Kolkata Knight Riders,0,1.0523560209424083,0.8,1.0,2.0
501234,R Bhatia,Kings XI Punjab,1,0.9010989010989011,0.8,0.7272727272727273,2.0
501234,RJ Harris,Kolkata Knight Riders,0,1.2702702702702702,0.6,1.0,2.0
501234,YK Pathan,Kings XI Punjab,1,0.5609756097560976,1.2,0.6,0.0
501235,A Singh,Pune Warriors,0,1.3478260869565217,0.8,0.0,1.0
501235,AC Thomas,Rajasthan Royals,1,1.0666666666666667,1.2,1.0,1.0
501235,AL Menaria,Pune Warriors,0,0.25,0.4,0.0,0.0
501235,J Botha,Pune Warriors,1,0.7941176470588235,1.0,1.3333333333333333,1.0
501235,JE Taylor,Rajasthan Royals,0,1.2,1.0,0.0,2.0
501235,M Kartik,Rajasthan Royals,0,0.7090909090909091,0.2,0.5,2.0
501235,R Sharma,Rajasthan Royals,3,0.9545454545454546,1.4,0.8333333333333334,2.0
501235,SK Trivedi,Pune Warriors,4,0.9733333333333334,1.6,1.2,1.0
501235,SK Warne,Pune Warriors,1,1.1111111111111112,1.4,1.0,0.0
501235,SR Watson,Pune Warriors,1,1.019047619047619,1.0,0.75,0.0
501235,Yuvraj Singh,Rajasthan Royals,0,0.5342465753424658,0.0,0.6666666666666666,2.0
501236,A Mishra,Chennai Super Kings,0,1.1296296296296295,1.2,0.875,1.0
501236,DE Bollinger,Deccan Chargers,3,1.5925925925925926,2.4,2.25,0.0
501236,DT Christian,Chennai Super Kings,0,0.8163265306122449,0.4,0.6,1.0
501236,Harmeet Singh,Chennai Super Kings,1,1.1071428571428572,1.2,1.3333333333333333,1.0
501236,I Sharma,Chennai Super Kings,0,0.8727272727272727,1.4,0.5,0.0
501236,JA Morkel,Deccan Chargers,3,1.103448275862069,2.0,1.3333333333333333,2.0
501236,JP Duminy,Chennai Super Kings,0,0.46938775510204084,0.4,0.25,0.0
501236,PP Ojha,Chennai Super Kings,4,1.1,1.2,1.5333333333333334,1.0
501236,R Ashwin,Deccan Chargers,0,0.9519230769230769,1.0,0.8333333333333334,1.0
501236,S Randiv,Deccan Chargers,0,1.0,1.0,0.0,1.0
501236,SB Jakati,Deccan Chargers,2,0.8771929824561403,0.6,1.8333333333333333,2.0
501237,A Symonds,Kings XI Punjab,1,0.7666666666666667,0.4,0.8,0.0
501237,AN Ahmed,Kings XI Punjab,0,0.8823529411764706,0.6,0.0,3.0
501237,BA Bhatt,Mumbai Indians,0,0.8666666666666667,1.0,1.0,1.0
501237,Bipul Sharma,Mumbai Indians,1,0.7857142857142857,0.8,1.3333333333333333,2.0
501237,Harbhajan Singh,Kings XI Punjab,2,1.00625,1.6,1.0909090909090908,1.0
501237,KA Pollard,Kings XI Punjab,1,0.7570093457943925,0.8,0.38461538461538464,2.0
501237,MM Patel,Kings XI Punjab,2,1.3015873015873016,1.8,1.625,1.0
501237,P Kumar,Mumbai Indians,0,0.8571428571428571,0.6,0.8125,0.0
501237,PC Valthaty,Mumbai Indians,0,0.7,0.8,0.0,0.0
501237,PP Chawla,Mumbai Indians,2,1.0523560209424083,1.0,1.3333333333333333,2.0
501237,RJ Harris,Mumbai Indians,2,1.2702702702702702,0.8,1.0,3.0
501237,SL Malinga,Kings XI Punjab,2,1.540983606557377,2.0,1.9285714285714286,3.0
501237,TL Suman,Kings XI Punjab,0,0.6363636363636364,0.2,0.75,0.0
501238,AB Agarkar,Kochi Tuskers Kerala,0,0.7857142857142857,1.2,1.0,2.0
501238,IK Pathan,Kochi Tuskers Kerala,0,0.9801980198019802,0.8,1.0,0.0
501238,M Morkel,Kochi Tuskers Kerala,1,1.2571428571428571,1.8,2.0,1.0
501238,P Parameswaran,Delhi Daredevils,2,1.125,2.0,2.5,0.0
501238,R Vinay Kumar,Delhi Daredevils,2,1.2211538461538463,2.0,0.9285714285714286,3.0
501238,RA Jadeja,Delhi Daredevils,0,0.8009478672985783,0.8,0.7058823529411765,0.0
501238,RE van der Merwe,Kochi Tuskers Kerala,2,1.1904761904761905,1.6,2.5,3.0
501238,RP Singh,Delhi Daredevils,1,1.2195121951219512,1.2,1.0,2.0
501238,RV Gomez,Delhi Daredevils,0,0.6666666666666666,0.4,0.0,2.0
501238,S Sreesanth,Delhi Daredevils,1,0.9772727272727273,0.8,1.1428571428571428,0.0
501238,UT Yadav,Kochi Tuskers Kerala,0,1.1088435374149659,0.6,0.0,2.0
501238,Y Nagar,Kochi Tuskers Kerala,0,0.5,0.4,0.0,0.0
501239,A Mishra,Kolkata Knight Riders,1,1.1296296296296295,1.0,1.0,1.0
501239,B Lee,Deccan Chargers,1,0.7894736842105263,1.2,1.0,0.0
501239,DT Christian,Kolkata Knight Riders,1,0.8163265306122449,0.6,0.8,1.0
501239,DW Steyn,Kolkata Knight Riders,1,1.105263157894737,0.8,1.0769230769230769,2.0
501239,I Sharma,Kolkata Knight Riders,0,0.8727272727272727,1.2,0.75,2.0
501239,Iqbal Abdulla,Deccan Chargers,2,0.9375,1.6,2.5,0.0
501239,JH Kallis,Deccan Chargers,1,0.8314606741573034,1.0,0.4,1.0
501239,L Balaji,Deccan Chargers,0,1.1643835616438356,0.6,1.0,2.0
501239,PP Ojha,Kolkata Knight Riders,1,1.1,1.4,0.8571428571428571,1.0
501239,R Bhatia,Deccan Chargers,2,0.9010989010989011,0.8,2.1666666666666665,1.0
501239,S Dhawan,Kolkata Knight Riders,0,0.6666666666666666,0.5,0.0,1.0
501239,YK Pathan,Deccan Chargers,0,0.5609756097560976,1.0,0.7777777777777778,1.0
501240,AL Menaria,Chennai Super Kings,0,0.25,0.4,0.0,0.0
501240,DE Bollinger,Rajasthan Royals,0,1.5925925925925926,2.2,1.5,0.0
501240,J Botha,Chennai Super Kings,1,0.7941176470588235,1.2,0.5,1.0
501240,JA Morkel,Rajasthan Royals,2,1.103448275862069,2.0,1.4545454545454546,0.0
501240,ND Doshi,Chennai Super Kings,0,0.5,0.3333333333333333,0.0,1.0
501240,R Ashwin,Rajasthan Royals,1,0.9519230769230769,0.8,1.1764705882352942,2.0
501240,S Randiv,Rajasthan Royals,1,1.0,0.8,1.0,0.0
501240,SB Jakati,Rajasthan Royals,2,0.8771929824561403,0.8,1.1666666666666667,0.0
501240,SK Trivedi,Chennai Super Kings,1,0.9733333333333334,1.8,0.45454545454545453,0.0
501240,SK Warne,Chennai Super Kings,0,1.1111111111111112,1.2,0.8888888888888888,1.0
501240,SR Watson,Chennai Super Kings,0,1.019047619047619,1.0,0.7272727272727273,0.0
501240,STR Binny,Chennai Super Kings,0,0.4444444444444444,0.0,0.2857142857142857,0.0
501241,A Symonds,Pune Warriors,0,0.7666666666666667,0.4,0.0,0.0
501241,AC Thomas,Mumbai Indians,1,1.0666666666666667,1.2,1.0,1.0
501241,DS Kulkarni,Pune Warriors,0,0.9891304347826086,0.6,0.0,1.0
501241,Harbhajan Singh,Pune Warriors,1,1.00625,1.8,1.4,3.0
501241,JD Ryder,Mumbai Indians,0,0.6875,0.4,0.0,1.0
501241,KA Pollard,Pune Warriors,2,0.7570093457943925,1.2,1.25,2.0
501241,MM Patel,Pune Warriors,1,1.3015873015873016,1.4,2.0,2.0
501241,R Sharma,Mumbai Indians,2,0.9545454545454546,1.6,1.0,2.0
501241,SB Wagh,Mumbai Indians,0,0.625,0.8,0.5,0.0
501241,SL Malinga,Pune Warriors,3,1.540983606557377,2.2,2.0,2.0
501241,Yuvraj Singh,Mumbai Indians,2,0.5342465753424658,0.4,0.6,0.0
501242,B Lee,Kochi Tuskers Kerala,0,0.7894736842105263,1.0,0.5,0.0
501242,Iqbal Abdulla,Kochi Tuskers Kerala,0,0.9375,1.6,0.0,1.0
501242,JD Unadkat,Kochi Tuskers Kerala,2,1.0480769230769231,1.2,2.0,0.0
501242,JH Kallis,Kochi Tuskers Kerala,1,0.8314606741573034,0.8,1.0,0.0
501242,P Parameswaran,Kolkata Knight Riders,0,1.125,1.0,0.0,0.0
501242,R Bhatia,Kochi Tuskers Kerala,1,0.9010989010989011,1.0,1.0,0.0
501242,R Vinay Kumar,Kolkata Knight Riders,3,1.2211538461538463,2.0,2.0,1.0
501242,RA Jadeja,Kolkata Knight Riders,0,0.8009478672985783,0.4,0.8148148148148148,0.0
501242,RP Singh,Kolkata Knight Riders,2,1.2195121951219512,1.2,2.0,0.0
501242,RV Gomez,Kolkata Knight Riders,2,0.6666666666666666,0.6,1.5,0.0
501242,S Ladda,Kochi Tuskers Kerala,0,0.5555555555555556,0.4,0.0,1.0
501242,S Sreesanth,Kolkata Knight Riders,0,0.9772727272727273,0.6,1.25,0.0
501242,YK Pathan,Kochi Tuskers Kerala,1,0.5609756097560976,0.6,2.0,1.0
501243,A Mishra,Delhi Daredevils,1,1.1296296296296295,1.0,0.75,1.0
501243,AB Agarkar,Deccan Chargers,2,0.7857142857142857,1.6,1.0,0.0
501243,AM Salvi,Deccan Chargers,1,1.0,0.8,1.0,2.0
501243,DT Christian,Delhi Daredevils,1,0.8163265306122449,0.4,1.5,2.0
501243,DW Steyn,Delhi Daredevils,2,1.105263157894737,1.2,1.6363636363636365,0.0
501243,I Sharma,Delhi Daredevils,2,0.8727272727272727,1.6,1.0,0.0
501243,IK Pathan,Deccan Chargers,0,0.9801980198019802,0.6,1.0,1.0
501243,JP Duminy,Delhi Daredevils,0,0.46938775510204084,0.2,0.25,0.0
501243,JR Hopes,Deccan Chargers,1,0.7,1.0,1.0,1.0
501243,M Morkel,Deccan Chargers,1,1.2571428571428571,1.8,1.0,1.0
501243,Y Nagar,Deccan Chargers,0,0.5,0.2,0.3333333333333333,0.0
501243,Y Venugopal Rao,Deccan Chargers,0,0.35,0.2,0.0,0.0
501244,A Mithun,Kings XI Punjab,0,0.5,0.4,0.0,2.0
501244,AM Nayar,Royal Challengers Bangalore,0,0.47368421052631576,0.2,0.0,0.0
501244,CH Gayle,Kings XI Punjab,3,0.5,1.0,0.5,2.0
501244,DL Vettori,Kings XI Punjab,1,1.0,1.0,1.1666666666666667,2.0
501244,P Kumar,Royal Challengers Bangalore,0,0.8571428571428571,0.6,0.4,1.0
501244,PP Chawla,Royal Challengers Bangalore,2,1.0523560209424083,1.2,0.8260869565217391,1.0
501244,R McLaren,Royal Challengers Bangalore,1,0.7777777777777778,1.0,1.0,0.0
501244,RJ Harris,Royal Challengers Bangalore,3,1.2702702702702702,1.2,1.625,1.0
501244,S Aravind,Kings XI Punjab,4,1.263157894736842,1.8,1.8333333333333333,2.0
501244,V Kohli,Kings XI Punjab,0,0.19230769230769232,0.2,0.0,0.0
501244,Z Khan,Kings XI Punjab,1,1.202020202020202,0.8,1.2142857142857142,1.0
501245,B Lee,Chennai Super Kings,0,0.7894736842105263,0.8,0.4,1.0
501245,DE Bollinger,Kolkata Knight Riders,0,1.5925925925925926,1.8,1.0,3.0
501245,Iqbal Abdulla,Chennai Super Kings,1,0.9375,1.8,0.5714285714285714,1.0
501245,JA Morkel,Kolkata Knight Riders,0,1.103448275862069,2.0,0.6666666666666666,1.0
501245,JD Unadkat,Chennai Super Kings,0,1.0480769230769231,1.0,0.7692307692307693,1.0
501245,JH Kallis,Chennai Super Kings,0,0.8314606741573034,0.4,0.7333333333333333,2.0
501245,L Balaji,Chennai Super Kings,2,1.1643835616438356,1.0,1.1666666666666667,1.0
501245,R Ashwin,Kolkata Knight Riders,2,0.9519230769230769,1.2,0.9230769230769231,3.0
501245,R Bhatia,Chennai Super Kings,0,0.9010989010989011,0.8,0.8461538461538461,0.0
501245,SB Jakati,Kolkata Knight Riders,0,0.8771929824561403,0.8,0.6666666666666666,0.0
501245,YK Pathan,Chennai Super Kings,1,0.5609756097560976,0.8,0.7333333333333333,2.0
501246,AB Agarkar,Mumbai Indians,0,0.7857142857142857,1.2,0.8571428571428571,1.0
501246,DS Kulkarni,Delhi Daredevils,1,0.9891304347826086,0.8,0.9285714285714286,0.0
501246,Harbhajan Singh,Delhi Daredevils,3,1.00625,1.4,1.1578947368421053,0.0
501246,IK Pathan,Mumbai Indians,1,0.9801980198019802,0.8,1.2666666666666666,2.0
501246,JR Hopes,Mumbai Indians,1,0.7,1.0,0.5,0.0
501246,KA Pollard,Delhi Daredevils,2,0.7570093457943925,1.4,0.5454545454545454,0.0
501246,M Morkel,Mumbai Indians,1,1.2571428571428571,1.4,1.4444444444444444,1.0
501246,MM Patel,Delhi Daredevils,2,1.3015873015873016,1.6,1.1,5.0
501246,S Nadeem,Mumbai Indians,1,0.7714285714285715,1.0,0.9090909090909091,0.0
501246,SL Malinga,Delhi Daredevils,2,1.540983606557377,2.2,1.8333333333333333,3.0
501247,A Mithun,Kochi Tuskers Kerala,2,0.5,0.8,1.0,0.0
501247,CH Gayle,Kochi Tuskers Kerala,2,0.5,1.2,2.0,1.0
501247,DL Vettori,Kochi Tuskers Kerala,2,1.0,1.4,1.5,2.0
501247,P Parameswaran,Royal Challengers Bangalore,0,1.125,0.6666666666666666,0.0,0.0
501247,R Vinay Kumar,Royal Challengers Bangalore,1,1.2211538461538463,2.2,1.2,0.0
501247,RA Jadeja,Royal Challengers Bangalore,0,0.8009478672985783,0.2,1.037037037037037,0.0
501247,RP Singh,Royal Challengers Bangalore,0,1.2195121951219512,1.2,1.0,4.0
501247,RR Powar,Royal Challengers Bangalore,0,0.5769230769230769,0.4,0.0,0.0
501247,S Aravind,Kochi Tuskers Kerala,2,1.263157894736842,2.2,2.0,3.0
501247,TM Dilshan,Kochi Tuskers Kerala,0,0.2,0.0,0.5,0.0
501247,Z Khan,Kochi Tuskers Kerala,1,1.202020202020202,0.8,1.0,0.0
501248,AA Jhunjhunwala,Kings XI Punjab,0,0.1,0.0,0.0,1.0
501248,B Kumar,Kings XI Punjab,2,1.1079545454545454,2.0,1.5714285714285714,0.0
501248,BA Bhatt,Pune Warriors,1,0.8666666666666667,1.0,1.0,4.0
501248,MR Marsh,Kings XI Punjab,2,1.088235294117647,0.8,0.6666666666666666,4.0
501248,P Kumar,Pune Warriors,1,0.8571428571428571,0.4,1.0,2.0
501248,PC Valthaty,Pune Warriors,0,0.7,0.0,0.0,1.0
501248,R Sharma,Kings XI Punjab,2,0.9545454545454546,1.8,1.0,1.0
501248,RJ Harris,Pune Warriors,1,1.2702702702702702,1.2,1.0,1.0
501248,SB Wagh,Kings XI Punjab,0,0.625,0.2,1.5,0.0
501248,SJ Srivastava,Pune Warriors,2,1.0714285714285714,0.6,2.0,1.0
501248,WD Parnell,Kings XI Punjab,2,1.2121212121212122,1.4,1.0,1.0
501248,Yuvraj Singh,Kings XI Punjab,0,0.5342465753424658,0.4,0.16666666666666666,2.0
501249,A Singh,Chennai Super Kings,1,1.3478260869565217,0.8,0.6666666666666666,1.0
501249,AL Menaria,Chennai Super Kings,0,0.25,0.4,0.0,0.0
501249,DE Bollinger,Rajasthan Royals,3,1.5925925925925926,1.8,1.5,1.0
501249,DJ Bravo,Rajasthan Royals,1,1.3101265822784811,0.6,1.3076923076923077,2.0
501249,J Botha,Chennai Super Kings,1,0.7941176470588235,1.4,0.5,0.0
501249,JA Morkel,Rajasthan Royals,1,1.103448275862069,2.0,1.4545454545454546,1.0
501249,R Ashwin,Rajasthan Royals,3,0.9519230769230769,1.4,1.1764705882352942,2.0
501249,SB Jakati,Rajasthan Royals,0,0.8771929824561403,0.8,1.1666666666666667,0.0
501249,SK Raina,Rajasthan Royals,2,0.43478260869565216,0.4,0.75,0.0
501249,SK Trivedi,Chennai Super Kings,0,0.9733333333333334,1.8,0.45454545454545453,0.0
501249,SK Warne,Chennai Super Kings,1,1.1111111111111112,1.2,0.8888888888888888,1.0
501249,SR Watson,Chennai Super Kings,0,1.019047619047619,0.4,0.7272727272727273,0.0
501250,A Mishra,Pune Warriors,1,1.1296296296296295,0.8,1.6666666666666667,1.0
501250,B Kumar,Deccan Chargers,0,1.1079545454545454,1.0,0.75,0.0
501250,DT Christian,Pune Warriors,2,0.8163265306122449,0.8,2.0,0.0
501250,DW Steyn,Pune Warriors,0,1.105263157894737,1.2,1.0,1.0
501250,I Sharma,Pune Warriors,0,0.8727272727272727,1.4,0.25,2.0
501250,JP Duminy,Pune Warriors,0,0.46938775510204084,0.2,0.25,1.0
501250,MR Marsh,Deccan Chargers,4,1.088235294117647,1.4,2.0,0.0
501250,PP Ojha,Pune Warriors,1,1.1,1.6,1.3333333333333333,0.0
501250,R Sharma,Deccan Chargers,1,0.9545454545454546,2.0,1.3333333333333333,2.0
501250,WD Parnell,Deccan Chargers,1,1.2121212121212122,1.4,1.0,1.0
501250,Yuvraj Singh,Deccan Chargers,2,0.5342465753424658,0.8,1.4285714285714286,1.0
501251,BA Bhatt,Mumbai Indians,4,0.8666666666666667,1.8,1.0,0.0
501251,Bipul Sharma,Mumbai Indians,2,0.7857142857142857,1.0,1.3333333333333333,2.0
501251,DS Kulkarni,Kings XI Punjab,0,0.9891304347826086,0.6,1.0909090909090908,3.0
501251,Harbhajan Singh,Kings XI Punjab,0,1.00625,1.2,1.0909090909090908,1.0
501251,KA Pollard,Kings XI Punjab,0,0.7570093457943925,1.0,0.38461538461538464,1.0
501251,MM Patel,Kings XI Punjab,5,1.3015873015873016,2.4,1.625,0.0
501251,P Kumar,Mumbai Indians,2,0.8571428571428571,0.6,0.8125,1.0
501251,RG Sharma,Kings XI Punjab,0,0.5,0.0,0.5714285714285714,0.0
501251,RJ Harris,Mumbai Indians,1,1.2702702702702702,1.4,1.0,2.0
501251,SJ Srivastava,Mumbai Indians,1,1.0714285714285714,0.6,1.0,2.0
501251,SL Malinga,Kings XI Punjab,3,1.540983606557377,2.2,1.9285714285714286,1.0
501251,TL Suman,Kings XI Punjab,0,0.6363636363636364,0.0,0.75,0.0
501252,AL Menaria,Royal Challengers Bangalore,0,0.25,0.4,0.0,0.0
501252,CH Gayle,Rajasthan Royals,1,0.5,1.4,0.3333333333333333,0.0
501252,CK Langeveldt,Rajasthan Royals,1,1.8571428571428572,1.8,2.0,2.0
501252,J Botha,Royal Challengers Bangalore,0,0.7941176470588235,1.2,0.5,0.0
501252,Pankaj Singh,Royal Challengers Bangalore,0,0.6470588235294118,0.8,1.0,2.0
501252,S Aravind,Rajasthan Royals,3,1.263157894736842,2.2,2.0,1.0
501252,SK Trivedi,Royal Challengers Bangalore,0,0.9733333333333334,1.0,1.125,0.0
501252,SK Warne,Royal Challengers Bangalore,1,1.1111111111111112,0.8,1.2857142857142858,1.0
501252,SR Watson,Royal Challengers Bangalore,0,1.019047619047619,0.2,1.0,3.0
501252,V Kohli,Rajasthan Royals,0,0.19230769230769232,0.0,0.3333333333333333,0.0
501252,Z Khan,Rajasthan Royals,0,1.202020202020202,0.8,0.875,1.0
501253,AB Agarkar,Chennai Super Kings,1,0.7857142857142857,1.0,0.3333333333333333,0.0
501253,AB McDonald,Chennai Super Kings,0,1.4,1.6,0.0,1.0
501253,DE Bollinger,Delhi Daredevils,1,1.5925925925925926,1.4,1.0,2.0
501253,DJ Bravo,Delhi Daredevils,2,1.3101265822784811,0.8,0.8571428571428571,1.0
501253,IK Pathan,Chennai Super Kings,2,0.9801980198019802,1.0,1.0769230769230769,3.0
501253,JA Morkel,Delhi Daredevils,1,1.103448275862069,1.4,0.9230769230769231,1.0
501253,JR Hopes,Chennai Super Kings,0,0.7,0.8,0.25,0.0
501253,R Ashwin,Delhi Daredevils,2,0.9519230769230769,1.6,1.4375,1.0
501253,S Nadeem,Chennai Super Kings,0,0.7714285714285715,0.8,0.25,0.0
501253,SB Jakati,Delhi Daredevils,0,0.8771929824561403,0.8,1.1666666666666667,1.0
501253,SK Raina,Delhi Daredevils,0,0.43478260869565216,0.4,0.0,0.0
501253,VR Aaron,Chennai Super Kings,1,0.92,1.0,1.25,0.0
501254,BA Bhatt,Kochi Tuskers Kerala,0,0.8666666666666667,1.4,0.0,0.0
501254,BJ Hodge,Kings XI Punjab,0,0.9,0.6,0.3333333333333333,5.0
501254,Bipul Sharma,Kochi Tuskers Kerala,2,0.7857142857142857,1.0,2.0,0.0
501254,P Parameswaran,Kings XI Punjab,0,1.125,0.5,0.0,2.0
501254,PP Chawla,Kochi Tuskers Kerala,1,1.0523560209424083,1.2,1.0,3.0
501254,R Vinay Kumar,Kings XI Punjab,0,1.2211538461538463,1.6,0.45454545454545453,0.0
501254,RA Jadeja,Kings XI Punjab,0,0.8009478672985783,0.2,0.7777777777777778,0.0
501254,RJ Harris,Kochi Tuskers Kerala,2,1.2702702702702702,1.8,2.0,1.0
501254,RP Singh,Kings XI Punjab,4,1.2195121951219512,1.6,1.0,1.0
501254,RV Gomez,Kings XI Punjab,0,0.6666666666666666,0.4,0.0,1.0
501254,S Sreesanth,Kings XI Punjab,0,0.9772727272727273,0.6,1.0,2.0
501254,SJ Srivastava,Kochi Tuskers Kerala,2,1.0714285714285714,1.0,2.0,2.0
501255,A Mithun,Kolkata Knight Riders,0,0.5,0.8,0.5,0.0
501255,B Lee,Royal Challengers Bangalore,1,0.7894736842105263,0.6,0.25,0.0
501255,CH Gayle,Kolkata Knight Riders,0,0.5,1.4,0.0,0.0
501255,CK Langeveldt,Kolkata Knight Riders,2,1.8571428571428572,1.6,2.0,2.0
501255,Iqbal Abdulla,Royal Challengers Bangalore,1,0.9375,1.4,0.5,1.0
501255,JD Unadkat,Royal Challengers Bangalore,1,1.0480769230769231,0.8,0.8181818181818182,0.0
501255,JH Kallis,Royal Challengers Bangalore,2,0.8314606741573034,0.8,1.5,0.0
501255,L Balaji,Royal Challengers Bangalore,1,1.1643835616438356,1.0,1.5,2.0
501255,S Aravind,Kolkata Knight Riders,1,1.263157894736842,2.2,1.3333333333333333,0.0
501255,V Kohli,Kolkata Knight Riders,0,0.19230769230769232,0.0,0.0,0.0
501255,Z Khan,Kolkata Knight Riders,1,1.202020202020202,0.8,1.4,2.0
501256,A Mishra,Mumbai Indians,1,1.1296296296296295,0.8,1.1363636363636365,2.0
501256,Anand Rajan,Mumbai Indians,4,1.25,4.0,2.0,1.0
501256,DS Kulkarni,Deccan Chargers,3,0.9891304347826086,1.0,1.0,0.0
501256,DT Christian,Mumbai Indians,0,0.8163265306122449,0.8,0.5454545454545454,2.0
501256,Harbhajan Singh,Deccan Chargers,1,1.00625,1.4,1.25,0.0
501256,I Sharma,Mumbai Indians,2,0.8727272727272727,0.8,1.1333333333333333,0.0
501256,JP Duminy,Mumbai Indians,1,0.46938775510204084,0.2,0.4,1.0
501256,KA Pollard,Deccan Chargers,1,0.7570093457943925,1.2,1.6,0.0
501256,MM Patel,Deccan Chargers,0,1.3015873015873016,2.0,0.875,0.0
501256,PP Ojha,Mumbai Indians,0,1.1,1.4,1.2857142857142858,3.0
501256,SL Malinga,Deccan Chargers,1,1.540983606557377,2.2,2.5,0.0
501256,TL Suman,Deccan Chargers,0,0.6363636363636364,0.0,0.0,1.0
501257,IK Pathan,Kings XI Punjab,3,0.9801980198019802,1.2,0.6,0.0
501257,M Morkel,Kings XI Punjab,1,1.2571428571428571,1.4,1.6666666666666667,4.0
501257,P Kumar,Delhi Daredevils,1,0.8571428571428571,0.8,0.8571428571428571,0.0
501257,PC Valthaty,Delhi Daredevils,1,0.7,0.2,0.5,1.0
501257,PP Chawla,Delhi Daredevils,3,1.0523560209424083,1.6,1.105263157894737,4.0
501257,RJ Harris,Delhi Daredevils,1,1.2702702702702702,1.6,1.5,3.0
501257,SJ Srivastava,Delhi Daredevils,2,1.0714285714285714,1.4,1.0,2.0
501257,VR Aaron,Kings XI Punjab,0,0.92,0.6666666666666666,0.6666666666666666,2.0
501258,AA Chavan,Kochi Tuskers Kerala,0,0.6153846153846154,0.0,0.0,0.0
501258,BJ Hodge,Rajasthan Royals,5,0.9,1.6,1.6666666666666667,1.0
501258,JDP Oram,Kochi Tuskers Kerala,1,0.9285714285714286,0.6,1.0,0.0
501258,P Parameswaran,Rajasthan Royals,2,1.125,0.8,2.0,1.0
501258,RA Jadeja,Rajasthan Royals,0,0.8009478672985783,0.0,1.0476190476190477,2.0
501258,RP Singh,Rajasthan Royals,1,1.2195121951219512,1.6,1.2727272727272727,1.0
501258,S Sreesanth,Rajasthan Royals,2,0.9772727272727273,1.0,0.8333333333333334,1.0
501258,SW Tait,Kochi Tuskers Kerala,0,1.2380952380952381,1.2,0.0,2.0
501259,A Mishra,Pune Warriors,2,1.1296296296296295,1.2,1.6666666666666667,4.0
501259,B Kumar,Deccan Chargers,0,1.1079545454545454,0.6666666666666666,0.75,1.0
501259,DT Christian,Pune Warriors,2,0.8163265306122449,1.2,2.0,2.0
501259,DW Steyn,Pune Warriors,1,1.105263157894737,1.4,1.0,1.0
501259,I Sharma,Pune Warriors,0,0.8727272727272727,0.8,0.25,0.0
501259,JP Duminy,Pune Warriors,1,0.46938775510204084,0.4,0.25,1.0
501259,MR Marsh,Deccan Chargers,0,1.088235294117647,1.4,2.0,1.0
501259,PP Ojha,Pune Warriors,3,1.1,1.8,1.3333333333333333,1.0
501259,R Sharma,Deccan Chargers,2,0.9545454545454546,2.0,1.3333333333333333,0.0
501259,WD Parnell,Deccan Chargers,1,1.2121212121212122,0.8,1.0,1.0
501259,Yuvraj Singh,Deccan Chargers,1,0.5342465753424658,1.0,1.4285714285714286,0.0
501260,A Mithun,Kings XI Punjab,0,0.5,0.4,0.0,1.0
501260,CH Gayle,Kings XI Punjab,0,0.5,1.2,0.5,0.0
501260,P Kumar,Royal Challengers Bangalore,0,0.8571428571428571,0.8,0.4,0.0
501260,PC Valthaty,Royal Challengers Bangalore,1,0.7,0.4,1.0,1.0
501260,PP Chawla,Royal Challengers Bangalore,4,1.0523560209424083,2.4,0.8260869565217391,0.0
501260,RJ Harris,Royal Challengers Bangalore,3,1.2702702702702702,1.6,1.625,1.0
501260,S Aravind,Kings XI Punjab,0,1.263157894736842,2.0,1.8333333333333333,2.0
501260,V Kohli,Kings XI Punjab,0,0.19230769230769232,0.0,0.0,1.0
501261,BJ Hodge,Chennai Super Kings,1,0.9,1.6,0.6666666666666666,0.0
501261,DE Bollinger,Kochi Tuskers Kerala,2,1.5925925925925926,1.2,1.5,0.0
501261,DJ Bravo,Kochi Tuskers Kerala,1,1.3101265822784811,0.8,1.0,0.0
501261,M Muralitharan,Chennai Super Kings,0,1.0151515151515151,0.4,1.3333333333333333,3.0
501261,R Ashwin,Kochi Tuskers Kerala,1,0.9519230769230769,1.8,1.5,1.0
501261,R Vinay Kumar,Chennai Super Kings,0,1.2211538461538463,1.2,1.0588235294117647,0.0
501261,RA Jadeja,Chennai Super Kings,2,0.8009478672985783,0.4,0.6666666666666666,0.0
501261,RP Singh,Chennai Super Kings,1,1.2195121951219512,1.6,0.9230769230769231,2.0
501261,S Sreesanth,Chennai Super Kings,1,0.9772727272727273,0.8,1.0,1.0
501261,SB Jakati,Kochi Tuskers Kerala,1,0.8771929824561403,0.6,0.5,1.0
501261,SK Raina,Kochi Tuskers Kerala,0,0.43478260869565216,0.4,0.0,0.0
501262,AC Thomas,Kolkata Knight Riders,1,1.0666666666666667,1.0,1.0,0.0
501262,B Kumar,Kolkata Knight Riders,1,1.1079545454545454,0.75,1.1,0.0
501262,B Lee,Pune Warriors,0,0.7894736842105263,0.4,0.0,0.0
501262,Iqbal Abdulla,Pune Warriors,1,0.9375,1.0,1.25,1.0
501262,JH Kallis,Pune Warriors,0,0.8314606741573034,0.8,1.25,3.0
501262,L Balaji,Pune Warriors,2,1.1643835616438356,1.0,1.75,1.0
501262,R Bhatia,Pune Warriors,0,0.9010989010989011,0.8,0.6,3.0
501262,R Sharma,Kolkata Knight Riders,0,0.9545454545454546,1.4,0.0,0.0
501262,S Rana,Kolkata Knight Riders,0,0.0,0.0,0.0,0.0
501262,Shakib Al Hasan,Pune Warriors,2,1.0142857142857142,1.8,2.0,0.0
501262,WD Parnell,Kolkata Knight Riders,1,1.2121212121212122,1.0,1.3333333333333333,1.0
501262,YK Pathan,Pune Warriors,2,0.5609756097560976,1.0,1.3333333333333333,0.0
501262,Yuvraj Singh,Kolkata Knight Riders,0,0.5342465753424658,1.0,0.3333333333333333,0.0
501263,A Singh,Mumbai Indians,1,1.3478260869565217,1.0,1.6666666666666667,2.0
501263,AA Chavan,Mumbai Indians,0,0.6153846153846154,0.0,0.25,2.0
501263,AL Menaria,Mumbai Indians,0,0.25,0.0,1.0,1.0
501263,DS Kulkarni,Rajasthan Royals,0,0.9891304347826086,0.8,1.3333333333333333,2.0
501263,Harbhajan Singh,Rajasthan Royals,0,1.00625,1.0,1.0,0.0
501263,J Botha,Mumbai Indians,0,0.7941176470588235,0.6,1.0,0.0
501263,JEC Franklin,Rajasthan Royals,0,0.6,0.25,0.0,2.0
501263,KA Pollard,Rajasthan Royals,0,0.7570093457943925,1.0,0.9285714285714286,1.0
501263,MM Patel,Rajasthan Royals,0,1.3015873015873016,1.6,2.0,3.0
501263,SK Trivedi,Mumbai Indians,0,0.9733333333333334,1.0,0.7,1.0
501263,SL Malinga,Rajasthan Royals,0,1.540983606557377,1.8,0.9230769230769231,1.0
501263,SR Watson,Mumbai Indians,3,1.019047619047619,0.8,0.9333333333333333,1.0
501264,A Mishra,Kings XI Punjab,4,1.1296296296296295,1.8,1.15,1.0
501264,Anand Rajan,Kings XI Punjab,1,1.25,2.5,1.0,0.0
501264,BA Bhatt,Deccan Chargers,0,0.8666666666666667,1.0,0.0,2.0
501264,DT Christian,Kings XI Punjab,2,0.8163265306122449,1.4,1.1428571428571428,2.0
501264,DW Steyn,Kings XI Punjab,1,1.105263157894737,1.0,0.6666666666666666,2.0
501264,JP Duminy,Kings XI Punjab,1,0.46938775510204084,0.6,1.0,0.0
501264,P Kumar,Deccan Chargers,0,0.8571428571428571,0.8,1.2,0.0
501264,PC Valthaty,Deccan Chargers,1,0.7,0.6,2.5,0.0
501264,PP Chawla,Deccan Chargers,0,1.0523560209424083,2.0,0.8,1.0
501264,PP Ojha,Kings XI Punjab,1,1.1,1.2,1.0,3.0
501264,R McLaren,Deccan Chargers,0,0.7777777777777778,0.8,1.0,1.0
501264,RJ Harris,Deccan Chargers,1,1.2702702702702702,1.6,0.6666666666666666,1.0
501265,AC Thomas,Delhi Daredevils,0,1.0666666666666667,1.0,1.0,3.0
501265,JP Faulkner,Delhi Daredevils,1,1.2666666666666666,1.0,1.1,2.0
501265,MR Marsh,Delhi Daredevils,1,1.088235294117647,1.4,1.0,0.0
501265,R Sharma,Delhi Daredevils,0,0.9545454545454546,1.0,1.0,1.0
501265,Yuvraj Singh,Delhi Daredevils,0,0.5342465753424658,0.6,0.5714285714285714,1.0
501266,A Mithun,Chennai Super Kings,1,0.5,0.6,0.6666666666666666,1.0
501266,CH Gayle,Chennai Super Kings,0,0.5,0.6,0.6,0.0
501266,DE Bollinger,Royal Challengers Bangalore,0,1.5925925925925926,1.2,1.5,1.0
501266,DJ Bravo,Royal Challengers Bangalore,0,1.3101265822784811,0.8,1.0434782608695652,1.0
501266,DL Vettori,Chennai Super Kings,2,1.0,1.6,0.8333333333333334,0.0
501266,JA Morkel,Royal Challengers Bangalore,1,1.103448275862069,1.0,1.25,0.0
501266,R Ashwin,Royal Challengers Bangalore,1,0.9519230769230769,1.8,0.8461538461538461,1.0
501266,S Aravind,Chennai Super Kings,2,1.263157894736842,1.6,1.5,1.0
501266,SK Raina,Royal Challengers Bangalore,0,0.43478260869565216,0.4,0.2,0.0
501266,V Kohli,Chennai Super Kings,1,0.19230769230769232,0.2,0.16666666666666666,0.0
501266,Z Khan,Chennai Super Kings,2,1.202020202020202,1.0,1.3333333333333333,2.0
501267,AN Ahmed,Kolkata Knight Riders,3,0.8823529411764706,1.2,1.5,1.0
501267,B Lee,Mumbai Indians,0,0.7894736842105263,0.2,0.5714285714285714,1.0
501267,Harbhajan Singh,Kolkata Knight Riders,0,1.00625,0.8,0.8947368421052632,1.0
501267,Iqbal Abdulla,Mumbai Indians,1,0.9375,0.8,0.8571428571428571,0.0
501267,JEC Franklin,Kolkata Knight Riders,2,0.6,0.6,1.0,0.0
501267,KA Pollard,Kolkata Knight Riders,1,0.7570093457943925,0.8,0.45454545454545453,0.0
501267,L Balaji,Mumbai Indians,1,1.1643835616438356,1.2,0.5555555555555556,0.0
501267,R Bhatia,Mumbai Indians,3,0.9010989010989011,1.2,1.1666666666666667,0.0
501267,SL Malinga,Kolkata Knight Riders,1,1.540983606557377,1.4,1.3529411764705883,1.0
501267,Shakib Al Hasan,Mumbai Indians,0,1.0142857142857142,1.4,1.0833333333333333,2.0
501267,YK Pathan,Mumbai Indians,0,0.5609756097560976,0.8,0.0,0.0
501268,A Mithun,Chennai Super Kings,1,0.5,0.8,0.6666666666666666,0.0
501268,CH Gayle,Chennai Super Kings,0,0.5,0.2,0.6,0.0
501268,DE Bollinger,Royal Challengers Bangalore,1,1.5925925925925926,1.4,1.5,1.0
501268,DJ Bravo,Royal Challengers Bangalore,1,1.3101265822784811,1.0,1.0434782608695652,1.0
501268,DL Vettori,Chennai Super Kings,0,1.0,1.2,0.8333333333333334,3.0
501268,JA Morkel,Royal Challengers Bangalore,0,1.103448275862069,0.6,1.25,0.0
501268,R Ashwin,Royal Challengers Bangalore,1,0.9519230769230769,1.6,0.8461538461538461,3.0
501268,S Aravind,Chennai Super Kings,1,1.263157894736842,1.4,1.5,2.0
501268,SB Jakati,Royal Challengers Bangalore,1,0.8771929824561403,0.4,0.8888888888888888,2.0
501268,SK Raina,Royal Challengers Bangalore,0,0.43478260869565216,0.4,0.2,1.0
501268,V Kohli,Chennai Super Kings,0,0.19230769230769232,0.2,0.16666666666666666,0.0
501268,Z Khan,Chennai Super Kings,2,1.202020202020202,1.2,1.3333333333333333,1.0
501269,B Lee,Mumbai Indians,1,0.7894736842105263,0.4,0.5714285714285714,0.0
501269,DS Kulkarni,Kolkata Knight Riders,2,0.9891304347826086,1.2,0.7777777777777778,3.0
501269,Harbhajan Singh,Kolkata Knight Riders,1,1.00625,0.4,0.8947368421052632,0.0
501269,Iqbal Abdulla,Mumbai Indians,0,0.9375,0.8,0.8571428571428571,0.0
501269,JEC Franklin,Kolkata Knight Riders,0,0.6,0.6,1.0,1.0
501269,JH Kallis,Mumbai Indians,3,0.8314606741573034,1.2,0.7272727272727273,1.0
501269,KA Pollard,Kolkata Knight Riders,0,0.7570093457943925,0.4,0.45454545454545453,1.0
501269,L Balaji,Mumbai Indians,0,1.1643835616438356,1.2,0.5555555555555556,4.0
501269,MM Patel,Kolkata Knight Riders,3,1.3015873015873016,2.0,1.5,2.0
501269,R Bhatia,Mumbai Indians,0,0.9010989010989011,0.8,1.1666666666666667,1.0
501269,SL Malinga,Kolkata Knight Riders,1,1.540983606557377,1.2,1.3529411764705883,0.0
501269,Shakib Al Hasan,Mumbai Indians,2,1.0142857142857142,1.4,1.0833333333333333,2.0
501269,YK Pathan,Mumbai Indians,0,0.5609756097560976,0.8,0.0,0.0
501270,A Mithun,Mumbai Indians,0,0.5,0.4,0.0,0.0
501270,AN Ahmed,Royal Challengers Bangalore,1,0.8823529411764706,1.0,1.0,0.0
501270,CH Gayle,Mumbai Indians,0,0.5,0.0,0.2,2.0
501270,DL Vettori,Mumbai Indians,3,1.0,1.6,1.5,0.0
501270,Harbhajan Singh,Royal Challengers Bangalore,0,1.00625,0.4,1.0869565217391304,0.0
501270,J Syed Mohammad,Mumbai Indians,2,0.9090909090909091,1.0,1.3333333333333333,1.0
501270,KA Pollard,Royal Challengers Bangalore,1,0.7570093457943925,0.6,0.9333333333333333,2.0
501270,MM Patel,Royal Challengers Bangalore,2,1.3015873015873016,2.0,1.2222222222222223,3.0
501270,RG Sharma,Royal Challengers Bangalore,0,0.5,0.0,0.0,0.0
501270,S Aravind,Mumbai Indians,2,1.263157894736842,1.2,1.0,2.0
501270,SL Malinga,Royal Challengers Bangalore,0,1.540983606557377,0.6,0.9375,4.0
501270,Z Khan,Mumbai Indians,1,1.202020202020202,1.2,1.0,0.0
501271,A Mithun,Chennai Super Kings,0,0.5,0.4,0.6666666666666666,0.0
501271,CH Gayle,Chennai Super Kings,2,0.5,0.4,0.6,0.0
501271,DE Bollinger,Royal Challengers Bangalore,1,1.5925925925925926,1.0,1.5,2.0
501271,DJ Bravo,Royal Challengers Bangalore,1,1.3101265822784811,1.0,1.0434782608695652,1.0
501271,DL Vettori,Chennai Super Kings,0,1.0,1.4,0.8333333333333334,1.0
501271,J Syed Mohammad,Chennai Super Kings,1,0.9090909090909091,1.0,1.5,1.0
501271,JA Morkel,Royal Challengers Bangalore,0,1.103448275862069,0.6,1.25,0.0
501271,R Ashwin,Royal Challengers Bangalore,3,0.9519230769230769,1.6,0.8461538461538461,0.0
501271,S Aravind,Chennai Super Kings,2,1.263157894736842,1.4,1.5,0.0
501271,SB Jakati,Royal Challengers Bangalore,2,0.8771929824561403,0.8,0.8888888888888888,0.0
501271,SK Raina,Royal Challengers Bangalore,1,0.43478260869565216,0.2,0.2,1.0
501271,Z Khan,Chennai Super Kings,0,1.202020202020202,1.2,1.3333333333333333,2.0
548306,AN Ahmed,Chennai Super Kings,0,0.8823529411764706,1.0,0.25,1.0
548306,DE Bollinger,Mumbai Indians,2,1.5925925925925926,1.2,1.75,2.0
548306,DJ Bravo,Mumbai Indians,1,1.3101265822784811,0.8,1.6363636363636365,0.0
548306,Harbhajan Singh,Chennai Super Kings,0,1.00625,0.2,1.1428571428571428,1.0
548306,JA Morkel,Mumbai Indians,0,1.103448275862069,0.4,1.0909090909090908,0.0
548306,JEC Franklin,Chennai Super Kings,1,0.6,0.8,1.0,0.0
548306,KA Pollard,Chennai Super Kings,2,0.7570093457943925,0.8,0.9375,2.0
548306,PP Ojha,Chennai Super Kings,3,1.1,1.6,1.5333333333333334,1.0
548306,R Ashwin,Mumbai Indians,0,0.9519230769230769,1.2,0.7941176470588235,0.0
548306,RA Jadeja,Mumbai Indians,0,0.8009478672985783,0.4,0.6451612903225806,5.0
548306,SB Jakati,Mumbai Indians,0,0.8771929824561403,0.8,0.8888888888888888,2.0
548306,SL Malinga,Chennai Super Kings,4,1.540983606557377,1.2,1.7619047619047619,2.0
548307,B Lee,Delhi Daredevils,0,0.7894736842105263,0.4,1.4285714285714286,2.0
548307,GJ Maxwell,Kolkata Knight Riders,0,0.5189873417721519,0.0,0.4,2.0
548307,IK Pathan,Kolkata Knight Riders,0,0.9801980198019802,1.2,0.6923076923076923,0.0
548307,Iqbal Abdulla,Delhi Daredevils,0,0.9375,0.6,1.25,0.0
548307,JH Kallis,Delhi Daredevils,1,0.8314606741573034,1.2,0.8571428571428571,1.0
548307,M Morkel,Kolkata Knight Riders,4,1.2571428571428571,1.6,1.4,2.0
548307,M de Lange,Delhi Daredevils,0,1.2,0.0,1.0,3.0
548307,R Bhatia,Delhi Daredevils,1,0.9010989010989011,0.8,0.8,2.0
548307,RE van der Merwe,Kolkata Knight Riders,3,1.1904761904761905,1.8,2.0,1.0
548307,S Nadeem,Kolkata Knight Riders,0,0.7714285714285715,0.8,0.75,1.0
548307,UT Yadav,Kolkata Knight Riders,2,1.1088435374149659,1.0,1.4444444444444444,0.0
548307,YK Pathan,Delhi Daredevils,0,0.5609756097560976,0.6,0.125,0.0
548308,AB Dinda,Mumbai Indians,4,1.0933333333333333,1.8,1.1538461538461537,2.0
548308,B Kumar,Mumbai Indians,0,1.1079545454545454,0.6,1.15,0.0
548308,Harbhajan Singh,Pune Warriors,1,1.00625,0.4,1.4,0.0
548308,JEC Franklin,Pune Warriors,0,0.6,0.6,0.3333333333333333,0.0
548308,KA Pollard,Pune Warriors,2,0.7570093457943925,1.2,1.25,2.0
548308,M Kartik,Mumbai Indians,2,0.7090909090909091,0.6,1.0,0.0
548308,MM Patel,Pune Warriors,3,1.3015873015873016,1.6,2.0,4.0
548308,MN Samuels,Mumbai Indians,1,0.9090909090909091,1.0,1.0,2.0
548308,PP Ojha,Pune Warriors,1,1.1,1.6,1.3333333333333333,0.0
548308,R Sharma,Mumbai Indians,1,0.9545454545454546,0.8,1.0,2.0
548308,SL Malinga,Pune Warriors,2,1.540983606557377,1.6,2.0,3.0
548308,WD Parnell,Mumbai Indians,1,1.2121212121212122,1.2,1.2,1.0
548309,A Singh,Kings XI Punjab,2,1.3478260869565217,1.2,2.5,2.0
548309,AA Chavan,Kings XI Punjab,2,0.6153846153846154,0.6666666666666666,1.0,2.0
548309,BJ Hodge,Kings XI Punjab,0,0.9,1.6,0.3333333333333333,1.0
548309,Bipul Sharma,Rajasthan Royals,0,0.7857142857142857,1.0,0.3333333333333333,0.0
548309,Harmeet Singh,Rajasthan Royals,1,1.1071428571428572,1.0,2.0,3.0
548309,J Botha,Kings XI Punjab,0,0.7941176470588235,0.4,0.75,1.0
548309,JP Faulkner,Rajasthan Royals,2,1.2666666666666666,1.5,2.0,1.0
548309,KK Cooper,Kings XI Punjab,4,1.44,4.0,2.25,3.0
548309,P Kumar,Rajasthan Royals,0,0.8571428571428571,0.6,0.8333333333333334,1.0
548309,PP Chawla,Rajasthan Royals,1,1.0523560209424083,1.8,1.0909090909090908,0.0
548309,SK Trivedi,Kings XI Punjab,1,0.9733333333333334,0.4,1.1,2.0
548310,AB McDonald,Delhi Daredevils,1,1.4,1.0,1.0,2.0
548310,DL Vettori,Delhi Daredevils,1,1.0,1.2,1.5,1.0
548310,GJ Maxwell,Royal Challengers Bangalore,2,0.5189873417721519,1.0,0.75,0.0
548310,HV Patel,Delhi Daredevils,0,1.4660194174757282,0.0,1.0,1.0
548310,IK Pathan,Royal Challengers Bangalore,0,0.9801980198019802,1.2,1.0769230769230769,2.0
548310,M Morkel,Royal Challengers Bangalore,2,1.2571428571428571,1.8,1.0909090909090908,3.0
548310,M Muralitharan,Delhi Daredevils,3,1.0151515151515151,1.0,1.125,2.0
548310,R Vinay Kumar,Delhi Daredevils,0,1.2211538461538463,0.8,0.9285714285714286,2.0
548310,S Nadeem,Royal Challengers Bangalore,1,0.7714285714285715,0.6,1.0,0.0
548310,UT Yadav,Royal Challengers Bangalore,0,1.1088435374149659,0.8,1.0666666666666667,1.0
548310,Z Khan,Delhi Daredevils,2,1.202020202020202,1.4,0.875,2.0
548311,Ankit Sharma,Chennai Super Kings,1,0.5714285714285714,1.0,0.8333333333333334,0.0
548311,DE Bollinger,Deccan Chargers,2,1.5925925925925926,1.2,2.25,0.0
548311,DJ Bravo,Deccan Chargers,0,1.3101265822784811,0.6,1.25,0.0
548311,DJ Harris,Chennai Super Kings,0,0.0,0.0,0.0,0.0
548311,DT Christian,Chennai Super Kings,2,0.8163265306122449,1.6,0.6,1.0
548311,DW Steyn,Chennai Super Kings,2,1.105263157894737,1.2,0.8333333333333334,3.0
548311,JA Morkel,Deccan Chargers,0,1.103448275862069,0.2,1.3333333333333333,0.0
548311,MS Gony,Chennai Super Kings,0,0.8863636363636364,0.8,0.0,0.0
548311,R Ashwin,Deccan Chargers,0,0.9519230769230769,1.0,0.8333333333333334,2.0
548311,RA Jadeja,Deccan Chargers,5,0.8009478672985783,1.4,1.6,0.0
548311,SB Jakati,Deccan Chargers,2,0.8771929824561403,1.2,1.8333333333333333,0.0
548311,SK Raina,Deccan Chargers,1,0.43478260869565216,0.4,1.1666666666666667,0.0
548311,TP Sudhindra,Chennai Super Kings,1,0.3333333333333333,1.0,1.0,0.0
548312,A Singh,Kolkata Knight Riders,2,1.3478260869565217,1.2,1.2,2.0
548312,AA Chavan,Kolkata Knight Riders,2,0.6153846153846154,1.0,1.0,1.0
548312,B Lee,Rajasthan Royals,2,0.7894736842105263,0.6,1.0,0.0
548312,Iqbal Abdulla,Rajasthan Royals,0,0.9375,0.4,0.8,0.0
548312,J Botha,Kolkata Knight Riders,1,0.7941176470588235,0.4,1.2,0.0
548312,JH Kallis,Rajasthan Royals,1,0.8314606741573034,1.4,0.6363636363636364,2.0
548312,KK Cooper,Kolkata Knight Riders,3,1.44,3.5,3.0,1.0
548312,R Bhatia,Rajasthan Royals,2,0.9010989010989011,1.2,1.1428571428571428,0.0
548312,SK Trivedi,Kolkata Knight Riders,2,0.9733333333333334,0.6,1.0,0.0
548312,SP Narine,Rajasthan Royals,0,1.1428571428571428,0.0,0.7894736842105263,1.0
548312,YK Pathan,Rajasthan Royals,0,0.5609756097560976,0.4,1.0,1.0
548313,A Nehra,Kings XI Punjab,1,1.375,1.4,1.1428571428571428,0.0
548313,AB Dinda,Kings XI Punjab,2,1.0933333333333333,2.0,0.75,1.0
548313,AD Mascarenhas,Pune Warriors,1,1.4615384615384615,1.4,3.0,5.0
548313,Bipul Sharma,Pune Warriors,0,0.7857142857142857,1.0,0.0,0.0
548313,Harmeet Singh,Pune Warriors,3,1.1071428571428572,1.4,2.0,2.0
548313,JD Ryder,Kings XI Punjab,1,0.6875,0.4,0.6,0.0
548313,JP Faulkner,Pune Warriors,1,1.2666666666666666,1.3333333333333333,1.6666666666666667,2.0
548313,M Kartik,Kings XI Punjab,0,0.7090909090909091,0.6,0.6666666666666666,0.0
548313,MN Samuels,Kings XI Punjab,2,0.9090909090909091,1.5,1.0,0.0
548313,P Kumar,Pune Warriors,1,0.8571428571428571,0.4,1.0,1.0
548313,PP Chawla,Pune Warriors,0,1.0523560209424083,1.6,0.4,1.0
548313,R Sharma,Kings XI Punjab,2,0.9545454545454546,1.0,1.0,1.0
548314,A Mishra,Mumbai Indians,1,1.1296296296296295,1.8,1.1363636363636365,0.0
548314,Anand Rajan,Mumbai Indians,0,1.25,1.6666666666666667,2.0,1.0
548314,Ankit Sharma,Mumbai Indians,0,0.5714285714285714,0.5,1.0,0.0
548314,CL White,Mumbai Indians,0,0.16666666666666666,0.0,0.0,0.0
548314,DT Christian,Mumbai Indians,1,0.8163265306122449,1.4,0.5454545454545454,2.0
548314,DW Steyn,Mumbai Indians,3,1.105263157894737,1.4,1.1428571428571428,2.0
548314,Harbhajan Singh,Deccan Chargers,0,1.00625,0.4,1.25,0.0
548314,KA Pollard,Deccan Chargers,2,0.7570093457943925,1.4,1.6,4.0
548314,MM Patel,Deccan Chargers,4,1.3015873015873016,2.4,0.875,4.0
548314,PP Ojha,Deccan Chargers,0,1.1,1.6,0.0,0.0
548314,SL Malinga,Deccan Chargers,3,1.540983606557377,2.0,2.5,2.0
548315,B Lee,Royal Challengers Bangalore,0,0.7894736842105263,0.6,0.25,2.0
548315,DL Vettori,Kolkata Knight Riders,1,1.0,1.0,1.25,0.0
548315,HV Patel,Kolkata Knight Riders,1,1.4660194174757282,0.5,1.3076923076923077,1.0
548315,JH Kallis,Royal Challengers Bangalore,2,0.8314606741573034,1.4,1.5,0.0
548315,L Balaji,Royal Challengers Bangalore,4,1.1643835616438356,1.6,1.5,0.0
548315,M Muralitharan,Kolkata Knight Riders,2,1.0151515151515151,1.2,0.7,3.0
548315,R Bhatia,Royal Challengers Bangalore,0,0.9010989010989011,1.2,0.25,0.0
548315,R Vinay Kumar,Kolkata Knight Riders,2,1.2211538461538463,0.6,2.0,1.0
548315,RN ten Doeschate,Royal Challengers Bangalore,1,0.3,0.5,0.5,0.0
548315,Shakib Al Hasan,Royal Challengers Bangalore,2,1.0142857142857142,1.2,0.6666666666666666,3.0
548315,V Kohli,Kolkata Knight Riders,0,0.19230769230769232,0.2,0.0,0.0
548315,Z Khan,Kolkata Knight Riders,2,1.202020202020202,1.4,1.4,1.0
548316,DE Bollinger,Delhi Daredevils,0,1.5925925925925926,1.2,1.0,4.0
548316,DJ Bravo,Delhi Daredevils,0,1.3101265822784811,0.6,0.8571428571428571,0.0
548316,IK Pathan,Chennai Super Kings,2,0.9801980198019802,1.4,1.0769230769230769,0.0
548316,JA Morkel,Delhi Daredevils,0,1.103448275862069,0.0,0.9230769230769231,2.0
548316,KP Pietersen,Chennai Super Kings,1,0.6923076923076923,0.6,1.3333333333333333,0.0
548316,M Morkel,Chennai Super Kings,3,1.2571428571428571,2.2,1.3333333333333333,4.0
548316,R Ashwin,Delhi Daredevils,2,0.9519230769230769,1.2,1.4375,0.0
548316,RA Jadeja,Delhi Daredevils,0,0.8009478672985783,1.4,0.7058823529411765,2.0
548316,RE van der Merwe,Chennai Super Kings,1,1.1904761904761905,2.0,0.8,0.0
548316,S Nadeem,Chennai Super Kings,0,0.7714285714285715,0.4,0.25,3.0
548316,SB Jakati,Delhi Daredevils,0,0.8771929824561403,1.0,1.1666666666666667,0.0
548316,UT Yadav,Chennai Super Kings,1,1.1088435374149659,0.6,1.0555555555555556,1.0
548317,A Singh,Mumbai Indians,2,1.3478260869565217,1.6,1.6666666666666667,2.0
548317,AA Chavan,Mumbai Indians,1,0.6153846153846154,1.0,0.25,0.0
548317,GB Hogg,Mumbai Indians,2,1.1904761904761905,2.0,1.0,1.0
548317,Harbhajan Singh,Rajasthan Royals,0,1.00625,0.2,1.0,0.0
548317,J Botha,Mumbai Indians,0,0.7941176470588235,0.2,1.0,1.0
548317,JEC Franklin,Rajasthan Royals,0,0.6,0.6,0.0,1.0
548317,KA Pollard,Rajasthan Royals,4,0.7570093457943925,2.2,0.9285714285714286,0.0
548317,KK Cooper,Mumbai Indians,1,1.44,2.6666666666666665,1.3333333333333333,2.0
548317,MM Patel,Rajasthan Royals,4,1.3015873015873016,3.2,2.0,0.0
548317,PP Ojha,Rajasthan Royals,0,1.1,1.0,0.8461538461538461,1.0
548317,SK Trivedi,Mumbai Indians,0,0.9733333333333334,0.6,0.7,0.0
548317,SL Malinga,Rajasthan Royals,2,1.540983606557377,2.2,0.9230769230769231,2.0
548318,DE Bollinger,Royal Challengers Bangalore,4,1.5925925925925926,1.8,1.5,1.0
548318,DJ Bravo,Royal Challengers Bangalore,0,1.3101265822784811,0.4,1.0434782608695652,0.0
548318,DL Vettori,Chennai Super Kings,0,1.0,1.0,0.8333333333333334,1.0
548318,JA Morkel,Royal Challengers Bangalore,2,1.103448275862069,0.4,1.25,0.0
548318,M Muralitharan,Chennai Super Kings,3,1.0151515151515151,1.6,1.3333333333333333,0.0
548318,R Ashwin,Royal Challengers Bangalore,0,0.9519230769230769,1.0,0.8461538461538461,1.0
548318,R Vinay Kumar,Chennai Super Kings,1,1.2211538461538463,0.6,1.0588235294117647,0.0
548318,RA Jadeja,Royal Challengers Bangalore,2,0.8009478672985783,1.8,1.037037037037037,0.0
548318,SB Jakati,Royal Challengers Bangalore,0,0.8771929824561403,0.8,0.8888888888888888,1.0
548318,SK Raina,Royal Challengers Bangalore,0,0.43478260869565216,0.4,0.2,0.0
548318,V Kohli,Chennai Super Kings,0,0.19230769230769232,0.2,0.16666666666666666,1.0
548318,Z Khan,Chennai Super Kings,1,1.202020202020202,1.2,1.3333333333333333,1.0
548319,A Nehra,Kings XI Punjab,0,1.375,1.4,1.1428571428571428,1.0
548319,AB Dinda,Kings XI Punjab,1,1.0933333333333333,1.8,0.75,1.0
548319,AD Mascarenhas,Pune Warriors,5,1.4615384615384615,2.0,3.0,1.0
548319,AD Mathews,Kings XI Punjab,1,0.6363636363636364,0.4,0.6666666666666666,1.0
548319,Harmeet Singh,Pune Warriors,2,1.1071428571428572,1.8,2.0,1.0
548319,JD Ryder,Kings XI Punjab,0,0.6875,0.4,0.6,0.0
548319,MN Samuels,Kings XI Punjab,0,0.9090909090909091,1.0,1.0,0.0
548319,P Awana,Pune Warriors,1,1.303030303030303,1.0,1.3333333333333333,4.0
548319,P Kumar,Pune Warriors,1,0.8571428571428571,0.4,1.0,0.0
548319,PP Chawla,Pune Warriors,1,1.0523560209424083,1.2,0.4,3.0
548319,R Sharma,Kings XI Punjab,1,0.9545454545454546,0.8,1.0,2.0
548320,A Singh,Kolkata Knight Riders,2,1.3478260869565217,1.8,1.2,2.0
548320,AA Chavan,Kolkata Knight Riders,0,0.6153846153846154,1.0,1.0,1.0
548320,AL Menaria,Kolkata Knight Riders,1,0.25,0.2,0.5,0.0
548320,GB Hogg,Kolkata Knight Riders,1,1.1904761904761905,1.5,0.5,1.0
548320,J Botha,Kolkata Knight Riders,1,0.7941176470588235,0.4,1.2,1.0
548320,JH Kallis,Rajasthan Royals,0,0.8314606741573034,1.4,0.6363636363636364,0.0
548320,L Balaji,Rajasthan Royals,0,1.1643835616438356,1.4,1.0,1.0
548320,R Bhatia,Rajasthan Royals,0,0.9010989010989011,0.6,1.1428571428571428,3.0
548320,SK Trivedi,Kolkata Knight Riders,0,0.9733333333333334,0.6,1.0,4.0
548320,SP Narine,Rajasthan Royals,1,1.1428571428571428,0.5,0.7894736842105263,5.0
548320,Shakib Al Hasan,Rajasthan Royals,3,1.0142857142857142,1.8,1.3,1.0
548320,YK Pathan,Rajasthan Royals,1,0.5609756097560976,0.2,1.0,0.0
548321,A Mishra,Delhi Daredevils,0,1.1296296296296295,1.6,0.75,3.0
548321,AB Agarkar,Deccan Chargers,0,0.7857142857142857,0.6,1.0,3.0
548321,Ankit Sharma,Delhi Daredevils,0,0.5714285714285714,0.3333333333333333,0.0,0.0
548321,DT Christian,Delhi Daredevils,2,0.8163265306122449,1.8,1.5,1.0
548321,DW Steyn,Delhi Daredevils,2,1.105263157894737,1.8,1.6363636363636365,0.0
548321,IK Pathan,Deccan Chargers,0,0.9801980198019802,1.0,1.0,1.0
548321,JP Duminy,Delhi Daredevils,0,0.46938775510204084,0.6,0.25,0.0
548321,KP Pietersen,Deccan Chargers,0,0.6923076923076923,0.6,0.6666666666666666,0.0
548321,M Morkel,Deccan Chargers,4,1.2571428571428571,2.8,1.0,2.0
548321,S Nadeem,Deccan Chargers,3,0.7714285714285715,0.8,1.3333333333333333,2.0
548321,UT Yadav,Deccan Chargers,1,1.1088435374149659,0.8,1.6666666666666667,2.0
548321,V Pratap Singh,Delhi Daredevils,1,1.3333333333333333,1.0,1.0,0.0
548322,A Nehra,Chennai Super Kings,1,1.375,1.4,1.625,1.0
548322,AB Dinda,Chennai Super Kings,1,1.0933333333333333,1.8,0.5714285714285714,1.0
548322,AD Mathews,Chennai Super Kings,1,0.6363636363636364,0.6,0.25,1.0
548322,DJ Bravo,Pune Warriors,0,1.3101265822784811,0.2,1.25,2.0
548322,JA Morkel,Pune Warriors,0,1.103448275862069,0.4,1.6666666666666667,3.0
548322,KMDN Kulasekara,Pune Warriors,1,1.2,1.0,1.3333333333333333,2.0
548322,M Kartik,Chennai Super Kings,0,0.7090909090909091,0.6,0.3333333333333333,0.0
548322,MN Samuels,Chennai Super Kings,0,0.9090909090909091,0.75,1.5,1.0
548322,R Ashwin,Pune Warriors,1,0.9519230769230769,0.6,1.0,1.0
548322,R Sharma,Chennai Super Kings,2,0.9545454545454546,1.2,0.8333333333333334,0.0
548322,SK Raina,Pune Warriors,0,0.43478260869565216,0.4,0.0,0.0
548322,VY Mahesh,Pune Warriors,1,1.2941176470588236,2.0,1.0,0.0
548323,AD Mascarenhas,Kolkata Knight Riders,1,1.4615384615384615,2.2,0.6666666666666666,0.0
548323,BA Bhatt,Kolkata Knight Riders,2,0.8666666666666667,1.4,1.0,0.0
548323,Harmeet Singh,Kolkata Knight Riders,1,1.1071428571428572,1.6,0.5,0.0
548323,JD Unadkat,Kings XI Punjab,0,1.0480769230769231,0.8,0.5454545454545454,0.0
548323,JH Kallis,Kings XI Punjab,0,0.8314606741573034,0.8,0.9090909090909091,0.0
548323,P Kumar,Kolkata Knight Riders,0,0.8571428571428571,0.4,0.625,0.0
548323,PP Chawla,Kolkata Knight Riders,3,1.0523560209424083,1.0,1.0,2.0
548323,R Bhatia,Kings XI Punjab,3,0.9010989010989011,1.2,0.7272727272727273,2.0
548323,SP Narine,Kings XI Punjab,5,1.1428571428571428,2.0,1.631578947368421,2.0
548323,Shakib Al Hasan,Kings XI Punjab,1,1.0142857142857142,1.6,0.7142857142857143,1.0
548323,YK Pathan,Kings XI Punjab,0,0.5609756097560976,0.2,0.6,0.0
548324,A Singh,Royal Challengers Bangalore,2,1.3478260869565217,2.0,3.0,0.0
548324,CH Gayle,Rajasthan Royals,0,0.5,0.4,0.3333333333333333,0.0
548324,DL Vettori,Rajasthan Royals,1,1.0,0.6,0.5,1.0
548324,GB Hogg,Royal Challengers Bangalore,1,1.1904761904761905,1.3333333333333333,1.3333333333333333,0.0
548324,J Botha,Royal Challengers Bangalore,1,0.7941176470588235,0.6,0.5,0.0
548324,M Muralitharan,Rajasthan Royals,0,1.0151515151515151,1.6,0.6666666666666666,0.0
548324,Pankaj Singh,Royal Challengers Bangalore,2,0.6470588235294118,0.8,1.0,0.0
548324,R Vinay Kumar,Rajasthan Royals,0,1.2211538461538463,0.6,1.0714285714285714,3.0
548324,S Aravind,Rajasthan Royals,0,1.263157894736842,1.4,2.0,4.0
548324,SK Trivedi,Royal Challengers Bangalore,4,0.9733333333333334,1.4,1.125,1.0
548324,Z Khan,Rajasthan Royals,1,1.202020202020202,1.2,0.875,1.0
548325,AB Agarkar,Mumbai Indians,3,0.7857142857142857,1.2,0.8571428571428571,1.0
548325,CJ McKay,Delhi Daredevils,0,0.5,0.0,0.0,1.0
548325,IK Pathan,Mumbai Indians,1,0.9801980198019802,0.6,1.2666666666666666,1.0
548325,KA Pollard,Delhi Daredevils,0,0.7570093457943925,2.0,0.5454545454545454,2.0
548325,M Morkel,Mumbai Indians,2,1.2571428571428571,3.0,1.4444444444444444,1.0
548325,MM Patel,Delhi Daredevils,0,1.3015873015873016,2.6,1.1,0.0
548325,PP Ojha,Delhi Daredevils,1,1.1,1.0,1.0833333333333333,2.0
548325,RP Singh,Delhi Daredevils,2,1.2195121951219512,1.6,1.0,0.0
548325,S Nadeem,Mumbai Indians,2,0.7714285714285715,1.2,0.9090909090909091,0.0
548325,UT Yadav,Mumbai Indians,2,1.1088435374149659,1.2,1.0555555555555556,0.0
548326,A Mishra,Rajasthan Royals,3,1.1296296296296295,2.0,1.619047619047619,0.0
548326,A Singh,Deccan Chargers,0,1.3478260869565217,1.6,1.5,0.0
548326,Anand Rajan,Rajasthan Royals,1,1.25,1.5,1.0,1.0
548326,Ankit Sharma,Rajasthan Royals,0,0.5714285714285714,0.25,0.0,0.0
548326,BJ Hodge,Deccan Chargers,1,0.9,1.4,1.0,0.0
548326,DT Christian,Rajasthan Royals,1,0.8163265306122449,1.6,0.6666666666666666,0.0
548326,DW Steyn,Rajasthan Royals,0,1.105263157894737,1.6,1.1818181818181819,2.0
548326,GB Hogg,Deccan Chargers,0,1.1904761904761905,1.0,0.0,1.0
548326,J Botha,Deccan Chargers,0,0.7941176470588235,0.6,0.3333333333333333,2.0
548326,Pankaj Singh,Deccan Chargers,0,0.6470588235294118,0.8,0.0,1.0
548326,SK Trivedi,Deccan Chargers,1,0.9733333333333334,1.4,1.5555555555555556,0.0
548327,A Nehra,Royal Challengers Bangalore,1,1.375,1.0,1.8461538461538463,2.0
548327,AB Dinda,Royal Challengers Bangalore,1,1.0933333333333333,1.8,1.375,1.0
548327,AD Mathews,Royal Challengers Bangalore,1,0.6363636363636364,0.8,1.0,0.0
548327,B Kumar,Royal Challengers Bangalore,0,1.1079545454545454,0.2,1.0476190476190477,0.0
548327,DL Vettori,Pune Warriors,1,1.0,0.8,1.0,0.0
548327,HV Patel,Pune Warriors,1,1.4660194174757282,0.6666666666666666,1.0,1.0
548327,KP Appanna,Pune Warriors,0,0.8461538461538461,0.6,0.5,4.0
548327,MN Samuels,Royal Challengers Bangalore,1,0.9090909090909091,0.8,1.0,3.0
548327,R Sharma,Royal Challengers Bangalore,0,0.9545454545454546,1.2,0.8333333333333334,0.0
548327,R Vinay Kumar,Pune Warriors,3,1.2211538461538463,1.2,2.2,1.0
548327,TM Dilshan,Pune Warriors,0,0.2,0.0,0.0,0.0
548327,Z Khan,Pune Warriors,1,1.202020202020202,1.4,1.3333333333333333,2.0
548328,AD Mascarenhas,Kolkata Knight Riders,0,1.4615384615384615,1.8,0.6666666666666666,0.0
548328,B Lee,Kings XI Punjab,2,0.7894736842105263,1.0,1.5,1.0
548328,BA Bhatt,Kolkata Knight Riders,0,0.8666666666666667,1.2,1.0,0.0
548328,Harmeet Singh,Kolkata Knight Riders,0,1.1071428571428572,1.4,0.5,0.0
548328,JH Kallis,Kings XI Punjab,0,0.8314606741573034,0.6,0.9090909090909091,0.0
548328,L Balaji,Kings XI Punjab,1,1.1643835616438356,1.2,1.2222222222222223,2.0
548328,P Kumar,Kolkata Knight Riders,0,0.8571428571428571,0.4,0.625,0.0
548328,PP Chawla,Kolkata Knight Riders,2,1.0523560209424083,1.4,1.0,1.0
548328,R Bhatia,Kings XI Punjab,2,0.9010989010989011,1.4,0.7272727272727273,2.0
548328,SP Narine,Kings XI Punjab,2,1.1428571428571428,2.0,1.631578947368421,2.0
548328,YK Pathan,Kings XI Punjab,0,0.5609756097560976,0.2,0.6,0.0
548329,A Ashish Reddy,Delhi Daredevils,0,0.95,0.0,0.5,2.0
548329,A Mishra,Delhi Daredevils,0,1.1296296296296295,1.6,0.75,1.0
548329,AD Russell,Deccan Chargers,0,1.1160714285714286,0.0,0.0,0.0
548329,Ankit Sharma,Delhi Daredevils,0,0.5714285714285714,0.2,0.0,1.0
548329,IK Pathan,Deccan Chargers,1,0.9801980198019802,0.8,1.0,0.0
548329,M Morkel,Deccan Chargers,1,1.2571428571428571,2.4,1.0,3.0
548329,MS Gony,Delhi Daredevils,0,0.8863636363636364,0.8,0.75,2.0
548329,S Dhawan,Delhi Daredevils,1,0.6666666666666666,0.6666666666666666,1.0,1.0
548329,S Nadeem,Deccan Chargers,0,0.7714285714285715,1.2,1.3333333333333333,0.0
548329,TP Sudhindra,Delhi Daredevils,0,0.3333333333333333,0.5,0.0,0.0
548329,VR Aaron,Deccan Chargers,2,0.92,1.0,2.0,1.0
548330,A Nehra,Chennai Super Kings,2,1.375,1.0,1.625,0.0
548330,AD Mathews,Chennai Super Kings,0,0.6363636363636364,0.6,0.25,0.0
548330,B Kumar,Chennai Super Kings,0,1.1079545454545454,0.2,0.7,2.0
548330,DE Bollinger,Pune Warriors,1,1.5925925925925926,1.8,2.3333333333333335,1.0
548330,DJ Bravo,Pune Warriors,2,1.3101265822784811,0.4,1.25,0.0
548330,KMDN Kulasekara,Pune Warriors,2,1.2,1.3333333333333333,1.3333333333333333,1.0
548330,M Kartik,Chennai Super Kings,0,0.7090909090909091,0.4,0.3333333333333333,1.0
548330,MN Samuels,Chennai Super Kings,3,0.9090909090909091,1.2,1.5,1.0
548330,R Ashwin,Pune Warriors,1,0.9519230769230769,0.8,1.0,1.0
548330,R Sharma,Chennai Super Kings,0,0.9545454545454546,1.0,0.8333333333333334,0.0
548330,RA Jadeja,Pune Warriors,0,0.8009478672985783,1.4,1.0,0.0
548330,SB Jakati,Pune Warriors,1,0.8771929824561403,0.6,0.3333333333333333,1.0
548331,AB McDonald,Kings XI Punjab,2,1.4,0.8,2.0,2.0
548331,Azhar Mahmood,Royal Challengers Bangalore,0,1.3478260869565217,0.0,1.6666666666666667,0.0
548331,DL Vettori,Kings XI Punjab,0,1.0,0.6,1.1666666666666667,0.0
548331,HV Patel,Kings XI Punjab,1,1.4660194174757282,0.75,1.4,2.0
548331,Harmeet Singh,Royal Challengers Bangalore,0,1.1071428571428572,1.2,0.8333333333333334,0.0
548331,P Awana,Royal Challengers Bangalore,4,1.303030303030303,2.5,2.0,2.0
548331,P Kumar,Royal Challengers Bangalore,0,0.8571428571428571,0.4,0.4,2.0
548331,PP Chawla,Royal Challengers Bangalore,1,1.0523560209424083,1.4,0.8260869565217391,2.0
548331,R Vinay Kumar,Kings XI Punjab,1,1.2211538461538463,1.4,0.45454545454545453,0.0
548331,Z Khan,Kings XI Punjab,2,1.202020202020202,1.4,1.2142857142857142,1.0
548332,A Singh,Chennai Super Kings,0,1.3478260869565217,1.2,0.6666666666666666,2.0
548332,AL Menaria,Chennai Super Kings,0,0.25,0.2,0.0,0.0
548332,DJ Bravo,Rajasthan Royals,0,1.3101265822784811,0.4,1.3076923076923077,3.0
548332,GB Hogg,Chennai Super Kings,1,1.1904761904761905,1.0,2.3333333333333335,2.0
548332,KK Cooper,Chennai Super Kings,2,1.44,2.5,1.25,0.0
548332,KMDN Kulasekara,Rajasthan Royals,1,1.2,1.25,1.0,1.0
548332,R Ashwin,Rajasthan Royals,1,0.9519230769230769,1.0,1.1764705882352942,1.0
548332,RA Jadeja,Rajasthan Royals,0,0.8009478672985783,1.4,1.0476190476190477,0.0
548332,SB Jakati,Rajasthan Royals,1,0.8771929824561403,0.8,1.1666666666666667,0.0
548332,SK Trivedi,Chennai Super Kings,0,0.9733333333333334,1.0,0.45454545454545453,0.0
548332,STR Binny,Chennai Super Kings,0,0.4444444444444444,0.0,0.2857142857142857,1.0
548333,A Nehra,Delhi Daredevils,0,1.375,0.8,1.5,0.0
548333,AC Thomas,Delhi Daredevils,3,1.0666666666666667,1.2,1.0,1.0
548333,AD Mathews,Delhi Daredevils,0,0.6363636363636364,0.6,0.75,2.0
548333,IK Pathan,Pune Warriors,0,0.9801980198019802,0.8,0.8,1.0
548333,JD Ryder,Delhi Daredevils,0,0.6875,0.2,0.5,0.0
548333,M Kartik,Delhi Daredevils,1,0.7090909090909091,0.6,0.16666666666666666,0.0
548333,M Morkel,Pune Warriors,3,1.2571428571428571,2.6,1.0,1.0
548333,R Sharma,Delhi Daredevils,0,0.9545454545454546,0.6,1.0,1.0
548333,S Nadeem,Pune Warriors,0,0.7714285714285715,1.0,0.6,0.0
548333,SC Ganguly,Delhi Daredevils,3,0.6,0.6,0.75,0.0
548333,UT Yadav,Pune Warriors,0,1.1088435374149659,0.8,0.6,0.0
548333,V Sehwag,Pune Warriors,0,0.4,0.6,0.0,0.0
548334,Azhar Mahmood,Mumbai Indians,0,1.3478260869565217,0.0,1.0,2.0
548334,BA Bhatt,Mumbai Indians,0,0.8666666666666667,0.4,1.0,0.0
548334,DJ Hussey,Mumbai Indians,0,0.38461538461538464,0.2,0.0,1.0
548334,Harbhajan Singh,Kings XI Punjab,0,1.00625,0.2,1.0909090909090908,0.0
548334,KA Pollard,Kings XI Punjab,2,0.7570093457943925,2.0,0.38461538461538464,0.0
548334,MM Patel,Kings XI Punjab,0,1.3015873015873016,2.2,1.625,0.0
548334,NLTC Perera,Kings XI Punjab,0,1.0277777777777777,1.0,0.6,0.0
548334,P Awana,Mumbai Indians,2,1.303030303030303,2.3333333333333335,1.5,3.0
548334,P Kumar,Mumbai Indians,2,0.8571428571428571,0.6,0.8125,0.0
548334,PP Chawla,Mumbai Indians,2,1.0523560209424083,1.8,1.3333333333333333,1.0
548334,PP Ojha,Kings XI Punjab,2,1.1,0.8,1.0,1.0
548334,RP Singh,Kings XI Punjab,0,1.2195121951219512,1.6,1.0,1.0
548335,A Mishra,Kolkata Knight Riders,1,1.1296296296296295,1.0,1.0,0.0
548335,Anand Rajan,Kolkata Knight Riders,1,1.25,1.4,1.0,1.0
548335,Ankit Sharma,Kolkata Knight Riders,1,0.5714285714285714,0.2,0.5,1.0
548335,B Lee,Deccan Chargers,1,0.7894736842105263,1.0,1.0,0.0
548335,CL White,Kolkata Knight Riders,0,0.16666666666666666,0.0,0.0,0.0
548335,DW Steyn,Kolkata Knight Riders,2,1.105263157894737,1.8,1.0769230769230769,2.0
548335,JH Kallis,Deccan Chargers,0,0.8314606741573034,0.4,0.4,2.0
548335,JP Duminy,Kolkata Knight Riders,0,0.46938775510204084,0.6,0.14285714285714285,0.0
548335,L Balaji,Deccan Chargers,2,1.1643835616438356,1.4,1.0,1.0
548335,R Bhatia,Deccan Chargers,2,0.9010989010989011,1.4,2.1666666666666665,1.0
548335,SP Narine,Deccan Chargers,2,1.1428571428571428,2.0,2.0,1.0
548335,V Pratap Singh,Kolkata Knight Riders,0,1.3333333333333333,0.5,0.0,1.0
548335,YK Pathan,Deccan Chargers,0,0.5609756097560976,0.2,0.7777777777777778,1.0
548336,A Chandila,Royal Challengers Bangalore,0,0.9166666666666666,0.0,0.0,4.0
548336,DL Vettori,Rajasthan Royals,0,1.0,0.4,0.5,1.0
548336,GB Hogg,Royal Challengers Bangalore,2,1.1904761904761905,1.0,1.3333333333333333,1.0
548336,HV Patel,Rajasthan Royals,2,1.4660194174757282,1.0,1.8333333333333333,0.0
548336,KK Cooper,Royal Challengers Bangalore,0,1.44,2.0,0.0,0.0
548336,KP Appanna,Rajasthan Royals,4,0.8461538461538461,1.4,4.0,0.0
548336,Pankaj Singh,Royal Challengers Bangalore,1,0.6470588235294118,0.6,1.0,2.0
548336,R Vinay Kumar,Rajasthan Royals,0,1.2211538461538463,1.0,1.0714285714285714,2.0
548336,SK Trivedi,Royal Challengers Bangalore,0,0.9733333333333334,1.0,1.125,1.0
548336,Z Khan,Rajasthan Royals,1,1.202020202020202,1.2,0.875,1.0
548337,A Nehra,Delhi Daredevils,0,1.375,0.8,1.5,0.0
548337,AC Thomas,Delhi Daredevils,1,1.0666666666666667,1.2,1.0,0.0
548337,IK Pathan,Pune Warriors,1,0.9801980198019802,0.6,0.8,2.0
548337,LJ Wright,Delhi Daredevils,0,0.3333333333333333,0.0,0.0,0.0
548337,M Kartik,Delhi Daredevils,0,0.7090909090909091,0.2,0.16666666666666666,0.0
548337,M Morkel,Pune Warriors,1,1.2571428571428571,2.2,1.0,2.0
548337,P Negi,Pune Warriors,0,0.9047619047619048,0.0,0.0,4.0
548337,R Sharma,Delhi Daredevils,1,0.9545454545454546,0.6,1.0,1.0
548337,S Nadeem,Pune Warriors,0,0.7714285714285715,1.0,0.6,2.0
548337,SC Ganguly,Delhi Daredevils,0,0.6,0.6,0.75,0.0
548337,UT Yadav,Pune Warriors,0,1.1088435374149659,0.8,0.6,2.0
548339,Azhar Mahmood,Mumbai Indians,2,1.3478260869565217,0.6666666666666666,1.0,3.0
548339,BA Bhatt,Mumbai Indians,0,0.8666666666666667,0.4,1.0,1.0
548339,Harbhajan Singh,Kings XI Punjab,0,1.00625,0.2,1.0909090909090908,0.0
548339,JEC Franklin,Kings XI Punjab,1,0.6,0.4,1.0,2.0
548339,KA Pollard,Kings XI Punjab,0,0.7570093457943925,1.6,0.38461538461538464,0.0
548339,MM Patel,Kings XI Punjab,0,1.3015873015873016,1.6,1.625,1.0
548339,P Awana,Mumbai Indians,3,1.303030303030303,2.5,1.5,0.0
548339,P Kumar,Mumbai Indians,0,0.8571428571428571,0.4,0.8125,1.0
548339,PP Chawla,Mumbai Indians,1,1.0523560209424083,1.8,1.3333333333333333,2.0
548339,RJ Peterson,Kings XI Punjab,0,0.75,0.0,0.0,3.0
548339,RP Singh,Kings XI Punjab,1,1.2195121951219512,1.0,1.0,0.0
548341,A Ashish Reddy,Pune Warriors,2,0.95,1.0,1.3333333333333333,1.0
548341,A Mishra,Pune Warriors,0,1.1296296296296295,0.8,1.6666666666666667,0.0
548341,A Nehra,Deccan Chargers,0,1.375,0.6,1.125,1.0
548341,AC Thomas,Deccan Chargers,0,1.0666666666666667,1.0,0.0,1.0
548341,Ankit Sharma,Pune Warriors,1,0.5714285714285714,0.4,1.0,1.0
548341,B Kumar,Deccan Chargers,2,1.1079545454545454,0.6,0.75,1.0
548341,J Theron,Pune Warriors,2,1.3,1.0,2.0,1.0
548341,JP Duminy,Pune Warriors,0,0.46938775510204084,0.4,0.25,1.0
548341,MN Samuels,Deccan Chargers,1,0.9090909090909091,1.0,1.0,1.0
548341,MS Gony,Pune Warriors,2,0.8863636363636364,0.6,1.5,1.0
548341,R Sharma,Deccan Chargers,1,0.9545454545454546,0.4,1.3333333333333333,1.0
548342,AB Agarkar,Mumbai Indians,1,0.7857142857142857,1.0,0.8571428571428571,0.0
548342,Harbhajan Singh,Delhi Daredevils,0,1.00625,0.0,1.1578947368421053,2.0
548342,IK Pathan,Mumbai Indians,2,0.9801980198019802,1.0,1.2666666666666666,1.0
548342,KA Pollard,Delhi Daredevils,0,0.7570093457943925,1.2,0.5454545454545454,0.0
548342,M Morkel,Mumbai Indians,2,1.2571428571428571,1.8,1.4444444444444444,1.0
548342,R Shukla,Delhi Daredevils,0,1.0,0.0,1.0,2.0
548342,RJ Peterson,Delhi Daredevils,3,0.75,1.5,3.0,0.0
548342,RP Singh,Delhi Daredevils,0,1.2195121951219512,0.8,1.0,1.0
548342,S Nadeem,Mumbai Indians,2,0.7714285714285715,0.8,0.9090909090909091,0.0
548342,SL Malinga,Delhi Daredevils,2,1.540983606557377,2.6,1.8333333333333333,4.0
548342,UT Yadav,Mumbai Indians,2,1.1088435374149659,1.0,1.0555555555555556,1.0
548343,Azhar Mahmood,Chennai Super Kings,3,1.3478260869565217,1.25,1.6666666666666667,3.0
548343,BA Bhatt,Chennai Super Kings,1,0.8666666666666667,0.6,0.5,0.0
548343,Bipul Sharma,Chennai Super Kings,0,0.7857142857142857,0.8,0.0,1.0
548343,DJ Bravo,Kings XI Punjab,3,1.3101265822784811,1.0,1.625,2.0
548343,DJ Hussey,Chennai Super Kings,1,0.38461538461538464,0.4,0.3333333333333333,0.0
548343,JA Morkel,Kings XI Punjab,3,1.103448275862069,1.0,1.2727272727272727,1.0
548343,P Awana,Chennai Super Kings,0,1.303030303030303,2.0,1.1666666666666667,0.0
548343,P Kumar,Chennai Super Kings,1,0.8571428571428571,0.6,1.1333333333333333,0.0
548343,PP Chawla,Chennai Super Kings,2,1.0523560209424083,1.6,1.0,1.0
548343,R Ashwin,Kings XI Punjab,1,0.9519230769230769,0.8,1.1764705882352942,2.0
548343,RA Jadeja,Kings XI Punjab,0,0.8009478672985783,0.4,0.7777777777777778,0.0
548343,SB Jakati,Kings XI Punjab,0,0.8771929824561403,0.4,0.25,0.0
548343,SK Raina,Kings XI Punjab,0,0.43478260869565216,0.4,0.3333333333333333,0.0
548344,B Lee,Royal Challengers Bangalore,0,0.7894736842105263,1.0,0.25,1.0
548344,DL Vettori,Kolkata Knight Riders,1,1.0,0.6,1.25,1.0
548344,HV Patel,Kolkata Knight Riders,0,1.4660194174757282,1.0,1.3076923076923077,2.0
548344,JH Kallis,Royal Challengers Bangalore,2,0.8314606741573034,0.4,1.5,2.0
548344,KP Appanna,Kolkata Knight Riders,0,0.8461538461538461,1.4,0.3333333333333333,1.0
548344,LR Shukla,Royal Challengers Bangalore,1,0.6296296296296297,0.8,0.6666666666666666,0.0
548344,R Bhatia,Royal Challengers Bangalore,1,0.9010989010989011,1.6,0.25,0.0
548344,R Vinay Kumar,Kolkata Knight Riders,2,1.2211538461538463,1.2,2.0,0.0
548344,SP Narine,Royal Challengers Bangalore,1,1.1428571428571428,2.2,1.2777777777777777,2.0
548344,TM Dilshan,Kolkata Knight Riders,0,0.2,0.0,0.0,0.0
548344,YK Pathan,Royal Challengers Bangalore,1,0.5609756097560976,0.4,0.42857142857142855,0.0
548344,Z Khan,Kolkata Knight Riders,1,1.202020202020202,1.2,1.4,2.0
548345,A Singh,Delhi Daredevils,2,1.3478260869565217,1.2,0.75,0.0
548345,AA Chavan,Delhi Daredevils,1,0.6153846153846154,1.2,1.0,1.0
548345,AB Agarkar,Rajasthan Royals,0,0.7857142857142857,1.0,0.6666666666666666,0.0
548345,GB Hogg,Delhi Daredevils,1,1.1904761904761905,1.0,1.4,2.0
548345,IK Pathan,Rajasthan Royals,1,0.9801980198019802,1.0,1.0,0.0
548345,KK Cooper,Delhi Daredevils,0,1.44,1.2,1.3333333333333333,3.0
548345,M Morkel,Rajasthan Royals,1,1.2571428571428571,1.6,0.6666666666666666,1.0
548345,Pankaj Singh,Delhi Daredevils,2,0.6470588235294118,1.0,1.3333333333333333,0.0
548345,S Nadeem,Rajasthan Royals,0,0.7714285714285715,0.4,0.8,0.0
548345,UT Yadav,Rajasthan Royals,1,1.1088435374149659,1.0,0.9285714285714286,1.0
548346,A Ashish Reddy,Mumbai Indians,1,0.95,1.0,1.0,1.0
548346,A Mishra,Mumbai Indians,0,1.1296296296296295,0.8,1.1363636363636365,0.0
548346,DT Christian,Mumbai Indians,0,0.8163265306122449,1.2,0.5454545454545454,1.0
548346,DW Steyn,Mumbai Indians,2,1.105263157894737,1.8,1.1428571428571428,0.0
548346,Harbhajan Singh,Deccan Chargers,2,1.00625,0.4,1.25,2.0
548346,JEC Franklin,Deccan Chargers,2,0.6,0.8,2.0,0.0
548346,JP Duminy,Mumbai Indians,1,0.46938775510204084,0.4,0.4,0.0
548346,MM Patel,Deccan Chargers,1,1.3015873015873016,1.0,0.875,1.0
548346,RJ Peterson,Deccan Chargers,0,0.75,1.0,0.0,0.0
548346,RP Singh,Deccan Chargers,1,1.2195121951219512,0.8,1.5,3.0
548346,SL Malinga,Deccan Chargers,4,1.540983606557377,2.6,2.5,2.0
548346,V Pratap Singh,Mumbai Indians,1,1.3333333333333333,0.6666666666666666,1.0,2.0
548347,B Lee,Chennai Super Kings,1,0.7894736842105263,0.8,0.4,1.0
548347,DJ Bravo,Kolkata Knight Riders,2,1.3101265822784811,1.4,1.3157894736842106,2.0
548347,Iqbal Abdulla,Chennai Super Kings,0,0.9375,0.2,0.5714285714285714,1.0
548347,JA Morkel,Kolkata Knight Riders,1,1.103448275862069,1.2,0.6666666666666666,1.0
548347,JH Kallis,Chennai Super Kings,2,0.8314606741573034,0.8,0.7333333333333333,1.0
548347,LR Shukla,Chennai Super Kings,0,0.6296296296296297,0.6,0.4,0.0
548347,R Ashwin,Kolkata Knight Riders,2,0.9519230769230769,1.2,0.9230769230769231,0.0
548347,R Bhatia,Chennai Super Kings,0,0.9010989010989011,1.6,0.8461538461538461,1.0
548347,RA Jadeja,Kolkata Knight Riders,0,0.8009478672985783,0.4,0.8148148148148148,0.0
548347,SB Jakati,Kolkata Knight Riders,0,0.8771929824561403,0.4,0.6666666666666666,0.0
548347,SK Raina,Kolkata Knight Riders,0,0.43478260869565216,0.2,0.4,1.0
548347,SP Narine,Chennai Super Kings,2,1.1428571428571428,2.4,1.25,2.0
548347,VY Mahesh,Kolkata Knight Riders,0,1.2941176470588236,1.0,1.0,2.0
548347,YK Pathan,Chennai Super Kings,0,0.5609756097560976,0.2,0.7333333333333333,0.0
548348,A Ashish Reddy,Pune Warriors,1,0.95,1.0,1.3333333333333333,1.0
548348,A Mishra,Pune Warriors,0,1.1296296296296295,0.2,1.6666666666666667,1.0
548348,A Nehra,Deccan Chargers,1,1.375,0.6,1.125,3.0
548348,Ankit Sharma,Pune Warriors,1,0.5714285714285714,0.6,1.0,0.0
548348,B Kumar,Deccan Chargers,1,1.1079545454545454,0.6,0.75,2.0
548348,DW Steyn,Pune Warriors,0,1.105263157894737,1.2,1.0,0.0
548348,JP Duminy,Pune Warriors,0,0.46938775510204084,0.2,0.25,0.0
548348,M Kartik,Deccan Chargers,0,0.7090909090909091,0.2,1.0,0.0
548348,MN Samuels,Deccan Chargers,1,0.9090909090909091,1.2,1.0,1.0
548348,S Dhawan,Pune Warriors,1,0.6666666666666666,0.75,1.0,0.0
548348,SC Ganguly,Deccan Chargers,0,0.6,0.6,0.6666666666666666,0.0
548348,V Pratap Singh,Pune Warriors,2,1.3333333333333333,1.0,2.0,2.0
548348,WD Parnell,Deccan Chargers,1,1.2121212121212122,1.0,1.0,2.0
548349,AA Chavan,Delhi Daredevils,1,0.6153846153846154,1.0,1.0,0.0
548349,GB Hogg,Delhi Daredevils,2,1.1904761904761905,1.2,1.4,0.0
548349,IK Pathan,Rajasthan Royals,0,0.9801980198019802,0.8,1.0,0.0
548349,M Morkel,Rajasthan Royals,1,1.2571428571428571,1.6,0.6666666666666666,1.0
548349,P Negi,Rajasthan Royals,4,0.9047619047619048,2.0,1.0,1.0
548349,Pankaj Singh,Delhi Daredevils,0,0.6470588235294118,1.0,1.3333333333333333,2.0
548349,S Nadeem,Rajasthan Royals,0,0.7714285714285715,0.4,0.8,0.0
548349,SR Watson,Delhi Daredevils,1,1.019047619047619,0.8,1.1666666666666667,2.0
548349,UT Yadav,Rajasthan Royals,1,1.1088435374149659,0.8,0.9285714285714286,2.0
548349,V Sehwag,Rajasthan Royals,0,0.4,0.6,0.6666666666666666,0.0
548350,AB McDonald,Kings XI Punjab,2,1.4,1.2,2.0,1.0
548350,AM Nayar,Royal Challengers Bangalore,0,0.47368421052631576,0.2,0.0,1.0
548350,Azhar Mahmood,Royal Challengers Bangalore,3,1.3478260869565217,1.6,1.6666666666666667,0.0
548350,DJ Hussey,Royal Challengers Bangalore,0,0.38461538461538464,0.4,0.6666666666666666,2.0
548350,KP Appanna,Kings XI Punjab,1,0.8461538461538461,1.2,0.5,1.0
548350,P Awana,Royal Challengers Bangalore,0,1.303030303030303,1.8,2.0,0.0
548350,P Kumar,Royal Challengers Bangalore,0,0.8571428571428571,0.6,0.4,0.0
548350,PP Chawla,Royal Challengers Bangalore,1,1.0523560209424083,1.4,0.8260869565217391,2.0
548350,R Vinay Kumar,Kings XI Punjab,0,1.2211538461538463,1.2,0.45454545454545453,2.0
548350,RJ Harris,Royal Challengers Bangalore,1,1.2702702702702702,1.6,1.625,4.0
548350,Z Khan,Kings XI Punjab,2,1.202020202020202,1.4,1.2142857142857142,0.0
548351,A Nehra,Mumbai Indians,3,1.375,0.8,1.8181818181818181,0.0
548351,AB Dinda,Mumbai Indians,1,1.0933333333333333,1.2,1.1538461538461537,0.0
548351,B Kumar,Mumbai Indians,2,1.1079545454545454,1.0,1.15,2.0
548351,Harbhajan Singh,Pune Warriors,2,1.00625,0.8,1.4,0.0
548351,JEC Franklin,Pune Warriors,0,0.6,0.6,0.3333333333333333,1.0
548351,M Kartik,Mumbai Indians,0,0.7090909090909091,0.2,1.0,1.0
548351,MJ Clarke,Mumbai Indians,1,0.6,1.0,1.0,0.0
548351,MM Patel,Pune Warriors,1,1.3015873015873016,0.4,2.0,0.0
548351,NLTC Perera,Pune Warriors,0,1.0277777777777777,1.0,2.0,3.0
548351,PP Ojha,Pune Warriors,1,1.1,0.8,1.3333333333333333,1.0
548351,SL Malinga,Pune Warriors,2,1.540983606557377,2.6,2.0,4.0
548351,WD Parnell,Mumbai Indians,2,1.2121212121212122,1.2,1.2,0.0
548352,A Ashish Reddy,Chennai Super Kings,1,0.95,1.0,1.0,1.0
548352,A Mishra,Chennai Super Kings,1,1.1296296296296295,0.4,0.875,2.0
548352,AA Jhunjhunwala,Chennai Super Kings,1,0.1,0.2,0.5,0.0
548352,Ankit Sharma,Chennai Super Kings,0,0.5714285714285714,0.6,0.8333333333333334,0.0
548352,BW Hilfenhaus,Deccan Chargers,1,1.3529411764705883,1.0,1.0,2.0
548352,DJ Bravo,Deccan Chargers,2,1.3101265822784811,1.8,1.25,3.0
548352,DT Christian,Chennai Super Kings,1,0.8163265306122449,1.0,0.6,2.0
548352,DW Steyn,Chennai Super Kings,0,1.105263157894737,0.8,0.8333333333333334,0.0
548352,JA Morkel,Deccan Chargers,1,1.103448275862069,1.4,1.3333333333333333,0.0
548352,R Ashwin,Deccan Chargers,0,0.9519230769230769,1.0,0.8333333333333334,1.0
548352,RA Jadeja,Deccan Chargers,0,0.8009478672985783,0.0,1.6,2.0
548352,SB Jakati,Deccan Chargers,0,0.8771929824561403,0.4,1.8333333333333333,0.0
548352,SK Raina,Deccan Chargers,1,0.43478260869565216,0.2,1.1666666666666667,0.0
548352,V Pratap Singh,Chennai Super Kings,2,1.3333333333333333,1.2,2.0,1.0
548353,AB Dinda,Kolkata Knight Riders,0,1.0933333333333333,0.8,0.25,2.0
548353,AD Mathews,Kolkata Knight Riders,2,0.6363636363636364,0.8,0.5,0.0
548353,B Kumar,Kolkata Knight Riders,2,1.1079545454545454,1.4,1.1,1.0
548353,Iqbal Abdulla,Pune Warriors,1,0.9375,0.2,1.25,1.0
548353,JH Kallis,Pune Warriors,1,0.8314606741573034,1.0,1.25,2.0
548353,M Kartik,Kolkata Knight Riders,1,0.7090909090909091,0.4,1.0,0.0
548353,M de Lange,Pune Warriors,3,1.2,1.5,3.0,0.0
548353,MJ Clarke,Kolkata Knight Riders,0,0.6,0.5,0.5,1.0
548353,R Bhatia,Pune Warriors,1,0.9010989010989011,1.2,0.6,0.0
548353,SP Narine,Pune Warriors,2,1.1428571428571428,1.8,1.25,5.0
548353,WD Parnell,Kolkata Knight Riders,0,1.2121212121212122,1.0,1.3333333333333333,1.0
548353,YK Pathan,Pune Warriors,0,0.5609756097560976,0.2,1.3333333333333333,0.0
548354,AA Chavan,Kings XI Punjab,0,0.6153846153846154,0.6,1.0,0.0
548354,Azhar Mahmood,Rajasthan Royals,0,1.3478260869565217,1.6,0.3333333333333333,0.0
548354,J Botha,Kings XI Punjab,2,0.7941176470588235,0.8,0.75,1.0
548354,P Awana,Rajasthan Royals,0,1.303030303030303,1.0,0.75,2.0
548354,P Kumar,Rajasthan Royals,0,0.8571428571428571,0.6,0.8333333333333334,3.0
548354,PP Chawla,Rajasthan Royals,2,1.0523560209424083,1.6,1.0909090909090908,1.0
548354,RJ Harris,Rajasthan Royals,4,1.2702702702702702,2.0,1.75,0.0
548354,SK Trivedi,Kings XI Punjab,1,0.9733333333333334,1.2,1.1,1.0
548354,SR Watson,Kings XI Punjab,2,1.019047619047619,1.2,1.1538461538461537,0.0
548354,STR Binny,Kings XI Punjab,1,0.4444444444444444,0.2,0.375,1.0
548354,SW Tait,Kings XI Punjab,2,1.2380952380952381,1.6,2.6666666666666665,3.0
548355,BW Hilfenhaus,Mumbai Indians,2,1.3529411764705883,1.5,1.6666666666666667,2.0
548355,DJ Bravo,Mumbai Indians,3,1.3101265822784811,2.0,1.6363636363636365,0.0
548355,DR Smith,Chennai Super Kings,0,0.5869565217391305,0.4,0.0,1.0
548355,Harbhajan Singh,Chennai Super Kings,0,1.00625,0.8,1.1428571428571428,0.0
548355,JA Morkel,Mumbai Indians,0,1.103448275862069,1.0,1.0909090909090908,0.0
548355,JEC Franklin,Chennai Super Kings,1,0.6,0.8,1.0,0.0
548355,MM Patel,Chennai Super Kings,0,1.3015873015873016,0.4,1.125,1.0
548355,R Ashwin,Mumbai Indians,1,0.9519230769230769,1.0,0.7941176470588235,1.0
548355,RA Jadeja,Mumbai Indians,2,0.8009478672985783,0.4,0.6451612903225806,1.0
548355,RP Singh,Chennai Super Kings,3,1.2195121951219512,1.0,0.9230769230769231,0.0
548355,SB Jakati,Mumbai Indians,0,0.8771929824561403,0.2,0.8888888888888888,0.0
548355,SL Malinga,Chennai Super Kings,4,1.540983606557377,2.8,1.7619047619047619,0.0
548356,A Ashish Reddy,Royal Challengers Bangalore,1,0.95,1.2,1.0,2.0
548356,A Mishra,Royal Challengers Bangalore,2,1.1296296296296295,0.6,1.0555555555555556,0.0
548356,A Mithun,Deccan Chargers,0,0.5,0.4,0.0,1.0
548356,Anand Rajan,Royal Challengers Bangalore,1,1.25,0.8,1.0,1.0
548356,CH Gayle,Deccan Chargers,0,0.5,0.4,0.3333333333333333,0.0
548356,DW Steyn,Royal Challengers Bangalore,0,1.105263157894737,0.8,1.0,2.0
548356,J Syed Mohammad,Deccan Chargers,1,0.9090909090909091,1.0,1.0,0.0
548356,M Muralitharan,Deccan Chargers,0,1.0151515151515151,1.6,0.875,2.0
548356,P Parameswaran,Deccan Chargers,1,1.125,0.6,1.0,3.0
548356,S Dhawan,Royal Challengers Bangalore,0,0.6666666666666666,0.6,0.0,1.0
548356,TM Dilshan,Deccan Chargers,0,0.2,0.0,0.0,0.0
548356,V Pratap Singh,Royal Challengers Bangalore,1,1.3333333333333333,1.2,1.0,1.0
548356,Z Khan,Deccan Chargers,0,1.202020202020202,1.2,1.8571428571428572,0.0
548357,B Lee,Delhi Daredevils,1,0.7894736842105263,1.0,1.4285714285714286,0.0
548357,IK Pathan,Kolkata Knight Riders,0,0.9801980198019802,0.8,0.6923076923076923,1.0
548357,JH Kallis,Delhi Daredevils,2,0.8314606741573034,1.4,0.8571428571428571,0.0
548357,M Morkel,Kolkata Knight Riders,1,1.2571428571428571,1.2,1.4,0.0
548357,PJ Sangwan,Delhi Daredevils,1,1.0476190476190477,1.4,1.3333333333333333,0.0
548357,R Bhatia,Delhi Daredevils,0,0.9010989010989011,0.8,0.8,0.0
548357,S Nadeem,Kolkata Knight Riders,0,0.7714285714285715,0.4,0.75,2.0
548357,SP Narine,Delhi Daredevils,5,1.1428571428571428,2.4,1.7692307692307692,0.0
548357,UT Yadav,Kolkata Knight Riders,2,1.1088435374149659,1.2,1.4444444444444444,0.0
548357,VR Aaron,Kolkata Knight Riders,1,0.92,1.0,1.1111111111111112,0.0
548358,A Nehra,Rajasthan Royals,0,1.375,0.8,1.2222222222222223,3.0
548358,AA Chavan,Pune Warriors,0,0.6153846153846154,0.4,0.0,0.0
548358,AD Mathews,Rajasthan Royals,0,0.6363636363636364,0.6,0.5714285714285714,1.0
548358,B Kumar,Rajasthan Royals,1,1.1079545454545454,1.6,1.0555555555555556,0.0
548358,J Botha,Pune Warriors,1,0.7941176470588235,1.0,1.3333333333333333,0.0
548358,M Kartik,Rajasthan Royals,0,0.7090909090909091,0.2,0.5,0.0
548358,MJ Clarke,Rajasthan Royals,1,0.6,0.6666666666666666,1.0,0.0
548358,SK Trivedi,Pune Warriors,1,0.9733333333333334,0.6,1.2,2.0
548358,SR Watson,Pune Warriors,0,1.019047619047619,1.2,0.75,1.0
548358,STR Binny,Pune Warriors,1,0.4444444444444444,0.4,0.3333333333333333,0.0
548358,SW Tait,Pune Warriors,3,1.2380952380952381,1.8,2.0,1.0
548358,WD Parnell,Rajasthan Royals,1,1.2121212121212122,1.0,2.0,2.0
548359,A Ashish Reddy,Kings XI Punjab,2,0.95,1.2,2.0,0.0
548359,A Mishra,Kings XI Punjab,0,1.1296296296296295,0.6,1.15,1.0
548359,AA Jhunjhunwala,Kings XI Punjab,0,0.1,0.2,0.0,0.0
548359,Azhar Mahmood,Deccan Chargers,0,1.3478260869565217,1.6,1.0,2.0
548359,DJ Hussey,Deccan Chargers,2,0.38461538461538464,0.6,0.75,0.0
548359,J Theron,Kings XI Punjab,1,1.3,1.2,1.0,1.0
548359,P Awana,Deccan Chargers,2,1.303030303030303,1.0,1.5,1.0
548359,P Kumar,Deccan Chargers,3,0.8571428571428571,0.8,1.2,1.0
548359,PP Chawla,Deccan Chargers,1,1.0523560209424083,1.4,0.8,0.0
548359,V Pratap Singh,Kings XI Punjab,1,1.3333333333333333,1.4,1.0,3.0
548360,HV Patel,Mumbai Indians,2,1.4660194174757282,1.2,1.8571428571428572,1.0
548360,Harbhajan Singh,Royal Challengers Bangalore,0,1.00625,0.8,1.0869565217391304,0.0
548360,J Syed Mohammad,Mumbai Indians,0,0.9090909090909091,1.0,1.3333333333333333,2.0
548360,KA Pollard,Royal Challengers Bangalore,0,0.7570093457943925,0.4,0.9333333333333333,1.0
548360,M Muralitharan,Mumbai Indians,2,1.0151515151515151,1.4,1.0,2.0
548360,PP Ojha,Royal Challengers Bangalore,1,1.1,1.0,1.4444444444444444,1.0
548360,R Vinay Kumar,Mumbai Indians,2,1.2211538461538463,1.0,1.1538461538461537,3.0
548360,RG Sharma,Royal Challengers Bangalore,0,0.5,0.0,0.0,0.0
548360,RP Singh,Royal Challengers Bangalore,0,1.2195121951219512,1.0,1.0,2.0
548360,SL Malinga,Royal Challengers Bangalore,0,1.540983606557377,2.4,0.9375,0.0
548360,Z Khan,Mumbai Indians,0,1.202020202020202,0.8,1.0,2.0
548361,BW Hilfenhaus,Rajasthan Royals,2,1.3529411764705883,1.6666666666666667,1.5,3.0
548361,DJ Bravo,Rajasthan Royals,0,1.3101265822784811,2.0,1.3076923076923077,0.0
548361,J Botha,Chennai Super Kings,0,0.7941176470588235,0.8,0.5,2.0
548361,JA Morkel,Rajasthan Royals,0,1.103448275862069,1.0,1.4545454545454546,1.0
548361,R Ashwin,Rajasthan Royals,1,0.9519230769230769,1.0,1.1764705882352942,1.0
548361,RA Jadeja,Rajasthan Royals,1,0.8009478672985783,0.6,1.0476190476190477,0.0
548361,SK Trivedi,Chennai Super Kings,2,0.9733333333333334,0.8,0.45454545454545453,0.0
548361,SR Watson,Chennai Super Kings,1,1.019047619047619,1.4,0.7272727272727273,2.0
548361,SW Tait,Chennai Super Kings,1,1.2380952380952381,1.8,1.0,1.0
548361,VY Mahesh,Rajasthan Royals,2,1.2941176470588236,1.0,1.3333333333333333,0.0
548362,AD Mathews,Royal Challengers Bangalore,1,0.6363636363636364,0.6,1.0,1.0
548362,B Kumar,Royal Challengers Bangalore,0,1.1079545454545454,1.2,1.0476190476190477,0.0
548362,HV Patel,Pune Warriors,1,1.4660194174757282,1.2,1.0,1.0
548362,K Upadhyay,Royal Challengers Bangalore,0,0.0,0.0,0.0,0.0
548362,KP Appanna,Pune Warriors,1,0.8461538461538461,1.2,0.5,0.0
548362,M Muralitharan,Pune Warriors,2,1.0151515151515151,1.4,1.0,1.0
548362,MJ Clarke,Royal Challengers Bangalore,0,0.6,0.5,0.0,1.0
548362,R Sharma,Royal Challengers Bangalore,1,0.9545454545454546,0.6,0.8333333333333334,0.0
548362,R Vinay Kumar,Pune Warriors,3,1.2211538461538463,1.4,2.2,2.0
548362,Z Khan,Pune Warriors,2,1.202020202020202,1.0,1.3333333333333333,1.0
548363,B Lee,Mumbai Indians,0,0.7894736842105263,0.6,0.5714285714285714,0.0
548363,DR Smith,Kolkata Knight Riders,1,0.5869565217391305,0.6,1.3333333333333333,0.0
548363,Harbhajan Singh,Kolkata Knight Riders,0,1.00625,0.8,0.8947368421052632,1.0
548363,JH Kallis,Mumbai Indians,0,0.8314606741573034,1.4,0.7272727272727273,0.0
548363,KA Pollard,Kolkata Knight Riders,1,0.7570093457943925,0.6,0.45454545454545453,1.0
548363,MM Patel,Kolkata Knight Riders,1,1.3015873015873016,0.6,1.5,2.0
548363,PP Ojha,Kolkata Knight Riders,1,1.1,1.2,0.8571428571428571,2.0
548363,R Bhatia,Mumbai Indians,0,0.9010989010989011,0.4,1.1666666666666667,2.0
548363,SL Malinga,Kolkata Knight Riders,0,1.540983606557377,2.0,1.3529411764705883,0.0
548363,SP Narine,Mumbai Indians,0,1.1428571428571428,2.0,1.2173913043478262,2.0
548363,Shakib Al Hasan,Mumbai Indians,1,1.0142857142857142,1.8,1.0833333333333333,1.0
548364,BW Hilfenhaus,Delhi Daredevils,3,1.3529411764705883,2.0,1.5,1.0
548364,DJ Bravo,Delhi Daredevils,0,1.3101265822784811,1.4,0.8571428571428571,1.0
548364,IK Pathan,Chennai Super Kings,1,0.9801980198019802,0.8,1.0769230769230769,0.0
548364,JA Morkel,Delhi Daredevils,1,1.103448275862069,0.6,0.9230769230769231,1.0
548364,M Morkel,Chennai Super Kings,0,1.2571428571428571,1.0,1.3333333333333333,1.0
548364,R Ashwin,Delhi Daredevils,1,0.9519230769230769,1.0,1.4375,1.0
548364,RA Jadeja,Delhi Daredevils,0,0.8009478672985783,0.6,0.7058823529411765,1.0
548364,RE van der Merwe,Chennai Super Kings,0,1.1904761904761905,1.8,0.8,1.0
548364,SB Jakati,Delhi Daredevils,0,0.8771929824561403,0.0,1.1666666666666667,2.0
548364,UT Yadav,Chennai Super Kings,0,1.1088435374149659,1.2,1.0555555555555556,4.0
548364,VR Aaron,Chennai Super Kings,0,0.92,0.8,1.25,2.0
548365,A Chandila,Pune Warriors,4,0.9166666666666666,2.0,2.0,1.0
548365,A Nehra,Rajasthan Royals,3,1.375,1.4,1.2222222222222223,0.0
548365,AD Mathews,Rajasthan Royals,1,0.6363636363636364,0.8,0.5714285714285714,0.0
548365,B Kumar,Rajasthan Royals,0,1.1079545454545454,1.0,1.0555555555555556,1.0
548365,J Botha,Pune Warriors,2,0.7941176470588235,1.0,1.3333333333333333,1.0
548365,M Kartik,Rajasthan Royals,0,0.7090909090909091,0.2,0.5,2.0
548365,R Sharma,Rajasthan Royals,0,0.9545454545454546,0.6,0.8333333333333334,1.0
548365,SK Trivedi,Pune Warriors,0,0.9733333333333334,0.8,1.2,2.0
548365,SR Watson,Pune Warriors,2,1.019047619047619,1.2,0.75,0.0
548365,STR Binny,Pune Warriors,0,0.4444444444444444,0.4,0.3333333333333333,1.0
548365,SW Tait,Pune Warriors,1,1.2380952380952381,1.4,2.0,0.0
548366,A Mishra,Kings XI Punjab,1,1.1296296296296295,0.8,1.15,2.0
548366,Azhar Mahmood,Deccan Chargers,2,1.3478260869565217,1.6,1.0,0.0
548366,DJ Hussey,Deccan Chargers,0,0.38461538461538464,0.6,0.75,0.0
548366,DT Christian,Kings XI Punjab,2,0.8163265306122449,1.2,1.1428571428571428,0.0
548366,DW Steyn,Kings XI Punjab,2,1.105263157894737,0.8,0.6666666666666666,2.0
548366,MS Gony,Kings XI Punjab,1,0.8863636363636364,0.8,0.75,1.0
548366,P Awana,Deccan Chargers,1,1.303030303030303,0.6,1.5,3.0
548366,P Kumar,Deccan Chargers,1,0.8571428571428571,1.0,1.2,1.0
548366,PP Chawla,Deccan Chargers,0,1.0523560209424083,1.2,0.8,1.0
548366,RJ Harris,Deccan Chargers,0,1.2702702702702702,1.8,0.6666666666666666,1.0
548367,CH Gayle,Mumbai Indians,0,0.5,0.4,0.2,2.0
548367,DR Smith,Royal Challengers Bangalore,0,0.5869565217391305,0.4,0.8333333333333334,2.0
548367,HV Patel,Mumbai Indians,1,1.4660194174757282,1.2,1.8571428571428572,0.0
548367,Harbhajan Singh,Royal Challengers Bangalore,1,1.00625,0.6,1.0869565217391304,0.0
548367,KA Pollard,Royal Challengers Bangalore,1,0.7570093457943925,0.4,0.9333333333333333,1.0
548367,M Muralitharan,Mumbai Indians,1,1.0151515151515151,1.0,1.0,1.0
548367,MM Patel,Royal Challengers Bangalore,2,1.3015873015873016,1.0,1.2222222222222223,1.0
548367,R Vinay Kumar,Mumbai Indians,2,1.2211538461538463,1.8,1.1538461538461537,2.0
548367,RP Singh,Royal Challengers Bangalore,2,1.2195121951219512,1.2,1.0,2.0
548367,SL Malinga,Royal Challengers Bangalore,0,1.540983606557377,1.2,0.9375,1.0
548367,Z Khan,Mumbai Indians,1,1.202020202020202,1.0,1.0,3.0
548368,BW Hilfenhaus,Kolkata Knight Riders,1,1.3529411764705883,1.8,1.0,1.0
548368,DJ Bravo,Kolkata Knight Riders,1,1.3101265822784811,1.2,1.3157894736842106,2.0
548368,JH Kallis,Chennai Super Kings,0,0.8314606741573034,1.0,0.7333333333333333,2.0
548368,L Balaji,Chennai Super Kings,1,1.1643835616438356,1.6,1.1666666666666667,2.0
548368,M de Lange,Chennai Super Kings,0,1.2,1.0,0.5,2.0
548368,R Ashwin,Kolkata Knight Riders,1,0.9519230769230769,0.8,0.9230769230769231,0.0
548368,R Bhatia,Chennai Super Kings,2,0.9010989010989011,0.6,0.8461538461538461,1.0
548368,RA Jadeja,Kolkata Knight Riders,1,0.8009478672985783,0.8,0.8148148148148148,1.0
548368,SB Jakati,Kolkata Knight Riders,2,0.8771929824561403,0.4,0.6666666666666666,2.0
548368,SK Raina,Kolkata Knight Riders,0,0.43478260869565216,0.2,0.4,0.0
548368,SP Narine,Chennai Super Kings,2,1.1428571428571428,2.2,1.25,4.0
548368,YK Pathan,Chennai Super Kings,0,0.5609756097560976,0.2,0.7333333333333333,2.0
548369,Azhar Mahmood,Delhi Daredevils,0,1.3478260869565217,1.0,0.6666666666666666,2.0
548369,Harmeet Singh,Delhi Daredevils,0,1.1071428571428572,0.6,1.4,1.0
548369,IK Pathan,Kings XI Punjab,0,0.9801980198019802,0.4,0.6,0.0
548369,M Morkel,Kings XI Punjab,1,1.2571428571428571,0.8,1.6666666666666667,4.0
548369,P Awana,Delhi Daredevils,3,1.303030303030303,1.2,1.4,2.0
548369,P Kumar,Delhi Daredevils,1,0.8571428571428571,1.0,0.8571428571428571,2.0
548369,P Negi,Kings XI Punjab,1,0.9047619047619048,1.6666666666666667,0.8333333333333334,0.0
548369,PP Chawla,Delhi Daredevils,1,1.0523560209424083,1.0,1.105263157894737,0.0
548369,UT Yadav,Kings XI Punjab,4,1.1088435374149659,1.6,1.631578947368421,0.0
548369,VR Aaron,Kings XI Punjab,2,0.92,1.0,0.6666666666666666,1.0
548369,Y Venugopal Rao,Kings XI Punjab,0,0.35,0.2,0.2,0.0
548370,DR Smith,Kolkata Knight Riders,2,0.5869565217391305,0.6,1.3333333333333333,0.0
548370,Harbhajan Singh,Kolkata Knight Riders,0,1.00625,0.2,0.8947368421052632,0.0
548370,Iqbal Abdulla,Mumbai Indians,1,0.9375,0.4,0.8571428571428571,1.0
548370,JH Kallis,Mumbai Indians,2,0.8314606741573034,1.0,0.7272727272727273,2.0
548370,KA Pollard,Kolkata Knight Riders,1,0.7570093457943925,0.6,0.45454545454545453,2.0
548370,L Balaji,Mumbai Indians,2,1.1643835616438356,1.2,0.5555555555555556,1.0
548370,MM Patel,Kolkata Knight Riders,1,1.3015873015873016,1.0,1.5,0.0
548370,RP Singh,Kolkata Knight Riders,2,1.2195121951219512,1.6,2.0,0.0
548370,SL Malinga,Kolkata Knight Riders,1,1.540983606557377,1.0,1.3529411764705883,1.0
548370,SP Narine,Mumbai Indians,4,1.1428571428571428,2.6,1.2173913043478262,1.0
548370,Shakib Al Hasan,Mumbai Indians,1,1.0142857142857142,1.6,1.0833333333333333,2.0
548371,Azhar Mahmood,Chennai Super Kings,2,1.3478260869565217,0.8,1.6666666666666667,2.0
548371,BW Hilfenhaus,Kings XI Punjab,1,1.3529411764705883,1.8,1.0,1.0
548371,DJ Bravo,Kings XI Punjab,2,1.3101265822784811,1.2,1.625,2.0
548371,DJ Hussey,Chennai Super Kings,0,0.38461538461538464,0.6,0.3333333333333333,0.0
548371,JA Morkel,Kings XI Punjab,1,1.103448275862069,0.6,1.2727272727272727,2.0
548371,P Awana,Chennai Super Kings,2,1.303030303030303,1.6,1.1666666666666667,0.0
548371,P Kumar,Chennai Super Kings,2,0.8571428571428571,1.4,1.1333333333333333,0.0
548371,PP Chawla,Chennai Super Kings,0,1.0523560209424083,0.8,1.0,0.0
548371,R Ashwin,Kings XI Punjab,0,0.9519230769230769,0.8,1.1764705882352942,1.0
548371,RJ Harris,Chennai Super Kings,1,1.2702702702702702,1.4,1.3333333333333333,2.0
548372,AD Russell,Royal Challengers Bangalore,0,1.1160714285714286,0.0,0.8571428571428571,1.0
548372,HV Patel,Delhi Daredevils,0,1.4660194174757282,0.8,1.0,0.0
548372,IK Pathan,Royal Challengers Bangalore,0,0.9801980198019802,0.2,1.0769230769230769,0.0
548372,M Muralitharan,Delhi Daredevils,1,1.0151515151515151,1.2,1.125,1.0
548372,P Negi,Royal Challengers Bangalore,0,0.9047619047619048,1.25,0.2,1.0
548372,P Parameswaran,Delhi Daredevils,3,1.125,1.2,2.5,1.0
548372,R Vinay Kumar,Delhi Daredevils,2,1.2211538461538463,1.8,0.9285714285714286,3.0
548372,TM Dilshan,Delhi Daredevils,0,0.2,0.0,0.0,0.0
548372,UT Yadav,Royal Challengers Bangalore,0,1.1088435374149659,1.4,1.0666666666666667,3.0
548372,VR Aaron,Royal Challengers Bangalore,1,0.92,1.2,0.6,0.0
548372,Y Venugopal Rao,Royal Challengers Bangalore,0,0.35,0.0,0.0,0.0
548372,Z Khan,Delhi Daredevils,3,1.202020202020202,1.2,0.875,2.0
548373,A Ashish Reddy,Rajasthan Royals,0,0.95,1.0,0.0,3.0
548373,A Chandila,Deccan Chargers,1,0.9166666666666666,1.6666666666666667,1.0,0.0
548373,A Mishra,Rajasthan Royals,2,1.1296296296296295,1.2,1.619047619047619,2.0
548373,DW Steyn,Rajasthan Royals,2,1.105263157894737,0.8,1.1818181818181819,3.0
548373,J Botha,Deccan Chargers,1,0.7941176470588235,1.2,0.3333333333333333,1.0
548373,JP Duminy,Rajasthan Royals,0,0.46938775510204084,0.2,0.3333333333333333,0.0
548373,MS Gony,Rajasthan Royals,1,0.8863636363636364,0.8,0.4,0.0
548373,SK Trivedi,Deccan Chargers,2,0.9733333333333334,1.2,1.5555555555555556,0.0
548373,SR Watson,Deccan Chargers,0,1.019047619047619,1.0,0.5,0.0
548373,STR Binny,Deccan Chargers,1,0.4444444444444444,0.6,0.5,0.0
548373,SW Tait,Deccan Chargers,0,1.2380952380952381,1.4,2.0,0.0
548373,V Pratap Singh,Rajasthan Royals,3,1.3333333333333333,1.8,3.0,1.0
548374,AD Russell,Kings XI Punjab,1,1.1160714285714286,0.3333333333333333,1.7777777777777777,0.0
548374,Azhar Mahmood,Delhi Daredevils,2,1.3478260869565217,1.2,0.6666666666666666,3.0
548374,IK Pathan,Kings XI Punjab,0,0.9801980198019802,0.2,0.6,1.0
548374,M Morkel,Kings XI Punjab,4,1.2571428571428571,1.4,1.6666666666666667,0.0
548374,P Awana,Delhi Daredevils,0,1.303030303030303,1.6,1.4,2.0
548374,P Kumar,Delhi Daredevils,0,0.8571428571428571,1.4,0.8571428571428571,2.0
548374,PP Chawla,Delhi Daredevils,0,1.0523560209424083,0.4,1.105263157894737,1.0
548374,RJ Harris,Delhi Daredevils,2,1.2702702702702702,1.6,1.5,1.0
548374,UT Yadav,Kings XI Punjab,3,1.1088435374149659,1.8,1.631578947368421,1.0
548374,VR Aaron,Kings XI Punjab,0,0.92,0.8,0.6666666666666666,1.0
548375,A Nehra,Kolkata Knight Riders,0,1.375,1.4,0.8,1.0
548375,AG Murtaza,Kolkata Knight Riders,0,1.0,0.4,0.0,0.0
548375,B Kumar,Kolkata Knight Riders,1,1.1079545454545454,0.8,1.1,1.0
548375,Iqbal Abdulla,Pune Warriors,1,0.9375,0.6,1.25,1.0
548375,L Balaji,Pune Warriors,1,1.1643835616438356,1.4,1.75,1.0
548375,R Bhatia,Pune Warriors,1,0.9010989010989011,0.8,0.6,1.0
548375,SP Narine,Pune Warriors,1,1.1428571428571428,2.4,1.25,2.0
548375,Shakib Al Hasan,Pune Warriors,2,1.0142857142857142,1.6,2.0,1.0
548375,WD Parnell,Kolkata Knight Riders,2,1.2121212121212122,1.2,1.3333333333333333,3.0
548375,YK Pathan,Pune Warriors,2,0.5609756097560976,0.6,1.3333333333333333,0.0
548376,A Ashish Reddy,Royal Challengers Bangalore,3,0.95,1.4,1.0,1.0
548376,A Mishra,Royal Challengers Bangalore,2,1.1296296296296295,1.4,1.0555555555555556,3.0
548376,DW Steyn,Royal Challengers Bangalore,3,1.105263157894737,1.4,1.0,3.0
548376,HV Patel,Deccan Chargers,0,1.4660194174757282,0.8,0.0,1.0
548376,M Muralitharan,Deccan Chargers,1,1.0151515151515151,1.4,0.875,0.0
548376,MS Gony,Royal Challengers Bangalore,0,0.8863636363636364,0.8,1.3333333333333333,1.0
548376,R Vinay Kumar,Deccan Chargers,3,1.2211538461538463,2.4,2.3333333333333335,3.0
548376,TM Dilshan,Deccan Chargers,0,0.2,0.0,0.0,0.0
548376,Z Khan,Deccan Chargers,2,1.202020202020202,1.6,1.8571428571428572,1.0
548377,A Chandila,Mumbai Indians,0,0.9166666666666666,1.25,1.0,0.0
548377,DR Smith,Rajasthan Royals,0,0.5869565217391305,0.6,0.2,0.0
548377,DS Kulkarni,Rajasthan Royals,3,0.9891304347826086,1.6,1.3333333333333333,3.0
548377,GB Hogg,Mumbai Indians,0,1.1904761904761905,1.2,1.0,0.0
548377,Harbhajan Singh,Rajasthan Royals,0,1.00625,0.2,1.0,0.0
548377,JEC Franklin,Rajasthan Royals,0,0.6,0.8,0.0,1.0
548377,KA Pollard,Rajasthan Royals,2,0.7570093457943925,1.0,0.9285714285714286,1.0
548377,RP Singh,Rajasthan Royals,0,1.2195121951219512,1.4,1.2727272727272727,0.0
548377,SK Trivedi,Mumbai Indians,0,0.9733333333333334,1.0,0.7,0.0
548377,SL Malinga,Rajasthan Royals,1,1.540983606557377,0.4,0.9230769230769231,0.0
548377,SR Watson,Mumbai Indians,0,1.019047619047619,0.6,0.9333333333333333,2.0
548377,STR Binny,Mumbai Indians,0,0.4444444444444444,0.6,0.7272727272727273,0.0
548377,SW Tait,Mumbai Indians,0,1.2380952380952381,1.0,1.0,1.0
548378,IK Pathan,Kolkata Knight Riders,1,0.9801980198019802,0.4,0.6923076923076923,0.0
548378,Iqbal Abdulla,Delhi Daredevils,1,0.9375,0.8,1.25,0.0
548378,JH Kallis,Delhi Daredevils,2,0.8314606741573034,1.2,0.8571428571428571,1.0
548378,L Balaji,Delhi Daredevils,1,1.1643835616438356,1.4,1.3333333333333333,1.0
548378,M Morkel,Kolkata Knight Riders,0,1.2571428571428571,1.2,1.4,1.0
548378,P Negi,Kolkata Knight Riders,1,0.9047619047619048,1.2,1.6,1.0
548378,R Bhatia,Delhi Daredevils,1,0.9010989010989011,0.8,0.8,1.0
548378,SP Narine,Delhi Daredevils,2,1.1428571428571428,1.8,1.7692307692307692,0.0
548378,Shakib Al Hasan,Delhi Daredevils,1,1.0142857142857142,1.2,1.0,1.0
548378,UT Yadav,Kolkata Knight Riders,1,1.1088435374149659,1.6,1.4444444444444444,2.0
548378,VR Aaron,Kolkata Knight Riders,1,0.92,0.8,1.1111111111111112,2.0
548379,BW Hilfenhaus,Mumbai Indians,1,1.3529411764705883,1.6,1.6666666666666667,1.0
548379,DJ Bravo,Mumbai Indians,2,1.3101265822784811,1.0,1.6363636363636365,1.0
548379,DR Smith,Chennai Super Kings,0,0.5869565217391305,0.6,0.0,0.0
548379,DS Kulkarni,Chennai Super Kings,3,0.9891304347826086,2.2,1.25,3.0
548379,Harbhajan Singh,Chennai Super Kings,0,1.00625,0.2,1.1428571428571428,1.0
548379,JA Morkel,Mumbai Indians,2,1.103448275862069,0.8,1.0909090909090908,1.0
548379,KA Pollard,Chennai Super Kings,1,0.7570093457943925,1.2,0.9375,0.0
548379,R Ashwin,Mumbai Indians,1,0.9519230769230769,0.8,0.7941176470588235,5.0
548379,RA Jadeja,Mumbai Indians,1,0.8009478672985783,1.0,0.6451612903225806,0.0
548379,RP Singh,Chennai Super Kings,0,1.2195121951219512,0.8,0.9230769230769231,4.0
548379,SB Jakati,Mumbai Indians,2,0.8771929824561403,0.8,0.8888888888888888,2.0
548379,SL Malinga,Chennai Super Kings,0,1.540983606557377,0.4,1.7619047619047619,2.0
548380,AD Russell,Chennai Super Kings,0,1.1160714285714286,0.25,0.6923076923076923,0.0
548380,BW Hilfenhaus,Delhi Daredevils,1,1.3529411764705883,1.4,1.5,2.0
548380,DJ Bravo,Delhi Daredevils,1,1.3101265822784811,1.2,0.8571428571428571,1.0
548380,JA Morkel,Delhi Daredevils,1,1.103448275862069,1.0,0.9230769230769231,1.0
548380,P Negi,Chennai Super Kings,1,0.9047619047619048,1.4,0.6666666666666666,0.0
548380,R Ashwin,Delhi Daredevils,5,0.9519230769230769,1.6,1.4375,1.0
548380,SB Jakati,Delhi Daredevils,2,0.8771929824561403,1.2,1.1666666666666667,0.0
548380,UT Yadav,Chennai Super Kings,2,1.1088435374149659,2.0,1.0555555555555556,0.0
548380,V Sehwag,Chennai Super Kings,0,0.4,0.4,0.6,0.0
548380,VR Aaron,Chennai Super Kings,2,0.92,1.2,1.25,1.0
548381,B Lee,Chennai Super Kings,0,0.7894736842105263,0.4,0.4,2.0
548381,BW Hilfenhaus,Kolkata Knight Riders,2,1.3529411764705883,1.2,1.0,1.0
548381,DJ Bravo,Kolkata Knight Riders,1,1.3101265822784811,1.4,1.3157894736842106,2.0
548381,Iqbal Abdulla,Chennai Super Kings,0,0.9375,0.8,0.5714285714285714,0.0
548381,JA Morkel,Kolkata Knight Riders,1,1.103448275862069,1.2,0.6666666666666666,1.0
548381,JH Kallis,Chennai Super Kings,1,0.8314606741573034,1.0,0.7333333333333333,0.0
548381,R Ashwin,Kolkata Knight Riders,1,0.9519230769230769,1.6,0.9230769230769231,1.0
548381,R Bhatia,Chennai Super Kings,1,0.9010989010989011,1.0,0.8461538461538461,2.0
548381,SB Jakati,Kolkata Knight Riders,0,0.8771929824561403,1.2,0.6666666666666666,0.0
548381,SP Narine,Chennai Super Kings,0,1.1428571428571428,1.8,1.25,5.0
548381,Shakib Al Hasan,Chennai Super Kings,1,1.0142857142857142,1.2,0.4444444444444444,1.0
548381,YK Pathan,Chennai Super Kings,0,0.5609756097560976,0.4,0.7333333333333333,1.0
597998,A Nehra,Kolkata Knight Riders,1,1.375,1.4,0.8,2.0
597998,AD Russell,Kolkata Knight Riders,0,1.1160714285714286,0.2,0.0,0.0
597998,B Lee,Delhi Daredevils,2,0.7894736842105263,0.8,1.4285714285714286,1.0
597998,IK Pathan,Kolkata Knight Riders,0,0.9801980198019802,0.2,0.6923076923076923,0.0
597998,J Botha,Kolkata Knight Riders,1,0.7941176470588235,1.0,1.2,0.0
597998,JH Kallis,Delhi Daredevils,0,0.8314606741573034,1.0,0.8571428571428571,1.0
597998,L Balaji,Delhi Daredevils,1,1.1643835616438356,1.2,1.3333333333333333,1.0
597998,LR Shukla,Delhi Daredevils,0,0.6296296296296297,0.4,1.5,1.0
597998,R Bhatia,Delhi Daredevils,2,0.9010989010989011,1.4,0.8,1.0
597998,S Nadeem,Kolkata Knight Riders,2,0.7714285714285715,0.8,0.75,1.0
597998,SP Narine,Delhi Daredevils,5,1.1428571428571428,2.4,1.7692307692307692,2.0
597998,UT Yadav,Kolkata Knight Riders,0,1.1088435374149659,1.2,1.4444444444444444,4.0
597999,DT Christian,Mumbai Indians,0,0.8163265306122449,0.8,0.5454545454545454,0.0
597999,Harbhajan Singh,Royal Challengers Bangalore,1,1.00625,0.4,1.0869565217391304,2.0
597999,JD Unadkat,Mumbai Indians,0,1.0480769230769231,0.6,1.2666666666666666,2.0
597999,JJ Bumrah,Royal Challengers Bangalore,3,1.368421052631579,3.0,1.6111111111111112,0.0
597999,KA Pollard,Royal Challengers Bangalore,0,0.7570093457943925,1.0,0.9333333333333333,1.0
597999,M Kartik,Mumbai Indians,2,0.7090909090909091,0.6,1.0,1.0
597999,M Muralitharan,Mumbai Indians,0,1.0151515151515151,1.0,1.0,1.0
597999,MG Johnson,Royal Challengers Bangalore,1,1.2222222222222223,1.0,0.7142857142857143,1.0
597999,MM Patel,Royal Challengers Bangalore,0,1.3015873015873016,0.8,1.2222222222222223,3.0
597999,R Vinay Kumar,Mumbai Indians,3,1.2211538461538463,2.6,1.1538461538461537,1.0
598000,A Ashish Reddy,Pune Warriors,1,0.95,1.4,1.3333333333333333,1.0
598000,A Mishra,Pune Warriors,3,1.1296296296296295,1.6,1.6666666666666667,1.0
598000,AB Dinda,Sunrisers Hyderabad,2,1.0933333333333333,1.0,1.5,0.0
598000,AD Mathews,Sunrisers Hyderabad,0,0.6363636363636364,0.8,0.25,1.0
598000,B Kumar,Sunrisers Hyderabad,1,1.1079545454545454,0.6,2.0,0.0
598000,CL White,Pune Warriors,0,0.16666666666666666,0.0,0.0,1.0
598000,DW Steyn,Pune Warriors,3,1.105263157894737,2.0,1.0,1.0
598000,I Sharma,Pune Warriors,0,0.8727272727272727,0.8,0.25,3.0
598000,MN Samuels,Sunrisers Hyderabad,1,0.9090909090909091,1.4,1.0,0.0
598000,NLTC Perera,Pune Warriors,3,1.0277777777777777,1.2,2.0,1.0
598000,R Sharma,Sunrisers Hyderabad,1,0.9545454545454546,0.8,1.5,1.0
598000,Yuvraj Singh,Sunrisers Hyderabad,1,0.5342465753424658,0.8,0.3333333333333333,2.0
598001,A Nehra,Rajasthan Royals,2,1.375,1.2,1.2222222222222223,3.0
598001,AD Russell,Rajasthan Royals,0,1.1160714285714286,0.2,1.0,0.0
598001,IK Pathan,Rajasthan Royals,0,0.9801980198019802,0.2,1.0,1.0
598001,J Botha,Rajasthan Royals,0,0.7941176470588235,0.8,0.0,1.0
598001,KK Cooper,Delhi Daredevils,3,1.44,1.2,1.3333333333333333,3.0
598001,R Shukla,Delhi Daredevils,2,1.0,1.0,1.0,2.0
598001,S Badree,Delhi Daredevils,0,0.9166666666666666,0.0,0.0,1.0
598001,S Nadeem,Rajasthan Royals,1,0.7714285714285715,0.6,0.8,0.0
598001,S Sreesanth,Delhi Daredevils,1,0.9772727272727273,0.8,1.1428571428571428,1.0
598001,SK Trivedi,Delhi Daredevils,0,0.9733333333333334,0.8,0.625,3.0
598001,STR Binny,Delhi Daredevils,0,0.4444444444444444,0.4,0.6666666666666666,0.0
598001,UT Yadav,Rajasthan Royals,4,1.1088435374149659,2.0,0.9285714285714286,0.0
598002,AS Rajpoot,Mumbai Indians,1,0.8275862068965517,1.0,0.7777777777777778,0.0
598002,B Laughlin,Mumbai Indians,1,1.1111111111111112,1.0,0.5,0.0
598002,DJ Bravo,Mumbai Indians,2,1.3101265822784811,1.6,1.6363636363636365,3.0
598002,DP Nannes,Mumbai Indians,1,1.3103448275862069,0.8,1.8,3.0
598002,Harbhajan Singh,Chennai Super Kings,2,1.00625,0.6,1.1428571428571428,1.0
598002,KA Pollard,Chennai Super Kings,1,0.7570093457943925,1.0,0.9375,2.0
598002,MG Johnson,Chennai Super Kings,1,1.2222222222222223,1.0,1.0,2.0
598002,MM Patel,Chennai Super Kings,3,1.3015873015873016,1.4,1.125,0.0
598002,PP Ojha,Chennai Super Kings,2,1.1,1.4,1.5333333333333334,2.0
598002,R Ashwin,Mumbai Indians,1,0.9519230769230769,1.6,0.7941176470588235,1.0
598002,RA Jadeja,Mumbai Indians,0,0.8009478672985783,0.6,0.6451612903225806,1.0
598003,AB Dinda,Kings XI Punjab,0,1.0933333333333333,0.8,0.75,0.0
598003,AD Mathews,Kings XI Punjab,1,0.6363636363636364,0.6,0.6666666666666666,0.0
598003,Azhar Mahmood,Pune Warriors,3,1.3478260869565217,1.8,2.5,0.0
598003,B Kumar,Kings XI Punjab,0,1.1079545454545454,0.4,1.5714285714285714,1.0
598003,MR Marsh,Kings XI Punjab,0,1.088235294117647,1.4,0.6666666666666666,0.0
598003,P Awana,Pune Warriors,2,1.303030303030303,1.6,1.3333333333333333,0.0
598003,P Kumar,Pune Warriors,2,0.8571428571428571,1.2,1.0,0.0
598003,PP Chawla,Pune Warriors,1,1.0523560209424083,0.4,0.4,0.0
598003,R Sharma,Kings XI Punjab,1,0.9545454545454546,0.8,1.0,2.0
598003,RJ Harris,Pune Warriors,1,1.2702702702702702,1.6,1.0,0.0
598004,A Ashish Reddy,Royal Challengers Bangalore,1,0.95,1.4,1.0,1.0
598004,A Mishra,Royal Challengers Bangalore,1,1.1296296296296295,1.8,1.0555555555555556,1.0
598004,Ankit Sharma,Royal Challengers Bangalore,0,0.5714285714285714,0.6,0.0,2.0
598004,DW Steyn,Royal Challengers Bangalore,1,1.105263157894737,2.2,1.0,2.0
598004,GH Vihari,Royal Challengers Bangalore,1,0.16666666666666666,1.0,0.5,0.0
598004,I Sharma,Royal Challengers Bangalore,3,0.8727272727272727,1.0,0.7333333333333333,2.0
598004,JD Unadkat,Sunrisers Hyderabad,2,1.0480769230769231,0.6,1.3333333333333333,0.0
598004,M Kartik,Sunrisers Hyderabad,1,0.7090909090909091,0.8,1.0,0.0
598004,M Muralitharan,Sunrisers Hyderabad,1,1.0151515151515151,0.8,1.0,0.0
598004,MC Henriques,Sunrisers Hyderabad,2,0.7666666666666667,1.0,0.6666666666666666,2.0
598004,NLTC Perera,Royal Challengers Bangalore,1,1.0277777777777777,1.2,1.25,2.0
598004,R Vinay Kumar,Sunrisers Hyderabad,1,1.2211538461538463,2.2,0.8,2.0
598005,B Lee,Rajasthan Royals,1,0.7894736842105263,0.8,1.0,1.0
598005,JH Kallis,Rajasthan Royals,1,0.8314606741573034,1.2,0.6363636363636364,0.0
598005,KK Cooper,Kolkata Knight Riders,3,1.44,1.6,3.0,0.0
598005,LR Shukla,Rajasthan Royals,1,0.6296296296296297,0.6,0.8,0.0
598005,Mohammed Shami,Rajasthan Royals,0,1.309090909090909,0.0,1.5,0.0
598005,R Bhatia,Rajasthan Royals,1,0.9010989010989011,1.2,1.1428571428571428,0.0
598005,R Shukla,Kolkata Knight Riders,2,1.0,1.3333333333333333,2.0,0.0
598005,S Sreesanth,Kolkata Knight Riders,1,0.9772727272727273,1.0,1.25,0.0
598005,SK Trivedi,Kolkata Knight Riders,3,0.9733333333333334,1.0,1.0,0.0
598005,SP Narine,Rajasthan Royals,2,1.1428571428571428,2.0,0.7894736842105263,0.0
598005,SW Tait,Kolkata Knight Riders,1,1.2380952380952381,0.6,0.6666666666666666,0.0
598006,A Nehra,Mumbai Indians,3,1.375,1.8,1.8181818181818181,1.0
598006,BMAJ Mendis,Mumbai Indians,0,0.5,0.0,0.0,1.0
598006,Harbhajan Singh,Delhi Daredevils,1,1.00625,0.8,1.1578947368421053,1.0
598006,IK Pathan,Mumbai Indians,1,0.9801980198019802,0.4,1.2666666666666666,1.0
598006,KA Pollard,Delhi Daredevils,2,0.7570093457943925,1.2,0.5454545454545454,1.0
598006,M Morkel,Mumbai Indians,1,1.2571428571428571,1.2,1.4444444444444444,2.0
598006,MG Johnson,Delhi Daredevils,2,1.2222222222222223,1.3333333333333333,0.8333333333333334,3.0
598006,PP Ojha,Delhi Daredevils,2,1.1,1.4,1.0833333333333333,2.0
598006,S Nadeem,Mumbai Indians,0,0.7714285714285715,0.6,0.9090909090909091,2.0
598006,SL Malinga,Delhi Daredevils,2,1.540983606557377,0.8,1.8333333333333333,1.0
598006,UT Yadav,Mumbai Indians,0,1.1088435374149659,1.4,1.0555555555555556,0.0
598007,AS Rajpoot,Kings XI Punjab,0,0.8275862068965517,0.5,0.3333333333333333,1.0
598007,Azhar Mahmood,Chennai Super Kings,0,1.3478260869565217,1.4,1.6666666666666667,0.0
598007,CH Morris,Kings XI Punjab,2,1.3209876543209877,2.0,1.3636363636363635,3.0
598007,DJ Bravo,Kings XI Punjab,3,1.3101265822784811,1.8,1.625,1.0
598007,DP Nannes,Kings XI Punjab,3,1.3103448275862069,1.2,1.6666666666666667,1.0
598007,P Awana,Chennai Super Kings,0,1.303030303030303,1.4,1.1666666666666667,1.0
598007,P Kumar,Chennai Super Kings,0,0.8571428571428571,1.0,1.1333333333333333,2.0
598007,PP Chawla,Chennai Super Kings,0,1.0523560209424083,0.4,1.0,1.0
598007,R Ashwin,Kings XI Punjab,1,0.9519230769230769,1.8,1.1764705882352942,1.0
598007,R Sathish,Chennai Super Kings,0,0.42857142857142855,0.0,0.25,1.0
598007,RA Jadeja,Kings XI Punjab,1,0.8009478672985783,0.6,0.7777777777777778,0.0
598007,RJ Harris,Chennai Super Kings,0,1.2702702702702702,0.8,1.3333333333333333,0.0
598008,JD Unadkat,Kolkata Knight Riders,0,1.0480769230769231,0.6,0.5384615384615384,2.0
598008,JH Kallis,Royal Challengers Bangalore,0,0.8314606741573034,0.8,1.5,3.0
598008,L Balaji,Royal Challengers Bangalore,1,1.1643835616438356,1.2,1.5,0.0
598008,M Muralitharan,Kolkata Knight Riders,0,1.0151515151515151,0.6,0.7,0.0
598008,MC Henriques,Kolkata Knight Riders,2,0.7666666666666667,1.2,0.8888888888888888,1.0
598008,PJ Sangwan,Royal Challengers Bangalore,0,1.0476190476190477,1.2,1.1666666666666667,0.0
598008,R Bhatia,Royal Challengers Bangalore,0,0.9010989010989011,1.0,0.25,2.0
598008,R McLaren,Royal Challengers Bangalore,1,0.7777777777777778,1.0,1.0,3.0
598008,R Vinay Kumar,Kolkata Knight Riders,2,1.2211538461538463,2.2,2.0,1.0
598008,RP Singh,Kolkata Knight Riders,4,1.2195121951219512,1.6,2.0,0.0
598008,SP Narine,Royal Challengers Bangalore,0,1.1428571428571428,1.8,1.2777777777777777,1.0
598009,AB Dinda,Rajasthan Royals,0,1.0933333333333333,0.6,0.7777777777777778,0.0
598009,AD Mathews,Rajasthan Royals,0,0.6363636363636364,0.6,0.5714285714285714,0.0
598009,B Kumar,Rajasthan Royals,1,1.1079545454545454,0.6,1.0555555555555556,0.0
598009,Harmeet Singh,Pune Warriors,1,1.1071428571428572,0.4,2.0,1.0
598009,JP Faulkner,Pune Warriors,2,1.2666666666666666,1.5,1.6666666666666667,3.0
598009,KK Cooper,Pune Warriors,0,1.44,1.2,0.5,2.0
598009,MR Marsh,Rajasthan Royals,0,1.088235294117647,1.0,1.0,1.0
598009,R Sharma,Rajasthan Royals,2,0.9545454545454546,1.0,0.8333333333333334,0.0
598009,S Sreesanth,Pune Warriors,0,0.9772727272727273,1.0,0.0,3.0
598009,SK Trivedi,Pune Warriors,0,0.9733333333333334,1.0,1.2,2.0
598009,Yuvraj Singh,Rajasthan Royals,2,0.5342465753424658,0.8,0.6666666666666666,1.0
598010,A Mishra,Delhi Daredevils,1,1.1296296296296295,1.8,0.75,0.0
598010,Anand Rajan,Delhi Daredevils,1,1.25,0.8,1.0,1.0
598010,DW Steyn,Delhi Daredevils,2,1.105263157894737,2.2,1.6363636363636365,1.0
598010,I Sharma,Delhi Daredevils,2,0.8727272727272727,1.4,1.0,1.0
598010,IK Pathan,Sunrisers Hyderabad,1,0.9801980198019802,0.6,0.5,0.0
598010,J Botha,Sunrisers Hyderabad,1,0.7941176470588235,1.0,1.0,2.0
598010,M Morkel,Sunrisers Hyderabad,2,1.2571428571428571,1.6,1.5,2.0
598010,NLTC Perera,Delhi Daredevils,2,1.0277777777777777,1.2,0.8,0.0
598010,S Kaul,Sunrisers Hyderabad,1,1.1454545454545455,1.0,1.0,0.0
598010,S Nadeem,Sunrisers Hyderabad,2,0.7714285714285715,1.0,0.75,1.0
598010,UT Yadav,Sunrisers Hyderabad,0,1.1088435374149659,1.2,0.8421052631578947,3.0
598011,AB Dinda,Mumbai Indians,0,1.0933333333333333,0.4,1.1538461538461537,2.0
598011,AD Mathews,Mumbai Indians,0,0.6363636363636364,0.4,0.75,0.0
598011,AJ Finch,Mumbai Indians,1,0.2,0.3333333333333333,0.5,0.0
598011,B Kumar,Mumbai Indians,0,1.1079545454545454,0.6,1.15,2.0
598011,Harbhajan Singh,Pune Warriors,1,1.00625,1.0,1.4,1.0
598011,KA Pollard,Pune Warriors,1,0.7570093457943925,1.0,1.25,1.0
598011,MG Johnson,Pune Warriors,3,1.2222222222222223,1.75,2.5,0.0
598011,MR Marsh,Mumbai Indians,1,1.088235294117647,0.4,1.0,2.0
598011,PP Ojha,Pune Warriors,2,1.1,1.6,1.3333333333333333,1.0
598011,R Dhawan,Pune Warriors,0,0.75,0.0,0.0,0.0
598011,R Sharma,Mumbai Indians,0,0.9545454545454546,0.8,1.0,1.0
598011,SL Malinga,Pune Warriors,1,1.540983606557377,1.0,2.0,0.0
598011,Yuvraj Singh,Mumbai Indians,1,0.5342465753424658,0.8,0.6,1.0
598012,CH Morris,Royal Challengers Bangalore,3,1.3209876543209877,2.5,1.0,2.0
598012,DJ Bravo,Royal Challengers Bangalore,1,1.3101265822784811,1.6,1.0434782608695652,2.0
598012,DP Nannes,Royal Challengers Bangalore,1,1.3103448275862069,1.4,1.0,0.0
598012,DT Christian,Chennai Super Kings,0,0.8163265306122449,0.6,0.6,0.0
598012,J Syed Mohammad,Chennai Super Kings,2,0.9090909090909091,1.2,1.5,0.0
598012,M Kartik,Chennai Super Kings,0,0.7090909090909091,0.6,0.3333333333333333,1.0
598012,MM Sharma,Royal Challengers Bangalore,0,1.3243243243243243,0.0,0.5,3.0
598012,R Ashwin,Royal Challengers Bangalore,1,0.9519230769230769,1.8,0.8461538461538461,0.0
598012,R Rampaul,Chennai Super Kings,3,1.4166666666666667,3.0,1.6666666666666667,2.0
598012,R Vinay Kumar,Chennai Super Kings,1,1.2211538461538463,2.0,1.0588235294117647,2.0
598012,RA Jadeja,Royal Challengers Bangalore,0,0.8009478672985783,0.6,1.037037037037037,1.0
598012,RP Singh,Chennai Super Kings,0,1.2195121951219512,1.2,0.9230769230769231,0.0
598013,A Ashish Reddy,Kolkata Knight Riders,1,0.95,1.2,1.0,0.0
598013,A Mishra,Kolkata Knight Riders,0,1.1296296296296295,1.4,1.0,4.0
598013,DW Steyn,Kolkata Knight Riders,1,1.105263157894737,2.0,1.0769230769230769,1.0
598013,GH Vihari,Kolkata Knight Riders,0,0.16666666666666666,0.5,0.0,0.0
598013,I Sharma,Kolkata Knight Riders,1,0.8727272727272727,1.2,0.75,1.0
598013,JH Kallis,Sunrisers Hyderabad,3,0.8314606741573034,1.0,1.5,3.0
598013,KV Sharma,Kolkata Knight Riders,1,1.0,1.0,1.3333333333333333,1.0
598013,L Balaji,Sunrisers Hyderabad,0,1.1643835616438356,0.8,2.0,1.0
598013,NLTC Perera,Kolkata Knight Riders,0,1.0277777777777777,1.2,1.0,3.0
598013,R Bhatia,Sunrisers Hyderabad,2,0.9010989010989011,1.2,1.4,0.0
598013,SMSM Senanayake,Sunrisers Hyderabad,1,1.125,1.0,1.0,2.0
598013,SP Narine,Sunrisers Hyderabad,1,1.1428571428571428,1.6,0.64,3.0
598014,A Chandila,Kings XI Punjab,0,0.9166666666666666,1.0,0.5,2.0
598014,Azhar Mahmood,Rajasthan Royals,0,1.3478260869565217,1.4,0.3333333333333333,3.0
598014,JP Faulkner,Kings XI Punjab,3,1.2666666666666666,1.8,1.0,3.0
598014,KK Cooper,Kings XI Punjab,2,1.44,1.6,2.25,1.0
598014,P Awana,Rajasthan Royals,1,1.303030303030303,1.0,0.75,2.0
598014,P Kumar,Rajasthan Royals,2,0.8571428571428571,1.2,0.8333333333333334,3.0
598014,PP Chawla,Rajasthan Royals,1,1.0523560209424083,0.4,1.0909090909090908,0.0
598014,S Sreesanth,Kings XI Punjab,3,0.9772727272727273,1.2,1.0,0.0
598014,SK Trivedi,Kings XI Punjab,2,0.9733333333333334,1.0,1.1,1.0
598014,STR Binny,Kings XI Punjab,0,0.4444444444444444,0.2,0.375,3.0
598015,AB Dinda,Chennai Super Kings,2,1.0933333333333333,0.8,0.5714285714285714,2.0
598015,AJ Finch,Chennai Super Kings,0,0.2,0.25,0.0,0.0
598015,AM Nayar,Chennai Super Kings,1,0.47368421052631576,0.4,0.25,1.0
598015,B Kumar,Chennai Super Kings,2,1.1079545454545454,0.8,0.7,3.0
598015,CH Morris,Pune Warriors,2,1.3209876543209877,2.3333333333333335,2.0,1.0
598015,DJ Bravo,Pune Warriors,2,1.3101265822784811,1.8,1.25,1.0
598015,DP Nannes,Pune Warriors,0,1.3103448275862069,1.2,0.0,0.0
598015,MR Marsh,Chennai Super Kings,2,1.088235294117647,0.8,1.2,1.0
598015,R Ashwin,Pune Warriors,0,0.9519230769230769,0.8,1.0,2.0
598015,R Sharma,Chennai Super Kings,1,0.9545454545454546,1.0,0.8333333333333334,2.0
598015,RA Jadeja,Pune Warriors,1,0.8009478672985783,0.6,1.0,2.0
598016,Azhar Mahmood,Kolkata Knight Riders,3,1.3478260869565217,1.6,3.0,1.0
598016,DJ Hussey,Kolkata Knight Riders,0,0.38461538461538464,0.4,0.0,0.0
598016,JH Kallis,Kings XI Punjab,3,0.8314606741573034,1.4,0.9090909090909091,2.0
598016,L Balaji,Kings XI Punjab,1,1.1643835616438356,0.8,1.2222222222222223,1.0
598016,MS Gony,Kolkata Knight Riders,1,0.8863636363636364,1.0,0.8,2.0
598016,P Awana,Kolkata Knight Riders,2,1.303030303030303,1.0,1.0,1.0
598016,P Kumar,Kolkata Knight Riders,3,0.8571428571428571,1.4,0.625,1.0
598016,PP Chawla,Kolkata Knight Riders,0,1.0523560209424083,0.4,1.0,1.0
598016,R Bhatia,Kings XI Punjab,0,0.9010989010989011,1.0,0.7272727272727273,0.0
598016,SMSM Senanayake,Kings XI Punjab,2,1.125,1.5,1.0,1.0
598016,SP Narine,Kings XI Punjab,3,1.1428571428571428,2.2,1.631578947368421,1.0
598017,A Nehra,Royal Challengers Bangalore,1,1.375,1.4,1.8461538461538463,2.0
598017,IK Pathan,Royal Challengers Bangalore,0,0.9801980198019802,0.4,1.0769230769230769,1.0
598017,J Syed Mohammad,Delhi Daredevils,0,0.9090909090909091,0.8,0.0,2.0
598017,JD Unadkat,Delhi Daredevils,2,1.0480769230769231,0.8,2.5,1.0
598017,M Morkel,Royal Challengers Bangalore,2,1.2571428571428571,1.8,1.0909090909090908,1.0
598017,R Rampaul,Delhi Daredevils,2,1.4166666666666667,2.5,1.0,2.0
598017,R Vinay Kumar,Delhi Daredevils,2,1.2211538461538463,1.8,0.9285714285714286,3.0
598017,RP Singh,Delhi Daredevils,0,1.2195121951219512,0.8,1.0,3.0
598017,S Nadeem,Royal Challengers Bangalore,1,0.7714285714285715,1.2,1.0,0.0
598017,UT Yadav,Royal Challengers Bangalore,3,1.1088435374149659,1.4,1.0666666666666667,2.0
598018,A Mishra,Pune Warriors,4,1.1296296296296295,1.8,1.6666666666666667,3.0
598018,AB Dinda,Sunrisers Hyderabad,2,1.0933333333333333,0.8,1.5,0.0
598018,AD Mathews,Sunrisers Hyderabad,0,0.6363636363636364,0.2,0.25,0.0
598018,B Kumar,Sunrisers Hyderabad,3,1.1079545454545454,1.2,2.0,1.0
598018,DW Steyn,Pune Warriors,1,1.105263157894737,1.6,1.0,1.0
598018,I Sharma,Pune Warriors,1,0.8727272727272727,1.4,0.25,2.0
598018,KV Sharma,Pune Warriors,1,1.0,1.0,1.0,2.0
598018,MR Marsh,Sunrisers Hyderabad,1,1.088235294117647,0.8,1.6,1.0
598018,NLTC Perera,Pune Warriors,3,1.0277777777777777,1.8,2.0,1.0
598018,R Sharma,Sunrisers Hyderabad,2,0.9545454545454546,1.2,1.5,0.0
598019,A Chandila,Mumbai Indians,2,0.9166666666666666,1.4,1.0,0.0
598019,AA Chavan,Mumbai Indians,0,0.6153846153846154,0.4,0.25,1.0
598019,Harbhajan Singh,Rajasthan Royals,1,1.00625,1.2,1.0,0.0
598019,JP Faulkner,Mumbai Indians,3,1.2666666666666666,2.2,1.75,1.0
598019,KA Pollard,Rajasthan Royals,1,0.7570093457943925,1.0,0.9285714285714286,0.0
598019,KK Cooper,Mumbai Indians,1,1.44,1.8,1.3333333333333333,0.0
598019,MG Johnson,Rajasthan Royals,0,1.2222222222222223,1.4,1.3333333333333333,2.0
598019,PP Ojha,Rajasthan Royals,1,1.1,1.6,0.8461538461538461,2.0
598019,R Dhawan,Rajasthan Royals,0,0.75,0.0,0.75,1.0
598019,SK Trivedi,Mumbai Indians,1,0.9733333333333334,1.2,0.7,0.0
598019,SL Malinga,Rajasthan Royals,0,1.540983606557377,0.8,0.9230769230769231,1.0
598019,STR Binny,Mumbai Indians,3,0.4444444444444444,0.8,0.7272727272727273,0.0
598020,AB Agarkar,Chennai Super Kings,0,0.7857142857142857,0.8,0.3333333333333333,0.0
598020,CH Morris,Delhi Daredevils,1,1.3209876543209877,2.0,1.5,1.0
598020,DJ Bravo,Delhi Daredevils,1,1.3101265822784811,1.8,0.8571428571428571,2.0
598020,IK Pathan,Chennai Super Kings,1,0.9801980198019802,0.6,1.0769230769230769,0.0
598020,JA Morkel,Delhi Daredevils,1,1.103448275862069,1.2,0.9230769230769231,0.0
598020,M Morkel,Chennai Super Kings,1,1.2571428571428571,1.2,1.3333333333333333,1.0
598020,MM Sharma,Delhi Daredevils,3,1.3243243243243243,1.5,1.1818181818181819,1.0
598020,R Ashwin,Delhi Daredevils,2,0.9519230769230769,1.0,1.4375,2.0
598020,RA Jadeja,Delhi Daredevils,2,0.8009478672985783,0.8,0.7058823529411765,3.0
598020,S Nadeem,Chennai Super Kings,0,0.7714285714285715,0.8,0.25,0.0
598020,UT Yadav,Chennai Super Kings,2,1.1088435374149659,1.8,1.0555555555555556,3.0
598021,A Mishra,Kings XI Punjab,3,1.1296296296296295,1.8,1.15,3.0
598021,Azhar Mahmood,Sunrisers Hyderabad,1,1.3478260869565217,1.4,1.0,2.0
598021,DW Steyn,Kings XI Punjab,1,1.105263157894737,1.2,0.6666666666666666,1.0
598021,GH Vihari,Kings XI Punjab,0,0.16666666666666666,0.3333333333333333,0.0,0.0
598021,I Sharma,Kings XI Punjab,2,0.8727272727272727,1.8,0.5,1.0
598021,KV Sharma,Kings XI Punjab,2,1.0,1.3333333333333333,0.75,0.0
598021,MS Gony,Sunrisers Hyderabad,2,0.8863636363636364,1.0,2.0,1.0
598021,NLTC Perera,Kings XI Punjab,1,1.0277777777777777,1.4,0.6,1.0
598021,P Kumar,Sunrisers Hyderabad,1,0.8571428571428571,1.6,0.7142857142857143,0.0
598021,PP Chawla,Sunrisers Hyderabad,1,1.0523560209424083,0.6,0.9473684210526315,0.0
598022,CH Morris,Kolkata Knight Riders,1,1.3209876543209877,1.8,1.6428571428571428,0.0
598022,DJ Bravo,Kolkata Knight Riders,2,1.3101265822784811,1.8,1.3157894736842106,2.0
598022,JA Morkel,Kolkata Knight Riders,0,1.103448275862069,1.0,0.6666666666666666,1.0
598022,JH Kallis,Chennai Super Kings,2,0.8314606741573034,1.8,0.7333333333333333,2.0
598022,L Balaji,Chennai Super Kings,1,1.1643835616438356,0.8,1.1666666666666667,0.0
598022,MM Sharma,Kolkata Knight Riders,1,1.3243243243243243,1.3333333333333333,0.9166666666666666,0.0
598022,R Ashwin,Kolkata Knight Riders,2,0.9519230769230769,1.2,0.9230769230769231,2.0
598022,R Bhatia,Chennai Super Kings,0,0.9010989010989011,0.6,0.8461538461538461,1.0
598022,RA Jadeja,Kolkata Knight Riders,3,0.8009478672985783,1.4,0.8148148148148148,0.0
598022,SMSM Senanayake,Chennai Super Kings,1,1.125,1.3333333333333333,1.0,1.0
598022,SP Narine,Chennai Super Kings,1,1.1428571428571428,1.4,1.25,3.0
598022,YK Pathan,Chennai Super Kings,1,0.5609756097560976,0.6,0.7333333333333333,0.0
598023,A Chandila,Royal Challengers Bangalore,0,0.9166666666666666,0.6,0.0,1.0
598023,JD Unadkat,Rajasthan Royals,1,1.0480769230769231,1.0,0.5714285714285714,2.0
598023,JP Faulkner,Royal Challengers Bangalore,1,1.2666666666666666,2.0,0.7142857142857143,4.0
598023,M Kartik,Rajasthan Royals,1,0.7090909090909091,0.8,0.5,1.0
598023,R Rampaul,Rajasthan Royals,2,1.4166666666666667,2.3333333333333335,1.6666666666666667,2.0
598023,R Vinay Kumar,Rajasthan Royals,3,1.2211538461538463,1.8,1.0714285714285714,1.0
598023,RP Singh,Rajasthan Royals,3,1.2195121951219512,1.4,1.2727272727272727,1.0
598023,S Sreesanth,Royal Challengers Bangalore,0,0.9772727272727273,1.0,1.0,1.0
598023,SK Trivedi,Royal Challengers Bangalore,0,0.9733333333333334,1.2,1.125,0.0
598023,SR Watson,Royal Challengers Bangalore,2,1.019047619047619,1.0,1.0,0.0
598023,SW Tait,Royal Challengers Bangalore,0,1.2380952380952381,0.4,0.0,0.0
598024,AB Agarkar,Mumbai Indians,0,0.7857142857142857,0.8,0.8571428571428571,0.0
598024,AD Russell,Mumbai Indians,0,1.1160714285714286,0.2,1.0555555555555556,1.0
598024,DR Smith,Delhi Daredevils,0,0.5869565217391305,0.4,0.4,2.0
598024,Harbhajan Singh,Delhi Daredevils,0,1.00625,1.0,1.1578947368421053,0.0
598024,IK Pathan,Mumbai Indians,0,0.9801980198019802,0.6,1.2666666666666666,1.0
598024,JJ Bumrah,Delhi Daredevils,0,1.368421052631579,1.5,0.8888888888888888,0.0
598024,KA Pollard,Delhi Daredevils,0,0.7570093457943925,1.0,0.5454545454545454,0.0
598024,MM Patel,Delhi Daredevils,0,1.3015873015873016,1.2,1.1,0.0
598024,RE van der Merwe,Mumbai Indians,1,1.1904761904761905,1.4,0.75,2.0
598024,S Nadeem,Mumbai Indians,0,0.7714285714285715,0.6,0.9090909090909091,0.0
598024,SL Malinga,Delhi Daredevils,1,1.540983606557377,0.8,1.8333333333333333,2.0
598024,UT Yadav,Mumbai Indians,3,1.1088435374149659,1.6,1.0555555555555556,0.0
598025,AB Dinda,Kings XI Punjab,0,1.0933333333333333,0.8,0.75,3.0
598025,Azhar Mahmood,Pune Warriors,2,1.3478260869565217,1.2,2.5,0.0
598025,B Kumar,Kings XI Punjab,1,1.1079545454545454,1.4,1.5714285714285714,0.0
598025,BAW Mendis,Kings XI Punjab,1,0.9,0.8,1.0,0.0
598025,LJ Wright,Kings XI Punjab,0,0.3333333333333333,0.0,0.0,1.0
598025,MS Gony,Pune Warriors,1,0.8863636363636364,1.0,1.5,1.0
598025,P Awana,Pune Warriors,1,1.303030303030303,1.2,1.3333333333333333,1.0
598025,P Kumar,Pune Warriors,0,0.8571428571428571,1.2,1.0,1.0
598025,PP Chawla,Pune Warriors,0,1.0523560209424083,0.4,0.4,2.0
598025,R Sharma,Kings XI Punjab,0,0.9545454545454546,1.0,1.0,1.0
598025,Yuvraj Singh,Kings XI Punjab,1,0.5342465753424658,1.0,0.16666666666666666,0.0
598026,A Chandila,Chennai Super Kings,1,0.9166666666666666,0.6,1.0,2.0
598026,CH Morris,Rajasthan Royals,0,1.3209876543209877,1.4,1.2,0.0
598026,DJ Bravo,Rajasthan Royals,2,1.3101265822784811,1.6,1.3076923076923077,2.0
598026,JO Holder,Rajasthan Royals,0,1.2826086956521738,0.0,1.5,1.0
598026,JP Faulkner,Chennai Super Kings,4,1.2666666666666666,2.6,1.1666666666666667,5.0
598026,KK Cooper,Chennai Super Kings,0,1.44,1.2,1.25,1.0
598026,MM Sharma,Rajasthan Royals,0,1.3243243243243243,1.0,1.0,2.0
598026,R Ashwin,Rajasthan Royals,2,0.9519230769230769,1.4,1.1764705882352942,1.0
598026,R Shukla,Chennai Super Kings,0,1.0,1.0,0.0,1.0
598026,RA Jadeja,Rajasthan Royals,0,0.8009478672985783,1.2,1.0476190476190477,0.0
598026,SK Trivedi,Chennai Super Kings,0,0.9733333333333334,0.6,0.45454545454545453,0.0
598026,SR Watson,Chennai Super Kings,0,1.019047619047619,0.8,0.7272727272727273,0.0
598026,STR Binny,Chennai Super Kings,0,0.4444444444444444,0.6,0.2857142857142857,1.0
598027,AB Dinda,Royal Challengers Bangalore,3,1.0933333333333333,1.4,1.375,3.0
598027,AG Murtaza,Royal Challengers Bangalore,0,1.0,0.4,0.0,0.0
598027,B Kumar,Royal Challengers Bangalore,0,1.1079545454545454,1.2,1.0476190476190477,0.0
598027,CH Gayle,Pune Warriors,2,0.5,0.8,1.3333333333333333,1.0
598027,IC Pandey,Royal Challengers Bangalore,0,0.7916666666666666,0.0,1.0,1.0
598027,JD Unadkat,Pune Warriors,2,1.0480769230769231,1.4,2.0,0.0
598027,LJ Wright,Royal Challengers Bangalore,1,0.3333333333333333,0.3333333333333333,1.0,0.0
598027,M Kartik,Pune Warriors,1,0.7090909090909091,1.0,1.5,0.0
598027,MR Marsh,Royal Challengers Bangalore,1,1.088235294117647,1.0,1.2,2.0
598027,R Rampaul,Pune Warriors,2,1.4166666666666667,2.25,2.0,1.0
598027,R Vinay Kumar,Pune Warriors,1,1.2211538461538463,1.8,2.2,3.0
598027,RP Singh,Pune Warriors,1,1.2195121951219512,1.6,0.6666666666666666,1.0
598028,A Nehra,Kings XI Punjab,2,1.375,1.8,1.1428571428571428,0.0
598028,Azhar Mahmood,Delhi Daredevils,0,1.3478260869565217,1.2,0.6666666666666666,3.0
598028,IK Pathan,Kings XI Punjab,1,0.9801980198019802,0.6,0.6,2.0
598028,M Morkel,Kings XI Punjab,1,1.2571428571428571,1.4,1.6666666666666667,0.0
598028,P Awana,Delhi Daredevils,1,1.303030303030303,1.0,1.4,0.0
598028,P Kumar,Delhi Daredevils,1,0.8571428571428571,1.4,0.8571428571428571,0.0
598028,PP Chawla,Delhi Daredevils,2,1.0523560209424083,0.8,1.105263157894737,0.0
598028,S Kaul,Kings XI Punjab,0,1.1454545454545455,0.5,1.1666666666666667,1.0
598028,Sandeep Sharma,Delhi Daredevils,3,1.2142857142857142,3.0,1.6,0.0
598028,UT Yadav,Kings XI Punjab,0,1.1088435374149659,1.6,1.631578947368421,2.0
598029,Harbhajan Singh,Kolkata Knight Riders,0,1.00625,0.6,0.8947368421052632,2.0
598029,Iqbal Abdulla,Mumbai Indians,0,0.9375,0.6,0.8571428571428571,1.0
598029,KA Pollard,Kolkata Knight Riders,0,0.7570093457943925,0.8,0.45454545454545453,0.0
598029,L Balaji,Mumbai Indians,0,1.1643835616438356,0.6,0.5555555555555556,1.0
598029,MG Johnson,Kolkata Knight Riders,2,1.2222222222222223,1.6,1.5555555555555556,0.0
598029,PP Ojha,Kolkata Knight Riders,2,1.1,1.8,0.8571428571428571,2.0
598029,R Bhatia,Mumbai Indians,1,0.9010989010989011,0.6,1.1666666666666667,1.0
598029,SL Malinga,Kolkata Knight Riders,2,1.540983606557377,1.2,1.3529411764705883,0.0
598029,SMSM Senanayake,Mumbai Indians,1,1.125,1.25,1.0,0.0
598029,SP Narine,Mumbai Indians,3,1.1428571428571428,1.6,1.2173913043478262,1.0
598029,YS Chahal,Kolkata Knight Riders,0,1.3396226415094339,0.0,1.3181818181818181,1.0
598030,A Ashish Reddy,Chennai Super Kings,0,0.95,1.2,1.0,0.0
598030,A Mishra,Chennai Super Kings,3,1.1296296296296295,2.2,0.875,0.0
598030,CH Morris,Sunrisers Hyderabad,0,1.3209876543209877,0.8,1.0833333333333333,1.0
598030,DJ Bravo,Sunrisers Hyderabad,2,1.3101265822784811,1.8,1.375,2.0
598030,DJG Sammy,Chennai Super Kings,0,0.7368421052631579,0.0,0.0,0.0
598030,DW Steyn,Chennai Super Kings,1,1.105263157894737,1.2,0.8333333333333334,1.0
598030,I Sharma,Chennai Super Kings,1,0.8727272727272727,1.4,0.5,0.0
598030,JO Holder,Sunrisers Hyderabad,1,1.2826086956521738,0.5,1.5,1.0
598030,KV Sharma,Chennai Super Kings,0,1.0,1.0,0.625,0.0
598030,MM Sharma,Sunrisers Hyderabad,2,1.3243243243243243,1.2,1.7692307692307692,1.0
598030,R Ashwin,Sunrisers Hyderabad,1,0.9519230769230769,1.4,0.65,0.0
598030,RA Jadeja,Sunrisers Hyderabad,0,0.8009478672985783,1.2,0.43478260869565216,0.0
598031,Azhar Mahmood,Kolkata Knight Riders,3,1.3478260869565217,1.8,3.0,0.0
598031,BA Bhatt,Kolkata Knight Riders,0,0.8666666666666667,0.2,1.0,1.0
598031,Harmeet Singh,Kolkata Knight Riders,1,1.1071428571428572,0.4,0.5,2.0
598031,JH Kallis,Kings XI Punjab,2,0.8314606741573034,2.0,0.9090909090909091,0.0
598031,L Balaji,Kings XI Punjab,1,1.1643835616438356,0.6,1.2222222222222223,1.0
598031,P Kumar,Kolkata Knight Riders,0,0.8571428571428571,1.0,0.625,1.0
598031,PP Chawla,Kolkata Knight Riders,0,1.0523560209424083,0.6,1.0,1.0
598031,R Bhatia,Kings XI Punjab,1,0.9010989010989011,0.8,0.7272727272727273,1.0
598031,S Ladda,Kings XI Punjab,1,0.5555555555555556,0.4,0.5,0.0
598031,SMSM Senanayake,Kings XI Punjab,0,1.125,1.0,1.0,2.0
598031,SP Narine,Kings XI Punjab,1,1.1428571428571428,1.8,1.631578947368421,1.0
598032,A Chandila,Sunrisers Hyderabad,2,0.9166666666666666,1.0,2.0,0.0
598032,A Mishra,Rajasthan Royals,0,1.1296296296296295,2.0,1.619047619047619,2.0
598032,DJG Sammy,Rajasthan Royals,0,0.7368421052631579,0.0,0.5,3.0
598032,DW Steyn,Rajasthan Royals,1,1.105263157894737,1.0,1.1818181818181819,0.0
598032,I Sharma,Rajasthan Royals,0,0.8727272727272727,1.0,1.0,2.0
598032,JP Faulkner,Sunrisers Hyderabad,5,1.2666666666666666,3.2,1.875,0.0
598032,KK Cooper,Sunrisers Hyderabad,1,1.44,0.8,1.0,1.0
598032,KV Sharma,Rajasthan Royals,0,1.0,0.8,1.0909090909090908,0.0
598032,NLTC Perera,Rajasthan Royals,1,1.0277777777777777,1.4,1.0,0.0
598032,SK Trivedi,Sunrisers Hyderabad,0,0.9733333333333334,0.6,0.6666666666666666,1.0
598032,SR Watson,Sunrisers Hyderabad,0,1.019047619047619,0.4,1.1818181818181819,4.0
598032,STR Binny,Sunrisers Hyderabad,1,0.4444444444444444,0.8,0.2857142857142857,0.0
598033,DR Smith,Royal Challengers Bangalore,2,0.5869565217391305,0.8,0.8333333333333334,0.0
598033,DS Kulkarni,Royal Challengers Bangalore,3,0.9891304347826086,2.2,1.1538461538461537,2.0
598033,Harbhajan Singh,Royal Challengers Bangalore,2,1.00625,0.8,1.0869565217391304,3.0
598033,J Syed Mohammad,Mumbai Indians,2,0.9090909090909091,1.0,1.3333333333333333,0.0
598033,JD Unadkat,Mumbai Indians,0,1.0480769230769231,1.0,1.2666666666666666,0.0
598033,KA Pollard,Royal Challengers Bangalore,0,0.7570093457943925,0.4,0.9333333333333333,0.0
598033,MG Johnson,Royal Challengers Bangalore,0,1.2222222222222223,1.4,0.7142857142857143,2.0
598033,R Rampaul,Mumbai Indians,1,1.4166666666666667,2.0,1.0,2.0
598033,R Vinay Kumar,Mumbai Indians,3,1.2211538461538463,2.0,1.1538461538461537,2.0
598033,RP Singh,Mumbai Indians,1,1.2195121951219512,1.0,1.75,1.0
598033,SL Malinga,Royal Challengers Bangalore,0,1.540983606557377,0.8,0.9375,1.0
598034,CH Morris,Kolkata Knight Riders,1,1.3209876543209877,0.6,1.6428571428571428,2.0
598034,DJ Bravo,Kolkata Knight Riders,2,1.3101265822784811,1.8,1.3157894736842106,1.0
598034,JH Kallis,Chennai Super Kings,0,0.8314606741573034,2.0,0.7333333333333333,1.0
598034,L Balaji,Chennai Super Kings,1,1.1643835616438356,0.8,1.1666666666666667,1.0
598034,MM Sharma,Kolkata Knight Riders,1,1.3243243243243243,1.4,0.9166666666666666,3.0
598034,Mohammed Shami,Chennai Super Kings,0,1.309090909090909,0.0,1.0,1.0
598034,R Ashwin,Kolkata Knight Riders,0,0.9519230769230769,1.4,0.9230769230769231,1.0
598034,R Bhatia,Chennai Super Kings,1,0.9010989010989011,0.6,0.8461538461538461,0.0
598034,RA Jadeja,Kolkata Knight Riders,0,0.8009478672985783,1.0,0.8148148148148148,1.0
598034,SP Narine,Chennai Super Kings,1,1.1428571428571428,1.8,1.25,0.0
598034,YK Pathan,Chennai Super Kings,0,0.5609756097560976,0.6,0.7333333333333333,0.0
598035,A Nehra,Pune Warriors,0,1.375,1.6,0.0,1.0
598035,AB Dinda,Delhi Daredevils,3,1.0933333333333333,2.0,1.4,0.0
598035,AM Nayar,Delhi Daredevils,1,0.47368421052631576,0.6,0.6666666666666666,0.0
598035,B Kumar,Delhi Daredevils,0,1.1079545454545454,1.2,0.4166666666666667,0.0
598035,IK Pathan,Pune Warriors,2,0.9801980198019802,0.8,0.8,2.0
598035,KW Richardson,Delhi Daredevils,0,1.4,0.0,0.5,1.0
598035,LJ Wright,Delhi Daredevils,0,0.3333333333333333,0.25,0.0,1.0
598035,M Morkel,Pune Warriors,0,1.2571428571428571,1.2,1.0,1.0
598035,R Sharma,Delhi Daredevils,1,0.9545454545454546,0.8,1.0,1.0
598035,S Nadeem,Pune Warriors,0,0.7714285714285715,0.6,0.6,1.0
598035,UT Yadav,Pune Warriors,2,1.1088435374149659,2.0,0.6,2.0
598035,Yuvraj Singh,Delhi Daredevils,0,0.5342465753424658,1.0,0.5714285714285714,0.0
598036,A Chandila,Royal Challengers Bangalore,0,0.9166666666666666,1.0,0.0,0.0
598036,JD Unadkat,Rajasthan Royals,0,1.0480769230769231,1.0,0.5714285714285714,1.0
598036,JP Faulkner,Royal Challengers Bangalore,0,1.2666666666666666,2.6,0.7142857142857143,0.0
598036,M Kartik,Rajasthan Royals,0,0.7090909090909091,0.6,0.5,2.0
598036,MC Henriques,Rajasthan Royals,1,0.7666666666666667,1.4,1.0,2.0
598036,R Rampaul,Rajasthan Royals,2,1.4166666666666667,1.8,1.6666666666666667,0.0
598036,R Vinay Kumar,Rajasthan Royals,2,1.2211538461538463,2.2,1.0714285714285714,3.0
598036,RP Singh,Rajasthan Royals,1,1.2195121951219512,1.2,1.2727272727272727,1.0
598036,S Sreesanth,Royal Challengers Bangalore,1,0.9772727272727273,1.0,1.0,0.0
598036,SK Trivedi,Royal Challengers Bangalore,1,0.9733333333333334,0.4,1.125,0.0
598036,SR Watson,Royal Challengers Bangalore,4,1.019047619047619,1.2,1.0,1.0
598036,STR Binny,Royal Challengers Bangalore,0,0.4444444444444444,0.8,0.8,0.0
598037,Azhar Mahmood,Mumbai Indians,0,1.3478260869565217,1.2,1.0,2.0
598037,DJ Hussey,Mumbai Indians,0,0.38461538461538464,0.4,0.0,0.0
598037,DS Kulkarni,Kings XI Punjab,2,0.9891304347826086,2.6,1.0909090909090908,1.0
598037,Harbhajan Singh,Kings XI Punjab,3,1.00625,1.2,1.0909090909090908,1.0
598037,KA Pollard,Kings XI Punjab,0,0.7570093457943925,0.2,0.38461538461538464,0.0
598037,MG Johnson,Kings XI Punjab,2,1.2222222222222223,1.4,2.0,1.0
598037,MS Gony,Mumbai Indians,1,0.8863636363636364,1.0,1.0,0.0
598037,P Awana,Mumbai Indians,0,1.303030303030303,1.0,1.5,2.0
598037,P Kumar,Mumbai Indians,1,0.8571428571428571,0.6,0.8125,0.0
598037,PP Chawla,Mumbai Indians,1,1.0523560209424083,0.8,1.3333333333333333,1.0
598037,PP Ojha,Kings XI Punjab,2,1.1,1.8,1.0,0.0
598037,SL Malinga,Kings XI Punjab,1,1.540983606557377,0.8,1.9285714285714286,0.0
598038,AB Dinda,Chennai Super Kings,0,1.0933333333333333,1.6,0.5714285714285714,2.0
598038,B Kumar,Chennai Super Kings,0,1.1079545454545454,0.8,0.7,0.0
598038,CH Morris,Pune Warriors,2,1.3209876543209877,0.8,2.0,0.0
598038,DJ Bravo,Pune Warriors,1,1.3101265822784811,1.8,1.25,3.0
598038,JA Morkel,Pune Warriors,1,1.103448275862069,0.8,1.6666666666666667,0.0
598038,KW Richardson,Chennai Super Kings,1,1.4,0.5,1.0,1.0
598038,LJ Wright,Chennai Super Kings,1,0.3333333333333333,0.4,1.0,0.0
598038,MM Sharma,Pune Warriors,3,1.3243243243243243,1.4,3.0,2.0
598038,R Ashwin,Pune Warriors,1,0.9519230769230769,1.2,1.0,1.0
598038,R Sharma,Chennai Super Kings,1,0.9545454545454546,1.0,0.8333333333333334,0.0
598038,RA Jadeja,Pune Warriors,1,0.8009478672985783,0.8,1.0,3.0
598039,A Mishra,Mumbai Indians,2,1.1296296296296295,2.4,1.1363636363636365,1.0
598039,DR Smith,Sunrisers Hyderabad,0,0.5869565217391305,0.4,0.6666666666666666,1.0
598039,DS Kulkarni,Sunrisers Hyderabad,1,0.9891304347826086,2.4,0.5714285714285714,0.0
598039,DW Steyn,Mumbai Indians,0,1.105263157894737,0.8,1.1428571428571428,2.0
598039,Harbhajan Singh,Sunrisers Hyderabad,1,1.00625,1.2,0.6153846153846154,1.0
598039,I Sharma,Mumbai Indians,2,0.8727272727272727,1.2,1.1333333333333333,1.0
598039,KV Sharma,Mumbai Indians,0,1.0,0.6,1.0,1.0
598039,MG Johnson,Sunrisers Hyderabad,1,1.2222222222222223,1.0,1.1666666666666667,3.0
598039,NLTC Perera,Mumbai Indians,0,1.0277777777777777,1.0,0.0,2.0
598039,PP Ojha,Sunrisers Hyderabad,0,1.1,1.4,0.25,3.0
598039,RG Sharma,Sunrisers Hyderabad,0,0.5,0.0,0.0,0.0
598039,SL Malinga,Sunrisers Hyderabad,0,1.540983606557377,0.8,1.4444444444444444,2.0
598040,A Nehra,Kolkata Knight Riders,1,1.375,1.4,0.8,1.0
598040,IK Pathan,Kolkata Knight Riders,2,0.9801980198019802,1.2,0.6923076923076923,0.0
598040,JH Kallis,Delhi Daredevils,1,0.8314606741573034,1.6,0.8571428571428571,1.0
598040,L Balaji,Delhi Daredevils,1,1.1643835616438356,0.8,1.3333333333333333,0.0
598040,M Morkel,Kolkata Knight Riders,1,1.2571428571428571,1.0,1.4,0.0
598040,R Bhatia,Delhi Daredevils,0,0.9010989010989011,0.6,0.8,1.0
598040,S Nadeem,Kolkata Knight Riders,1,0.7714285714285715,0.4,0.75,0.0
598040,SP Narine,Delhi Daredevils,0,1.1428571428571428,1.2,1.7692307692307692,1.0
598040,UT Yadav,Kolkata Knight Riders,2,1.1088435374149659,1.8,1.4444444444444444,0.0
598040,YK Pathan,Delhi Daredevils,0,0.5609756097560976,0.6,0.125,0.0
598041,CH Morris,Kings XI Punjab,0,1.3209876543209877,0.6,1.3636363636363635,0.0
598041,DJ Bravo,Kings XI Punjab,3,1.3101265822784811,2.0,1.625,1.0
598041,DJ Hussey,Chennai Super Kings,0,0.38461538461538464,0.0,0.3333333333333333,0.0
598041,JA Morkel,Kings XI Punjab,0,1.103448275862069,0.6,1.2727272727272727,3.0
598041,MM Sharma,Kings XI Punjab,2,1.3243243243243243,1.6,1.3333333333333333,0.0
598041,MS Gony,Chennai Super Kings,0,0.8863636363636364,1.0,0.0,0.0
598041,P Awana,Chennai Super Kings,2,1.303030303030303,1.2,1.1666666666666667,3.0
598041,P Kumar,Chennai Super Kings,0,0.8571428571428571,0.4,1.1333333333333333,0.0
598041,PP Chawla,Chennai Super Kings,1,1.0523560209424083,0.8,1.0,0.0
598041,R Ashwin,Kings XI Punjab,1,0.9519230769230769,1.0,1.1764705882352942,1.0
598041,R Sathish,Chennai Super Kings,1,0.42857142857142855,0.2,0.25,0.0
598041,SK Raina,Kings XI Punjab,0,0.43478260869565216,0.2,0.3333333333333333,1.0
598042,AB Dinda,Royal Challengers Bangalore,2,1.0933333333333333,1.6,1.375,2.0
598042,AD Mathews,Royal Challengers Bangalore,0,0.6363636363636364,0.2,1.0,1.0
598042,B Kumar,Royal Challengers Bangalore,0,1.1079545454545454,0.2,1.0476190476190477,1.0
598042,BAW Mendis,Royal Challengers Bangalore,0,0.9,0.6,0.3333333333333333,1.0
598042,CH Gayle,Pune Warriors,1,0.5,0.6,1.3333333333333333,0.0
598042,M Kartik,Pune Warriors,2,0.7090909090909091,0.8,1.5,1.0
598042,M Muralitharan,Pune Warriors,0,1.0151515151515151,0.4,1.0,1.0
598042,MC Henriques,Pune Warriors,2,0.7666666666666667,1.6,2.0,0.0
598042,R Sharma,Royal Challengers Bangalore,0,0.9545454545454546,0.8,0.8333333333333334,0.0
598042,R Vinay Kumar,Pune Warriors,3,1.2211538461538463,2.4,2.2,0.0
598042,RP Singh,Pune Warriors,1,1.2195121951219512,1.4,0.6666666666666666,3.0
598042,Yuvraj Singh,Royal Challengers Bangalore,0,0.5342465753424658,0.8,0.42857142857142855,0.0
598043,AA Chavan,Kolkata Knight Riders,1,0.6153846153846154,0.4,1.0,0.0
598043,GB Hogg,Kolkata Knight Riders,0,1.1904761904761905,1.0,0.5,4.0
598043,Iqbal Abdulla,Rajasthan Royals,1,0.9375,0.6,0.8,1.0
598043,JH Kallis,Rajasthan Royals,1,0.8314606741573034,1.2,0.6363636363636364,0.0
598043,JP Faulkner,Kolkata Knight Riders,0,1.2666666666666666,2.0,1.4,2.0
598043,R Bhatia,Rajasthan Royals,1,0.9010989010989011,0.8,1.1428571428571428,1.0
598043,SK Trivedi,Kolkata Knight Riders,0,0.9733333333333334,0.2,1.0,1.0
598043,SMSM Senanayake,Rajasthan Royals,2,1.125,1.2,2.0,1.0
598043,SP Narine,Rajasthan Royals,1,1.1428571428571428,1.2,0.7894736842105263,1.0
598043,SR Watson,Kolkata Knight Riders,1,1.019047619047619,1.4,1.0,0.0
598043,STR Binny,Kolkata Knight Riders,0,0.4444444444444444,0.8,0.2857142857142857,0.0
598044,A Mishra,Delhi Daredevils,1,1.1296296296296295,1.8,0.75,0.0
598044,A Nehra,Sunrisers Hyderabad,1,1.375,1.0,0.6666666666666666,1.0
598044,DJG Sammy,Delhi Daredevils,3,0.7368421052631579,1.0,2.0,0.0
598044,DW Steyn,Delhi Daredevils,2,1.105263157894737,1.0,1.6363636363636365,0.0
598044,I Sharma,Delhi Daredevils,1,0.8727272727272727,1.2,1.0,1.0
598044,IK Pathan,Sunrisers Hyderabad,0,0.9801980198019802,1.0,0.5,1.0
598044,J Botha,Sunrisers Hyderabad,2,0.7941176470588235,1.0,1.0,1.0
598044,KV Sharma,Delhi Daredevils,1,1.0,0.6,1.1428571428571428,0.0
598044,NLTC Perera,Delhi Daredevils,2,1.0277777777777777,1.4,0.8,1.0
598044,S Nadeem,Sunrisers Hyderabad,0,0.7714285714285715,0.2,0.75,1.0
598044,UT Yadav,Sunrisers Hyderabad,0,1.1088435374149659,1.4,0.8421052631578947,0.0
598045,Azhar Mahmood,Royal Challengers Bangalore,2,1.3478260869565217,1.4,1.6666666666666667,2.0
598045,JD Unadkat,Kings XI Punjab,1,1.0480769230769231,0.8,0.5454545454545454,0.0
598045,M Muralitharan,Kings XI Punjab,1,1.0151515151515151,0.4,1.4285714285714286,1.0
598045,MC Henriques,Kings XI Punjab,0,0.7666666666666667,1.4,0.9,0.0
598045,MS Gony,Royal Challengers Bangalore,0,0.8863636363636364,0.8,1.3333333333333333,0.0
598045,P Awana,Royal Challengers Bangalore,3,1.303030303030303,1.4,2.0,0.0
598045,PP Chawla,Royal Challengers Bangalore,0,1.0523560209424083,0.8,0.8260869565217391,1.0
598045,R Vinay Kumar,Kings XI Punjab,0,1.2211538461538463,1.8,0.45454545454545453,1.0
598045,Sandeep Sharma,Royal Challengers Bangalore,0,1.2142857142857142,1.5,1.6666666666666667,3.0
598045,Z Khan,Kings XI Punjab,1,1.202020202020202,1.8,1.2142857142857142,4.0
598046,B Laughlin,Mumbai Indians,0,1.1111111111111112,0.5,0.5,0.0
598046,CH Morris,Mumbai Indians,0,1.3209876543209877,0.6,1.3,1.0
598046,DJ Bravo,Mumbai Indians,1,1.3101265822784811,1.8,1.6363636363636365,1.0
598046,Harbhajan Singh,Chennai Super Kings,1,1.00625,1.4,1.1428571428571428,3.0
598046,MG Johnson,Chennai Super Kings,3,1.2222222222222223,1.6,1.0,2.0
598046,MM Sharma,Mumbai Indians,0,1.3243243243243243,1.6,1.75,2.0
598046,P Suyal,Chennai Super Kings,1,0.4,1.0,0.5,1.0
598046,PP Ojha,Chennai Super Kings,3,1.1,1.6,1.5333333333333334,2.0
598046,R Ashwin,Mumbai Indians,1,0.9519230769230769,0.8,0.7941176470588235,1.0
598046,RA Jadeja,Mumbai Indians,3,0.8009478672985783,0.8,0.6451612903225806,1.0
598046,SL Malinga,Chennai Super Kings,2,1.540983606557377,1.0,1.7619047619047619,2.0
598047,A Chandila,Pune Warriors,0,0.9166666666666666,0.6,2.0,1.0
598047,AD Mathews,Rajasthan Royals,1,0.6363636363636364,0.2,0.5714285714285714,0.0
598047,B Kumar,Rajasthan Royals,1,1.1079545454545454,0.2,1.0555555555555556,3.0
598047,JP Faulkner,Pune Warriors,2,1.2666666666666666,2.2,1.6666666666666667,1.0
598047,K Upadhyay,Rajasthan Royals,0,0.0,0.0,0.0,0.0
598047,KK Cooper,Pune Warriors,1,1.44,1.0,0.5,3.0
598047,R Sharma,Rajasthan Royals,0,0.9545454545454546,0.4,0.8333333333333334,1.0
598047,SK Trivedi,Pune Warriors,1,0.9733333333333334,0.4,1.2,1.0
598047,SR Watson,Pune Warriors,0,1.019047619047619,1.0,0.75,1.0
598047,STR Binny,Pune Warriors,0,0.4444444444444444,0.2,0.3333333333333333,1.0
598047,WD Parnell,Rajasthan Royals,3,1.2121212121212122,1.6,2.0,0.0
598047,Yuvraj Singh,Rajasthan Royals,0,0.5342465753424658,0.4,0.6666666666666666,1.0
598048,A Ashish Reddy,Royal Challengers Bangalore,0,0.95,0.6,1.0,1.0
598048,A Mishra,Royal Challengers Bangalore,0,1.1296296296296295,1.2,1.0555555555555556,0.0
598048,DW Steyn,Royal Challengers Bangalore,0,1.105263157894737,0.8,1.0,0.0
598048,GH Vihari,Royal Challengers Bangalore,0,0.16666666666666666,0.25,0.5,0.0
598048,I Sharma,Royal Challengers Bangalore,1,0.8727272727272727,1.0,0.7333333333333333,0.0
598048,JD Unadkat,Sunrisers Hyderabad,0,1.0480769230769231,0.6,1.3333333333333333,5.0
598048,M Kartik,Sunrisers Hyderabad,1,0.7090909090909091,1.0,1.0,0.0
598048,M Muralitharan,Sunrisers Hyderabad,1,1.0151515151515151,0.6,1.0,0.0
598048,MC Henriques,Sunrisers Hyderabad,0,0.7666666666666667,1.0,0.6666666666666666,1.0
598048,NLTC Perera,Royal Challengers Bangalore,1,1.0277777777777777,1.0,1.25,3.0
598048,R Vinay Kumar,Sunrisers Hyderabad,1,1.2211538461538463,1.8,0.8,1.0
598048,RP Singh,Sunrisers Hyderabad,3,1.2195121951219512,1.4,2.0,0.0
598049,AB Agarkar,Rajasthan Royals,0,0.7857142857142857,0.2,0.6666666666666666,0.0
598049,JP Faulkner,Delhi Daredevils,1,1.2666666666666666,1.6,1.1,1.0
598049,M Morkel,Rajasthan Royals,0,1.2571428571428571,0.6,0.6666666666666666,0.0
598049,P Negi,Rajasthan Royals,0,0.9047619047619048,0.6,1.0,0.0
598049,PV Tambe,Delhi Daredevils,0,0.8484848484848485,0.0,0.8,1.0
598049,S Kaul,Rajasthan Royals,1,1.1454545454545455,0.6666666666666666,1.1428571428571428,1.0
598049,SK Trivedi,Delhi Daredevils,1,0.9733333333333334,0.6,0.625,0.0
598049,SR Watson,Delhi Daredevils,1,1.019047619047619,1.2,1.1666666666666667,1.0
598049,STR Binny,Delhi Daredevils,1,0.4444444444444444,0.4,0.6666666666666666,1.0
598049,UT Yadav,Rajasthan Royals,0,1.1088435374149659,0.8,0.9285714285714286,1.0
598050,AN Ahmed,Kolkata Knight Riders,1,0.8823529411764706,1.0,1.5,2.0
598050,Harbhajan Singh,Kolkata Knight Riders,3,1.00625,2.0,0.8947368421052632,2.0
598050,Iqbal Abdulla,Mumbai Indians,1,0.9375,0.6,0.8571428571428571,2.0
598050,JH Kallis,Mumbai Indians,0,0.8314606741573034,0.8,0.7272727272727273,2.0
598050,L Balaji,Mumbai Indians,0,1.1643835616438356,0.6,0.5555555555555556,3.0
598050,MG Johnson,Kolkata Knight Riders,2,1.2222222222222223,1.6,1.5555555555555556,2.0
598050,PP Ojha,Kolkata Knight Riders,2,1.1,1.8,0.8571428571428571,0.0
598050,R Bhatia,Mumbai Indians,1,0.9010989010989011,0.8,1.1666666666666667,1.0
598050,SL Malinga,Kolkata Knight Riders,2,1.540983606557377,1.0,1.3529411764705883,2.0
598050,SP Narine,Mumbai Indians,1,1.1428571428571428,0.8,1.2173913043478262,2.0
598051,A Mishra,Chennai Super Kings,0,1.1296296296296295,0.6,0.875,0.0
598051,CH Morris,Sunrisers Hyderabad,1,1.3209876543209877,0.8,1.0833333333333333,1.0
598051,DJ Bravo,Sunrisers Hyderabad,1,1.3101265822784811,1.6,1.375,1.0
598051,DJG Sammy,Chennai Super Kings,0,0.7368421052631579,0.75,0.0,6.0
598051,DW Steyn,Chennai Super Kings,0,1.105263157894737,0.6,0.8333333333333334,2.0
598051,I Sharma,Chennai Super Kings,0,0.8727272727272727,0.8,0.5,0.0
598051,JO Holder,Sunrisers Hyderabad,1,1.2826086956521738,0.6666666666666666,1.5,2.0
598051,KV Sharma,Chennai Super Kings,0,1.0,0.2,0.625,0.0
598051,MM Sharma,Sunrisers Hyderabad,2,1.3243243243243243,1.6,1.7692307692307692,1.0
598051,NLTC Perera,Chennai Super Kings,3,1.0277777777777777,1.4,2.5,1.0
598051,R Ashwin,Sunrisers Hyderabad,1,0.9519230769230769,0.8,0.65,0.0
598051,RA Jadeja,Sunrisers Hyderabad,1,0.8009478672985783,1.0,0.43478260869565216,0.0
598051,SK Raina,Sunrisers Hyderabad,1,0.43478260869565216,0.4,0.6666666666666666,0.0
598052,Bipul Sharma,Rajasthan Royals,1,0.7857142857142857,0.6,0.3333333333333333,0.0
598052,JP Faulkner,Kings XI Punjab,1,1.2666666666666666,0.8,1.0,0.0
598052,KK Cooper,Kings XI Punjab,3,1.44,1.2,2.25,2.0
598052,MS Gony,Rajasthan Royals,0,0.8863636363636364,0.4,0.4,2.0
598052,P Awana,Rajasthan Royals,0,1.303030303030303,1.2,0.75,1.0
598052,P Kumar,Rajasthan Royals,0,0.8571428571428571,0.4,0.8333333333333334,0.0
598052,PP Chawla,Rajasthan Royals,1,1.0523560209424083,0.6,1.0909090909090908,1.0
598052,R Sathish,Rajasthan Royals,0,0.42857142857142855,0.2,0.6666666666666666,2.0
598052,SK Trivedi,Kings XI Punjab,0,0.9733333333333334,0.6,1.1,0.0
598052,SR Watson,Kings XI Punjab,1,1.019047619047619,1.4,1.1538461538461537,1.0
598053,AD Mathews,Kolkata Knight Riders,0,0.6363636363636364,0.2,0.5,1.0
598053,B Kumar,Kolkata Knight Riders,3,1.1079545454545454,0.8,1.1,0.0
598053,Iqbal Abdulla,Pune Warriors,2,0.9375,0.8,1.25,3.0
598053,JH Kallis,Pune Warriors,2,0.8314606741573034,0.8,1.25,2.0
598053,L Balaji,Pune Warriors,3,1.1643835616438356,1.2,1.75,2.0
598053,MR Marsh,Kolkata Knight Riders,2,1.088235294117647,1.4,1.0,2.0
598053,Parvez Rasool,Kolkata Knight Riders,1,0.36363636363636365,1.0,0.5,0.0
598053,R Bhatia,Pune Warriors,1,0.9010989010989011,0.8,0.6,0.0
598053,RN ten Doeschate,Pune Warriors,0,0.3,0.3333333333333333,0.0,0.0
598053,SP Narine,Pune Warriors,2,1.1428571428571428,1.0,1.25,4.0
598053,WD Parnell,Kolkata Knight Riders,0,1.2121212121212122,1.2,1.3333333333333333,3.0
598054,CH Gayle,Delhi Daredevils,0,0.5,0.6,0.6,0.0
598054,IK Pathan,Royal Challengers Bangalore,1,0.9801980198019802,1.2,1.0769230769230769,1.0
598054,JD Unadkat,Delhi Daredevils,5,1.0480769230769231,1.2,2.5,0.0
598054,M Kartik,Delhi Daredevils,0,0.7090909090909091,0.8,0.16666666666666666,1.0
598054,M Morkel,Royal Challengers Bangalore,0,1.2571428571428571,0.4,1.0909090909090908,0.0
598054,MC Henriques,Delhi Daredevils,1,0.7666666666666667,0.8,0.6666666666666666,0.0
598054,R Rampaul,Delhi Daredevils,0,1.4166666666666667,1.4,1.0,1.0
598054,R Vinay Kumar,Delhi Daredevils,1,1.2211538461538463,1.4,0.9285714285714286,2.0
598054,S Kaul,Royal Challengers Bangalore,1,1.1454545454545455,0.75,1.0,0.0
598054,S Nadeem,Royal Challengers Bangalore,1,0.7714285714285715,0.4,1.0,1.0
598054,UT Yadav,Royal Challengers Bangalore,1,1.1088435374149659,1.0,1.0666666666666667,0.0
598055,AB Dinda,Mumbai Indians,2,1.0933333333333333,2.0,1.1538461538461537,2.0
598055,AN Ahmed,Pune Warriors,2,0.8823529411764706,1.4,2.0,1.0
598055,B Kumar,Mumbai Indians,0,1.1079545454545454,0.8,1.15,1.0
598055,GJ Maxwell,Pune Warriors,0,0.5189873417721519,0.6666666666666666,0.0,0.0
598055,Harbhajan Singh,Pune Warriors,2,1.00625,2.0,1.4,0.0
598055,KW Richardson,Mumbai Indians,1,1.4,0.6666666666666666,1.0,2.0
598055,MG Johnson,Pune Warriors,2,1.2222222222222223,2.0,2.5,1.0
598055,PP Ojha,Pune Warriors,0,1.1,1.4,1.3333333333333333,0.0
598055,Parvez Rasool,Mumbai Indians,0,0.36363636363636365,0.5,0.0,1.0
598055,SL Malinga,Pune Warriors,2,1.540983606557377,1.4,2.0,2.0
598055,Yuvraj Singh,Mumbai Indians,1,0.5342465753424658,0.4,0.6,0.0
598056,A Mishra,Kings XI Punjab,0,1.1296296296296295,0.6,1.15,0.0
598056,DJG Sammy,Kings XI Punjab,6,0.7368421052631579,1.8,3.5,0.0
598056,DW Steyn,Kings XI Punjab,2,1.105263157894737,0.8,0.6666666666666666,0.0
598056,GH Vihari,Kings XI Punjab,0,0.16666666666666666,0.2,0.0,0.0
598056,Harmeet Singh,Sunrisers Hyderabad,2,1.1071428571428572,0.8,2.0,3.0
598056,I Sharma,Kings XI Punjab,0,0.8727272727272727,0.8,0.5,1.0
598056,KV Sharma,Kings XI Punjab,0,1.0,0.2,0.75,3.0
598056,NLTC Perera,Kings XI Punjab,1,1.0277777777777777,1.4,0.6,0.0
598056,P Awana,Sunrisers Hyderabad,1,1.303030303030303,1.2,1.0,1.0
598056,P Kumar,Sunrisers Hyderabad,0,0.8571428571428571,0.2,0.7142857142857143,2.0
598056,PP Chawla,Sunrisers Hyderabad,1,1.0523560209424083,0.8,0.9473684210526315,0.0
598056,Sandeep Sharma,Sunrisers Hyderabad,3,1.2142857142857142,2.0,1.2727272727272727,2.0
598057,JD Unadkat,Kolkata Knight Riders,0,1.0480769230769231,1.2,0.5384615384615384,0.0
598057,JH Kallis,Royal Challengers Bangalore,2,0.8314606741573034,1.2,1.5,2.0
598057,L Balaji,Royal Challengers Bangalore,2,1.1643835616438356,1.4,1.5,1.0
598057,M Kartik,Kolkata Knight Riders,1,0.7090909090909091,0.8,1.0,2.0
598057,R Bhatia,Royal Challengers Bangalore,0,0.9010989010989011,0.6,0.25,0.0
598057,R Rampaul,Kolkata Knight Riders,1,1.4166666666666667,1.2,1.0,1.0
598057,R Vinay Kumar,Kolkata Knight Riders,2,1.2211538461538463,1.4,2.0,1.0
598057,RN ten Doeschate,Royal Challengers Bangalore,0,0.3,0.25,0.5,0.0
598057,SMSM Senanayake,Royal Challengers Bangalore,1,1.125,1.0,1.0,1.0
598057,SP Narine,Royal Challengers Bangalore,4,1.1428571428571428,1.6,1.2777777777777777,0.0
598057,YK Pathan,Royal Challengers Bangalore,0,0.5609756097560976,0.2,0.42857142857142855,0.0
598058,CH Morris,Rajasthan Royals,1,1.3209876543209877,0.8,1.2,0.0
598058,DJ Bravo,Rajasthan Royals,1,1.3101265822784811,1.4,1.3076923076923077,2.0
598058,JO Holder,Rajasthan Royals,2,1.2826086956521738,1.0,1.5,0.0
598058,JP Faulkner,Chennai Super Kings,0,1.2666666666666666,0.8,1.1666666666666667,3.0
598058,KK Cooper,Chennai Super Kings,2,1.44,1.4,1.25,2.0
598058,MM Sharma,Rajasthan Royals,1,1.3243243243243243,1.6,1.0,2.0
598058,R Ashwin,Rajasthan Royals,0,0.9519230769230769,0.8,1.1764705882352942,2.0
598058,RA Jadeja,Rajasthan Royals,0,0.8009478672985783,1.0,1.0476190476190477,3.0
598058,SK Trivedi,Chennai Super Kings,0,0.9733333333333334,0.4,0.45454545454545453,1.0
598058,SR Watson,Chennai Super Kings,1,1.019047619047619,0.8,0.7272727272727273,2.0
598058,STR Binny,Chennai Super Kings,1,0.4444444444444444,0.4,0.2857142857142857,0.0
598058,VS Malik,Chennai Super Kings,0,0.46153846153846156,0.2,0.0,2.0
598059,A Nehra,Kings XI Punjab,1,1.375,1.0,1.1428571428571428,1.0
598059,DJ Hussey,Delhi Daredevils,0,0.38461538461538464,0.0,0.3333333333333333,2.0
598059,IK Pathan,Kings XI Punjab,1,0.9801980198019802,1.2,0.6,0.0
598059,J Botha,Kings XI Punjab,1,0.7941176470588235,1.0,0.75,0.0
598059,P Awana,Delhi Daredevils,1,1.303030303030303,1.4,1.4,1.0
598059,P Kumar,Delhi Daredevils,2,0.8571428571428571,0.6,0.8571428571428571,0.0
598059,PP Chawla,Delhi Daredevils,0,1.0523560209424083,0.6,1.105263157894737,0.0
598059,RE van der Merwe,Kings XI Punjab,2,1.1904761904761905,1.4,2.0,1.0
598059,UT Yadav,Kings XI Punjab,0,1.1088435374149659,0.6,1.631578947368421,2.0
598060,A Mishra,Mumbai Indians,0,1.1296296296296295,0.2,1.1363636363636365,3.0
598060,DJG Sammy,Mumbai Indians,0,0.7368421052631579,1.8,0.5,0.0
598060,DS Kulkarni,Sunrisers Hyderabad,0,0.9891304347826086,1.8,0.5714285714285714,2.0
598060,DW Steyn,Mumbai Indians,0,1.105263157894737,0.8,1.1428571428571428,2.0
598060,Harbhajan Singh,Sunrisers Hyderabad,0,1.00625,1.4,0.6153846153846154,1.0
598060,I Sharma,Mumbai Indians,1,0.8727272727272727,0.6,1.1333333333333333,0.0
598060,KA Pollard,Sunrisers Hyderabad,0,0.7570093457943925,0.0,0.42857142857142855,1.0
598060,KV Sharma,Mumbai Indians,3,1.0,0.8,1.0,2.0
598060,MG Johnson,Sunrisers Hyderabad,1,1.2222222222222223,1.8,1.1666666666666667,2.0
598060,NLTC Perera,Mumbai Indians,0,1.0277777777777777,1.4,0.0,2.0
598060,PP Ojha,Sunrisers Hyderabad,0,1.1,1.0,0.25,1.0
598060,SL Malinga,Sunrisers Hyderabad,2,1.540983606557377,1.6,1.4444444444444444,1.0
598061,AD Mathews,Kolkata Knight Riders,1,0.6363636363636364,0.4,0.5,3.0
598061,AG Murtaza,Kolkata Knight Riders,0,1.0,0.4,0.0,3.0
598061,B Kumar,Kolkata Knight Riders,1,1.1079545454545454,1.0,1.1,0.0
598061,IC Pandey,Kolkata Knight Riders,1,0.7916666666666666,0.5,0.75,2.0
598061,JH Kallis,Pune Warriors,2,0.8314606741573034,1.4,1.25,0.0
598061,L Balaji,Pune Warriors,1,1.1643835616438356,1.4,1.75,2.0
598061,R Bhatia,Pune Warriors,0,0.9010989010989011,0.6,0.6,2.0
598061,RN ten Doeschate,Pune Warriors,0,0.3,0.2,0.0,0.0
598061,SP Narine,Pune Warriors,0,1.1428571428571428,1.6,1.25,1.0
598061,WD Parnell,Kolkata Knight Riders,3,1.2121212121212122,1.8,1.3333333333333333,1.0
598061,Yuvraj Singh,Kolkata Knight Riders,0,0.5342465753424658,0.2,0.3333333333333333,0.0
598062,A Nehra,Chennai Super Kings,1,1.375,0.8,1.625,1.0
598062,DJ Bravo,Delhi Daredevils,2,1.3101265822784811,1.6,0.8571428571428571,1.0
598062,IK Pathan,Chennai Super Kings,0,0.9801980198019802,0.8,1.0769230769230769,1.0
598062,J Botha,Chennai Super Kings,0,0.7941176470588235,0.8,0.5,0.0
598062,JA Morkel,Delhi Daredevils,3,1.103448275862069,1.0,0.9230769230769231,1.0
598062,JO Holder,Delhi Daredevils,0,1.2826086956521738,0.8,0.0,0.0
598062,MM Sharma,Delhi Daredevils,2,1.3243243243243243,1.4,1.1818181818181819,1.0
598062,R Ashwin,Delhi Daredevils,2,0.9519230769230769,1.0,1.4375,0.0
598062,S Kaul,Chennai Super Kings,0,1.1454545454545455,0.6,0.42857142857142855,2.0
598062,UT Yadav,Chennai Super Kings,2,1.1088435374149659,0.6,1.0555555555555556,1.0
598063,DS Kulkarni,Rajasthan Royals,2,0.9891304347826086,1.6,1.3333333333333333,0.0
598063,Harbhajan Singh,Rajasthan Royals,1,1.00625,1.4,1.0,1.0
598063,JP Faulkner,Mumbai Indians,3,1.2666666666666666,1.4,1.75,5.0
598063,KK Cooper,Mumbai Indians,2,1.44,1.8,1.3333333333333333,2.0
598063,MG Johnson,Rajasthan Royals,2,1.2222222222222223,2.0,1.3333333333333333,0.0
598063,PP Ojha,Rajasthan Royals,1,1.1,1.2,0.8461538461538461,0.0
598063,PV Tambe,Mumbai Indians,1,0.8484848484848485,0.5,1.0,0.0
598063,SL Malinga,Rajasthan Royals,1,1.540983606557377,1.8,0.9230769230769231,4.0
598063,SR Watson,Mumbai Indians,2,1.019047619047619,1.0,0.9333333333333333,1.0
598063,STR Binny,Mumbai Indians,0,0.4444444444444444,0.4,0.7272727272727273,0.0
598064,CH Gayle,Kings XI Punjab,0,0.5,0.6,0.5,0.0
598064,M Kartik,Kings XI Punjab,2,0.7090909090909091,1.2,0.6666666666666666,1.0
598064,MC Henriques,Kings XI Punjab,0,0.7666666666666667,0.6,0.9,1.0
598064,MS Gony,Royal Challengers Bangalore,2,0.8863636363636364,0.6,1.3333333333333333,0.0
598064,P Awana,Royal Challengers Bangalore,1,1.303030303030303,1.2,2.0,1.0
598064,P Kumar,Royal Challengers Bangalore,0,0.8571428571428571,0.4,0.4,1.0
598064,PP Chawla,Royal Challengers Bangalore,0,1.0523560209424083,0.4,0.8260869565217391,2.0
598064,R Rampaul,Kings XI Punjab,1,1.4166666666666667,1.0,1.0,1.0
598064,R Vinay Kumar,Kings XI Punjab,1,1.2211538461538463,1.0,0.45454545454545453,1.0
598064,RP Singh,Kings XI Punjab,0,1.2195121951219512,1.2,1.0,0.0
598065,A Mishra,Rajasthan Royals,3,1.1296296296296295,0.6,1.619047619047619,2.0
598065,DJG Sammy,Rajasthan Royals,0,0.7368421052631579,1.8,0.5,0.0
598065,DW Steyn,Rajasthan Royals,2,1.105263157894737,0.8,1.1818181818181819,2.0
598065,I Sharma,Rajasthan Royals,0,0.8727272727272727,0.4,1.0,1.0
598065,JP Faulkner,Sunrisers Hyderabad,5,1.2666666666666666,2.0,1.875,2.0
598065,KK Cooper,Sunrisers Hyderabad,2,1.44,2.0,1.0,0.0
598065,KV Sharma,Rajasthan Royals,2,1.0,1.2,1.0909090909090908,1.0
598065,NLTC Perera,Rajasthan Royals,2,1.0277777777777777,1.4,1.0,1.0
598065,PV Tambe,Sunrisers Hyderabad,0,0.8484848484848485,0.3333333333333333,0.6666666666666666,0.0
598065,SK Trivedi,Sunrisers Hyderabad,1,0.9733333333333334,0.6,0.6666666666666666,1.0
598065,SR Watson,Sunrisers Hyderabad,1,1.019047619047619,1.2,1.1818181818181819,2.0
598065,STR Binny,Sunrisers Hyderabad,0,0.4444444444444444,0.4,0.2857142857142857,0.0
598066,Azhar Mahmood,Mumbai Indians,2,1.3478260869565217,1.4,1.0,1.0
598066,DS Kulkarni,Kings XI Punjab,0,0.9891304347826086,1.0,1.0909090909090908,2.0
598066,GJ Maxwell,Kings XI Punjab,0,0.5189873417721519,0.5,0.0,0.0
598066,Harbhajan Singh,Kings XI Punjab,1,1.00625,1.4,1.0909090909090908,0.0
598066,KA Pollard,Kings XI Punjab,1,0.7570093457943925,0.2,0.38461538461538464,1.0
598066,NM Coulter-Nile,Kings XI Punjab,1,1.368421052631579,1.0,1.25,2.0
598066,P Awana,Mumbai Indians,1,1.303030303030303,0.8,1.5,1.0
598066,P Kumar,Mumbai Indians,1,0.8571428571428571,0.6,0.8125,2.0
598066,PP Chawla,Mumbai Indians,2,1.0523560209424083,0.8,1.3333333333333333,1.0
598066,R Dhawan,Kings XI Punjab,1,0.75,0.3333333333333333,1.0,0.0
598066,RG Sharma,Kings XI Punjab,0,0.5,0.0,0.5714285714285714,1.0
598066,SL Malinga,Kings XI Punjab,4,1.540983606557377,2.2,1.9285714285714286,0.0
598066,Sandeep Sharma,Mumbai Indians,2,1.2142857142857142,2.0,1.5,1.0
598067,AB Dinda,Delhi Daredevils,2,1.0933333333333333,1.8,1.4,0.0
598067,AD Mathews,Delhi Daredevils,3,0.6363636363636364,1.0,0.75,1.0
598067,B Kumar,Delhi Daredevils,0,1.1079545454545454,1.0,0.4166666666666667,1.0
598067,IK Pathan,Pune Warriors,1,0.9801980198019802,0.6,0.8,0.0
598067,M Morkel,Pune Warriors,0,1.2571428571428571,0.2,1.0,1.0
598067,S Kaul,Pune Warriors,2,1.1454545454545455,0.8,2.0,0.0
598067,S Nadeem,Pune Warriors,1,0.7714285714285715,0.6,0.6,0.0
598067,UT Yadav,Pune Warriors,1,1.1088435374149659,0.8,0.6,1.0
598067,WD Parnell,Delhi Daredevils,1,1.2121212121212122,1.8,0.5,0.0
598067,Yuvraj Singh,Delhi Daredevils,0,0.5342465753424658,0.2,0.5714285714285714,0.0
598068,CH Morris,Royal Challengers Bangalore,0,1.3209876543209877,0.4,1.0,1.0
598068,DJ Bravo,Royal Challengers Bangalore,1,1.3101265822784811,1.2,1.0434782608695652,3.0
598068,JD Unadkat,Chennai Super Kings,0,1.0480769230769231,1.2,0.7692307692307693,1.0
598068,JO Holder,Royal Challengers Bangalore,0,1.2826086956521738,0.8,1.7142857142857142,1.0
598068,MM Sharma,Royal Challengers Bangalore,1,1.3243243243243243,1.2,0.5,2.0
598068,R Ashwin,Royal Challengers Bangalore,0,0.9519230769230769,0.8,0.8461538461538461,0.0
598068,R Rampaul,Chennai Super Kings,1,1.4166666666666667,1.0,1.6666666666666667,1.0
598068,R Vinay Kumar,Chennai Super Kings,1,1.2211538461538463,1.2,1.0588235294117647,0.0
598068,RP Singh,Chennai Super Kings,0,1.2195121951219512,1.0,0.9230769230769231,1.0
598068,Z Khan,Chennai Super Kings,4,1.202020202020202,2.2,1.3333333333333333,1.0
598069,A Mishra,Kolkata Knight Riders,2,1.1296296296296295,1.0,1.0,1.0
598069,DJG Sammy,Kolkata Knight Riders,0,0.7368421052631579,1.2,0.0,2.0
598069,DW Steyn,Kolkata Knight Riders,2,1.105263157894737,1.2,1.0769230769230769,1.0
598069,Iqbal Abdulla,Sunrisers Hyderabad,3,0.9375,1.4,1.5,0.0
598069,JH Kallis,Sunrisers Hyderabad,0,0.8314606741573034,1.2,1.5,0.0
598069,KV Sharma,Kolkata Knight Riders,1,1.0,1.2,1.3333333333333333,1.0
598069,Mohammed Shami,Sunrisers Hyderabad,1,1.309090909090909,0.3333333333333333,1.2857142857142858,1.0
598069,NLTC Perera,Kolkata Knight Riders,1,1.0277777777777777,1.4,1.0,0.0
598069,PJ Sangwan,Sunrisers Hyderabad,0,1.0476190476190477,0.6,0.0,0.0
598069,SP Narine,Sunrisers Hyderabad,1,1.1428571428571428,1.6,0.64,4.0
598069,YK Pathan,Sunrisers Hyderabad,0,0.5609756097560976,0.2,0.125,0.0
598070,CH Morris,Mumbai Indians,1,1.3209876543209877,0.6,1.3,2.0
598070,DJ Bravo,Mumbai Indians,3,1.3101265822784811,1.6,1.6363636363636365,4.0
598070,Harbhajan Singh,Chennai Super Kings,0,1.00625,0.8,1.1428571428571428,3.0
598070,JA Morkel,Mumbai Indians,1,1.103448275862069,1.0,1.0909090909090908,2.0
598070,KA Pollard,Chennai Super Kings,1,0.7570093457943925,0.4,0.9375,2.0
598070,MG Johnson,Chennai Super Kings,0,1.2222222222222223,1.4,1.0,0.0
598070,MM Patel,Chennai Super Kings,0,1.3015873015873016,0.8,1.125,1.0
598070,MM Sharma,Mumbai Indians,2,1.3243243243243243,1.6,1.75,1.0
598070,PP Ojha,Chennai Super Kings,0,1.1,0.6,1.5333333333333334,0.0
598070,R Ashwin,Mumbai Indians,0,0.9519230769230769,0.6,0.7941176470588235,0.0
598070,RA Jadeja,Mumbai Indians,3,0.8009478672985783,1.6,0.6451612903225806,0.0
598070,SL Malinga,Chennai Super Kings,0,1.540983606557377,1.8,1.7619047619047619,1.0
598071,A Mishra,Rajasthan Royals,1,1.1296296296296295,1.2,1.619047619047619,2.0
598071,DJG Sammy,Rajasthan Royals,2,0.7368421052631579,1.6,0.5,0.0
598071,DW Steyn,Rajasthan Royals,1,1.105263157894737,1.4,1.1818181818181819,2.0
598071,I Sharma,Rajasthan Royals,1,0.8727272727272727,0.4,1.0,1.0
598071,JP Faulkner,Sunrisers Hyderabad,2,1.2666666666666666,2.2,1.875,1.0
598071,KK Cooper,Sunrisers Hyderabad,0,1.44,1.8,1.0,2.0
598071,KV Sharma,Rajasthan Royals,1,1.0,1.4,1.0909090909090908,0.0
598071,NLTC Perera,Rajasthan Royals,0,1.0277777777777777,0.8,1.0,1.0
598071,SK Trivedi,Sunrisers Hyderabad,1,0.9733333333333334,0.6,0.6666666666666666,1.0
598071,SR Watson,Sunrisers Hyderabad,2,1.019047619047619,1.4,1.1818181818181819,1.0
598071,STR Binny,Sunrisers Hyderabad,0,0.4444444444444444,0.4,0.2857142857142857,1.0
598071,VS Malik,Sunrisers Hyderabad,2,0.46153846153846156,0.6,2.0,0.0
598072,Harbhajan Singh,Rajasthan Royals,3,1.00625,1.0,1.0,2.0
598072,JP Faulkner,Mumbai Indians,1,1.2666666666666666,2.2,1.75,0.0
598072,KA Pollard,Rajasthan Royals,2,0.7570093457943925,0.8,0.9285714285714286,1.0
598072,KK Cooper,Mumbai Indians,2,1.44,1.6,1.3333333333333333,1.0
598072,MG Johnson,Rajasthan Royals,0,1.2222222222222223,1.0,1.3333333333333333,2.0
598072,PP Ojha,Rajasthan Royals,0,1.1,0.2,0.8461538461538461,1.0
598072,R Dhawan,Rajasthan Royals,0,0.75,0.25,0.75,1.0
598072,SL Malinga,Rajasthan Royals,1,1.540983606557377,1.6,0.9230769230769231,2.0
598072,SR Watson,Mumbai Indians,1,1.019047619047619,1.4,0.9333333333333333,0.0
598072,STR Binny,Mumbai Indians,1,0.4444444444444444,0.4,0.7272727272727273,0.0
598072,VS Malik,Mumbai Indians,0,0.46153846153846156,0.6,0.3333333333333333,1.0
598073,CH Morris,Mumbai Indians,2,1.3209876543209877,1.0,1.3,0.0
598073,DJ Bravo,Mumbai Indians,4,1.3101265822784811,2.2,1.6363636363636365,2.0
598073,Harbhajan Singh,Chennai Super Kings,2,1.00625,1.4,1.1428571428571428,0.0
598073,JA Morkel,Mumbai Indians,2,1.103448275862069,1.4,1.0909090909090908,1.0
598073,KA Pollard,Chennai Super Kings,1,0.7570093457943925,1.0,0.9375,0.0
598073,MG Johnson,Chennai Super Kings,2,1.2222222222222223,1.0,1.0,0.0
598073,MM Sharma,Mumbai Indians,1,1.3243243243243243,1.4,1.75,0.0
598073,PP Ojha,Chennai Super Kings,1,1.1,0.4,1.5333333333333334,0.0
598073,R Ashwin,Mumbai Indians,0,0.9519230769230769,0.4,0.7941176470588235,2.0
598073,R Dhawan,Chennai Super Kings,1,0.75,0.4,1.0,0.0
598073,RA Jadeja,Mumbai Indians,0,0.8009478672985783,1.4,0.6451612903225806,0.0
598073,SL Malinga,Chennai Super Kings,2,1.540983606557377,1.6,1.7619047619047619,4.0
729279,CJ Anderson,Kolkata Knight Riders,0,0.6363636363636364,0.0,0.6666666666666666,0.0
729279,Harbhajan Singh,Kolkata Knight Riders,0,1.00625,1.2,0.8947368421052632,0.0
729279,JH Kallis,Mumbai Indians,0,0.8314606741573034,1.2,0.7272727272727273,1.0
729279,KA Pollard,Kolkata Knight Riders,0,0.7570093457943925,1.0,0.45454545454545453,0.0
729279,M Morkel,Mumbai Indians,1,1.2571428571428571,0.4,1.4444444444444444,2.0
729279,PP Chawla,Mumbai Indians,1,1.0523560209424083,0.8,1.3333333333333333,1.0
729279,PP Ojha,Kolkata Knight Riders,0,1.1,0.4,0.8571428571428571,0.0
729279,R Vinay Kumar,Mumbai Indians,0,1.2211538461538463,1.0,1.1538461538461537,1.0
729279,SL Malinga,Kolkata Knight Riders,4,1.540983606557377,2.2,1.3529411764705883,1.0
729279,SP Narine,Mumbai Indians,4,1.1428571428571428,2.2,1.2173913043478262,1.0
729279,Shakib Al Hasan,Mumbai Indians,1,1.0142857142857142,1.2,1.0833333333333333,0.0
729279,Z Khan,Kolkata Knight Riders,1,1.202020202020202,2.2,1.4,2.0
729281,AB Dinda,Delhi Daredevils,0,1.0933333333333333,1.2,1.4,1.0
729281,JA Morkel,Delhi Daredevils,1,1.103448275862069,1.4,0.9230769230769231,1.0
729281,JDS Neesham,Royal Challengers Bangalore,0,0.6153846153846154,0.0,0.0,0.0
729281,JP Duminy,Royal Challengers Bangalore,0,0.46938775510204084,0.2,0.0,0.0
729281,MA Starc,Delhi Daredevils,1,1.5128205128205128,1.0,1.75,3.0
729281,Mohammed Shami,Royal Challengers Bangalore,1,1.309090909090909,0.5,1.3076923076923077,1.0
729281,R Sharma,Royal Challengers Bangalore,1,0.9545454545454546,0.6,0.8333333333333334,0.0
729281,S Nadeem,Royal Challengers Bangalore,0,0.7714285714285715,0.6,1.0,1.0
729281,VR Aaron,Delhi Daredevils,1,0.92,1.0,1.75,2.0
729281,WD Parnell,Royal Challengers Bangalore,0,1.2121212121212122,1.4,0.0,0.0
729281,YS Chahal,Delhi Daredevils,1,1.3396226415094339,0.5,1.4444444444444444,2.0
729281,Yuvraj Singh,Delhi Daredevils,0,0.5342465753424658,0.2,0.5714285714285714,0.0
729283,A Nehra,Kings XI Punjab,1,1.375,1.0,1.1428571428571428,3.0
729283,AR Patel,Chennai Super Kings,1,0.8851351351351351,1.0,0.7647058823529411,1.0
729283,DR Smith,Kings XI Punjab,1,0.5869565217391305,0.6,0.75,1.0
729283,GJ Maxwell,Chennai Super Kings,0,0.5189873417721519,0.4,0.75,0.0
729283,L Balaji,Chennai Super Kings,2,1.1643835616438356,1.6,1.1666666666666667,0.0
729283,MG Johnson,Chennai Super Kings,0,1.2222222222222223,0.8,1.0,1.0
729283,MM Sharma,Kings XI Punjab,0,1.3243243243243243,1.2,1.3333333333333333,1.0
729283,P Awana,Chennai Super Kings,1,1.303030303030303,1.0,1.1666666666666667,2.0
729283,P Negi,Kings XI Punjab,0,0.9047619047619048,0.4,0.8333333333333334,1.0
729283,R Ashwin,Kings XI Punjab,2,0.9519230769230769,0.8,1.1764705882352942,2.0
729283,R Dhawan,Chennai Super Kings,0,0.75,0.4,1.0,1.0
729283,RA Jadeja,Kings XI Punjab,0,0.8009478672985783,0.8,0.7777777777777778,2.0
729285,A Mishra,Rajasthan Royals,2,1.1296296296296295,1.6,1.619047619047619,2.0
729285,B Kumar,Rajasthan Royals,1,1.1079545454545454,1.0,1.0555555555555556,3.0
729285,DJG Sammy,Rajasthan Royals,0,0.7368421052631579,0.4,0.5,1.0
729285,DS Kulkarni,Sunrisers Hyderabad,2,0.9891304347826086,1.0,0.5714285714285714,1.0
729285,DW Steyn,Rajasthan Royals,2,1.105263157894737,1.4,1.1818181818181819,0.0
729285,I Sharma,Rajasthan Royals,1,0.8727272727272727,0.6,1.0,2.0
729285,JP Faulkner,Sunrisers Hyderabad,0,1.2666666666666666,2.2,1.875,1.0
729285,KV Sharma,Rajasthan Royals,0,1.0,1.4,1.0909090909090908,0.0
729285,KW Richardson,Sunrisers Hyderabad,2,1.4,1.0,1.3333333333333333,1.0
729285,PV Tambe,Sunrisers Hyderabad,0,0.8484848484848485,0.25,0.6666666666666666,0.0
729285,R Bhatia,Sunrisers Hyderabad,2,0.9010989010989011,0.8,1.4,0.0
729285,STR Binny,Sunrisers Hyderabad,0,0.4444444444444444,0.2,0.2857142857142857,0.0
729287,AB Dinda,Mumbai Indians,1,1.0933333333333333,1.4,1.1538461538461537,0.0
729287,Harbhajan Singh,Royal Challengers Bangalore,0,1.00625,1.0,1.0869565217391304,2.0
729287,JA Morkel,Mumbai Indians,1,1.103448275862069,1.6,1.0909090909090908,1.0
729287,JJ Bumrah,Royal Challengers Bangalore,0,1.368421052631579,1.0,1.6111111111111112,0.0
729287,MA Starc,Mumbai Indians,3,1.5128205128205128,2.0,1.8,2.0
729287,PP Ojha,Royal Challengers Bangalore,0,1.1,0.2,1.4444444444444444,1.0
729287,SL Malinga,Royal Challengers Bangalore,1,1.540983606557377,1.6,0.9375,0.0
729287,VR Aaron,Mumbai Indians,2,0.92,1.2,1.0,3.0
729287,YS Chahal,Mumbai Indians,2,1.3396226415094339,1.0,1.5,1.0
729287,Yuvraj Singh,Mumbai Indians,0,0.5342465753424658,0.2,0.6,0.0
729287,Z Khan,Royal Challengers Bangalore,2,1.202020202020202,2.0,1.3,0.0
729289,JD Unadkat,Kolkata Knight Riders,1,1.0480769230769231,1.2,0.5384615384615384,3.0
729289,JDS Neesham,Kolkata Knight Riders,0,0.6153846153846154,0.0,0.0,1.0
729289,JH Kallis,Delhi Daredevils,1,0.8314606741573034,1.0,0.8571428571428571,1.0
729289,JP Duminy,Kolkata Knight Riders,0,0.46938775510204084,0.2,0.14285714285714285,0.0
729289,M Morkel,Delhi Daredevils,2,1.2571428571428571,0.6,2.0,0.0
729289,Mohammed Shami,Kolkata Knight Riders,1,1.309090909090909,0.6,1.2857142857142858,2.0
729289,NM Coulter-Nile,Kolkata Knight Riders,2,1.368421052631579,1.5,1.0,3.0
729289,PP Chawla,Delhi Daredevils,1,1.0523560209424083,0.8,1.105263157894737,3.0
729289,R Vinay Kumar,Delhi Daredevils,1,1.2211538461538463,1.0,0.9285714285714286,2.0
729289,S Nadeem,Kolkata Knight Riders,1,0.7714285714285715,0.6,0.75,1.0
729289,SP Narine,Delhi Daredevils,1,1.1428571428571428,2.0,1.7692307692307692,1.0
729289,Shakib Al Hasan,Delhi Daredevils,0,1.0142857142857142,1.0,1.0,1.0
729291,AR Patel,Rajasthan Royals,1,0.8851351351351351,1.0,1.0,2.0
729291,DS Kulkarni,Kings XI Punjab,1,0.9891304347826086,1.0,1.0909090909090908,0.0
729291,JP Faulkner,Kings XI Punjab,1,1.2666666666666666,1.8,1.0,1.0
729291,KW Richardson,Kings XI Punjab,1,1.4,1.0,1.0,2.0
729291,L Balaji,Rajasthan Royals,0,1.1643835616438356,1.6,1.0,4.0
729291,M Kartik,Rajasthan Royals,1,0.7090909090909091,1.0,0.5,1.0
729291,MG Johnson,Rajasthan Royals,1,1.2222222222222223,0.6,1.3333333333333333,2.0
729291,P Awana,Rajasthan Royals,2,1.303030303030303,1.2,0.75,1.0
729291,PV Tambe,Kings XI Punjab,0,0.8484848484848485,0.2,0.25,1.0
729291,R Bhatia,Kings XI Punjab,0,0.9010989010989011,0.6,0.7272727272727273,3.0
729291,STR Binny,Kings XI Punjab,0,0.4444444444444444,0.2,0.375,1.0
729293,BW Hilfenhaus,Delhi Daredevils,1,1.3529411764705883,1.2,1.5,1.0
729293,DR Smith,Delhi Daredevils,1,0.5869565217391305,0.8,0.4,1.0
729293,IC Pandey,Delhi Daredevils,2,0.7916666666666666,1.0,1.25,2.0
729293,JD Unadkat,Chennai Super Kings,3,1.0480769230769231,1.8,0.7692307692307693,0.0
729293,JDS Neesham,Chennai Super Kings,1,0.6153846153846154,0.3333333333333333,0.3333333333333333,0.0
729293,JP Duminy,Chennai Super Kings,0,0.46938775510204084,0.0,0.25,0.0
729293,M Vijay,Chennai Super Kings,0,0.0,0.0,0.0,0.0
729293,MM Sharma,Delhi Daredevils,1,1.3243243243243243,1.0,1.1818181818181819,1.0
729293,Mohammed Shami,Chennai Super Kings,2,1.309090909090909,1.0,1.0,0.0
729293,R Ashwin,Delhi Daredevils,2,0.9519230769230769,0.8,1.4375,2.0
729293,RA Jadeja,Delhi Daredevils,2,0.8009478672985783,1.0,0.7058823529411765,4.0
729293,S Nadeem,Chennai Super Kings,1,0.7714285714285715,0.8,0.25,1.0
729295,A Mishra,Kings XI Punjab,2,1.1296296296296295,2.0,1.15,0.0
729295,AR Patel,Sunrisers Hyderabad,2,0.8851351351351351,1.3333333333333333,0.8947368421052632,2.0
729295,B Kumar,Kings XI Punjab,3,1.1079545454545454,1.0,1.5714285714285714,0.0
729295,DJG Sammy,Kings XI Punjab,1,0.7368421052631579,0.6,3.5,1.0
729295,DW Steyn,Kings XI Punjab,0,1.105263157894737,1.4,0.6666666666666666,2.0
729295,GJ Maxwell,Sunrisers Hyderabad,0,0.5189873417721519,0.4,0.5555555555555556,0.0
729295,IK Pathan,Kings XI Punjab,0,0.9801980198019802,0.6,0.6,2.0
729295,KV Sharma,Kings XI Punjab,0,1.0,0.8,0.75,1.0
729295,L Balaji,Sunrisers Hyderabad,4,1.1643835616438356,1.8,2.0,1.0
729295,MG Johnson,Sunrisers Hyderabad,2,1.2222222222222223,1.0,1.1666666666666667,2.0
729295,R Dhawan,Sunrisers Hyderabad,1,0.75,0.6,0.8,2.0
729295,Sandeep Sharma,Sunrisers Hyderabad,1,1.2142857142857142,1.8,1.2727272727272727,3.0
729297,BW Hilfenhaus,Rajasthan Royals,1,1.3529411764705883,1.2,1.5,2.0
729297,DS Kulkarni,Chennai Super Kings,0,0.9891304347826086,1.0,1.25,0.0
729297,IC Pandey,Rajasthan Royals,2,0.7916666666666666,1.25,0.6666666666666666,0.0
729297,JP Faulkner,Chennai Super Kings,1,1.2666666666666666,1.0,1.1666666666666667,5.0
729297,MM Sharma,Rajasthan Royals,1,1.3243243243243243,1.0,1.0,5.0
729297,PV Tambe,Chennai Super Kings,1,0.8484848484848485,0.4,0.5,4.0
729297,R Ashwin,Rajasthan Royals,2,0.9519230769230769,1.2,1.1764705882352942,0.0
729297,R Bhatia,Chennai Super Kings,3,0.9010989010989011,1.0,0.8461538461538461,1.0
729297,RA Jadeja,Rajasthan Royals,4,0.8009478672985783,1.8,1.0476190476190477,0.0
729297,SK Raina,Rajasthan Royals,0,0.43478260869565216,0.4,0.75,0.0
729297,SR Watson,Chennai Super Kings,0,1.019047619047619,1.2,0.7272727272727273,1.0
729297,STR Binny,Chennai Super Kings,1,0.4444444444444444,0.4,0.2857142857142857,2.0
729297,TG Southee,Chennai Super Kings,0,1.0555555555555556,0.6,0.0,0.0
729299,AB Dinda,Kolkata Knight Riders,0,1.0933333333333333,1.0,0.25,0.0
729299,JA Morkel,Kolkata Knight Riders,1,1.103448275862069,1.2,0.6666666666666666,0.0
729299,JH Kallis,Royal Challengers Bangalore,1,0.8314606741573034,0.8,1.5,1.0
729299,M Morkel,Royal Challengers Bangalore,0,1.2571428571428571,0.6,1.0909090909090908,2.0
729299,M Muralitharan,Kolkata Knight Riders,0,1.0151515151515151,0.4,0.7,2.0
729299,MA Starc,Kolkata Knight Riders,2,1.5128205128205128,2.0,1.3333333333333333,2.0
729299,R Vinay Kumar,Royal Challengers Bangalore,2,1.2211538461538463,1.0,1.2,3.0
729299,SP Narine,Royal Challengers Bangalore,1,1.1428571428571428,1.4,1.2777777777777777,3.0
729299,UT Yadav,Royal Challengers Bangalore,1,1.1088435374149659,1.0,1.0666666666666667,0.0
729299,VR Aaron,Kolkata Knight Riders,3,0.92,1.8,1.1111111111111112,2.0
729299,YS Chahal,Kolkata Knight Riders,1,1.3396226415094339,1.0,1.3181818181818181,1.0
729301,A Mishra,Delhi Daredevils,0,1.1296296296296295,1.4,0.75,0.0
729301,B Kumar,Delhi Daredevils,0,1.1079545454545454,1.0,0.4166666666666667,2.0
729301,DJG Sammy,Delhi Daredevils,1,0.7368421052631579,0.8,2.0,1.0
729301,DW Steyn,Delhi Daredevils,2,1.105263157894737,1.4,1.6363636363636365,0.0
729301,JD Unadkat,Sunrisers Hyderabad,0,1.0480769230769231,0.8,1.3333333333333333,3.0
729301,JP Duminy,Sunrisers Hyderabad,0,0.46938775510204084,0.0,1.0,0.0
729301,KV Sharma,Delhi Daredevils,1,1.0,0.6,1.1428571428571428,1.0
729301,LR Shukla,Sunrisers Hyderabad,0,0.6296296296296297,0.4,0.0,0.0
729301,Mohammed Shami,Sunrisers Hyderabad,0,1.309090909090909,1.0,1.2857142857142858,2.0
729301,S Nadeem,Sunrisers Hyderabad,1,0.7714285714285715,0.8,0.75,1.0
729301,WD Parnell,Sunrisers Hyderabad,0,1.2121212121212122,0.8,0.0,1.0
729301,Y Venugopal Rao,Delhi Daredevils,0,0.35,0.0,0.0,0.0
729303,BW Hilfenhaus,Mumbai Indians,2,1.3529411764705883,1.4,1.6666666666666667,2.0
729303,CJ Anderson,Chennai Super Kings,0,0.6363636363636364,0.0,0.25,1.0
729303,Harbhajan Singh,Chennai Super Kings,2,1.00625,1.4,1.1428571428571428,0.0
729303,IC Pandey,Mumbai Indians,0,0.7916666666666666,1.0,0.5,0.0
729303,KA Pollard,Chennai Super Kings,0,0.7570093457943925,0.8,0.9375,0.0
729303,MM Sharma,Mumbai Indians,5,1.3243243243243243,1.6,1.75,2.0
729303,PP Ojha,Chennai Super Kings,1,1.1,0.4,1.5333333333333334,0.0
729303,R Ashwin,Mumbai Indians,0,0.9519230769230769,1.2,0.7941176470588235,0.0
729303,RA Jadeja,Mumbai Indians,0,0.8009478672985783,1.2,0.6451612903225806,0.0
729303,SK Raina,Mumbai Indians,0,0.43478260869565216,0.2,0.5714285714285714,0.0
729303,SL Malinga,Chennai Super Kings,0,1.540983606557377,1.6,1.7619047619047619,2.0
729303,Z Khan,Chennai Super Kings,0,1.202020202020202,1.6,1.3333333333333333,0.0
729305,AB Dinda,Rajasthan Royals,0,1.0933333333333333,0.6,0.7777777777777778,1.0
729305,KW Richardson,Royal Challengers Bangalore,2,1.4,1.4,2.0,2.0
729305,MA Starc,Rajasthan Royals,2,1.5128205128205128,2.0,1.4,0.0
729305,PV Tambe,Royal Challengers Bangalore,4,0.8484848484848485,1.0,1.0,2.0
729305,R Bhatia,Royal Challengers Bangalore,1,0.9010989010989011,1.2,0.25,1.0
729305,R Rampaul,Rajasthan Royals,1,1.4166666666666667,0.8,1.6666666666666667,1.0
729305,SR Watson,Royal Challengers Bangalore,1,1.019047619047619,1.0,1.0,0.0
729305,STR Binny,Royal Challengers Bangalore,2,0.4444444444444444,0.8,0.8,0.0
729305,TG Southee,Royal Challengers Bangalore,0,1.0555555555555556,0.4,1.0,0.0
729305,YS Chahal,Rajasthan Royals,1,1.3396226415094339,1.0,1.5,2.0
729307,AR Patel,Kolkata Knight Riders,2,0.8851351351351351,1.5,0.7619047619047619,0.0
729307,JH Kallis,Kings XI Punjab,1,0.8314606741573034,0.6,0.9090909090909091,0.0
729307,L Balaji,Kolkata Knight Riders,1,1.1643835616438356,1.6,1.0,1.0
729307,M Morkel,Kings XI Punjab,2,1.2571428571428571,1.0,1.6666666666666667,1.0
729307,MG Johnson,Kolkata Knight Riders,2,1.2222222222222223,1.4,1.5555555555555556,2.0
729307,PP Chawla,Kings XI Punjab,3,1.0523560209424083,1.4,1.0714285714285714,0.0
729307,R Dhawan,Kolkata Knight Riders,2,0.75,0.8,0.4,2.0
729307,SP Narine,Kings XI Punjab,3,1.1428571428571428,2.0,1.631578947368421,0.0
729307,Sandeep Sharma,Kolkata Knight Riders,3,1.2142857142857142,1.8,0.8571428571428571,3.0
729307,UT Yadav,Kings XI Punjab,0,1.1088435374149659,0.8,1.631578947368421,0.0
729309,CJ Anderson,Delhi Daredevils,1,0.6363636363636364,0.3333333333333333,1.0,2.0
729309,Harbhajan Singh,Delhi Daredevils,0,1.00625,0.8,1.1578947368421053,0.0
729309,JD Unadkat,Mumbai Indians,3,1.0480769230769231,1.4,1.2666666666666666,0.0
729309,JP Duminy,Mumbai Indians,0,0.46938775510204084,0.0,0.4,0.0
729309,LR Shukla,Mumbai Indians,0,0.6296296296296297,0.2,0.75,1.0
729309,Mohammed Shami,Mumbai Indians,2,1.309090909090909,1.2,1.2857142857142858,1.0
729309,PP Ojha,Delhi Daredevils,0,1.1,0.4,1.0833333333333333,0.0
729309,RG Sharma,Delhi Daredevils,1,0.5,0.2,0.25,0.0
729309,S Nadeem,Mumbai Indians,1,0.7714285714285715,0.8,0.9090909090909091,1.0
729309,SL Malinga,Delhi Daredevils,2,1.540983606557377,1.8,1.8333333333333333,1.0
729309,WD Parnell,Mumbai Indians,1,1.2121212121212122,1.0,1.2,1.0
729309,Z Khan,Delhi Daredevils,0,1.202020202020202,1.4,0.875,2.0
729311,A Mishra,Chennai Super Kings,0,1.1296296296296295,1.0,0.875,0.0
729311,B Kumar,Chennai Super Kings,2,1.1079545454545454,1.2,0.7,2.0
729311,BW Hilfenhaus,Sunrisers Hyderabad,2,1.3529411764705883,1.6,2.0,1.0
729311,DR Smith,Sunrisers Hyderabad,1,0.5869565217391305,1.0,0.6666666666666666,0.0
729311,DW Steyn,Chennai Super Kings,0,1.105263157894737,1.0,0.8333333333333334,2.0
729311,I Sharma,Chennai Super Kings,2,0.8727272727272727,1.0,0.5,0.0
729311,IC Pandey,Sunrisers Hyderabad,0,0.7916666666666666,1.0,0.5,0.0
729311,KV Sharma,Chennai Super Kings,1,1.0,0.6,0.625,0.0
729311,MM Sharma,Sunrisers Hyderabad,2,1.3243243243243243,1.8,1.7692307692307692,3.0
729311,R Ashwin,Sunrisers Hyderabad,0,0.9519230769230769,1.2,0.65,1.0
729311,RA Jadeja,Sunrisers Hyderabad,0,0.8009478672985783,1.2,0.43478260869565216,4.0
729313,AB Dinda,Kings XI Punjab,1,1.0933333333333333,0.4,0.75,1.0
729313,AR Patel,Royal Challengers Bangalore,0,0.8851351351351351,1.2,1.0555555555555556,0.0
729313,GJ Maxwell,Royal Challengers Bangalore,0,0.5189873417721519,0.0,0.75,1.0
729313,JA Morkel,Kings XI Punjab,0,1.103448275862069,1.0,1.2727272727272727,1.0
729313,L Balaji,Royal Challengers Bangalore,1,1.1643835616438356,1.6,1.5,1.0
729313,MA Starc,Kings XI Punjab,0,1.5128205128205128,1.6,1.75,2.0
729313,MG Johnson,Royal Challengers Bangalore,2,1.2222222222222223,1.4,0.7142857142857143,0.0
729313,R Dhawan,Royal Challengers Bangalore,2,0.75,1.2,1.3333333333333333,2.0
729313,Sandeep Sharma,Royal Challengers Bangalore,3,1.2142857142857142,2.4,1.6666666666666667,2.0
729313,VR Aaron,Kings XI Punjab,2,0.92,2.0,0.6666666666666666,2.0
729313,YS Chahal,Kings XI Punjab,2,1.3396226415094339,1.4,1.6428571428571428,0.0
729313,Yuvraj Singh,Kings XI Punjab,0,0.5342465753424658,0.0,0.16666666666666666,0.0
729315,Iqbal Abdulla,Kolkata Knight Riders,0,0.9375,1.4,1.0,0.0
729315,JH Kallis,Rajasthan Royals,0,0.8314606741573034,0.6,0.6363636363636364,0.0
729315,JP Faulkner,Kolkata Knight Riders,5,1.2666666666666666,1.6,1.4,2.0
729315,KW Richardson,Kolkata Knight Riders,2,1.4,1.6,2.0,1.0
729315,M Morkel,Rajasthan Royals,1,1.2571428571428571,1.2,0.6666666666666666,2.0
729315,PP Chawla,Rajasthan Royals,0,1.0523560209424083,1.4,1.0909090909090908,0.0
729315,PV Tambe,Kolkata Knight Riders,2,0.8484848484848485,1.4,1.6666666666666667,2.0
729315,R Bhatia,Kolkata Knight Riders,1,0.9010989010989011,1.4,0.7142857142857143,0.0
729315,R Vinay Kumar,Rajasthan Royals,3,1.2211538461538463,1.4,1.0714285714285714,0.0
729315,SP Narine,Rajasthan Royals,0,1.1428571428571428,1.8,0.7894736842105263,0.0
729315,SR Watson,Kolkata Knight Riders,0,1.019047619047619,0.8,1.0,0.0
729315,STR Binny,Kolkata Knight Riders,0,0.4444444444444444,0.6,0.2857142857142857,0.0
729315,Shakib Al Hasan,Rajasthan Royals,1,1.0142857142857142,0.8,1.3,2.0
729317,A Mishra,Mumbai Indians,0,1.1296296296296295,0.8,1.1363636363636365,0.0
729317,B Kumar,Mumbai Indians,2,1.1079545454545454,1.6,1.15,2.0
729317,CJ Anderson,Sunrisers Hyderabad,2,0.6363636363636364,0.75,1.0,1.0
729317,DJG Sammy,Mumbai Indians,1,0.7368421052631579,1.0,0.5,0.0
729317,DW Steyn,Mumbai Indians,2,1.105263157894737,1.2,1.1428571428571428,0.0
729317,Harbhajan Singh,Sunrisers Hyderabad,0,1.00625,0.4,0.6153846153846154,2.0
729317,IK Pathan,Mumbai Indians,2,0.9801980198019802,0.8,1.2666666666666666,1.0
729317,KA Pollard,Sunrisers Hyderabad,0,0.7570093457943925,0.6,0.42857142857142855,0.0
729317,KV Sharma,Mumbai Indians,0,1.0,0.4,1.0,3.0
729317,PP Ojha,Sunrisers Hyderabad,0,1.1,0.2,0.25,1.0
729317,SL Malinga,Sunrisers Hyderabad,1,1.540983606557377,1.6,1.4444444444444444,1.0
729317,Z Khan,Sunrisers Hyderabad,2,1.202020202020202,1.0,0.75,1.0
733971,AD Russell,Chennai Super Kings,1,1.1160714285714286,0.2,0.6923076923076923,1.0
733971,BW Hilfenhaus,Kolkata Knight Riders,1,1.3529411764705883,1.4,1.0,1.0
733971,IC Pandey,Kolkata Knight Riders,0,0.7916666666666666,0.8,0.75,0.0
733971,JH Kallis,Chennai Super Kings,0,0.8314606741573034,0.6,0.7333333333333333,1.0
733971,MM Sharma,Kolkata Knight Riders,3,1.3243243243243243,2.4,0.9166666666666666,2.0
733971,PP Chawla,Chennai Super Kings,0,1.0523560209424083,1.0,1.0,3.0
733971,R Ashwin,Kolkata Knight Riders,1,0.9519230769230769,1.0,0.9230769230769231,1.0
733971,R Vinay Kumar,Chennai Super Kings,0,1.2211538461538463,1.2,1.0588235294117647,2.0
733971,RA Jadeja,Kolkata Knight Riders,4,0.8009478672985783,2.0,0.8148148148148148,1.0
733971,SK Raina,Kolkata Knight Riders,0,0.43478260869565216,0.2,0.4,0.0
733971,SP Narine,Chennai Super Kings,0,1.1428571428571428,1.0,1.25,2.0
733971,Shakib Al Hasan,Chennai Super Kings,2,1.0142857142857142,1.0,0.4444444444444444,1.0
733973,AR Patel,Mumbai Indians,0,0.8851351351351351,1.0,0.7142857142857143,0.0
733973,CJ Anderson,Kings XI Punjab,1,0.6363636363636364,0.8,1.0,0.0
733973,Harbhajan Singh,Kings XI Punjab,2,1.00625,0.8,1.0909090909090908,2.0
733973,JJ Bumrah,Kings XI Punjab,0,1.368421052631579,0.75,1.6666666666666667,2.0
733973,KA Pollard,Kings XI Punjab,0,0.7570093457943925,0.2,0.38461538461538464,1.0
733973,L Balaji,Mumbai Indians,1,1.1643835616438356,1.4,0.5555555555555556,2.0
733973,MG Johnson,Mumbai Indians,0,1.2222222222222223,1.4,0.8,2.0
733973,R Dhawan,Mumbai Indians,2,0.75,1.4,1.0,1.0
733973,SL Malinga,Kings XI Punjab,1,1.540983606557377,1.0,1.9285714285714286,2.0
733973,Sandeep Sharma,Mumbai Indians,2,1.2142857142857142,2.2,1.5,1.0
733973,Z Khan,Kings XI Punjab,1,1.202020202020202,1.0,1.2142857142857142,2.0
733975,DS Kulkarni,Delhi Daredevils,0,0.9891304347826086,0.6,0.9285714285714286,0.0
733975,JD Unadkat,Rajasthan Royals,0,1.0480769230769231,1.4,0.5714285714285714,0.0
733975,JP Faulkner,Delhi Daredevils,2,1.2666666666666666,1.8,1.1,0.0
733975,KW Richardson,Delhi Daredevils,1,1.4,1.6,0.5,0.0
733975,Mohammed Shami,Rajasthan Royals,1,1.309090909090909,1.2,1.5,0.0
733975,PV Tambe,Delhi Daredevils,2,0.8484848484848485,1.8,0.8,3.0
733975,R Bhatia,Delhi Daredevils,0,0.9010989010989011,1.0,0.8,0.0
733975,S Nadeem,Rajasthan Royals,1,0.7714285714285715,1.0,0.8,0.0
733975,SR Watson,Delhi Daredevils,0,1.019047619047619,0.4,1.1666666666666667,3.0
733975,STR Binny,Delhi Daredevils,0,0.4444444444444444,0.6,0.6666666666666666,1.0
733975,WD Parnell,Rajasthan Royals,1,1.2121212121212122,0.6,2.0,1.0
733977,AB Dinda,Sunrisers Hyderabad,1,1.0933333333333333,0.6,1.5,1.0
733977,B Kumar,Royal Challengers Bangalore,2,1.1079545454545454,1.8,1.0476190476190477,4.0
733977,DJG Sammy,Royal Challengers Bangalore,0,0.7368421052631579,0.6,0.0,0.0
733977,DW Steyn,Royal Challengers Bangalore,0,1.105263157894737,0.8,1.0,2.0
733977,HV Patel,Sunrisers Hyderabad,1,1.4660194174757282,0.6,1.1538461538461537,1.0
733977,I Sharma,Royal Challengers Bangalore,0,0.8727272727272727,0.8,0.7333333333333333,0.0
733977,IK Pathan,Royal Challengers Bangalore,1,0.9801980198019802,0.8,1.0769230769230769,2.0
733977,KV Sharma,Royal Challengers Bangalore,3,1.0,1.0,0.8571428571428571,1.0
733977,MA Starc,Sunrisers Hyderabad,2,1.5128205128205128,1.8,1.3333333333333333,1.0
733977,VR Aaron,Sunrisers Hyderabad,2,0.92,2.0,1.2,1.0
733977,YS Chahal,Sunrisers Hyderabad,0,1.3396226415094339,1.2,1.3333333333333333,1.0
733979,AD Russell,Rajasthan Royals,1,1.1160714285714286,0.4,1.0,0.0
733979,JP Faulkner,Kolkata Knight Riders,0,1.2666666666666666,1.8,1.4,2.0
733979,PV Tambe,Kolkata Knight Riders,3,0.8484848484848485,2.4,1.6666666666666667,1.0
733979,R Bhatia,Kolkata Knight Riders,0,0.9010989010989011,1.0,0.7142857142857143,3.0
733979,R Tewatia,Kolkata Knight Riders,0,0.6923076923076923,0.0,1.25,1.0
733979,R Vinay Kumar,Rajasthan Royals,2,1.2211538461538463,1.6,1.0714285714285714,0.0
733979,RN ten Doeschate,Rajasthan Royals,0,0.3,0.2,0.0,0.0
733979,SP Narine,Rajasthan Royals,2,1.1428571428571428,1.2,0.7894736842105263,1.0
733979,SR Watson,Kolkata Knight Riders,3,1.019047619047619,0.8,1.0,3.0
733979,Shakib Al Hasan,Rajasthan Royals,1,1.0142857142857142,1.0,1.3,2.0
733979,TG Southee,Kolkata Knight Riders,0,1.0555555555555556,0.2,0.7142857142857143,3.0
733979,UT Yadav,Rajasthan Royals,0,1.1088435374149659,0.8,0.9285714285714286,1.0
733981,BW Hilfenhaus,Delhi Daredevils,1,1.3529411764705883,1.4,1.5,1.0
733981,DR Smith,Delhi Daredevils,0,0.5869565217391305,0.6,0.4,1.0
733981,IC Pandey,Delhi Daredevils,0,0.7916666666666666,0.4,1.25,0.0
733981,JD Unadkat,Chennai Super Kings,0,1.0480769230769231,1.2,0.7692307692307693,0.0
733981,LR Shukla,Chennai Super Kings,1,0.6296296296296297,0.4,0.4,0.0
733981,MM Sharma,Delhi Daredevils,2,1.3243243243243243,2.6,1.1818181818181819,2.0
733981,Mohammed Shami,Chennai Super Kings,0,1.309090909090909,1.0,1.0,0.0
733981,R Ashwin,Delhi Daredevils,1,0.9519230769230769,0.8,1.4375,0.0
733981,RA Jadeja,Delhi Daredevils,1,0.8009478672985783,1.8,0.7058823529411765,0.0
733981,S Nadeem,Chennai Super Kings,0,0.7714285714285715,0.8,0.25,0.0
733981,WD Parnell,Chennai Super Kings,1,1.2121212121212122,0.6,1.0,2.0
733983,AB Dinda,Mumbai Indians,1,1.0933333333333333,0.6,1.1538461538461537,0.0
733983,HV Patel,Mumbai Indians,1,1.4660194174757282,0.6,1.8571428571428572,2.0
733983,Harbhajan Singh,Royal Challengers Bangalore,2,1.00625,1.2,1.0869565217391304,0.0
733983,JJ Bumrah,Royal Challengers Bangalore,2,1.368421052631579,1.0,1.6111111111111112,0.0
733983,KA Pollard,Royal Challengers Bangalore,1,0.7570093457943925,0.2,0.9333333333333333,1.0
733983,MA Starc,Mumbai Indians,1,1.5128205128205128,1.4,1.8,2.0
733983,P Suyal,Royal Challengers Bangalore,1,0.4,1.0,1.0,0.0
733983,RG Sharma,Royal Challengers Bangalore,0,0.5,0.2,0.0,0.0
733983,SL Malinga,Royal Challengers Bangalore,2,1.540983606557377,1.2,0.9375,3.0
733983,VR Aaron,Mumbai Indians,1,0.92,2.0,1.0,1.0
733983,YS Chahal,Mumbai Indians,1,1.3396226415094339,1.0,1.5,2.0
733983,Yuvraj Singh,Mumbai Indians,0,0.5342465753424658,0.0,0.6,0.0
733985,JH Kallis,Delhi Daredevils,1,0.8314606741573034,0.6,0.8571428571428571,0.0
733985,JP Duminy,Kolkata Knight Riders,0,0.46938775510204084,0.0,0.14285714285714285,0.0
733985,LR Shukla,Kolkata Knight Riders,0,0.6296296296296297,0.4,0.0,0.0
733985,Mohammed Shami,Kolkata Knight Riders,0,1.309090909090909,0.6,1.2857142857142858,0.0
733985,R Vinay Kumar,Delhi Daredevils,0,1.2211538461538463,1.4,0.9285714285714286,0.0
733985,S Kaul,Kolkata Knight Riders,0,1.1454545454545455,0.8,1.125,1.0
733985,S Nadeem,Kolkata Knight Riders,0,0.7714285714285715,0.6,0.75,2.0
733985,SP Narine,Delhi Daredevils,1,1.1428571428571428,1.2,1.7692307692307692,2.0
733985,Shakib Al Hasan,Delhi Daredevils,2,1.0142857142857142,1.2,1.0,1.0
733985,UT Yadav,Delhi Daredevils,1,1.1088435374149659,0.6,1.1111111111111112,1.0
733985,WD Parnell,Kolkata Knight Riders,2,1.2121212121212122,1.0,1.3333333333333333,0.0
733987,AR Patel,Chennai Super Kings,0,0.8851351351351351,0.8,0.7647058823529411,1.0
733987,BW Hilfenhaus,Kings XI Punjab,1,1.3529411764705883,1.4,1.0,0.0
733987,DR Smith,Kings XI Punjab,1,0.5869565217391305,0.8,0.75,1.0
733987,GJ Maxwell,Chennai Super Kings,1,0.5189873417721519,0.2,0.75,0.0
733987,IC Pandey,Kings XI Punjab,0,0.7916666666666666,0.0,0.75,1.0
733987,MG Johnson,Chennai Super Kings,2,1.2222222222222223,1.6,1.0,1.0
733987,MM Sharma,Kings XI Punjab,2,1.3243243243243243,2.8,1.3333333333333333,1.0
733987,R Ashwin,Kings XI Punjab,0,0.9519230769230769,0.4,1.1764705882352942,3.0
733987,R Dhawan,Chennai Super Kings,1,0.75,1.6,1.0,0.0
733987,RA Jadeja,Kings XI Punjab,0,0.8009478672985783,1.0,0.7777777777777778,0.0
733987,Sandeep Sharma,Chennai Super Kings,1,1.2142857142857142,2.0,0.75,3.0
733989,A Mishra,Rajasthan Royals,0,1.1296296296296295,0.4,1.619047619047619,2.0
733989,B Kumar,Rajasthan Royals,4,1.1079545454545454,2.0,1.0555555555555556,1.0
733989,DS Kulkarni,Sunrisers Hyderabad,0,0.9891304347826086,0.6,0.5714285714285714,1.0
733989,DW Steyn,Rajasthan Royals,2,1.105263157894737,1.2,1.1818181818181819,2.0
733989,IK Pathan,Rajasthan Royals,2,0.9801980198019802,1.2,1.0,0.0
733989,JP Faulkner,Sunrisers Hyderabad,2,1.2666666666666666,2.0,1.875,1.0
733989,KV Sharma,Rajasthan Royals,1,1.0,1.2,1.0909090909090908,0.0
733989,KW Richardson,Sunrisers Hyderabad,0,1.4,1.2,1.3333333333333333,2.0
733989,MC Henriques,Rajasthan Royals,1,0.7666666666666667,0.4,1.0,2.0
733989,PV Tambe,Sunrisers Hyderabad,1,0.8484848484848485,2.4,0.6666666666666666,1.0
733989,R Bhatia,Sunrisers Hyderabad,3,0.9010989010989011,1.0,1.4,0.0
733989,SR Watson,Sunrisers Hyderabad,3,1.019047619047619,1.4,1.1818181818181819,0.0
733991,AR Patel,Royal Challengers Bangalore,1,0.8851351351351351,0.6,1.0555555555555556,0.0
733991,GJ Maxwell,Royal Challengers Bangalore,0,0.5189873417721519,0.2,0.75,0.0
733991,HV Patel,Kings XI Punjab,2,1.4660194174757282,0.8,1.4,2.0
733991,JA Morkel,Kings XI Punjab,1,1.103448275862069,0.8,1.2727272727272727,0.0
733991,L Balaji,Royal Challengers Bangalore,2,1.1643835616438356,1.8,1.5,1.0
733991,MA Starc,Kings XI Punjab,2,1.5128205128205128,1.4,1.75,0.0
733991,MG Johnson,Royal Challengers Bangalore,1,1.2222222222222223,1.4,0.7142857142857143,0.0
733991,Sandeep Sharma,Royal Challengers Bangalore,3,1.2142857142857142,2.4,1.6666666666666667,0.0
733991,Shivam Sharma,Royal Challengers Bangalore,2,0.8,2.0,2.0,1.0
733991,VR Aaron,Kings XI Punjab,1,0.92,1.8,0.6666666666666666,0.0
733991,YS Chahal,Kings XI Punjab,2,1.3396226415094339,1.2,1.6428571428571428,1.0
733991,Yuvraj Singh,Kings XI Punjab,0,0.5342465753424658,0.0,0.16666666666666666,4.0
733993,A Mishra,Delhi Daredevils,2,1.1296296296296295,0.4,0.75,0.0
733993,B Kumar,Delhi Daredevils,1,1.1079545454545454,2.2,0.4166666666666667,2.0
733993,DW Steyn,Delhi Daredevils,2,1.105263157894737,1.2,1.6363636363636365,0.0
733993,IK Pathan,Delhi Daredevils,0,0.9801980198019802,1.0,1.25,0.0
733993,Imran Tahir,Sunrisers Hyderabad,0,1.4576271186440677,0.0,0.8333333333333334,1.0
733993,KV Sharma,Delhi Daredevils,0,1.0,1.0,1.1428571428571428,0.0
733993,MC Henriques,Delhi Daredevils,2,0.7666666666666667,0.8,0.6666666666666666,1.0
733993,Mohammed Shami,Sunrisers Hyderabad,0,1.309090909090909,0.6,1.2857142857142858,1.0
733993,R Shukla,Sunrisers Hyderabad,1,1.0,1.0,1.0,1.0
733993,S Kaul,Sunrisers Hyderabad,1,1.1454545454545455,0.8,1.0,1.0
733995,CJ Anderson,Chennai Super Kings,0,0.6363636363636364,0.8,0.25,0.0
733995,Harbhajan Singh,Chennai Super Kings,0,1.00625,0.8,1.1428571428571428,0.0
733995,IC Pandey,Mumbai Indians,1,0.7916666666666666,0.2,0.5,0.0
733995,JJ Bumrah,Chennai Super Kings,0,1.368421052631579,0.4,0.8,0.0
733995,KA Pollard,Chennai Super Kings,1,0.7570093457943925,0.4,0.9375,0.0
733995,MM Sharma,Mumbai Indians,1,1.3243243243243243,2.0,1.75,3.0
733995,P Kumar,Chennai Super Kings,2,0.8571428571428571,1.0,1.1333333333333333,2.0
733995,R Ashwin,Mumbai Indians,3,0.9519230769230769,1.0,0.7941176470588235,1.0
733995,RA Jadeja,Mumbai Indians,0,0.8009478672985783,1.0,0.6451612903225806,3.0
733995,S Badree,Mumbai Indians,1,0.9166666666666666,0.5,2.5,1.0
733995,SL Malinga,Chennai Super Kings,3,1.540983606557377,1.8,1.7619047619047619,2.0
733997,AR Patel,Kolkata Knight Riders,0,0.8851351351351351,0.2,0.7619047619047619,0.0
733997,GJ Maxwell,Kolkata Knight Riders,0,0.5189873417721519,0.2,0.4,0.0
733997,M Morkel,Kings XI Punjab,2,1.2571428571428571,1.4,1.6666666666666667,2.0
733997,MG Johnson,Kolkata Knight Riders,0,1.2222222222222223,1.0,1.5555555555555556,0.0
733997,P Awana,Kolkata Knight Riders,1,1.303030303030303,1.2,1.0,2.0
733997,PP Chawla,Kings XI Punjab,3,1.0523560209424083,1.4,1.0714285714285714,1.0
733997,R Dhawan,Kolkata Knight Riders,0,0.75,1.4,0.4,2.0
733997,RN ten Doeschate,Kings XI Punjab,0,0.3,0.0,0.0,0.0
733997,SP Narine,Kings XI Punjab,2,1.1428571428571428,1.0,1.631578947368421,1.0
733997,Sandeep Sharma,Kolkata Knight Riders,0,1.2142857142857142,1.8,0.8571428571428571,2.0
733997,UT Yadav,Kings XI Punjab,1,1.1088435374149659,0.6,1.631578947368421,0.0
733999,AB Dinda,Rajasthan Royals,0,1.0933333333333333,0.6,0.7777777777777778,1.0
733999,JA Morkel,Rajasthan Royals,0,1.103448275862069,0.6,1.4545454545454546,0.0
733999,JP Faulkner,Royal Challengers Bangalore,1,1.2666666666666666,2.0,0.7142857142857143,1.0
733999,KW Richardson,Royal Challengers Bangalore,2,1.4,1.4,2.0,1.0
733999,MA Starc,Rajasthan Royals,0,1.5128205128205128,1.0,1.4,3.0
733999,PV Tambe,Royal Challengers Bangalore,1,0.8484848484848485,1.8,1.0,0.0
733999,R Bhatia,Royal Challengers Bangalore,0,0.9010989010989011,0.8,0.25,1.0
733999,R Tewatia,Royal Challengers Bangalore,1,0.6923076923076923,0.5,0.3333333333333333,2.0
733999,SR Watson,Royal Challengers Bangalore,0,1.019047619047619,1.2,1.0,0.0
733999,VR Aaron,Rajasthan Royals,0,0.92,1.2,0.0,2.0
733999,YS Chahal,Rajasthan Royals,1,1.3396226415094339,1.2,1.5,1.0
733999,Yuvraj Singh,Rajasthan Royals,4,0.5342465753424658,0.8,0.6666666666666666,0.0
734001,A Mishra,Mumbai Indians,0,1.1296296296296295,0.4,1.1363636363636365,1.0
734001,B Kumar,Mumbai Indians,2,1.1079545454545454,2.2,1.15,2.0
734001,CJ Anderson,Sunrisers Hyderabad,0,0.6363636363636364,0.8,1.0,0.0
734001,DW Steyn,Mumbai Indians,0,1.105263157894737,1.2,1.1428571428571428,0.0
734001,Harbhajan Singh,Sunrisers Hyderabad,0,1.00625,0.8,0.6153846153846154,2.0
734001,IK Pathan,Mumbai Indians,0,0.9801980198019802,1.0,1.2666666666666666,0.0
734001,JJ Bumrah,Sunrisers Hyderabad,0,1.368421052631579,0.4,1.2666666666666666,0.0
734001,KA Pollard,Sunrisers Hyderabad,0,0.7570093457943925,0.4,0.42857142857142855,0.0
734001,KV Sharma,Mumbai Indians,0,1.0,0.8,1.0,1.0
734001,MC Henriques,Mumbai Indians,1,0.7666666666666667,1.0,0.3333333333333333,0.0
734001,PP Ojha,Sunrisers Hyderabad,1,1.1,0.4,0.25,0.0
734001,SL Malinga,Sunrisers Hyderabad,2,1.540983606557377,1.8,1.4444444444444444,1.0
734003,Ankit Sharma,Chennai Super Kings,2,0.5714285714285714,0.8,0.8333333333333334,2.0
734003,IC Pandey,Rajasthan Royals,0,0.7916666666666666,0.2,0.6666666666666666,1.0
734003,JP Faulkner,Chennai Super Kings,1,1.2666666666666666,1.2,1.1666666666666667,1.0
734003,KK Cooper,Chennai Super Kings,1,1.44,1.4,1.25,1.0
734003,MM Sharma,Rajasthan Royals,3,1.3243243243243243,2.2,1.0,0.0
734003,PV Tambe,Chennai Super Kings,0,0.8484848484848485,1.4,0.5,1.0
734003,R Ashwin,Rajasthan Royals,1,0.9519230769230769,1.2,1.1764705882352942,2.0
734003,R Bhatia,Chennai Super Kings,1,0.9010989010989011,0.8,0.8461538461538461,2.0
734003,RA Jadeja,Rajasthan Royals,3,0.8009478672985783,1.6,1.0476190476190477,1.0
734003,S Badree,Rajasthan Royals,1,0.9166666666666666,0.6666666666666666,1.0,0.0
734003,V Shankar,Rajasthan Royals,0,0.5454545454545454,0.0,0.3333333333333333,0.0
734005,AN Ahmed,Delhi Daredevils,1,0.8823529411764706,1.0,1.0,1.0
734005,Imran Tahir,Royal Challengers Bangalore,1,1.4576271186440677,0.5,1.5555555555555556,2.0
734005,JP Duminy,Royal Challengers Bangalore,0,0.46938775510204084,0.0,0.0,1.0
734005,M Muralitharan,Delhi Daredevils,2,1.0151515151515151,0.8,1.125,1.0
734005,MA Starc,Delhi Daredevils,3,1.5128205128205128,1.6,1.75,0.0
734005,Mohammed Shami,Royal Challengers Bangalore,1,1.309090909090909,0.4,1.3076923076923077,1.0
734005,R Shukla,Royal Challengers Bangalore,1,1.0,1.2,1.0,1.0
734005,S Kaul,Royal Challengers Bangalore,1,1.1454545454545455,0.8,1.0,0.0
734005,YS Chahal,Delhi Daredevils,1,1.3396226415094339,1.0,1.4444444444444444,0.0
734005,Yuvraj Singh,Delhi Daredevils,0,0.5342465753424658,0.8,0.5714285714285714,0.0
734007,A Mishra,Kings XI Punjab,1,1.1296296296296295,0.6,1.15,1.0
734007,AR Patel,Sunrisers Hyderabad,0,0.8851351351351351,0.2,0.8947368421052632,1.0
734007,B Kumar,Kings XI Punjab,2,1.1079545454545454,2.2,1.5714285714285714,0.0
734007,DW Steyn,Kings XI Punjab,0,1.105263157894737,0.8,0.6666666666666666,1.0
734007,IK Pathan,Kings XI Punjab,0,0.9801980198019802,0.6,0.6,0.0
734007,KV Sharma,Kings XI Punjab,1,1.0,1.0,0.75,1.0
734007,MC Henriques,Kings XI Punjab,0,0.7666666666666667,0.8,0.9,1.0
734007,MG Johnson,Sunrisers Hyderabad,0,1.2222222222222223,0.6,1.1666666666666667,2.0
734007,R Dhawan,Sunrisers Hyderabad,2,0.75,1.4,0.8,0.0
734007,Sandeep Sharma,Sunrisers Hyderabad,2,1.2142857142857142,1.6,1.2727272727272727,3.0
734007,Shivam Sharma,Sunrisers Hyderabad,1,0.8,1.5,1.0,0.0
734009,Harbhajan Singh,Kolkata Knight Riders,2,1.00625,1.2,0.8947368421052632,2.0
734009,JJ Bumrah,Kolkata Knight Riders,0,1.368421052631579,0.4,1.5,0.0
734009,KA Pollard,Kolkata Knight Riders,0,0.7570093457943925,0.4,0.45454545454545453,0.0
734009,M Morkel,Mumbai Indians,2,1.2571428571428571,1.4,1.4444444444444444,0.0
734009,PP Chawla,Mumbai Indians,1,1.0523560209424083,1.4,1.3333333333333333,1.0
734009,PP Ojha,Kolkata Knight Riders,0,1.1,0.4,0.8571428571428571,2.0
734009,SL Malinga,Kolkata Knight Riders,1,1.540983606557377,1.8,1.3529411764705883,0.0
734009,SP Narine,Mumbai Indians,1,1.1428571428571428,1.2,1.2173913043478262,1.0
734009,Shakib Al Hasan,Mumbai Indians,1,1.0142857142857142,1.4,1.0833333333333333,2.0
734009,UT Yadav,Mumbai Indians,0,1.1088435374149659,0.4,1.0555555555555556,4.0
734009,YK Pathan,Mumbai Indians,0,0.5609756097560976,0.0,0.0,2.0
734011,BCJ Cutting,Delhi Daredevils,2,0.7058823529411765,2.0,1.0,0.0
734011,DS Kulkarni,Delhi Daredevils,1,0.9891304347826086,0.4,0.9285714285714286,0.0
734011,Imran Tahir,Rajasthan Royals,2,1.4576271186440677,1.0,1.8,3.0
734011,JP Duminy,Rajasthan Royals,1,0.46938775510204084,0.2,0.3333333333333333,2.0
734011,JP Faulkner,Delhi Daredevils,1,1.2666666666666666,1.0,1.1,1.0
734011,KK Cooper,Delhi Daredevils,1,1.44,1.2,1.3333333333333333,0.0
734011,MK Tiwary,Rajasthan Royals,0,0.16666666666666666,0.2,0.0,0.0
734011,PV Tambe,Delhi Daredevils,1,0.8484848484848485,1.2,0.8,0.0
734011,R Bhatia,Delhi Daredevils,2,0.9010989010989011,1.2,0.8,0.0
734011,S Kaul,Rajasthan Royals,0,1.1454545454545455,0.8,1.1428571428571428,0.0
734011,S Nadeem,Rajasthan Royals,2,0.7714285714285715,0.8,0.8,2.0
734011,STR Binny,Delhi Daredevils,1,0.4444444444444444,0.8,0.6666666666666666,0.0
734013,AN Ahmed,Chennai Super Kings,1,0.8823529411764706,1.0,0.25,0.0
734013,M Muralitharan,Chennai Super Kings,1,1.0151515151515151,1.0,1.3333333333333333,1.0
734013,MA Starc,Chennai Super Kings,0,1.5128205128205128,1.2,1.1666666666666667,0.0
734013,MM Sharma,Royal Challengers Bangalore,0,1.3243243243243243,1.6,0.5,0.0
734013,R Ashwin,Royal Challengers Bangalore,2,0.9519230769230769,1.4,0.8461538461538461,0.0
734013,RA Jadeja,Royal Challengers Bangalore,1,0.8009478672985783,1.0,1.037037037037037,1.0
734013,S Badree,Royal Challengers Bangalore,0,0.9166666666666666,0.5,0.0,0.0
734013,S Rana,Chennai Super Kings,0,0.0,0.0,0.0,0.0
734013,SK Raina,Royal Challengers Bangalore,0,0.43478260869565216,0.2,0.2,0.0
734013,VR Aaron,Chennai Super Kings,2,0.92,1.2,1.25,2.0
734013,YS Chahal,Chennai Super Kings,0,1.3396226415094339,1.0,1.1176470588235294,0.0
734015,A Mishra,Kolkata Knight Riders,1,1.1296296296296295,0.8,1.0,1.0
734015,B Kumar,Kolkata Knight Riders,0,1.1079545454545454,1.8,1.1,2.0
734015,DJG Sammy,Kolkata Knight Riders,0,0.7368421052631579,0.6,0.0,0.0
734015,DW Steyn,Kolkata Knight Riders,1,1.105263157894737,1.0,1.0769230769230769,1.0
734015,IK Pathan,Kolkata Knight Riders,0,0.9801980198019802,0.4,0.6923076923076923,1.0
734015,KV Sharma,Kolkata Knight Riders,1,1.0,0.6,1.3333333333333333,1.0
734015,M Morkel,Sunrisers Hyderabad,0,1.2571428571428571,1.4,1.5,0.0
734015,PP Chawla,Sunrisers Hyderabad,1,1.0523560209424083,1.0,0.9473684210526315,1.0
734015,RN ten Doeschate,Sunrisers Hyderabad,0,0.3,0.0,0.6666666666666666,1.0
734015,SP Narine,Sunrisers Hyderabad,1,1.1428571428571428,1.4,0.64,1.0
734015,Shakib Al Hasan,Sunrisers Hyderabad,2,1.0142857142857142,1.6,1.5,0.0
734015,UT Yadav,Sunrisers Hyderabad,4,1.1088435374149659,1.2,0.8421052631578947,0.0
734017,Ankit Sharma,Mumbai Indians,2,0.5714285714285714,1.0,1.0,1.0
734017,DS Kulkarni,Mumbai Indians,0,0.9891304347826086,0.2,1.3,2.0
734017,Harbhajan Singh,Rajasthan Royals,2,1.00625,1.2,1.0,1.0
734017,JJ Bumrah,Rajasthan Royals,0,1.368421052631579,0.4,1.2857142857142858,3.0
734017,JP Faulkner,Mumbai Indians,1,1.2666666666666666,1.2,1.75,1.0
734017,K Santokie,Rajasthan Royals,2,1.5,2.0,2.0,1.0
734017,KA Pollard,Rajasthan Royals,0,0.7570093457943925,0.4,0.9285714285714286,0.0
734017,KK Cooper,Mumbai Indians,0,1.44,0.8,1.3333333333333333,0.0
734017,PP Ojha,Rajasthan Royals,2,1.1,0.6,0.8461538461538461,0.0
734017,R Bhatia,Mumbai Indians,0,0.9010989010989011,1.2,1.1666666666666667,0.0
734017,S Gopal,Rajasthan Royals,2,1.0392156862745099,2.0,1.3333333333333333,2.0
734017,STR Binny,Mumbai Indians,0,0.4444444444444444,0.6,0.7272727272727273,1.0
734019,AR Patel,Delhi Daredevils,1,0.8851351351351351,0.4,1.1111111111111112,1.0
734019,BE Hendricks,Delhi Daredevils,3,1.5714285714285714,3.0,3.0,1.0
734019,Imran Tahir,Kings XI Punjab,3,1.4576271186440677,1.5,1.3333333333333333,4.0
734019,JD Unadkat,Kings XI Punjab,0,1.0480769230769231,0.6,0.5454545454545454,2.0
734019,JP Duminy,Kings XI Punjab,2,0.46938775510204084,0.6,1.0,0.0
734019,Mohammed Shami,Kings XI Punjab,1,1.309090909090909,0.4,0.6,1.0
734019,R Dhawan,Delhi Daredevils,0,0.75,1.0,0.6666666666666666,1.0
734019,Sandeep Sharma,Delhi Daredevils,3,1.2142857142857142,1.8,1.6,0.0
734019,Shivam Sharma,Delhi Daredevils,0,0.8,1.0,0.0,0.0
734019,WD Parnell,Kings XI Punjab,0,1.2121212121212122,1.0,1.0,2.0
734021,AN Ahmed,Sunrisers Hyderabad,0,0.8823529411764706,1.0,0.0,1.0
734021,B Kumar,Royal Challengers Bangalore,2,1.1079545454545454,1.4,1.0476190476190477,0.0
734021,DJG Sammy,Royal Challengers Bangalore,0,0.7368421052631579,0.4,0.0,0.0
734021,DW Steyn,Royal Challengers Bangalore,1,1.105263157894737,0.8,1.0,0.0
734021,IK Pathan,Royal Challengers Bangalore,1,0.9801980198019802,0.2,1.0769230769230769,0.0
734021,KV Sharma,Royal Challengers Bangalore,1,1.0,0.6,0.8571428571428571,3.0
734021,M Muralitharan,Sunrisers Hyderabad,1,1.0151515151515151,1.0,1.0,0.0
734021,MA Starc,Sunrisers Hyderabad,0,1.5128205128205128,1.0,1.3333333333333333,1.0
734021,Parvez Rasool,Royal Challengers Bangalore,1,0.36363636363636365,0.6666666666666666,1.0,0.0
734021,VR Aaron,Sunrisers Hyderabad,2,0.92,1.2,1.2,2.0
734021,YS Chahal,Sunrisers Hyderabad,0,1.3396226415094339,0.8,1.3333333333333333,0.0
734021,Yuvraj Singh,Sunrisers Hyderabad,0,0.5342465753424658,0.8,0.3333333333333333,1.0
734023,IC Pandey,Kolkata Knight Riders,1,0.7916666666666666,0.4,0.75,0.0
734023,MM Sharma,Kolkata Knight Riders,0,1.3243243243243243,1.2,0.9166666666666666,0.0
734023,PJ Cummins,Chennai Super Kings,2,1.1379310344827587,2.0,0.75,1.0
734023,PP Chawla,Chennai Super Kings,1,1.0523560209424083,1.2,1.0,1.0
734023,R Ashwin,Kolkata Knight Riders,0,0.9519230769230769,1.2,0.9230769230769231,0.0
734023,RA Jadeja,Kolkata Knight Riders,1,0.8009478672985783,1.0,0.8148148148148148,1.0
734023,SK Raina,Kolkata Knight Riders,0,0.43478260869565216,0.0,0.4,1.0
734023,SP Narine,Chennai Super Kings,1,1.1428571428571428,1.2,1.25,4.0
734023,Shakib Al Hasan,Chennai Super Kings,0,1.0142857142857142,1.2,0.4444444444444444,0.0
734023,UT Yadav,Chennai Super Kings,0,1.1088435374149659,1.2,1.0555555555555556,1.0
734025,AR Patel,Mumbai Indians,1,0.8851351351351351,0.6,0.7142857142857143,3.0
734025,BE Hendricks,Mumbai Indians,1,1.5714285714285714,2.0,1.0,0.0
734025,JJ Bumrah,Kings XI Punjab,3,1.368421052631579,0.6,1.6666666666666667,0.0
734025,P Kumar,Kings XI Punjab,2,0.8571428571428571,1.4,1.1,0.0
734025,PP Ojha,Kings XI Punjab,0,1.1,0.6,1.0,0.0
734025,R Dhawan,Mumbai Indians,1,0.75,0.8,1.0,2.0
734025,S Gopal,Kings XI Punjab,2,1.0392156862745099,2.0,0.3333333333333333,1.0
734025,Sandeep Sharma,Mumbai Indians,0,1.2142857142857142,1.6,1.5,1.0
734025,Shivam Sharma,Mumbai Indians,0,0.8,0.75,0.0,1.0
734027,AB Dinda,Kolkata Knight Riders,1,1.0933333333333333,0.8,0.25,0.0
734027,AN Ahmed,Kolkata Knight Riders,1,0.8823529411764706,1.0,1.5,1.0
734027,M Morkel,Royal Challengers Bangalore,0,1.2571428571428571,1.0,1.0909090909090908,1.0
734027,MA Starc,Kolkata Knight Riders,1,1.5128205128205128,0.8,1.3333333333333333,0.0
734027,R Vinay Kumar,Royal Challengers Bangalore,0,1.2211538461538463,1.0,1.2,2.0
734027,SP Narine,Royal Challengers Bangalore,4,1.1428571428571428,1.8,1.2777777777777777,0.0
734027,Shakib Al Hasan,Royal Challengers Bangalore,0,1.0142857142857142,1.0,0.6666666666666666,3.0
734027,UT Yadav,Royal Challengers Bangalore,1,1.1088435374149659,1.2,1.0666666666666667,0.0
734027,YS Chahal,Kolkata Knight Riders,0,1.3396226415094339,0.4,1.3181818181818181,0.0
734027,Yuvraj Singh,Kolkata Knight Riders,1,0.5342465753424658,1.0,0.3333333333333333,1.0
734029,B Kumar,Chennai Super Kings,0,1.1079545454545454,1.2,0.7,0.0
734029,DJG Sammy,Chennai Super Kings,0,0.7368421052631579,0.2,0.0,0.0
734029,DW Steyn,Chennai Super Kings,0,1.105263157894737,0.4,0.8333333333333334,0.0
734029,IK Pathan,Chennai Super Kings,0,0.9801980198019802,0.2,1.0769230769230769,0.0
734029,JW Hastings,Sunrisers Hyderabad,1,1.0,1.0,1.0,2.0
734029,KV Sharma,Chennai Super Kings,3,1.0,1.2,0.625,5.0
734029,MM Sharma,Sunrisers Hyderabad,0,1.3243243243243243,0.8,1.7692307692307692,1.0
734029,P Negi,Sunrisers Hyderabad,1,0.9047619047619048,0.6,1.0,1.0
734029,Parvez Rasool,Chennai Super Kings,0,0.36363636363636365,0.5,0.0,0.0
734029,R Ashwin,Sunrisers Hyderabad,0,0.9519230769230769,1.2,0.65,1.0
734029,RA Jadeja,Sunrisers Hyderabad,1,0.8009478672985783,1.2,0.43478260869565216,1.0
734029,SK Raina,Sunrisers Hyderabad,1,0.43478260869565216,0.2,0.6666666666666666,0.0
734031,Harbhajan Singh,Delhi Daredevils,1,1.00625,1.0,1.1578947368421053,1.0
734031,Imran Tahir,Mumbai Indians,4,1.4576271186440677,2.0,1.2857142857142858,1.0
734031,JD Unadkat,Mumbai Indians,2,1.0480769230769231,1.0,1.2666666666666666,1.0
734031,JJ Bumrah,Delhi Daredevils,0,1.368421052631579,0.6,0.8888888888888888,1.0
734031,JP Duminy,Mumbai Indians,0,0.46938775510204084,0.6,0.4,0.0
734031,KA Pollard,Delhi Daredevils,0,0.7570093457943925,0.2,0.5454545454545454,1.0
734031,M de Lange,Delhi Daredevils,2,1.2,1.25,1.0,1.0
734031,PP Ojha,Delhi Daredevils,0,1.1,0.6,1.0833333333333333,0.0
734031,S Gopal,Delhi Daredevils,1,1.0392156862745099,1.6666666666666667,1.0,1.0
734031,S Kaul,Mumbai Indians,0,1.1454545454545455,0.4,1.7142857142857142,1.0
734031,S Nadeem,Mumbai Indians,2,0.7714285714285715,1.0,0.9090909090909091,0.0
734031,WD Parnell,Mumbai Indians,2,1.2121212121212122,1.2,1.2,3.0
734033,AR Patel,Rajasthan Royals,3,0.8851351351351351,1.0,1.0,2.0
734033,BE Hendricks,Rajasthan Royals,0,1.5714285714285714,1.3333333333333333,0.0,2.0
734033,JP Faulkner,Kings XI Punjab,1,1.2666666666666666,1.0,1.0,1.0
734033,KK Cooper,Kings XI Punjab,0,1.44,0.8,2.25,2.0
734033,Karanveer Singh,Rajasthan Royals,2,1.5555555555555556,2.0,1.0,2.0
734033,L Balaji,Rajasthan Royals,1,1.1643835616438356,1.2,1.0,0.0
734033,PV Tambe,Kings XI Punjab,0,0.8484848484848485,0.6,0.25,0.0
734033,R Dhawan,Rajasthan Royals,2,0.75,1.0,0.75,2.0
734033,R Tewatia,Kings XI Punjab,2,0.6923076923076923,1.0,0.8333333333333334,2.0
734033,SR Watson,Kings XI Punjab,0,1.019047619047619,1.2,1.1538461538461537,0.0
734035,A Nehra,Royal Challengers Bangalore,3,1.375,1.4,1.8461538461538463,2.0
734035,MA Starc,Chennai Super Kings,0,1.5128205128205128,0.8,1.1666666666666667,1.0
734035,MM Sharma,Royal Challengers Bangalore,1,1.3243243243243243,0.8,0.5,3.0
734035,R Ashwin,Royal Challengers Bangalore,1,0.9519230769230769,0.8,0.8461538461538461,1.0
734035,RA Jadeja,Royal Challengers Bangalore,1,0.8009478672985783,1.4,1.037037037037037,2.0
734035,S Badree,Royal Challengers Bangalore,0,0.9166666666666666,0.4,0.0,4.0
734035,SB Jakati,Chennai Super Kings,0,0.8771929824561403,1.2,0.0,0.0
734035,SK Raina,Royal Challengers Bangalore,0,0.43478260869565216,0.2,0.2,0.0
734035,YS Chahal,Chennai Super Kings,0,1.3396226415094339,0.2,1.1176470588235294,1.0
734035,Yuvraj Singh,Chennai Super Kings,1,0.5342465753424658,1.2,0.25,0.0
734037,B Kumar,Kolkata Knight Riders,0,1.1079545454545454,0.8,1.1,0.0
734037,DW Steyn,Kolkata Knight Riders,0,1.105263157894737,0.4,1.0769230769230769,1.0
734037,JO Holder,Kolkata Knight Riders,1,1.2826086956521738,0.8,1.75,0.0
734037,KV Sharma,Kolkata Knight Riders,5,1.0,2.2,1.3333333333333333,0.0
734037,M Morkel,Sunrisers Hyderabad,1,1.2571428571428571,1.0,1.5,2.0
734037,Parvez Rasool,Kolkata Knight Riders,0,0.36363636363636365,0.4,0.5,0.0
734037,R Vinay Kumar,Sunrisers Hyderabad,2,1.2211538461538463,0.8,0.8,0.0
734037,RN ten Doeschate,Sunrisers Hyderabad,1,0.3,0.2,0.6666666666666666,1.0
734037,SP Narine,Sunrisers Hyderabad,0,1.1428571428571428,1.4,0.64,0.0
734037,Shakib Al Hasan,Sunrisers Hyderabad,3,1.0142857142857142,1.2,1.5,2.0
734037,UT Yadav,Sunrisers Hyderabad,0,1.1088435374149659,1.0,0.8421052631578947,3.0
734039,AR Patel,Delhi Daredevils,2,0.8851351351351351,1.4,1.1111111111111112,2.0
734039,Imran Tahir,Kings XI Punjab,1,1.4576271186440677,2.2,1.3333333333333333,1.0
734039,JD Unadkat,Kings XI Punjab,1,1.0480769230769231,0.6,0.5454545454545454,0.0
734039,JDS Neesham,Kings XI Punjab,0,0.6153846153846154,0.25,0.0,0.0
734039,JP Duminy,Kings XI Punjab,0,0.46938775510204084,0.6,1.0,1.0
734039,Karanveer Singh,Delhi Daredevils,2,1.5555555555555556,2.0,2.0,3.0
734039,MG Johnson,Delhi Daredevils,2,1.2222222222222223,1.0,0.8333333333333334,2.0
734039,Mohammed Shami,Kings XI Punjab,1,1.309090909090909,0.6,0.6,3.0
734039,P Awana,Delhi Daredevils,2,1.303030303030303,1.4,1.4,1.0
734039,R Dhawan,Delhi Daredevils,2,0.75,1.4,0.6666666666666666,0.0
734039,S Nadeem,Kings XI Punjab,0,0.7714285714285715,0.8,0.75,0.0
734041,CJ Anderson,Rajasthan Royals,0,0.6363636363636364,0.6,0.0,0.0
734041,DS Kulkarni,Mumbai Indians,2,0.9891304347826086,0.6,1.3,1.0
734041,Harbhajan Singh,Rajasthan Royals,1,1.00625,1.2,1.0,2.0
734041,JJ Bumrah,Rajasthan Royals,1,1.368421052631579,0.8,1.2857142857142858,0.0
734041,JP Faulkner,Mumbai Indians,1,1.2666666666666666,1.0,1.75,3.0
734041,KA Pollard,Rajasthan Royals,1,0.7570093457943925,0.2,0.9285714285714286,0.0
734041,PP Ojha,Rajasthan Royals,0,1.1,0.4,0.8461538461538461,1.0
734041,PV Tambe,Mumbai Indians,0,0.8484848484848485,0.4,1.0,0.0
734041,S Gopal,Rajasthan Royals,1,1.0392156862745099,1.5,1.3333333333333333,1.0
734041,SR Watson,Mumbai Indians,0,1.019047619047619,1.2,0.9333333333333333,0.0
734043,AR Patel,Kolkata Knight Riders,2,0.8851351351351351,1.8,0.7619047619047619,2.0
734043,Karanveer Singh,Kolkata Knight Riders,3,1.5555555555555556,2.3333333333333335,3.5,1.0
734043,M Morkel,Kings XI Punjab,2,1.2571428571428571,1.0,1.6666666666666667,0.0
734043,MG Johnson,Kolkata Knight Riders,2,1.2222222222222223,1.0,1.5555555555555556,1.0
734043,P Awana,Kolkata Knight Riders,1,1.303030303030303,1.4,1.0,2.0
734043,PP Chawla,Kings XI Punjab,1,1.0523560209424083,1.4,1.0714285714285714,2.0
734043,R Dhawan,Kolkata Knight Riders,0,0.75,1.0,0.4,0.0
734043,SP Narine,Kings XI Punjab,0,1.1428571428571428,1.2,1.631578947368421,1.0
734043,Shakib Al Hasan,Kings XI Punjab,2,1.0142857142857142,1.4,0.7142857142857143,0.0
734043,UT Yadav,Kings XI Punjab,3,1.1088435374149659,1.6,1.631578947368421,1.0
734045,A Nehra,Mumbai Indians,2,1.375,1.6,1.8181818181818181,2.0
734045,CJ Anderson,Chennai Super Kings,0,0.6363636363636364,0.2,0.25,1.0
734045,Harbhajan Singh,Chennai Super Kings,2,1.00625,1.6,1.1428571428571428,1.0
734045,IC Pandey,Mumbai Indians,0,0.7916666666666666,0.4,0.5,1.0
734045,JJ Bumrah,Chennai Super Kings,0,1.368421052631579,0.8,0.8,1.0
734045,KA Pollard,Chennai Super Kings,0,0.7570093457943925,0.2,0.9375,0.0
734045,MM Sharma,Mumbai Indians,3,1.3243243243243243,0.8,1.75,2.0
734045,P Kumar,Chennai Super Kings,0,0.8571428571428571,1.0,1.1333333333333333,1.0
734045,PP Ojha,Chennai Super Kings,1,1.1,0.6,1.5333333333333334,0.0
734045,R Ashwin,Mumbai Indians,1,0.9519230769230769,0.8,0.7941176470588235,1.0
734045,RA Jadeja,Mumbai Indians,2,0.8009478672985783,1.2,0.6451612903225806,0.0
734045,SK Raina,Mumbai Indians,0,0.43478260869565216,0.2,0.5714285714285714,0.0
734047,A Nehra,Kings XI Punjab,2,1.375,1.8,1.1428571428571428,4.0
734047,AR Patel,Chennai Super Kings,2,0.8851351351351351,2.0,0.7647058823529411,1.0
734047,GJ Maxwell,Chennai Super Kings,0,0.5189873417721519,0.2,0.75,0.0
734047,IC Pandey,Kings XI Punjab,1,0.7916666666666666,0.6,0.75,1.0
734047,Karanveer Singh,Chennai Super Kings,1,1.5555555555555556,2.0,1.0,4.0
734047,MG Johnson,Chennai Super Kings,1,1.2222222222222223,1.0,1.0,2.0
734047,MM Sharma,Kings XI Punjab,2,1.3243243243243243,1.2,1.3333333333333333,1.0
734047,P Awana,Chennai Super Kings,2,1.303030303030303,1.6,1.1666666666666667,0.0
734047,R Ashwin,Kings XI Punjab,1,0.9519230769230769,0.6,1.1764705882352942,1.0
734047,RA Jadeja,Kings XI Punjab,0,0.8009478672985783,1.0,0.7777777777777778,0.0
734047,Sandeep Sharma,Chennai Super Kings,1,1.2142857142857142,1.2,0.75,1.0
734049,AR Patel,Kolkata Knight Riders,1,0.8851351351351351,2.0,0.7619047619047619,1.0
734049,Karanveer Singh,Kolkata Knight Riders,4,1.5555555555555556,2.4,3.5,0.0
734049,M Morkel,Kings XI Punjab,0,1.2571428571428571,0.6,1.6666666666666667,2.0
734049,MG Johnson,Kolkata Knight Riders,2,1.2222222222222223,1.4,1.5555555555555556,2.0
734049,PP Chawla,Kings XI Punjab,2,1.0523560209424083,1.2,1.0714285714285714,0.0
734049,SP Narine,Kings XI Punjab,1,1.1428571428571428,1.2,1.631578947368421,0.0
734049,Shakib Al Hasan,Kings XI Punjab,0,1.0142857142857142,1.0,0.7142857142857143,1.0
734049,UT Yadav,Kings XI Punjab,1,1.1088435374149659,1.0,1.631578947368421,0.0
829705,AD Russell,Mumbai Indians,0,1.1160714285714286,0.4,1.0555555555555556,0.0
829705,CJ Anderson,Kolkata Knight Riders,1,0.6363636363636364,0.2,0.6666666666666666,0.0
829705,Harbhajan Singh,Kolkata Knight Riders,1,1.00625,1.4,0.8947368421052632,2.0
829705,JJ Bumrah,Kolkata Knight Riders,1,1.368421052631579,1.0,1.5,1.0
829705,M Morkel,Mumbai Indians,2,1.2571428571428571,1.0,1.4444444444444444,2.0
829705,PP Chawla,Mumbai Indians,0,1.0523560209424083,1.0,1.3333333333333333,0.0
829705,R Vinay Kumar,Kolkata Knight Riders,0,1.2211538461538463,0.8,2.0,0.0
829705,SL Malinga,Kolkata Knight Riders,0,1.540983606557377,1.6,1.3529411764705883,2.0
829705,SP Narine,Mumbai Indians,0,1.1428571428571428,1.0,1.2173913043478262,0.0
829705,Shakib Al Hasan,Mumbai Indians,1,1.0142857142857142,1.2,1.0833333333333333,2.0
829705,UT Yadav,Mumbai Indians,0,1.1088435374149659,1.0,1.0555555555555556,1.0
829707,A Mishra,Chennai Super Kings,1,1.1296296296296295,1.0,0.875,2.0
829707,A Nehra,Delhi Daredevils,4,1.375,2.4,1.5,0.0
829707,DJ Bravo,Delhi Daredevils,2,1.3101265822784811,2.4,0.8571428571428571,2.0
829707,DJ Muthuswami,Chennai Super Kings,1,0.6666666666666666,1.0,1.0,0.0
829707,IC Pandey,Delhi Daredevils,1,0.7916666666666666,0.6,1.25,1.0
829707,Imran Tahir,Chennai Super Kings,1,1.4576271186440677,2.2,1.0,4.0
829707,JA Morkel,Chennai Super Kings,0,1.103448275862069,0.4,1.0,1.0
829707,JP Duminy,Chennai Super Kings,1,0.46938775510204084,0.8,0.25,2.0
829707,MM Sharma,Delhi Daredevils,1,1.3243243243243243,1.4,1.1818181818181819,2.0
829707,NM Coulter-Nile,Chennai Super Kings,3,1.368421052631579,2.0,2.0,0.0
829707,R Ashwin,Delhi Daredevils,1,0.9519230769230769,0.8,1.4375,1.0
829709,AR Patel,Rajasthan Royals,1,0.8851351351351351,1.6,1.0,2.0
829709,Anureet Singh,Rajasthan Royals,3,0.9545454545454546,1.6666666666666667,2.0,2.0
829709,CH Morris,Kings XI Punjab,0,1.3209876543209877,0.8,1.3636363636363635,2.0
829709,DS Kulkarni,Kings XI Punjab,1,0.9891304347826086,0.8,1.0909090909090908,0.0
829709,JP Faulkner,Kings XI Punjab,3,1.2666666666666666,1.4,1.0,0.0
829709,Karanveer Singh,Rajasthan Royals,0,1.5555555555555556,2.0,1.0,1.0
829709,MG Johnson,Rajasthan Royals,2,1.2222222222222223,1.8,1.3333333333333333,2.0
829709,PV Tambe,Kings XI Punjab,0,0.8484848484848485,0.2,0.25,1.0
829709,STR Binny,Kings XI Punjab,1,0.4444444444444444,0.4,0.375,2.0
829709,Sandeep Sharma,Rajasthan Royals,1,1.2142857142857142,1.4,0.5555555555555556,1.0
829709,TG Southee,Kings XI Punjab,3,1.0555555555555556,0.8,1.1666666666666667,0.0
829711,A Nehra,Sunrisers Hyderabad,0,1.375,2.2,0.6666666666666666,0.0
829711,B Kumar,Chennai Super Kings,0,1.1079545454545454,0.4,0.7,2.0
829711,DJ Bravo,Sunrisers Hyderabad,2,1.3101265822784811,2.4,1.375,0.0
829711,I Sharma,Chennai Super Kings,0,0.8727272727272727,0.8,0.5,1.0
829711,IC Pandey,Sunrisers Hyderabad,1,0.7916666666666666,0.8,0.5,1.0
829711,KV Sharma,Chennai Super Kings,0,1.0,2.0,0.625,1.0
829711,MM Sharma,Sunrisers Hyderabad,2,1.3243243243243243,1.8,1.7692307692307692,1.0
829711,Parvez Rasool,Chennai Super Kings,0,0.36363636363636365,0.2,0.0,1.0
829711,R Ashwin,Sunrisers Hyderabad,1,0.9519230769230769,1.0,0.65,0.0
829711,RA Jadeja,Sunrisers Hyderabad,0,0.8009478672985783,0.8,0.43478260869565216,0.0
829711,RS Bopara,Chennai Super Kings,2,0.9285714285714286,1.4,2.0,2.0
829711,TA Boult,Chennai Super Kings,2,1.2427184466019416,2.0,1.25,3.0
829713,AD Russell,Royal Challengers Bangalore,0,1.1160714285714286,0.4,0.8571428571428571,2.0
829713,AN Ahmed,Kolkata Knight Riders,1,0.8823529411764706,0.8,1.5,0.0
829713,DJG Sammy,Kolkata Knight Riders,0,0.7368421052631579,0.0,0.0,0.0
829713,HV Patel,Kolkata Knight Riders,2,1.4660194174757282,1.2,1.3076923076923077,0.0
829713,KC Cariappa,Royal Challengers Bangalore,1,0.7272727272727273,1.0,1.0,0.0
829713,M Morkel,Royal Challengers Bangalore,2,1.2571428571428571,1.4,1.0909090909090908,3.0
829713,PP Chawla,Royal Challengers Bangalore,0,1.0523560209424083,0.8,0.8260869565217391,1.0
829713,SA Abbott,Kolkata Knight Riders,0,0.3333333333333333,0.0,0.0,0.0
829713,SP Narine,Royal Challengers Bangalore,0,1.1428571428571428,0.2,1.2777777777777777,1.0
829713,Shakib Al Hasan,Royal Challengers Bangalore,2,1.0142857142857142,1.6,0.6666666666666666,2.0
829713,VR Aaron,Kolkata Knight Riders,2,0.92,1.4,1.1111111111111112,0.0
829713,YK Pathan,Royal Challengers Bangalore,2,0.5609756097560976,0.4,0.42857142857142855,0.0
829713,YS Chahal,Kolkata Knight Riders,1,1.3396226415094339,0.2,1.3181818181818181,2.0
829715,A Mishra,Rajasthan Royals,2,1.1296296296296295,1.0,1.619047619047619,1.0
829715,AD Mathews,Rajasthan Royals,1,0.6363636363636364,1.2,0.5714285714285714,1.0
829715,CH Morris,Delhi Daredevils,2,1.3209876543209877,1.0,1.5,1.0
829715,DJ Hooda,Delhi Daredevils,0,0.30303030303030304,0.0,0.0,0.0
829715,DS Kulkarni,Delhi Daredevils,0,0.9891304347826086,0.8,0.9285714285714286,1.0
829715,Imran Tahir,Rajasthan Royals,4,1.4576271186440677,2.6,1.8,3.0
829715,JD Unadkat,Rajasthan Royals,0,1.0480769230769231,0.6,0.5714285714285714,0.0
829715,JP Faulkner,Delhi Daredevils,0,1.2666666666666666,1.2,1.1,0.0
829715,NM Coulter-Nile,Rajasthan Royals,0,1.368421052631579,1.5,1.25,0.0
829715,PV Tambe,Delhi Daredevils,1,0.8484848484848485,0.4,0.8,1.0
829715,TG Southee,Delhi Daredevils,0,1.0555555555555556,0.6,0.0,1.0
829715,Yuvraj Singh,Rajasthan Royals,0,0.5342465753424658,0.4,0.6666666666666666,0.0
829717,AR Patel,Mumbai Indians,2,0.8851351351351351,1.6,0.7142857142857143,2.0
829717,Anureet Singh,Mumbai Indians,2,0.9545454545454546,1.75,1.5,2.0
829717,Harbhajan Singh,Kings XI Punjab,2,1.00625,1.4,1.0909090909090908,2.0
829717,J Suchith,Kings XI Punjab,1,0.9523809523809523,1.0,1.0,0.0
829717,KA Pollard,Kings XI Punjab,0,0.7570093457943925,0.2,0.38461538461538464,1.0
829717,MG Johnson,Mumbai Indians,2,1.2222222222222223,1.8,0.8,0.0
829717,P Suyal,Kings XI Punjab,0,0.4,0.6666666666666666,0.0,0.0
829717,R Dhawan,Mumbai Indians,0,0.75,1.0,1.0,0.0
829717,R Vinay Kumar,Kings XI Punjab,0,1.2211538461538463,0.4,0.45454545454545453,1.0
829717,SL Malinga,Kings XI Punjab,2,1.540983606557377,1.6,1.9285714285714286,1.0
829717,Sandeep Sharma,Mumbai Indians,1,1.2142857142857142,1.2,1.5,1.0
829719,A Ashish Reddy,Royal Challengers Bangalore,1,0.95,0.6,1.0,0.0
829719,AN Ahmed,Sunrisers Hyderabad,0,0.8823529411764706,0.6,0.0,1.0
829719,B Kumar,Royal Challengers Bangalore,2,1.1079545454545454,0.8,1.0476190476190477,0.0
829719,HV Patel,Sunrisers Hyderabad,0,1.4660194174757282,1.2,1.1538461538461537,1.0
829719,KV Sharma,Royal Challengers Bangalore,1,1.0,2.0,0.8571428571428571,1.0
829719,P Kumar,Royal Challengers Bangalore,1,0.8571428571428571,1.2,0.4,0.0
829719,RS Bopara,Royal Challengers Bangalore,2,0.9285714285714286,1.8,0.6666666666666666,2.0
829719,SA Abbott,Sunrisers Hyderabad,0,0.3333333333333333,0.0,0.0,1.0
829719,TA Boult,Royal Challengers Bangalore,3,1.2427184466019416,2.5,1.4545454545454546,1.0
829719,VR Aaron,Sunrisers Hyderabad,0,0.92,1.2,1.2,0.0
829719,YS Chahal,Sunrisers Hyderabad,2,1.3396226415094339,0.6,1.3333333333333333,2.0
829721,CH Morris,Mumbai Indians,1,1.3209876543209877,1.2,1.3,0.0
829721,CJ Anderson,Rajasthan Royals,0,0.6363636363636364,0.2,0.0,0.0
829721,DJ Hooda,Mumbai Indians,0,0.30303030303030304,0.0,0.4,0.0
829721,DS Kulkarni,Mumbai Indians,1,0.9891304347826086,0.8,1.3,2.0
829721,J Suchith,Rajasthan Royals,0,0.9523809523809523,0.5,0.5,0.0
829721,JP Faulkner,Mumbai Indians,0,1.2666666666666666,1.0,1.75,0.0
829721,P Suyal,Rajasthan Royals,0,0.4,0.5,0.0,0.0
829721,PV Tambe,Mumbai Indians,1,0.8484848484848485,0.4,1.0,2.0
829721,R Vinay Kumar,Rajasthan Royals,1,1.2211538461538463,0.6,1.0714285714285714,0.0
829721,S Gopal,Rajasthan Royals,1,1.0392156862745099,1.4,1.3333333333333333,0.0
829721,SL Malinga,Rajasthan Royals,1,1.540983606557377,1.2,0.9230769230769231,1.0
829721,STR Binny,Mumbai Indians,2,0.4444444444444444,0.8,0.7272727272727273,0.0
829721,TG Southee,Mumbai Indians,1,1.0555555555555556,0.8,1.25,1.0
829723,A Nehra,Kolkata Knight Riders,0,1.375,1.6,0.8,3.0
829723,AD Russell,Chennai Super Kings,2,1.1160714285714286,0.8,0.6923076923076923,2.0
829723,DJ Bravo,Kolkata Knight Riders,0,1.3101265822784811,2.2,1.3157894736842106,2.0
829723,GB Hogg,Chennai Super Kings,4,1.1904761904761905,1.4,2.3333333333333335,1.0
829723,MM Sharma,Kolkata Knight Riders,1,1.3243243243243243,1.8,0.9166666666666666,1.0
829723,P Negi,Kolkata Knight Riders,1,0.9047619047619048,0.6,1.6,1.0
829723,PJ Cummins,Chennai Super Kings,1,1.1379310344827587,1.5,0.75,0.0
829723,PP Chawla,Chennai Super Kings,1,1.0523560209424083,0.8,1.0,0.0
829723,RA Jadeja,Kolkata Knight Riders,0,0.8009478672985783,0.6,0.8148148148148148,0.0
829723,RG More,Kolkata Knight Riders,1,0.5,1.0,1.0,0.0
829723,UT Yadav,Chennai Super Kings,1,1.1088435374149659,1.0,1.0555555555555556,3.0
829723,YK Pathan,Chennai Super Kings,0,0.5609756097560976,0.4,0.7333333333333333,0.0
829725,A Mishra,Kings XI Punjab,1,1.1296296296296295,1.2,1.15,0.0
829725,AD Mathews,Kings XI Punjab,1,0.6363636363636364,1.2,0.6666666666666666,1.0
829725,AR Patel,Delhi Daredevils,2,0.8851351351351351,1.6,1.1111111111111112,0.0
829725,Anureet Singh,Delhi Daredevils,2,0.9545454545454546,1.8,1.0,0.0
829725,DJ Muthuswami,Kings XI Punjab,0,0.6666666666666666,0.5,0.0,0.0
829725,GJ Maxwell,Delhi Daredevils,0,0.5189873417721519,0.2,0.25,0.0
829725,Imran Tahir,Kings XI Punjab,3,1.4576271186440677,2.6,1.3333333333333333,1.0
829725,JP Duminy,Kings XI Punjab,2,0.46938775510204084,1.0,1.0,4.0
829725,MG Johnson,Delhi Daredevils,0,1.2222222222222223,1.4,0.8333333333333334,1.0
829725,NM Coulter-Nile,Kings XI Punjab,0,1.368421052631579,1.2,1.25,2.0
829725,R Dhawan,Delhi Daredevils,0,0.75,0.8,0.6666666666666666,0.0
829725,Sandeep Sharma,Delhi Daredevils,1,1.2142857142857142,0.8,1.6,4.0
829725,Yuvraj Singh,Kings XI Punjab,0,0.5342465753424658,0.4,0.16666666666666666,0.0
829727,A Ashish Reddy,Rajasthan Royals,0,0.95,0.4,0.0,1.0
829727,B Kumar,Rajasthan Royals,0,1.1079545454545454,0.4,1.0555555555555556,1.0
829727,CH Morris,Sunrisers Hyderabad,0,1.3209876543209877,1.0,1.0833333333333333,1.0
829727,DJ Hooda,Sunrisers Hyderabad,0,0.30303030303030304,0.0,0.0,0.0
829727,DS Kulkarni,Sunrisers Hyderabad,2,0.9891304347826086,1.2,0.5714285714285714,0.0
829727,JP Faulkner,Sunrisers Hyderabad,0,1.2666666666666666,0.8,1.875,1.0
829727,KV Sharma,Rajasthan Royals,1,1.0,2.0,1.0909090909090908,0.0
829727,P Kumar,Rajasthan Royals,0,0.8571428571428571,1.0,0.8333333333333334,1.0
829727,PV Tambe,Sunrisers Hyderabad,2,0.8484848484848485,0.8,0.6666666666666666,1.0
829727,RS Bopara,Rajasthan Royals,2,0.9285714285714286,1.6,1.3333333333333333,0.0
829727,STR Binny,Sunrisers Hyderabad,0,0.4444444444444444,0.8,0.2857142857142857,0.0
829727,TA Boult,Rajasthan Royals,1,1.2427184466019416,2.0,1.25,0.0
829727,TG Southee,Sunrisers Hyderabad,1,1.0555555555555556,1.0,1.8571428571428572,3.0
829729,A Nehra,Mumbai Indians,3,1.375,1.8,1.8181818181818181,0.0
829729,DJ Bravo,Mumbai Indians,2,1.3101265822784811,2.0,1.6363636363636365,1.0
829729,Harbhajan Singh,Chennai Super Kings,2,1.00625,1.6,1.1428571428571428,3.0
829729,IC Pandey,Mumbai Indians,1,0.7916666666666666,0.8,0.5,0.0
829729,J Suchith,Chennai Super Kings,0,0.9523809523809523,0.3333333333333333,0.8,1.0
829729,KA Pollard,Chennai Super Kings,1,0.7570093457943925,0.4,0.9375,1.0
829729,MM Sharma,Mumbai Indians,1,1.3243243243243243,1.4,1.75,0.0
829729,R Ashwin,Mumbai Indians,0,0.9519230769230769,0.8,0.7941176470588235,0.0
829729,R Vinay Kumar,Chennai Super Kings,0,1.2211538461538463,0.6,1.0588235294117647,0.0
829729,RA Jadeja,Mumbai Indians,0,0.8009478672985783,0.4,0.6451612903225806,1.0
829729,SL Malinga,Chennai Super Kings,1,1.540983606557377,1.0,1.7619047619047619,1.0
829731,A Ashish Reddy,Delhi Daredevils,1,0.95,0.4,0.5,2.0
829731,A Mishra,Sunrisers Hyderabad,0,1.1296296296296295,1.0,0.9285714285714286,0.0
829731,AD Mathews,Sunrisers Hyderabad,1,0.6363636363636364,1.4,0.25,0.0
829731,B Kumar,Delhi Daredevils,1,1.1079545454545454,0.6,0.4166666666666667,1.0
829731,DJ Muthuswami,Sunrisers Hyderabad,0,0.6666666666666666,0.3333333333333333,0.0,2.0
829731,DW Steyn,Delhi Daredevils,1,1.105263157894737,0.6,1.6363636363636365,0.0
829731,Imran Tahir,Sunrisers Hyderabad,1,1.4576271186440677,2.0,0.8333333333333334,1.0
829731,JP Duminy,Sunrisers Hyderabad,4,0.46938775510204084,1.4,1.0,0.0
829731,KV Sharma,Delhi Daredevils,0,1.0,1.4,1.1428571428571428,0.0
829731,NM Coulter-Nile,Sunrisers Hyderabad,2,1.368421052631579,1.4,1.5555555555555556,1.0
829731,P Kumar,Delhi Daredevils,1,0.8571428571428571,0.8,0.8571428571428571,1.0
829731,RS Bopara,Delhi Daredevils,0,0.9285714285714286,1.4,0.0,1.0
829731,Yuvraj Singh,Sunrisers Hyderabad,0,0.5342465753424658,0.4,0.3333333333333333,1.0
829733,AD Russell,Kings XI Punjab,2,1.1160714285714286,1.0,1.7777777777777777,0.0
829733,AR Patel,Kolkata Knight Riders,0,0.8851351351351351,1.2,0.7619047619047619,2.0
829733,Anureet Singh,Kolkata Knight Riders,0,0.9545454545454546,1.4,1.0,1.0
829733,M Morkel,Kings XI Punjab,3,1.2571428571428571,1.8,1.6666666666666667,2.0
829733,MG Johnson,Kolkata Knight Riders,1,1.2222222222222223,1.4,1.5555555555555556,3.0
829733,NLTC Perera,Kolkata Knight Riders,1,1.0277777777777777,0.8,1.0,0.0
829733,PP Chawla,Kings XI Punjab,0,1.0523560209424083,0.6,1.0714285714285714,2.0
829733,SP Narine,Kings XI Punjab,1,1.1428571428571428,0.4,1.631578947368421,1.0
829733,Sandeep Sharma,Kolkata Knight Riders,4,1.2142857142857142,1.6,0.8571428571428571,1.0
829733,UT Yadav,Kings XI Punjab,3,1.1088435374149659,1.6,1.631578947368421,3.0
829735,A Nehra,Rajasthan Royals,0,1.375,1.4,1.2222222222222223,4.0
829735,Ankit Sharma,Chennai Super Kings,1,0.5714285714285714,1.0,0.8333333333333334,1.0
829735,CH Morris,Chennai Super Kings,1,1.3209876543209877,0.8,1.8333333333333333,3.0
829735,DJ Bravo,Rajasthan Royals,1,1.3101265822784811,1.4,1.3076923076923077,1.0
829735,DJ Hooda,Chennai Super Kings,0,0.30303030303030304,0.0,0.0,1.0
829735,IC Pandey,Rajasthan Royals,0,0.7916666666666666,0.8,0.6666666666666666,1.0
829735,JP Faulkner,Chennai Super Kings,1,1.2666666666666666,0.8,1.1666666666666667,0.0
829735,MM Sharma,Rajasthan Royals,0,1.3243243243243243,1.0,1.0,0.0
829735,PV Tambe,Chennai Super Kings,1,0.8484848484848485,1.0,0.5,1.0
829735,R Ashwin,Rajasthan Royals,0,0.9519230769230769,0.6,1.1764705882352942,0.0
829735,RA Jadeja,Rajasthan Royals,1,0.8009478672985783,0.2,1.0476190476190477,2.0
829735,SR Watson,Chennai Super Kings,0,1.019047619047619,0.6,0.7272727272727273,0.0
829735,STR Binny,Chennai Super Kings,0,0.4444444444444444,0.6,0.2857142857142857,1.0
829737,D Wiese,Mumbai Indians,4,1.1333333333333333,4.0,2.0,1.0
829737,HH Pandya,Royal Challengers Bangalore,0,0.7526881720430108,0.0,0.5,0.0
829737,Harbhajan Singh,Royal Challengers Bangalore,3,1.00625,2.0,1.0869565217391304,0.0
829737,Iqbal Abdulla,Mumbai Indians,0,0.9375,1.2,0.8571428571428571,2.0
829737,JJ Bumrah,Royal Challengers Bangalore,1,1.368421052631579,0.6,1.6111111111111112,1.0
829737,KA Pollard,Royal Challengers Bangalore,1,0.7570093457943925,0.6,0.9333333333333333,0.0
829737,MJ McClenaghan,Royal Challengers Bangalore,1,1.3392857142857142,1.0,1.4444444444444444,2.0
829737,SL Malinga,Royal Challengers Bangalore,1,1.540983606557377,1.0,0.9375,1.0
829737,VR Aaron,Mumbai Indians,0,0.92,1.2,1.0,2.0
829737,YS Chahal,Mumbai Indians,2,1.3396226415094339,1.0,1.5,3.0
829739,A Mishra,Kolkata Knight Riders,0,1.1296296296296295,0.8,1.0,2.0
829739,AD Mathews,Kolkata Knight Riders,0,0.6363636363636364,1.2,0.5,2.0
829739,AD Russell,Delhi Daredevils,0,1.1160714285714286,0.8,1.6666666666666667,1.0
829739,DJ Muthuswami,Kolkata Knight Riders,2,0.6666666666666666,0.75,2.0,1.0
829739,Imran Tahir,Kolkata Knight Riders,1,1.4576271186440677,2.0,1.4285714285714286,3.0
829739,JP Duminy,Kolkata Knight Riders,0,0.46938775510204084,1.4,0.14285714285714285,0.0
829739,M Morkel,Delhi Daredevils,2,1.2571428571428571,1.8,2.0,2.0
829739,NM Coulter-Nile,Kolkata Knight Riders,1,1.368421052631579,1.2,1.0,1.0
829739,PP Chawla,Delhi Daredevils,2,1.0523560209424083,0.6,1.105263157894737,0.0
829739,SP Narine,Delhi Daredevils,1,1.1428571428571428,0.6,1.7692307692307692,0.0
829739,UT Yadav,Delhi Daredevils,3,1.1088435374149659,1.6,1.1111111111111112,1.0
829739,YK Pathan,Delhi Daredevils,0,0.5609756097560976,0.4,0.125,0.0
829741,AR Patel,Rajasthan Royals,2,0.8851351351351351,1.4,1.0,1.0
829741,Anureet Singh,Rajasthan Royals,1,0.9545454545454546,1.6,2.0,1.0
829741,CH Morris,Kings XI Punjab,3,1.3209876543209877,1.4,1.3636363636363635,0.0
829741,DJ Hooda,Kings XI Punjab,1,0.30303030303030304,0.2,0.25,0.0
829741,GJ Maxwell,Rajasthan Royals,0,0.5189873417721519,0.0,0.25,0.0
829741,JP Faulkner,Kings XI Punjab,0,1.2666666666666666,0.2,1.0,0.0
829741,MG Johnson,Rajasthan Royals,3,1.2222222222222223,1.6,1.3333333333333333,0.0
829741,PV Tambe,Kings XI Punjab,1,0.8484848484848485,1.2,0.25,0.0
829741,R Tewatia,Kings XI Punjab,2,0.6923076923076923,1.25,0.8333333333333334,2.0
829741,SR Watson,Kings XI Punjab,0,1.019047619047619,0.0,1.1538461538461537,1.0
829741,STR Binny,Kings XI Punjab,1,0.4444444444444444,0.8,0.375,2.0
829741,Sandeep Sharma,Rajasthan Royals,1,1.2142857142857142,1.6,0.5555555555555556,0.0
829743,AD Russell,Sunrisers Hyderabad,1,1.1160714285714286,1.0,1.3888888888888888,1.0
829743,B Kumar,Kolkata Knight Riders,1,1.1079545454545454,0.8,1.1,3.0
829743,Bipul Sharma,Kolkata Knight Riders,0,0.7857142857142857,0.2,0.2857142857142857,2.0
829743,DW Steyn,Kolkata Knight Riders,0,1.105263157894737,0.4,1.0769230769230769,2.0
829743,J Botha,Sunrisers Hyderabad,0,0.7941176470588235,0.8,1.0,0.0
829743,KV Sharma,Kolkata Knight Riders,0,1.0,0.4,1.3333333333333333,1.0
829743,M Morkel,Sunrisers Hyderabad,2,1.2571428571428571,2.2,1.5,1.0
829743,MC Henriques,Kolkata Knight Riders,1,0.7666666666666667,1.0,0.8888888888888888,1.0
829743,P Kumar,Kolkata Knight Riders,1,0.8571428571428571,0.6,0.625,2.0
829743,PP Chawla,Sunrisers Hyderabad,0,1.0523560209424083,0.6,0.9473684210526315,4.0
829743,RS Bopara,Kolkata Knight Riders,1,0.9285714285714286,1.4,0.5,1.0
829743,SP Narine,Sunrisers Hyderabad,0,1.1428571428571428,0.4,0.64,0.0
829743,UT Yadav,Sunrisers Hyderabad,1,1.1088435374149659,1.6,0.8421052631578947,0.0
829743,YK Pathan,Sunrisers Hyderabad,0,0.5609756097560976,0.4,0.125,0.0
829745,A Nehra,Royal Challengers Bangalore,4,1.375,1.4,1.8461538461538463,2.0
829745,D Wiese,Chennai Super Kings,1,1.1333333333333333,2.5,1.0,0.0
829745,DJ Bravo,Royal Challengers Bangalore,1,1.3101265822784811,1.2,1.0434782608695652,0.0
829745,HV Patel,Chennai Super Kings,1,1.4660194174757282,1.2,1.7,2.0
829745,IC Pandey,Royal Challengers Bangalore,1,0.7916666666666666,0.8,1.0,1.0
829745,Iqbal Abdulla,Chennai Super Kings,2,0.9375,1.4,0.5714285714285714,1.0
829745,MA Starc,Chennai Super Kings,1,1.5128205128205128,0.4,1.1666666666666667,3.0
829745,MM Sharma,Royal Challengers Bangalore,0,1.3243243243243243,0.8,0.5,1.0
829745,R Ashwin,Royal Challengers Bangalore,0,0.9519230769230769,0.4,0.8461538461538461,2.0
829745,RA Jadeja,Royal Challengers Bangalore,2,0.8009478672985783,0.6,1.037037037037037,3.0
829745,YS Chahal,Chennai Super Kings,3,1.3396226415094339,1.6,1.1176470588235294,2.0
829747,A Mishra,Mumbai Indians,2,1.1296296296296295,1.0,1.1363636363636365,0.0
829747,AD Mathews,Mumbai Indians,2,0.6363636363636364,1.0,0.75,0.0
829747,DJ Muthuswami,Mumbai Indians,1,0.6666666666666666,0.8,1.0,0.0
829747,HH Pandya,Delhi Daredevils,0,0.7526881720430108,0.0,0.42857142857142855,1.0
829747,Harbhajan Singh,Delhi Daredevils,0,1.00625,1.6,1.1578947368421053,0.0
829747,Imran Tahir,Mumbai Indians,3,1.4576271186440677,2.4,1.2857142857142858,0.0
829747,JJ Bumrah,Delhi Daredevils,1,1.368421052631579,0.8,0.8888888888888888,0.0
829747,JP Duminy,Mumbai Indians,0,0.46938775510204084,1.4,0.4,0.0
829747,KA Pollard,Delhi Daredevils,0,0.7570093457943925,0.4,0.5454545454545454,0.0
829747,MJ McClenaghan,Delhi Daredevils,2,1.3392857142857142,1.5,1.5,3.0
829747,NM Coulter-Nile,Mumbai Indians,1,1.368421052631579,0.8,1.3333333333333333,0.0
829747,S Nadeem,Mumbai Indians,0,0.7714285714285715,0.8,0.9090909090909091,0.0
829747,SL Malinga,Delhi Daredevils,1,1.540983606557377,1.2,1.8333333333333333,4.0
829749,CH Morris,Royal Challengers Bangalore,0,1.3209876543209877,1.0,1.0,0.0
829749,D Wiese,Rajasthan Royals,0,1.1333333333333333,1.6666666666666667,1.0,3.0
829749,DJ Hooda,Royal Challengers Bangalore,0,0.30303030303030304,0.2,0.3333333333333333,0.0
829749,DS Kulkarni,Royal Challengers Bangalore,0,0.9891304347826086,0.8,1.1538461538461537,1.0
829749,HV Patel,Rajasthan Royals,2,1.4660194174757282,1.4,1.8333333333333333,1.0
829749,Iqbal Abdulla,Rajasthan Royals,1,0.9375,1.2,0.8,1.0
829749,JP Faulkner,Royal Challengers Bangalore,0,1.2666666666666666,0.2,0.7142857142857143,0.0
829749,MA Starc,Rajasthan Royals,3,1.5128205128205128,1.0,1.4,3.0
829749,PV Tambe,Royal Challengers Bangalore,0,0.8484848484848485,1.0,1.0,0.0
829749,SR Watson,Royal Challengers Bangalore,1,1.019047619047619,0.2,1.0,1.0
829749,V Kohli,Rajasthan Royals,1,0.19230769230769232,0.4,0.3333333333333333,0.0
829749,YS Chahal,Rajasthan Royals,2,1.3396226415094339,2.0,1.5,1.0
829751,B Kumar,Mumbai Indians,3,1.1079545454545454,1.4,1.15,2.0
829751,DW Steyn,Mumbai Indians,2,1.105263157894737,0.6,1.1428571428571428,0.0
829751,Harbhajan Singh,Sunrisers Hyderabad,0,1.00625,1.4,0.6153846153846154,0.0
829751,J Suchith,Sunrisers Hyderabad,1,0.9523809523809523,0.5,1.5,1.0
829751,KV Sharma,Mumbai Indians,1,1.0,0.6,1.0,2.0
829751,MJ McClenaghan,Sunrisers Hyderabad,3,1.3392857142857142,2.0,1.7142857142857142,3.0
829751,P Kumar,Mumbai Indians,2,0.8571428571428571,1.0,0.8125,1.0
829751,R Vinay Kumar,Sunrisers Hyderabad,0,1.2211538461538463,0.2,0.8,2.0
829751,SL Malinga,Sunrisers Hyderabad,4,1.540983606557377,1.6,1.4444444444444444,1.0
829751,TA Boult,Mumbai Indians,0,1.2427184466019416,1.5,1.2727272727272727,3.0
829753,A Nehra,Kings XI Punjab,2,1.375,1.8,1.1428571428571428,2.0
829753,AR Patel,Chennai Super Kings,1,0.8851351351351351,1.4,0.7647058823529411,2.0
829753,Anureet Singh,Chennai Super Kings,1,0.9545454545454546,1.2,0.3333333333333333,1.0
829753,DJ Bravo,Kings XI Punjab,0,1.3101265822784811,0.8,1.625,3.0
829753,IC Pandey,Kings XI Punjab,1,0.7916666666666666,0.8,0.75,1.0
829753,Karanveer Singh,Chennai Super Kings,1,1.5555555555555556,1.8,1.0,1.0
829753,MG Johnson,Chennai Super Kings,0,1.2222222222222223,1.2,1.0,2.0
829753,MM Sharma,Kings XI Punjab,1,1.3243243243243243,0.6,1.3333333333333333,1.0
829753,R Ashwin,Kings XI Punjab,2,0.9519230769230769,0.6,1.1764705882352942,2.0
829753,RA Jadeja,Kings XI Punjab,3,0.8009478672985783,1.2,0.7777777777777778,0.0
829753,Sandeep Sharma,Chennai Super Kings,0,1.2142857142857142,1.4,0.75,1.0
829757,A Mishra,Royal Challengers Bangalore,0,1.1296296296296295,0.6,1.0555555555555556,1.0
829757,AD Mathews,Royal Challengers Bangalore,0,0.6363636363636364,0.8,1.0,0.0
829757,D Wiese,Delhi Daredevils,3,1.1333333333333333,2.0,1.0,1.0
829757,HV Patel,Delhi Daredevils,1,1.4660194174757282,1.2,1.0,1.0
829757,Imran Tahir,Royal Challengers Bangalore,0,1.4576271186440677,1.6,1.5555555555555556,2.0
829757,Iqbal Abdulla,Delhi Daredevils,1,0.9375,0.8,1.25,0.0
829757,JP Duminy,Royal Challengers Bangalore,0,0.46938775510204084,1.2,0.0,0.0
829757,MA Starc,Delhi Daredevils,3,1.5128205128205128,1.6,1.75,1.0
829757,NM Coulter-Nile,Royal Challengers Bangalore,0,1.368421052631579,0.8,1.5,4.0
829757,VR Aaron,Delhi Daredevils,2,0.92,1.2,1.75,0.0
829759,AR Patel,Sunrisers Hyderabad,2,0.8851351351351351,1.4,0.8947368421052632,0.0
829759,Anureet Singh,Sunrisers Hyderabad,1,0.9545454545454546,1.0,0.5,0.0
829759,B Kumar,Kings XI Punjab,2,1.1079545454545454,1.4,1.5714285714285714,2.0
829759,KV Sharma,Kings XI Punjab,2,1.0,0.8,0.75,0.0
829759,M Vijay,Sunrisers Hyderabad,0,0.0,0.0,0.0,0.0
829759,MC Henriques,Kings XI Punjab,1,0.7666666666666667,1.0,0.9,2.0
829759,MG Johnson,Sunrisers Hyderabad,2,1.2222222222222223,1.2,1.1666666666666667,1.0
829759,P Kumar,Kings XI Punjab,1,0.8571428571428571,1.0,1.1,0.0
829759,R Dhawan,Sunrisers Hyderabad,0,0.75,0.4,0.8,0.0
829759,Sandeep Sharma,Sunrisers Hyderabad,1,1.2142857142857142,1.4,1.2727272727272727,0.0
829759,TA Boult,Kings XI Punjab,3,1.2427184466019416,1.8,1.2857142857142858,0.0
829761,A Mishra,Kolkata Knight Riders,1,1.1296296296296295,0.6,1.0,1.0
829761,AD Mathews,Kolkata Knight Riders,0,0.6363636363636364,0.6,0.5,0.0
829761,AD Russell,Delhi Daredevils,1,1.1160714285714286,1.2,1.6666666666666667,2.0
829761,GB Hogg,Delhi Daredevils,1,1.1904761904761905,1.4,1.4,2.0
829761,Imran Tahir,Kolkata Knight Riders,2,1.4576271186440677,1.4,1.4285714285714286,0.0
829761,J Botha,Delhi Daredevils,0,0.7941176470588235,0.6,0.3333333333333333,1.0
829761,JA Morkel,Kolkata Knight Riders,1,1.103448275862069,0.4,0.6666666666666666,0.0
829761,JP Duminy,Kolkata Knight Riders,0,0.46938775510204084,0.8,0.14285714285714285,1.0
829761,PP Chawla,Delhi Daredevils,4,1.0523560209424083,1.4,1.105263157894737,2.0
829761,SP Narine,Delhi Daredevils,0,1.1428571428571428,0.4,1.7692307692307692,4.0
829761,UT Yadav,Delhi Daredevils,0,1.1088435374149659,1.6,1.1111111111111112,0.0
829761,Yuvraj Singh,Kolkata Knight Riders,1,0.5342465753424658,0.4,0.3333333333333333,0.0
829761,Z Khan,Kolkata Knight Riders,2,1.202020202020202,1.0,1.4,2.0
829763,DS Kulkarni,Royal Challengers Bangalore,1,0.9891304347826086,0.8,1.1538461538461537,2.0
829763,JP Faulkner,Royal Challengers Bangalore,0,1.2666666666666666,0.2,0.7142857142857143,2.0
829763,PV Tambe,Royal Challengers Bangalore,0,0.8484848484848485,0.8,1.0,1.0
829763,SR Watson,Royal Challengers Bangalore,1,1.019047619047619,0.4,1.0,0.0
829763,STR Binny,Royal Challengers Bangalore,2,0.4444444444444444,1.0,0.8,0.0
829763,TG Southee,Royal Challengers Bangalore,3,1.0555555555555556,1.6,1.0,1.0
829765,A Nehra,Kolkata Knight Riders,2,1.375,2.2,0.8,1.0
829765,AD Russell,Chennai Super Kings,2,1.1160714285714286,1.2,0.6923076923076923,1.0
829765,DJ Bravo,Kolkata Knight Riders,3,1.3101265822784811,1.4,1.3157894736842106,3.0
829765,GB Hogg,Chennai Super Kings,2,1.1904761904761905,1.4,2.3333333333333335,1.0
829765,IC Pandey,Kolkata Knight Riders,1,0.7916666666666666,0.8,0.75,2.0
829765,MM Sharma,Kolkata Knight Riders,1,1.3243243243243243,0.6,0.9166666666666666,0.0
829765,PJ Cummins,Chennai Super Kings,0,1.1379310344827587,1.0,0.75,0.0
829765,PP Chawla,Chennai Super Kings,2,1.0523560209424083,1.6,1.0,1.0
829765,R Ashwin,Kolkata Knight Riders,2,0.9519230769230769,0.8,0.9230769230769231,2.0
829765,RA Jadeja,Kolkata Knight Riders,0,0.8009478672985783,1.2,0.8148148148148148,0.0
829765,SK Raina,Kolkata Knight Riders,0,0.43478260869565216,0.2,0.4,2.0
829765,UT Yadav,Chennai Super Kings,0,1.1088435374149659,1.4,1.0555555555555556,0.0
829767,A Mishra,Kings XI Punjab,1,1.1296296296296295,0.8,1.15,0.0
829767,AD Mathews,Kings XI Punjab,0,0.6363636363636364,0.4,0.6666666666666666,1.0
829767,AR Patel,Delhi Daredevils,0,0.8851351351351351,1.0,1.1111111111111112,0.0
829767,Anureet Singh,Delhi Daredevils,0,0.9545454545454546,0.6,1.0,1.0
829767,Imran Tahir,Kings XI Punjab,0,1.4576271186440677,1.2,1.3333333333333333,0.0
829767,JP Duminy,Kings XI Punjab,1,0.46938775510204084,0.2,1.0,0.0
829767,NLTC Perera,Delhi Daredevils,0,1.0277777777777777,0.8,0.8,0.0
829767,NM Coulter-Nile,Kings XI Punjab,4,1.368421052631579,1.6,1.25,1.0
829767,SN Thakur,Delhi Daredevils,1,1.0869565217391304,1.0,0.6666666666666666,1.0
829767,Sandeep Sharma,Delhi Daredevils,0,1.2142857142857142,1.2,1.6,0.0
829767,Z Khan,Kings XI Punjab,2,1.202020202020202,1.4,1.2142857142857142,0.0
829769,Ankit Sharma,Mumbai Indians,1,0.5714285714285714,1.2,1.0,1.0
829769,DS Kulkarni,Mumbai Indians,2,0.9891304347826086,1.2,1.3,2.0
829769,Harbhajan Singh,Rajasthan Royals,0,1.00625,1.0,1.0,1.0
829769,J Suchith,Rajasthan Royals,1,0.9523809523809523,0.6,0.5,1.0
829769,MJ McClenaghan,Rajasthan Royals,3,1.3392857142857142,2.25,1.3333333333333333,0.0
829769,R Vinay Kumar,Rajasthan Royals,2,1.2211538461538463,0.6,1.0714285714285714,1.0
829769,SL Malinga,Rajasthan Royals,1,1.540983606557377,1.6,0.9230769230769231,4.0
829769,SR Watson,Mumbai Indians,0,1.019047619047619,0.4,0.9333333333333333,1.0
829769,STR Binny,Mumbai Indians,0,0.4444444444444444,0.6,0.7272727272727273,2.0
829769,TG Southee,Mumbai Indians,1,1.0555555555555556,1.2,1.25,0.0
829771,AD Russell,Royal Challengers Bangalore,1,1.1160714285714286,1.0,0.8571428571428571,1.0
829771,D Wiese,Kolkata Knight Riders,1,1.1333333333333333,1.8,1.0,2.0
829771,GB Hogg,Royal Challengers Bangalore,1,1.1904761904761905,1.6,1.3333333333333333,2.0
829771,HV Patel,Kolkata Knight Riders,1,1.4660194174757282,1.0,1.3076923076923077,2.0
829771,MA Starc,Kolkata Knight Riders,1,1.5128205128205128,1.6,1.3333333333333333,4.0
829771,PJ Cummins,Royal Challengers Bangalore,0,1.1379310344827587,0.75,0.6666666666666666,1.0
829771,PP Chawla,Royal Challengers Bangalore,1,1.0523560209424083,1.8,0.8260869565217391,2.0
829771,UT Yadav,Royal Challengers Bangalore,0,1.1088435374149659,0.8,1.0666666666666667,2.0
829771,VR Aaron,Kolkata Knight Riders,0,0.92,0.8,1.1111111111111112,0.0
829771,YS Chahal,Kolkata Knight Riders,1,1.3396226415094339,2.0,1.3181818181818181,1.0
829773,A Ashish Reddy,Chennai Super Kings,2,0.95,0.8,1.0,0.0
829773,A Nehra,Sunrisers Hyderabad,1,1.375,1.8,0.6666666666666666,3.0
829773,B Kumar,Chennai Super Kings,2,1.1079545454545454,1.8,0.7,2.0
829773,DJ Bravo,Sunrisers Hyderabad,3,1.3101265822784811,1.6,1.375,3.0
829773,KV Sharma,Chennai Super Kings,0,1.0,0.6,0.625,2.0
829773,MC Henriques,Chennai Super Kings,2,0.7666666666666667,1.0,1.0,1.0
829773,MM Sharma,Sunrisers Hyderabad,0,1.3243243243243243,0.4,1.7692307692307692,2.0
829773,P Kumar,Chennai Super Kings,0,0.8571428571428571,1.0,1.1333333333333333,0.0
829773,P Negi,Sunrisers Hyderabad,1,0.9047619047619048,0.6,1.0,0.0
829773,SK Raina,Sunrisers Hyderabad,2,0.43478260869565216,0.6,0.6666666666666666,0.0
829773,TA Boult,Chennai Super Kings,0,1.2427184466019416,1.4,1.25,1.0
829775,AR Patel,Mumbai Indians,0,0.8851351351351351,1.0,0.7142857142857143,1.0
829775,Anureet Singh,Mumbai Indians,1,0.9545454545454546,0.8,1.5,0.0
829775,GJ Maxwell,Mumbai Indians,0,0.5189873417721519,0.0,0.3333333333333333,0.0
829775,Harbhajan Singh,Kings XI Punjab,1,1.00625,0.8,1.0909090909090908,2.0
829775,J Suchith,Kings XI Punjab,1,0.9523809523809523,0.6,1.0,1.0
829775,KA Pollard,Kings XI Punjab,0,0.7570093457943925,0.4,0.38461538461538464,1.0
829775,Karanveer Singh,Mumbai Indians,1,1.5555555555555556,1.4,1.0,0.0
829775,M Vijay,Mumbai Indians,0,0.0,0.0,0.0,0.0
829775,MG Johnson,Mumbai Indians,1,1.2222222222222223,1.4,0.8,0.0
829775,MJ McClenaghan,Kings XI Punjab,0,1.3392857142857142,1.8,1.25,0.0
829775,R Vinay Kumar,Kings XI Punjab,1,1.2211538461538463,0.8,0.45454545454545453,0.0
829775,SL Malinga,Kings XI Punjab,4,1.540983606557377,2.2,1.9285714285714286,2.0
829775,Sandeep Sharma,Mumbai Indians,0,1.2142857142857142,0.4,1.5,2.0
829777,A Mishra,Rajasthan Royals,0,1.1296296296296295,0.8,1.619047619047619,1.0
829777,AD Mathews,Rajasthan Royals,1,0.6363636363636364,0.6,0.5714285714285714,1.0
829777,DS Kulkarni,Delhi Daredevils,2,0.9891304347826086,1.4,0.9285714285714286,0.0
829777,GS Sandhu,Rajasthan Royals,0,0.5,0.0,0.0,1.0
829777,JP Faulkner,Delhi Daredevils,2,1.2666666666666666,0.6,1.1,1.0
829777,NM Coulter-Nile,Rajasthan Royals,1,1.368421052631579,1.4,1.25,2.0
829777,R Bhatia,Delhi Daredevils,0,0.9010989010989011,0.6,0.8,0.0
829777,SR Watson,Delhi Daredevils,1,1.019047619047619,0.6,1.1666666666666667,2.0
829777,STR Binny,Delhi Daredevils,2,0.4444444444444444,1.0,0.6666666666666666,0.0
829777,TG Southee,Delhi Daredevils,0,1.0555555555555556,1.2,0.0,0.0
829777,Z Khan,Rajasthan Royals,0,1.202020202020202,1.4,0.875,1.0
829779,A Nehra,Royal Challengers Bangalore,3,1.375,2.4,1.8461538461538463,0.0
829779,D Wiese,Chennai Super Kings,2,1.1333333333333333,1.4,1.0,0.0
829779,DJ Bravo,Royal Challengers Bangalore,3,1.3101265822784811,2.0,1.0434782608695652,1.0
829779,HV Patel,Chennai Super Kings,2,1.4660194174757282,1.4,1.7,1.0
829779,IC Pandey,Royal Challengers Bangalore,2,0.7916666666666666,1.0,1.0,2.0
829779,Iqbal Abdulla,Chennai Super Kings,0,0.9375,0.8,0.5714285714285714,3.0
829779,MA Starc,Chennai Super Kings,4,1.5128205128205128,2.4,1.1666666666666667,4.0
829779,MM Sharma,Royal Challengers Bangalore,2,1.3243243243243243,0.8,0.5,0.0
829779,P Negi,Royal Challengers Bangalore,0,0.9047619047619048,0.6,0.2,1.0
829779,RA Jadeja,Royal Challengers Bangalore,0,0.8009478672985783,1.2,1.037037037037037,0.0
829779,V Kohli,Chennai Super Kings,0,0.19230769230769232,0.2,0.16666666666666666,0.0
829779,YS Chahal,Chennai Super Kings,1,1.3396226415094339,1.8,1.1176470588235294,1.0
829781,AD Russell,Sunrisers Hyderabad,1,1.1160714285714286,1.2,1.3888888888888888,1.0
829781,B Kumar,Kolkata Knight Riders,2,1.1079545454545454,2.0,1.1,3.0
829781,Bipul Sharma,Kolkata Knight Riders,2,0.7857142857142857,0.6,0.2857142857142857,2.0
829781,DW Steyn,Kolkata Knight Riders,0,1.105263157894737,0.6,1.0769230769230769,0.0
829781,GB Hogg,Sunrisers Hyderabad,2,1.1904761904761905,2.0,2.0,0.0
829781,J Botha,Sunrisers Hyderabad,1,0.7941176470588235,0.4,1.0,0.0
829781,KV Sharma,Kolkata Knight Riders,2,1.0,1.0,1.3333333333333333,1.0
829781,MC Henriques,Kolkata Knight Riders,1,0.7666666666666667,1.0,0.8888888888888888,1.0
829781,P Kumar,Kolkata Knight Riders,0,0.8571428571428571,0.8,0.625,0.0
829781,PP Chawla,Sunrisers Hyderabad,2,1.0523560209424083,1.8,0.9473684210526315,0.0
829781,UT Yadav,Sunrisers Hyderabad,2,1.1088435374149659,0.6,0.8421052631578947,0.0
829781,YK Pathan,Sunrisers Hyderabad,0,0.5609756097560976,0.4,0.125,1.0
829783,A Mishra,Mumbai Indians,1,1.1296296296296295,0.6,1.1363636363636365,0.0
829783,AD Mathews,Mumbai Indians,1,0.6363636363636364,0.4,0.75,0.0
829783,HH Pandya,Delhi Daredevils,1,0.7526881720430108,0.3333333333333333,0.42857142857142855,0.0
829783,Harbhajan Singh,Delhi Daredevils,2,1.00625,0.6,1.1578947368421053,1.0
829783,Imran Tahir,Mumbai Indians,0,1.4576271186440677,1.0,1.2857142857142858,0.0
829783,J Suchith,Delhi Daredevils,1,0.9523809523809523,0.8,1.0,1.0
829783,MJ McClenaghan,Delhi Daredevils,0,1.3392857142857142,1.6,1.5,1.0
829783,NM Coulter-Nile,Mumbai Indians,2,1.368421052631579,1.6,1.3333333333333333,2.0
829783,R Vinay Kumar,Delhi Daredevils,0,1.2211538461538463,0.6,0.9285714285714286,1.0
829783,SL Malinga,Delhi Daredevils,2,1.540983606557377,2.4,1.8333333333333333,1.0
829783,Yuvraj Singh,Mumbai Indians,0,0.5342465753424658,0.2,0.6,0.0
829783,Z Khan,Mumbai Indians,1,1.202020202020202,1.2,1.0,1.0
829785,AR Patel,Royal Challengers Bangalore,1,0.8851351351351351,0.8,1.0555555555555556,1.0
829785,Anureet Singh,Royal Challengers Bangalore,0,0.9545454545454546,0.6,0.6666666666666666,3.0
829785,D Wiese,Kings XI Punjab,0,1.1333333333333333,1.2,0.5,0.0
829785,GJ Maxwell,Royal Challengers Bangalore,0,0.5189873417721519,0.0,0.75,1.0
829785,HV Patel,Kings XI Punjab,1,1.4660194174757282,1.4,1.4,2.0
829785,MA Starc,Kings XI Punjab,4,1.5128205128205128,3.0,1.75,1.0
829785,MG Johnson,Royal Challengers Bangalore,0,1.2222222222222223,1.2,0.7142857142857143,2.0
829785,S Aravind,Kings XI Punjab,4,1.263157894736842,1.8,1.8333333333333333,2.0
829785,Sandeep Sharma,Royal Challengers Bangalore,2,1.2142857142857142,0.6,1.6666666666666667,0.0
829785,YS Chahal,Kings XI Punjab,1,1.3396226415094339,1.6,1.6428571428571428,2.0
829787,B Kumar,Rajasthan Royals,3,1.1079545454545454,2.4,1.0555555555555556,1.0
829787,CH Morris,Sunrisers Hyderabad,0,1.3209876543209877,0.8,1.0833333333333333,3.0
829787,DJ Hooda,Sunrisers Hyderabad,0,0.30303030303030304,0.2,0.0,1.0
829787,DS Kulkarni,Sunrisers Hyderabad,0,0.9891304347826086,1.0,0.5714285714285714,2.0
829787,I Sharma,Rajasthan Royals,1,0.8727272727272727,0.8,1.0,0.0
829787,JP Faulkner,Sunrisers Hyderabad,1,1.2666666666666666,0.6,1.875,0.0
829787,KV Sharma,Rajasthan Royals,1,1.0,1.2,1.0909090909090908,2.0
829787,MC Henriques,Rajasthan Royals,1,0.7666666666666667,1.2,1.0,0.0
829787,P Kumar,Rajasthan Royals,0,0.8571428571428571,0.6,0.8333333333333334,0.0
829787,PV Tambe,Sunrisers Hyderabad,1,0.8484848484848485,0.6,0.6666666666666666,0.0
829787,RS Bopara,Rajasthan Royals,1,0.9285714285714286,1.2,1.3333333333333333,0.0
829787,SR Watson,Sunrisers Hyderabad,2,1.019047619047619,1.0,1.1818181818181819,1.0
829789,A Nehra,Mumbai Indians,0,1.375,1.6,1.8181818181818181,0.0
829789,DJ Bravo,Mumbai Indians,1,1.3101265822784811,2.0,1.6363636363636365,2.0
829789,HH Pandya,Chennai Super Kings,0,0.7526881720430108,0.25,0.9166666666666666,0.0
829789,Harbhajan Singh,Chennai Super Kings,1,1.00625,0.8,1.1428571428571428,0.0
829789,J Suchith,Chennai Super Kings,1,0.9523809523809523,1.0,0.8,0.0
829789,MJ McClenaghan,Chennai Super Kings,1,1.3392857142857142,1.4,1.3333333333333333,0.0
829789,MM Sharma,Mumbai Indians,0,1.3243243243243243,0.8,1.75,3.0
829789,P Negi,Mumbai Indians,1,0.9047619047619048,0.8,0.5714285714285714,0.0
829789,R Ashwin,Mumbai Indians,2,0.9519230769230769,1.2,0.7941176470588235,0.0
829789,R Vinay Kumar,Chennai Super Kings,1,1.2211538461538463,0.8,1.0588235294117647,1.0
829789,RA Jadeja,Mumbai Indians,0,0.8009478672985783,1.0,0.6451612903225806,4.0
829791,AD Russell,Kings XI Punjab,1,1.1160714285714286,1.2,1.7777777777777777,0.0
829791,AR Patel,Kolkata Knight Riders,1,0.8851351351351351,0.8,0.7619047619047619,0.0
829791,Anureet Singh,Kolkata Knight Riders,3,0.9545454545454546,1.0,1.0,0.0
829791,BE Hendricks,Kolkata Knight Riders,2,1.5714285714285714,1.5,2.0,3.0
829791,GB Hogg,Kings XI Punjab,0,1.1904761904761905,1.2,0.0,3.0
829791,GJ Maxwell,Kolkata Knight Riders,1,0.5189873417721519,0.2,0.4,1.0
829791,Gurkeerat Singh,Kolkata Knight Riders,2,0.8333333333333334,2.0,1.0,1.0
829791,PP Chawla,Kings XI Punjab,0,1.0523560209424083,1.8,1.0714285714285714,0.0
829791,SP Narine,Kings XI Punjab,4,1.1428571428571428,1.2,1.631578947368421,1.0
829791,Sandeep Sharma,Kolkata Knight Riders,0,1.2142857142857142,0.6,0.8571428571428571,0.0
829791,UT Yadav,Kings XI Punjab,0,1.1088435374149659,0.4,1.631578947368421,0.0
829793,A Mishra,Sunrisers Hyderabad,0,1.1296296296296295,0.6,0.9285714285714286,1.0
829793,B Kumar,Delhi Daredevils,1,1.1079545454545454,2.0,0.4166666666666667,1.0
829793,I Sharma,Delhi Daredevils,0,0.8727272727272727,0.6,1.0,0.0
829793,J Yadav,Sunrisers Hyderabad,1,0.45,1.0,0.4,1.0
829793,JA Morkel,Sunrisers Hyderabad,0,1.103448275862069,0.4,0.0,2.0
829793,JP Duminy,Sunrisers Hyderabad,0,0.46938775510204084,0.2,1.0,1.0
829793,KV Sharma,Delhi Daredevils,2,1.0,1.4,1.1428571428571428,0.0
829793,MC Henriques,Delhi Daredevils,0,0.7666666666666667,1.0,0.6666666666666666,3.0
829793,NM Coulter-Nile,Sunrisers Hyderabad,2,1.368421052631579,1.8,1.5555555555555556,0.0
829793,P Kumar,Delhi Daredevils,0,0.8571428571428571,0.2,0.8571428571428571,1.0
829793,Parvez Rasool,Delhi Daredevils,1,0.36363636363636365,0.4,0.5,1.0
829793,Z Khan,Sunrisers Hyderabad,1,1.202020202020202,1.2,0.75,2.0
829795,D Wiese,Mumbai Indians,0,1.1333333333333333,1.2,2.0,1.0
829795,HH Pandya,Royal Challengers Bangalore,0,0.7526881720430108,0.2,0.5,0.0
829795,HV Patel,Mumbai Indians,2,1.4660194174757282,1.4,1.8571428571428572,2.0
829795,Harbhajan Singh,Royal Challengers Bangalore,0,1.00625,0.8,1.0869565217391304,2.0
829795,J Suchith,Royal Challengers Bangalore,0,0.9523809523809523,0.8,1.3333333333333333,1.0
829795,JJ Bumrah,Royal Challengers Bangalore,0,1.368421052631579,0.6,1.6111111111111112,0.0
829795,MA Starc,Mumbai Indians,1,1.5128205128205128,2.6,1.8,1.0
829795,MJ McClenaghan,Royal Challengers Bangalore,0,1.3392857142857142,0.8,1.4444444444444444,1.0
829795,S Aravind,Mumbai Indians,2,1.263157894736842,2.0,1.0,0.0
829795,SL Malinga,Royal Challengers Bangalore,1,1.540983606557377,2.4,0.9375,1.0
829795,YS Chahal,Mumbai Indians,2,1.3396226415094339,1.4,1.5,2.0
829797,A Nehra,Rajasthan Royals,0,1.375,1.2,1.2222222222222223,1.0
829797,Ankit Sharma,Chennai Super Kings,1,0.5714285714285714,1.4,0.8333333333333334,0.0
829797,CH Morris,Chennai Super Kings,3,1.3209876543209877,1.4,1.8333333333333333,4.0
829797,DJ Bravo,Rajasthan Royals,2,1.3101265822784811,2.4,1.3076923076923077,1.0
829797,JP Faulkner,Chennai Super Kings,0,1.2666666666666666,0.6,1.1666666666666667,1.0
829797,MM Sharma,Rajasthan Royals,3,1.3243243243243243,1.2,1.0,0.0
829797,P Negi,Rajasthan Royals,0,0.9047619047619048,0.6,1.0,2.0
829797,PV Tambe,Chennai Super Kings,0,0.8484848484848485,0.4,0.5,2.0
829797,R Bhatia,Chennai Super Kings,0,0.9010989010989011,0.6,0.8461538461538461,1.0
829797,RA Jadeja,Rajasthan Royals,4,0.8009478672985783,1.4,1.0476190476190477,0.0
829797,SR Watson,Chennai Super Kings,1,1.019047619047619,1.0,0.7272727272727273,2.0
829799,AR Patel,Sunrisers Hyderabad,0,0.8851351351351351,0.4,0.8947368421052632,2.0
829799,Anureet Singh,Sunrisers Hyderabad,0,0.9545454545454546,0.8,0.5,2.0
829799,B Kumar,Kings XI Punjab,1,1.1079545454545454,1.8,1.5714285714285714,1.0
829799,BE Hendricks,Sunrisers Hyderabad,3,1.5714285714285714,1.8,3.0,1.0
829799,Bipul Sharma,Kings XI Punjab,2,0.7857142857142857,1.0,2.0,1.0
829799,GJ Maxwell,Sunrisers Hyderabad,1,0.5189873417721519,0.4,0.5555555555555556,0.0
829799,Gurkeerat Singh,Sunrisers Hyderabad,1,0.8333333333333334,1.5,1.0,0.0
829799,I Sharma,Kings XI Punjab,0,0.8727272727272727,0.2,0.5,2.0
829799,KV Sharma,Kings XI Punjab,0,1.0,1.0,0.75,0.0
829799,MC Henriques,Kings XI Punjab,3,0.7666666666666667,1.4,0.9,2.0
829799,Sandeep Sharma,Sunrisers Hyderabad,0,1.2142857142857142,0.4,1.2727272727272727,1.0
829799,TA Boult,Kings XI Punjab,1,1.2427184466019416,1.0,1.2857142857142858,1.0
829801,IC Pandey,Delhi Daredevils,2,0.7916666666666666,1.4,1.25,1.0
829801,J Yadav,Chennai Super Kings,1,0.45,1.0,1.0,0.0
829801,JA Morkel,Chennai Super Kings,2,1.103448275862069,0.6,1.0,3.0
829801,MM Sharma,Delhi Daredevils,0,1.3243243243243243,1.0,1.1818181818181819,1.0
829801,P Negi,Delhi Daredevils,2,0.9047619047619048,0.8,2.3333333333333335,2.0
829801,R Ashwin,Delhi Daredevils,0,0.9519230769230769,1.2,1.4375,1.0
829801,RA Jadeja,Delhi Daredevils,0,0.8009478672985783,0.8,0.7058823529411765,1.0
829801,S Nadeem,Chennai Super Kings,0,0.7714285714285715,0.8,0.25,0.0
829801,SK Raina,Delhi Daredevils,0,0.43478260869565216,0.4,0.0,0.0
829801,Yuvraj Singh,Chennai Super Kings,0,0.5342465753424658,0.2,0.25,0.0
829801,Z Khan,Chennai Super Kings,2,1.202020202020202,1.2,1.3333333333333333,0.0
829803,AR Patel,Royal Challengers Bangalore,2,0.8851351351351351,0.8,1.0555555555555556,0.0
829803,Anureet Singh,Royal Challengers Bangalore,2,0.9545454545454546,1.2,0.6666666666666666,0.0
829803,BE Hendricks,Royal Challengers Bangalore,1,1.5714285714285714,1.4,1.0,1.0
829803,D Wiese,Kings XI Punjab,1,1.1333333333333333,0.8,0.5,2.0
829803,HV Patel,Kings XI Punjab,2,1.4660194174757282,1.6,1.4,0.0
829803,MA Starc,Kings XI Punjab,1,1.5128205128205128,2.2,1.75,1.0
829803,R Dhawan,Royal Challengers Bangalore,0,0.75,0.0,1.3333333333333333,1.0
829803,S Aravind,Kings XI Punjab,0,1.263157894736842,1.6,1.8333333333333333,3.0
829803,Sandeep Sharma,Royal Challengers Bangalore,1,1.2142857142857142,0.6,1.6666666666666667,1.0
829803,YS Chahal,Kings XI Punjab,2,1.3396226415094339,1.4,1.6428571428571428,0.0
829805,AD Russell,Mumbai Indians,0,1.1160714285714286,1.0,1.0555555555555556,3.0
829805,HH Pandya,Kolkata Knight Riders,0,0.7526881720430108,0.2,1.25,0.0
829805,Harbhajan Singh,Kolkata Knight Riders,2,1.00625,1.2,0.8947368421052632,1.0
829805,J Suchith,Kolkata Knight Riders,1,0.9523809523809523,0.8,0.6666666666666666,2.0
829805,KA Pollard,Kolkata Knight Riders,1,0.7570093457943925,0.6,0.45454545454545453,2.0
829805,M Morkel,Mumbai Indians,1,1.2571428571428571,2.0,1.4444444444444444,0.0
829805,MJ McClenaghan,Kolkata Knight Riders,1,1.3392857142857142,0.4,1.0,3.0
829805,PP Chawla,Mumbai Indians,0,1.0523560209424083,1.0,1.3333333333333333,0.0
829805,R Vinay Kumar,Kolkata Knight Riders,1,1.2211538461538463,1.0,2.0,0.0
829805,SL Malinga,Kolkata Knight Riders,1,1.540983606557377,1.8,1.3529411764705883,2.0
829805,SP Narine,Mumbai Indians,1,1.1428571428571428,1.2,1.2173913043478262,0.0
829805,Shakib Al Hasan,Mumbai Indians,2,1.0142857142857142,1.4,1.0833333333333333,0.0
829805,UT Yadav,Mumbai Indians,0,1.1088435374149659,0.4,1.0555555555555556,2.0
829807,AB Dinda,Sunrisers Hyderabad,0,1.0933333333333333,0.6,1.5,0.0
829807,B Kumar,Royal Challengers Bangalore,1,1.1079545454545454,1.6,1.0476190476190477,0.0
829807,D Wiese,Sunrisers Hyderabad,2,1.1333333333333333,1.0,2.0,0.0
829807,DW Steyn,Royal Challengers Bangalore,0,1.105263157894737,0.6,1.0,0.0
829807,HV Patel,Sunrisers Hyderabad,0,1.4660194174757282,1.4,1.1538461538461537,2.0
829807,KV Sharma,Royal Challengers Bangalore,0,1.0,1.0,0.8571428571428571,1.0
829807,MA Starc,Sunrisers Hyderabad,1,1.5128205128205128,2.2,1.3333333333333333,0.0
829807,MC Henriques,Royal Challengers Bangalore,2,0.7666666666666667,1.4,1.3333333333333333,0.0
829807,P Kumar,Royal Challengers Bangalore,1,0.8571428571428571,0.2,0.4,0.0
829807,YS Chahal,Sunrisers Hyderabad,0,1.3396226415094339,1.2,1.3333333333333333,3.0
829809,A Nehra,Kings XI Punjab,1,1.375,1.0,1.1428571428571428,1.0
829809,AR Patel,Chennai Super Kings,0,0.8851351351351351,0.8,0.7647058823529411,0.0
829809,Anureet Singh,Chennai Super Kings,0,0.9545454545454546,1.0,0.3333333333333333,0.0
829809,DJ Bravo,Kings XI Punjab,1,1.3101265822784811,2.0,1.625,3.0
829809,GJ Maxwell,Chennai Super Kings,0,0.5189873417721519,0.4,0.75,0.0
829809,Gurkeerat Singh,Chennai Super Kings,0,0.8333333333333334,1.0,0.0,0.0
829809,P Negi,Kings XI Punjab,2,0.9047619047619048,1.0,0.8333333333333334,0.0
829809,R Ashwin,Kings XI Punjab,1,0.9519230769230769,1.4,1.1764705882352942,0.0
829809,R Dhawan,Chennai Super Kings,1,0.75,0.2,1.0,1.0
829809,RA Jadeja,Kings XI Punjab,1,0.8009478672985783,1.0,0.7777777777777778,1.0
829809,SK Raina,Kings XI Punjab,0,0.43478260869565216,0.4,0.3333333333333333,1.0
829809,Sandeep Sharma,Chennai Super Kings,1,1.2142857142857142,0.8,0.75,1.0
829811,AD Russell,Rajasthan Royals,3,1.1160714285714286,1.2,1.0,3.0
829811,BB Sran,Kolkata Knight Riders,0,0.8333333333333334,0.0,0.7142857142857143,0.0
829811,CH Morris,Kolkata Knight Riders,4,1.3209876543209877,2.0,1.6428571428571428,1.0
829811,DS Kulkarni,Kolkata Knight Riders,2,0.9891304347826086,1.4,0.7777777777777778,2.0
829811,JP Faulkner,Kolkata Knight Riders,1,1.2666666666666666,0.8,1.4,1.0
829811,M Morkel,Rajasthan Royals,0,1.2571428571428571,1.6,0.6666666666666666,2.0
829811,PP Chawla,Rajasthan Royals,0,1.0523560209424083,0.6,1.0909090909090908,2.0
829811,SR Watson,Kolkata Knight Riders,2,1.019047619047619,1.2,1.0,0.0
829811,STR Binny,Kolkata Knight Riders,0,0.4444444444444444,1.0,0.2857142857142857,0.0
829811,Shakib Al Hasan,Rajasthan Royals,0,1.0142857142857142,1.0,1.3,0.0
829811,UT Yadav,Rajasthan Royals,2,1.1088435374149659,0.8,0.9285714285714286,0.0
829813,AB Dinda,Delhi Daredevils,0,1.0933333333333333,0.4,1.4,4.0
829813,CH Gayle,Delhi Daredevils,0,0.5,0.6,0.6,0.0
829813,D Wiese,Delhi Daredevils,0,1.1333333333333333,0.6,1.0,2.0
829813,HV Patel,Delhi Daredevils,2,1.4660194174757282,1.4,1.0,2.0
829813,J Yadav,Royal Challengers Bangalore,0,0.45,0.6666666666666666,0.0,1.0
829813,MA Starc,Delhi Daredevils,0,1.5128205128205128,1.4,1.75,1.0
829813,YS Chahal,Delhi Daredevils,3,1.3396226415094339,1.6,1.4444444444444444,2.0
829813,Z Khan,Royal Challengers Bangalore,0,1.202020202020202,0.8,1.3,0.0
829815,B Kumar,Mumbai Indians,0,1.1079545454545454,1.2,1.15,2.0
829815,DW Steyn,Mumbai Indians,0,1.105263157894737,0.4,1.1428571428571428,0.0
829815,HH Pandya,Sunrisers Hyderabad,0,0.7526881720430108,0.2,0.9090909090909091,0.0
829815,Harbhajan Singh,Sunrisers Hyderabad,1,1.00625,1.2,0.6153846153846154,2.0
829815,J Suchith,Sunrisers Hyderabad,2,0.9523809523809523,1.0,1.5,1.0
829815,KA Pollard,Sunrisers Hyderabad,2,0.7570093457943925,0.8,0.42857142857142855,1.0
829815,KV Sharma,Mumbai Indians,1,1.0,0.8,1.0,0.0
829815,MC Henriques,Mumbai Indians,0,0.7666666666666667,1.2,0.3333333333333333,0.0
829815,MJ McClenaghan,Sunrisers Hyderabad,3,1.3392857142857142,1.0,1.7142857142857142,1.0
829815,P Kumar,Mumbai Indians,0,0.8571428571428571,0.2,0.8125,0.0
829815,R Vinay Kumar,Sunrisers Hyderabad,0,1.2211538461538463,0.6,0.8,2.0
829815,SL Malinga,Sunrisers Hyderabad,2,1.540983606557377,2.0,1.4444444444444444,3.0
829817,A Nehra,Mumbai Indians,1,1.375,1.0,1.8181818181818181,3.0
829817,DJ Bravo,Mumbai Indians,3,1.3101265822784811,2.0,1.6363636363636365,2.0
829817,Harbhajan Singh,Chennai Super Kings,2,1.00625,1.2,1.1428571428571428,2.0
829817,J Suchith,Chennai Super Kings,1,0.9523809523809523,1.0,0.8,0.0
829817,KA Pollard,Chennai Super Kings,1,0.7570093457943925,0.8,0.9375,0.0
829817,MJ McClenaghan,Chennai Super Kings,1,1.3392857142857142,1.2,1.3333333333333333,3.0
829817,MM Sharma,Mumbai Indians,1,1.3243243243243243,1.2,1.75,1.0
829817,P Negi,Mumbai Indians,0,0.9047619047619048,1.0,0.5714285714285714,0.0
829817,R Ashwin,Mumbai Indians,0,0.9519230769230769,1.0,0.7941176470588235,1.0
829817,R Vinay Kumar,Chennai Super Kings,2,1.2211538461538463,0.8,1.0588235294117647,1.0
829817,RA Jadeja,Mumbai Indians,1,0.8009478672985783,1.2,0.6451612903225806,0.0
829817,SL Malinga,Chennai Super Kings,3,1.540983606557377,1.8,1.7619047619047619,2.0
829819,Ankit Sharma,Royal Challengers Bangalore,0,0.5714285714285714,1.0,0.0,1.0
829819,CH Morris,Royal Challengers Bangalore,1,1.3209876543209877,1.6,1.0,0.0
829819,D Wiese,Rajasthan Royals,2,1.1333333333333333,1.0,1.0,1.0
829819,DS Kulkarni,Royal Challengers Bangalore,2,0.9891304347826086,1.6,1.1538461538461537,2.0
829819,HV Patel,Rajasthan Royals,2,1.4660194174757282,1.6,1.8333333333333333,1.0
829819,JP Faulkner,Royal Challengers Bangalore,1,1.2666666666666666,1.0,0.7142857142857143,0.0
829819,MA Starc,Rajasthan Royals,1,1.5128205128205128,0.8,1.4,2.0
829819,S Aravind,Rajasthan Royals,3,1.263157894736842,1.8,2.0,1.0
829819,SR Watson,Royal Challengers Bangalore,0,1.019047619047619,1.2,1.0,2.0
829819,STR Binny,Royal Challengers Bangalore,0,0.4444444444444444,0.8,0.8,0.0
829819,YS Chahal,Rajasthan Royals,2,1.3396226415094339,1.8,1.5,2.0
829821,A Nehra,Royal Challengers Bangalore,3,1.375,1.0,1.8461538461538463,1.0
829821,D Wiese,Chennai Super Kings,1,1.1333333333333333,1.2,1.0,0.0
829821,DJ Bravo,Royal Challengers Bangalore,2,1.3101265822784811,1.8,1.0434782608695652,2.0
829821,HV Patel,Chennai Super Kings,1,1.4660194174757282,1.4,1.7,0.0
829821,MA Starc,Chennai Super Kings,2,1.5128205128205128,1.0,1.1666666666666667,0.0
829821,MM Sharma,Royal Challengers Bangalore,1,1.3243243243243243,1.0,0.5,1.0
829821,P Negi,Royal Challengers Bangalore,0,0.9047619047619048,0.8,0.2,0.0
829821,R Ashwin,Royal Challengers Bangalore,1,0.9519230769230769,0.8,0.8461538461538461,0.0
829821,RA Jadeja,Royal Challengers Bangalore,0,0.8009478672985783,1.2,1.037037037037037,0.0
829821,S Aravind,Chennai Super Kings,1,1.263157894736842,2.0,1.5,1.0
829821,SK Raina,Royal Challengers Bangalore,1,0.43478260869565216,0.6,0.2,0.0
829821,YS Chahal,Chennai Super Kings,2,1.3396226415094339,1.8,1.1176470588235294,2.0
829823,A Nehra,Mumbai Indians,1,1.375,1.2,1.8181818181818181,0.0
829823,DJ Bravo,Mumbai Indians,2,1.3101265822784811,2.0,1.6363636363636365,4.0
829823,DR Smith,Mumbai Indians,1,0.5869565217391305,0.8,0.6,0.0
829823,HH Pandya,Chennai Super Kings,0,0.7526881720430108,0.0,0.9166666666666666,0.0
829823,Harbhajan Singh,Chennai Super Kings,2,1.00625,1.4,1.1428571428571428,1.0
829823,MJ McClenaghan,Chennai Super Kings,3,1.3392857142857142,1.6,1.3333333333333333,0.0
829823,MM Sharma,Mumbai Indians,1,1.3243243243243243,1.2,1.75,0.0
829823,P Negi,Mumbai Indians,0,0.9047619047619048,0.8,0.5714285714285714,1.0
829823,R Ashwin,Mumbai Indians,0,0.9519230769230769,0.4,0.7941176470588235,1.0
829823,R Vinay Kumar,Chennai Super Kings,1,1.2211538461538463,1.0,1.0588235294117647,0.0
829823,RA Jadeja,Mumbai Indians,0,0.8009478672985783,0.4,0.6451612903225806,2.0
829823,SL Malinga,Chennai Super Kings,2,1.540983606557377,1.8,1.7619047619047619,2.0
980901,HH Pandya,Rising Pune Supergiants,0,0.7526881720430108,0.0,0.0,1.0
980901,Harbhajan Singh,Rising Pune Supergiants,1,1.00625,1.6,1.0,1.0
980901,I Sharma,Mumbai Indians,2,0.8727272727272727,0.6,1.1333333333333333,1.0
980901,JJ Bumrah,Rising Pune Supergiants,0,1.368421052631579,0.6,1.5,1.0
980901,M Ashwin,Mumbai Indians,1,0.7954545454545454,1.0,0.75,2.0
980901,MJ McClenaghan,Rising Pune Supergiants,0,1.3392857142857142,1.6,0.5,2.0
980901,MR Marsh,Mumbai Indians,2,1.088235294117647,1.6,1.0,0.0
980901,R Ashwin,Mumbai Indians,1,0.9519230769230769,0.6,0.7941176470588235,0.0
980901,R Bhatia,Mumbai Indians,1,0.9010989010989011,0.6,1.1666666666666667,0.0
980901,R Vinay Kumar,Rising Pune Supergiants,0,1.2211538461538463,0.8,0.0,2.0
980901,RP Singh,Mumbai Indians,1,1.2195121951219512,1.0,1.75,0.0
980901,S Gopal,Rising Pune Supergiants,0,1.0392156862745099,1.0,0.0,0.0
980903,A Mishra,Kolkata Knight Riders,1,1.1296296296296295,0.6,1.0,4.0
980903,AD Russell,Delhi Daredevils,3,1.1160714285714286,1.6,1.6666666666666667,1.0
980903,C Munro,Delhi Daredevils,0,0.0,0.0,0.0,0.0
980903,CH Morris,Kolkata Knight Riders,0,1.3209876543209877,1.6,1.6428571428571428,1.0
980903,CR Brathwaite,Kolkata Knight Riders,0,1.0,0.0,1.75,1.0
980903,GB Hogg,Delhi Daredevils,3,1.1904761904761905,1.6,1.4,1.0
980903,JW Hastings,Delhi Daredevils,2,1.0,1.5,2.0,0.0
980903,NM Coulter-Nile,Kolkata Knight Riders,0,1.368421052631579,1.8,1.0,2.0
980903,PP Chawla,Delhi Daredevils,2,1.0523560209424083,0.8,1.105263157894737,1.0
980903,UT Yadav,Delhi Daredevils,0,1.1088435374149659,0.8,1.1111111111111112,3.0
980903,Z Khan,Kolkata Knight Riders,0,1.202020202020202,0.8,1.4,1.0
980905,AR Patel,Gujarat Lions,0,0.8851351351351351,0.6,1.5,1.0
980905,DJ Bravo,Kings XI Punjab,4,1.3101265822784811,2.4,1.625,1.0
980905,JP Faulkner,Kings XI Punjab,0,1.2666666666666666,0.6,1.0,0.0
980905,MG Johnson,Gujarat Lions,2,1.2222222222222223,1.0,2.0,0.0
980905,MM Sharma,Gujarat Lions,0,1.3243243243243243,0.6,1.0,0.0
980905,MP Stoinis,Gujarat Lions,1,0.7258064516129032,1.0,0.6666666666666666,1.0
980905,P Kumar,Kings XI Punjab,0,0.8571428571428571,0.2,1.1,0.0
980905,P Sahu,Gujarat Lions,1,0.6,1.0,1.0,0.0
980905,PJ Sangwan,Kings XI Punjab,0,1.0476190476190477,0.6,0.6666666666666666,0.0
980905,RA Jadeja,Kings XI Punjab,2,0.8009478672985783,0.8,0.7777777777777778,2.0
980905,Sandeep Sharma,Gujarat Lions,1,1.2142857142857142,0.6,1.5,1.0
980907,A Ashish Reddy,Royal Challengers Bangalore,0,0.95,0.8,1.0,1.0
980907,A Nehra,Royal Challengers Bangalore,0,1.375,1.2,1.8461538461538463,1.0
980907,AF Milne,Sunrisers Hyderabad,1,0.9,1.0,0.5,3.0
980907,B Kumar,Royal Challengers Bangalore,2,1.1079545454545454,1.0,1.0476190476190477,0.0
980907,HV Patel,Sunrisers Hyderabad,0,1.4660194174757282,1.0,1.1538461538461537,0.0
980907,KV Sharma,Royal Challengers Bangalore,0,1.0,0.6,0.8571428571428571,0.0
980907,MC Henriques,Royal Challengers Bangalore,0,0.7666666666666667,1.0,1.3333333333333333,0.0
980907,Mustafizur Rahman,Royal Challengers Bangalore,2,1.2280701754385965,2.0,0.875,1.0
980907,Parvez Rasool,Sunrisers Hyderabad,1,0.36363636363636365,0.4,0.5,0.0
980907,SR Watson,Sunrisers Hyderabad,2,1.019047619047619,1.4,1.1818181818181819,2.0
980907,YS Chahal,Sunrisers Hyderabad,2,1.3396226415094339,1.8,1.3333333333333333,0.0
980909,AD Russell,Mumbai Indians,1,1.1160714285714286,1.6,1.0555555555555556,2.0
980909,GB Hogg,Mumbai Indians,1,1.1904761904761905,1.4,1.0,0.0
980909,HH Pandya,Kolkata Knight Riders,1,0.7526881720430108,0.2,1.25,0.0
980909,Harbhajan Singh,Kolkata Knight Riders,1,1.00625,1.4,0.8947368421052632,0.0
980909,J Suchith,Kolkata Knight Riders,0,0.9523809523809523,0.8,0.6666666666666666,2.0
980909,JJ Bumrah,Kolkata Knight Riders,1,1.368421052631579,0.6,1.5,2.0
980909,Kuldeep Yadav,Mumbai Indians,1,1.0975609756097562,1.0,0.7,3.0
980909,MJ McClenaghan,Kolkata Knight Riders,2,1.3392857142857142,1.8,1.0,4.0
980909,PP Chawla,Mumbai Indians,1,1.0523560209424083,0.6,1.3333333333333333,0.0
980909,TG Southee,Kolkata Knight Riders,0,1.0555555555555556,1.0,0.7142857142857143,0.0
980911,DJ Bravo,Rising Pune Supergiants,1,1.3101265822784811,2.4,1.5,2.0
980911,I Sharma,Gujarat Lions,1,0.8727272727272727,0.8,1.0,0.0
980911,JP Faulkner,Rising Pune Supergiants,0,1.2666666666666666,0.4,0.0,1.0
980911,M Ashwin,Gujarat Lions,2,0.7954545454545454,1.5,1.0,3.0
980911,MR Marsh,Gujarat Lions,0,1.088235294117647,1.2,0.0,2.0
980911,P Kumar,Rising Pune Supergiants,0,0.8571428571428571,0.2,0.5,0.0
980911,PV Tambe,Rising Pune Supergiants,2,0.8484848484848485,0.6,2.0,2.0
980911,R Ashwin,Gujarat Lions,0,0.9519230769230769,0.4,0.0,0.0
980911,R Bhatia,Gujarat Lions,0,0.9010989010989011,0.2,0.5,0.0
980911,RA Jadeja,Rising Pune Supergiants,2,0.8009478672985783,1.0,1.0,0.0
980911,RP Singh,Gujarat Lions,0,1.2195121951219512,0.8,0.0,1.0
980911,SB Jakati,Rising Pune Supergiants,0,0.8771929824561403,0.8,0.0,1.0
980913,A Mishra,Kings XI Punjab,4,1.1296296296296295,1.2,1.15,0.0
980913,AR Patel,Delhi Daredevils,1,0.8851351351351351,0.6,1.1111111111111112,0.0
980913,CH Morris,Kings XI Punjab,1,1.3209876543209877,1.8,1.3636363636363635,0.0
980913,CR Brathwaite,Kings XI Punjab,1,1.0,0.5,0.5,1.0
980913,GJ Maxwell,Delhi Daredevils,0,0.5189873417721519,0.4,0.25,0.0
980913,J Yadav,Kings XI Punjab,1,0.45,0.75,1.0,0.0
980913,MG Johnson,Delhi Daredevils,0,1.2222222222222223,1.0,0.8333333333333334,1.0
980913,MM Sharma,Delhi Daredevils,0,1.3243243243243243,0.6,1.1818181818181819,4.0
980913,P Negi,Kings XI Punjab,1,0.9047619047619048,0.6,0.8333333333333334,0.0
980913,P Sahu,Delhi Daredevils,0,0.6,0.5,0.0,0.0
980913,Sandeep Sharma,Delhi Daredevils,1,1.2142857142857142,0.8,1.6,2.0
980913,Z Khan,Kings XI Punjab,1,1.202020202020202,0.8,1.2142857142857142,1.0
980915,AD Russell,Sunrisers Hyderabad,2,1.1160714285714286,1.8,1.3888888888888888,0.0
980915,B Kumar,Kolkata Knight Riders,0,1.1079545454545454,0.8,1.1,1.0
980915,BB Sran,Kolkata Knight Riders,0,0.8333333333333334,0.0,0.7142857142857143,3.0
980915,KV Sharma,Kolkata Knight Riders,0,1.0,0.2,1.3333333333333333,0.0
980915,M Morkel,Sunrisers Hyderabad,2,1.2571428571428571,1.4,1.5,2.0
980915,MC Henriques,Kolkata Knight Riders,0,0.7666666666666667,1.0,0.8888888888888888,0.0
980915,Mustafizur Rahman,Kolkata Knight Riders,1,1.2280701754385965,1.5,1.125,1.0
980915,PP Chawla,Sunrisers Hyderabad,0,1.0523560209424083,0.6,0.9473684210526315,1.0
980915,SP Narine,Sunrisers Hyderabad,0,1.1428571428571428,1.0,0.64,2.0
980915,Shakib Al Hasan,Sunrisers Hyderabad,0,1.0142857142857142,1.0,1.5,0.0
980915,UT Yadav,Sunrisers Hyderabad,3,1.1088435374149659,1.0,0.8421052631578947,2.0
980917,DJ Bravo,Mumbai Indians,2,1.3101265822784811,2.2,1.6363636363636365,0.0
980917,DS Kulkarni,Mumbai Indians,2,0.9891304347826086,1.6,1.3,0.0
980917,HH Pandya,Gujarat Lions,0,0.7526881720430108,0.2,0.0,0.0
980917,Harbhajan Singh,Gujarat Lions,0,1.00625,1.2,0.75,0.0
980917,JJ Bumrah,Gujarat Lions,2,1.368421052631579,0.8,1.5,0.0
980917,JP Faulkner,Mumbai Indians,1,1.2666666666666666,0.6,1.75,1.0
980917,KH Pandya,Gujarat Lions,1,0.6837606837606838,1.0,1.0,2.0
980917,MJ McClenaghan,Gujarat Lions,4,1.3392857142857142,2.0,1.5,0.0
980917,P Kumar,Mumbai Indians,0,0.8571428571428571,0.2,0.8125,0.0
980917,PV Tambe,Mumbai Indians,2,0.8484848484848485,1.0,1.0,0.0
980917,SB Jakati,Mumbai Indians,1,0.8771929824561403,0.6,0.8888888888888888,0.0
980917,TG Southee,Gujarat Lions,0,1.0555555555555556,0.8,0.0,3.0
980919,AR Patel,Rising Pune Supergiants,0,0.8851351351351351,0.6,0.5,2.0
980919,Ankit Sharma,Kings XI Punjab,1,0.5714285714285714,0.8,1.0,0.0
980919,GJ Maxwell,Rising Pune Supergiants,0,0.5189873417721519,0.4,0.0,0.0
980919,I Sharma,Kings XI Punjab,0,0.8727272727272727,0.6,0.5,0.0
980919,IK Pathan,Kings XI Punjab,0,0.9801980198019802,0.2,0.6,0.0
980919,KJ Abbott,Rising Pune Supergiants,1,0.4,1.0,0.5,0.0
980919,M Ashwin,Kings XI Punjab,3,0.7954545454545454,2.0,3.0,0.0
980919,MM Sharma,Rising Pune Supergiants,4,1.3243243243243243,1.2,2.5,0.0
980919,NLTC Perera,Kings XI Punjab,0,1.0277777777777777,0.4,0.6,3.0
980919,P Sahu,Rising Pune Supergiants,0,0.6,0.3333333333333333,0.0,2.0
980919,R Ashwin,Kings XI Punjab,0,0.9519230769230769,0.4,1.1764705882352942,0.0
980919,Sandeep Sharma,Rising Pune Supergiants,2,1.2142857142857142,1.2,1.5,0.0
980921,A Mishra,Royal Challengers Bangalore,0,1.1296296296296295,1.2,1.0555555555555556,2.0
980921,CH Morris,Royal Challengers Bangalore,0,1.3209876543209877,1.2,1.0,2.0
980921,CR Brathwaite,Royal Challengers Bangalore,1,1.0,0.6666666666666666,0.6666666666666666,3.0
980921,D Wiese,Delhi Daredevils,0,1.1333333333333333,1.0,1.0,0.0
980921,HV Patel,Delhi Daredevils,0,1.4660194174757282,1.0,1.0,0.0
980921,Mohammed Shami,Royal Challengers Bangalore,3,1.309090909090909,1.2,1.3076923076923077,1.0
980921,P Negi,Royal Challengers Bangalore,0,0.9047619047619048,0.2,0.2,0.0
980921,Parvez Rasool,Delhi Daredevils,0,0.36363636363636365,0.4,0.5,0.0
980921,S Aravind,Delhi Daredevils,1,1.263157894736842,1.4,1.0,1.0
980921,SR Watson,Delhi Daredevils,2,1.019047619047619,1.4,1.1666666666666667,0.0
980921,YS Chahal,Delhi Daredevils,0,1.3396226415094339,1.8,1.4444444444444444,1.0
980921,Z Khan,Royal Challengers Bangalore,1,1.202020202020202,0.8,1.3,2.0
980923,B Kumar,Mumbai Indians,1,1.1079545454545454,0.8,1.15,4.0
980923,BB Sran,Mumbai Indians,3,0.8333333333333334,1.0,2.5,1.0
980923,Bipul Sharma,Mumbai Indians,1,0.7857142857142857,1.2,1.3333333333333333,1.0
980923,HH Pandya,Sunrisers Hyderabad,0,0.7526881720430108,0.2,0.9090909090909091,0.0
980923,Harbhajan Singh,Sunrisers Hyderabad,0,1.00625,0.8,0.6153846153846154,0.0
980923,JJ Bumrah,Sunrisers Hyderabad,0,1.368421052631579,0.6,1.2666666666666666,4.0
980923,MC Henriques,Mumbai Indians,0,0.7666666666666667,0.4,0.3333333333333333,0.0
980923,MJ McClenaghan,Sunrisers Hyderabad,0,1.3392857142857142,1.8,1.7142857142857142,1.0
980923,Mustafizur Rahman,Mumbai Indians,1,1.2280701754385965,1.3333333333333333,1.1428571428571428,1.0
980923,TG Southee,Sunrisers Hyderabad,3,1.0555555555555556,0.8,1.8571428571428572,0.0
980925,AD Russell,Kings XI Punjab,0,1.1160714285714286,1.8,1.7777777777777777,0.0
980925,AR Patel,Kolkata Knight Riders,2,0.8851351351351351,0.6,0.7619047619047619,0.0
980925,GJ Maxwell,Kolkata Knight Riders,0,0.5189873417721519,0.2,0.4,0.0
980925,KJ Abbott,Kolkata Knight Riders,0,0.4,0.5,0.0,0.0
980925,M Morkel,Kings XI Punjab,2,1.2571428571428571,1.4,1.6666666666666667,0.0
980925,MM Sharma,Kolkata Knight Riders,0,1.3243243243243243,1.0,0.9166666666666666,2.0
980925,P Sahu,Kolkata Knight Riders,2,0.6,0.75,2.0,0.0
980925,PP Chawla,Kings XI Punjab,1,1.0523560209424083,0.8,1.0714285714285714,0.0
980925,SP Narine,Kings XI Punjab,2,1.1428571428571428,1.4,1.631578947368421,1.0
980925,Sandeep Sharma,Kolkata Knight Riders,0,1.2142857142857142,1.0,0.8571428571428571,2.0
980925,Shakib Al Hasan,Kings XI Punjab,0,1.0142857142857142,0.8,0.7142857142857143,1.0
980925,UT Yadav,Kings XI Punjab,2,1.1088435374149659,1.4,1.631578947368421,1.0
980925,YK Pathan,Kings XI Punjab,1,0.5609756097560976,0.2,0.6,0.0
980927,HH Pandya,Royal Challengers Bangalore,0,0.7526881720430108,0.2,0.5,1.0
980927,HV Patel,Mumbai Indians,0,1.4660194174757282,0.6,1.8571428571428572,2.0
980927,Harbhajan Singh,Royal Challengers Bangalore,0,1.00625,0.4,1.0869565217391304,1.0
980927,Iqbal Abdulla,Mumbai Indians,3,0.9375,1.4,0.8571428571428571,0.0
980927,JJ Bumrah,Royal Challengers Bangalore,4,1.368421052631579,1.4,1.6111111111111112,0.0
980927,KH Pandya,Royal Challengers Bangalore,2,0.6837606837606838,1.5,0.75,0.0
980927,KW Richardson,Mumbai Indians,1,1.4,1.2,1.0,4.0
980927,MJ McClenaghan,Royal Challengers Bangalore,1,1.3392857142857142,1.4,1.4444444444444444,2.0
980927,SR Watson,Mumbai Indians,0,1.019047619047619,1.2,0.9333333333333333,2.0
980927,STR Binny,Mumbai Indians,0,0.4444444444444444,0.4,0.7272727272727273,0.0
980927,TG Southee,Royal Challengers Bangalore,0,1.0555555555555556,0.6,1.0,0.0
980927,VR Aaron,Mumbai Indians,0,0.92,0.4,1.0,0.0
980929,B Kumar,Gujarat Lions,4,1.1079545454545454,1.4,2.4,1.0
980929,BB Sran,Gujarat Lions,1,0.8333333333333334,1.0,0.6666666666666666,0.0
980929,Bipul Sharma,Gujarat Lions,1,0.7857142857142857,1.2,1.0,0.0
980929,DJ Bravo,Sunrisers Hyderabad,0,1.3101265822784811,1.8,1.375,0.0
980929,DJ Hooda,Gujarat Lions,1,0.30303030303030304,0.4,1.0,0.0
980929,DS Kulkarni,Sunrisers Hyderabad,0,0.9891304347826086,1.2,0.5714285714285714,1.0
980929,DW Steyn,Sunrisers Hyderabad,0,1.105263157894737,0.4,0.5,2.0
980929,MC Henriques,Gujarat Lions,0,0.7666666666666667,0.0,0.2,2.0
980929,Mustafizur Rahman,Gujarat Lions,1,1.2280701754385965,1.25,1.5,3.0
980929,P Kumar,Sunrisers Hyderabad,0,0.8571428571428571,0.0,0.7142857142857143,0.0
980929,PV Tambe,Sunrisers Hyderabad,0,0.8484848484848485,1.0,0.6666666666666666,1.0
980929,RA Jadeja,Sunrisers Hyderabad,0,0.8009478672985783,0.8,0.43478260869565216,0.0
980929,SK Raina,Sunrisers Hyderabad,0,0.43478260869565216,0.6,0.6666666666666666,0.0
980931,Ankit Sharma,Royal Challengers Bangalore,0,0.5714285714285714,0.6,0.0,0.0
980931,HV Patel,Rising Pune Supergiants,2,1.4660194174757282,0.6,2.0,0.0
980931,I Sharma,Royal Challengers Bangalore,0,0.8727272727272727,0.6,0.7333333333333333,0.0
980931,Iqbal Abdulla,Rising Pune Supergiants,0,0.9375,1.0,0.0,0.0
980931,KW Richardson,Rising Pune Supergiants,4,1.4,1.6,4.0,1.0
980931,M Ashwin,Royal Challengers Bangalore,0,0.7954545454545454,1.5,1.0,1.0
980931,NLTC Perera,Royal Challengers Bangalore,3,1.0277777777777777,0.8,1.25,2.0
980931,R Ashwin,Royal Challengers Bangalore,0,0.9519230769230769,0.2,0.8461538461538461,0.0
980931,R Bhatia,Royal Challengers Bangalore,0,0.9010989010989011,0.2,0.25,2.0
980931,SR Watson,Rising Pune Supergiants,2,1.019047619047619,1.2,2.5,1.0
980931,STR Binny,Rising Pune Supergiants,0,0.4444444444444444,0.4,0.0,1.0
980931,T Shamsi,Rising Pune Supergiants,1,0.6,1.0,1.0,1.0
980933,A Mishra,Mumbai Indians,2,1.1296296296296295,1.4,1.1363636363636365,0.0
980933,CH Morris,Mumbai Indians,2,1.3209876543209877,0.8,1.3,2.0
980933,HH Pandya,Delhi Daredevils,1,0.7526881720430108,0.4,0.42857142857142855,1.0
980933,Harbhajan Singh,Delhi Daredevils,1,1.00625,0.4,1.1578947368421053,0.0
980933,Imran Tahir,Mumbai Indians,0,1.4576271186440677,0.4,1.2857142857142858,3.0
980933,JJ Bumrah,Delhi Daredevils,0,1.368421052631579,1.4,0.8888888888888888,3.0
980933,KA Pollard,Delhi Daredevils,0,0.7570093457943925,0.8,0.5454545454545454,0.0
980933,KH Pandya,Delhi Daredevils,0,0.6837606837606838,1.0,1.2,0.0
980933,MJ McClenaghan,Delhi Daredevils,2,1.3392857142857142,1.8,1.5,2.0
980933,Mohammed Shami,Mumbai Indians,1,1.309090909090909,1.4,1.2857142857142858,0.0
980933,P Negi,Mumbai Indians,0,0.9047619047619048,0.2,0.5714285714285714,0.0
980933,TG Southee,Delhi Daredevils,0,1.0555555555555556,0.6,0.0,2.0
980933,Z Khan,Mumbai Indians,2,1.202020202020202,0.8,1.0,0.0
980935,AR Patel,Sunrisers Hyderabad,0,0.8851351351351351,0.6,0.8947368421052632,1.0
980935,B Kumar,Kings XI Punjab,1,1.1079545454545454,1.6,1.5714285714285714,1.0
980935,BB Sran,Kings XI Punjab,0,0.8333333333333334,0.8,0.0,1.0
980935,DJ Hooda,Kings XI Punjab,0,0.30303030303030304,0.4,0.25,0.0
980935,GJ Maxwell,Sunrisers Hyderabad,0,0.5189873417721519,0.0,0.5555555555555556,0.0
980935,KJ Abbott,Sunrisers Hyderabad,0,0.4,0.3333333333333333,0.0,1.0
980935,MC Henriques,Kings XI Punjab,2,0.7666666666666667,0.4,0.9,1.0
980935,MM Sharma,Sunrisers Hyderabad,2,1.3243243243243243,1.2,1.7692307692307692,3.0
980935,Mustafizur Rahman,Kings XI Punjab,3,1.2280701754385965,1.6,2.0,0.0
980935,R Dhawan,Sunrisers Hyderabad,1,0.75,0.4,0.8,1.0
980935,Sandeep Sharma,Sunrisers Hyderabad,2,1.2142857142857142,1.2,1.2727272727272727,1.0
980937,DJ Bravo,Royal Challengers Bangalore,0,1.3101265822784811,1.4,1.0434782608695652,1.0
980937,DS Kulkarni,Royal Challengers Bangalore,1,0.9891304347826086,1.4,1.1538461538461537,3.0
980937,Iqbal Abdulla,Gujarat Lions,0,0.9375,0.8,1.0,0.0
980937,KW Richardson,Gujarat Lions,1,1.4,1.6,1.0,2.0
980937,P Kumar,Royal Challengers Bangalore,0,0.8571428571428571,0.0,0.4,0.0
980937,PV Tambe,Royal Challengers Bangalore,1,0.8484848484848485,1.0,1.0,0.0
980937,RA Jadeja,Royal Challengers Bangalore,0,0.8009478672985783,0.8,1.037037037037037,0.0
980937,SB Jakati,Royal Challengers Bangalore,0,0.8771929824561403,0.2,0.8888888888888888,1.0
980937,SR Watson,Gujarat Lions,1,1.019047619047619,1.4,1.25,2.0
980937,T Shamsi,Gujarat Lions,1,0.6,1.0,1.0,1.0
980937,YS Chahal,Gujarat Lions,1,1.3396226415094339,1.4,1.6,2.0
980939,AD Russell,Rising Pune Supergiants,0,1.1160714285714286,1.2,0.5,0.0
980939,Ankit Sharma,Kolkata Knight Riders,0,0.5714285714285714,0.4,0.5,0.0
980939,JA Morkel,Kolkata Knight Riders,3,1.103448275862069,1.2,0.6666666666666666,0.0
980939,M Ashwin,Kolkata Knight Riders,1,0.7954545454545454,1.4,1.0,0.0
980939,M Morkel,Rising Pune Supergiants,0,1.2571428571428571,1.0,0.0,2.0
980939,NLTC Perera,Kolkata Knight Riders,2,1.0277777777777777,1.2,1.0,1.0
980939,PP Chawla,Rising Pune Supergiants,0,1.0523560209424083,0.8,1.0,0.0
980939,R Ashwin,Kolkata Knight Riders,0,0.9519230769230769,0.2,0.9230769230769231,1.0
980939,R Bhatia,Kolkata Knight Riders,2,0.9010989010989011,0.6,0.7142857142857143,0.0
980939,R Sathish,Rising Pune Supergiants,2,0.42857142857142855,0.6,2.0,0.0
980939,SP Narine,Rising Pune Supergiants,1,1.1428571428571428,1.6,1.0,2.0
980939,Shakib Al Hasan,Rising Pune Supergiants,1,1.0142857142857142,0.6,1.0,1.0
980939,UT Yadav,Rising Pune Supergiants,1,1.1088435374149659,1.6,1.0,1.0
980941,AR Patel,Mumbai Indians,1,0.8851351351351351,0.8,0.7142857142857143,4.0
980941,GJ Maxwell,Mumbai Indians,0,0.5189873417721519,0.0,0.3333333333333333,0.0
980941,Harbhajan Singh,Kings XI Punjab,0,1.00625,0.2,1.0909090909090908,1.0
980941,JJ Bumrah,Kings XI Punjab,3,1.368421052631579,1.8,1.6666666666666667,0.0
980941,KA Pollard,Kings XI Punjab,0,0.7570093457943925,0.8,0.38461538461538464,0.0
980941,KH Pandya,Kings XI Punjab,0,0.6837606837606838,0.75,0.5555555555555556,0.0
980941,MG Johnson,Mumbai Indians,1,1.2222222222222223,0.8,0.8,1.0
980941,MJ McClenaghan,Kings XI Punjab,2,1.3392857142857142,1.8,1.25,1.0
980941,MM Sharma,Mumbai Indians,3,1.3243243243243243,1.8,1.75,3.0
980941,Sandeep Sharma,Mumbai Indians,1,1.2142857142857142,1.2,1.5,1.0
980941,TG Southee,Kings XI Punjab,2,1.0555555555555556,1.0,1.1666666666666667,2.0
980943,A Nehra,Rising Pune Supergiants,1,1.375,1.2,3.0,1.0
980943,AB Dinda,Sunrisers Hyderabad,4,1.0933333333333333,1.0,1.5,3.0
980943,B Kumar,Rising Pune Supergiants,1,1.1079545454545454,1.4,1.0,1.0
980943,Bipul Sharma,Rising Pune Supergiants,0,0.7857142857142857,1.2,0.0,0.0
980943,M Ashwin,Sunrisers Hyderabad,0,0.7954545454545454,1.2,0.4,0.0
980943,MC Henriques,Rising Pune Supergiants,1,0.7666666666666667,0.6,1.0,2.0
980943,MR Marsh,Sunrisers Hyderabad,2,1.088235294117647,1.4,1.6,0.0
980943,Mustafizur Rahman,Rising Pune Supergiants,0,1.2280701754385965,1.2,0.0,1.0
980943,NLTC Perera,Sunrisers Hyderabad,1,1.0277777777777777,1.2,0.5,3.0
980943,R Ashwin,Sunrisers Hyderabad,1,0.9519230769230769,0.2,0.65,0.0
980943,R Bhatia,Sunrisers Hyderabad,0,0.9010989010989011,0.6,1.4,1.0
980945,A Mishra,Gujarat Lions,0,1.1296296296296295,1.4,0.5,1.0
980945,CH Morris,Gujarat Lions,2,1.3209876543209877,1.0,1.5,2.0
980945,DJ Bravo,Delhi Daredevils,1,1.3101265822784811,0.8,0.8571428571428571,2.0
980945,DR Smith,Delhi Daredevils,0,0.5869565217391305,0.6,0.4,0.0
980945,DS Kulkarni,Delhi Daredevils,3,0.9891304347826086,1.6,0.9285714285714286,0.0
980945,Imran Tahir,Gujarat Lions,3,1.4576271186440677,1.0,2.6666666666666665,2.0
980945,JP Duminy,Gujarat Lions,1,0.46938775510204084,0.4,0.5,0.0
980945,JP Faulkner,Delhi Daredevils,1,1.2666666666666666,0.6,1.1,0.0
980945,P Kumar,Delhi Daredevils,0,0.8571428571428571,0.0,0.8571428571428571,1.0
980945,PV Tambe,Delhi Daredevils,0,0.8484848484848485,1.0,0.8,0.0
980945,RA Jadeja,Delhi Daredevils,0,0.8009478672985783,0.8,0.7058823529411765,0.0
980945,S Nadeem,Gujarat Lions,0,0.7714285714285715,0.4,0.6666666666666666,2.0
980945,SK Raina,Delhi Daredevils,0,0.43478260869565216,0.2,0.0,0.0
980945,Z Khan,Gujarat Lions,0,1.202020202020202,0.8,0.3333333333333333,4.0
980947,AD Russell,Mumbai Indians,0,1.1160714285714286,0.6,1.0555555555555556,4.0
980947,HH Pandya,Kolkata Knight Riders,1,0.7526881720430108,0.4,1.25,0.0
980947,Harbhajan Singh,Kolkata Knight Riders,1,1.00625,0.4,0.8947368421052632,1.0
980947,JD Unadkat,Mumbai Indians,0,1.0480769230769231,0.6,1.2666666666666666,2.0
980947,JJ Bumrah,Kolkata Knight Riders,0,1.368421052631579,1.4,1.5,3.0
980947,KH Pandya,Kolkata Knight Riders,0,0.6837606837606838,0.6,0.6,0.0
980947,MJ McClenaghan,Kolkata Knight Riders,1,1.3392857142857142,1.2,1.0,1.0
980947,R Sathish,Mumbai Indians,0,0.42857142857142855,0.6,0.0,0.0
980947,SP Narine,Mumbai Indians,2,1.1428571428571428,1.2,1.2173913043478262,1.0
980947,Shakib Al Hasan,Mumbai Indians,1,1.0142857142857142,0.4,1.0833333333333333,0.0
980947,TG Southee,Kolkata Knight Riders,2,1.0555555555555556,1.4,0.7142857142857143,0.0
980947,UT Yadav,Mumbai Indians,1,1.1088435374149659,1.4,1.0555555555555556,3.0
980949,AB Dinda,Gujarat Lions,3,1.0933333333333333,1.6,3.0,1.0
980949,DJ Bravo,Rising Pune Supergiants,2,1.3101265822784811,1.0,1.5,2.0
980949,DS Kulkarni,Rising Pune Supergiants,0,0.9891304347826086,1.2,0.0,1.0
980949,JP Faulkner,Rising Pune Supergiants,0,1.2666666666666666,0.4,0.0,0.0
980949,M Ashwin,Gujarat Lions,0,0.7954545454545454,0.8,1.0,0.0
980949,NLTC Perera,Gujarat Lions,3,1.0277777777777777,1.8,3.0,0.0
980949,P Kumar,Rising Pune Supergiants,1,0.8571428571428571,0.2,0.5,2.0
980949,R Ashwin,Gujarat Lions,0,0.9519230769230769,0.2,0.0,1.0
980949,R Bhatia,Gujarat Lions,1,0.9010989010989011,0.6,0.5,0.0
980949,RA Jadeja,Rising Pune Supergiants,0,0.8009478672985783,0.4,1.0,2.0
980949,S Kaushik,Rising Pune Supergiants,0,0.6,0.0,0.0,3.0
980951,A Mishra,Kolkata Knight Riders,1,1.1296296296296295,1.4,1.0,1.0
980951,AD Russell,Delhi Daredevils,4,1.1160714285714286,1.2,1.6666666666666667,1.0
980951,CH Morris,Kolkata Knight Riders,2,1.3209876543209877,1.4,1.6428571428571428,1.0
980951,CR Brathwaite,Kolkata Knight Riders,3,1.0,1.25,1.75,0.0
980951,GB Hogg,Delhi Daredevils,0,1.1904761904761905,1.2,1.4,0.0
980951,JO Holder,Delhi Daredevils,0,1.2826086956521738,0.6,0.0,0.0
980951,Mohammed Shami,Kolkata Knight Riders,0,1.309090909090909,1.2,1.2857142857142858,2.0
980951,PP Chawla,Delhi Daredevils,0,1.0523560209424083,0.4,1.105263157894737,2.0
980951,SP Narine,Delhi Daredevils,1,1.1428571428571428,1.2,1.7692307692307692,0.0
980951,UT Yadav,Delhi Daredevils,3,1.1088435374149659,2.0,1.1111111111111112,2.0
980951,Z Khan,Kolkata Knight Riders,4,1.202020202020202,1.6,1.4,1.0
980953,A Nehra,Royal Challengers Bangalore,1,1.375,1.2,1.8461538461538463,0.0
980953,B Kumar,Royal Challengers Bangalore,1,1.1079545454545454,1.6,1.0476190476190477,2.0
980953,BB Sran,Royal Challengers Bangalore,1,0.8333333333333334,1.0,1.0,1.0
980953,HV Patel,Sunrisers Hyderabad,0,1.4660194174757282,0.4,1.1538461538461537,3.0
980953,KW Richardson,Sunrisers Hyderabad,2,1.4,2.0,1.3333333333333333,1.0
980953,MC Henriques,Royal Challengers Bangalore,2,0.7666666666666667,1.0,1.3333333333333333,1.0
980953,Mustafizur Rahman,Royal Challengers Bangalore,1,1.2280701754385965,1.2,0.875,2.0
980953,Parvez Rasool,Sunrisers Hyderabad,0,0.36363636363636365,0.4,0.5,0.0
980953,SR Watson,Sunrisers Hyderabad,2,1.019047619047619,1.4,1.1818181818181819,1.0
980953,T Shamsi,Sunrisers Hyderabad,1,0.6,1.0,1.0,0.0
980953,VR Aaron,Sunrisers Hyderabad,0,0.92,0.4,1.2,0.0
980955,AR Patel,Gujarat Lions,4,0.8851351351351351,1.4,1.5,0.0
980955,DJ Bravo,Kings XI Punjab,2,1.3101265822784811,1.0,1.625,2.0
980955,DS Kulkarni,Kings XI Punjab,1,0.9891304347826086,1.0,1.0909090909090908,0.0
980955,Gurkeerat Singh,Gujarat Lions,0,0.8333333333333334,0.75,0.0,0.0
980955,JP Faulkner,Kings XI Punjab,0,1.2666666666666666,0.4,1.0,0.0
980955,KC Cariappa,Gujarat Lions,0,0.7272727272727273,0.5,1.0,1.0
980955,MM Sharma,Gujarat Lions,3,1.3243243243243243,2.4,1.0,1.0
980955,MP Stoinis,Gujarat Lions,1,0.7258064516129032,1.0,0.6666666666666666,0.0
980955,P Kumar,Kings XI Punjab,2,0.8571428571428571,0.6,1.1,0.0
980955,RA Jadeja,Kings XI Punjab,2,0.8009478672985783,0.4,0.7777777777777778,1.0
980955,S Kaushik,Kings XI Punjab,3,0.6,1.5,3.0,1.0
980955,Sandeep Sharma,Gujarat Lions,1,1.2142857142857142,1.2,1.5,2.0
980957,AB Dinda,Mumbai Indians,1,1.0933333333333333,1.6,1.1538461538461537,1.0
980957,HH Pandya,Rising Pune Supergiants,0,0.7526881720430108,0.4,0.0,0.0
980957,Harbhajan Singh,Rising Pune Supergiants,1,1.00625,0.6,1.0,2.0
980957,JJ Bumrah,Rising Pune Supergiants,3,1.368421052631579,2.0,1.5,0.0
980957,KH Pandya,Rising Pune Supergiants,0,0.6837606837606838,0.4,0.0,0.0
980957,M Ashwin,Mumbai Indians,0,0.7954545454545454,0.2,0.75,0.0
980957,MJ McClenaghan,Rising Pune Supergiants,1,1.3392857142857142,1.4,0.5,1.0
980957,NLTC Perera,Mumbai Indians,0,1.0277777777777777,1.8,0.0,0.0
980957,R Ashwin,Mumbai Indians,1,0.9519230769230769,0.4,0.7941176470588235,1.0
980957,R Bhatia,Mumbai Indians,0,0.9010989010989011,0.6,1.1666666666666667,2.0
980957,SM Boland,Mumbai Indians,0,1.5,0.0,0.0,3.0
980957,TG Southee,Rising Pune Supergiants,0,1.0555555555555556,0.8,0.0,0.0
980959,AD Russell,Royal Challengers Bangalore,1,1.1160714285714286,1.0,0.8571428571428571,6.0
980959,M Morkel,Royal Challengers Bangalore,2,1.2571428571428571,1.2,1.0909090909090908,1.0
980959,PP Chawla,Royal Challengers Bangalore,2,1.0523560209424083,0.6,0.8260869565217391,2.0
980959,S Aravind,Kolkata Knight Riders,1,1.263157894736842,1.2,1.3333333333333333,1.0
980959,SP Narine,Royal Challengers Bangalore,0,1.1428571428571428,1.2,1.2777777777777777,1.0
980959,SR Watson,Kolkata Knight Riders,1,1.019047619047619,1.2,1.0,3.0
980959,STR Binny,Kolkata Knight Riders,1,0.4444444444444444,0.2,0.2857142857142857,0.0
980959,T Shamsi,Kolkata Knight Riders,0,0.6,0.75,0.0,0.0
980959,UT Yadav,Royal Challengers Bangalore,2,1.1088435374149659,1.8,1.0666666666666667,0.0
980959,VR Aaron,Kolkata Knight Riders,0,0.92,0.4,1.1111111111111112,0.0
980959,YS Chahal,Kolkata Knight Riders,2,1.3396226415094339,1.4,1.3181818181818181,1.0
980961,A Mishra,Gujarat Lions,1,1.1296296296296295,0.8,0.5,1.0
980961,CH Morris,Gujarat Lions,1,1.3209876543209877,1.4,1.5,2.0
980961,DR Smith,Delhi Daredevils,0,0.5869565217391305,0.4,0.4,1.0
980961,DS Kulkarni,Delhi Daredevils,0,0.9891304347826086,1.0,0.9285714285714286,2.0
980961,JP Duminy,Gujarat Lions,0,0.46938775510204084,0.4,0.5,0.0
980961,JP Faulkner,Delhi Daredevils,0,1.2666666666666666,0.4,1.1,1.0
980961,Mohammed Shami,Gujarat Lions,2,1.309090909090909,1.4,1.6666666666666667,0.0
980961,P Kumar,Delhi Daredevils,0,0.8571428571428571,0.6,0.8571428571428571,1.0
980961,RA Jadeja,Delhi Daredevils,1,0.8009478672985783,0.6,0.7058823529411765,0.0
980961,S Kaushik,Delhi Daredevils,1,0.6,1.3333333333333333,1.0,0.0
980961,S Nadeem,Gujarat Lions,2,0.7714285714285715,0.4,0.6666666666666666,1.0
980961,SK Raina,Delhi Daredevils,0,0.43478260869565216,0.2,0.0,0.0
980961,Z Khan,Gujarat Lions,1,1.202020202020202,1.6,0.3333333333333333,1.0
980963,AD Russell,Kings XI Punjab,6,1.1160714285714286,2.2,1.7777777777777777,1.0
980963,AR Patel,Kolkata Knight Riders,0,0.8851351351351351,1.4,0.7619047619047619,0.0
980963,GB Hogg,Kings XI Punjab,0,1.1904761904761905,0.8,0.0,1.0
980963,GJ Maxwell,Kolkata Knight Riders,0,0.5189873417721519,0.0,0.4,0.0
980963,Gurkeerat Singh,Kolkata Knight Riders,0,0.8333333333333334,0.6,1.0,2.0
980963,M Morkel,Kings XI Punjab,1,1.2571428571428571,1.4,1.6666666666666667,0.0
980963,MM Sharma,Kolkata Knight Riders,1,1.3243243243243243,1.8,0.9166666666666666,0.0
980963,MP Stoinis,Kolkata Knight Riders,0,0.7258064516129032,0.6666666666666666,0.8888888888888888,3.0
980963,PP Chawla,Kings XI Punjab,2,1.0523560209424083,1.0,1.0714285714285714,2.0
980963,Sandeep Sharma,Kolkata Knight Riders,2,1.2142857142857142,1.2,0.8571428571428571,1.0
980963,Shakib Al Hasan,Kings XI Punjab,0,1.0142857142857142,0.4,0.7142857142857143,1.0
980963,Swapnil Singh,Kolkata Knight Riders,0,0.5,0.0,0.0,1.0
980963,UT Yadav,Kings XI Punjab,0,1.1088435374149659,1.4,1.631578947368421,0.0
980965,A Mishra,Rising Pune Supergiants,1,1.1296296296296295,1.0,0.5,0.0
980965,AB Dinda,Delhi Daredevils,1,1.0933333333333333,1.8,1.4,0.0
980965,CR Brathwaite,Rising Pune Supergiants,0,1.0,1.0,0.0,0.0
980965,Imran Tahir,Rising Pune Supergiants,2,1.4576271186440677,1.0,2.0,0.0
980965,J Yadav,Rising Pune Supergiants,0,0.45,0.6,0.0,1.0
980965,JP Duminy,Rising Pune Supergiants,0,0.46938775510204084,0.4,0.0,0.0
980965,M Ashwin,Delhi Daredevils,0,0.7954545454545454,0.2,0.0,0.0
980965,Mohammed Shami,Rising Pune Supergiants,0,1.309090909090909,1.2,0.0,1.0
980965,NLTC Perera,Delhi Daredevils,0,1.0277777777777777,1.2,0.8,0.0
980965,P Negi,Rising Pune Supergiants,0,0.9047619047619048,0.2,0.0,1.0
980965,R Ashwin,Delhi Daredevils,1,0.9519230769230769,0.6,1.4375,0.0
980965,R Bhatia,Delhi Daredevils,2,0.9010989010989011,1.0,0.8,0.0
980967,A Nehra,Gujarat Lions,0,1.375,0.6,1.0,3.0
980967,B Kumar,Gujarat Lions,2,1.1079545454545454,1.8,2.4,1.0
980967,BB Sran,Gujarat Lions,1,0.8333333333333334,1.2,0.6666666666666666,2.0
980967,DJ Bravo,Sunrisers Hyderabad,2,1.3101265822784811,1.4,1.375,0.0
980967,DS Kulkarni,Sunrisers Hyderabad,2,0.9891304347826086,1.2,0.5714285714285714,1.0
980967,MC Henriques,Gujarat Lions,1,0.7666666666666667,1.2,0.2,1.0
980967,Mustafizur Rahman,Gujarat Lions,2,1.2280701754385965,1.4,1.5,3.0
980967,P Kumar,Sunrisers Hyderabad,1,0.8571428571428571,0.8,0.7142857142857143,2.0
980967,PJ Sangwan,Sunrisers Hyderabad,0,1.0476190476190477,0.2,0.0,2.0
980967,RA Jadeja,Sunrisers Hyderabad,0,0.8009478672985783,0.6,0.43478260869565216,0.0
980967,S Kaushik,Sunrisers Hyderabad,0,0.6,1.0,0.6666666666666666,0.0
980967,Yuvraj Singh,Gujarat Lions,0,0.5342465753424658,0.2,0.0,0.0
980969,A Zampa,Royal Challengers Bangalore,2,1.5,2.0,2.0,6.0
980969,AB Dinda,Royal Challengers Bangalore,0,1.0933333333333333,1.8,1.375,0.0
980969,CJ Jordan,Rising Pune Supergiants,2,1.0588235294117647,2.0,2.0,0.0
980969,NLTC Perera,Royal Challengers Bangalore,0,1.0277777777777777,0.8,1.25,0.0
980969,R Ashwin,Royal Challengers Bangalore,0,0.9519230769230769,0.6,0.8461538461538461,1.0
980969,R Bhatia,Royal Challengers Bangalore,0,0.9010989010989011,0.6,0.25,0.0
980969,RP Singh,Royal Challengers Bangalore,1,1.2195121951219512,0.4,1.0,1.0
980969,SR Watson,Rising Pune Supergiants,3,1.019047619047619,1.8,2.5,2.0
980969,STR Binny,Rising Pune Supergiants,0,0.4444444444444444,0.2,0.0,0.0
980969,VR Aaron,Rising Pune Supergiants,0,0.92,0.0,0.0,0.0
980969,YS Chahal,Rising Pune Supergiants,1,1.3396226415094339,1.2,1.0,2.0
980971,A Mishra,Kings XI Punjab,0,1.1296296296296295,0.6,1.15,2.0
980971,AR Patel,Delhi Daredevils,0,0.8851351351351351,1.0,1.1111111111111112,1.0
980971,CH Morris,Kings XI Punjab,2,1.3209876543209877,1.8,1.3636363636363635,2.0
980971,CR Brathwaite,Kings XI Punjab,0,1.0,1.0,0.5,3.0
980971,KC Cariappa,Delhi Daredevils,1,0.7272727272727273,0.6666666666666666,1.0,2.0
980971,MM Sharma,Delhi Daredevils,0,1.3243243243243243,1.8,1.1818181818181819,0.0
980971,MP Stoinis,Delhi Daredevils,3,0.7258064516129032,1.25,1.5,0.0
980971,Mohammed Shami,Kings XI Punjab,1,1.309090909090909,0.8,0.6,1.0
980971,S Nadeem,Kings XI Punjab,1,0.7714285714285715,0.6,0.75,0.0
980971,Sandeep Sharma,Delhi Daredevils,1,1.2142857142857142,1.4,1.6,3.0
980971,Z Khan,Kings XI Punjab,1,1.202020202020202,1.6,1.2142857142857142,1.0
980973,A Nehra,Mumbai Indians,3,1.375,1.0,1.8181818181818181,5.0
980973,B Kumar,Mumbai Indians,1,1.1079545454545454,1.2,1.15,1.0
980973,BB Sran,Mumbai Indians,2,0.8333333333333334,1.0,2.5,1.0
980973,HH Pandya,Sunrisers Hyderabad,0,0.7526881720430108,0.4,0.9090909090909091,0.0
980973,Harbhajan Singh,Sunrisers Hyderabad,2,1.00625,1.0,0.6153846153846154,0.0
980973,JJ Bumrah,Sunrisers Hyderabad,0,1.368421052631579,1.2,1.2666666666666666,1.0
980973,KA Pollard,Sunrisers Hyderabad,0,0.7570093457943925,0.6,0.42857142857142855,0.0
980973,KH Pandya,Sunrisers Hyderabad,0,0.6837606837606838,0.0,0.8461538461538461,1.0
980973,MC Henriques,Mumbai Indians,1,0.7666666666666667,1.4,0.3333333333333333,1.0
980973,MJ McClenaghan,Sunrisers Hyderabad,1,1.3392857142857142,1.4,1.7142857142857142,1.0
980973,Mustafizur Rahman,Mumbai Indians,3,1.2280701754385965,1.8,1.1428571428571428,0.0
980973,TG Southee,Sunrisers Hyderabad,0,1.0555555555555556,0.8,1.8571428571428572,1.0
980975,AD Russell,Gujarat Lions,1,1.1160714285714286,2.4,1.0,1.0
980975,DJ Bravo,Kolkata Knight Riders,0,1.3101265822784811,1.4,1.3157894736842106,0.0
980975,DR Smith,Kolkata Knight Riders,1,0.5869565217391305,0.6,1.3333333333333333,0.0
980975,DS Kulkarni,Kolkata Knight Riders,1,0.9891304347826086,0.8,0.7777777777777778,1.0
980975,M Morkel,Gujarat Lions,0,1.2571428571428571,1.0,0.5,0.0
980975,P Kumar,Kolkata Knight Riders,2,0.8571428571428571,1.2,0.625,2.0
980975,PP Chawla,Gujarat Lions,2,1.0523560209424083,1.2,1.5,2.0
980975,PV Tambe,Kolkata Knight Riders,0,0.8484848484848485,0.6,1.6666666666666667,0.0
980975,RA Jadeja,Kolkata Knight Riders,0,0.8009478672985783,0.6,0.8148148148148148,0.0
980975,S Kaushik,Kolkata Knight Riders,0,0.6,0.8,0.0,0.0
980975,Shakib Al Hasan,Gujarat Lions,1,1.0142857142857142,0.6,0.5,1.0
980975,UT Yadav,Gujarat Lions,0,1.1088435374149659,1.2,0.5,4.0
980977,AR Patel,Royal Challengers Bangalore,1,0.8851351351351351,1.2,1.0555555555555556,1.0
980977,Anureet Singh,Royal Challengers Bangalore,0,0.9545454545454546,1.0,0.6666666666666666,1.0
980977,CJ Jordan,Kings XI Punjab,0,1.0588235294117647,1.0,0.0,0.0
980977,Iqbal Abdulla,Kings XI Punjab,0,0.9375,0.6,0.75,2.0
980977,KC Cariappa,Royal Challengers Bangalore,2,0.7272727272727273,1.0,1.0,0.0
980977,MM Sharma,Royal Challengers Bangalore,0,1.3243243243243243,1.4,0.5,2.0
980977,MP Stoinis,Royal Challengers Bangalore,0,0.7258064516129032,1.0,0.0,4.0
980977,SR Watson,Kings XI Punjab,2,1.019047619047619,1.8,1.1538461538461537,0.0
980977,STR Binny,Kings XI Punjab,0,0.4444444444444444,0.2,0.375,0.0
980977,Sandeep Sharma,Royal Challengers Bangalore,3,1.2142857142857142,1.6,1.6666666666666667,2.0
980977,VR Aaron,Kings XI Punjab,0,0.92,0.0,0.6666666666666666,2.0
980977,YS Chahal,Kings XI Punjab,2,1.3396226415094339,1.2,1.6428571428571428,1.0
980979,A Nehra,Rising Pune Supergiants,5,1.375,2.0,3.0,1.0
980979,A Zampa,Sunrisers Hyderabad,6,1.5,4.0,3.5,0.0
980979,AB Dinda,Sunrisers Hyderabad,0,1.0933333333333333,1.0,1.5,0.0
980979,B Kumar,Rising Pune Supergiants,1,1.1079545454545454,1.2,1.0,0.0
980979,BB Sran,Rising Pune Supergiants,1,0.8333333333333334,1.0,1.0,0.0
980979,MC Henriques,Rising Pune Supergiants,1,0.7666666666666667,1.2,1.0,2.0
980979,Mustafizur Rahman,Rising Pune Supergiants,0,1.2280701754385965,1.2,0.0,0.0
980979,NLTC Perera,Sunrisers Hyderabad,0,1.0277777777777777,0.6,0.5,0.0
980979,R Ashwin,Sunrisers Hyderabad,1,0.9519230769230769,0.6,0.65,2.0
980979,R Bhatia,Sunrisers Hyderabad,0,0.9010989010989011,0.6,1.4,2.0
980979,Yuvraj Singh,Rising Pune Supergiants,0,0.5342465753424658,0.2,0.0,0.0
980981,CJ Jordan,Mumbai Indians,0,1.0588235294117647,0.6666666666666666,1.0,4.0
980981,Harbhajan Singh,Royal Challengers Bangalore,0,1.00625,0.8,1.0869565217391304,0.0
980981,JJ Bumrah,Royal Challengers Bangalore,1,1.368421052631579,1.4,1.6111111111111112,0.0
980981,KA Pollard,Royal Challengers Bangalore,0,0.7570093457943925,0.2,0.9333333333333333,0.0
980981,KH Pandya,Royal Challengers Bangalore,1,0.6837606837606838,0.2,0.75,0.0
980981,MJ McClenaghan,Royal Challengers Bangalore,1,1.3392857142857142,1.2,1.4444444444444444,2.0
980981,S Aravind,Mumbai Indians,1,1.263157894736842,1.4,1.0,1.0
980981,SR Watson,Mumbai Indians,0,1.019047619047619,1.6,0.9333333333333333,0.0
980981,STR Binny,Mumbai Indians,0,0.4444444444444444,0.2,0.7272727272727273,0.0
980981,TG Southee,Royal Challengers Bangalore,1,1.0555555555555556,1.0,1.0,1.0
980981,VR Aaron,Mumbai Indians,2,0.92,0.4,1.0,0.0
980981,YS Chahal,Mumbai Indians,1,1.3396226415094339,1.4,1.5,3.0
980983,A Mishra,Sunrisers Hyderabad,2,1.1296296296296295,1.0,0.9285714285714286,1.0
980983,A Nehra,Delhi Daredevils,1,1.375,2.0,1.5,0.0
980983,B Kumar,Delhi Daredevils,0,1.1079545454545454,1.0,0.4166666666666667,2.0
980983,BB Sran,Delhi Daredevils,0,0.8333333333333334,1.0,1.0,2.0
980983,CH Morris,Sunrisers Hyderabad,2,1.3209876543209877,1.8,1.0833333333333333,2.0
980983,DJ Hooda,Delhi Daredevils,0,0.30303030303030304,0.2,0.0,0.0
980983,J Yadav,Sunrisers Hyderabad,1,0.45,0.6,0.4,0.0
980983,JP Duminy,Sunrisers Hyderabad,0,0.46938775510204084,0.2,1.0,1.0
980983,MC Henriques,Delhi Daredevils,2,0.7666666666666667,1.4,0.6666666666666666,1.0
980983,Mohammed Shami,Sunrisers Hyderabad,1,1.309090909090909,0.8,1.2857142857142858,0.0
980983,Mustafizur Rahman,Delhi Daredevils,0,1.2280701754385965,1.2,0.75,1.0
980983,NM Coulter-Nile,Sunrisers Hyderabad,2,1.368421052631579,1.4,1.5555555555555556,0.0
980983,Yuvraj Singh,Delhi Daredevils,0,0.5342465753424658,0.0,0.5714285714285714,0.0
980985,AR Patel,Mumbai Indians,1,0.8851351351351351,1.2,0.7142857142857143,1.0
980985,Harbhajan Singh,Kings XI Punjab,0,1.00625,0.8,1.0909090909090908,1.0
980985,JJ Bumrah,Kings XI Punjab,0,1.368421052631579,0.8,1.6666666666666667,3.0
980985,KC Cariappa,Mumbai Indians,0,0.7272727272727273,0.8,0.0,0.0
980985,KH Pandya,Kings XI Punjab,0,0.6837606837606838,0.2,0.5555555555555556,3.0
980985,MJ McClenaghan,Kings XI Punjab,2,1.3392857142857142,1.2,1.25,1.0
980985,MM Sharma,Mumbai Indians,2,1.3243243243243243,1.2,1.75,0.0
980985,MP Stoinis,Mumbai Indians,4,0.7258064516129032,1.6,1.1818181818181819,0.0
980985,Sandeep Sharma,Mumbai Indians,2,1.2142857142857142,1.8,1.5,1.0
980985,TG Southee,Kings XI Punjab,1,1.0555555555555556,0.8,1.1666666666666667,1.0
980987,CH Gayle,Gujarat Lions,0,0.5,0.2,0.0,0.0
980987,CJ Jordan,Gujarat Lions,4,1.0588235294117647,1.5,3.5,0.0
980987,DJ Bravo,Royal Challengers Bangalore,0,1.3101265822784811,1.2,1.0434782608695652,1.0
980987,DR Smith,Royal Challengers Bangalore,0,0.5869565217391305,0.4,0.8333333333333334,4.0
980987,DS Kulkarni,Royal Challengers Bangalore,1,0.9891304347826086,1.0,1.1538461538461537,2.0
980987,P Kumar,Royal Challengers Bangalore,2,0.8571428571428571,1.4,0.4,0.0
980987,RA Jadeja,Royal Challengers Bangalore,0,0.8009478672985783,0.6,1.037037037037037,0.0
980987,S Aravind,Gujarat Lions,1,1.263157894736842,1.0,0.5,2.0
980987,S Kaushik,Royal Challengers Bangalore,0,0.6,0.8,0.0,2.0
980987,SR Watson,Gujarat Lions,0,1.019047619047619,1.2,1.25,0.0
980987,STR Binny,Gujarat Lions,0,0.4444444444444444,0.2,0.0,0.0
980987,Sachin Baby,Gujarat Lions,2,1.5,2.0,2.0,1.0
980987,VR Aaron,Gujarat Lions,0,0.92,0.4,0.0,0.0
980987,YS Chahal,Gujarat Lions,3,1.3396226415094339,1.8,1.6,1.0
980989,A Zampa,Kolkata Knight Riders,0,1.5,2.6666666666666665,0.0,3.0
980989,AB Dinda,Kolkata Knight Riders,0,1.0933333333333333,0.4,0.25,3.0
980989,AD Russell,Rising Pune Supergiants,1,1.1160714285714286,2.6,0.5,0.0
980989,AS Rajpoot,Rising Pune Supergiants,1,0.8275862068965517,0.6666666666666666,1.0,0.0
980989,M Ashwin,Kolkata Knight Riders,0,0.7954545454545454,0.0,1.0,2.0
980989,M Morkel,Rising Pune Supergiants,0,1.2571428571428571,0.6,0.0,0.0
980989,PP Chawla,Rising Pune Supergiants,2,1.0523560209424083,1.6,1.0,0.0
980989,R Ashwin,Kolkata Knight Riders,2,0.9519230769230769,1.0,0.9230769230769231,0.0
980989,SP Narine,Rising Pune Supergiants,1,1.1428571428571428,1.0,1.0,1.0
980989,Shakib Al Hasan,Rising Pune Supergiants,1,1.0142857142857142,0.8,1.0,0.0
980991,A Nehra,Kings XI Punjab,0,1.375,1.8,1.1428571428571428,2.0
980991,AR Patel,Sunrisers Hyderabad,1,0.8851351351351351,0.6,0.8947368421052632,1.0
980991,Anureet Singh,Sunrisers Hyderabad,1,0.9545454545454546,0.6,0.5,0.0
980991,B Kumar,Kings XI Punjab,2,1.1079545454545454,1.2,1.5714285714285714,0.0
980991,BCJ Cutting,Kings XI Punjab,0,0.7058823529411765,1.0,0.3333333333333333,1.0
980991,GJ Maxwell,Sunrisers Hyderabad,0,0.5189873417721519,0.0,0.5555555555555556,0.0
980991,KV Sharma,Kings XI Punjab,0,1.0,0.2,0.75,1.0
980991,MC Henriques,Kings XI Punjab,1,0.7666666666666667,1.2,0.9,0.0
980991,MM Sharma,Sunrisers Hyderabad,0,1.3243243243243243,0.6,1.7692307692307692,0.0
980991,MP Stoinis,Sunrisers Hyderabad,0,0.7258064516129032,1.4,0.5,1.0
980991,Mustafizur Rahman,Kings XI Punjab,1,1.2280701754385965,1.2,2.0,1.0
980991,Sandeep Sharma,Sunrisers Hyderabad,1,1.2142857142857142,1.8,1.2727272727272727,1.0
980991,Yuvraj Singh,Kings XI Punjab,0,0.5342465753424658,0.0,0.16666666666666666,0.0
980993,A Mishra,Mumbai Indians,1,1.1296296296296295,1.0,1.1363636363636365,0.0
980993,CH Morris,Mumbai Indians,2,1.3209876543209877,1.8,1.3,1.0
980993,Harbhajan Singh,Delhi Daredevils,1,1.00625,0.8,1.1578947368421053,1.0
980993,Imran Tahir,Mumbai Indians,0,1.4576271186440677,1.0,1.2857142857142858,3.0
980993,JJ Bumrah,Delhi Daredevils,3,1.368421052631579,1.4,0.8888888888888888,1.0
980993,KH Pandya,Delhi Daredevils,3,0.6837606837606838,0.8,1.2,0.0
980993,MJ McClenaghan,Delhi Daredevils,1,1.3392857142857142,1.2,1.5,0.0
980993,N Rana,Delhi Daredevils,0,0.4166666666666667,0.0,0.0,2.0
980993,R Vinay Kumar,Delhi Daredevils,2,1.2211538461538463,1.0,0.9285714285714286,2.0
980993,S Nadeem,Mumbai Indians,0,0.7714285714285715,0.6,0.9090909090909091,1.0
980993,Z Khan,Mumbai Indians,1,1.202020202020202,1.4,1.0,0.0
980995,AD Russell,Royal Challengers Bangalore,0,1.1160714285714286,1.8,0.8571428571428571,0.0
980995,AS Rajpoot,Royal Challengers Bangalore,0,0.8275862068965517,0.5,0.0,1.0
980995,CJ Jordan,Kolkata Knight Riders,0,1.0588235294117647,1.2,0.8,0.0
980995,Iqbal Abdulla,Kolkata Knight Riders,2,0.9375,1.0,1.0,0.0
980995,M Morkel,Royal Challengers Bangalore,0,1.2571428571428571,0.6,1.0909090909090908,1.0
980995,PP Chawla,Royal Challengers Bangalore,0,1.0523560209424083,1.6,0.8260869565217391,1.0
980995,S Aravind,Kolkata Knight Riders,2,1.263157894736842,1.2,1.3333333333333333,2.0
980995,SP Narine,Royal Challengers Bangalore,1,1.1428571428571428,1.0,1.2777777777777777,2.0
980995,SR Watson,Kolkata Knight Riders,0,1.019047619047619,1.0,1.0,2.0
980995,STR Binny,Kolkata Knight Riders,0,0.4444444444444444,0.0,0.2857142857142857,0.0
980995,Shakib Al Hasan,Royal Challengers Bangalore,0,1.0142857142857142,0.6,0.6666666666666666,1.0
980995,YS Chahal,Kolkata Knight Riders,1,1.3396226415094339,1.6,1.3181818181818181,4.0
980997,A Mishra,Rising Pune Supergiants,0,1.1296296296296295,0.8,0.5,1.0
980997,A Zampa,Delhi Daredevils,3,1.5,2.75,1.6666666666666667,1.0
980997,AB Dinda,Delhi Daredevils,3,1.0933333333333333,0.8,1.4,1.0
980997,CH Morris,Rising Pune Supergiants,1,1.3209876543209877,1.6,1.0,1.0
980997,DL Chahar,Delhi Daredevils,0,0.9753086419753086,0.0,0.6666666666666666,0.0
980997,IK Pathan,Delhi Daredevils,0,0.9801980198019802,0.2,1.25,0.0
980997,Mohammed Shami,Rising Pune Supergiants,0,1.309090909090909,0.8,0.0,0.0
980997,NLTC Perera,Delhi Daredevils,0,1.0277777777777777,0.0,0.8,1.0
980997,NM Coulter-Nile,Rising Pune Supergiants,0,1.368421052631579,1.2,0.0,2.0
980997,R Ashwin,Delhi Daredevils,0,0.9519230769230769,0.8,1.4375,4.0
980997,Z Khan,Rising Pune Supergiants,0,1.202020202020202,1.4,0.0,0.0
980999,AR Patel,Royal Challengers Bangalore,1,0.8851351351351351,0.8,1.0555555555555556,1.0
980999,CH Gayle,Kings XI Punjab,0,0.5,0.0,0.5,2.0
980999,CJ Jordan,Kings XI Punjab,0,1.0588235294117647,0.8,0.0,1.0
980999,KC Cariappa,Royal Challengers Bangalore,0,0.7272727272727273,0.6,1.0,1.0
980999,KJ Abbott,Royal Challengers Bangalore,1,0.4,0.5,1.0,0.0
980999,MM Sharma,Royal Challengers Bangalore,0,1.3243243243243243,0.4,0.5,1.0
980999,S Aravind,Kings XI Punjab,2,1.263157894736842,1.4,1.8333333333333333,1.0
980999,SR Watson,Kings XI Punjab,2,1.019047619047619,0.8,1.1538461538461537,1.0
980999,STR Binny,Kings XI Punjab,0,0.4444444444444444,0.0,0.375,0.0
980999,Sandeep Sharma,Royal Challengers Bangalore,1,1.2142857142857142,1.6,1.6666666666666667,1.0
980999,VR Aaron,Kings XI Punjab,0,0.92,0.4,0.6666666666666666,2.0
980999,YS Chahal,Kings XI Punjab,4,1.3396226415094339,2.2,1.6428571428571428,3.0
981001,AS Rajpoot,Gujarat Lions,1,0.8275862068965517,0.6,1.0,1.0
981001,DJ Bravo,Kolkata Knight Riders,1,1.3101265822784811,1.0,1.3157894736842106,2.0
981001,DR Smith,Kolkata Knight Riders,4,0.5869565217391305,1.0,1.3333333333333333,2.0
981001,DS Kulkarni,Kolkata Knight Riders,2,0.9891304347826086,1.2,0.7777777777777778,2.0
981001,JO Holder,Gujarat Lions,0,1.2826086956521738,0.2,0.0,0.0
981001,M Morkel,Gujarat Lions,1,1.2571428571428571,0.4,0.5,2.0
981001,P Kumar,Kolkata Knight Riders,0,0.8571428571428571,1.0,0.625,2.0
981001,RA Jadeja,Kolkata Knight Riders,0,0.8009478672985783,0.2,0.8148148148148148,0.0
981001,SB Jakati,Kolkata Knight Riders,1,0.8771929824561403,0.4,0.6666666666666666,0.0
981001,SP Narine,Gujarat Lions,2,1.1428571428571428,1.0,0.6666666666666666,3.0
981001,YK Pathan,Gujarat Lions,0,0.5609756097560976,0.2,0.0,0.0
981003,A Mishra,Sunrisers Hyderabad,1,1.1296296296296295,0.8,0.9285714285714286,0.0
981003,B Kumar,Delhi Daredevils,0,1.1079545454545454,0.8,0.4166666666666667,2.0
981003,BB Sran,Delhi Daredevils,2,0.8333333333333334,1.2,1.0,1.0
981003,CR Brathwaite,Sunrisers Hyderabad,3,1.0,1.4,3.0,1.0
981003,DJ Hooda,Delhi Daredevils,0,0.30303030303030304,0.2,0.0,2.0
981003,J Yadav,Sunrisers Hyderabad,0,0.45,0.4,0.4,0.0
981003,JP Duminy,Sunrisers Hyderabad,1,0.46938775510204084,0.4,1.0,0.0
981003,KV Sharma,Delhi Daredevils,1,1.0,0.4,1.1428571428571428,0.0
981003,MC Henriques,Delhi Daredevils,0,0.7666666666666667,1.0,0.6666666666666666,0.0
981003,Mustafizur Rahman,Delhi Daredevils,1,1.2280701754385965,1.0,0.75,1.0
981003,NM Coulter-Nile,Sunrisers Hyderabad,2,1.368421052631579,1.2,1.5555555555555556,3.0
981003,Yuvraj Singh,Delhi Daredevils,0,0.5342465753424658,0.0,0.5714285714285714,2.0
981003,Z Khan,Sunrisers Hyderabad,0,1.202020202020202,0.6,0.75,1.0
981005,A Zampa,Kings XI Punjab,1,1.5,2.4,1.5,1.0
981005,AB Dinda,Kings XI Punjab,1,1.0933333333333333,0.8,0.75,1.0
981005,AR Patel,Rising Pune Supergiants,1,0.8851351351351351,1.0,0.5,1.0
981005,DL Chahar,Kings XI Punjab,0,0.9753086419753086,0.0,0.2857142857142857,0.0
981005,IK Pathan,Kings XI Punjab,0,0.9801980198019802,0.2,0.6,2.0
981005,MM Sharma,Rising Pune Supergiants,1,1.3243243243243243,0.6,2.5,0.0
981005,R Ashwin,Kings XI Punjab,4,0.9519230769230769,1.4,1.1764705882352942,1.0
981005,R Dhawan,Rising Pune Supergiants,1,0.75,0.6,1.0,2.0
981005,Sandeep Sharma,Rising Pune Supergiants,1,1.2142857142857142,1.6,1.5,2.0
981007,DJ Bravo,Mumbai Indians,2,1.3101265822784811,1.0,1.6363636363636365,0.0
981007,DR Smith,Mumbai Indians,2,0.5869565217391305,1.4,0.6,0.0
981007,DS Kulkarni,Mumbai Indians,2,0.9891304347826086,1.6,1.3,4.0
981007,HH Pandya,Gujarat Lions,0,0.7526881720430108,0.4,0.0,1.0
981007,Harbhajan Singh,Gujarat Lions,1,1.00625,0.8,0.75,0.0
981007,JJ Bumrah,Gujarat Lions,1,1.368421052631579,1.0,1.5,0.0
981007,KH Pandya,Gujarat Lions,0,0.6837606837606838,0.8,1.0,0.0
981007,MJ McClenaghan,Gujarat Lions,0,1.3392857142857142,1.0,1.5,1.0
981007,P Kumar,Mumbai Indians,2,0.8571428571428571,1.4,0.8125,0.0
981007,R Vinay Kumar,Gujarat Lions,2,1.2211538461538463,1.4,2.0,2.0
981007,RA Jadeja,Mumbai Indians,0,0.8009478672985783,0.0,0.6451612903225806,2.0
981007,SB Jakati,Mumbai Indians,0,0.8771929824561403,0.4,0.8888888888888888,0.0
981009,AS Rajpoot,Sunrisers Hyderabad,1,0.8275862068965517,0.6,1.5,3.0
981009,B Kumar,Kolkata Knight Riders,2,1.1079545454545454,1.0,1.1,3.0
981009,BB Sran,Kolkata Knight Riders,1,0.8333333333333334,1.2,0.7142857142857143,1.0
981009,DJ Hooda,Kolkata Knight Riders,2,0.30303030303030304,0.6,1.0,0.0
981009,JO Holder,Sunrisers Hyderabad,0,1.2826086956521738,0.2,1.5,3.0
981009,KS Williamson,Kolkata Knight Riders,0,0.0,0.0,0.0,0.0
981009,KV Sharma,Kolkata Knight Riders,0,1.0,0.2,1.3333333333333333,2.0
981009,Kuldeep Yadav,Sunrisers Hyderabad,3,1.0975609756097562,2.0,1.2857142857142858,3.0
981009,MC Henriques,Kolkata Knight Riders,0,0.7666666666666667,0.8,0.8888888888888888,3.0
981009,Mustafizur Rahman,Kolkata Knight Riders,1,1.2280701754385965,0.6,1.125,0.0
981009,SP Narine,Sunrisers Hyderabad,3,1.1428571428571428,1.4,0.64,0.0
981009,Shakib Al Hasan,Sunrisers Hyderabad,1,1.0142857142857142,0.6,1.5,0.0
981009,YK Pathan,Sunrisers Hyderabad,0,0.5609756097560976,0.2,0.125,0.0
981011,A Mishra,Royal Challengers Bangalore,0,1.1296296296296295,0.8,1.0555555555555556,0.0
981011,CH Gayle,Delhi Daredevils,2,0.5,0.4,0.6,0.0
981011,CH Morris,Royal Challengers Bangalore,1,1.3209876543209877,1.6,1.0,3.0
981011,CJ Jordan,Delhi Daredevils,1,1.0588235294117647,1.0,1.0,3.0
981011,CR Brathwaite,Royal Challengers Bangalore,1,1.0,1.4,0.6666666666666666,0.0
981011,Iqbal Abdulla,Delhi Daredevils,0,0.9375,0.4,1.25,2.0
981011,J Yadav,Royal Challengers Bangalore,0,0.45,0.4,0.0,0.0
981011,P Negi,Royal Challengers Bangalore,1,0.9047619047619048,0.4,0.2,2.0
981011,S Aravind,Delhi Daredevils,1,1.263157894736842,1.4,1.0,0.0
981011,SR Watson,Delhi Daredevils,1,1.019047619047619,0.6,1.1666666666666667,4.0
981011,STR Binny,Delhi Daredevils,0,0.4444444444444444,0.0,0.6666666666666666,0.0
981011,YS Chahal,Delhi Daredevils,3,1.3396226415094339,2.4,1.4444444444444444,1.0
981011,Z Khan,Royal Challengers Bangalore,1,1.202020202020202,0.6,1.3,3.0
981013,CJ Jordan,Gujarat Lions,3,1.0588235294117647,1.6,3.5,3.0
981013,DJ Bravo,Royal Challengers Bangalore,0,1.3101265822784811,0.6,1.0434782608695652,2.0
981013,DR Smith,Royal Challengers Bangalore,0,0.5869565217391305,1.4,0.8333333333333334,1.0
981013,DS Kulkarni,Royal Challengers Bangalore,4,0.9891304347826086,2.0,1.1538461538461537,1.0
981013,Iqbal Abdulla,Gujarat Lions,2,0.9375,0.8,1.0,0.0
981013,P Kumar,Royal Challengers Bangalore,0,0.8571428571428571,1.2,0.4,0.0
981013,RA Jadeja,Royal Challengers Bangalore,2,0.8009478672985783,0.4,1.037037037037037,1.0
981013,S Aravind,Gujarat Lions,0,1.263157894736842,1.2,0.5,2.0
981013,SB Jakati,Royal Challengers Bangalore,0,0.8771929824561403,0.4,0.8888888888888888,0.0
981013,SR Watson,Gujarat Lions,4,1.019047619047619,1.4,1.25,1.0
981013,STR Binny,Gujarat Lions,0,0.4444444444444444,0.0,0.0,1.0
981013,YS Chahal,Gujarat Lions,1,1.3396226415094339,2.4,1.6,1.0
981015,B Kumar,Kolkata Knight Riders,3,1.1079545454545454,1.4,1.1,2.0
981015,BB Sran,Kolkata Knight Riders,1,0.8333333333333334,1.0,0.7142857142857143,0.0
981015,BCJ Cutting,Kolkata Knight Riders,1,0.7058823529411765,1.0,0.75,2.0
981015,Bipul Sharma,Kolkata Knight Riders,0,0.7857142857142857,0.8,0.2857142857142857,2.0
981015,DJ Hooda,Kolkata Knight Riders,0,0.30303030303030304,0.4,1.0,1.0
981015,JO Holder,Sunrisers Hyderabad,3,1.2826086956521738,0.8,1.5,2.0
981015,Kuldeep Yadav,Sunrisers Hyderabad,3,1.0975609756097562,2.3333333333333335,1.2857142857142858,2.0
981015,MC Henriques,Kolkata Knight Riders,3,0.7666666666666667,1.2,0.8888888888888888,0.0
981015,Mustafizur Rahman,Kolkata Knight Riders,0,1.2280701754385965,0.6,1.125,2.0
981015,SP Narine,Sunrisers Hyderabad,0,1.1428571428571428,1.4,0.64,0.0
981015,YK Pathan,Sunrisers Hyderabad,0,0.5609756097560976,0.2,0.125,0.0
981017,B Kumar,Gujarat Lions,2,1.1079545454545454,1.8,2.4,1.0
981017,BB Sran,Gujarat Lions,0,0.8333333333333334,0.8,0.6666666666666666,1.0
981017,BCJ Cutting,Gujarat Lions,2,0.7058823529411765,1.25,1.0,2.0
981017,Bipul Sharma,Gujarat Lions,2,0.7857142857142857,0.8,1.0,1.0
981017,DJ Bravo,Sunrisers Hyderabad,2,1.3101265822784811,1.0,1.375,0.0
981017,DR Smith,Sunrisers Hyderabad,1,0.5869565217391305,1.4,0.6666666666666666,0.0
981017,DS Kulkarni,Sunrisers Hyderabad,1,0.9891304347826086,2.0,0.5714285714285714,0.0
981017,MC Henriques,Gujarat Lions,0,0.7666666666666667,0.8,0.2,0.0
981017,P Kumar,Sunrisers Hyderabad,0,0.8571428571428571,0.8,0.7142857142857143,0.0
981017,S Kaushik,Sunrisers Hyderabad,2,0.6,0.6,0.6666666666666666,0.0
981017,SK Raina,Sunrisers Hyderabad,0,0.43478260869565216,0.2,0.6666666666666666,0.0
981017,TA Boult,Gujarat Lions,1,1.2427184466019416,1.0,1.0,1.0
981019,B Kumar,Royal Challengers Bangalore,1,1.1079545454545454,1.6,1.0476190476190477,2.0
981019,BB Sran,Royal Challengers Bangalore,1,0.8333333333333334,1.0,1.0,0.0
981019,BCJ Cutting,Royal Challengers Bangalore,2,0.7058823529411765,1.4,1.5,1.0
981019,Bipul Sharma,Royal Challengers Bangalore,1,0.7857142857142857,0.8,1.25,1.0
981019,CH Gayle,Sunrisers Hyderabad,0,0.5,0.4,0.0,0.0
981019,CJ Jordan,Sunrisers Hyderabad,3,1.0588235294117647,1.4,1.75,1.0
981019,Iqbal Abdulla,Sunrisers Hyderabad,0,0.9375,0.8,1.5,2.0
981019,MC Henriques,Royal Challengers Bangalore,0,0.7666666666666667,0.6,1.3333333333333333,1.0
981019,Mustafizur Rahman,Royal Challengers Bangalore,2,1.2280701754385965,1.0,0.875,0.0
981019,S Aravind,Sunrisers Hyderabad,2,1.263157894736842,1.4,1.0,0.0
981019,SR Watson,Sunrisers Hyderabad,1,1.019047619047619,1.6,1.1818181818181819,0.0
981019,YS Chahal,Sunrisers Hyderabad,1,1.3396226415094339,2.0,1.3333333333333333,1.0
1082591,A Choudhary,Sunrisers Hyderabad,1,1.0,1.0,1.0,0.0
1082591,A Nehra,Royal Challengers Bangalore,2,1.375,2.2,1.8461538461538463,2.0
1082591,B Kumar,Royal Challengers Bangalore,2,1.1079545454545454,2.0,1.0476190476190477,2.0
1082591,BCJ Cutting,Royal Challengers Bangalore,1,0.7058823529411765,1.2,1.5,0.0
1082591,Bipul Sharma,Royal Challengers Bangalore,1,0.7857142857142857,0.8,1.25,0.0
1082591,DJ Hooda,Royal Challengers Bangalore,1,0.30303030303030304,0.6,0.3333333333333333,1.0
1082591,MC Henriques,Royal Challengers Bangalore,1,0.7666666666666667,0.8,1.3333333333333333,0.0
1082591,Rashid Khan,Royal Challengers Bangalore,2,1.2975206611570247,2.0,1.3076923076923077,3.0
1082591,S Aravind,Sunrisers Hyderabad,0,1.263157894736842,1.0,1.0,0.0
1082591,SR Watson,Sunrisers Hyderabad,0,1.019047619047619,1.6,1.1818181818181819,1.0
1082591,STR Binny,Sunrisers Hyderabad,1,0.4444444444444444,0.2,0.2857142857142857,1.0
1082591,TM Head,Sunrisers Hyderabad,0,0.5,0.0,0.0,1.0
1082591,TS Mills,Sunrisers Hyderabad,1,1.1,1.0,1.0,1.0
1082591,YS Chahal,Sunrisers Hyderabad,1,1.3396226415094339,2.0,1.3333333333333333,1.0
1082592,A Zampa,Mumbai Indians,1,1.5,2.2,1.0,1.0
1082592,AB Dinda,Mumbai Indians,1,1.0933333333333333,1.0,1.1538461538461537,1.0
1082592,BA Stokes,Mumbai Indians,1,0.8157894736842105,1.0,1.25,0.0
1082592,DL Chahar,Mumbai Indians,0,0.9753086419753086,0.0,1.0,1.0
1082592,HH Pandya,Rising Pune Supergiant,1,0.7526881720430108,0.4,0.5,1.0
1082592,Imran Tahir,Mumbai Indians,3,1.4576271186440677,1.6,1.2857142857142858,2.0
1082592,JJ Bumrah,Rising Pune Supergiant,0,1.368421052631579,1.0,1.25,1.0
1082592,KA Pollard,Rising Pune Supergiant,0,0.7570093457943925,0.0,0.0,1.0
1082592,KH Pandya,Rising Pune Supergiant,0,0.6837606837606838,0.8,0.0,3.0
1082592,MJ McClenaghan,Rising Pune Supergiant,1,1.3392857142857142,1.0,0.6666666666666666,1.0
1082592,R Bhatia,Mumbai Indians,2,0.9010989010989011,0.8,1.1666666666666667,0.0
1082592,TG Southee,Rising Pune Supergiant,1,1.0555555555555556,0.6,1.0,0.0
1082593,CR Woakes,Gujarat Lions,0,1.4761904761904763,0.0,0.5,1.0
1082593,DR Smith,Kolkata Knight Riders,0,0.5869565217391305,1.4,1.3333333333333333,1.0
1082593,DS Kulkarni,Kolkata Knight Riders,0,0.9891304347826086,1.8,0.7777777777777778,0.0
1082593,Kuldeep Yadav,Gujarat Lions,2,1.0975609756097562,2.25,2.0,1.0
1082593,P Kumar,Kolkata Knight Riders,0,0.8571428571428571,0.4,0.625,1.0
1082593,PP Chawla,Gujarat Lions,1,1.0523560209424083,1.4,1.5,1.0
1082593,S Kaushik,Kolkata Knight Riders,0,0.6,0.4,0.0,0.0
1082593,SB Jakati,Kolkata Knight Riders,0,0.8771929824561403,0.2,0.6666666666666666,0.0
1082593,SP Narine,Gujarat Lions,0,1.1428571428571428,1.2,0.6666666666666666,1.0
1082593,TA Boult,Gujarat Lions,1,1.2427184466019416,1.2,1.0,0.0
1082593,YK Pathan,Gujarat Lions,0,0.5609756097560976,0.2,0.0,1.0
1082594,AB Dinda,Kings XI Punjab,1,1.0933333333333333,1.2,0.75,0.0
1082594,AR Patel,Rising Pune Supergiant,1,0.8851351351351351,1.0,1.0,1.0
1082594,BA Stokes,Kings XI Punjab,0,0.8157894736842105,0.5,1.1666666666666667,1.0
1082594,DT Christian,Kings XI Punjab,0,0.8163265306122449,0.6,1.1428571428571428,0.0
1082594,Imran Tahir,Kings XI Punjab,2,1.4576271186440677,2.0,1.3333333333333333,1.0
1082594,MM Sharma,Rising Pune Supergiant,0,1.3243243243243243,0.6,0.0,0.0
1082594,MP Stoinis,Rising Pune Supergiant,1,0.7258064516129032,1.6,1.0,0.0
1082594,R Bhatia,Kings XI Punjab,0,0.9010989010989011,0.8,0.7272727272727273,0.0
1082594,RD Chahar,Kings XI Punjab,1,0.987012987012987,1.0,1.25,1.0
1082594,Sandeep Sharma,Rising Pune Supergiant,2,1.2142857142857142,1.4,1.0,1.0
1082594,Swapnil Singh,Rising Pune Supergiant,1,0.5,0.5,0.5,0.0
1082594,T Natarajan,Rising Pune Supergiant,1,1.2459016393442623,1.0,1.0,0.0
1082595,A Mishra,Royal Challengers Bangalore,0,1.1296296296296295,0.4,1.0555555555555556,3.0
1082595,B Stanlake,Delhi Daredevils,2,1.1666666666666667,2.0,2.0,0.0
1082595,CH Morris,Royal Challengers Bangalore,3,1.3209876543209877,1.8,1.0,1.0
1082595,CR Brathwaite,Royal Challengers Bangalore,0,1.0,0.8,0.6666666666666666,1.0
1082595,Iqbal Abdulla,Delhi Daredevils,2,0.9375,1.2,1.25,0.0
1082595,P Negi,Delhi Daredevils,2,0.9047619047619048,0.6,2.3333333333333335,0.0
1082595,PJ Cummins,Royal Challengers Bangalore,1,1.1379310344827587,0.8,0.6666666666666666,2.0
1082595,S Nadeem,Royal Challengers Bangalore,1,0.7714285714285715,0.8,1.0,1.0
1082595,SR Watson,Delhi Daredevils,1,1.019047619047619,1.4,1.1666666666666667,0.0
1082595,TS Mills,Delhi Daredevils,1,1.1,1.0,1.0,1.0
1082595,YS Chahal,Delhi Daredevils,1,1.3396226415094339,1.4,1.4444444444444444,1.0
1082595,Z Khan,Royal Challengers Bangalore,3,1.202020202020202,1.0,1.3,3.0
1082596,A Nehra,Gujarat Lions,2,1.375,2.0,1.0,1.0
1082596,B Kumar,Gujarat Lions,2,1.1079545454545454,2.0,2.4,3.0
1082596,BCJ Cutting,Gujarat Lions,0,0.7058823529411765,1.2,1.0,0.0
1082596,Basil Thampi,Sunrisers Hyderabad,0,1.04,0.0,0.0,0.0
1082596,Bipul Sharma,Gujarat Lions,0,0.7857142857142857,0.8,1.0,0.0
1082596,DS Kulkarni,Sunrisers Hyderabad,0,0.9891304347826086,1.4,0.5714285714285714,1.0
1082596,MC Henriques,Gujarat Lions,0,0.7666666666666667,0.8,0.2,0.0
1082596,P Kumar,Sunrisers Hyderabad,1,0.8571428571428571,0.6,0.7142857142857143,1.0
1082596,Rashid Khan,Gujarat Lions,3,1.2975206611570247,2.5,3.0,1.0
1082596,S Kaushik,Sunrisers Hyderabad,0,0.6,0.4,0.6666666666666666,0.0
1082596,SK Raina,Sunrisers Hyderabad,0,0.43478260869565216,0.0,0.6666666666666666,0.0
1082597,AS Rajpoot,Mumbai Indians,3,0.8275862068965517,1.2,0.7777777777777778,0.0
1082597,CR Woakes,Mumbai Indians,1,1.4761904761904763,0.5,1.0,2.0
1082597,Harbhajan Singh,Kolkata Knight Riders,0,1.00625,0.4,0.8947368421052632,2.0
1082597,JJ Bumrah,Kolkata Knight Riders,1,1.368421052631579,1.0,1.5,3.0
1082597,KH Pandya,Kolkata Knight Riders,3,0.6837606837606838,1.2,0.6,0.0
1082597,Kuldeep Yadav,Mumbai Indians,1,1.0975609756097562,2.0,0.7,1.0
1082597,MJ McClenaghan,Kolkata Knight Riders,1,1.3392857142857142,1.0,1.0,1.0
1082597,SL Malinga,Kolkata Knight Riders,2,1.540983606557377,2.0,1.3529411764705883,1.0
1082597,SP Narine,Mumbai Indians,1,1.1428571428571428,1.2,1.2173913043478262,1.0
1082597,TA Boult,Mumbai Indians,0,1.2427184466019416,0.6,1.2727272727272727,0.0
1082598,AR Patel,Royal Challengers Bangalore,1,0.8851351351351351,1.0,1.0555555555555556,1.0
1082598,B Stanlake,Kings XI Punjab,0,1.1666666666666667,1.0,0.0,1.0
1082598,MM Sharma,Royal Challengers Bangalore,0,1.3243243243243243,0.2,0.5,0.0
1082598,MP Stoinis,Royal Challengers Bangalore,0,0.7258064516129032,1.0,0.0,0.0
1082598,P Negi,Kings XI Punjab,0,0.9047619047619048,0.6,0.8333333333333334,0.0
1082598,SR Watson,Kings XI Punjab,0,1.019047619047619,1.2,1.1538461538461537,1.0
1082598,Sandeep Sharma,Royal Challengers Bangalore,1,1.2142857142857142,1.2,1.6666666666666667,0.0
1082598,T Natarajan,Royal Challengers Bangalore,0,1.2459016393442623,0.5,1.125,0.0
1082598,TS Mills,Kings XI Punjab,1,1.1,1.0,1.0,0.0
1082598,VR Aaron,Royal Challengers Bangalore,2,0.92,0.8,0.6,1.0
1082598,YS Chahal,Kings XI Punjab,1,1.3396226415094339,1.0,1.6428571428571428,1.0
1082599,A Mishra,Rising Pune Supergiant,3,1.1296296296296295,0.8,1.5,1.0
1082599,A Zampa,Delhi Daredevils,1,1.5,1.2,1.6666666666666667,1.0
1082599,BA Stokes,Delhi Daredevils,1,0.8157894736842105,0.6666666666666666,1.0,0.0
1082599,CH Morris,Rising Pune Supergiant,1,1.3209876543209877,1.6,1.0,3.0
1082599,CJ Anderson,Rising Pune Supergiant,0,0.6363636363636364,0.2,0.0,1.0
1082599,DL Chahar,Delhi Daredevils,1,0.9753086419753086,0.25,0.6666666666666666,0.0
1082599,Imran Tahir,Delhi Daredevils,1,1.4576271186440677,1.6,1.0,1.0
1082599,PJ Cummins,Rising Pune Supergiant,2,1.1379310344827587,0.8,2.0,2.0
1082599,S Nadeem,Rising Pune Supergiant,1,0.7714285714285715,1.0,1.0,2.0
1082599,Z Khan,Rising Pune Supergiant,3,1.202020202020202,1.4,2.5,0.0
1082600,A Nehra,Mumbai Indians,1,1.375,1.2,1.8181818181818181,1.0
1082600,B Kumar,Mumbai Indians,3,1.1079545454545454,2.0,1.15,3.0
1082600,BCJ Cutting,Mumbai Indians,0,0.7058823529411765,1.0,0.0,1.0
1082600,DJ Hooda,Mumbai Indians,1,0.30303030303030304,0.8,0.4,0.0
1082600,HH Pandya,Sunrisers Hyderabad,1,0.7526881720430108,0.4,0.9090909090909091,1.0
1082600,Harbhajan Singh,Sunrisers Hyderabad,2,1.00625,0.8,0.6153846153846154,0.0
1082600,JJ Bumrah,Sunrisers Hyderabad,3,1.368421052631579,1.6,1.2666666666666666,1.0
1082600,KH Pandya,Sunrisers Hyderabad,0,0.6837606837606838,1.2,0.8461538461538461,1.0
1082600,MJ McClenaghan,Sunrisers Hyderabad,1,1.3392857142857142,0.8,1.7142857142857142,2.0
1082600,Mustafizur Rahman,Mumbai Indians,0,1.2280701754385965,0.8,1.1428571428571428,1.0
1082600,Rashid Khan,Mumbai Indians,1,1.2975206611570247,2.0,1.4,1.0
1082600,SL Malinga,Sunrisers Hyderabad,1,1.540983606557377,2.0,1.4444444444444444,1.0
1082601,AR Patel,Kolkata Knight Riders,1,0.8851351351351351,1.0,0.7619047619047619,1.0
1082601,C de Grandhomme,Kings XI Punjab,1,0.3684210526315789,1.0,0.6666666666666666,0.0
1082601,CR Woakes,Kings XI Punjab,2,1.4761904761904763,1.0,2.0,2.0
1082601,GJ Maxwell,Kolkata Knight Riders,0,0.5189873417721519,0.0,0.4,0.0
1082601,I Sharma,Kolkata Knight Riders,0,0.8727272727272727,0.6,0.75,0.0
1082601,MM Sharma,Kolkata Knight Riders,0,1.3243243243243243,0.2,0.9166666666666666,1.0
1082601,MP Stoinis,Kolkata Knight Riders,0,0.7258064516129032,1.0,0.8888888888888888,1.0
1082601,PP Chawla,Kings XI Punjab,1,1.0523560209424083,1.2,1.0714285714285714,1.0
1082601,SP Narine,Kings XI Punjab,1,1.1428571428571428,1.0,1.631578947368421,1.0
1082601,Sandeep Sharma,Kolkata Knight Riders,0,1.2142857142857142,1.0,0.8571428571428571,1.0
1082601,TA Boult,Kings XI Punjab,0,1.2427184466019416,0.6,1.2857142857142858,1.0
1082601,UT Yadav,Kings XI Punjab,4,1.1088435374149659,1.8,1.631578947368421,0.0
1082601,VR Aaron,Kolkata Knight Riders,1,0.92,1.0,1.1111111111111112,2.0
1082602,HH Pandya,Royal Challengers Bangalore,1,0.7526881720430108,0.6,0.5,0.0
1082602,Harbhajan Singh,Royal Challengers Bangalore,0,1.00625,0.8,1.0869565217391304,1.0
1082602,JJ Bumrah,Royal Challengers Bangalore,1,1.368421052631579,1.2,1.6111111111111112,0.0
1082602,KH Pandya,Royal Challengers Bangalore,1,0.6837606837606838,0.8,0.75,0.0
1082602,MJ McClenaghan,Royal Challengers Bangalore,2,1.3392857142857142,1.0,1.4444444444444444,2.0
1082602,P Negi,Mumbai Indians,0,0.9047619047619048,0.6,0.5714285714285714,1.0
1082602,S Aravind,Mumbai Indians,0,1.263157894736842,0.6,1.0,2.0
1082602,S Badree,Mumbai Indians,4,0.9166666666666666,1.2,2.5,1.0
1082602,STR Binny,Mumbai Indians,1,0.4444444444444444,0.4,0.7272727272727273,1.0
1082602,TG Southee,Royal Challengers Bangalore,0,1.0555555555555556,0.6,1.0,2.0
1082602,TS Mills,Mumbai Indians,0,1.1,0.75,0.0,2.0
1082602,YS Chahal,Mumbai Indians,1,1.3396226415094339,1.0,1.5,0.0
1082603,AJ Tye,Rising Pune Supergiant,5,1.6,5.0,5.0,2.0
1082603,Ankit Sharma,Gujarat Lions,0,0.5714285714285714,0.2,0.0,0.0
1082603,BA Stokes,Gujarat Lions,0,0.8157894736842105,0.5,0.0,3.0
1082603,Basil Thampi,Rising Pune Supergiant,0,1.04,0.0,1.0,0.0
1082603,DR Smith,Rising Pune Supergiant,1,0.5869565217391305,0.8,0.5,0.0
1082603,Imran Tahir,Gujarat Lions,1,1.4576271186440677,1.4,2.6666666666666665,1.0
1082603,LH Ferguson,Gujarat Lions,0,1.2666666666666666,0.0,0.0,3.0
1082603,P Kumar,Rising Pune Supergiant,1,0.8571428571428571,0.4,1.0,1.0
1082603,RA Jadeja,Rising Pune Supergiant,1,0.8009478672985783,0.6,0.5,0.0
1082603,RD Chahar,Gujarat Lions,1,0.987012987012987,1.0,1.0,0.0
1082603,SK Raina,Rising Pune Supergiant,0,0.43478260869565216,0.0,0.0,1.0
1082603,SN Thakur,Gujarat Lions,1,1.0869565217391304,1.0,1.0,3.0
1082604,A Nehra,Kolkata Knight Riders,1,1.375,1.2,0.8,3.0
1082604,B Kumar,Kolkata Knight Riders,3,1.1079545454545454,2.2,1.1,5.0
1082604,BCJ Cutting,Kolkata Knight Riders,1,0.7058823529411765,0.8,0.75,0.0
1082604,Bipul Sharma,Kolkata Knight Riders,0,0.7857142857142857,0.8,0.2857142857142857,1.0
1082604,CR Woakes,Sunrisers Hyderabad,2,1.4761904761904763,1.25,2.0,1.0
1082604,Kuldeep Yadav,Sunrisers Hyderabad,1,1.0975609756097562,2.0,1.2857142857142858,0.0
1082604,MC Henriques,Kolkata Knight Riders,0,0.7666666666666667,0.2,0.8888888888888888,1.0
1082604,Rashid Khan,Kolkata Knight Riders,1,1.2975206611570247,1.75,1.1333333333333333,2.0
1082604,SP Narine,Sunrisers Hyderabad,1,1.1428571428571428,0.6,0.64,2.0
1082604,TA Boult,Sunrisers Hyderabad,1,1.2427184466019416,0.6,1.4166666666666667,2.0
1082604,UT Yadav,Sunrisers Hyderabad,0,1.1088435374149659,1.2,0.8421052631578947,1.0
1082604,YK Pathan,Sunrisers Hyderabad,1,0.5609756097560976,0.2,0.125,0.0
1082605,A Mishra,Kings XI Punjab,1,1.1296296296296295,1.0,1.15,1.0
1082605,AR Patel,Delhi Daredevils,1,0.8851351351351351,1.0,1.1111111111111112,2.0
1082605,CH Morris,Kings XI Punjab,3,1.3209876543209877,1.8,1.3636363636363635,1.0
1082605,CJ Anderson,Kings XI Punjab,1,0.6363636363636364,0.4,1.0,1.0
1082605,GJ Maxwell,Delhi Daredevils,0,0.5189873417721519,0.0,0.25,2.0
1082605,KC Cariappa,Delhi Daredevils,1,0.7272727272727273,0.8,1.0,1.0
1082605,MM Sharma,Delhi Daredevils,1,1.3243243243243243,0.4,1.1818181818181819,2.0
1082605,PJ Cummins,Kings XI Punjab,2,1.1379310344827587,1.0,0.6666666666666666,2.0
1082605,S Nadeem,Kings XI Punjab,2,0.7714285714285715,1.0,0.75,0.0
1082605,Sandeep Sharma,Delhi Daredevils,1,1.2142857142857142,1.0,1.6,1.0
1082605,VR Aaron,Delhi Daredevils,2,0.92,1.0,1.75,2.0
1082605,Z Khan,Kings XI Punjab,0,1.202020202020202,1.4,1.2142857142857142,2.0
1082606,AJ Tye,Mumbai Indians,2,1.6,3.5,1.6,0.0
1082606,Basil Thampi,Mumbai Indians,0,1.04,0.0,1.5,1.0
1082606,DR Smith,Mumbai Indians,0,0.5869565217391305,0.4,0.6,0.0
1082606,HH Pandya,Gujarat Lions,0,0.7526881720430108,0.6,0.0,0.0
1082606,Harbhajan Singh,Gujarat Lions,1,1.00625,0.8,0.75,0.0
1082606,JJ Bumrah,Gujarat Lions,0,1.368421052631579,1.0,1.5,1.0
1082606,KH Pandya,Gujarat Lions,0,0.6837606837606838,0.8,1.0,1.0
1082606,MJ McClenaghan,Gujarat Lions,2,1.3392857142857142,1.4,1.5,2.0
1082606,MM Patel,Mumbai Indians,1,1.3015873015873016,0.8,1.6666666666666667,0.0
1082606,P Kumar,Mumbai Indians,1,0.8571428571428571,0.6,0.8125,1.0
1082606,RA Jadeja,Mumbai Indians,0,0.8009478672985783,0.6,0.6451612903225806,0.0
1082606,SL Malinga,Gujarat Lions,1,1.540983606557377,1.8,1.5,0.0
1082607,AF Milne,Rising Pune Supergiant,3,0.9,2.0,1.5,1.0
1082607,BA Stokes,Royal Challengers Bangalore,3,0.8157894736842105,1.0,1.3333333333333333,0.0
1082607,DT Christian,Royal Challengers Bangalore,0,0.8163265306122449,0.4,0.6666666666666666,1.0
1082607,Imran Tahir,Royal Challengers Bangalore,1,1.4576271186440677,1.6,1.5555555555555556,1.0
1082607,JD Unadkat,Royal Challengers Bangalore,2,1.0480769230769231,1.0,0.8181818181818182,1.0
1082607,P Negi,Rising Pune Supergiant,1,0.9047619047619048,0.8,1.0,1.0
1082607,S Aravind,Rising Pune Supergiant,2,1.263157894736842,0.8,1.0,1.0
1082607,S Badree,Rising Pune Supergiant,1,0.9166666666666666,1.2,1.0,1.0
1082607,SN Thakur,Royal Challengers Bangalore,3,1.0869565217391304,1.6666666666666667,1.4444444444444444,0.0
1082607,SR Watson,Rising Pune Supergiant,1,1.019047619047619,0.6,1.0,0.0
1082607,YS Chahal,Rising Pune Supergiant,0,1.3396226415094339,0.8,0.0,3.0
1082608,A Mishra,Kolkata Knight Riders,1,1.1296296296296295,1.0,1.0,0.0
1082608,AD Mathews,Kolkata Knight Riders,0,0.6363636363636364,0.4,0.5,0.0
1082608,C de Grandhomme,Delhi Daredevils,0,0.3684210526315789,0.5,0.0,3.0
1082608,CH Morris,Kolkata Knight Riders,1,1.3209876543209877,1.8,1.6428571428571428,4.0
1082608,CR Woakes,Delhi Daredevils,1,1.4761904761904763,1.2,0.3333333333333333,1.0
1082608,Kuldeep Yadav,Delhi Daredevils,0,1.0975609756097562,1.4,0.75,2.0
1082608,Mohammed Shami,Kolkata Knight Riders,0,1.309090909090909,0.4,1.2857142857142858,0.0
1082608,NM Coulter-Nile,Delhi Daredevils,3,1.368421052631579,1.4,3.0,2.0
1082608,PJ Cummins,Kolkata Knight Riders,2,1.1379310344827587,1.4,1.0,0.0
1082608,SP Narine,Delhi Daredevils,2,1.1428571428571428,1.0,1.7692307692307692,0.0
1082608,UT Yadav,Delhi Daredevils,1,1.1088435374149659,1.0,1.1111111111111112,1.0
1082608,Z Khan,Kolkata Knight Riders,2,1.202020202020202,1.8,1.4,0.0
1082609,AR Patel,Sunrisers Hyderabad,2,0.8851351351351351,1.2,0.8947368421052632,0.0
1082609,B Kumar,Kings XI Punjab,5,1.1079545454545454,3.0,1.5714285714285714,0.0
1082609,BB Sran,Kings XI Punjab,0,0.8333333333333334,0.6,0.0,1.0
1082609,I Sharma,Sunrisers Hyderabad,0,0.8727272727272727,0.2,0.625,0.0
1082609,KC Cariappa,Sunrisers Hyderabad,1,0.7272727272727273,0.8,0.3333333333333333,2.0
1082609,MC Henriques,Kings XI Punjab,1,0.7666666666666667,0.4,0.9,0.0
1082609,MM Sharma,Sunrisers Hyderabad,2,1.3243243243243243,0.6,1.7692307692307692,1.0
1082609,Mohammad Nabi,Kings XI Punjab,1,0.6521739130434783,1.0,0.25,1.0
1082609,Rashid Khan,Kings XI Punjab,2,1.2975206611570247,1.8,2.0,0.0
1082609,S Kaul,Kings XI Punjab,1,1.1454545454545455,0.6,1.1666666666666667,1.0
1082609,Sandeep Sharma,Sunrisers Hyderabad,1,1.2142857142857142,1.0,1.2727272727272727,0.0
1082610,AF Milne,Gujarat Lions,1,0.9,1.6666666666666667,1.0,0.0
1082610,AJ Tye,Royal Challengers Bangalore,0,1.6,2.3333333333333335,1.0,2.0
1082610,Basil Thampi,Royal Challengers Bangalore,1,1.04,0.25,0.4,2.0
1082610,DR Smith,Royal Challengers Bangalore,0,0.5869565217391305,0.4,0.8333333333333334,0.0
1082610,DS Kulkarni,Royal Challengers Bangalore,1,0.9891304347826086,1.2,1.1538461538461537,0.0
1082610,P Negi,Gujarat Lions,1,0.9047619047619048,0.8,1.0,2.0
1082610,RA Jadeja,Royal Challengers Bangalore,0,0.8009478672985783,0.6,1.037037037037037,0.0
1082610,S Aravind,Gujarat Lions,1,1.263157894736842,1.0,0.5,1.0
1082610,SR Watson,Gujarat Lions,0,1.019047619047619,0.4,1.25,1.0
1082610,TM Head,Gujarat Lions,1,0.5,0.5,0.5,0.0
1082610,YS Chahal,Gujarat Lions,3,1.3396226415094339,1.2,1.6,3.0
1082611,A Mishra,Sunrisers Hyderabad,0,1.1296296296296295,1.0,0.9285714285714286,2.0
1082611,B Kumar,Delhi Daredevils,0,1.1079545454545454,2.6,0.4166666666666667,1.0
1082611,CH Morris,Sunrisers Hyderabad,4,1.3209876543209877,2.4,1.0833333333333333,2.0
1082611,J Yadav,Sunrisers Hyderabad,0,0.45,0.2,0.4,0.0
1082611,MC Henriques,Delhi Daredevils,0,0.7666666666666667,0.4,0.6666666666666666,0.0
1082611,Mohammed Siraj,Delhi Daredevils,2,1.032258064516129,2.0,1.25,0.0
1082611,PJ Cummins,Sunrisers Hyderabad,0,1.1379310344827587,1.4,0.8,2.0
1082611,Rashid Khan,Delhi Daredevils,0,1.2975206611570247,1.4,1.0,2.0
1082611,S Kaul,Delhi Daredevils,1,1.1454545454545455,0.6,0.75,0.0
1082611,Yuvraj Singh,Delhi Daredevils,2,0.5342465753424658,0.4,0.5714285714285714,0.0
1082611,Z Khan,Sunrisers Hyderabad,0,1.202020202020202,1.6,0.75,0.0
1082612,AR Patel,Mumbai Indians,0,0.8851351351351351,1.0,0.7142857142857143,2.0
1082612,HH Pandya,Kings XI Punjab,0,0.7526881720430108,0.6,0.5,1.0
1082612,Harbhajan Singh,Kings XI Punjab,0,1.00625,0.6,1.0909090909090908,0.0
1082612,I Sharma,Mumbai Indians,0,0.8727272727272727,0.0,1.1333333333333333,0.0
1082612,JJ Bumrah,Kings XI Punjab,1,1.368421052631579,1.2,1.6666666666666667,2.0
1082612,KH Pandya,Kings XI Punjab,1,0.6837606837606838,1.0,0.5555555555555556,0.0
1082612,MJ McClenaghan,Kings XI Punjab,2,1.3392857142857142,1.6,1.25,3.0
1082612,MM Sharma,Mumbai Indians,1,1.3243243243243243,0.8,1.75,1.0
1082612,MP Stoinis,Mumbai Indians,1,0.7258064516129032,0.4,1.1818181818181819,0.0
1082612,SL Malinga,Kings XI Punjab,0,1.540983606557377,1.2,1.9285714285714286,2.0
1082612,Sandeep Sharma,Mumbai Indians,0,1.2142857142857142,0.6,1.5,2.0
1082612,Swapnil Singh,Mumbai Indians,0,0.5,0.3333333333333333,0.0,0.0
1082613,Basil Thampi,Kolkata Knight Riders,2,1.04,0.6,1.0,1.0
1082613,CR Woakes,Gujarat Lions,1,1.4761904761904763,1.4,0.5,3.0
1082613,DR Smith,Kolkata Knight Riders,0,0.5869565217391305,0.2,1.3333333333333333,1.0
1082613,DS Kulkarni,Kolkata Knight Riders,0,0.9891304347826086,0.4,0.7777777777777778,1.0
1082613,JP Faulkner,Kolkata Knight Riders,1,1.2666666666666666,0.4,1.4,2.0
1082613,Kuldeep Yadav,Gujarat Lions,2,1.0975609756097562,1.2,2.0,2.0
1082613,NM Coulter-Nile,Gujarat Lions,2,1.368421052631579,1.8,2.0,3.0
1082613,P Kumar,Kolkata Knight Riders,1,0.8571428571428571,0.8,0.625,2.0
1082613,RA Jadeja,Kolkata Knight Riders,0,0.8009478672985783,0.6,0.8148148148148148,1.0
1082613,SK Raina,Kolkata Knight Riders,1,0.43478260869565216,0.2,0.4,0.0
1082613,SP Narine,Gujarat Lions,0,1.1428571428571428,1.0,0.6666666666666666,1.0
1082613,Shakib Al Hasan,Gujarat Lions,0,1.0142857142857142,0.6,0.5,2.0
1082613,UT Yadav,Gujarat Lions,1,1.1088435374149659,1.2,0.5,1.0
1082614,A Mishra,Mumbai Indians,2,1.1296296296296295,1.4,1.1363636363636365,0.0
1082614,CH Morris,Mumbai Indians,2,1.3209876543209877,2.2,1.3,0.0
1082614,HH Pandya,Delhi Daredevils,1,0.7526881720430108,0.6,0.42857142857142855,0.0
1082614,Harbhajan Singh,Delhi Daredevils,0,1.00625,0.6,1.1578947368421053,1.0
1082614,JJ Bumrah,Delhi Daredevils,2,1.368421052631579,1.4,0.8888888888888888,2.0
1082614,K Rabada,Mumbai Indians,2,1.575,2.0,1.1666666666666667,2.0
1082614,KH Pandya,Delhi Daredevils,0,0.6837606837606838,0.4,1.2,3.0
1082614,MG Johnson,Delhi Daredevils,1,1.2222222222222223,0.8,0.8333333333333334,1.0
1082614,MJ McClenaghan,Delhi Daredevils,3,1.3392857142857142,2.0,1.5,0.0
1082614,PJ Cummins,Mumbai Indians,2,1.1379310344827587,1.6,1.4444444444444444,0.0
1082614,Z Khan,Mumbai Indians,0,1.202020202020202,1.0,1.0,0.0
1082615,B Kumar,Rising Pune Supergiant,1,1.1079545454545454,2.4,1.0,2.0
1082615,BA Stokes,Sunrisers Hyderabad,0,0.8157894736842105,0.8,0.5714285714285714,2.0
1082615,Bipul Sharma,Rising Pune Supergiant,1,0.7857142857142857,0.6,1.0,0.0
1082615,DT Christian,Sunrisers Hyderabad,1,0.8163265306122449,0.2,0.6,1.0
1082615,Imran Tahir,Sunrisers Hyderabad,1,1.4576271186440677,1.2,0.8333333333333334,1.0
1082615,JD Unadkat,Sunrisers Hyderabad,1,1.0480769230769231,0.8,1.3333333333333333,3.0
1082615,MC Henriques,Rising Pune Supergiant,0,0.7666666666666667,0.2,0.0,0.0
1082615,Mohammed Siraj,Rising Pune Supergiant,0,1.032258064516129,1.0,0.0,2.0
1082615,Rashid Khan,Rising Pune Supergiant,2,1.2975206611570247,1.2,1.5,1.0
1082615,S Kaul,Rising Pune Supergiant,0,1.1454545454545455,0.4,2.0,3.0
1082615,SN Thakur,Sunrisers Hyderabad,0,1.0869565217391304,1.25,0.9333333333333333,0.0
1082615,Washington Sundar,Sunrisers Hyderabad,0,0.6724137931034483,0.0,0.5714285714285714,1.0
1082616,AJ Tye,Kings XI Punjab,2,1.6,2.25,2.0,3.0
1082616,AR Patel,Gujarat Lions,2,0.8851351351351351,1.2,1.5,0.0
1082616,Basil Thampi,Kings XI Punjab,1,1.04,0.8,1.3333333333333333,1.0
1082616,DR Smith,Kings XI Punjab,1,0.5869565217391305,0.4,0.75,0.0
1082616,KC Cariappa,Gujarat Lions,2,0.7272727272727273,0.8,1.0,0.0
1082616,MM Sharma,Gujarat Lions,1,1.3243243243243243,1.0,1.0,1.0
1082616,MP Stoinis,Gujarat Lions,0,0.7258064516129032,0.4,0.6666666666666666,0.0
1082616,NB Singh,Kings XI Punjab,1,0.5,1.0,1.0,0.0
1082616,RA Jadeja,Kings XI Punjab,1,0.8009478672985783,0.4,0.7777777777777778,2.0
1082616,SK Raina,Kings XI Punjab,0,0.43478260869565216,0.2,0.3333333333333333,0.0
1082616,Sandeep Sharma,Gujarat Lions,2,1.2142857142857142,0.8,1.5,4.0
1082616,T Natarajan,Gujarat Lions,0,1.2459016393442623,0.3333333333333333,0.5,0.0
1082617,C de Grandhomme,Royal Challengers Bangalore,3,0.3684210526315789,1.3333333333333333,1.5,0.0
1082617,CR Woakes,Royal Challengers Bangalore,3,1.4761904761904763,1.8,2.0,0.0
1082617,NM Coulter-Nile,Royal Challengers Bangalore,3,1.368421052631579,2.0,1.5,3.0
1082617,P Negi,Kolkata Knight Riders,2,0.9047619047619048,0.8,1.6,1.0
1082617,S Aravind,Kolkata Knight Riders,1,1.263157894736842,0.8,1.3333333333333333,0.0
1082617,S Badree,Kolkata Knight Riders,1,0.9166666666666666,1.2,0.5,2.0
1082617,STR Binny,Kolkata Knight Riders,1,0.4444444444444444,0.6,0.2857142857142857,1.0
1082617,TS Mills,Kolkata Knight Riders,2,1.1,1.0,2.0,1.0
1082617,UT Yadav,Royal Challengers Bangalore,1,1.1088435374149659,1.4,1.0666666666666667,1.0
1082617,YS Chahal,Kolkata Knight Riders,3,1.3396226415094339,1.6,1.3181818181818181,0.0
1082618,BA Stokes,Mumbai Indians,2,0.8157894736842105,1.2,1.25,0.0
1082618,DT Christian,Mumbai Indians,1,0.8163265306122449,0.4,0.5454545454545454,1.0
1082618,Harbhajan Singh,Rising Pune Supergiant,1,1.00625,0.4,1.0,1.0
1082618,Imran Tahir,Mumbai Indians,1,1.4576271186440677,1.0,1.2857142857142858,0.0
1082618,JD Unadkat,Mumbai Indians,3,1.0480769230769231,1.2,1.2666666666666666,1.0
1082618,JJ Bumrah,Rising Pune Supergiant,2,1.368421052631579,1.2,1.25,3.0
1082618,KV Sharma,Rising Pune Supergiant,2,1.0,0.6,1.0,1.0
1082618,MG Johnson,Rising Pune Supergiant,1,1.2222222222222223,1.0,2.5,1.0
1082618,MJ McClenaghan,Rising Pune Supergiant,0,1.3392857142857142,1.8,0.6666666666666666,0.0
1082618,SN Thakur,Mumbai Indians,0,1.0869565217391304,1.0,0.9230769230769231,0.0
1082618,Washington Sundar,Mumbai Indians,1,0.6724137931034483,0.5,0.7,1.0
1082620,C de Grandhomme,Rising Pune Supergiant,0,0.3684210526315789,1.0,0.0,0.0
1082620,CR Woakes,Rising Pune Supergiant,0,1.4761904761904763,1.4,1.5,0.0
1082620,DT Christian,Kolkata Knight Riders,1,0.8163265306122449,0.6,0.8,1.0
1082620,Imran Tahir,Kolkata Knight Riders,0,1.4576271186440677,0.8,1.4285714285714286,3.0
1082620,JD Unadkat,Kolkata Knight Riders,1,1.0480769230769231,1.4,0.5384615384615384,1.0
1082620,Kuldeep Yadav,Rising Pune Supergiant,2,1.0975609756097562,1.2,1.5,0.0
1082620,PP Chawla,Rising Pune Supergiant,1,1.0523560209424083,1.0,1.0,0.0
1082620,SN Thakur,Kolkata Knight Riders,0,1.0869565217391304,0.8,1.2727272727272727,1.0
1082620,SP Narine,Rising Pune Supergiant,1,1.1428571428571428,1.0,1.0,2.0
1082620,UT Yadav,Rising Pune Supergiant,1,1.1088435374149659,0.8,1.0,1.0
1082620,Washington Sundar,Kolkata Knight Riders,1,0.6724137931034483,0.6666666666666666,1.125,1.0
1082621,A Choudhary,Gujarat Lions,0,1.0,0.5,0.0,1.0
1082621,AJ Tye,Royal Challengers Bangalore,3,1.6,2.4,1.0,0.0
1082621,Ankit Soni,Royal Challengers Bangalore,2,0.6666666666666666,2.0,2.0,2.0
1082621,Basil Thampi,Royal Challengers Bangalore,1,1.04,1.0,0.4,4.0
1082621,JP Faulkner,Royal Challengers Bangalore,2,1.2666666666666666,0.6,0.7142857142857143,4.0
1082621,P Negi,Gujarat Lions,1,0.9047619047619048,1.0,1.0,1.0
1082621,RA Jadeja,Royal Challengers Bangalore,2,0.8009478672985783,0.6,1.037037037037037,0.0
1082621,S Aravind,Gujarat Lions,0,1.263157894736842,0.8,0.5,0.0
1082621,S Badree,Gujarat Lions,2,0.9166666666666666,1.6,2.0,1.0
1082621,TM Head,Gujarat Lions,0,0.5,0.3333333333333333,0.5,0.0
1082621,YS Chahal,Gujarat Lions,0,1.3396226415094339,1.4,1.6,0.0
1082622,A Mishra,Kolkata Knight Riders,0,1.1296296296296295,0.8,1.0,0.0
1082622,C de Grandhomme,Delhi Daredevils,0,0.3684210526315789,0.8,0.0,0.0
1082622,CH Morris,Kolkata Knight Riders,0,1.3209876543209877,2.0,1.6428571428571428,0.0
1082622,CJ Anderson,Kolkata Knight Riders,1,0.6363636363636364,0.6,0.6666666666666666,1.0
1082622,CR Woakes,Delhi Daredevils,0,1.4761904761904763,1.0,0.3333333333333333,2.0
1082622,K Rabada,Kolkata Knight Riders,2,1.575,2.0,1.4,0.0
1082622,Kuldeep Yadav,Delhi Daredevils,0,1.0975609756097562,1.0,0.75,0.0
1082622,NM Coulter-Nile,Delhi Daredevils,3,1.368421052631579,2.6,3.0,1.0
1082622,PJ Cummins,Kolkata Knight Riders,0,1.1379310344827587,1.2,1.0,2.0
1082622,SP Narine,Delhi Daredevils,2,1.1428571428571428,1.2,1.7692307692307692,0.0
1082622,UT Yadav,Delhi Daredevils,1,1.1088435374149659,1.0,1.1111111111111112,0.0
1082622,Z Khan,Kolkata Knight Riders,0,1.202020202020202,0.4,1.4,0.0
1082623,A Nehra,Kings XI Punjab,3,1.375,1.8,1.1428571428571428,1.0
1082623,AR Patel,Sunrisers Hyderabad,0,0.8851351351351351,1.0,0.8947368421052632,2.0
1082623,Anureet Singh,Sunrisers Hyderabad,0,0.9545454545454546,0.6,0.5,1.0
1082623,B Kumar,Kings XI Punjab,2,1.1079545454545454,2.2,1.5714285714285714,2.0
1082623,DJ Hooda,Kings XI Punjab,0,0.30303030303030304,0.8,0.25,0.0
1082623,GJ Maxwell,Sunrisers Hyderabad,2,0.5189873417721519,0.4,0.5555555555555556,1.0
1082623,I Sharma,Sunrisers Hyderabad,0,0.8727272727272727,0.0,0.625,0.0
1082623,KC Cariappa,Sunrisers Hyderabad,0,0.7272727272727273,0.8,0.3333333333333333,0.0
1082623,MC Henriques,Kings XI Punjab,0,0.7666666666666667,0.2,0.9,0.0
1082623,MM Sharma,Sunrisers Hyderabad,1,1.3243243243243243,1.2,1.7692307692307692,1.0
1082623,Rashid Khan,Kings XI Punjab,1,1.2975206611570247,1.2,2.0,1.0
1082623,S Kaul,Kings XI Punjab,3,1.1454545454545455,1.0,1.1666666666666667,2.0
1082624,AF Milne,Rising Pune Supergiant,0,0.9,1.25,1.5,0.0
1082624,DL Chahar,Royal Challengers Bangalore,0,0.9753086419753086,0.2,0.75,1.0
1082624,DT Christian,Royal Challengers Bangalore,1,0.8163265306122449,0.8,0.6666666666666666,1.0
1082624,Imran Tahir,Royal Challengers Bangalore,3,1.4576271186440677,1.2,1.5555555555555556,4.0
1082624,JD Unadkat,Royal Challengers Bangalore,1,1.0480769230769231,1.6,0.8181818181818182,4.0
1082624,LH Ferguson,Royal Challengers Bangalore,3,1.2666666666666666,1.5,1.4285714285714286,1.0
1082624,P Negi,Rising Pune Supergiant,1,0.9047619047619048,1.2,1.0,3.0
1082624,S Aravind,Rising Pune Supergiant,0,1.263157894736842,0.8,1.0,0.0
1082624,S Badree,Rising Pune Supergiant,1,0.9166666666666666,1.8,1.0,0.0
1082624,STR Binny,Rising Pune Supergiant,1,0.4444444444444444,0.8,1.0,0.0
1082624,Washington Sundar,Royal Challengers Bangalore,1,0.6724137931034483,0.75,1.0,0.0
1082624,YS Chahal,Rising Pune Supergiant,0,1.3396226415094339,1.2,0.0,1.0
1082625,AJ Tye,Mumbai Indians,0,1.6,1.4,1.6,1.0
1082625,Ankit Soni,Mumbai Indians,2,0.6666666666666666,2.0,2.0,0.0
1082625,Basil Thampi,Mumbai Indians,4,1.04,1.8,1.5,2.0
1082625,Harbhajan Singh,Gujarat Lions,1,1.00625,0.6,0.75,3.0
1082625,JJ Bumrah,Gujarat Lions,3,1.368421052631579,1.6,1.5,1.0
1082625,JP Faulkner,Mumbai Indians,4,1.2666666666666666,1.4,1.75,1.0
1082625,KH Pandya,Gujarat Lions,3,0.6837606837606838,1.0,1.0,2.0
1082625,MJ McClenaghan,Gujarat Lions,0,1.3392857142857142,1.4,1.5,4.0
1082625,RA Jadeja,Mumbai Indians,0,0.8009478672985783,0.6,0.6451612903225806,0.0
1082625,SK Raina,Mumbai Indians,0,0.43478260869565216,0.2,0.5714285714285714,0.0
1082625,SL Malinga,Gujarat Lions,2,1.540983606557377,1.2,1.5,0.0
1082626,A Mishra,Kings XI Punjab,0,1.1296296296296295,0.6,1.15,1.0
1082626,AR Patel,Delhi Daredevils,2,0.8851351351351351,1.2,1.1111111111111112,3.0
1082626,CH Morris,Kings XI Punjab,0,1.3209876543209877,1.4,1.3636363636363635,0.0
1082626,GJ Maxwell,Delhi Daredevils,1,0.5189873417721519,0.6,0.25,2.0
1082626,K Rabada,Kings XI Punjab,0,1.575,1.3333333333333333,2.2,0.0
1082626,MM Sharma,Delhi Daredevils,1,1.3243243243243243,1.2,1.1818181818181819,2.0
1082626,Mohammed Shami,Kings XI Punjab,0,1.309090909090909,0.4,0.6,2.0
1082626,S Nadeem,Kings XI Punjab,0,0.7714285714285715,0.8,0.75,0.0
1082626,Sandeep Sharma,Delhi Daredevils,4,1.2142857142857142,1.6,1.6,3.0
1082626,T Natarajan,Delhi Daredevils,0,1.2459016393442623,0.25,0.0,0.0
1082626,VR Aaron,Delhi Daredevils,2,0.92,1.4,1.75,0.0
1082627,B Kumar,Kolkata Knight Riders,2,1.1079545454545454,2.0,1.1,1.0
1082627,Bipul Sharma,Kolkata Knight Riders,0,0.7857142857142857,0.4,0.2857142857142857,1.0
1082627,CR Woakes,Sunrisers Hyderabad,2,1.4761904761904763,1.2,2.0,3.0
1082627,Kuldeep Yadav,Sunrisers Hyderabad,0,1.0975609756097562,0.8,1.2857142857142858,1.0
1082627,MC Henriques,Kolkata Knight Riders,0,0.7666666666666667,0.2,0.8888888888888888,0.0
1082627,Mohammed Siraj,Kolkata Knight Riders,2,1.032258064516129,1.3333333333333333,1.0714285714285714,2.0
1082627,NM Coulter-Nile,Sunrisers Hyderabad,1,1.368421052631579,2.4,1.5555555555555556,0.0
1082627,Rashid Khan,Kolkata Knight Riders,1,1.2975206611570247,1.2,1.1333333333333333,0.0
1082627,S Kaul,Kolkata Knight Riders,2,1.1454545454545455,1.4,1.125,1.0
1082627,SP Narine,Sunrisers Hyderabad,0,1.1428571428571428,1.0,0.64,1.0
1082627,UT Yadav,Sunrisers Hyderabad,0,1.1088435374149659,0.8,0.8421052631578947,1.0
1082627,YK Pathan,Sunrisers Hyderabad,0,0.5609756097560976,0.2,0.125,0.0
1082628,A Choudhary,Mumbai Indians,1,1.0,0.6666666666666666,1.0,2.0
1082628,AF Milne,Mumbai Indians,0,0.9,1.0,0.0,0.0
1082628,HH Pandya,Royal Challengers Bangalore,0,0.7526881720430108,0.4,0.5,0.0
1082628,JJ Bumrah,Royal Challengers Bangalore,1,1.368421052631579,1.8,1.6111111111111112,1.0
1082628,KH Pandya,Royal Challengers Bangalore,2,0.6837606837606838,1.2,0.75,0.0
1082628,KV Sharma,Royal Challengers Bangalore,1,1.0,0.8,0.8571428571428571,3.0
1082628,MJ McClenaghan,Royal Challengers Bangalore,4,1.3392857142857142,1.8,1.4444444444444444,1.0
1082628,P Negi,Mumbai Indians,3,0.9047619047619048,1.6,0.5714285714285714,1.0
1082628,S Aravind,Mumbai Indians,0,1.263157894736842,0.4,1.0,1.0
1082628,SL Malinga,Royal Challengers Bangalore,0,1.540983606557377,0.8,0.9375,2.0
1082628,SR Watson,Mumbai Indians,1,1.019047619047619,0.6,0.9333333333333333,1.0
1082628,YS Chahal,Mumbai Indians,1,1.3396226415094339,1.4,1.5,2.0
1082629,Ankit Soni,Rising Pune Supergiant,0,0.6666666666666666,1.3333333333333333,0.0,0.0
1082629,BA Stokes,Gujarat Lions,0,0.8157894736842105,1.0,0.0,1.0
1082629,Basil Thampi,Rising Pune Supergiant,2,1.04,2.0,1.0,1.0
1082629,DR Smith,Rising Pune Supergiant,0,0.5869565217391305,0.2,0.5,0.0
1082629,DT Christian,Gujarat Lions,1,0.8163265306122449,1.0,1.0,2.0
1082629,Imran Tahir,Gujarat Lions,4,1.4576271186440677,1.8,2.6666666666666665,1.0
1082629,JD Unadkat,Gujarat Lions,4,1.0480769230769231,2.0,4.0,2.0
1082629,JP Faulkner,Rising Pune Supergiant,1,1.2666666666666666,1.6,1.0,0.0
1082629,PJ Sangwan,Rising Pune Supergiant,2,1.0476190476190477,0.4,2.0,1.0
1082629,RA Jadeja,Rising Pune Supergiant,0,0.8009478672985783,0.6,0.5,1.0
1082629,SN Thakur,Gujarat Lions,1,1.0869565217391304,0.8,1.0,0.0
1082629,Washington Sundar,Gujarat Lions,0,0.6724137931034483,0.6,0.0,2.0
1082630,A Mishra,Sunrisers Hyderabad,1,1.1296296296296295,0.6,0.9285714285714286,0.0
1082630,B Kumar,Delhi Daredevils,1,1.1079545454545454,1.2,0.4166666666666667,1.0
1082630,CH Morris,Sunrisers Hyderabad,0,1.3209876543209877,1.2,1.0833333333333333,1.0
1082630,J Yadav,Sunrisers Hyderabad,0,0.45,0.2,0.4,0.0
1082630,K Rabada,Sunrisers Hyderabad,0,1.575,1.0,1.5454545454545454,3.0
1082630,MC Henriques,Delhi Daredevils,0,0.7666666666666667,0.0,0.6666666666666666,0.0
1082630,Mohammed Shami,Sunrisers Hyderabad,2,1.309090909090909,0.6,1.2857142857142858,1.0
1082630,Mohammed Siraj,Delhi Daredevils,2,1.032258064516129,1.5,1.25,0.0
1082630,Rashid Khan,Delhi Daredevils,0,1.2975206611570247,0.8,1.0,1.0
1082630,S Kaul,Delhi Daredevils,1,1.1454545454545455,1.4,0.75,4.0
1082630,Yuvraj Singh,Delhi Daredevils,0,0.5342465753424658,0.4,0.5714285714285714,0.0
1082631,BA Stokes,Kolkata Knight Riders,1,0.8157894736842105,1.2,0.8,3.0
1082631,C de Grandhomme,Rising Pune Supergiant,0,0.3684210526315789,0.6,0.0,0.0
1082631,CR Woakes,Rising Pune Supergiant,3,1.4761904761904763,1.6,1.5,1.0
1082631,DT Christian,Kolkata Knight Riders,2,0.8163265306122449,1.2,0.8,0.0
1082631,Imran Tahir,Kolkata Knight Riders,1,1.4576271186440677,1.8,1.4285714285714286,1.0
1082631,JD Unadkat,Kolkata Knight Riders,2,1.0480769230769231,2.2,0.5384615384615384,5.0
1082631,Kuldeep Yadav,Rising Pune Supergiant,1,1.0975609756097562,1.0,1.5,2.0
1082631,NM Coulter-Nile,Rising Pune Supergiant,0,1.368421052631579,1.8,0.0,3.0
1082631,SN Thakur,Kolkata Knight Riders,0,1.0869565217391304,0.2,1.2727272727272727,0.0
1082631,SP Narine,Rising Pune Supergiant,1,1.1428571428571428,0.8,1.0,2.0
1082631,UT Yadav,Rising Pune Supergiant,1,1.1088435374149659,0.8,1.0,3.0
1082631,Washington Sundar,Kolkata Knight Riders,2,0.6724137931034483,1.0,1.125,0.0
1082632,A Mishra,Gujarat Lions,0,1.1296296296296295,0.6,0.5,1.0
1082632,Ankit Soni,Delhi Daredevils,0,0.6666666666666666,1.0,0.0,0.0
1082632,Basil Thampi,Delhi Daredevils,1,1.04,1.8,1.5,1.0
1082632,CJ Anderson,Gujarat Lions,1,0.6363636363636364,0.6,0.5,1.0
1082632,DR Smith,Delhi Daredevils,0,0.5869565217391305,0.2,0.4,0.0
1082632,JP Faulkner,Delhi Daredevils,0,1.2666666666666666,1.6,1.1,0.0
1082632,K Rabada,Gujarat Lions,3,1.575,1.4,3.0,1.0
1082632,MN Samuels,Gujarat Lions,0,0.9090909090909091,1.2,0.0,0.0
1082632,Mohammed Shami,Gujarat Lions,1,1.309090909090909,0.6,1.6666666666666667,0.0
1082632,PJ Cummins,Gujarat Lions,2,1.1379310344827587,1.2,1.5,0.0
1082632,PJ Sangwan,Delhi Daredevils,1,1.0476190476190477,0.6,1.3333333333333333,1.0
1082632,RA Jadeja,Delhi Daredevils,1,0.8009478672985783,0.8,0.7058823529411765,0.0
1082632,S Nadeem,Gujarat Lions,0,0.7714285714285715,0.8,0.6666666666666666,1.0
1082632,SK Raina,Delhi Daredevils,0,0.43478260869565216,0.2,0.0,0.0
1082633,A Choudhary,Kings XI Punjab,2,1.0,1.0,2.0,1.0
1082633,AR Patel,Royal Challengers Bangalore,3,0.8851351351351351,1.4,1.0555555555555556,0.0
1082633,GJ Maxwell,Royal Challengers Bangalore,2,0.5189873417721519,1.0,0.75,1.0
1082633,MM Sharma,Royal Challengers Bangalore,2,1.3243243243243243,1.2,0.5,0.0
1082633,P Negi,Kings XI Punjab,1,0.9047619047619048,1.6,0.8333333333333334,2.0
1082633,S Aravind,Kings XI Punjab,1,1.263157894736842,0.4,1.8333333333333333,0.0
1082633,S Badree,Kings XI Punjab,0,0.9166666666666666,1.0,0.0,0.0
1082633,SR Watson,Kings XI Punjab,1,1.019047619047619,0.6,1.1538461538461537,1.0
1082633,Sandeep Sharma,Royal Challengers Bangalore,3,1.2142857142857142,2.0,1.6666666666666667,2.0
1082633,T Natarajan,Royal Challengers Bangalore,0,1.2459016393442623,0.2,1.125,1.0
1082633,VR Aaron,Royal Challengers Bangalore,0,0.92,1.4,0.6,0.0
1082633,YS Chahal,Kings XI Punjab,2,1.3396226415094339,1.2,1.6428571428571428,1.0
1082634,B Kumar,Rising Pune Supergiant,1,1.1079545454545454,1.4,1.0,2.0
1082634,BA Stokes,Sunrisers Hyderabad,3,0.8157894736842105,1.2,0.5714285714285714,2.0
1082634,Bipul Sharma,Rising Pune Supergiant,1,0.7857142857142857,0.4,1.0,0.0
1082634,DT Christian,Sunrisers Hyderabad,0,0.8163265306122449,1.0,0.6,1.0
1082634,Imran Tahir,Sunrisers Hyderabad,1,1.4576271186440677,1.8,0.8333333333333334,1.0
1082634,JD Unadkat,Sunrisers Hyderabad,5,1.0480769230769231,2.6,1.3333333333333333,3.0
1082634,MC Henriques,Rising Pune Supergiant,0,0.7666666666666667,0.0,0.0,0.0
1082634,Rashid Khan,Rising Pune Supergiant,1,1.2975206611570247,1.0,1.5,1.0
1082634,S Kaul,Rising Pune Supergiant,4,1.1454545454545455,2.0,2.0,3.0
1082634,SN Thakur,Sunrisers Hyderabad,0,1.0869565217391304,0.2,0.9333333333333333,0.0
1082634,Washington Sundar,Sunrisers Hyderabad,0,0.6724137931034483,0.8,0.5714285714285714,1.0
1082635,A Mishra,Mumbai Indians,1,1.1296296296296295,0.4,1.1363636363636365,1.0
1082635,CJ Anderson,Mumbai Indians,1,0.6363636363636364,0.8,2.0,0.0
1082635,HH Pandya,Delhi Daredevils,0,0.7526881720430108,0.2,0.42857142857142855,0.0
1082635,Harbhajan Singh,Delhi Daredevils,3,1.00625,1.0,1.1578947368421053,0.0
1082635,JJ Bumrah,Delhi Daredevils,1,1.368421052631579,1.8,0.8888888888888888,1.0
1082635,K Rabada,Mumbai Indians,1,1.575,1.2,1.1666666666666667,2.0
1082635,KV Sharma,Delhi Daredevils,3,1.0,1.4,1.1428571428571428,0.0
1082635,MJ McClenaghan,Delhi Daredevils,1,1.3392857142857142,1.6,1.5,1.0
1082635,Mohammed Shami,Mumbai Indians,0,1.309090909090909,0.6,1.2857142857142858,2.0
1082635,PJ Cummins,Mumbai Indians,0,1.1379310344827587,0.8,1.4444444444444444,1.0
1082635,SL Malinga,Delhi Daredevils,2,1.540983606557377,1.0,1.8333333333333333,1.0
1082635,Z Khan,Mumbai Indians,0,1.202020202020202,0.4,1.0,0.0
1082636,AS Rajpoot,Royal Challengers Bangalore,0,0.8275862068965517,1.0,0.0,0.0
1082636,C de Grandhomme,Royal Challengers Bangalore,0,0.3684210526315789,0.6,1.5,0.0
1082636,CR Woakes,Royal Challengers Bangalore,1,1.4761904761904763,1.2,2.0,2.0
1082636,P Negi,Kolkata Knight Riders,2,0.9047619047619048,1.6,1.6,3.0
1082636,PP Chawla,Royal Challengers Bangalore,0,1.0523560209424083,0.6,0.8260869565217391,1.0
1082636,SP Narine,Royal Challengers Bangalore,2,1.1428571428571428,1.2,1.2777777777777777,1.0
1082636,TM Head,Kolkata Knight Riders,0,0.5,0.25,0.0,2.0
1082636,UT Yadav,Royal Challengers Bangalore,3,1.1088435374149659,1.2,1.0666666666666667,1.0
1082636,YS Chahal,Kolkata Knight Riders,1,1.3396226415094339,0.8,1.3181818181818181,0.0
1082637,AR Patel,Gujarat Lions,0,0.8851351351351351,1.4,1.5,0.0
1082637,Ankit Soni,Kings XI Punjab,0,0.6666666666666666,0.8,0.0,0.0
1082637,Basil Thampi,Kings XI Punjab,1,1.04,1.8,1.3333333333333333,2.0
1082637,DS Kulkarni,Kings XI Punjab,1,0.9891304347826086,0.4,1.0909090909090908,1.0
1082637,GJ Maxwell,Gujarat Lions,1,0.5189873417721519,1.2,1.0,1.0
1082637,JP Faulkner,Kings XI Punjab,0,1.2666666666666666,1.4,1.0,3.0
1082637,MM Sharma,Gujarat Lions,0,1.3243243243243243,1.0,1.0,2.0
1082637,PJ Sangwan,Kings XI Punjab,1,1.0476190476190477,0.8,0.6666666666666666,2.0
1082637,RA Jadeja,Kings XI Punjab,0,0.8009478672985783,0.6,0.7777777777777778,0.0
1082637,Sandeep Sharma,Gujarat Lions,2,1.2142857142857142,2.2,1.5,0.0
1082637,T Natarajan,Gujarat Lions,1,1.2459016393442623,0.2,0.5,0.0
1082637,VR Aaron,Gujarat Lions,0,0.92,1.0,0.0,0.0
1082638,B Kumar,Mumbai Indians,2,1.1079545454545454,1.6,1.15,2.0
1082638,HH Pandya,Sunrisers Hyderabad,0,0.7526881720430108,0.2,0.9090909090909091,0.0
1082638,Harbhajan Singh,Sunrisers Hyderabad,0,1.00625,1.0,0.6153846153846154,0.0
1082638,JJ Bumrah,Sunrisers Hyderabad,1,1.368421052631579,1.6,1.2666666666666666,1.0
1082638,KV Sharma,Sunrisers Hyderabad,0,1.0,1.2,1.0,1.0
1082638,MC Henriques,Mumbai Indians,0,0.7666666666666667,0.0,0.3333333333333333,0.0
1082638,MJ McClenaghan,Sunrisers Hyderabad,1,1.3392857142857142,1.2,1.7142857142857142,1.0
1082638,Mohammad Nabi,Mumbai Indians,1,0.6521739130434783,1.0,0.8,0.0
1082638,Mohammed Siraj,Mumbai Indians,0,1.032258064516129,1.2,0.75,4.0
1082638,Rashid Khan,Mumbai Indians,1,1.2975206611570247,0.8,1.4,3.0
1082638,S Kaul,Mumbai Indians,3,1.1454545454545455,2.6,1.7142857142857142,1.0
1082638,SL Malinga,Sunrisers Hyderabad,1,1.540983606557377,1.0,1.4444444444444444,0.0
1082639,AR Patel,Kolkata Knight Riders,0,0.8851351351351351,1.0,0.7619047619047619,1.0
1082639,AS Rajpoot,Kings XI Punjab,0,0.8275862068965517,1.0,0.3333333333333333,1.0
1082639,C de Grandhomme,Kings XI Punjab,0,0.3684210526315789,0.0,0.6666666666666666,0.0
1082639,CR Woakes,Kings XI Punjab,2,1.4761904761904763,1.6,2.0,3.0
1082639,Kuldeep Yadav,Kings XI Punjab,2,1.0975609756097562,1.0,0.75,1.0
1082639,MJ Henry,Kolkata Knight Riders,2,0.5,2.0,2.0,0.0
1082639,MM Sharma,Kolkata Knight Riders,2,1.3243243243243243,1.2,0.9166666666666666,2.0
1082639,R Tewatia,Kolkata Knight Riders,2,0.6923076923076923,1.4,1.25,1.0
1082639,SP Narine,Kings XI Punjab,1,1.1428571428571428,1.2,1.631578947368421,0.0
1082639,Sandeep Sharma,Kolkata Knight Riders,0,1.2142857142857142,2.2,0.8571428571428571,1.0
1082639,Swapnil Singh,Kolkata Knight Riders,0,0.5,0.25,0.0,0.0
1082639,UT Yadav,Kings XI Punjab,1,1.1088435374149659,1.2,1.631578947368421,1.0
1082640,A Mishra,Gujarat Lions,1,1.1296296296296295,0.6,0.5,0.0
1082640,Basil Thampi,Delhi Daredevils,2,1.04,2.0,1.5,2.0
1082640,CJ Anderson,Gujarat Lions,0,0.6363636363636364,0.8,0.5,0.0
1082640,CR Brathwaite,Gujarat Lions,1,1.0,1.0,1.0,2.0
1082640,DS Kulkarni,Delhi Daredevils,1,0.9891304347826086,0.6,0.9285714285714286,0.0
1082640,JP Faulkner,Delhi Daredevils,3,1.2666666666666666,1.6,1.1,0.0
1082640,Mohammed Shami,Gujarat Lions,2,1.309090909090909,1.0,1.6666666666666667,2.0
1082640,PJ Cummins,Gujarat Lions,1,1.1379310344827587,1.0,1.5,2.0
1082640,PJ Sangwan,Delhi Daredevils,2,1.0476190476190477,1.2,1.3333333333333333,0.0
1082640,RA Jadeja,Delhi Daredevils,0,0.8009478672985783,0.2,0.7058823529411765,0.0
1082640,Z Khan,Gujarat Lions,0,1.202020202020202,0.0,0.3333333333333333,2.0
1082641,AR Patel,Mumbai Indians,1,0.8851351351351351,1.2,0.7142857142857143,1.0
1082641,GJ Maxwell,Mumbai Indians,1,0.5189873417721519,1.4,0.3333333333333333,0.0
1082641,HH Pandya,Kings XI Punjab,0,0.7526881720430108,0.2,0.5,2.0
1082641,Harbhajan Singh,Kings XI Punjab,0,1.00625,1.0,1.0909090909090908,0.0
1082641,I Sharma,Mumbai Indians,0,0.8727272727272727,0.0,1.1333333333333333,0.0
1082641,JJ Bumrah,Kings XI Punjab,1,1.368421052631579,1.4,1.6666666666666667,1.0
1082641,KV Sharma,Kings XI Punjab,1,1.0,1.4,0.75,1.0
1082641,MJ Henry,Mumbai Indians,0,0.5,1.0,0.0,0.0
1082641,MJ McClenaghan,Kings XI Punjab,1,1.3392857142857142,1.4,1.25,1.0
1082641,MM Sharma,Mumbai Indians,2,1.3243243243243243,1.4,1.75,0.0
1082641,R Tewatia,Mumbai Indians,1,0.6923076923076923,1.6,0.5714285714285714,0.0
1082641,SL Malinga,Kings XI Punjab,0,1.540983606557377,1.0,1.9285714285714286,1.0
1082641,Sandeep Sharma,Mumbai Indians,1,1.2142857142857142,2.0,1.5,0.0
1082642,A Mishra,Rising Pune Supergiant,0,1.1296296296296295,0.6,1.5,0.0
1082642,A Zampa,Delhi Daredevils,1,1.5,1.4,1.6666666666666667,2.0
1082642,BA Stokes,Delhi Daredevils,2,0.8157894736842105,1.6,1.0,1.0
1082642,CJ Anderson,Rising Pune Supergiant,0,0.6363636363636364,0.6,0.0,0.0
1082642,DT Christian,Delhi Daredevils,1,0.8163265306122449,1.0,1.5,2.0
1082642,JD Unadkat,Delhi Daredevils,3,1.0480769230769231,3.0,2.5,2.0
1082642,Mohammed Shami,Rising Pune Supergiant,2,1.309090909090909,1.4,2.0,1.0
1082642,PJ Cummins,Rising Pune Supergiant,2,1.1379310344827587,1.0,2.0,2.0
1082642,S Nadeem,Rising Pune Supergiant,1,0.7714285714285715,0.8,1.0,1.0
1082642,SN Thakur,Delhi Daredevils,0,1.0869565217391304,0.2,0.6666666666666666,3.0
1082642,Washington Sundar,Delhi Daredevils,1,0.6724137931034483,0.8,1.0,3.0
1082642,Z Khan,Rising Pune Supergiant,2,1.202020202020202,0.4,2.5,2.0
1082643,B Kumar,Gujarat Lions,2,1.1079545454545454,1.6,2.4,2.0
1082643,MC Henriques,Gujarat Lions,0,0.7666666666666667,0.0,0.2,0.0
1082643,Mohammad Nabi,Gujarat Lions,0,0.6521739130434783,0.6666666666666666,0.0,1.0
1082643,Mohammed Siraj,Gujarat Lions,4,1.032258064516129,1.6,4.0,0.0
1082643,PJ Sangwan,Sunrisers Hyderabad,0,1.0476190476190477,1.2,0.0,0.0
1082643,RA Jadeja,Sunrisers Hyderabad,0,0.8009478672985783,0.2,0.43478260869565216,0.0
1082643,Rashid Khan,Gujarat Lions,3,1.2975206611570247,1.2,3.0,0.0
1082643,S Kaul,Gujarat Lions,1,1.1454545454545455,2.2,1.0,0.0
1082644,AS Rajpoot,Mumbai Indians,1,0.8275862068965517,1.0,0.7777777777777778,0.0
1082644,C de Grandhomme,Mumbai Indians,0,0.3684210526315789,0.0,0.3333333333333333,1.0
1082644,HH Pandya,Kolkata Knight Riders,2,0.7526881720430108,0.4,1.25,0.0
1082644,KH Pandya,Kolkata Knight Riders,0,0.6837606837606838,1.2,0.6,0.0
1082644,KV Sharma,Kolkata Knight Riders,1,1.0,1.2,1.3333333333333333,1.0
1082644,Kuldeep Yadav,Mumbai Indians,1,1.0975609756097562,0.8,0.7,0.0
1082644,MG Johnson,Kolkata Knight Riders,1,1.2222222222222223,0.8,1.5555555555555556,2.0
1082644,R Vinay Kumar,Kolkata Knight Riders,2,1.2211538461538463,1.4,2.0,2.0
1082644,SP Narine,Mumbai Indians,0,1.1428571428571428,0.8,1.2173913043478262,0.0
1082644,TA Boult,Mumbai Indians,2,1.2427184466019416,0.8,1.2727272727272727,1.0
1082644,TG Southee,Kolkata Knight Riders,2,1.0555555555555556,1.0,0.7142857142857143,0.0
1082644,UT Yadav,Mumbai Indians,1,1.1088435374149659,1.2,1.0555555555555556,2.0
1082645,A Zampa,Kings XI Punjab,2,1.5,1.2,1.5,0.0
1082645,AR Patel,Rising Pune Supergiant,1,0.8851351351351351,1.0,1.0,1.0
1082645,BA Stokes,Kings XI Punjab,1,0.8157894736842105,1.4,1.1666666666666667,0.0
1082645,DT Christian,Kings XI Punjab,2,0.8163265306122449,1.2,1.1428571428571428,0.0
1082645,GJ Maxwell,Rising Pune Supergiant,0,0.5189873417721519,1.0,0.0,0.0
1082645,I Sharma,Rising Pune Supergiant,0,0.8727272727272727,0.0,0.0,3.0
1082645,JD Unadkat,Kings XI Punjab,2,1.0480769230769231,3.2,0.5454545454545454,1.0
1082645,MM Sharma,Rising Pune Supergiant,0,1.3243243243243243,1.2,0.0,2.0
1082645,R Tewatia,Rising Pune Supergiant,0,0.6923076923076923,1.4,0.0,1.0
1082645,SN Thakur,Kings XI Punjab,3,1.0869565217391304,0.8,2.0,4.0
1082645,Sandeep Sharma,Rising Pune Supergiant,0,1.2142857142857142,1.2,1.0,2.0
1082645,Swapnil Singh,Rising Pune Supergiant,0,0.5,0.2,0.5,0.0
1082646,A Mishra,Royal Challengers Bangalore,0,1.1296296296296295,0.4,1.0555555555555556,0.0
1082646,Avesh Khan,Delhi Daredevils,1,1.3064516129032258,1.0,1.0,2.0
1082646,CJ Anderson,Royal Challengers Bangalore,0,0.6363636363636364,0.4,0.0,3.0
1082646,HV Patel,Delhi Daredevils,3,1.4660194174757282,1.0,1.0,1.0
1082646,Mohammed Shami,Royal Challengers Bangalore,1,1.309090909090909,1.2,1.3076923076923077,0.0
1082646,P Negi,Delhi Daredevils,3,0.9047619047619048,2.0,2.3333333333333335,0.0
1082646,PJ Cummins,Royal Challengers Bangalore,2,1.1379310344827587,1.4,0.6666666666666666,0.0
1082646,S Nadeem,Royal Challengers Bangalore,1,0.7714285714285715,0.8,1.0,3.0
1082646,SR Watson,Delhi Daredevils,1,1.019047619047619,0.8,1.1666666666666667,2.0
1082646,TM Head,Delhi Daredevils,2,0.5,0.6,2.0,0.0
1082646,YS Chahal,Delhi Daredevils,0,1.3396226415094339,0.8,1.4444444444444444,0.0
1082647,A Zampa,Mumbai Indians,0,1.5,1.0,1.0,2.0
1082647,DT Christian,Mumbai Indians,0,0.8163265306122449,1.0,0.5454545454545454,2.0
1082647,HH Pandya,Rising Pune Supergiant,0,0.7526881720430108,0.4,0.5,0.0
1082647,JD Unadkat,Mumbai Indians,1,1.0480769230769231,2.6,1.2666666666666666,2.0
1082647,JJ Bumrah,Rising Pune Supergiant,1,1.368421052631579,1.0,1.25,3.0
1082647,KH Pandya,Rising Pune Supergiant,0,0.6837606837606838,1.0,0.0,0.0
1082647,KV Sharma,Rising Pune Supergiant,1,1.0,1.2,1.0,4.0
1082647,LH Ferguson,Mumbai Indians,1,1.2666666666666666,1.3333333333333333,1.6,1.0
1082647,MJ McClenaghan,Rising Pune Supergiant,1,1.3392857142857142,1.6,0.6666666666666666,1.0
1082647,SL Malinga,Rising Pune Supergiant,1,1.540983606557377,0.8,0.5,1.0
1082647,SN Thakur,Mumbai Indians,4,1.0869565217391304,1.4,0.9230769230769231,1.0
1082647,Washington Sundar,Mumbai Indians,3,0.6724137931034483,1.2,0.7,0.0
1082648,B Kumar,Kolkata Knight Riders,2,1.1079545454545454,1.6,1.1,2.0
1082648,CJ Jordan,Kolkata Knight Riders,1,1.0588235294117647,1.6,0.8,0.0
1082648,NM Coulter-Nile,Sunrisers Hyderabad,3,1.368421052631579,2.0,1.5555555555555556,1.0
1082648,PP Chawla,Sunrisers Hyderabad,1,1.0523560209424083,0.8,0.9473684210526315,2.0
1082648,Rashid Khan,Kolkata Knight Riders,0,1.2975206611570247,1.0,1.1333333333333333,1.0
1082648,S Kaul,Kolkata Knight Riders,0,1.1454545454545455,1.8,1.125,3.0
1082648,SP Narine,Sunrisers Hyderabad,0,1.1428571428571428,0.8,0.64,0.0
1082648,TA Boult,Sunrisers Hyderabad,1,1.2427184466019416,0.8,1.4166666666666667,1.0
1082648,UT Yadav,Sunrisers Hyderabad,2,1.1088435374149659,1.6,0.8421052631578947,1.0
1082648,YK Pathan,Sunrisers Hyderabad,0,0.5609756097560976,0.2,0.125,1.0
1082649,AS Rajpoot,Mumbai Indians,0,0.8275862068965517,0.8,0.7777777777777778,0.0
1082649,HH Pandya,Kolkata Knight Riders,0,0.7526881720430108,0.4,1.25,3.0
1082649,JJ Bumrah,Kolkata Knight Riders,3,1.368421052631579,1.4,1.5,2.0
1082649,KH Pandya,Kolkata Knight Riders,0,0.6837606837606838,1.0,0.6,0.0
1082649,KV Sharma,Kolkata Knight Riders,4,1.0,1.4,1.3333333333333333,0.0
1082649,MG Johnson,Kolkata Knight Riders,2,1.2222222222222223,1.2,1.5555555555555556,4.0
1082649,NM Coulter-Nile,Mumbai Indians,1,1.368421052631579,1.6,1.3333333333333333,0.0
1082649,PP Chawla,Mumbai Indians,2,1.0523560209424083,1.0,1.3333333333333333,1.0
1082649,SL Malinga,Kolkata Knight Riders,1,1.540983606557377,1.0,1.3529411764705883,0.0
1082649,SP Narine,Mumbai Indians,0,1.1428571428571428,0.6,1.2173913043478262,1.0
1082649,UT Yadav,Mumbai Indians,1,1.1088435374149659,1.6,1.0555555555555556,2.0
1082650,A Zampa,Mumbai Indians,2,1.5,1.2,1.0,0.0
1082650,DT Christian,Mumbai Indians,2,0.8163265306122449,1.0,0.5454545454545454,1.0
1082650,JD Unadkat,Mumbai Indians,2,1.0480769230769231,2.6,1.2666666666666666,1.0
1082650,JJ Bumrah,Rising Pune Supergiant,2,1.368421052631579,1.6,1.25,1.0
1082650,KH Pandya,Rising Pune Supergiant,0,0.6837606837606838,0.4,0.0,0.0
1082650,KV Sharma,Rising Pune Supergiant,0,1.0,1.4,1.0,2.0
1082650,LH Ferguson,Mumbai Indians,1,1.2666666666666666,1.25,1.6,0.0
1082650,MG Johnson,Rising Pune Supergiant,4,1.2222222222222223,1.8,2.5,1.0
1082650,SL Malinga,Rising Pune Supergiant,0,1.540983606557377,0.6,0.5,0.0
1082650,SN Thakur,Mumbai Indians,1,1.0869565217391304,1.6,0.9230769230769231,1.0
1082650,Washington Sundar,Mumbai Indians,0,0.6724137931034483,1.2,0.7,1.0
1136561,DJ Bravo,Mumbai Indians,0,1.3101265822784811,1.0,1.6363636363636365,0.0
1136561,DL Chahar,Mumbai Indians,1,0.9753086419753086,0.4,1.0,0.0
1136561,HH Pandya,Chennai Super Kings,3,0.7526881720430108,1.0,0.9166666666666666,0.0
1136561,Harbhajan Singh,Mumbai Indians,0,1.00625,0.8,0.3333333333333333,1.0
1136561,Imran Tahir,Mumbai Indians,1,1.4576271186440677,2.0,1.2857142857142858,0.0
1136561,JJ Bumrah,Chennai Super Kings,1,1.368421052631579,1.6,0.8,2.0
1136561,M Markande,Chennai Super Kings,3,1.0,3.0,1.0,4.0
1136561,MA Wood,Mumbai Indians,0,2.2,0.0,0.0,5.0
1136561,MJ McClenaghan,Chennai Super Kings,1,1.3392857142857142,1.0,1.3333333333333333,2.0
1136561,Mustafizur Rahman,Chennai Super Kings,1,1.2280701754385965,0.8,1.3333333333333333,3.0
1136561,RA Jadeja,Mumbai Indians,0,0.8009478672985783,0.2,0.6451612903225806,1.0
1136561,SR Watson,Mumbai Indians,2,1.019047619047619,1.0,0.9333333333333333,3.0
1136562,A Mishra,Kings XI Punjab,0,1.1296296296296295,0.4,1.15,0.0
1136562,AJ Tye,Delhi Daredevils,1,1.6,1.2,1.5,2.0
1136562,AR Patel,Delhi Daredevils,1,0.8851351351351351,0.6,1.1111111111111112,1.0
1136562,CH Morris,Kings XI Punjab,1,1.3209876543209877,0.6,1.3636363636363635,0.0
1136562,DT Christian,Kings XI Punjab,1,0.8163265306122449,1.2,1.1428571428571428,2.0
1136562,MM Sharma,Delhi Daredevils,2,1.3243243243243243,1.2,1.1818181818181819,0.0
1136562,MP Stoinis,Delhi Daredevils,0,0.7258064516129032,0.2,1.5,1.0
1136562,Mohammed Shami,Kings XI Punjab,0,1.309090909090909,1.0,0.6,1.0
1136562,Mujeeb Ur Rahman,Delhi Daredevils,2,1.0526315789473684,2.0,2.0,1.0
1136562,R Ashwin,Delhi Daredevils,1,0.9519230769230769,1.6,1.4375,2.0
1136562,R Tewatia,Kings XI Punjab,1,0.6923076923076923,1.2,0.8333333333333334,0.0
1136562,TA Boult,Kings XI Punjab,1,1.2427184466019416,1.0,1.2857142857142858,1.0
1136563,AD Russell,Royal Challengers Bangalore,0,1.1160714285714286,1.6,0.8571428571428571,0.0
1136563,CR Woakes,Kolkata Knight Riders,3,1.4761904761904763,2.2,3.0,2.0
1136563,K Khejroliya,Kolkata Knight Riders,0,0.7142857142857143,0.0,0.0,2.0
1136563,Kuldeep Yadav,Royal Challengers Bangalore,0,1.0975609756097562,0.8,0.8571428571428571,1.0
1136563,MG Johnson,Royal Challengers Bangalore,1,1.2222222222222223,1.8,0.7142857142857143,1.0
1136563,N Rana,Royal Challengers Bangalore,2,0.4166666666666667,1.0,1.0,2.0
1136563,PP Chawla,Royal Challengers Bangalore,1,1.0523560209424083,1.0,0.8260869565217391,1.0
1136563,R Vinay Kumar,Royal Challengers Bangalore,2,1.2211538461538463,1.6,1.2,0.0
1136563,SP Narine,Royal Challengers Bangalore,1,1.1428571428571428,0.4,1.2777777777777777,1.0
1136563,UT Yadav,Kolkata Knight Riders,2,1.1088435374149659,1.4,1.4444444444444444,3.0
1136563,Washington Sundar,Kolkata Knight Riders,1,0.6724137931034483,1.0,1.125,2.0
1136563,YS Chahal,Kolkata Knight Riders,0,1.3396226415094339,0.8,1.3181818181818181,1.0
1136564,B Kumar,Rajasthan Royals,2,1.1079545454545454,1.8,1.0555555555555556,3.0
1136564,B Laughlin,Sunrisers Hyderabad,0,1.1111111111111112,0.3333333333333333,0.0,2.0
1136564,B Stanlake,Rajasthan Royals,1,1.1666666666666667,1.0,1.0,2.0
1136564,BA Stokes,Sunrisers Hyderabad,0,0.8157894736842105,1.4,0.5714285714285714,1.0
1136564,DJM Short,Sunrisers Hyderabad,0,0.5,0.0,0.0,1.0
1136564,DS Kulkarni,Sunrisers Hyderabad,0,0.9891304347826086,0.6,0.5714285714285714,0.0
1136564,JD Unadkat,Sunrisers Hyderabad,1,1.0480769230769231,1.8,1.3333333333333333,1.0
1136564,K Gowtham,Sunrisers Hyderabad,0,0.6285714285714286,0.0,0.5,1.0
1136564,Rashid Khan,Rajasthan Royals,1,1.2975206611570247,1.2,1.2142857142857142,1.0
1136564,S Gopal,Sunrisers Hyderabad,0,1.0392156862745099,0.6,1.0,2.0
1136564,S Kaul,Rajasthan Royals,3,1.1454545454545455,2.2,1.1428571428571428,2.0
1136564,Shakib Al Hasan,Rajasthan Royals,2,1.0142857142857142,0.8,1.3,1.0
1136565,AD Russell,Chennai Super Kings,0,1.1160714285714286,0.4,0.6923076923076923,0.0
1136565,DJ Bravo,Kolkata Knight Riders,0,1.3101265822784811,0.8,1.3157894736842106,1.0
1136565,DL Chahar,Kolkata Knight Riders,0,0.9753086419753086,0.4,1.3333333333333333,0.0
1136565,Harbhajan Singh,Kolkata Knight Riders,1,1.00625,0.8,0.8947368421052632,1.0
1136565,Imran Tahir,Kolkata Knight Riders,0,1.4576271186440677,1.4,1.4285714285714286,2.0
1136565,Kuldeep Yadav,Chennai Super Kings,1,1.0975609756097562,1.0,0.42857142857142855,1.0
1136565,PP Chawla,Chennai Super Kings,1,1.0523560209424083,1.0,1.0,1.0
1136565,RA Jadeja,Kolkata Knight Riders,1,0.8009478672985783,0.2,0.8148148148148148,0.0
1136565,SN Thakur,Kolkata Knight Riders,1,1.0869565217391304,1.8,1.2727272727272727,2.0
1136565,SP Narine,Chennai Super Kings,1,1.1428571428571428,0.4,1.25,2.0
1136565,SR Watson,Kolkata Knight Riders,3,1.019047619047619,1.6,1.0,1.0
1136565,TK Curran,Chennai Super Kings,2,1.0,2.0,1.75,1.0
1136566,B Laughlin,Delhi Daredevils,2,1.1111111111111112,0.75,2.0,1.0
1136566,CH Morris,Rajasthan Royals,0,1.3209876543209877,0.2,1.2,2.0
1136566,DS Kulkarni,Delhi Daredevils,0,0.9891304347826086,0.4,0.9285714285714286,0.0
1136566,JD Unadkat,Delhi Daredevils,1,1.0480769230769231,1.4,2.5,0.0
1136566,K Gowtham,Delhi Daredevils,1,0.6285714285714286,0.5,0.5,1.0
1136566,Mohammed Shami,Rajasthan Royals,1,1.309090909090909,1.2,1.5,1.0
1136566,R Tewatia,Rajasthan Royals,0,0.6923076923076923,0.8,0.0,2.0
1136566,S Nadeem,Rajasthan Royals,3,0.7714285714285715,1.0,0.8,0.0
1136566,TA Boult,Rajasthan Royals,1,1.2427184466019416,1.2,1.25,2.0
1136567,B Stanlake,Mumbai Indians,2,1.1666666666666667,1.25,2.0,2.0
1136567,BCJ Cutting,Sunrisers Hyderabad,0,0.7058823529411765,0.4,0.0,0.0
1136567,JJ Bumrah,Sunrisers Hyderabad,2,1.368421052631579,1.8,1.2666666666666666,0.0
1136567,KH Pandya,Sunrisers Hyderabad,0,0.6837606837606838,0.0,0.8461538461538461,2.0
1136567,M Markande,Sunrisers Hyderabad,4,1.0,3.5,2.0,0.0
1136567,Mustafizur Rahman,Sunrisers Hyderabad,3,1.2280701754385965,1.2,2.2,1.0
1136567,PJ Sangwan,Sunrisers Hyderabad,0,1.0476190476190477,0.8,0.0,2.0
1136567,Rashid Khan,Mumbai Indians,1,1.2975206611570247,1.2,1.4,0.0
1136567,S Kaul,Mumbai Indians,2,1.1454545454545455,1.8,1.7142857142857142,1.0
1136567,Sandeep Sharma,Mumbai Indians,2,1.2142857142857142,1.0,1.5,1.0
1136567,Shakib Al Hasan,Mumbai Indians,1,1.0142857142857142,0.8,1.0833333333333333,2.0
1136568,AJ Tye,Royal Challengers Bangalore,2,1.6,1.6,1.0,2.0
1136568,AR Patel,Royal Challengers Bangalore,1,0.8851351351351351,0.8,1.0555555555555556,0.0
1136568,CR Woakes,Kings XI Punjab,2,1.4761904761904763,2.2,2.0,2.0
1136568,K Khejroliya,Kings XI Punjab,2,0.7142857142857143,1.0,2.0,0.0
1136568,MM Sharma,Royal Challengers Bangalore,0,1.3243243243243243,1.2,0.5,1.0
1136568,Mujeeb Ur Rahman,Royal Challengers Bangalore,1,1.0526315789473684,1.5,1.0,0.0
1136568,R Ashwin,Royal Challengers Bangalore,2,0.9519230769230769,1.8,0.8461538461538461,1.0
1136568,UT Yadav,Kings XI Punjab,3,1.1088435374149659,1.8,1.631578947368421,0.0
1136568,Washington Sundar,Kings XI Punjab,2,0.6724137931034483,1.4,0.5,0.0
1136568,YS Chahal,Kings XI Punjab,1,1.3396226415094339,0.8,1.6428571428571428,2.0
1136569,DT Christian,Mumbai Indians,2,0.8163265306122449,1.4,0.5454545454545454,1.0
1136569,GJ Maxwell,Mumbai Indians,0,0.5189873417721519,0.8,0.3333333333333333,1.0
1136569,HH Pandya,Delhi Daredevils,0,0.7526881720430108,1.0,0.42857142857142855,0.0
1136569,JJ Bumrah,Delhi Daredevils,0,1.368421052631579,1.6,0.8888888888888888,2.0
1136569,KH Pandya,Delhi Daredevils,2,0.6837606837606838,0.4,1.2,3.0
1136569,M Markande,Delhi Daredevils,0,1.0,2.3333333333333335,0.5,1.0
1136569,Mohammed Shami,Mumbai Indians,1,1.309090909090909,1.0,1.2857142857142858,1.0
1136569,Mustafizur Rahman,Delhi Daredevils,1,1.2280701754385965,1.4,0.75,0.0
1136569,R Tewatia,Mumbai Indians,2,0.6923076923076923,0.8,0.5714285714285714,3.0
1136569,S Nadeem,Mumbai Indians,0,0.7714285714285715,1.0,0.9090909090909091,1.0
1136569,TA Boult,Mumbai Indians,2,1.2427184466019416,1.4,1.2727272727272727,2.0
1136570,AD Russell,Sunrisers Hyderabad,0,1.1160714285714286,0.2,1.3888888888888888,1.0
1136570,B Kumar,Kolkata Knight Riders,3,1.1079545454545454,2.2,1.1,1.0
1136570,B Stanlake,Kolkata Knight Riders,2,1.1666666666666667,1.4,2.0,0.0
1136570,Kuldeep Yadav,Sunrisers Hyderabad,1,1.0975609756097562,1.0,1.2857142857142858,3.0
1136570,MG Johnson,Sunrisers Hyderabad,1,1.2222222222222223,1.8,1.1666666666666667,0.0
1136570,PP Chawla,Sunrisers Hyderabad,1,1.0523560209424083,1.2,0.9473684210526315,1.0
1136570,Rashid Khan,Kolkata Knight Riders,0,1.2975206611570247,1.0,1.1333333333333333,1.0
1136570,S Kaul,Kolkata Knight Riders,1,1.1454545454545455,1.4,1.125,1.0
1136570,SP Narine,Sunrisers Hyderabad,2,1.1428571428571428,0.8,0.64,3.0
1136570,Shakib Al Hasan,Kolkata Knight Riders,2,1.0142857142857142,1.2,1.5,0.0
1136570,Shivam Mavi,Sunrisers Hyderabad,0,1.03125,0.0,0.8,1.0
1136571,B Laughlin,Royal Challengers Bangalore,1,1.1111111111111112,0.8,1.5,0.0
1136571,BA Stokes,Royal Challengers Bangalore,1,0.8157894736842105,1.4,1.3333333333333333,0.0
1136571,CR Woakes,Rajasthan Royals,2,1.4761904761904763,2.0,2.0,1.0
1136571,DS Kulkarni,Royal Challengers Bangalore,0,0.9891304347826086,0.4,1.1538461538461537,0.0
1136571,JD Unadkat,Royal Challengers Bangalore,0,1.0480769230769231,1.0,0.8181818181818182,0.0
1136571,K Gowtham,Royal Challengers Bangalore,1,0.6285714285714286,0.6666666666666666,0.75,2.0
1136571,K Khejroliya,Rajasthan Royals,0,0.7142857142857143,0.6666666666666666,0.0,0.0
1136571,P Negi,Rajasthan Royals,0,0.9047619047619048,1.8,1.0,1.0
1136571,S Gopal,Royal Challengers Bangalore,2,1.0392156862745099,0.8,2.0,1.0
1136571,UT Yadav,Rajasthan Royals,0,1.1088435374149659,1.6,0.9285714285714286,2.0
1136571,Washington Sundar,Rajasthan Royals,0,0.6724137931034483,1.2,0.16666666666666666,0.0
1136571,YS Chahal,Rajasthan Royals,2,1.3396226415094339,0.8,1.5,0.0
1136572,AJ Tye,Chennai Super Kings,2,1.6,1.6,1.0,2.0
1136572,BB Sran,Chennai Super Kings,1,0.8333333333333334,0.6,1.0,1.0
1136572,DJ Bravo,Kings XI Punjab,1,1.3101265822784811,0.6,1.625,2.0
1136572,DL Chahar,Kings XI Punjab,0,0.9753086419753086,0.4,0.2857142857142857,2.0
1136572,Harbhajan Singh,Kings XI Punjab,1,1.00625,0.4,1.0909090909090908,0.0
1136572,Imran Tahir,Kings XI Punjab,2,1.4576271186440677,1.0,1.3333333333333333,1.0
1136572,MM Sharma,Chennai Super Kings,1,1.3243243243243243,1.0,2.0,2.0
1136572,Mujeeb Ur Rahman,Chennai Super Kings,0,1.0526315789473684,1.0,0.0,0.0
1136572,R Ashwin,Chennai Super Kings,1,0.9519230769230769,1.6,1.25,0.0
1136572,SN Thakur,Kings XI Punjab,2,1.0869565217391304,2.2,2.0,2.0
1136572,SR Watson,Kings XI Punjab,1,1.019047619047619,1.6,1.1538461538461537,1.0
1136572,Yuvraj Singh,Chennai Super Kings,0,0.5342465753424658,0.4,0.25,0.0
1136573,AD Russell,Delhi Daredevils,1,1.1160714285714286,0.2,1.6666666666666667,0.0
1136573,CH Morris,Kolkata Knight Riders,2,1.3209876543209877,0.6,1.6428571428571428,0.0
1136573,Kuldeep Yadav,Delhi Daredevils,3,1.0975609756097562,1.2,0.75,1.0
1136573,Mohammed Shami,Kolkata Knight Riders,1,1.309090909090909,0.8,1.2857142857142858,1.0
1136573,PP Chawla,Delhi Daredevils,1,1.0523560209424083,1.2,1.105263157894737,1.0
1136573,R Tewatia,Kolkata Knight Riders,3,0.6923076923076923,1.2,1.25,0.0
1136573,S Nadeem,Kolkata Knight Riders,1,0.7714285714285715,1.2,0.75,1.0
1136573,SP Narine,Delhi Daredevils,3,1.1428571428571428,1.4,1.7692307692307692,0.0
1136573,Shivam Mavi,Delhi Daredevils,1,1.03125,0.5,1.5,2.0
1136573,TA Boult,Kolkata Knight Riders,2,1.2427184466019416,1.4,1.4,1.0
1136573,TK Curran,Delhi Daredevils,1,1.0,1.5,1.0,2.0
1136573,V Shankar,Kolkata Knight Riders,0,0.5454545454545454,0.0,0.25,0.0
1136574,CJ Anderson,Mumbai Indians,3,0.6363636363636364,0.8,2.0,1.0
1136574,CR Woakes,Mumbai Indians,1,1.4761904761904763,2.0,1.0,0.0
1136574,HH Pandya,Royal Challengers Bangalore,0,0.7526881720430108,0.6,0.5,2.0
1136574,JJ Bumrah,Royal Challengers Bangalore,2,1.368421052631579,1.4,1.6111111111111112,2.0
1136574,KH Pandya,Royal Challengers Bangalore,3,0.6837606837606838,1.0,0.75,1.0
1136574,M Markande,Royal Challengers Bangalore,1,1.0,2.0,1.0,0.0
1136574,MJ McClenaghan,Royal Challengers Bangalore,2,1.3392857142857142,1.2,1.4444444444444444,1.0
1136574,Mohammed Siraj,Mumbai Indians,0,1.032258064516129,1.6,0.75,0.0
1136574,Mustafizur Rahman,Royal Challengers Bangalore,0,1.2280701754385965,1.0,0.875,1.0
1136574,UT Yadav,Mumbai Indians,2,1.1088435374149659,1.6,1.0555555555555556,1.0
1136574,Washington Sundar,Mumbai Indians,0,0.6724137931034483,0.6,0.7,1.0
1136574,YS Chahal,Mumbai Indians,0,1.3396226415094339,0.6,1.5,2.0
1136575,B Laughlin,Kolkata Knight Riders,0,1.1111111111111112,0.6,1.0,2.0
1136575,BA Stokes,Kolkata Knight Riders,0,0.8157894736842105,0.8,0.8,0.0
1136575,DS Kulkarni,Kolkata Knight Riders,0,0.9891304347826086,0.2,0.7777777777777778,2.0
1136575,JD Unadkat,Kolkata Knight Riders,0,1.0480769230769231,0.8,0.5384615384615384,0.0
1136575,K Gowtham,Kolkata Knight Riders,2,0.6285714285714286,1.0,1.0,0.0
1136575,Kuldeep Yadav,Rajasthan Royals,1,1.0975609756097562,1.2,1.1,0.0
1136575,N Rana,Rajasthan Royals,2,0.4166666666666667,1.3333333333333333,0.6666666666666666,0.0
1136575,PP Chawla,Rajasthan Royals,1,1.0523560209424083,1.0,1.0909090909090908,0.0
1136575,S Gopal,Kolkata Knight Riders,1,1.0392156862745099,0.8,1.0,3.0
1136575,SP Narine,Rajasthan Royals,0,1.1428571428571428,1.4,0.7894736842105263,1.0
1136575,Shivam Mavi,Rajasthan Royals,2,1.03125,1.0,1.75,0.0
1136575,TK Curran,Rajasthan Royals,2,1.0,1.6666666666666667,1.0,0.0
1136576,AJ Tye,Sunrisers Hyderabad,2,1.6,1.4,0.6666666666666666,2.0
1136576,B Kumar,Kings XI Punjab,1,1.1079545454545454,2.0,1.5714285714285714,1.0
1136576,BB Sran,Sunrisers Hyderabad,1,0.8333333333333334,0.6,0.3333333333333333,2.0
1136576,CJ Jordan,Kings XI Punjab,0,1.0588235294117647,1.6,0.0,1.0
1136576,DJ Hooda,Kings XI Punjab,0,0.30303030303030304,0.4,0.25,0.0
1136576,MM Sharma,Sunrisers Hyderabad,2,1.3243243243243243,1.0,1.7692307692307692,0.0
1136576,Mujeeb Ur Rahman,Sunrisers Hyderabad,0,1.0526315789473684,0.75,0.4,2.0
1136576,R Ashwin,Sunrisers Hyderabad,0,0.9519230769230769,1.6,0.65,1.0
1136576,Rashid Khan,Kings XI Punjab,1,1.2975206611570247,0.6,2.0,1.0
1136576,S Kaul,Kings XI Punjab,1,1.1454545454545455,1.4,1.1666666666666667,1.0
1136576,Shakib Al Hasan,Kings XI Punjab,0,1.0142857142857142,1.0,0.7142857142857143,0.0
1136577,B Laughlin,Chennai Super Kings,2,1.1111111111111112,1.0,2.0,2.0
1136577,BA Stokes,Chennai Super Kings,0,0.8157894736842105,0.4,0.8,0.0
1136577,DJ Bravo,Rajasthan Royals,2,1.3101265822784811,1.0,1.3076923076923077,1.0
1136577,DL Chahar,Rajasthan Royals,2,0.9753086419753086,0.6,1.5,3.0
1136577,Imran Tahir,Rajasthan Royals,1,1.4576271186440677,1.0,1.8,2.0
1136577,JD Unadkat,Chennai Super Kings,0,1.0480769230769231,0.4,0.7692307692307693,2.0
1136577,K Gowtham,Chennai Super Kings,0,0.6285714285714286,0.8,0.0,0.0
1136577,KV Sharma,Rajasthan Royals,2,1.0,1.6,1.0909090909090908,1.0
1136577,RA Jadeja,Rajasthan Royals,0,0.8009478672985783,0.2,1.0476190476190477,0.0
1136577,S Gopal,Chennai Super Kings,3,1.0392156862745099,1.2,1.0,0.0
1136577,SN Thakur,Rajasthan Royals,2,1.0869565217391304,2.0,0.9090909090909091,1.0
1136577,SR Watson,Rajasthan Royals,1,1.019047619047619,1.6,0.5,0.0
1136577,STR Binny,Chennai Super Kings,0,0.4444444444444444,0.8,0.2857142857142857,0.0
1136578,AD Russell,Kings XI Punjab,0,1.1160714285714286,0.2,1.7777777777777777,1.0
1136578,AJ Tye,Kolkata Knight Riders,2,1.6,1.8,2.0,2.0
1136578,AS Rajpoot,Kolkata Knight Riders,0,0.8275862068965517,0.2,0.5,2.0
1136578,BB Sran,Kolkata Knight Riders,2,0.8333333333333334,1.0,0.7142857142857143,1.0
1136578,Kuldeep Yadav,Kings XI Punjab,0,1.0975609756097562,1.2,0.75,0.0
1136578,Mujeeb Ur Rahman,Kolkata Knight Riders,2,1.0526315789473684,1.0,0.6666666666666666,2.0
1136578,N Rana,Kings XI Punjab,0,0.4166666666666667,1.0,0.3333333333333333,0.0
1136578,PP Chawla,Kings XI Punjab,0,1.0523560209424083,0.8,1.0714285714285714,1.0
1136578,R Ashwin,Kolkata Knight Riders,1,0.9519230769230769,1.0,0.9230769230769231,1.0
1136578,SP Narine,Kings XI Punjab,1,1.1428571428571428,1.4,1.631578947368421,0.0
1136578,Shivam Mavi,Kings XI Punjab,0,1.03125,0.75,0.0,2.0
1136578,TK Curran,Kings XI Punjab,0,1.0,1.25,0.5,1.0
1136579,CH Morris,Royal Challengers Bangalore,0,1.3209876543209877,0.6,1.0,1.0
1136579,CJ Anderson,Delhi Daredevils,1,0.6363636363636364,0.8,1.0,1.0
1136579,CR Woakes,Delhi Daredevils,0,1.4761904761904763,1.6,0.3333333333333333,2.0
1136579,GJ Maxwell,Royal Challengers Bangalore,1,0.5189873417721519,0.6,0.75,0.0
1136579,HV Patel,Royal Challengers Bangalore,1,1.4660194174757282,1.2,0.6666666666666666,1.0
1136579,Mohammed Siraj,Delhi Daredevils,0,1.032258064516129,1.2,1.25,0.0
1136579,R Tewatia,Royal Challengers Bangalore,0,0.6923076923076923,1.2,0.3333333333333333,0.0
1136579,S Nadeem,Royal Challengers Bangalore,1,0.7714285714285715,1.2,1.0,0.0
1136579,TA Boult,Royal Challengers Bangalore,1,1.2427184466019416,1.4,1.4545454545454546,2.0
1136579,UT Yadav,Delhi Daredevils,1,1.1088435374149659,1.6,1.1111111111111112,1.0
1136579,Washington Sundar,Delhi Daredevils,1,0.6724137931034483,0.8,1.0,0.0
1136579,YS Chahal,Delhi Daredevils,2,1.3396226415094339,1.0,1.4444444444444444,2.0
1136580,B Kumar,Chennai Super Kings,1,1.1079545454545454,1.8,0.7,0.0
1136580,DJ Bravo,Sunrisers Hyderabad,1,1.3101265822784811,0.8,1.375,4.0
1136580,DJ Hooda,Chennai Super Kings,0,0.30303030303030304,0.4,0.0,0.0
1136580,DL Chahar,Sunrisers Hyderabad,3,0.9753086419753086,1.2,0.8333333333333334,0.0
1136580,KV Sharma,Sunrisers Hyderabad,1,1.0,1.6,1.0,0.0
1136580,RA Jadeja,Sunrisers Hyderabad,0,0.8009478672985783,0.2,0.43478260869565216,0.0
1136580,Rashid Khan,Chennai Super Kings,1,1.2975206611570247,0.8,1.0588235294117647,2.0
1136580,S Kaul,Chennai Super Kings,1,1.1454545454545455,1.6,0.42857142857142855,3.0
1136580,SN Thakur,Sunrisers Hyderabad,1,1.0869565217391304,1.4,0.9333333333333333,2.0
1136580,SR Watson,Sunrisers Hyderabad,0,1.019047619047619,1.4,1.1818181818181819,0.0
1136580,Shakib Al Hasan,Chennai Super Kings,0,1.0142857142857142,1.0,0.4444444444444444,1.0
1136581,BA Stokes,Mumbai Indians,0,0.8157894736842105,0.2,1.25,0.0
1136581,DS Kulkarni,Mumbai Indians,2,0.9891304347826086,0.4,1.3,0.0
1136581,HH Pandya,Rajasthan Royals,2,0.7526881720430108,1.0,1.2,2.0
1136581,JC Archer,Mumbai Indians,3,1.225,3.0,2.0,3.0
1136581,JD Unadkat,Mumbai Indians,2,1.0480769230769231,0.6,1.2666666666666666,1.0
1136581,JJ Bumrah,Rajasthan Royals,2,1.368421052631579,1.4,1.2857142857142858,1.0
1136581,K Gowtham,Mumbai Indians,0,0.6285714285714286,0.8,0.2,2.0
1136581,KH Pandya,Rajasthan Royals,1,0.6837606837606838,1.2,0.4,0.0
1136581,M Markande,Rajasthan Royals,0,1.0,1.6,0.0,2.0
1136581,MJ McClenaghan,Rajasthan Royals,1,1.3392857142857142,1.2,1.3333333333333333,3.0
1136581,Mustafizur Rahman,Rajasthan Royals,1,1.2280701754385965,1.2,1.0,2.0
1136581,S Gopal,Mumbai Indians,0,1.0392156862745099,1.2,0.8571428571428571,1.0
1136582,A Mishra,Kings XI Punjab,0,1.1296296296296295,0.2,1.15,3.0
1136582,AJ Tye,Delhi Daredevils,2,1.6,2.0,1.5,0.0
1136582,AS Rajpoot,Delhi Daredevils,2,0.8275862068965517,0.6,2.0,5.0
1136582,Avesh Khan,Kings XI Punjab,2,1.3064516129032258,1.5,1.0,2.0
1136582,BB Sran,Delhi Daredevils,1,0.8333333333333334,1.0,1.0,0.0
1136582,DT Christian,Kings XI Punjab,1,0.8163265306122449,1.2,1.1428571428571428,0.0
1136582,GJ Maxwell,Kings XI Punjab,0,0.5189873417721519,0.4,0.0,2.0
1136582,LE Plunkett,Kings XI Punjab,3,0.5714285714285714,3.0,3.0,0.0
1136582,Mujeeb Ur Rahman,Delhi Daredevils,2,1.0526315789473684,1.0,2.0,1.0
1136582,R Ashwin,Delhi Daredevils,1,0.9519230769230769,1.0,1.4375,0.0
1136582,R Tewatia,Kings XI Punjab,0,0.6923076923076923,1.0,0.8333333333333334,0.0
1136582,TA Boult,Kings XI Punjab,2,1.2427184466019416,1.6,1.2857142857142858,2.0
1136583,Basil Thampi,Mumbai Indians,2,1.04,1.6,1.5,2.0
1136583,HH Pandya,Sunrisers Hyderabad,2,0.7526881720430108,1.4,0.9090909090909091,1.0
1136583,JJ Bumrah,Sunrisers Hyderabad,1,1.368421052631579,1.4,1.2666666666666666,0.0
1136583,KH Pandya,Sunrisers Hyderabad,0,0.6837606837606838,1.2,0.8461538461538461,2.0
1136583,M Markande,Sunrisers Hyderabad,2,1.0,1.4,2.0,0.0
1136583,MJ McClenaghan,Sunrisers Hyderabad,3,1.3392857142857142,1.6,1.7142857142857142,2.0
1136583,Mohammad Nabi,Mumbai Indians,1,0.6521739130434783,0.75,0.8,0.0
1136583,Mustafizur Rahman,Sunrisers Hyderabad,2,1.2280701754385965,1.4,2.2,1.0
1136583,Rashid Khan,Mumbai Indians,2,1.2975206611570247,1.0,1.4,3.0
1136583,S Kaul,Mumbai Indians,3,1.1454545454545455,1.6,1.7142857142857142,1.0
1136583,Sandeep Sharma,Mumbai Indians,1,1.2142857142857142,0.8,1.5,2.0
1136583,Shakib Al Hasan,Mumbai Indians,1,1.0142857142857142,0.8,1.0833333333333333,2.0
1136584,DJ Bravo,Royal Challengers Bangalore,4,1.3101265822784811,1.6,1.0434782608695652,1.0
1136584,DL Chahar,Royal Challengers Bangalore,0,0.9753086419753086,1.0,0.75,0.0
1136584,Harbhajan Singh,Royal Challengers Bangalore,0,1.00625,0.4,1.0869565217391304,1.0
1136584,Imran Tahir,Royal Challengers Bangalore,2,1.4576271186440677,1.2,1.5555555555555556,0.0
1136584,Mohammed Siraj,Chennai Super Kings,0,1.032258064516129,0.8,0.2727272727272727,3.0
1136584,P Negi,Chennai Super Kings,1,0.9047619047619048,1.4,0.6666666666666666,2.0
1136584,RA Jadeja,Royal Challengers Bangalore,0,0.8009478672985783,0.2,1.037037037037037,2.0
1136584,SN Thakur,Royal Challengers Bangalore,2,1.0869565217391304,1.6,1.4444444444444444,0.0
1136584,SR Watson,Royal Challengers Bangalore,0,1.019047619047619,1.0,1.0,0.0
1136584,UT Yadav,Chennai Super Kings,1,1.1088435374149659,1.4,1.0555555555555556,0.0
1136584,Washington Sundar,Chennai Super Kings,0,0.6724137931034483,0.6,0.6666666666666666,0.0
1136584,YS Chahal,Chennai Super Kings,2,1.3396226415094339,1.4,1.1176470588235294,0.0
1136585,AJ Tye,Sunrisers Hyderabad,0,1.6,1.6,0.6666666666666666,1.0
1136585,AS Rajpoot,Sunrisers Hyderabad,5,0.8275862068965517,1.6,1.5,0.0
1136585,BB Sran,Sunrisers Hyderabad,0,0.8333333333333334,1.0,0.3333333333333333,1.0
1136585,Basil Thampi,Kings XI Punjab,2,1.04,1.6,1.3333333333333333,1.0
1136585,Mohammad Nabi,Kings XI Punjab,0,0.6521739130434783,0.6,0.25,4.0
1136585,Mujeeb Ur Rahman,Sunrisers Hyderabad,1,1.0526315789473684,1.0,0.4,2.0
1136585,R Ashwin,Sunrisers Hyderabad,0,0.9519230769230769,0.6,0.65,0.0
1136585,Rashid Khan,Kings XI Punjab,3,1.2975206611570247,1.4,2.0,1.0
1136585,S Kaul,Kings XI Punjab,1,1.1454545454545455,1.4,1.1666666666666667,2.0
1136585,Sandeep Sharma,Kings XI Punjab,2,1.2142857142857142,1.2,1.6,1.0
1136585,Shakib Al Hasan,Kings XI Punjab,2,1.0142857142857142,1.0,0.7142857142857143,0.0
1136586,A Mishra,Kolkata Knight Riders,3,1.1296296296296295,0.6,1.0,1.0
1136586,AD Russell,Delhi Daredevils,1,1.1160714285714286,0.4,1.6666666666666667,3.0
1136586,Avesh Khan,Kolkata Knight Riders,2,1.3064516129032258,1.6666666666666667,1.7142857142857142,0.0
1136586,GJ Maxwell,Kolkata Knight Riders,2,0.5189873417721519,0.6,0.4,1.0
1136586,Kuldeep Yadav,Delhi Daredevils,0,1.0975609756097562,1.0,0.75,1.0
1136586,LE Plunkett,Kolkata Knight Riders,0,0.5714285714285714,1.5,0.0,0.0
1136586,MG Johnson,Delhi Daredevils,0,1.2222222222222223,1.6,0.8333333333333334,0.0
1136586,PP Chawla,Delhi Daredevils,1,1.0523560209424083,0.8,1.105263157894737,0.0
1136586,R Tewatia,Kolkata Knight Riders,0,0.6923076923076923,1.0,1.25,0.0
1136586,SP Narine,Delhi Daredevils,0,1.1428571428571428,1.2,1.7692307692307692,0.0
1136586,Shivam Mavi,Delhi Daredevils,2,1.03125,1.0,1.5,0.0
1136586,TA Boult,Kolkata Knight Riders,2,1.2427184466019416,1.8,1.4,1.0
1136586,V Shankar,Kolkata Knight Riders,0,0.5454545454545454,0.0,0.25,1.0
1136587,BCJ Cutting,Chennai Super Kings,0,0.7058823529411765,0.2,0.0,1.0
1136587,DJ Bravo,Mumbai Indians,1,1.3101265822784811,1.8,1.6363636363636365,0.0
1136587,DL Chahar,Mumbai Indians,0,0.9753086419753086,1.0,1.0,1.0
1136587,HH Pandya,Chennai Super Kings,1,0.7526881720430108,1.0,0.9166666666666666,3.0
1136587,Harbhajan Singh,Mumbai Indians,1,1.00625,0.6,0.3333333333333333,0.0
1136587,Imran Tahir,Mumbai Indians,0,1.4576271186440677,1.0,1.2857142857142858,3.0
1136587,JJ Bumrah,Chennai Super Kings,0,1.368421052631579,1.0,0.8,1.0
1136587,KH Pandya,Chennai Super Kings,2,0.6837606837606838,1.6,0.75,0.0
1136587,M Markande,Chennai Super Kings,0,1.0,0.6,1.0,1.0
1136587,MJ McClenaghan,Chennai Super Kings,2,1.3392857142857142,1.8,1.3333333333333333,2.0
1136587,SN Thakur,Mumbai Indians,0,1.0869565217391304,1.4,0.9230769230769231,0.0
1136587,SR Watson,Mumbai Indians,0,1.019047619047619,0.4,0.9333333333333333,0.0
1136588,BA Stokes,Sunrisers Hyderabad,0,0.8157894736842105,0.2,0.5714285714285714,0.0
1136588,Basil Thampi,Rajasthan Royals,1,1.04,1.6,0.5,0.0
1136588,DS Kulkarni,Sunrisers Hyderabad,0,0.9891304347826086,0.4,0.5714285714285714,1.0
1136588,IS Sodhi,Sunrisers Hyderabad,1,1.125,1.0,1.0,1.0
1136588,JC Archer,Sunrisers Hyderabad,3,1.225,3.0,1.5,1.0
1136588,JD Unadkat,Sunrisers Hyderabad,1,1.0480769230769231,0.6,1.3333333333333333,3.0
1136588,K Gowtham,Sunrisers Hyderabad,2,0.6285714285714286,1.0,0.5,0.0
1136588,MK Lomror,Sunrisers Hyderabad,0,0.18181818181818182,0.0,0.25,0.0
1136588,Rashid Khan,Rajasthan Royals,1,1.2975206611570247,1.6,1.2142857142857142,3.0
1136588,S Kaul,Rajasthan Royals,2,1.1454545454545455,1.6,1.1428571428571428,1.0
1136588,Sandeep Sharma,Rajasthan Royals,1,1.2142857142857142,1.2,0.5555555555555556,1.0
1136588,Shakib Al Hasan,Rajasthan Royals,0,1.0142857142857142,0.6,1.3,0.0
1136588,YK Pathan,Rajasthan Royals,1,0.5609756097560976,0.4,1.0,0.0
1136589,AD Russell,Royal Challengers Bangalore,3,1.1160714285714286,1.0,0.8571428571428571,0.0
1136589,Kuldeep Yadav,Royal Challengers Bangalore,1,1.0975609756097562,1.0,0.8571428571428571,1.0
1136589,M Ashwin,Kolkata Knight Riders,2,0.7954545454545454,0.4,1.0,1.0
1136589,MG Johnson,Royal Challengers Bangalore,0,1.2222222222222223,1.2,0.7142857142857143,0.0
1136589,Mohammed Siraj,Kolkata Knight Riders,3,1.032258064516129,1.4,1.0714285714285714,2.0
1136589,PP Chawla,Royal Challengers Bangalore,0,1.0523560209424083,0.6,0.8260869565217391,2.0
1136589,SP Narine,Royal Challengers Bangalore,0,1.1428571428571428,0.8,1.2777777777777777,2.0
1136589,Shivam Mavi,Royal Challengers Bangalore,0,1.03125,1.0,0.5,0.0
1136589,TG Southee,Kolkata Knight Riders,0,1.0555555555555556,0.8,0.7142857142857143,2.0
1136589,UT Yadav,Kolkata Knight Riders,0,1.1088435374149659,0.8,1.4444444444444444,2.0
1136589,YS Chahal,Kolkata Knight Riders,0,1.3396226415094339,1.2,1.3181818181818181,0.0
1136590,A Mishra,Chennai Super Kings,1,1.1296296296296295,0.8,0.875,1.0
1136590,Avesh Khan,Chennai Super Kings,0,1.3064516129032258,1.25,1.0,0.0
1136590,DJ Bravo,Delhi Daredevils,0,1.3101265822784811,1.6,0.8571428571428571,0.0
1136590,GJ Maxwell,Chennai Super Kings,1,0.5189873417721519,0.8,0.75,1.0
1136590,Harbhajan Singh,Delhi Daredevils,0,1.00625,0.6,1.1578947368421053,1.0
1136590,KM Asif,Delhi Daredevils,2,1.0,2.0,2.0,1.0
1136590,L Ngidi,Delhi Daredevils,1,2.0,1.0,1.5,1.0
1136590,LE Plunkett,Chennai Super Kings,0,0.5714285714285714,1.0,0.0,0.0
1136590,R Tewatia,Chennai Super Kings,0,0.6923076923076923,0.6,1.3333333333333333,1.0
1136590,RA Jadeja,Delhi Daredevils,2,0.8009478672985783,0.6,0.7058823529411765,1.0
1136590,SR Watson,Delhi Daredevils,0,1.019047619047619,0.2,1.1666666666666667,0.0
1136590,TA Boult,Chennai Super Kings,1,1.2427184466019416,1.6,1.25,3.0
1136590,V Shankar,Chennai Super Kings,1,0.5454545454545454,0.25,1.0,0.0
1136591,C de Grandhomme,Mumbai Indians,1,0.3684210526315789,0.2,0.3333333333333333,1.0
1136591,HH Pandya,Royal Challengers Bangalore,3,0.7526881720430108,1.6,0.5,1.0
1136591,JJ Bumrah,Royal Challengers Bangalore,1,1.368421052631579,1.2,1.6111111111111112,1.0
1136591,JP Duminy,Royal Challengers Bangalore,0,0.46938775510204084,0.2,0.0,0.0
1136591,KH Pandya,Royal Challengers Bangalore,0,0.6837606837606838,1.2,0.75,1.0
1136591,M Markande,Royal Challengers Bangalore,1,1.0,0.8,1.0,1.0
1136591,MJ McClenaghan,Royal Challengers Bangalore,2,1.3392857142857142,2.0,1.4444444444444444,1.0
1136591,Mohammed Siraj,Mumbai Indians,2,1.032258064516129,1.0,0.75,0.0
1136591,TG Southee,Mumbai Indians,2,1.0555555555555556,1.0,1.25,0.0
1136591,UT Yadav,Mumbai Indians,2,1.1088435374149659,1.2,1.0555555555555556,2.0
1136591,Washington Sundar,Mumbai Indians,0,0.6724137931034483,0.2,0.7,0.0
1136591,YS Chahal,Mumbai Indians,0,1.3396226415094339,0.8,1.5,0.0
1136592,A Mishra,Rajasthan Royals,1,1.1296296296296295,1.0,1.619047619047619,2.0
1136592,Avesh Khan,Rajasthan Royals,0,1.3064516129032258,1.0,1.6666666666666667,0.0
1136592,BA Stokes,Delhi Daredevils,0,0.8157894736842105,0.0,1.0,1.0
1136592,DS Kulkarni,Delhi Daredevils,1,0.9891304347826086,0.6,0.9285714285714286,1.0
1136592,GJ Maxwell,Rajasthan Royals,1,0.5189873417721519,1.0,0.25,0.0
1136592,JC Archer,Delhi Daredevils,1,1.225,2.3333333333333335,1.0,1.0
1136592,JD Unadkat,Delhi Daredevils,3,1.0480769230769231,1.2,2.5,0.0
1136592,K Gowtham,Delhi Daredevils,0,0.6285714285714286,0.8,0.5,1.0
1136592,LE Plunkett,Rajasthan Royals,0,0.5714285714285714,0.75,0.0,1.0
1136592,S Gopal,Delhi Daredevils,1,1.0392156862745099,1.4,1.0,0.0
1136592,S Nadeem,Rajasthan Royals,0,0.7714285714285715,1.0,0.8,0.0
1136592,TA Boult,Rajasthan Royals,3,1.2427184466019416,1.8,1.25,0.0
1136593,AD Russell,Chennai Super Kings,0,1.1160714285714286,1.0,0.6923076923076923,2.0
1136593,DJ Bravo,Kolkata Knight Riders,0,1.3101265822784811,1.2,1.3157894736842106,1.0
1136593,Harbhajan Singh,Kolkata Knight Riders,1,1.00625,0.6,0.8947368421052632,2.0
1136593,KM Asif,Kolkata Knight Riders,1,1.0,1.5,1.0,1.0
1136593,KV Sharma,Kolkata Knight Riders,0,1.0,1.4,1.3333333333333333,0.0
1136593,Kuldeep Yadav,Chennai Super Kings,1,1.0975609756097562,0.6,0.42857142857142855,0.0
1136593,L Ngidi,Kolkata Knight Riders,1,2.0,1.0,2.0,2.0
1136593,MG Johnson,Chennai Super Kings,0,1.2222222222222223,0.4,1.0,0.0
1136593,PP Chawla,Chennai Super Kings,2,1.0523560209424083,0.8,1.0,0.0
1136593,RA Jadeja,Kolkata Knight Riders,1,0.8009478672985783,0.6,0.8148148148148148,3.0
1136593,SP Narine,Chennai Super Kings,2,1.1428571428571428,0.6,1.25,2.0
1136593,SR Watson,Kolkata Knight Riders,0,1.019047619047619,0.0,1.0,0.0
1136593,Shivam Mavi,Chennai Super Kings,0,1.03125,0.8,0.5,1.0
1136594,AJ Tye,Mumbai Indians,1,1.6,1.4,1.6,3.0
1136594,AR Patel,Mumbai Indians,0,0.8851351351351351,0.8,0.7142857142857143,1.0
1136594,AS Rajpoot,Mumbai Indians,0,0.8275862068965517,1.4,0.7777777777777778,1.0
1136594,BCJ Cutting,Kings XI Punjab,1,0.7058823529411765,0.4,0.3333333333333333,0.0
1136594,HH Pandya,Kings XI Punjab,1,0.7526881720430108,1.8,0.5,2.0
1136594,JJ Bumrah,Kings XI Punjab,1,1.368421052631579,1.0,1.6666666666666667,1.0
1136594,KH Pandya,Kings XI Punjab,1,0.6837606837606838,0.8,0.5555555555555556,1.0
1136594,M Markande,Kings XI Punjab,1,1.0,0.8,0.3333333333333333,1.0
1136594,MJ McClenaghan,Kings XI Punjab,1,1.3392857142857142,1.8,1.25,1.0
1136594,MP Stoinis,Mumbai Indians,1,0.7258064516129032,0.4,1.1818181818181819,0.0
1136594,Mujeeb Ur Rahman,Mumbai Indians,2,1.0526315789473684,1.4,2.0,3.0
1136594,R Ashwin,Mumbai Indians,0,0.9519230769230769,0.4,0.7941176470588235,1.0
1136595,C de Grandhomme,Chennai Super Kings,1,0.3684210526315789,0.4,1.0,0.0
1136595,DJ Bravo,Royal Challengers Bangalore,1,1.3101265822784811,1.2,1.0434782608695652,2.0
1136595,DJ Willey,Royal Challengers Bangalore,1,0.6363636363636364,1.0,1.0,1.0
1136595,Harbhajan Singh,Royal Challengers Bangalore,2,1.00625,0.8,1.0869565217391304,1.0
1136595,L Ngidi,Royal Challengers Bangalore,2,2.0,1.3333333333333333,2.0,2.0
1136595,M Ashwin,Chennai Super Kings,1,0.7954545454545454,0.6,0.4,2.0
1136595,Mohammed Siraj,Chennai Super Kings,0,1.032258064516129,1.0,0.2727272727272727,3.0
1136595,RA Jadeja,Royal Challengers Bangalore,3,0.8009478672985783,1.2,1.037037037037037,1.0
1136595,SN Thakur,Royal Challengers Bangalore,0,1.0869565217391304,1.0,1.4444444444444444,1.0
1136595,TG Southee,Chennai Super Kings,0,1.0555555555555556,0.8,0.0,5.0
1136595,UT Yadav,Chennai Super Kings,2,1.1088435374149659,1.2,1.0555555555555556,1.0
1136595,YS Chahal,Chennai Super Kings,0,1.3396226415094339,0.8,1.1176470588235294,1.0
1136596,A Mishra,Sunrisers Hyderabad,2,1.1296296296296295,1.4,0.9285714285714286,0.0
1136596,Avesh Khan,Sunrisers Hyderabad,0,1.3064516129032258,0.8,2.2857142857142856,0.0
1136596,B Kumar,Delhi Daredevils,0,1.1079545454545454,1.4,0.4166666666666667,1.0
1136596,DT Christian,Sunrisers Hyderabad,0,0.8163265306122449,1.2,0.6,0.0
1136596,GJ Maxwell,Sunrisers Hyderabad,0,0.5189873417721519,0.8,0.5555555555555556,0.0
1136596,LE Plunkett,Sunrisers Hyderabad,1,0.5714285714285714,0.8,0.5,0.0
1136596,Rashid Khan,Delhi Daredevils,3,1.2975206611570247,2.0,1.0,1.0
1136596,S Kaul,Delhi Daredevils,1,1.1454545454545455,1.6,0.75,1.0
1136596,Sandeep Sharma,Delhi Daredevils,1,1.2142857142857142,1.4,1.6,1.0
1136596,Shakib Al Hasan,Delhi Daredevils,0,1.0142857142857142,0.6,1.0,2.0
1136596,TA Boult,Sunrisers Hyderabad,0,1.2427184466019416,1.6,1.4166666666666667,0.0
1136597,AD Russell,Mumbai Indians,2,1.1160714285714286,1.2,1.0555555555555556,0.0
1136597,BCJ Cutting,Kolkata Knight Riders,0,0.7058823529411765,0.4,0.75,1.0
1136597,HH Pandya,Kolkata Knight Riders,2,0.7526881720430108,1.8,1.25,3.0
1136597,JJ Bumrah,Kolkata Knight Riders,1,1.368421052631579,0.8,1.5,1.0
1136597,KH Pandya,Kolkata Knight Riders,1,0.6837606837606838,0.8,0.6,3.0
1136597,Kuldeep Yadav,Mumbai Indians,0,1.0975609756097562,0.4,0.7,0.0
1136597,M Markande,Kolkata Knight Riders,1,1.0,1.0,1.4,1.0
1136597,M Prasidh Krishna,Mumbai Indians,0,1.0588235294117647,0.0,1.0,1.0
1136597,MJ McClenaghan,Kolkata Knight Riders,1,1.3392857142857142,1.8,1.0,1.0
1136597,N Rana,Mumbai Indians,0,0.4166666666666667,0.8,0.0,0.0
1136597,PP Chawla,Mumbai Indians,0,1.0523560209424083,0.6,1.3333333333333333,3.0
1136597,SP Narine,Mumbai Indians,2,1.1428571428571428,1.0,1.2173913043478262,1.0
1136598,AJ Tye,Rajasthan Royals,3,1.6,1.6,4.0,5.0
1136598,AR Patel,Rajasthan Royals,1,0.8851351351351351,0.8,1.0,0.0
1136598,AS Rajpoot,Rajasthan Royals,1,0.8275862068965517,1.6,1.5,0.0
1136598,Anureet Singh,Kings XI Punjab,1,0.9545454545454546,0.4,1.0,1.0
1136598,BA Stokes,Kings XI Punjab,1,0.8157894736842105,0.2,1.1666666666666667,1.0
1136598,JC Archer,Kings XI Punjab,1,1.225,2.0,1.1666666666666667,1.0
1136598,JD Unadkat,Kings XI Punjab,0,1.0480769230769231,1.2,0.5454545454545454,1.0
1136598,K Gowtham,Kings XI Punjab,1,0.6285714285714286,0.6,1.3333333333333333,2.0
1136598,MP Stoinis,Rajasthan Royals,0,0.7258064516129032,0.4,0.75,1.0
1136598,Mujeeb Ur Rahman,Rajasthan Royals,3,1.0526315789473684,2.0,1.75,2.0
1136598,R Ashwin,Rajasthan Royals,1,0.9519230769230769,0.6,1.1764705882352942,0.0
1136598,S Gopal,Kings XI Punjab,0,1.0392156862745099,1.0,0.3333333333333333,0.0
1136599,B Kumar,Royal Challengers Bangalore,1,1.1079545454545454,1.2,1.0476190476190477,1.0
1136599,C de Grandhomme,Sunrisers Hyderabad,0,0.3684210526315789,0.4,0.0,0.0
1136599,MM Ali,Sunrisers Hyderabad,0,0.7692307692307693,0.0,0.3333333333333333,1.0
1136599,Mohammed Siraj,Sunrisers Hyderabad,3,1.032258064516129,1.6,0.9090909090909091,1.0
1136599,Rashid Khan,Royal Challengers Bangalore,1,1.2975206611570247,2.0,1.3076923076923077,1.0
1136599,S Kaul,Royal Challengers Bangalore,1,1.1454545454545455,1.6,1.0,0.0
1136599,Sandeep Sharma,Royal Challengers Bangalore,1,1.2142857142857142,1.2,1.6666666666666667,1.0
1136599,Shakib Al Hasan,Royal Challengers Bangalore,2,1.0142857142857142,1.0,0.6666666666666666,2.0
1136599,TG Southee,Sunrisers Hyderabad,5,1.0555555555555556,1.8,1.8571428571428572,0.0
1136599,UT Yadav,Sunrisers Hyderabad,1,1.1088435374149659,1.2,0.8421052631578947,0.0
1136599,YS Chahal,Sunrisers Hyderabad,1,1.3396226415094339,0.6,1.3333333333333333,2.0
1136600,AJ Tye,Rajasthan Royals,5,1.6,2.2,4.0,4.0
1136600,AR Patel,Rajasthan Royals,0,0.8851351351351351,0.6,1.0,0.0
1136600,Anureet Singh,Kings XI Punjab,1,0.9545454545454546,0.6,1.0,0.0
1136600,BA Stokes,Kings XI Punjab,1,0.8157894736842105,0.4,1.1666666666666667,1.0
1136600,IS Sodhi,Kings XI Punjab,1,1.125,1.0,1.0,1.0
1136600,JC Archer,Kings XI Punjab,1,1.225,1.8,1.1666666666666667,2.0
1136600,JD Unadkat,Kings XI Punjab,1,1.0480769230769231,1.4,0.5454545454545454,0.0
1136600,K Gowtham,Kings XI Punjab,2,0.6285714285714286,1.0,1.3333333333333333,0.0
1136600,MK Lomror,Kings XI Punjab,0,0.18181818181818182,0.0,0.0,0.0
1136600,MM Sharma,Rajasthan Royals,0,1.3243243243243243,1.0,1.0,1.0
1136600,MP Stoinis,Rajasthan Royals,1,0.7258064516129032,0.4,0.75,0.0
1136600,Mujeeb Ur Rahman,Rajasthan Royals,2,1.0526315789473684,2.0,1.75,0.0
1136600,R Ashwin,Rajasthan Royals,0,0.9519230769230769,0.4,1.1764705882352942,0.0
1136601,AD Russell,Mumbai Indians,0,1.1160714285714286,1.2,1.0555555555555556,3.0
1136601,BCJ Cutting,Kolkata Knight Riders,1,0.7058823529411765,0.4,0.75,0.0
1136601,HH Pandya,Kolkata Knight Riders,3,0.7526881720430108,2.0,1.25,2.0
1136601,JJ Bumrah,Kolkata Knight Riders,1,1.368421052631579,0.8,1.5,1.0
1136601,KH Pandya,Kolkata Knight Riders,3,0.6837606837606838,1.4,0.6,0.0
1136601,Kuldeep Yadav,Mumbai Indians,0,1.0975609756097562,0.4,0.7,1.0
1136601,M Markande,Kolkata Knight Riders,1,1.0,0.8,1.4,0.0
1136601,M Prasidh Krishna,Mumbai Indians,1,1.0588235294117647,0.5,1.0,2.0
1136601,MJ McClenaghan,Kolkata Knight Riders,1,1.3392857142857142,1.4,1.0,0.0
1136601,PP Chawla,Mumbai Indians,3,1.0523560209424083,1.2,1.3333333333333333,0.0
1136601,SP Narine,Mumbai Indians,1,1.1428571428571428,1.0,1.2173913043478262,1.0
1136601,TK Curran,Mumbai Indians,1,1.0,1.2,0.5,1.0
1136602,A Mishra,Sunrisers Hyderabad,0,1.1296296296296295,1.4,0.9285714285714286,1.0
1136602,B Kumar,Delhi Daredevils,1,1.1079545454545454,0.8,0.4166666666666667,0.0
1136602,GJ Maxwell,Sunrisers Hyderabad,0,0.5189873417721519,0.8,0.5555555555555556,0.0
1136602,HV Patel,Sunrisers Hyderabad,1,1.4660194174757282,1.4,1.1538461538461537,1.0
1136602,LE Plunkett,Sunrisers Hyderabad,0,0.5714285714285714,0.2,0.5,0.0
1136602,Rashid Khan,Delhi Daredevils,1,1.2975206611570247,1.8,1.0,0.0
1136602,S Kaul,Delhi Daredevils,0,1.1454545454545455,1.0,0.75,0.0
1136602,S Nadeem,Sunrisers Hyderabad,0,0.7714285714285715,0.4,0.75,1.0
1136602,Sandeep Sharma,Delhi Daredevils,1,1.2142857142857142,1.2,1.6,1.0
1136602,Shakib Al Hasan,Delhi Daredevils,2,1.0142857142857142,1.2,1.0,1.0
1136602,TA Boult,Sunrisers Hyderabad,0,1.2427184466019416,1.2,1.4166666666666667,2.0
1136602,V Shankar,Sunrisers Hyderabad,0,0.5454545454545454,0.2,0.0,0.0
1136603,BA Stokes,Chennai Super Kings,1,0.8157894736842105,0.6,0.8,2.0
1136603,DJ Bravo,Rajasthan Royals,2,1.3101265822784811,0.8,1.3076923076923077,1.0
1136603,DJ Willey,Rajasthan Royals,1,0.6363636363636364,1.0,1.3333333333333333,0.0
1136603,Harbhajan Singh,Rajasthan Royals,1,1.00625,1.0,1.0,0.0
1136603,IS Sodhi,Chennai Super Kings,1,1.125,1.0,1.0,1.0
1136603,JC Archer,Chennai Super Kings,2,1.225,1.6,1.1666666666666667,2.0
1136603,JD Unadkat,Chennai Super Kings,0,1.0480769230769231,1.0,0.7692307692307693,1.0
1136603,K Gowtham,Chennai Super Kings,0,0.6285714285714286,1.0,0.0,0.0
1136603,KV Sharma,Rajasthan Royals,0,1.0,0.6,1.0909090909090908,1.0
1136603,RA Jadeja,Rajasthan Royals,1,0.8009478672985783,1.4,1.0476190476190477,0.0
1136603,SN Thakur,Rajasthan Royals,1,1.0869565217391304,0.8,0.9090909090909091,2.0
1136603,SR Watson,Rajasthan Royals,0,1.019047619047619,0.0,0.5,0.0
1136604,AD Russell,Kings XI Punjab,3,1.1160714285714286,1.6,1.7777777777777777,2.0
1136604,AJ Tye,Kolkata Knight Riders,4,1.6,2.6,2.0,0.0
1136604,AR Patel,Kolkata Knight Riders,0,0.8851351351351351,0.4,0.7619047619047619,0.0
1136604,BB Sran,Kolkata Knight Riders,1,0.8333333333333334,1.0,0.7142857142857143,0.0
1136604,JPR Scantlebury-Searles,Kings XI Punjab,1,0.6666666666666666,1.0,1.0,1.0
1136604,Kuldeep Yadav,Kings XI Punjab,1,1.0975609756097562,0.6,0.75,4.0
1136604,M Prasidh Krishna,Kings XI Punjab,2,1.0588235294117647,1.0,1.25,2.0
1136604,MM Sharma,Kolkata Knight Riders,1,1.3243243243243243,0.8,0.9166666666666666,0.0
1136604,Mujeeb Ur Rahman,Kolkata Knight Riders,0,1.0526315789473684,1.6,0.6666666666666666,2.0
1136604,PP Chawla,Kings XI Punjab,0,1.0523560209424083,1.0,1.0714285714285714,0.0
1136604,R Ashwin,Kolkata Knight Riders,0,0.9519230769230769,0.2,0.9230769230769231,0.0
1136604,SP Narine,Kings XI Punjab,1,1.1428571428571428,1.2,1.631578947368421,1.0
1136605,A Mishra,Royal Challengers Bangalore,1,1.1296296296296295,1.0,1.0555555555555556,2.0
1136605,C de Grandhomme,Delhi Daredevils,0,0.3684210526315789,0.4,0.0,1.0
1136605,HV Patel,Royal Challengers Bangalore,1,1.4660194174757282,1.2,0.6666666666666666,1.0
1136605,MM Ali,Delhi Daredevils,1,0.7692307692307693,0.5,1.0,4.0
1136605,Mohammed Siraj,Delhi Daredevils,1,1.032258064516129,1.8,1.25,1.0
1136605,S Lamichhane,Royal Challengers Bangalore,1,1.5555555555555556,1.0,0.6666666666666666,1.0
1136605,TA Boult,Royal Challengers Bangalore,2,1.2427184466019416,1.2,1.4545454545454546,2.0
1136605,TG Southee,Delhi Daredevils,0,1.0555555555555556,1.4,0.0,0.0
1136605,UT Yadav,Delhi Daredevils,0,1.1088435374149659,1.0,1.1111111111111112,3.0
1136605,YS Chahal,Delhi Daredevils,2,1.3396226415094339,0.6,1.4444444444444444,1.0
1136606,B Kumar,Chennai Super Kings,0,1.1079545454545454,0.6,0.7,0.0
1136606,DJ Bravo,Sunrisers Hyderabad,1,1.3101265822784811,0.8,1.375,0.0
1136606,DJ Willey,Sunrisers Hyderabad,0,0.6363636363636364,0.6666666666666666,0.0,0.0
1136606,DL Chahar,Sunrisers Hyderabad,1,0.9753086419753086,1.2,0.8333333333333334,1.0
1136606,Harbhajan Singh,Sunrisers Hyderabad,0,1.00625,0.8,0.6153846153846154,0.0
1136606,RA Jadeja,Sunrisers Hyderabad,0,0.8009478672985783,1.4,0.43478260869565216,1.0
1136606,Rashid Khan,Chennai Super Kings,0,1.2975206611570247,1.2,1.0588235294117647,3.0
1136606,S Kaul,Chennai Super Kings,0,1.1454545454545455,0.8,0.42857142857142855,2.0
1136606,SN Thakur,Sunrisers Hyderabad,2,1.0869565217391304,1.0,0.9333333333333333,1.0
1136606,Sandeep Sharma,Chennai Super Kings,1,1.2142857142857142,1.0,0.75,1.0
1136606,Shakib Al Hasan,Chennai Super Kings,1,1.0142857142857142,1.0,0.4444444444444444,0.0
1136607,BA Stokes,Mumbai Indians,2,0.8157894736842105,1.0,1.25,3.0
1136607,DS Kulkarni,Mumbai Indians,1,0.9891304347826086,0.8,1.3,1.0
1136607,HH Pandya,Rajasthan Royals,2,0.7526881720430108,2.2,1.2,0.0
1136607,JC Archer,Mumbai Indians,2,1.225,1.4,2.0,0.0
1136607,JD Unadkat,Mumbai Indians,1,1.0480769230769231,1.0,1.2666666666666666,0.0
1136607,JJ Bumrah,Rajasthan Royals,1,1.368421052631579,1.0,1.2857142857142858,3.0
1136607,K Gowtham,Mumbai Indians,0,0.6285714285714286,0.6,0.2,0.0
1136607,KH Pandya,Rajasthan Royals,0,0.6837606837606838,1.0,0.4,0.0
1136607,M Markande,Rajasthan Royals,0,1.0,0.8,0.0,0.0
1136607,MJ McClenaghan,Rajasthan Royals,0,1.3392857142857142,1.0,1.3333333333333333,2.0
1136607,S Gopal,Mumbai Indians,0,1.0392156862745099,0.8,0.8571428571428571,4.0
1136608,AJ Tye,Royal Challengers Bangalore,0,1.6,2.6,1.0,4.0
1136608,AS Rajpoot,Royal Challengers Bangalore,0,0.8275862068965517,1.6,0.0,1.0
1136608,C de Grandhomme,Kings XI Punjab,1,0.3684210526315789,0.6,0.6666666666666666,0.0
1136608,MM Ali,Kings XI Punjab,4,0.7692307692307693,1.6666666666666667,2.0,1.0
1136608,MM Sharma,Royal Challengers Bangalore,0,1.3243243243243243,0.8,0.5,0.0
1136608,MP Stoinis,Royal Challengers Bangalore,0,0.7258064516129032,0.4,0.0,1.0
1136608,Mohammed Siraj,Kings XI Punjab,1,1.032258064516129,1.4,0.6666666666666666,1.0
1136608,R Ashwin,Royal Challengers Bangalore,0,0.9519230769230769,0.2,0.8461538461538461,2.0
1136608,TG Southee,Kings XI Punjab,0,1.0555555555555556,1.4,1.1666666666666667,0.0
1136608,UT Yadav,Kings XI Punjab,3,1.1088435374149659,1.6,1.631578947368421,0.0
1136608,YS Chahal,Kings XI Punjab,1,1.3396226415094339,0.8,1.6428571428571428,1.0
1136609,AD Russell,Rajasthan Royals,2,1.1160714285714286,1.4,1.0,1.0
1136609,BA Stokes,Kolkata Knight Riders,3,0.8157894736842105,1.6,0.8,2.0
1136609,IS Sodhi,Kolkata Knight Riders,1,1.125,1.0,0.5,1.0
1136609,JC Archer,Kolkata Knight Riders,0,1.225,1.2,1.0,0.0
1136609,JD Unadkat,Kolkata Knight Riders,0,1.0480769230769231,0.4,0.5384615384615384,2.0
1136609,K Gowtham,Kolkata Knight Riders,0,0.6285714285714286,0.6,1.0,1.0
1136609,Kuldeep Yadav,Rajasthan Royals,4,1.0975609756097562,1.2,1.1,1.0
1136609,M Prasidh Krishna,Rajasthan Royals,2,1.0588235294117647,1.25,1.2,5.0
1136609,SP Narine,Rajasthan Royals,1,1.1428571428571428,1.4,0.7894736842105263,1.0
1136609,Shivam Mavi,Rajasthan Royals,1,1.03125,0.6,1.75,1.0
1136610,AJ Tye,Mumbai Indians,4,1.6,3.2,1.6,0.0
1136610,AR Patel,Mumbai Indians,0,0.8851351351351351,0.2,0.7142857142857143,0.0
1136610,AS Rajpoot,Mumbai Indians,1,0.8275862068965517,1.4,0.7777777777777778,2.0
1136610,BCJ Cutting,Kings XI Punjab,0,0.7058823529411765,0.4,0.3333333333333333,0.0
1136610,HH Pandya,Kings XI Punjab,0,0.7526881720430108,1.6,0.5,0.0
1136610,JJ Bumrah,Kings XI Punjab,3,1.368421052631579,1.4,1.6666666666666667,1.0
1136610,KH Pandya,Kings XI Punjab,0,0.6837606837606838,1.0,0.5555555555555556,1.0
1136610,M Markande,Kings XI Punjab,0,1.0,0.6,0.3333333333333333,1.0
1136610,MJ McClenaghan,Kings XI Punjab,2,1.3392857142857142,1.0,1.25,3.0
1136610,MM Sharma,Mumbai Indians,0,1.3243243243243243,0.6,1.75,1.0
1136610,MP Stoinis,Mumbai Indians,1,0.7258064516129032,0.6,1.1818181818181819,0.0
1136610,R Ashwin,Mumbai Indians,2,0.9519230769230769,0.6,0.7941176470588235,2.0
1136611,Basil Thampi,Royal Challengers Bangalore,0,1.04,1.4,0.4,0.0
1136611,C de Grandhomme,Sunrisers Hyderabad,0,0.3684210526315789,0.4,0.0,0.0
1136611,MM Ali,Sunrisers Hyderabad,1,0.7692307692307693,1.5,0.3333333333333333,0.0
1136611,Mohammed Siraj,Sunrisers Hyderabad,1,1.032258064516129,1.2,0.9090909090909091,1.0
1136611,Rashid Khan,Royal Challengers Bangalore,3,1.2975206611570247,1.6,1.3076923076923077,0.0
1136611,S Kaul,Royal Challengers Bangalore,2,1.1454545454545455,0.8,1.0,2.0
1136611,Sandeep Sharma,Royal Challengers Bangalore,1,1.2142857142857142,1.0,1.6666666666666667,0.0
1136611,Shakib Al Hasan,Royal Challengers Bangalore,0,1.0142857142857142,1.0,0.6666666666666666,1.0
1136611,TG Southee,Sunrisers Hyderabad,0,1.0555555555555556,1.0,1.8571428571428572,1.0
1136611,UT Yadav,Sunrisers Hyderabad,0,1.1088435374149659,1.2,0.8421052631578947,3.0
1136611,YS Chahal,Sunrisers Hyderabad,1,1.3396226415094339,1.0,1.3333333333333333,0.0
1136612,A Mishra,Chennai Super Kings,2,1.1296296296296295,1.2,0.875,3.0
1136612,Avesh Khan,Chennai Super Kings,0,1.3064516129032258,0.4,1.0,0.0
1136612,DJ Bravo,Delhi Daredevils,0,1.3101265822784811,0.8,0.8571428571428571,2.0
1136612,DL Chahar,Delhi Daredevils,1,0.9753086419753086,1.0,0.6666666666666666,1.0
1136612,GJ Maxwell,Chennai Super Kings,0,0.5189873417721519,0.4,0.75,0.0
1136612,HV Patel,Chennai Super Kings,1,1.4660194174757282,1.4,1.7,3.0
1136612,Harbhajan Singh,Delhi Daredevils,0,1.00625,0.8,1.1578947368421053,0.0
1136612,L Ngidi,Delhi Daredevils,2,2.0,1.5,1.5,4.0
1136612,RA Jadeja,Delhi Daredevils,1,0.8009478672985783,1.2,0.7058823529411765,1.0
1136612,S Lamichhane,Chennai Super Kings,1,1.5555555555555556,1.0,1.0,3.0
1136612,SN Thakur,Delhi Daredevils,1,1.0869565217391304,0.8,0.6666666666666666,2.0
1136612,TA Boult,Chennai Super Kings,2,1.2427184466019416,1.4,1.25,1.0
1136613,B Laughlin,Royal Challengers Bangalore,2,1.1111111111111112,1.4,1.5,2.0
1136613,C de Grandhomme,Rajasthan Royals,0,0.3684210526315789,0.2,0.0,0.0
1136613,IS Sodhi,Royal Challengers Bangalore,1,1.125,1.0,1.0,0.0
1136613,JC Archer,Royal Challengers Bangalore,0,1.225,1.0,0.4,2.0
1136613,JD Unadkat,Royal Challengers Bangalore,2,1.0480769230769231,0.8,0.8181818181818182,0.0
1136613,K Gowtham,Royal Challengers Bangalore,1,0.6285714285714286,0.6,0.75,2.0
1136613,MM Ali,Rajasthan Royals,0,0.7692307692307693,1.2,0.7142857142857143,1.0
1136613,Mohammed Siraj,Rajasthan Royals,1,1.032258064516129,1.4,1.0909090909090908,1.0
1136613,S Gopal,Royal Challengers Bangalore,4,1.0392156862745099,1.0,2.0,1.0
1136613,TG Southee,Rajasthan Royals,1,1.0555555555555556,1.2,1.5,0.0
1136613,UT Yadav,Rajasthan Royals,3,1.1088435374149659,1.4,0.9285714285714286,0.0
1136613,YS Chahal,Rajasthan Royals,0,1.3396226415094339,1.0,1.5,1.0
1136614,AD Russell,Sunrisers Hyderabad,1,1.1160714285714286,1.6,1.3888888888888888,0.0
1136614,B Kumar,Kolkata Knight Riders,0,1.1079545454545454,0.4,1.1,1.0
1136614,CR Brathwaite,Kolkata Knight Riders,2,1.0,1.4,1.75,1.0
1136614,JPR Scantlebury-Searles,Sunrisers Hyderabad,1,0.6666666666666666,1.0,1.0,0.0
1136614,Kuldeep Yadav,Sunrisers Hyderabad,1,1.0975609756097562,1.2,1.2857142857142858,1.0
1136614,M Prasidh Krishna,Sunrisers Hyderabad,5,1.0588235294117647,2.0,2.0,1.0
1136614,N Rana,Sunrisers Hyderabad,0,0.4166666666666667,0.8,0.0,0.0
1136614,PP Chawla,Sunrisers Hyderabad,0,1.0523560209424083,1.0,0.9473684210526315,2.0
1136614,Rashid Khan,Kolkata Knight Riders,0,1.2975206611570247,1.0,1.1333333333333333,2.0
1136614,S Kaul,Kolkata Knight Riders,2,1.1454545454545455,1.0,1.125,2.0
1136614,SP Narine,Sunrisers Hyderabad,1,1.1428571428571428,1.2,0.64,0.0
1136614,Sandeep Sharma,Kolkata Knight Riders,0,1.2142857142857142,0.8,0.8571428571428571,2.0
1136614,Shakib Al Hasan,Kolkata Knight Riders,1,1.0142857142857142,1.2,1.5,0.0
1136615,A Mishra,Mumbai Indians,3,1.1296296296296295,1.6,1.1363636363636365,2.0
1136615,BCJ Cutting,Delhi Daredevils,0,0.7058823529411765,0.4,1.0,1.0
1136615,GJ Maxwell,Mumbai Indians,0,0.5189873417721519,0.2,0.3333333333333333,1.0
1136615,HH Pandya,Delhi Daredevils,0,0.7526881720430108,1.4,0.42857142857142855,1.0
1136615,HV Patel,Mumbai Indians,3,1.4660194174757282,1.4,1.8571428571428572,2.0
1136615,JJ Bumrah,Delhi Daredevils,1,1.368421052631579,1.4,0.8888888888888888,1.0
1136615,KH Pandya,Delhi Daredevils,1,0.6837606837606838,1.0,1.2,0.0
1136615,M Markande,Delhi Daredevils,1,1.0,0.6,0.5,1.0
1136615,Mustafizur Rahman,Delhi Daredevils,1,1.2280701754385965,1.0,0.75,0.0
1136615,S Lamichhane,Mumbai Indians,3,1.5555555555555556,1.6666666666666667,3.0,2.0
1136615,TA Boult,Mumbai Indians,1,1.2427184466019416,1.0,1.2727272727272727,1.0
1136616,AJ Tye,Chennai Super Kings,0,1.6,2.6,1.0,1.0
1136616,AR Patel,Chennai Super Kings,0,0.8851351351351351,0.2,0.7647058823529411,1.0
1136616,AS Rajpoot,Chennai Super Kings,2,0.8275862068965517,0.8,1.0,2.0
1136616,DJ Bravo,Kings XI Punjab,2,1.3101265822784811,1.2,1.625,2.0
1136616,DL Chahar,Kings XI Punjab,1,0.9753086419753086,0.6,0.2857142857142857,1.0
1136616,Harbhajan Singh,Kings XI Punjab,0,1.00625,0.6,1.0909090909090908,4.0
1136616,L Ngidi,Kings XI Punjab,4,2.0,2.0,3.5,1.0
1136616,MM Sharma,Chennai Super Kings,1,1.3243243243243243,0.4,2.0,1.0
1136616,R Ashwin,Chennai Super Kings,2,0.9519230769230769,0.8,1.25,2.0
1136616,RA Jadeja,Kings XI Punjab,1,0.8009478672985783,1.2,0.7777777777777778,1.0
1136616,SN Thakur,Kings XI Punjab,2,1.0869565217391304,1.2,2.0,2.0
1136617,B Kumar,Chennai Super Kings,1,1.1079545454545454,0.6,0.7,0.0
1136617,CR Brathwaite,Chennai Super Kings,1,1.0,1.0,1.0,2.0
1136617,DJ Bravo,Sunrisers Hyderabad,2,1.3101265822784811,1.4,1.375,1.0
1136617,DL Chahar,Sunrisers Hyderabad,1,0.9753086419753086,0.8,0.8333333333333334,0.0
1136617,L Ngidi,Sunrisers Hyderabad,1,2.0,2.0,1.6666666666666667,2.0
1136617,RA Jadeja,Sunrisers Hyderabad,1,0.8009478672985783,0.8,0.43478260869565216,1.0
1136617,Rashid Khan,Chennai Super Kings,2,1.2975206611570247,1.2,1.0588235294117647,3.0
1136617,S Kaul,Chennai Super Kings,2,1.1454545454545455,1.2,0.42857142857142855,2.0
1136617,SN Thakur,Sunrisers Hyderabad,2,1.0869565217391304,1.6,0.9333333333333333,1.0
1136617,Sandeep Sharma,Chennai Super Kings,2,1.2142857142857142,1.0,0.75,1.0
1136617,Shakib Al Hasan,Chennai Super Kings,0,1.0142857142857142,0.8,0.4444444444444444,2.0
1136618,AD Russell,Rajasthan Royals,0,1.1160714285714286,1.2,1.0,0.0
1136618,IS Sodhi,Kolkata Knight Riders,0,1.125,0.8,0.5,1.0
1136618,JC Archer,Kolkata Knight Riders,2,1.225,1.2,1.0,0.0
1136618,JD Unadkat,Kolkata Knight Riders,0,1.0480769230769231,0.6,0.5384615384615384,0.0
1136618,K Gowtham,Kolkata Knight Riders,2,0.6285714285714286,0.6,1.0,1.0
1136618,Kuldeep Yadav,Rajasthan Royals,1,1.0975609756097562,1.4,1.1,3.0
1136618,M Prasidh Krishna,Rajasthan Royals,1,1.0588235294117647,2.2,1.2,1.0
1136618,PP Chawla,Rajasthan Royals,2,1.0523560209424083,1.0,1.0909090909090908,1.0
1136618,S Gopal,Kolkata Knight Riders,1,1.0392156862745099,1.2,1.0,0.0
1136618,SP Narine,Rajasthan Royals,0,1.1428571428571428,0.8,0.7894736842105263,1.0
1136619,AD Russell,Sunrisers Hyderabad,0,1.1160714285714286,1.2,1.3888888888888888,2.0
1136619,B Kumar,Kolkata Knight Riders,0,1.1079545454545454,0.4,1.1,0.0
1136619,CR Brathwaite,Kolkata Knight Riders,2,1.0,1.2,1.75,1.0
1136619,KK Ahmed,Kolkata Knight Riders,0,1.368421052631579,0.0,1.3333333333333333,3.0
1136619,Kuldeep Yadav,Sunrisers Hyderabad,3,1.0975609756097562,2.0,1.2857142857142858,0.0
1136619,M Prasidh Krishna,Sunrisers Hyderabad,1,1.0588235294117647,2.2,2.0,0.0
1136619,PP Chawla,Sunrisers Hyderabad,1,1.0523560209424083,1.2,0.9473684210526315,1.0
1136619,Rashid Khan,Kolkata Knight Riders,3,1.2975206611570247,1.6,1.1333333333333333,0.0
1136619,S Kaul,Kolkata Knight Riders,2,1.1454545454545455,1.6,1.125,0.0
1136619,SP Narine,Sunrisers Hyderabad,1,1.1428571428571428,0.8,0.64,0.0
1136619,Shakib Al Hasan,Kolkata Knight Riders,2,1.0142857142857142,0.8,1.5,0.0
1136619,Shivam Mavi,Sunrisers Hyderabad,1,1.03125,0.8,0.8,1.0
1136620,B Kumar,Chennai Super Kings,0,1.1079545454545454,0.2,0.7,0.0
1136620,CR Brathwaite,Chennai Super Kings,1,1.0,1.4,1.0,0.0
1136620,DJ Bravo,Sunrisers Hyderabad,1,1.3101265822784811,1.2,1.375,1.0
1136620,DL Chahar,Sunrisers Hyderabad,0,0.9753086419753086,0.8,0.8333333333333334,0.0
1136620,KV Sharma,Sunrisers Hyderabad,1,1.0,0.8,1.0,1.0
1136620,L Ngidi,Sunrisers Hyderabad,2,2.0,2.2,1.6666666666666667,3.0
1136620,RA Jadeja,Sunrisers Hyderabad,1,0.8009478672985783,0.8,0.43478260869565216,2.0
1136620,Rashid Khan,Chennai Super Kings,0,1.2975206611570247,1.6,1.0588235294117647,1.0
1136620,S Kaul,Chennai Super Kings,0,1.1454545454545455,1.6,0.42857142857142855,1.0
1136620,SN Thakur,Sunrisers Hyderabad,1,1.0869565217391304,1.6,0.9333333333333333,0.0
1136620,Sandeep Sharma,Chennai Super Kings,1,1.2142857142857142,1.0,0.75,1.0
1136620,Shakib Al Hasan,Chennai Super Kings,0,1.0142857142857142,0.6,0.4444444444444444,1.0
1175356,DJ Bravo,Royal Challengers Bangalore,1,1.3101265822784811,1.2,1.0434782608695652,3.0
1175356,DL Chahar,Royal Challengers Bangalore,0,0.9753086419753086,0.6,0.75,1.0
1175356,Harbhajan Singh,Royal Challengers Bangalore,4,1.00625,1.0,1.0869565217391304,0.0
1175356,Imran Tahir,Royal Challengers Bangalore,3,1.4576271186440677,1.6,1.5555555555555556,1.0
1175356,MM Ali,Chennai Super Kings,1,0.7692307692307693,1.4,0.5,0.0
1175356,Mohammed Siraj,Chennai Super Kings,1,1.032258064516129,1.0,0.2727272727272727,2.0
1175356,Navdeep Saini,Chennai Super Kings,0,0.8387096774193549,0.0,0.5,0.0
1175356,RA Jadeja,Royal Challengers Bangalore,2,0.8009478672985783,1.2,1.037037037037037,1.0
1175356,S Dube,Chennai Super Kings,0,0.42857142857142855,0.0,0.0,0.0
1175356,UT Yadav,Chennai Super Kings,0,1.1088435374149659,1.2,1.0555555555555556,2.0
1175356,YS Chahal,Chennai Super Kings,1,1.3396226415094339,1.0,1.1176470588235294,4.0
1175357,AD Russell,Sunrisers Hyderabad,2,1.1160714285714286,1.0,1.3888888888888888,2.0
1175357,B Kumar,Kolkata Knight Riders,0,1.1079545454545454,0.2,1.1,0.0
1175357,Kuldeep Yadav,Sunrisers Hyderabad,0,1.0975609756097562,1.8,1.2857142857142858,0.0
1175357,LH Ferguson,Sunrisers Hyderabad,0,1.2666666666666666,1.0,1.0,1.0
1175357,M Prasidh Krishna,Sunrisers Hyderabad,0,1.0588235294117647,1.8,2.0,0.0
1175357,N Rana,Sunrisers Hyderabad,0,0.4166666666666667,0.4,0.0,0.0
1175357,PP Chawla,Sunrisers Hyderabad,1,1.0523560209424083,0.8,0.9473684210526315,1.0
1175357,Rashid Khan,Kolkata Knight Riders,1,1.2975206611570247,1.2,1.1333333333333333,1.0
1175357,S Kaul,Kolkata Knight Riders,1,1.1454545454545455,1.4,1.125,0.0
1175357,SP Narine,Sunrisers Hyderabad,0,1.1428571428571428,0.6,0.64,0.0
1175357,Sandeep Sharma,Kolkata Knight Riders,1,1.2142857142857142,1.0,0.8571428571428571,0.0
1175357,Shakib Al Hasan,Kolkata Knight Riders,1,1.0142857142857142,0.8,1.5,0.0
1175358,AR Patel,Mumbai Indians,1,0.8851351351351351,0.2,0.7142857142857143,0.0
1175358,HH Pandya,Delhi Capitals,1,0.7526881720430108,1.2,0.6666666666666666,0.0
1175358,I Sharma,Mumbai Indians,3,0.8727272727272727,0.6,1.1333333333333333,1.0
1175358,JJ Bumrah,Delhi Capitals,1,1.368421052631579,1.4,1.6666666666666667,4.0
1175358,K Rabada,Mumbai Indians,2,1.575,1.2,1.1666666666666667,1.0
1175358,KH Pandya,Delhi Capitals,0,0.6837606837606838,0.8,0.4166666666666667,0.0
1175358,KMA Paul,Mumbai Indians,1,1.25,1.0,0.5,0.0
1175358,MJ McClenaghan,Delhi Capitals,3,1.3392857142857142,1.4,3.0,0.0
1175358,R Tewatia,Mumbai Indians,1,0.6923076923076923,0.2,0.5714285714285714,0.0
1175358,Rasikh Salam,Delhi Capitals,0,0.8181818181818182,0.0,0.0,0.0
1175358,TA Boult,Mumbai Indians,1,1.2427184466019416,1.2,1.2727272727272727,0.0
1175359,AS Rajpoot,Rajasthan Royals,2,0.8275862068965517,1.2,1.5,0.0
1175359,BA Stokes,Kings XI Punjab,2,0.8157894736842105,1.8,1.1666666666666667,1.0
1175359,DS Kulkarni,Kings XI Punjab,1,0.9891304347826086,1.0,1.0909090909090908,0.0
1175359,JC Archer,Kings XI Punjab,0,1.225,0.8,1.1666666666666667,0.0
1175359,JD Unadkat,Kings XI Punjab,0,1.0480769230769231,0.6,0.5454545454545454,1.0
1175359,K Gowtham,Kings XI Punjab,1,0.6285714285714286,0.8,1.3333333333333333,0.0
1175359,Mohammed Shami,Rajasthan Royals,1,1.309090909090909,0.8,1.5,1.0
1175359,Mujeeb Ur Rahman,Rajasthan Royals,2,1.0526315789473684,1.8,1.75,0.0
1175359,R Ashwin,Rajasthan Royals,2,0.9519230769230769,1.2,1.1764705882352942,0.0
1175359,S Gopal,Kings XI Punjab,0,1.0392156862745099,1.0,0.3333333333333333,3.0
1175359,SM Curran,Rajasthan Royals,2,1.0689655172413792,2.0,1.4444444444444444,4.0
1175360,A Mishra,Chennai Super Kings,2,1.1296296296296295,1.6,0.875,1.0
1175360,AR Patel,Chennai Super Kings,0,0.8851351351351351,0.2,0.7647058823529411,1.0
1175360,DJ Bravo,Delhi Capitals,3,1.3101265822784811,1.8,1.5,2.0
1175360,DL Chahar,Delhi Capitals,1,0.9753086419753086,0.6,1.0909090909090908,2.0
1175360,Harbhajan Singh,Delhi Capitals,0,1.00625,0.8,1.0,2.0
1175360,I Sharma,Chennai Super Kings,1,0.8727272727272727,0.8,0.5,1.0
1175360,Imran Tahir,Delhi Capitals,1,1.4576271186440677,1.4,2.0,2.0
1175360,K Rabada,Chennai Super Kings,1,1.575,1.4,1.0,3.0
1175360,KMA Paul,Chennai Super Kings,0,1.25,0.5,0.0,2.0
1175360,R Tewatia,Chennai Super Kings,0,0.6923076923076923,0.2,1.3333333333333333,1.0
1175360,RA Jadeja,Delhi Capitals,1,0.8009478672985783,1.2,1.0909090909090908,0.0
1175360,SN Thakur,Delhi Capitals,0,1.0869565217391304,1.2,0.8333333333333334,2.0
1175361,AD Russell,Kings XI Punjab,2,1.1160714285714286,1.0,1.7777777777777777,1.0
1175361,AJ Tye,Kolkata Knight Riders,1,1.6,1.8,2.0,1.0
1175361,CV Varun,Kolkata Knight Riders,1,1.2142857142857142,1.0,1.0,0.0
1175361,GC Viljoen,Kolkata Knight Riders,1,1.3333333333333333,1.0,1.0,2.0
1175361,Kuldeep Yadav,Kings XI Punjab,0,1.0975609756097562,1.0,0.75,3.0
1175361,LH Ferguson,Kings XI Punjab,1,1.2666666666666666,1.2,1.0,1.0
1175361,M Prasidh Krishna,Kings XI Punjab,0,1.0588235294117647,1.4,1.25,1.0
1175361,Mandeep Singh,Kolkata Knight Riders,0,0.0,0.0,0.0,0.0
1175361,Mohammed Shami,Kolkata Knight Riders,1,1.309090909090909,1.0,1.2857142857142858,2.0
1175361,PP Chawla,Kings XI Punjab,1,1.0523560209424083,1.0,1.0714285714285714,1.0
1175361,R Ashwin,Kolkata Knight Riders,0,0.9519230769230769,1.2,0.9230769230769231,0.0
1175361,SP Narine,Kings XI Punjab,0,1.1428571428571428,0.4,1.631578947368421,1.0
1175362,C de Grandhomme,Mumbai Indians,0,0.3684210526315789,0.2,0.3333333333333333,0.0
1175362,HH Pandya,Royal Challengers Bangalore,0,0.7526881720430108,0.6,0.5,0.0
1175362,JJ Bumrah,Royal Challengers Bangalore,4,1.368421052631579,2.0,1.6111111111111112,0.0
1175362,KH Pandya,Royal Challengers Bangalore,0,0.6837606837606838,0.2,0.75,2.0
1175362,M Markande,Royal Challengers Bangalore,1,1.0,0.6,1.0,0.0
1175362,MJ McClenaghan,Royal Challengers Bangalore,0,1.3392857142857142,1.2,1.4444444444444444,0.0
1175362,MM Ali,Mumbai Indians,0,0.7692307692307693,1.2,0.8333333333333334,0.0
1175362,Mohammed Siraj,Mumbai Indians,2,1.032258064516129,1.2,0.75,1.0
1175362,Navdeep Saini,Mumbai Indians,0,0.8387096774193549,0.0,0.75,0.0
1175362,SL Malinga,Royal Challengers Bangalore,0,1.540983606557377,0.4,0.9375,0.0
1175362,UT Yadav,Mumbai Indians,2,1.1088435374149659,1.6,1.0555555555555556,0.0
1175362,YS Chahal,Mumbai Indians,4,1.3396226415094339,1.4,1.5,1.0
1175363,B Kumar,Rajasthan Royals,0,1.1079545454545454,0.2,1.0555555555555556,0.0
1175363,BA Stokes,Sunrisers Hyderabad,1,0.8157894736842105,1.8,0.5714285714285714,1.0
1175363,DS Kulkarni,Sunrisers Hyderabad,0,0.9891304347826086,0.6,0.5714285714285714,1.0
1175363,JC Archer,Sunrisers Hyderabad,0,1.225,0.4,1.5,2.0
1175363,JD Unadkat,Sunrisers Hyderabad,1,1.0480769230769231,0.6,1.3333333333333333,1.0
1175363,K Gowtham,Sunrisers Hyderabad,0,0.6285714285714286,0.8,0.5,0.0
1175363,Rashid Khan,Rajasthan Royals,1,1.2975206611570247,1.4,1.2142857142857142,1.0
1175363,S Gopal,Sunrisers Hyderabad,3,1.0392156862745099,1.6,1.0,0.0
1175363,S Kaul,Rajasthan Royals,0,1.1454545454545455,1.0,1.1428571428571428,0.0
1175363,S Nadeem,Rajasthan Royals,1,0.7714285714285715,0.6,0.8,1.0
1175363,Sandeep Sharma,Rajasthan Royals,0,1.2142857142857142,0.8,0.5555555555555556,4.0
1175363,V Shankar,Rajasthan Royals,0,0.5454545454545454,0.2,0.3333333333333333,1.0
1175364,AJ Tye,Mumbai Indians,1,1.6,1.2,1.6,0.0
1175364,GC Viljoen,Mumbai Indians,2,1.3333333333333333,1.5,1.0,1.0
1175364,HH Pandya,Kings XI Punjab,0,0.7526881720430108,0.2,0.5,3.0
1175364,JJ Bumrah,Kings XI Punjab,0,1.368421052631579,1.8,1.6666666666666667,0.0
1175364,KH Pandya,Kings XI Punjab,2,0.6837606837606838,0.6,0.5555555555555556,0.0
1175364,M Ashwin,Mumbai Indians,2,0.7954545454545454,1.0,0.75,0.0
1175364,M Markande,Kings XI Punjab,0,1.0,0.4,0.3333333333333333,0.0
1175364,MJ McClenaghan,Kings XI Punjab,0,1.3392857142857142,1.0,1.25,0.0
1175364,Mohammed Shami,Mumbai Indians,2,1.309090909090909,1.2,1.2857142857142858,3.0
1175364,R Ashwin,Mumbai Indians,0,0.9519230769230769,1.2,0.7941176470588235,2.0
1175364,SL Malinga,Kings XI Punjab,0,1.540983606557377,0.4,1.9285714285714286,3.0
1175365,A Mishra,Kolkata Knight Riders,1,1.1296296296296295,1.8,1.0,0.0
1175365,AD Russell,Delhi Capitals,1,1.1160714285714286,1.0,0.875,0.0
1175365,CH Morris,Kolkata Knight Riders,1,1.3209876543209877,0.8,1.6428571428571428,3.0
1175365,HV Patel,Kolkata Knight Riders,2,1.4660194174757282,1.6,1.3076923076923077,1.0
1175365,K Rabada,Kolkata Knight Riders,3,1.575,2.0,1.4,3.0
1175365,Kuldeep Yadav,Delhi Capitals,3,1.0975609756097562,1.4,1.5,1.0
1175365,LH Ferguson,Delhi Capitals,1,1.2666666666666666,0.8,1.5714285714285714,0.0
1175365,M Prasidh Krishna,Delhi Capitals,1,1.0588235294117647,0.6,0.8333333333333334,0.0
1175365,N Rana,Delhi Capitals,0,0.4166666666666667,0.0,0.75,1.0
1175365,PP Chawla,Delhi Capitals,1,1.0523560209424083,1.2,1.1666666666666667,0.0
1175365,S Lamichhane,Kolkata Knight Riders,2,1.5555555555555556,1.75,2.0,2.0
1175366,B Kumar,Royal Challengers Bangalore,0,1.1079545454545454,0.0,1.0476190476190477,2.0
1175366,C de Grandhomme,Sunrisers Hyderabad,0,0.3684210526315789,0.2,0.0,0.0
1175366,MM Ali,Sunrisers Hyderabad,0,0.7692307692307693,0.4,0.3333333333333333,0.0
1175366,Mohammad Nabi,Royal Challengers Bangalore,4,0.6521739130434783,1.2,2.0,2.0
1175366,Mohammed Siraj,Sunrisers Hyderabad,1,1.032258064516129,1.2,0.9090909090909091,1.0
1175366,Rashid Khan,Royal Challengers Bangalore,1,1.2975206611570247,1.2,1.3076923076923077,1.0
1175366,S Kaul,Royal Challengers Bangalore,0,1.1454545454545455,0.6,1.0,2.0
1175366,Sandeep Sharma,Royal Challengers Bangalore,4,1.2142857142857142,1.6,1.6666666666666667,1.0
1175366,UT Yadav,Sunrisers Hyderabad,0,1.1088435374149659,1.0,0.8421052631578947,0.0
1175366,V Shankar,Royal Challengers Bangalore,1,0.5454545454545454,0.4,0.6666666666666666,0.0
1175366,YS Chahal,Sunrisers Hyderabad,1,1.3396226415094339,1.4,1.3333333333333333,2.0
1175367,BA Stokes,Chennai Super Kings,1,0.8157894736842105,1.8,0.8,0.0
1175367,DJ Bravo,Rajasthan Royals,2,1.3101265822784811,1.8,1.3076923076923077,1.0
1175367,DL Chahar,Rajasthan Royals,2,0.9753086419753086,0.8,1.5,1.0
1175367,DS Kulkarni,Chennai Super Kings,1,0.9891304347826086,0.8,1.25,0.0
1175367,Imran Tahir,Rajasthan Royals,2,1.4576271186440677,1.6,1.8,1.0
1175367,JC Archer,Chennai Super Kings,2,1.225,0.8,1.1666666666666667,1.0
1175367,JD Unadkat,Chennai Super Kings,1,1.0480769230769231,0.8,0.7692307692307693,2.0
1175367,K Gowtham,Chennai Super Kings,0,0.6285714285714286,0.8,0.0,0.0
1175367,MJ Santner,Rajasthan Royals,0,0.8888888888888888,0.0,0.6666666666666666,1.0
1175367,RA Jadeja,Rajasthan Royals,0,0.8009478672985783,1.0,1.0476190476190477,1.0
1175367,S Gopal,Chennai Super Kings,0,1.0392156862745099,1.6,1.0,3.0
1175367,SN Thakur,Rajasthan Royals,2,1.0869565217391304,1.4,0.9090909090909091,0.0
1175368,Avesh Khan,Kings XI Punjab,0,1.3064516129032258,0.0,1.0,0.0
1175368,CH Morris,Kings XI Punjab,3,1.3209876543209877,1.2,1.3636363636363635,0.0
1175368,GC Viljoen,Delhi Capitals,1,1.3333333333333333,1.3333333333333333,2.0,0.0
1175368,HV Patel,Kings XI Punjab,1,1.4660194174757282,1.6,1.4,1.0
1175368,K Rabada,Kings XI Punjab,3,1.575,2.0,2.2,1.0
1175368,M Ashwin,Delhi Capitals,0,0.7954545454545454,1.0,0.6,0.0
1175368,Mohammed Shami,Delhi Capitals,3,1.309090909090909,1.6,2.2222222222222223,0.0
1175368,Mujeeb Ur Rahman,Delhi Capitals,0,1.0526315789473684,1.4,0.0,1.0
1175368,R Ashwin,Delhi Capitals,2,0.9519230769230769,1.2,1.2857142857142858,3.0
1175368,S Lamichhane,Kings XI Punjab,2,1.5555555555555556,1.8,2.5,1.0
1175368,SM Curran,Delhi Capitals,4,1.0689655172413792,3.0,1.0,0.0
1175369,BA Stokes,Royal Challengers Bangalore,0,0.8157894736842105,1.4,1.3333333333333333,0.0
1175369,DS Kulkarni,Royal Challengers Bangalore,0,0.9891304347826086,0.6,1.1538461538461537,0.0
1175369,JC Archer,Royal Challengers Bangalore,1,1.225,1.0,0.4,0.0
1175369,K Gowtham,Royal Challengers Bangalore,0,0.6285714285714286,0.6,0.75,0.0
1175369,MM Ali,Rajasthan Royals,0,0.7692307692307693,0.2,0.7142857142857143,1.0
1175369,MP Stoinis,Rajasthan Royals,0,0.7258064516129032,0.4,0.75,0.0
1175369,Mohammed Siraj,Rajasthan Royals,1,1.032258064516129,1.2,1.0909090909090908,0.0
1175369,Navdeep Saini,Rajasthan Royals,0,0.8387096774193549,0.0,0.25,2.0
1175369,S Gopal,Royal Challengers Bangalore,3,1.0392156862745099,1.4,2.0,2.0
1175369,STR Binny,Royal Challengers Bangalore,0,0.4444444444444444,0.6,0.8,1.0
1175369,UT Yadav,Rajasthan Royals,0,1.1088435374149659,1.0,0.9285714285714286,0.0
1175369,VR Aaron,Royal Challengers Bangalore,0,0.92,0.8,0.6,2.0
1175369,YS Chahal,Rajasthan Royals,2,1.3396226415094339,1.6,1.5,1.0
1175370,DJ Bravo,Mumbai Indians,1,1.3101265822784811,1.6,1.6363636363636365,2.0
1175370,DL Chahar,Mumbai Indians,1,0.9753086419753086,0.8,1.0,1.0
1175370,HH Pandya,Chennai Super Kings,3,0.7526881720430108,0.8,0.9166666666666666,0.0
1175370,Imran Tahir,Mumbai Indians,1,1.4576271186440677,1.4,1.2857142857142858,0.0
1175370,JJ Bumrah,Chennai Super Kings,0,1.368421052631579,1.2,0.8,1.0
1175370,JP Behrendorff,Chennai Super Kings,2,1.2941176470588236,2.0,1.5,1.0
1175370,KH Pandya,Chennai Super Kings,0,0.6837606837606838,0.6,0.75,0.0
1175370,MM Sharma,Mumbai Indians,1,1.3243243243243243,0.6,1.75,1.0
1175370,RA Jadeja,Mumbai Indians,1,0.8009478672985783,1.0,0.6451612903225806,0.0
1175370,RD Chahar,Chennai Super Kings,0,0.987012987012987,0.6666666666666666,1.1538461538461537,2.0
1175370,SL Malinga,Chennai Super Kings,3,1.540983606557377,0.8,1.7619047619047619,5.0
1175370,SN Thakur,Mumbai Indians,0,1.0869565217391304,1.0,0.9230769230769231,2.0
1175371,AR Patel,Sunrisers Hyderabad,1,0.8851351351351351,0.4,0.8947368421052632,1.0
1175371,B Kumar,Delhi Capitals,2,1.1079545454545454,0.4,1.6666666666666667,1.0
1175371,CH Morris,Sunrisers Hyderabad,0,1.3209876543209877,1.2,1.0833333333333333,2.0
1175371,I Sharma,Sunrisers Hyderabad,1,0.8727272727272727,1.0,0.625,0.0
1175371,K Rabada,Sunrisers Hyderabad,1,1.575,2.0,1.5454545454545454,4.0
1175371,Mohammad Nabi,Delhi Capitals,2,0.6521739130434783,1.4,0.75,1.0
1175371,R Tewatia,Sunrisers Hyderabad,1,0.6923076923076923,0.4,0.42857142857142855,3.0
1175371,Rashid Khan,Delhi Capitals,1,1.2975206611570247,0.8,1.4615384615384615,2.0
1175371,S Kaul,Delhi Capitals,2,1.1454545454545455,0.6,2.0,2.0
1175371,S Lamichhane,Sunrisers Hyderabad,1,1.5555555555555556,1.8,1.0,1.0
1175371,Sandeep Sharma,Delhi Capitals,1,1.2142857142857142,1.4,1.0,1.0
1175372,AD Russell,Royal Challengers Bangalore,0,1.1160714285714286,1.0,0.8571428571428571,1.0
1175372,Kuldeep Yadav,Royal Challengers Bangalore,1,1.0975609756097562,1.4,0.8571428571428571,0.0
1175372,LH Ferguson,Royal Challengers Bangalore,0,1.2666666666666666,0.6,1.4285714285714286,0.0
1175372,M Prasidh Krishna,Royal Challengers Bangalore,0,1.0588235294117647,0.4,0.8888888888888888,1.0
1175372,MP Stoinis,Kolkata Knight Riders,0,0.7258064516129032,0.4,0.8888888888888888,1.0
1175372,Mohammed Siraj,Kolkata Knight Riders,0,1.032258064516129,1.0,1.0714285714285714,1.0
1175372,N Rana,Royal Challengers Bangalore,1,0.4166666666666667,0.2,1.0,1.0
1175372,Navdeep Saini,Kolkata Knight Riders,2,0.8387096774193549,0.5,1.25,2.0
1175372,P Negi,Kolkata Knight Riders,2,0.9047619047619048,1.6,1.6,1.0
1175372,PP Chawla,Royal Challengers Bangalore,0,1.0523560209424083,0.8,0.8260869565217391,0.0
1175372,SP Narine,Royal Challengers Bangalore,1,1.1428571428571428,0.4,1.2777777777777777,0.0
1175372,TG Southee,Kolkata Knight Riders,0,1.0555555555555556,0.2,0.7142857142857143,1.0
1175372,YS Chahal,Kolkata Knight Riders,1,1.3396226415094339,1.8,1.3181818181818181,0.0
1178393,AJ Tye,Chennai Super Kings,0,1.6,1.2,1.0,0.0
1178393,DL Chahar,Kings XI Punjab,1,0.9753086419753086,1.0,0.2857142857142857,3.0
1178393,Harbhajan Singh,Kings XI Punjab,2,1.00625,1.2,1.0909090909090908,3.0
1178393,Imran Tahir,Kings XI Punjab,0,1.4576271186440677,1.4,1.3333333333333333,2.0
1178393,M Ashwin,Chennai Super Kings,0,0.7954545454545454,1.0,0.4,0.0
1178393,Mohammed Shami,Chennai Super Kings,0,1.309090909090909,1.4,1.0,1.0
1178393,R Ashwin,Chennai Super Kings,3,0.9519230769230769,1.4,1.25,2.0
1178393,RA Jadeja,Kings XI Punjab,0,0.8009478672985783,0.8,0.7777777777777778,1.0
1178393,SC Kuggeleijn,Kings XI Punjab,2,1.0,2.0,2.0,0.0
1178393,SM Curran,Chennai Super Kings,0,1.0689655172413792,2.0,1.0,0.0
1178394,AS Joseph,Sunrisers Hyderabad,6,1.0,6.0,4.0,0.0
1178394,B Kumar,Mumbai Indians,1,1.1079545454545454,0.6,1.15,0.0
1178394,HH Pandya,Sunrisers Hyderabad,0,0.7526881720430108,0.8,0.9090909090909091,2.0
1178394,JJ Bumrah,Sunrisers Hyderabad,1,1.368421052631579,1.2,1.2666666666666666,1.0
1178394,JP Behrendorff,Sunrisers Hyderabad,1,1.2941176470588236,1.5,1.3333333333333333,1.0
1178394,KH Pandya,Sunrisers Hyderabad,0,0.6837606837606838,0.4,0.8461538461538461,0.0
1178394,Mohammad Nabi,Mumbai Indians,1,0.6521739130434783,1.6,0.8,0.0
1178394,RD Chahar,Sunrisers Hyderabad,2,0.987012987012987,1.0,1.0,0.0
1178394,Rashid Khan,Mumbai Indians,2,1.2975206611570247,1.2,1.4,1.0
1178394,S Kaul,Mumbai Indians,2,1.1454545454545455,1.0,1.7142857142857142,1.0
1178394,Sandeep Sharma,Mumbai Indians,1,1.2142857142857142,1.4,1.5,2.0
1178395,AR Patel,Royal Challengers Bangalore,1,0.8851351351351351,0.6,1.0555555555555556,0.0
1178395,CH Morris,Royal Challengers Bangalore,2,1.3209876543209877,1.2,1.0,2.0
1178395,I Sharma,Royal Challengers Bangalore,0,0.8727272727272727,1.0,0.7333333333333333,1.0
1178395,K Rabada,Royal Challengers Bangalore,4,1.575,2.4,2.2857142857142856,2.0
1178395,MM Ali,Delhi Capitals,1,0.7692307692307693,0.4,0.8571428571428571,1.0
1178395,Mohammed Siraj,Delhi Capitals,1,1.032258064516129,1.0,1.4444444444444444,1.0
1178395,Navdeep Saini,Delhi Capitals,2,0.8387096774193549,0.8,1.0,0.0
1178395,P Negi,Delhi Capitals,1,0.9047619047619048,1.4,1.0,0.0
1178395,S Lamichhane,Royal Challengers Bangalore,1,1.5555555555555556,1.8,0.6666666666666666,3.0
1178395,TG Southee,Delhi Capitals,1,1.0555555555555556,0.4,1.3333333333333333,0.0
1178395,YS Chahal,Delhi Capitals,0,1.3396226415094339,1.6,1.0,2.0
1178396,BA Stokes,Kolkata Knight Riders,0,0.8157894736842105,0.8,0.8,2.0
1178396,DS Kulkarni,Kolkata Knight Riders,0,0.9891304347826086,0.4,0.7777777777777778,1.0
1178396,HF Gurney,Rajasthan Royals,2,0.875,2.0,2.0,0.0
1178396,JC Archer,Kolkata Knight Riders,0,1.225,0.6,1.0,1.0
1178396,K Gowtham,Kolkata Knight Riders,0,0.6285714285714286,0.2,1.0,0.0
1178396,Kuldeep Yadav,Rajasthan Royals,0,1.0975609756097562,0.8,1.1,0.0
1178396,M Prasidh Krishna,Rajasthan Royals,1,1.0588235294117647,0.4,1.2,0.0
1178396,PP Chawla,Rajasthan Royals,0,1.0523560209424083,0.6,1.0909090909090908,1.0
1178396,S Gopal,Kolkata Knight Riders,2,1.0392156862745099,1.6,1.0,0.0
1178396,SP Narine,Rajasthan Royals,0,1.1428571428571428,0.4,0.7894736842105263,2.0
1178397,AS Rajpoot,Sunrisers Hyderabad,0,0.8275862068965517,1.0,1.5,1.0
1178397,B Kumar,Kings XI Punjab,0,1.1079545454545454,0.6,1.5714285714285714,2.0
1178397,Mohammad Nabi,Kings XI Punjab,0,0.6521739130434783,1.4,0.25,0.0
1178397,Mohammed Shami,Sunrisers Hyderabad,1,1.309090909090909,1.4,1.2857142857142858,3.0
1178397,Mujeeb Ur Rahman,Sunrisers Hyderabad,1,1.0526315789473684,1.0,0.4,0.0
1178397,R Ashwin,Sunrisers Hyderabad,2,0.9519230769230769,1.4,0.65,1.0
1178397,Rashid Khan,Kings XI Punjab,1,1.2975206611570247,1.2,2.0,1.0
1178397,S Kaul,Kings XI Punjab,1,1.1454545454545455,1.0,1.1666666666666667,0.0
1178397,SM Curran,Sunrisers Hyderabad,0,1.0689655172413792,1.5,0.8333333333333334,2.0
1178397,Sandeep Sharma,Kings XI Punjab,2,1.2142857142857142,1.6,1.6,0.0
1178398,DL Chahar,Kolkata Knight Riders,3,0.9753086419753086,1.6,1.3333333333333333,2.0
1178398,HF Gurney,Chennai Super Kings,0,0.875,1.0,0.5,1.0
1178398,Harbhajan Singh,Kolkata Knight Riders,3,1.00625,1.8,0.8947368421052632,2.0
1178398,Imran Tahir,Kolkata Knight Riders,2,1.4576271186440677,1.2,1.4285714285714286,0.0
1178398,Kuldeep Yadav,Chennai Super Kings,0,1.0975609756097562,0.8,0.42857142857142855,0.0
1178398,M Prasidh Krishna,Chennai Super Kings,0,1.0588235294117647,0.4,0.2,1.0
1178398,PP Chawla,Chennai Super Kings,1,1.0523560209424083,0.6,1.0,0.0
1178398,RA Jadeja,Kolkata Knight Riders,1,0.8009478672985783,0.6,0.8148148148148148,2.0
1178398,SP Narine,Chennai Super Kings,2,1.1428571428571428,0.6,1.25,2.0
1178399,AS Joseph,Kings XI Punjab,0,1.0,3.0,0.0,0.0
1178399,AS Rajpoot,Mumbai Indians,1,0.8275862068965517,1.2,0.7777777777777778,0.0
1178399,GC Viljoen,Mumbai Indians,0,1.3333333333333333,1.0,1.0,3.0
1178399,HH Pandya,Kings XI Punjab,2,0.7526881720430108,1.0,0.5,0.0
1178399,JJ Bumrah,Kings XI Punjab,1,1.368421052631579,1.2,1.6666666666666667,2.0
1178399,JP Behrendorff,Kings XI Punjab,1,1.2941176470588236,1.3333333333333333,1.0,0.0
1178399,KH Pandya,Kings XI Punjab,0,0.6837606837606838,0.4,0.5555555555555556,3.0
1178399,Mohammed Shami,Mumbai Indians,3,1.309090909090909,1.8,1.2857142857142858,1.0
1178399,R Ashwin,Mumbai Indians,1,0.9519230769230769,1.6,0.7941176470588235,1.0
1178399,RD Chahar,Kings XI Punjab,0,0.987012987012987,0.8,1.25,1.0
1178399,SM Curran,Mumbai Indians,2,1.0689655172413792,1.6,1.3333333333333333,0.0
1178400,BA Stokes,Chennai Super Kings,2,0.8157894736842105,0.8,0.8,0.0
1178400,DL Chahar,Rajasthan Royals,2,0.9753086419753086,1.8,1.5,0.0
1178400,DS Kulkarni,Chennai Super Kings,1,0.9891304347826086,0.4,1.25,1.0
1178400,Imran Tahir,Rajasthan Royals,0,1.4576271186440677,1.0,1.8,4.0
1178400,JC Archer,Chennai Super Kings,1,1.225,0.8,1.1666666666666667,3.0
1178400,JD Unadkat,Chennai Super Kings,2,1.0480769230769231,0.8,0.7692307692307693,1.0
1178400,MJ Santner,Rajasthan Royals,1,0.8888888888888888,0.5,0.6666666666666666,1.0
1178400,R Parag,Chennai Super Kings,0,0.23809523809523808,0.0,0.0,0.0
1178400,RA Jadeja,Rajasthan Royals,2,0.8009478672985783,0.8,1.0476190476190477,0.0
1178400,S Gopal,Chennai Super Kings,0,1.0392156862745099,1.6,1.0,0.0
1178400,SN Thakur,Rajasthan Royals,2,1.0869565217391304,1.0,0.9090909090909091,3.0
1178401,AD Russell,Delhi Capitals,1,1.1160714285714286,1.2,0.875,0.0
1178401,AR Patel,Kolkata Knight Riders,0,0.8851351351351351,0.6,0.7619047619047619,0.0
1178401,CH Morris,Kolkata Knight Riders,2,1.3209876543209877,1.6,1.6428571428571428,3.0
1178401,CR Brathwaite,Delhi Capitals,0,1.0,1.2,0.0,0.0
1178401,I Sharma,Kolkata Knight Riders,1,0.8727272727272727,1.2,0.75,0.0
1178401,K Rabada,Kolkata Knight Riders,2,1.575,2.6,1.4,4.0
1178401,KMA Paul,Kolkata Knight Riders,2,1.25,1.0,2.0,3.0
1178401,Kuldeep Yadav,Delhi Capitals,0,1.0975609756097562,0.8,1.5,0.0
1178401,LH Ferguson,Delhi Capitals,0,1.2666666666666666,0.4,1.5714285714285714,2.0
1178401,M Prasidh Krishna,Delhi Capitals,1,1.0588235294117647,0.6,0.8333333333333334,0.0
1178401,N Rana,Delhi Capitals,1,0.4166666666666667,0.4,0.75,0.0
1178401,PP Chawla,Delhi Capitals,0,1.0523560209424083,0.4,1.1666666666666667,2.0
1178402,AS Joseph,Rajasthan Royals,0,1.0,2.0,0.0,2.0
1178402,DS Kulkarni,Mumbai Indians,1,0.9891304347826086,0.6,1.3,1.0
1178402,HH Pandya,Rajasthan Royals,0,0.7526881720430108,1.0,1.2,1.0
1178402,JC Archer,Mumbai Indians,3,1.225,1.4,2.0,3.0
1178402,JD Unadkat,Mumbai Indians,1,1.0480769230769231,1.0,1.2666666666666666,1.0
1178402,JJ Bumrah,Rajasthan Royals,2,1.368421052631579,0.8,1.2857142857142858,0.0
1178402,JP Behrendorff,Rajasthan Royals,0,1.2941176470588236,1.0,0.0,1.0
1178402,K Gowtham,Mumbai Indians,0,0.6285714285714286,0.0,0.2,0.0
1178402,KH Pandya,Rajasthan Royals,3,0.6837606837606838,1.0,0.4,0.0
1178402,LS Livingstone,Mumbai Indians,0,0.5,0.0,0.25,0.0
1178402,RD Chahar,Rajasthan Royals,1,0.987012987012987,0.8,1.1111111111111112,0.0
1178402,S Gopal,Mumbai Indians,0,1.0392156862745099,1.0,0.8571428571428571,0.0
1178403,AJ Tye,Royal Challengers Bangalore,0,1.6,0.4,1.0,1.0
1178403,M Ashwin,Royal Challengers Bangalore,0,0.7954545454545454,0.6,1.0,1.0
1178403,MM Ali,Kings XI Punjab,1,0.7692307692307693,0.4,2.0,2.0
1178403,Mohammed Shami,Royal Challengers Bangalore,1,1.309090909090909,1.6,1.3076923076923077,2.0
1178403,Mohammed Siraj,Kings XI Punjab,1,1.032258064516129,0.8,0.6666666666666666,1.0
1178403,Navdeep Saini,Kings XI Punjab,0,0.8387096774193549,0.8,0.5,0.0
1178403,R Ashwin,Royal Challengers Bangalore,1,0.9519230769230769,1.8,0.8461538461538461,2.0
1178403,SM Curran,Royal Challengers Bangalore,0,1.0689655172413792,1.2,1.0,0.0
1178403,UT Yadav,Kings XI Punjab,0,1.1088435374149659,0.4,1.631578947368421,0.0
1178403,YS Chahal,Kings XI Punjab,2,1.3396226415094339,1.2,1.6428571428571428,2.0
1178404,AD Russell,Chennai Super Kings,0,1.1160714285714286,0.8,0.6923076923076923,1.0
1178404,DL Chahar,Kolkata Knight Riders,0,0.9753086419753086,1.4,1.3333333333333333,1.0
1178404,HF Gurney,Chennai Super Kings,1,0.875,1.0,0.5,1.0
1178404,Imran Tahir,Kolkata Knight Riders,4,1.4576271186440677,1.4,1.4285714285714286,2.0
1178404,Kuldeep Yadav,Chennai Super Kings,0,1.0975609756097562,0.2,0.42857142857142855,1.0
1178404,M Prasidh Krishna,Chennai Super Kings,0,1.0588235294117647,0.4,0.2,0.0
1178404,MJ Santner,Kolkata Knight Riders,1,0.8888888888888888,0.6666666666666666,1.0,2.0
1178404,PP Chawla,Chennai Super Kings,2,1.0523560209424083,0.6,1.0,0.0
1178404,RA Jadeja,Kolkata Knight Riders,0,0.8009478672985783,0.8,0.8148148148148148,0.0
1178404,SN Thakur,Kolkata Knight Riders,3,1.0869565217391304,1.4,1.2727272727272727,0.0
1178404,SP Narine,Chennai Super Kings,2,1.1428571428571428,1.0,1.25,1.0
1178405,A Mishra,Sunrisers Hyderabad,0,1.1296296296296295,1.6,0.9285714285714286,1.0
1178405,AR Patel,Sunrisers Hyderabad,0,0.8851351351351351,0.4,0.8947368421052632,2.0
1178405,Abhishek Sharma,Delhi Capitals,1,0.4230769230769231,1.0,0.5,0.0
1178405,B Kumar,Delhi Capitals,2,1.1079545454545454,1.0,1.6666666666666667,0.0
1178405,CH Morris,Sunrisers Hyderabad,3,1.3209876543209877,2.0,1.0833333333333333,0.0
1178405,DJ Hooda,Delhi Capitals,0,0.30303030303030304,0.2,0.2,1.0
1178405,I Sharma,Sunrisers Hyderabad,0,0.8727272727272727,0.6,0.625,0.0
1178405,K Rabada,Sunrisers Hyderabad,4,1.575,2.8,1.5454545454545454,2.0
1178405,KK Ahmed,Delhi Capitals,3,1.368421052631579,1.5,1.6,1.0
1178405,KMA Paul,Sunrisers Hyderabad,3,1.25,1.5,3.5,0.0
1178405,Rashid Khan,Delhi Capitals,1,1.2975206611570247,1.2,1.4615384615384615,2.0
1178405,Sandeep Sharma,Delhi Capitals,0,1.2142857142857142,1.6,1.0,0.0
1178405,V Shankar,Delhi Capitals,0,0.5454545454545454,0.4,0.5,1.0
1178406,HH Pandya,Royal Challengers Bangalore,1,0.7526881720430108,1.2,0.5,1.0
1178406,JJ Bumrah,Royal Challengers Bangalore,0,1.368421052631579,0.8,1.6111111111111112,3.0
1178406,JP Behrendorff,Royal Challengers Bangalore,1,1.2941176470588236,1.0,1.3333333333333333,0.0
1178406,KH Pandya,Royal Challengers Bangalore,0,0.6837606837606838,0.6,0.75,1.0
1178406,MM Ali,Mumbai Indians,2,0.7692307692307693,0.8,0.8333333333333334,1.0
1178406,Mohammed Siraj,Mumbai Indians,1,1.032258064516129,0.8,0.75,0.0
1178406,Navdeep Saini,Mumbai Indians,0,0.8387096774193549,0.8,0.75,1.0
1178406,P Negi,Mumbai Indians,0,0.9047619047619048,0.8,0.5714285714285714,0.0
1178406,RD Chahar,Royal Challengers Bangalore,0,0.987012987012987,0.6,0.75,3.0
1178406,SL Malinga,Royal Challengers Bangalore,5,1.540983606557377,1.6,0.9375,1.0
1178406,UT Yadav,Mumbai Indians,0,1.1088435374149659,0.4,1.0555555555555556,3.0
1178406,YS Chahal,Mumbai Indians,2,1.3396226415094339,1.4,1.5,0.0
1178407,Arshdeep Singh,Rajasthan Royals,2,1.2923076923076924,2.0,1.8888888888888888,1.0
1178407,DS Kulkarni,Kings XI Punjab,1,0.9891304347826086,0.6,1.0909090909090908,0.0
1178407,IS Sodhi,Kings XI Punjab,1,1.125,0.8,1.0,3.0
1178407,JC Archer,Kings XI Punjab,3,1.225,1.6,1.1666666666666667,1.0
1178407,JD Unadkat,Kings XI Punjab,1,1.0480769230769231,1.2,0.5454545454545454,1.0
1178407,M Ashwin,Rajasthan Royals,1,0.7954545454545454,0.6,0.6,0.0
1178407,Mohammed Shami,Rajasthan Royals,2,1.309090909090909,1.4,1.5,2.0
1178407,Mujeeb Ur Rahman,Rajasthan Royals,0,1.0526315789473684,0.6,1.75,0.0
1178407,R Ashwin,Rajasthan Royals,2,0.9519230769230769,1.8,1.1764705882352942,0.0
1178407,S Gopal,Kings XI Punjab,0,1.0392156862745099,1.0,0.3333333333333333,2.0
1178408,B Kumar,Chennai Super Kings,0,1.1079545454545454,1.0,0.7,2.0
1178408,DL Chahar,Sunrisers Hyderabad,1,0.9753086419753086,1.4,0.8333333333333334,2.0
1178408,Imran Tahir,Sunrisers Hyderabad,2,1.4576271186440677,1.6,0.8333333333333334,1.0
1178408,KK Ahmed,Chennai Super Kings,1,1.368421052631579,1.3333333333333333,1.0,3.0
1178408,KV Sharma,Sunrisers Hyderabad,1,1.0,0.6,1.0,2.0
1178408,RA Jadeja,Sunrisers Hyderabad,0,0.8009478672985783,0.6,0.43478260869565216,2.0
1178408,Rashid Khan,Chennai Super Kings,2,1.2975206611570247,1.4,1.0588235294117647,1.0
1178408,S Nadeem,Chennai Super Kings,1,0.7714285714285715,0.6,0.25,1.0
1178408,SN Thakur,Sunrisers Hyderabad,0,1.0869565217391304,1.4,0.9333333333333333,0.0
1178408,Sandeep Sharma,Chennai Super Kings,0,1.2142857142857142,0.8,0.75,1.0
1178408,V Shankar,Chennai Super Kings,1,0.5454545454545454,0.4,1.0,0.0
1178409,A Mishra,Mumbai Indians,1,1.1296296296296295,1.4,1.1363636363636365,0.0
1178409,AR Patel,Mumbai Indians,2,0.8851351351351351,0.8,0.7142857142857143,2.0
1178409,CH Morris,Mumbai Indians,0,1.3209876543209877,1.4,1.3,1.0
1178409,HH Pandya,Delhi Capitals,1,0.7526881720430108,0.8,0.6666666666666666,1.0
1178409,I Sharma,Mumbai Indians,0,0.8727272727272727,0.4,1.1333333333333333,0.0
1178409,J Yadav,Delhi Capitals,0,0.45,0.0,0.8,1.0
1178409,JJ Bumrah,Delhi Capitals,3,1.368421052631579,1.4,1.6666666666666667,1.0
1178409,K Rabada,Mumbai Indians,2,1.575,2.6,1.1666666666666667,2.0
1178409,KH Pandya,Delhi Capitals,1,0.6837606837606838,0.8,0.4166666666666667,0.0
1178409,KMA Paul,Mumbai Indians,0,1.25,1.2,0.5,0.0
1178409,RD Chahar,Delhi Capitals,3,0.987012987012987,1.2,1.0,3.0
1178409,SL Malinga,Delhi Capitals,1,1.540983606557377,1.8,1.0,0.0
1178410,AD Russell,Royal Challengers Bangalore,1,1.1160714285714286,0.6,0.8571428571428571,0.0
1178410,DW Steyn,Kolkata Knight Riders,2,1.105263157894737,0.4,1.0769230769230769,2.0
1178410,HF Gurney,Royal Challengers Bangalore,1,0.875,1.0,1.0,0.0
1178410,Kuldeep Yadav,Royal Challengers Bangalore,1,1.0975609756097562,0.2,0.8571428571428571,1.0
1178410,M Prasidh Krishna,Royal Challengers Bangalore,0,1.0588235294117647,0.4,0.8888888888888888,1.0
1178410,MM Ali,Kolkata Knight Riders,1,0.7692307692307693,1.0,0.6666666666666666,1.0
1178410,MP Stoinis,Kolkata Knight Riders,1,0.7258064516129032,0.4,0.8888888888888888,0.0
1178410,Mohammed Siraj,Kolkata Knight Riders,0,1.032258064516129,0.6,1.0714285714285714,3.0
1178410,Navdeep Saini,Kolkata Knight Riders,1,0.8387096774193549,1.0,1.25,2.0
1178410,PP Chawla,Royal Challengers Bangalore,0,1.0523560209424083,0.6,0.8260869565217391,0.0
1178410,SP Narine,Royal Challengers Bangalore,1,1.1428571428571428,1.2,1.2777777777777777,0.0
1178410,YS Chahal,Kolkata Knight Riders,0,1.3396226415094339,1.0,1.3181818181818181,1.0
1178411,DS Kulkarni,Mumbai Indians,0,0.9891304347826086,0.6,1.3,1.0
1178411,HH Pandya,Rajasthan Royals,1,0.7526881720430108,1.0,1.2,1.0
1178411,JC Archer,Mumbai Indians,1,1.225,1.6,2.0,0.0
1178411,JD Unadkat,Mumbai Indians,1,1.0480769230769231,1.2,1.2666666666666666,0.0
1178411,JJ Bumrah,Rajasthan Royals,1,1.368421052631579,1.4,1.2857142857142858,2.0
1178411,KH Pandya,Rajasthan Royals,0,0.6837606837606838,0.8,0.4,2.0
1178411,M Markande,Rajasthan Royals,0,1.0,0.4,0.0,0.0
1178411,R Parag,Mumbai Indians,0,0.23809523809523808,0.0,0.0,1.0
1178411,RD Chahar,Rajasthan Royals,3,0.987012987012987,1.4,1.1111111111111112,0.0
1178411,S Gopal,Mumbai Indians,2,1.0392156862745099,0.8,0.8571428571428571,2.0
1178411,SL Malinga,Rajasthan Royals,0,1.540983606557377,1.8,0.9230769230769231,4.0
1178411,STR Binny,Mumbai Indians,1,0.4444444444444444,0.6,0.7272727272727273,0.0
1178412,A Mishra,Kings XI Punjab,0,1.1296296296296295,0.8,1.15,0.0
1178412,AR Patel,Kings XI Punjab,2,0.8851351351351351,1.0,1.3333333333333333,1.0
1178412,GC Viljoen,Delhi Capitals,3,1.3333333333333333,1.4,2.0,1.0
1178412,Harpreet Brar,Delhi Capitals,0,0.6410256410256411,0.0,1.0,0.0
1178412,I Sharma,Kings XI Punjab,0,0.8727272727272727,0.2,0.5,1.0
1178412,K Rabada,Kings XI Punjab,2,1.575,2.8,2.2,3.0
1178412,M Ashwin,Delhi Capitals,0,0.7954545454545454,0.2,0.6,1.0
1178412,Mohammed Shami,Delhi Capitals,2,1.309090909090909,1.8,2.2222222222222223,1.0
1178412,R Ashwin,Delhi Capitals,0,0.9519230769230769,1.2,1.2857142857142858,1.0
1178412,S Lamichhane,Kings XI Punjab,3,1.5555555555555556,1.8,2.5,0.0
1178412,SE Rutherford,Kings XI Punjab,0,0.16666666666666666,0.0,0.0,0.0
1178412,SM Curran,Delhi Capitals,0,1.0689655172413792,0.4,1.0,0.0
1178413,AD Russell,Sunrisers Hyderabad,0,1.1160714285714286,0.4,1.3888888888888888,1.0
1178413,B Kumar,Kolkata Knight Riders,2,1.1079545454545454,1.0,1.1,2.0
1178413,HF Gurney,Sunrisers Hyderabad,0,0.875,0.8,0.0,2.0
1178413,KK Ahmed,Kolkata Knight Riders,3,1.368421052631579,1.75,1.3333333333333333,0.0
1178413,PP Chawla,Sunrisers Hyderabad,0,1.0523560209424083,0.6,0.9473684210526315,3.0
1178413,Rashid Khan,Kolkata Knight Riders,1,1.2975206611570247,1.4,1.1333333333333333,1.0
1178413,S Nadeem,Kolkata Knight Riders,1,0.7714285714285715,0.6,0.75,2.0
1178413,SP Narine,Sunrisers Hyderabad,0,1.1428571428571428,1.0,0.64,2.0
1178413,Sandeep Sharma,Kolkata Knight Riders,1,1.2142857142857142,0.8,0.8571428571428571,1.0
1178413,Y Prithvi Raj,Sunrisers Hyderabad,1,0.5,1.0,1.0,0.0
1178414,DJ Bravo,Royal Challengers Bangalore,2,1.3101265822784811,1.8,1.0434782608695652,0.0
1178414,DL Chahar,Royal Challengers Bangalore,2,0.9753086419753086,1.6,0.75,1.0
1178414,DW Steyn,Chennai Super Kings,2,1.105263157894737,0.8,0.8333333333333334,0.0
1178414,Imran Tahir,Royal Challengers Bangalore,1,1.4576271186440677,1.8,1.5555555555555556,0.0
1178414,MP Stoinis,Chennai Super Kings,0,0.7258064516129032,0.4,0.4,1.0
1178414,Navdeep Saini,Chennai Super Kings,2,0.8387096774193549,1.0,0.5,2.0
1178414,RA Jadeja,Royal Challengers Bangalore,2,0.8009478672985783,1.0,1.037037037037037,0.0
1178414,SN Thakur,Royal Challengers Bangalore,0,1.0869565217391304,1.0,1.4444444444444444,0.0
1178414,UT Yadav,Chennai Super Kings,3,1.1088435374149659,0.6,1.0555555555555556,3.0
1178414,YS Chahal,Chennai Super Kings,1,1.3396226415094339,1.0,1.1176470588235294,0.0
1178415,A Mishra,Rajasthan Royals,0,1.1296296296296295,0.4,1.619047619047619,2.0
1178415,AR Patel,Rajasthan Royals,1,0.8851351351351351,1.0,1.0,1.0
1178415,CH Morris,Rajasthan Royals,1,1.3209876543209877,1.6,1.2,1.0
1178415,DS Kulkarni,Delhi Capitals,1,0.9891304347826086,0.8,1.0,0.0
1178415,I Sharma,Rajasthan Royals,1,0.8727272727272727,0.4,1.0,1.0
1178415,JC Archer,Delhi Capitals,0,1.225,1.6,2.0,1.0
1178415,JD Unadkat,Delhi Capitals,0,1.0480769230769231,1.0,1.25,1.0
1178415,K Rabada,Rajasthan Royals,3,1.575,2.6,1.875,2.0
1178415,R Parag,Delhi Capitals,1,0.23809523809523808,0.3333333333333333,0.4,0.0
1178415,S Gopal,Delhi Capitals,2,1.0392156862745099,0.8,1.2,1.0
1178415,SE Rutherford,Rajasthan Royals,0,0.16666666666666666,0.0,0.0,1.0
1178415,STR Binny,Delhi Capitals,0,0.4444444444444444,0.4,0.0,0.0
1178416,B Kumar,Chennai Super Kings,2,1.1079545454545454,1.2,0.7,0.0
1178416,DJ Bravo,Sunrisers Hyderabad,0,1.3101265822784811,1.6,1.375,0.0
1178416,DL Chahar,Sunrisers Hyderabad,1,0.9753086419753086,1.2,0.8333333333333334,1.0
1178416,Harbhajan Singh,Sunrisers Hyderabad,2,1.00625,2.2,0.6153846153846154,0.0
1178416,Imran Tahir,Sunrisers Hyderabad,0,1.4576271186440677,1.4,0.8333333333333334,1.0
1178416,KK Ahmed,Chennai Super Kings,0,1.368421052631579,1.4,1.0,1.0
1178416,RA Jadeja,Sunrisers Hyderabad,0,0.8009478672985783,0.8,0.43478260869565216,3.0
1178416,Rashid Khan,Chennai Super Kings,1,1.2975206611570247,1.2,1.0588235294117647,1.0
1178416,Sandeep Sharma,Chennai Super Kings,1,1.2142857142857142,0.8,0.75,2.0
1178416,Shakib Al Hasan,Chennai Super Kings,0,1.0142857142857142,0.6,0.4444444444444444,1.0
1178417,AS Rajpoot,Royal Challengers Bangalore,0,0.8275862068965517,1.0,0.0,1.0
1178417,M Ashwin,Royal Challengers Bangalore,1,0.7954545454545454,0.4,1.0,1.0
1178417,MM Ali,Kings XI Punjab,1,0.7692307692307693,1.2,2.0,1.0
1178417,MP Stoinis,Kings XI Punjab,1,0.7258064516129032,0.4,1.0,0.0
1178417,Mohammed Shami,Royal Challengers Bangalore,1,1.309090909090909,1.8,1.3076923076923077,2.0
1178417,Navdeep Saini,Kings XI Punjab,2,0.8387096774193549,1.0,0.5,1.0
1178417,R Ashwin,Royal Challengers Bangalore,1,0.9519230769230769,1.0,0.8461538461538461,2.0
1178417,TG Southee,Kings XI Punjab,0,1.0555555555555556,0.4,1.1666666666666667,3.0
1178417,UT Yadav,Kings XI Punjab,3,1.1088435374149659,1.2,1.631578947368421,1.0
1178417,Washington Sundar,Kings XI Punjab,0,0.6724137931034483,0.2,0.5,1.0
1178417,YS Chahal,Kings XI Punjab,0,1.3396226415094339,1.0,1.6428571428571428,2.0
1178418,AD Russell,Rajasthan Royals,1,1.1160714285714286,0.6,1.0,2.0
1178418,JC Archer,Kolkata Knight Riders,1,1.225,1.6,1.0,1.0
1178418,JD Unadkat,Kolkata Knight Riders,1,1.0480769230769231,0.8,0.5384615384615384,2.0
1178418,M Prasidh Krishna,Rajasthan Royals,1,1.0588235294117647,0.4,1.2,1.0
1178418,N Rana,Rajasthan Royals,0,0.4166666666666667,0.4,0.6666666666666666,1.0
1178418,O Thomas,Kolkata Knight Riders,1,1.25,1.0,1.0,2.0
1178418,PP Chawla,Rajasthan Royals,3,1.0523560209424083,1.0,1.0909090909090908,1.0
1178418,R Parag,Kolkata Knight Riders,0,0.23809523809523808,0.25,0.0,0.0
1178418,S Gopal,Kolkata Knight Riders,1,1.0392156862745099,1.0,1.0,2.0
1178418,SP Narine,Rajasthan Royals,2,1.1428571428571428,1.4,0.7894736842105263,2.0
1178418,VR Aaron,Kolkata Knight Riders,2,0.92,0.8,1.1111111111111112,2.0
1178419,AS Roy,Chennai Super Kings,1,0.6666666666666666,1.0,0.5,1.0
1178419,DJ Bravo,Mumbai Indians,0,1.3101265822784811,1.0,1.6363636363636365,1.0
1178419,DL Chahar,Mumbai Indians,1,0.9753086419753086,1.0,1.0,1.0
1178419,HH Pandya,Chennai Super Kings,1,0.7526881720430108,0.8,0.9166666666666666,1.0
1178419,Harbhajan Singh,Mumbai Indians,0,1.00625,1.4,0.3333333333333333,1.0
1178419,Imran Tahir,Mumbai Indians,1,1.4576271186440677,1.6,1.2857142857142858,4.0
1178419,JJ Bumrah,Chennai Super Kings,2,1.368421052631579,1.6,0.8,0.0
1178419,KH Pandya,Chennai Super Kings,2,0.6837606837606838,1.2,0.75,0.0
1178419,MJ Santner,Mumbai Indians,2,0.8888888888888888,1.0,1.6666666666666667,1.0
1178419,RD Chahar,Chennai Super Kings,0,0.987012987012987,1.4,1.1538461538461537,1.0
1178419,SL Malinga,Chennai Super Kings,4,1.540983606557377,2.6,1.7619047619047619,0.0
1178420,B Kumar,Rajasthan Royals,0,1.1079545454545454,1.2,1.0555555555555556,0.0
1178420,JD Unadkat,Sunrisers Hyderabad,2,1.0480769230769231,1.0,1.3333333333333333,1.0
1178420,KK Ahmed,Rajasthan Royals,1,1.368421052631579,1.6,1.0,3.0
1178420,O Thomas,Sunrisers Hyderabad,2,1.25,1.5,2.0,2.0
1178420,R Parag,Sunrisers Hyderabad,0,0.23809523809523808,0.2,0.0,1.0
1178420,Rashid Khan,Rajasthan Royals,1,1.2975206611570247,1.2,1.2142857142857142,3.0
1178420,S Gopal,Sunrisers Hyderabad,2,1.0392156862745099,1.4,1.0,3.0
1178420,S Kaul,Rajasthan Royals,0,1.1454545454545455,1.0,1.1428571428571428,2.0
1178420,STR Binny,Sunrisers Hyderabad,0,0.4444444444444444,0.2,0.2857142857142857,0.0
1178420,Shakib Al Hasan,Rajasthan Royals,1,1.0142857142857142,0.8,1.3,1.0
1178420,VR Aaron,Sunrisers Hyderabad,2,0.92,0.8,1.2,0.0
1178421,A Mishra,Royal Challengers Bangalore,2,1.1296296296296295,0.6,1.0555555555555556,0.0
1178421,AR Patel,Royal Challengers Bangalore,1,0.8851351351351351,1.2,1.0555555555555556,1.0
1178421,I Sharma,Royal Challengers Bangalore,1,0.8727272727272727,0.4,0.7333333333333333,3.0
1178421,K Rabada,Royal Challengers Bangalore,2,1.575,2.6,2.2857142857142856,4.0
1178421,MP Stoinis,Delhi Capitals,0,0.7258064516129032,0.4,0.0,2.0
1178421,Navdeep Saini,Delhi Capitals,1,0.8387096774193549,1.2,1.0,0.0
1178421,S Dube,Delhi Capitals,0,0.42857142857142855,0.0,0.0,2.0
1178421,SE Rutherford,Royal Challengers Bangalore,1,0.16666666666666666,0.3333333333333333,1.0,0.0
1178421,UT Yadav,Delhi Capitals,1,1.1088435374149659,1.4,1.25,0.0
1178421,Washington Sundar,Delhi Capitals,1,0.6724137931034483,0.4,1.0,3.0
1178421,YS Chahal,Delhi Capitals,2,1.3396226415094339,1.0,1.0,1.0
1178422,AD Russell,Mumbai Indians,2,1.1160714285714286,0.8,1.0555555555555556,1.0
1178422,BB Sran,Kolkata Knight Riders,0,0.8333333333333334,0.8,0.7142857142857143,0.0
1178422,HF Gurney,Mumbai Indians,2,0.875,0.8,1.0,1.0
1178422,HH Pandya,Kolkata Knight Riders,1,0.7526881720430108,1.0,1.25,2.0
1178422,JJ Bumrah,Kolkata Knight Riders,0,1.368421052631579,1.2,1.5,4.0
1178422,KH Pandya,Kolkata Knight Riders,0,0.6837606837606838,0.6,0.6,2.0
1178422,PP Chawla,Mumbai Indians,1,1.0523560209424083,1.2,1.3333333333333333,0.0
1178422,RD Chahar,Kolkata Knight Riders,1,0.987012987012987,1.4,1.5,0.0
1178422,S Sandeep Warrier,Mumbai Indians,0,0.8,0.0,0.0,2.0
1178422,SL Malinga,Kolkata Knight Riders,0,1.540983606557377,2.0,1.3529411764705883,0.0
1178422,SP Narine,Mumbai Indians,2,1.1428571428571428,1.4,1.2173913043478262,1.0
1178423,Abhishek Sharma,Kings XI Punjab,0,0.4230769230769231,0.5,0.5,0.0
1178423,Arshdeep Singh,Sunrisers Hyderabad,1,1.2923076923076924,1.5,1.6,0.0
1178423,B Kumar,Kings XI Punjab,0,1.1079545454545454,0.8,1.5714285714285714,1.0
1178423,KK Ahmed,Kings XI Punjab,3,1.368421052631579,1.6,2.3333333333333335,3.0
1178423,M Ashwin,Sunrisers Hyderabad,1,0.7954545454545454,0.6,0.4,0.0
1178423,Mohammad Nabi,Kings XI Punjab,0,0.6521739130434783,1.4,0.25,1.0
1178423,Mohammed Shami,Sunrisers Hyderabad,2,1.309090909090909,1.6,1.2857142857142858,1.0
1178423,Mujeeb Ur Rahman,Sunrisers Hyderabad,0,1.0526315789473684,0.6,0.4,0.0
1178423,R Ashwin,Sunrisers Hyderabad,2,0.9519230769230769,1.2,0.65,1.0
1178423,Rashid Khan,Kings XI Punjab,3,1.2975206611570247,1.6,2.0,0.0
1178423,Sandeep Sharma,Kings XI Punjab,2,1.2142857142857142,0.8,1.6,3.0
1178424,JD Unadkat,Royal Challengers Bangalore,1,1.0480769230769231,1.0,0.8181818181818182,0.0
1178424,K Khejroliya,Rajasthan Royals,0,0.7142857142857143,0.5,0.0,1.0
1178424,Navdeep Saini,Rajasthan Royals,0,0.8387096774193549,1.2,0.25,2.0
1178424,O Thomas,Royal Challengers Bangalore,2,1.25,1.6666666666666667,2.0,0.0
1178424,R Parag,Royal Challengers Bangalore,1,0.23809523809523808,0.4,0.25,0.0
1178424,S Gopal,Royal Challengers Bangalore,3,1.0392156862745099,2.0,2.0,2.0
1178424,UT Yadav,Rajasthan Royals,0,1.1088435374149659,1.4,0.9285714285714286,0.0
1178424,VR Aaron,Royal Challengers Bangalore,0,0.92,0.8,0.6,0.0
1178424,YS Chahal,Rajasthan Royals,1,1.3396226415094339,0.8,1.5,1.0
1178425,A Mishra,Chennai Super Kings,0,1.1296296296296295,0.6,0.875,3.0
1178425,AR Patel,Chennai Super Kings,1,0.8851351351351351,1.4,0.7647058823529411,1.0
1178425,CH Morris,Chennai Super Kings,1,1.3209876543209877,1.4,1.8333333333333333,1.0
1178425,DJ Bravo,Delhi Capitals,1,1.3101265822784811,0.8,1.5,0.0
1178425,DL Chahar,Delhi Capitals,1,0.9753086419753086,1.2,1.0909090909090908,0.0
1178425,Harbhajan Singh,Delhi Capitals,1,1.00625,1.6,1.0,3.0
1178425,Imran Tahir,Delhi Capitals,4,1.4576271186440677,1.6,2.0,0.0
1178425,J Suchith,Chennai Super Kings,2,0.9523809523809523,1.2,0.8,1.0
1178425,RA Jadeja,Delhi Capitals,3,0.8009478672985783,1.0,1.0909090909090908,1.0
1178425,SE Rutherford,Chennai Super Kings,0,0.16666666666666666,0.25,0.0,0.0
1178425,TA Boult,Chennai Super Kings,0,1.2427184466019416,1.2,1.25,2.0
1178426,B Kumar,Mumbai Indians,1,1.1079545454545454,1.0,1.15,2.0
1178426,Basil Thampi,Mumbai Indians,0,1.04,1.0,1.5,0.0
1178426,HH Pandya,Sunrisers Hyderabad,2,0.7526881720430108,1.2,0.9090909090909091,2.0
1178426,JJ Bumrah,Sunrisers Hyderabad,4,1.368421052631579,2.0,1.2666666666666666,2.0
1178426,KH Pandya,Sunrisers Hyderabad,2,0.6837606837606838,1.0,0.8461538461538461,0.0
1178426,KK Ahmed,Mumbai Indians,3,1.368421052631579,2.0,1.5,3.0
1178426,Mohammad Nabi,Mumbai Indians,1,0.6521739130434783,0.8,0.8,0.0
1178426,RD Chahar,Sunrisers Hyderabad,0,0.987012987012987,1.4,1.0,0.0
1178426,Rashid Khan,Mumbai Indians,0,1.2975206611570247,1.2,1.4,1.0
1178426,SL Malinga,Sunrisers Hyderabad,0,1.540983606557377,1.0,1.4444444444444444,3.0
1178427,AD Russell,Kings XI Punjab,1,1.1160714285714286,1.0,1.7777777777777777,0.0
1178427,AJ Tye,Kolkata Knight Riders,1,1.6,0.6,2.0,0.0
1178427,Arshdeep Singh,Kolkata Knight Riders,0,1.2923076923076924,1.0,1.3333333333333333,4.0
1178427,HF Gurney,Kings XI Punjab,1,0.875,1.0,1.0,0.0
1178427,M Ashwin,Kolkata Knight Riders,0,0.7954545454545454,0.6,1.0,0.0
1178427,Mohammed Shami,Kolkata Knight Riders,1,1.309090909090909,1.6,1.2857142857142858,2.0
1178427,N Rana,Kings XI Punjab,1,0.4166666666666667,0.6,0.3333333333333333,0.0
1178427,PP Chawla,Kings XI Punjab,0,1.0523560209424083,0.8,1.0714285714285714,1.0
1178427,R Ashwin,Kolkata Knight Riders,1,0.9519230769230769,1.2,0.9230769230769231,0.0
1178427,S Sandeep Warrier,Kings XI Punjab,2,0.8,1.0,2.0,0.0
1178427,SM Curran,Kolkata Knight Riders,0,1.0689655172413792,0.4,0.75,3.0
1178427,SP Narine,Kings XI Punjab,1,1.1428571428571428,1.2,1.631578947368421,0.0
1178428,A Mishra,Rajasthan Royals,3,1.1296296296296295,1.0,1.619047619047619,1.0
1178428,AR Patel,Rajasthan Royals,1,0.8851351351351351,1.2,1.0,0.0
1178428,I Sharma,Rajasthan Royals,3,0.8727272727272727,1.0,1.0,2.0
1178428,K Gowtham,Delhi Capitals,0,0.6285714285714286,0.0,0.4,0.0
1178428,KMA Paul,Rajasthan Royals,0,1.25,1.0,0.0,4.0
1178428,R Parag,Delhi Capitals,0,0.23809523809523808,0.4,0.4,0.0
1178428,S Gopal,Delhi Capitals,2,1.0392156862745099,2.0,1.2,1.0
1178428,SE Rutherford,Rajasthan Royals,0,0.16666666666666666,0.2,0.0,0.0
1178428,TA Boult,Rajasthan Royals,2,1.2427184466019416,1.2,1.25,1.0
1178428,VR Aaron,Delhi Capitals,0,0.92,0.8,0.0,0.0
1178429,B Kumar,Royal Challengers Bangalore,2,1.1079545454545454,1.0,1.0476190476190477,2.0
1178429,Basil Thampi,Royal Challengers Bangalore,0,1.04,0.6,0.4,0.0
1178429,K Khejroliya,Sunrisers Hyderabad,1,0.7142857142857143,0.6,1.0,0.0
1178429,KK Ahmed,Royal Challengers Bangalore,3,1.368421052631579,2.0,1.6666666666666667,3.0
1178429,Mohammad Nabi,Royal Challengers Bangalore,0,0.6521739130434783,0.4,2.0,0.0
1178429,Navdeep Saini,Sunrisers Hyderabad,2,0.8387096774193549,1.4,1.25,1.0
1178429,Rashid Khan,Royal Challengers Bangalore,1,1.2975206611570247,1.2,1.3076923076923077,2.0
1178429,UT Yadav,Sunrisers Hyderabad,0,1.1088435374149659,1.4,0.8421052631578947,0.0
1178429,V Shankar,Royal Challengers Bangalore,0,0.5454545454545454,0.4,0.6666666666666666,0.0
1178429,Washington Sundar,Sunrisers Hyderabad,3,0.6724137931034483,0.8,0.5714285714285714,1.0
1178429,YS Chahal,Sunrisers Hyderabad,1,1.3396226415094339,1.0,1.3333333333333333,2.0
1178430,AJ Tye,Chennai Super Kings,0,1.6,0.4,1.0,2.0
1178430,DJ Bravo,Kings XI Punjab,0,1.3101265822784811,0.6,1.625,0.0
1178430,DL Chahar,Kings XI Punjab,0,0.9753086419753086,1.0,0.2857142857142857,1.0
1178430,Harbhajan Singh,Kings XI Punjab,3,1.00625,1.8,1.0909090909090908,1.0
1178430,Harpreet Brar,Chennai Super Kings,0,0.6410256410256411,0.0,0.4,0.0
1178430,Imran Tahir,Kings XI Punjab,0,1.4576271186440677,1.2,1.3333333333333333,2.0
1178430,M Ashwin,Chennai Super Kings,0,0.7954545454545454,0.4,0.4,1.0
1178430,Mohammed Shami,Chennai Super Kings,2,1.309090909090909,1.6,1.0,4.0
1178430,R Ashwin,Chennai Super Kings,0,0.9519230769230769,0.8,1.25,2.0
1178430,RA Jadeja,Kings XI Punjab,1,0.8009478672985783,1.2,0.7777777777777778,0.0
1178430,SM Curran,Chennai Super Kings,3,1.0689655172413792,1.0,1.0,1.0
1178431,AD Russell,Mumbai Indians,0,1.1160714285714286,0.8,1.0555555555555556,1.0
1178431,HH Pandya,Kolkata Knight Riders,2,0.7526881720430108,1.4,1.25,0.0
1178431,JJ Bumrah,Kolkata Knight Riders,2,1.368421052631579,1.8,1.5,0.0
1178431,KH Pandya,Kolkata Knight Riders,0,0.6837606837606838,0.8,0.6,1.0
1178431,M Prasidh Krishna,Mumbai Indians,1,1.0588235294117647,0.6,1.0,0.0
1178431,MJ McClenaghan,Kolkata Knight Riders,0,1.3392857142857142,1.0,1.0,0.0
1178431,RD Chahar,Kolkata Knight Riders,0,0.987012987012987,0.8,1.5,2.0
1178431,S Sandeep Warrier,Mumbai Indians,0,0.8,0.6666666666666666,0.0,0.0
1178431,SL Malinga,Kolkata Knight Riders,3,1.540983606557377,1.4,1.3529411764705883,0.0
1178431,SP Narine,Mumbai Indians,0,1.1428571428571428,1.0,1.2173913043478262,0.0
1181764,DJ Bravo,Mumbai Indians,0,1.3101265822784811,0.2,1.6363636363636365,2.0
1181764,DL Chahar,Mumbai Indians,1,0.9753086419753086,0.8,1.0,2.0
1181764,HH Pandya,Chennai Super Kings,0,0.7526881720430108,1.2,0.9166666666666666,1.0
1181764,Harbhajan Singh,Mumbai Indians,1,1.00625,1.4,0.3333333333333333,2.0
1181764,Imran Tahir,Mumbai Indians,2,1.4576271186440677,1.4,1.2857142857142858,1.0
1181764,J Yadav,Chennai Super Kings,1,0.45,0.2,1.0,0.0
1181764,JJ Bumrah,Chennai Super Kings,0,1.368421052631579,1.6,0.8,2.0
1181764,KH Pandya,Chennai Super Kings,1,0.6837606837606838,1.0,0.75,1.0
1181764,RA Jadeja,Mumbai Indians,0,0.8009478672985783,1.2,0.6451612903225806,2.0
1181764,RD Chahar,Chennai Super Kings,2,0.987012987012987,0.6,1.1538461538461537,1.0
1181764,SL Malinga,Chennai Super Kings,0,1.540983606557377,1.4,1.7619047619047619,2.0
1181766,A Mishra,Sunrisers Hyderabad,1,1.1296296296296295,1.2,0.9285714285714286,1.0
1181766,AR Patel,Sunrisers Hyderabad,0,0.8851351351351351,0.8,0.8947368421052632,1.0
1181766,B Kumar,Delhi Capitals,2,1.1079545454545454,1.0,1.6666666666666667,1.0
1181766,Basil Thampi,Delhi Capitals,0,1.04,0.2,1.5,1.0
1181766,DJ Hooda,Delhi Capitals,1,0.30303030303030304,0.2,0.2,0.0
1181766,I Sharma,Sunrisers Hyderabad,2,0.8727272727272727,1.4,0.625,1.0
1181766,KK Ahmed,Delhi Capitals,3,1.368421052631579,2.6,1.6,1.0
1181766,KMA Paul,Sunrisers Hyderabad,4,1.25,1.8,3.5,0.0
1181766,Mohammad Nabi,Delhi Capitals,0,0.6521739130434783,0.2,0.75,0.0
1181766,Rashid Khan,Delhi Capitals,2,1.2975206611570247,1.4,1.4615384615384615,1.0
1181766,TA Boult,Sunrisers Hyderabad,1,1.2427184466019416,1.0,1.4166666666666667,1.0
1181767,A Mishra,Chennai Super Kings,1,1.1296296296296295,1.4,0.875,1.0
1181767,AR Patel,Chennai Super Kings,1,0.8851351351351351,0.8,0.7647058823529411,1.0
1181767,DJ Bravo,Delhi Capitals,2,1.3101265822784811,0.6,1.5,1.0
1181767,DL Chahar,Delhi Capitals,2,0.9753086419753086,1.0,1.0909090909090908,3.0
1181767,Harbhajan Singh,Delhi Capitals,2,1.00625,1.4,1.0,0.0
1181767,I Sharma,Chennai Super Kings,1,0.8727272727272727,1.6,0.5,0.0
1181767,Imran Tahir,Delhi Capitals,1,1.4576271186440677,1.6,2.0,2.0
1181767,RA Jadeja,Delhi Capitals,2,0.8009478672985783,1.2,1.0909090909090908,0.0
1181767,SN Thakur,Delhi Capitals,0,1.0869565217391304,1.0,0.8333333333333334,2.0
1181767,TA Boult,Chennai Super Kings,1,1.2427184466019416,1.0,1.25,1.0
1181768,DJ Bravo,Mumbai Indians,1,1.3101265822784811,0.8,1.6363636363636365,4.0
1181768,DL Chahar,Mumbai Indians,3,0.9753086419753086,1.4,1.0,2.0
1181768,HH Pandya,Chennai Super Kings,1,0.7526881720430108,1.2,0.9166666666666666,0.0
1181768,Harbhajan Singh,Mumbai Indians,0,1.00625,1.4,0.3333333333333333,0.0
1181768,Imran Tahir,Mumbai Indians,2,1.4576271186440677,1.8,1.2857142857142858,1.0
1181768,JJ Bumrah,Chennai Super Kings,2,1.368421052631579,1.6,0.8,1.0
1181768,KH Pandya,Chennai Super Kings,1,0.6837606837606838,0.8,0.75,1.0
1181768,RA Jadeja,Mumbai Indians,0,0.8009478672985783,1.2,0.6451612903225806,2.0
1181768,RD Chahar,Chennai Super Kings,1,0.987012987012987,0.8,1.1538461538461537,1.0
1181768,SN Thakur,Mumbai Indians,2,1.0869565217391304,1.0,0.9230769230769231,2.0
1216492,DL Chahar,Mumbai Indians,2,0.9753086419753086,1.6,1.0,1.0
1216492,JJ Bumrah,Chennai Super Kings,1,1.368421052631579,1.8,0.8,3.0
1216492,JL Pattinson,Chennai Super Kings,1,1.1,1.0,1.0,0.0
1216492,KH Pandya,Chennai Super Kings,1,0.6837606837606838,1.0,0.75,0.0
1216492,L Ngidi,Mumbai Indians,3,2.0,2.4,1.5,2.0
1216492,PP Chawla,Mumbai Indians,1,1.0523560209424083,1.0,1.3333333333333333,1.0
1216492,RA Jadeja,Mumbai Indians,2,0.8009478672985783,1.0,0.6451612903225806,0.0
1216492,RD Chahar,Chennai Super Kings,1,0.987012987012987,0.8,1.1538461538461537,0.0
1216492,SM Curran,Mumbai Indians,1,1.0689655172413792,0.8,1.3333333333333333,3.0
1216492,TA Boult,Chennai Super Kings,1,1.2427184466019416,1.0,1.25,1.0
1216493,A Nortje,Kings XI Punjab,0,1.3478260869565217,0.0,0.0,2.0
1216493,AR Patel,Kings XI Punjab,1,0.8851351351351351,0.8,1.3333333333333333,0.0
1216493,CJ Jordan,Delhi Capitals,1,1.0588235294117647,1.6,1.0,3.0
1216493,K Gowtham,Delhi Capitals,0,0.6285714285714286,0.0,0.4,1.0
1216493,K Rabada,Kings XI Punjab,4,1.575,2.6,2.2,2.0
1216493,MM Sharma,Kings XI Punjab,1,1.3243243243243243,0.6,1.3333333333333333,2.0
1216493,MP Stoinis,Kings XI Punjab,2,0.7258064516129032,0.8,1.0,2.0
1216493,Mohammed Shami,Delhi Capitals,4,1.309090909090909,2.0,2.2222222222222223,1.0
1216493,R Ashwin,Kings XI Punjab,2,0.9519230769230769,1.2,1.1764705882352942,0.0
1216493,Ravi Bishnoi,Delhi Capitals,1,1.0461538461538462,1.0,1.125,1.0
1216493,SS Cottrell,Delhi Capitals,2,1.0,2.0,2.0,1.0
1216494,CH Morris,Kolkata Knight Riders,1,1.3209876543209877,1.2,1.6428571428571428,1.0
1216494,CV Varun,Royal Challengers Bangalore,0,1.2142857142857142,0.5,1.75,5.0
1216494,I Udana,Kolkata Knight Riders,0,0.8,0.0,0.5,1.0
1216494,LH Ferguson,Royal Challengers Bangalore,2,1.2666666666666666,0.8,1.4285714285714286,1.0
1216494,M Prasidh Krishna,Royal Challengers Bangalore,0,1.0588235294117647,0.4,0.8888888888888888,0.0
1216494,Mohammed Siraj,Kolkata Knight Riders,3,1.032258064516129,1.2,1.0714285714285714,2.0
1216494,Navdeep Saini,Kolkata Knight Riders,1,0.8387096774193549,1.2,1.25,1.0
1216494,PJ Cummins,Royal Challengers Bangalore,0,1.1379310344827587,1.0,0.6666666666666666,3.0
1216494,Washington Sundar,Kolkata Knight Riders,1,0.6724137931034483,1.0,1.125,0.0
1216494,YS Chahal,Kolkata Knight Riders,2,1.3396226415094339,1.2,1.3181818181818181,2.0
1216495,DS Kulkarni,Sunrisers Hyderabad,0,0.9891304347826086,0.6,0.5714285714285714,0.0
1216495,JL Pattinson,Sunrisers Hyderabad,0,1.1,0.5,1.0,0.0
1216495,JO Holder,Mumbai Indians,2,1.2826086956521738,1.0,1.6,2.0
1216495,KH Pandya,Sunrisers Hyderabad,0,0.6837606837606838,0.6,0.8461538461538461,0.0
1216495,NM Coulter-Nile,Sunrisers Hyderabad,0,1.368421052631579,1.0,1.5555555555555556,0.0
1216495,RD Chahar,Sunrisers Hyderabad,0,0.987012987012987,0.8,1.0,1.0
1216495,Rashid Khan,Mumbai Indians,1,1.2975206611570247,1.4,1.4,2.0
1216495,S Nadeem,Mumbai Indians,2,0.7714285714285715,1.0,0.9090909090909091,1.0
1216495,Sandeep Sharma,Mumbai Indians,3,1.2142857142857142,1.4,1.5,2.0
1216495,T Natarajan,Mumbai Indians,0,1.2459016393442623,0.2,0.6,0.0
1216496,DL Chahar,Rajasthan Royals,1,0.9753086419753086,1.8,1.5,0.0
1216496,JC Archer,Chennai Super Kings,1,1.225,1.2,1.1666666666666667,3.0
1216496,JD Unadkat,Chennai Super Kings,0,1.0480769230769231,0.8,0.7692307692307693,1.0
1216496,L Ngidi,Rajasthan Royals,2,2.0,2.4,2.0,3.0
1216496,PP Chawla,Rajasthan Royals,1,1.0523560209424083,1.2,1.0909090909090908,1.0
1216496,R Tewatia,Chennai Super Kings,3,0.6923076923076923,1.0,1.3333333333333333,2.0
1216496,RA Jadeja,Rajasthan Royals,0,0.8009478672985783,0.8,1.0476190476190477,1.0
1216496,S Gopal,Chennai Super Kings,1,1.0392156862745099,1.8,1.0,0.0
1216496,SM Curran,Rajasthan Royals,3,1.0689655172413792,1.4,1.4444444444444444,2.0
1216496,TK Curran,Chennai Super Kings,1,1.0,1.0,1.75,1.0
1216497,A Nortje,Kolkata Knight Riders,2,1.3478260869565217,1.0,2.1666666666666665,1.0
1216497,AR Patel,Kolkata Knight Riders,0,0.8851351351351351,0.6,0.7619047619047619,1.0
1216497,CV Varun,Delhi Capitals,5,1.2142857142857142,2.0,1.8888888888888888,1.0
1216497,K Rabada,Kolkata Knight Riders,2,1.575,2.6,1.4,3.0
1216497,KL Nagarkoti,Delhi Capitals,0,0.45454545454545453,0.0,0.5,1.0
1216497,LH Ferguson,Delhi Capitals,1,1.2666666666666666,0.8,1.5714285714285714,5.0
1216497,M Prasidh Krishna,Delhi Capitals,0,1.0588235294117647,0.4,0.8333333333333334,0.0
1216497,MP Stoinis,Kolkata Knight Riders,2,0.7258064516129032,1.0,0.8888888888888888,2.0
1216497,PJ Cummins,Delhi Capitals,3,1.1379310344827587,1.6,1.2,0.0
1216497,R Ashwin,Kolkata Knight Riders,0,0.9519230769230769,1.0,0.9230769230769231,2.0
1216497,SP Narine,Delhi Capitals,0,1.1428571428571428,1.0,0.8,1.0
1216497,TU Deshpande,Kolkata Knight Riders,0,1.2777777777777777,0.0,1.0,1.0
1216498,Arshdeep Singh,Sunrisers Hyderabad,4,1.2923076923076924,1.75,1.6,2.0
1216498,CJ Jordan,Sunrisers Hyderabad,3,1.0588235294117647,1.6,1.75,1.0
1216498,JO Holder,Kings XI Punjab,2,1.2826086956521738,1.4,2.0,2.0
1216498,KK Ahmed,Kings XI Punjab,1,1.368421052631579,2.6,2.3333333333333335,2.0
1216498,M Ashwin,Sunrisers Hyderabad,1,0.7954545454545454,0.6,0.4,0.0
1216498,Mohammed Shami,Sunrisers Hyderabad,1,1.309090909090909,2.0,1.2857142857142858,1.0
1216498,Rashid Khan,Kings XI Punjab,2,1.2975206611570247,1.2,2.0,1.0
1216498,Ravi Bishnoi,Sunrisers Hyderabad,1,1.0461538461538462,1.0,1.1428571428571428,1.0
1216498,Sandeep Sharma,Kings XI Punjab,2,1.2142857142857142,1.8,1.6,2.0
1216498,T Natarajan,Kings XI Punjab,0,1.2459016393442623,0.2,1.5,1.0
1216499,CH Morris,Mumbai Indians,1,1.3209876543209877,0.8,1.3,0.0
1216499,DW Steyn,Mumbai Indians,0,1.105263157894737,0.8,1.1428571428571428,0.0
1216499,JJ Bumrah,Royal Challengers Bangalore,3,1.368421052631579,1.6,1.6111111111111112,2.0
1216499,JL Pattinson,Royal Challengers Bangalore,0,1.1,0.3333333333333333,0.0,2.0
1216499,KA Pollard,Royal Challengers Bangalore,1,0.7570093457943925,0.2,0.9333333333333333,1.0
1216499,KH Pandya,Royal Challengers Bangalore,0,0.6837606837606838,0.6,0.75,1.0
1216499,Mohammed Siraj,Mumbai Indians,2,1.032258064516129,1.4,0.75,0.0
1216499,RD Chahar,Royal Challengers Bangalore,1,0.987012987012987,1.0,0.75,2.0
1216499,TA Boult,Royal Challengers Bangalore,1,1.2427184466019416,1.2,1.4545454545454546,1.0
1216499,Washington Sundar,Mumbai Indians,0,0.6724137931034483,1.0,0.7,1.0
1216499,YS Chahal,Mumbai Indians,2,1.3396226415094339,1.6,1.5,2.0
1216500,A Nortje,Rajasthan Royals,1,1.3478260869565217,1.0,1.3333333333333333,4.0
1216500,AJ Tye,Delhi Capitals,2,1.6,0.6,1.0,3.0
1216500,AR Patel,Rajasthan Royals,1,0.8851351351351351,0.6,1.0,0.0
1216500,HV Patel,Rajasthan Royals,1,1.4660194174757282,1.6,1.8333333333333333,2.0
1216500,JC Archer,Delhi Capitals,3,1.225,1.2,2.0,2.0
1216500,K Rabada,Rajasthan Royals,3,1.575,2.8,1.875,2.0
1216500,Kartik Tyagi,Delhi Capitals,1,0.8,1.0,0.75,1.0
1216500,MP Stoinis,Rajasthan Royals,2,0.7258064516129032,1.4,0.75,0.0
1216500,R Ashwin,Rajasthan Royals,2,0.9519230769230769,1.0,1.1764705882352942,1.0
1216500,R Tewatia,Delhi Capitals,2,0.6923076923076923,1.4,0.6,1.0
1216500,S Gopal,Delhi Capitals,0,1.0392156862745099,1.6,1.2,0.0
1216500,VR Aaron,Delhi Capitals,0,0.92,0.8,0.0,0.0
1216501,AD Russell,Chennai Super Kings,1,1.1160714285714286,1.0,0.6923076923076923,1.0
1216501,CV Varun,Chennai Super Kings,1,1.2142857142857142,1.75,1.1111111111111112,2.0
1216501,DJ Bravo,Kolkata Knight Riders,4,1.3101265822784811,1.4,1.3157894736842106,1.0
1216501,DL Chahar,Kolkata Knight Riders,0,0.9753086419753086,1.6,1.3333333333333333,0.0
1216501,KL Nagarkoti,Chennai Super Kings,1,0.45454545454545453,0.5,0.3333333333333333,2.0
1216501,KV Sharma,Kolkata Knight Riders,2,1.0,0.8,1.3333333333333333,0.0
1216501,PJ Cummins,Chennai Super Kings,0,1.1379310344827587,1.4,0.75,1.0
1216501,SM Curran,Kolkata Knight Riders,2,1.0689655172413792,1.8,0.75,0.0
1216501,SN Thakur,Kolkata Knight Riders,2,1.0869565217391304,0.8,1.2727272727272727,1.0
1216501,SP Narine,Chennai Super Kings,1,1.1428571428571428,0.8,1.25,1.0
1216501,Shivam Mavi,Chennai Super Kings,1,1.03125,0.6,0.5,2.0
1216502,CH Morris,Sunrisers Hyderabad,0,1.3209876543209877,0.8,1.0833333333333333,0.0
1216502,I Udana,Sunrisers Hyderabad,1,0.8,0.5,1.0,0.0
1216502,JO Holder,Royal Challengers Bangalore,2,1.2826086956521738,1.8,1.7142857142857142,4.0
1216502,Mohammed Siraj,Sunrisers Hyderabad,0,1.032258064516129,1.2,0.9090909090909091,1.0
1216502,Navdeep Saini,Sunrisers Hyderabad,1,0.8387096774193549,1.0,1.25,0.0
1216502,Rashid Khan,Royal Challengers Bangalore,1,1.2975206611570247,1.4,1.3076923076923077,2.0
1216502,S Nadeem,Royal Challengers Bangalore,1,0.7714285714285715,1.2,1.0,0.0
1216502,Sandeep Sharma,Royal Challengers Bangalore,2,1.2142857142857142,2.0,1.6666666666666667,0.0
1216502,T Natarajan,Royal Challengers Bangalore,1,1.2459016393442623,0.4,1.125,1.0
1216502,Washington Sundar,Sunrisers Hyderabad,1,0.6724137931034483,1.2,0.5714285714285714,1.0
1216502,YS Chahal,Sunrisers Hyderabad,2,1.3396226415094339,1.6,1.3333333333333333,0.0
1216503,JDS Neesham,Mumbai Indians,0,0.6153846153846154,0.2,0.0,0.0
1216503,JJ Bumrah,Kings XI Punjab,2,1.368421052631579,1.6,1.6666666666666667,2.0
1216503,JL Pattinson,Kings XI Punjab,2,1.1,0.75,2.0,2.0
1216503,K Gowtham,Mumbai Indians,1,0.6285714285714286,0.2,0.2,1.0
1216503,KH Pandya,Kings XI Punjab,1,0.6837606837606838,0.6,0.5555555555555556,0.0
1216503,Mohammed Shami,Mumbai Indians,1,1.309090909090909,1.8,1.2857142857142858,0.0
1216503,RD Chahar,Kings XI Punjab,2,0.987012987012987,1.0,1.25,2.0
1216503,Ravi Bishnoi,Mumbai Indians,1,1.0461538461538462,1.0,1.3,0.0
1216503,SS Cottrell,Mumbai Indians,1,1.0,1.5,1.0,2.0
1216503,TA Boult,Kings XI Punjab,1,1.2427184466019416,1.0,1.2857142857142858,2.0
1216504,AS Rajpoot,Kolkata Knight Riders,1,0.8275862068965517,0.8,0.5,0.0
1216504,CV Varun,Rajasthan Royals,2,1.2142857142857142,1.8,1.2857142857142858,1.0
1216504,JC Archer,Kolkata Knight Riders,2,1.225,1.4,1.0,1.0
1216504,JD Unadkat,Kolkata Knight Riders,1,1.0480769230769231,1.0,0.5384615384615384,2.0
1216504,KL Nagarkoti,Rajasthan Royals,2,0.45454545454545453,1.0,1.5,1.0
1216504,Kuldeep Yadav,Rajasthan Royals,1,1.0975609756097562,0.4,1.1,0.0
1216504,PJ Cummins,Rajasthan Royals,1,1.1379310344827587,1.2,1.5,0.0
1216504,R Parag,Kolkata Knight Riders,0,0.23809523809523808,0.2,0.0,0.0
1216504,R Tewatia,Kolkata Knight Riders,1,0.6923076923076923,1.4,1.25,0.0
1216504,S Gopal,Kolkata Knight Riders,0,1.0392156862745099,1.2,1.0,0.0
1216504,SP Narine,Rajasthan Royals,1,1.1428571428571428,0.6,0.7894736842105263,2.0
1216504,Shivam Mavi,Rajasthan Royals,2,1.03125,1.0,1.75,2.0
1216504,TK Curran,Kolkata Knight Riders,1,1.0,1.0,1.0,0.0
1216505,A Nortje,Royal Challengers Bangalore,4,1.3478260869565217,1.75,2.0,2.0
1216505,AR Patel,Royal Challengers Bangalore,0,0.8851351351351351,0.6,1.0555555555555556,0.0
1216505,CH Morris,Delhi Capitals,0,1.3209876543209877,0.6,0.5,4.0
1216505,DR Sams,Royal Challengers Bangalore,0,0.9375,0.0,0.0,0.0
1216505,I Udana,Delhi Capitals,0,0.8,0.3333333333333333,0.5,2.0
1216505,K Rabada,Royal Challengers Bangalore,2,1.575,2.6,2.2857142857142856,1.0
1216505,Mohammed Siraj,Delhi Capitals,1,1.032258064516129,1.2,1.4444444444444444,2.0
1216505,R Ashwin,Royal Challengers Bangalore,1,0.9519230769230769,1.0,0.8461538461538461,0.0
1216505,Shahbaz Ahmed,Delhi Capitals,2,0.5,2.0,0.5,0.0
1216505,Washington Sundar,Delhi Capitals,1,0.6724137931034483,1.2,1.0,0.0
1216505,YS Chahal,Delhi Capitals,0,1.3396226415094339,1.4,1.0,1.0
1216506,CJ Jordan,Chennai Super Kings,1,1.0588235294117647,1.2,1.0,0.0
1216506,DL Chahar,Kings XI Punjab,0,0.9753086419753086,1.2,0.2857142857142857,2.0
1216506,Imran Tahir,Kings XI Punjab,1,1.4576271186440677,1.2,1.3333333333333333,0.0
1216506,JDS Neesham,Chennai Super Kings,0,0.6153846153846154,0.2,0.3333333333333333,0.0
1216506,L Ngidi,Kings XI Punjab,3,2.0,2.2,3.5,2.0
1216506,M Ashwin,Chennai Super Kings,0,0.7954545454545454,0.4,0.4,3.0
1216506,Mohammed Shami,Chennai Super Kings,0,1.309090909090909,1.6,1.0,1.0
1216506,RA Jadeja,Kings XI Punjab,1,0.8009478672985783,1.0,0.7777777777777778,0.0
1216506,Ravi Bishnoi,Chennai Super Kings,0,1.0461538461538462,0.75,1.0,3.0
1216506,SM Curran,Kings XI Punjab,0,1.0689655172413792,1.8,0.0,1.0
1216506,SN Thakur,Kings XI Punjab,1,1.0869565217391304,1.0,2.0,1.0
1216507,Abhishek Sharma,Rajasthan Royals,0,0.4230769230769231,0.3333333333333333,0.4,0.0
1216507,BA Stokes,Sunrisers Hyderabad,0,0.8157894736842105,0.6,0.5714285714285714,0.0
1216507,JC Archer,Sunrisers Hyderabad,1,1.225,1.6,1.5,1.0
1216507,JD Unadkat,Sunrisers Hyderabad,2,1.0480769230769231,1.2,1.3333333333333333,0.0
1216507,KK Ahmed,Rajasthan Royals,2,1.368421052631579,2.4,1.0,0.0
1216507,Kartik Tyagi,Sunrisers Hyderabad,1,0.8,1.0,0.6666666666666666,1.0
1216507,R Tewatia,Sunrisers Hyderabad,0,0.6923076923076923,1.4,0.42857142857142855,0.0
1216507,Rashid Khan,Rajasthan Royals,2,1.2975206611570247,1.6,1.2142857142857142,1.0
1216507,S Gopal,Sunrisers Hyderabad,0,1.0392156862745099,0.6,1.0,2.0
1216507,Sandeep Sharma,Rajasthan Royals,0,1.2142857142857142,1.8,0.5555555555555556,0.0
1216507,T Natarajan,Rajasthan Royals,1,1.2459016393442623,0.6,1.1428571428571428,2.0
1216507,V Shankar,Rajasthan Royals,0,0.5454545454545454,0.4,0.3333333333333333,1.0
1216508,AD Russell,Mumbai Indians,1,1.1160714285714286,1.0,1.0555555555555556,0.0
1216508,JJ Bumrah,Kolkata Knight Riders,2,1.368421052631579,2.0,1.5,4.0
1216508,JL Pattinson,Kolkata Knight Riders,2,1.1,1.0,2.0,2.0
1216508,KA Pollard,Kolkata Knight Riders,1,0.7570093457943925,0.4,0.45454545454545453,1.0
1216508,KH Pandya,Kolkata Knight Riders,0,0.6837606837606838,0.4,0.6,0.0
1216508,Kuldeep Yadav,Mumbai Indians,0,1.0975609756097562,0.4,0.7,0.0
1216508,PJ Cummins,Mumbai Indians,0,1.1379310344827587,0.8,1.4444444444444444,1.0
1216508,RD Chahar,Kolkata Knight Riders,2,0.987012987012987,1.2,1.5,1.0
1216508,S Sandeep Warrier,Mumbai Indians,0,0.8,0.5,0.0,0.0
1216508,SP Narine,Mumbai Indians,2,1.1428571428571428,0.8,1.2173913043478262,0.0
1216508,Shivam Mavi,Mumbai Indians,2,1.03125,1.4,1.5,1.0
1216508,TA Boult,Kolkata Knight Riders,2,1.2427184466019416,1.2,1.4,2.0
1216509,A Nortje,Chennai Super Kings,2,1.3478260869565217,1.8,1.4285714285714286,3.0
1216509,AR Patel,Chennai Super Kings,0,0.8851351351351351,0.4,0.7647058823529411,2.0
1216509,DJ Bravo,Delhi Capitals,1,1.3101265822784811,1.6,1.5,0.0
1216509,DL Chahar,Delhi Capitals,2,0.9753086419753086,1.0,1.0909090909090908,0.0
1216509,K Rabada,Chennai Super Kings,1,1.575,2.4,1.0,1.0
1216509,KV Sharma,Delhi Capitals,0,1.0,0.8,0.3333333333333333,0.0
1216509,MP Stoinis,Chennai Super Kings,0,0.7258064516129032,1.2,0.4,1.0
1216509,R Ashwin,Chennai Super Kings,0,0.9519230769230769,1.0,1.25,0.0
1216509,RA Jadeja,Delhi Capitals,0,0.8009478672985783,0.6,1.0909090909090908,1.0
1216509,SM Curran,Delhi Capitals,1,1.0689655172413792,1.4,1.0,0.0
1216509,SN Thakur,Delhi Capitals,1,1.0869565217391304,1.2,0.8333333333333334,2.0
1216509,TU Deshpande,Chennai Super Kings,1,1.2777777777777777,0.5,1.0,0.0
1216510,DW Steyn,Kings XI Punjab,0,1.105263157894737,0.8,0.6666666666666666,1.0
1216510,GJ Maxwell,Royal Challengers Bangalore,1,0.5189873417721519,0.2,0.75,0.0
1216510,JDS Neesham,Royal Challengers Bangalore,0,0.6153846153846154,0.2,0.0,1.0
1216510,M Ashwin,Royal Challengers Bangalore,3,0.7954545454545454,0.8,1.0,0.0
1216510,Mohammed Shami,Royal Challengers Bangalore,1,1.309090909090909,1.4,1.3076923076923077,0.0
1216510,Navdeep Saini,Kings XI Punjab,0,0.8387096774193549,0.8,0.5,1.0
1216510,Ravi Bishnoi,Royal Challengers Bangalore,3,1.0461538461538462,1.2,1.0,0.0
1216510,S Dube,Kings XI Punjab,2,0.42857142857142855,0.6666666666666666,2.0,0.0
1216510,SS Cottrell,Royal Challengers Bangalore,2,1.0,1.6666666666666667,2.0,0.0
1216510,UT Yadav,Kings XI Punjab,0,1.1088435374149659,0.8,1.631578947368421,1.0
1216510,Washington Sundar,Kings XI Punjab,0,0.6724137931034483,0.6,0.5,0.0
1216510,YS Chahal,Kings XI Punjab,1,1.3396226415094339,1.4,1.6428571428571428,3.0
1216511,AS Rajpoot,Mumbai Indians,0,0.8275862068965517,0.4,0.7777777777777778,0.0
1216511,JC Archer,Mumbai Indians,1,1.225,1.6,2.0,1.0
1216511,JJ Bumrah,Rajasthan Royals,4,1.368421052631579,2.4,1.2857142857142858,5.0
1216511,JL Pattinson,Rajasthan Royals,2,1.1,1.2,2.0,0.0
1216511,KA Pollard,Rajasthan Royals,1,0.7570093457943925,0.6,0.9285714285714286,0.0
1216511,KH Pandya,Rajasthan Royals,0,0.6837606837606838,0.2,0.4,0.0
1216511,Kartik Tyagi,Mumbai Indians,1,0.8,1.0,0.6666666666666666,0.0
1216511,R Tewatia,Mumbai Indians,0,0.6923076923076923,1.2,0.5714285714285714,0.0
1216511,RD Chahar,Rajasthan Royals,1,0.987012987012987,1.2,1.1111111111111112,2.0
1216511,S Gopal,Mumbai Indians,2,1.0392156862745099,0.6,0.8571428571428571,1.0
1216511,TA Boult,Rajasthan Royals,2,1.2427184466019416,1.4,1.25,1.0
1216511,TK Curran,Mumbai Indians,0,1.0,0.6,0.5,0.0
1216512,AD Russell,Sunrisers Hyderabad,0,1.1160714285714286,0.6,1.3888888888888888,2.0
1216512,Basil Thampi,Kolkata Knight Riders,1,1.04,0.2,1.0,3.0
1216512,CV Varun,Sunrisers Hyderabad,1,1.2142857142857142,1.8,1.0,1.0
1216512,Kuldeep Yadav,Sunrisers Hyderabad,0,1.0975609756097562,0.4,1.2857142857142858,0.0
1216512,LH Ferguson,Sunrisers Hyderabad,5,1.2666666666666666,1.6,1.0,1.0
1216512,PJ Cummins,Sunrisers Hyderabad,1,1.1379310344827587,1.0,0.8,0.0
1216512,Rashid Khan,Kolkata Knight Riders,1,1.2975206611570247,1.4,1.1333333333333333,0.0
1216512,Sandeep Sharma,Kolkata Knight Riders,0,1.2142857142857142,1.4,0.8571428571428571,0.0
1216512,Shivam Mavi,Sunrisers Hyderabad,1,1.03125,1.4,0.8,0.0
1216512,T Natarajan,Kolkata Knight Riders,2,1.2459016393442623,0.8,1.6,3.0
1216512,V Shankar,Kolkata Knight Riders,1,0.5454545454545454,0.4,0.25,1.0
1216513,CJ Jordan,Chennai Super Kings,0,1.0588235294117647,1.0,1.0,2.0
1216513,DJ Bravo,Kings XI Punjab,0,1.3101265822784811,1.6,1.625,0.0
1216513,DL Chahar,Kings XI Punjab,0,0.9753086419753086,0.6,0.2857142857142857,2.0
1216513,Harpreet Brar,Chennai Super Kings,0,0.6410256410256411,0.0,0.4,3.0
1216513,Mohammed Shami,Chennai Super Kings,0,1.309090909090909,0.6,1.0,3.0
1216513,PP Chawla,Kings XI Punjab,1,1.0523560209424083,0.8,1.0714285714285714,2.0
1216513,RA Jadeja,Kings XI Punjab,1,0.8009478672985783,0.8,0.7777777777777778,0.0
1216513,Ravi Bishnoi,Chennai Super Kings,0,1.0461538461538462,1.0,1.0,1.0
1216513,SM Curran,Kings XI Punjab,0,1.0689655172413792,1.2,0.0,0.0
1216513,SN Thakur,Kings XI Punjab,2,1.0869565217391304,1.6,2.0,1.0
1216513,SS Cottrell,Chennai Super Kings,0,1.0,1.25,0.0,1.0
1216514,A Zampa,Rajasthan Royals,0,1.5,1.0,0.0,1.0
1216514,I Udana,Rajasthan Royals,2,0.8,0.75,1.0,1.0
1216514,JC Archer,Royal Challengers Bangalore,1,1.225,1.6,0.4,2.0
1216514,JD Unadkat,Royal Challengers Bangalore,0,1.0480769230769231,0.8,0.8181818181818182,0.0
1216514,Navdeep Saini,Rajasthan Royals,1,0.8387096774193549,1.0,0.25,0.0
1216514,R Parag,Royal Challengers Bangalore,0,0.23809523809523808,0.2,0.25,1.0
1216514,R Tewatia,Royal Challengers Bangalore,0,0.6923076923076923,0.6,0.3333333333333333,0.0
1216514,S Dube,Rajasthan Royals,0,0.42857142857142855,0.5,0.0,0.0
1216514,S Gopal,Royal Challengers Bangalore,1,1.0392156862745099,0.6,2.0,0.0
1216514,TK Curran,Royal Challengers Bangalore,0,1.0,0.6,0.0,1.0
1216514,Washington Sundar,Rajasthan Royals,0,0.6724137931034483,0.4,0.16666666666666666,0.0
1216514,YS Chahal,Rajasthan Royals,3,1.3396226415094339,1.6,1.5,0.0
1216515,A Mishra,Kolkata Knight Riders,1,1.1296296296296295,1.2,1.0,2.0
1216515,A Nortje,Kolkata Knight Riders,3,1.3478260869565217,2.4,2.1666666666666665,2.0
1216515,AD Russell,Delhi Capitals,2,1.1160714285714286,0.8,0.875,0.0
1216515,CV Varun,Delhi Capitals,1,1.2142857142857142,2.0,1.8888888888888888,1.0
1216515,HV Patel,Kolkata Knight Riders,2,1.4660194174757282,1.8,1.3076923076923077,0.0
1216515,K Rabada,Kolkata Knight Riders,1,1.575,1.8,1.4,4.0
1216515,KL Nagarkoti,Delhi Capitals,1,0.45454545454545453,1.0,0.5,0.0
1216515,MP Stoinis,Kolkata Knight Riders,1,0.7258064516129032,1.4,0.8888888888888888,0.0
1216515,PJ Cummins,Delhi Capitals,0,1.1379310344827587,0.4,1.2,0.0
1216515,R Ashwin,Kolkata Knight Riders,0,0.9519230769230769,0.6,0.9230769230769231,1.0
1216515,SP Narine,Delhi Capitals,0,1.1428571428571428,0.8,0.8,0.0
1216515,Shivam Mavi,Delhi Capitals,0,1.03125,1.2,0.3333333333333333,1.0
1216516,Abdul Samad,Chennai Super Kings,1,0.4,1.0,1.0,0.0
1216516,Abhishek Sharma,Chennai Super Kings,0,0.4230769230769231,0.25,0.0,0.0
1216516,B Kumar,Chennai Super Kings,1,1.1079545454545454,1.2,0.7,2.0
1216516,DJ Bravo,Sunrisers Hyderabad,0,1.3101265822784811,1.2,1.375,0.0
1216516,DL Chahar,Sunrisers Hyderabad,2,0.9753086419753086,0.8,0.8333333333333334,0.0
1216516,KK Ahmed,Chennai Super Kings,0,1.368421052631579,1.8,1.0,2.0
1216516,PP Chawla,Sunrisers Hyderabad,2,1.0523560209424083,1.0,0.9473684210526315,0.0
1216516,RA Jadeja,Sunrisers Hyderabad,0,0.8009478672985783,0.4,0.43478260869565216,0.0
1216516,Rashid Khan,Chennai Super Kings,0,1.2975206611570247,1.2,1.0588235294117647,1.0
1216516,SM Curran,Sunrisers Hyderabad,0,1.0689655172413792,0.6,0.8333333333333334,1.0
1216516,SN Thakur,Sunrisers Hyderabad,1,1.0869565217391304,1.4,0.9333333333333333,0.0
1216516,T Natarajan,Chennai Super Kings,3,1.2459016393442623,1.4,1.8333333333333333,0.0
1216517,Arshdeep Singh,Mumbai Indians,2,1.2923076923076924,1.8,1.2857142857142858,0.0
1216517,CJ Jordan,Mumbai Indians,2,1.0588235294117647,1.4,1.0,2.0
1216517,DJ Hooda,Mumbai Indians,0,0.30303030303030304,0.2,0.4,0.0
1216517,GJ Maxwell,Mumbai Indians,0,0.5189873417721519,0.2,0.3333333333333333,1.0
1216517,JJ Bumrah,Kings XI Punjab,5,1.368421052631579,3.2,1.6666666666666667,2.0
1216517,KA Pollard,Kings XI Punjab,0,0.7570093457943925,0.6,0.38461538461538464,0.0
1216517,KH Pandya,Kings XI Punjab,0,0.6837606837606838,0.2,0.5555555555555556,0.0
1216517,M Ashwin,Mumbai Indians,0,0.7954545454545454,0.8,0.75,1.0
1216517,Mohammed Shami,Mumbai Indians,3,1.309090909090909,1.0,1.2857142857142858,3.0
1216517,NM Coulter-Nile,Kings XI Punjab,0,1.368421052631579,0.8,1.25,1.0
1216517,RD Chahar,Kings XI Punjab,2,0.987012987012987,1.6,1.25,2.0
1216517,Ravi Bishnoi,Mumbai Indians,1,1.0461538461538462,1.0,1.3,2.0
1216517,TA Boult,Kings XI Punjab,1,1.2427184466019416,1.4,1.2857142857142858,4.0
1216518,AS Rajpoot,Sunrisers Hyderabad,0,0.8275862068965517,0.4,1.5,1.0
1216518,BA Stokes,Sunrisers Hyderabad,0,0.8157894736842105,0.4,0.5714285714285714,0.0
1216518,JC Archer,Sunrisers Hyderabad,2,1.225,1.4,1.5,0.0
1216518,JO Holder,Rajasthan Royals,4,1.2826086956521738,2.6,1.5,1.0
1216518,Kartik Tyagi,Sunrisers Hyderabad,0,0.8,0.75,0.6666666666666666,1.0
1216518,R Tewatia,Sunrisers Hyderabad,0,0.6923076923076923,0.2,0.42857142857142855,1.0
1216518,Rashid Khan,Rajasthan Royals,1,1.2975206611570247,1.0,1.2142857142857142,3.0
1216518,S Gopal,Sunrisers Hyderabad,0,1.0392156862745099,0.6,1.0,1.0
1216518,S Nadeem,Rajasthan Royals,0,0.7714285714285715,1.0,0.8,1.0
1216518,Sandeep Sharma,Rajasthan Royals,0,1.2142857142857142,0.8,0.5555555555555556,2.0
1216518,T Natarajan,Rajasthan Royals,0,1.2459016393442623,1.4,1.1428571428571428,2.0
1216518,V Shankar,Rajasthan Royals,1,0.5454545454545454,0.6,0.3333333333333333,1.0
1216519,A Nortje,Royal Challengers Bangalore,2,1.3478260869565217,2.4,2.0,1.0
1216519,AR Patel,Royal Challengers Bangalore,2,0.8851351351351351,0.6,1.0555555555555556,0.0
1216519,HV Patel,Royal Challengers Bangalore,0,1.4660194174757282,1.2,0.6666666666666666,0.0
1216519,I Udana,Delhi Capitals,1,0.8,0.8,0.5,0.0
1216519,K Rabada,Royal Challengers Bangalore,4,1.575,2.2,2.2857142857142856,0.0
1216519,MM Ali,Delhi Capitals,1,0.7692307692307693,1.2,0.8571428571428571,0.0
1216519,Mohammed Siraj,Delhi Capitals,2,1.032258064516129,1.6,1.4444444444444444,0.0
1216519,Navdeep Saini,Delhi Capitals,0,0.8387096774193549,0.6,1.0,0.0
1216519,R Ashwin,Royal Challengers Bangalore,1,0.9519230769230769,0.8,0.8461538461538461,1.0
1216519,Washington Sundar,Delhi Capitals,0,0.6724137931034483,0.4,1.0,0.0
1216519,YS Chahal,Delhi Capitals,0,1.3396226415094339,1.2,1.0,2.0
1216520,Arshdeep Singh,Kolkata Knight Riders,0,1.2923076923076924,1.4,1.3333333333333333,2.0
1216520,CJ Jordan,Kolkata Knight Riders,2,1.0588235294117647,1.6,0.8,1.0
1216520,CV Varun,Kings XI Punjab,1,1.2142857142857142,1.2,0.5,0.0
1216520,GJ Maxwell,Kolkata Knight Riders,1,0.5189873417721519,0.4,0.4,0.0
1216520,LH Ferguson,Kings XI Punjab,1,1.2666666666666666,1.8,1.0,0.0
1216520,M Ashwin,Kolkata Knight Riders,1,0.7954545454545454,1.0,1.0,1.0
1216520,M Prasidh Krishna,Kings XI Punjab,0,1.0588235294117647,0.4,1.25,3.0
1216520,Mohammed Shami,Kolkata Knight Riders,3,1.309090909090909,1.4,1.2857142857142858,2.0
1216520,PJ Cummins,Kings XI Punjab,0,1.1379310344827587,0.4,0.6666666666666666,0.0
1216520,Ravi Bishnoi,Kolkata Knight Riders,2,1.0461538461538462,1.2,1.2222222222222223,1.0
1216520,SP Narine,Kings XI Punjab,0,1.1428571428571428,0.8,1.631578947368421,2.0
1216521,DL Chahar,Mumbai Indians,0,0.9753086419753086,0.8,1.0,1.0
1216521,Imran Tahir,Mumbai Indians,0,1.4576271186440677,1.2,1.2857142857142858,0.0
1216521,JJ Bumrah,Chennai Super Kings,2,1.368421052631579,3.0,0.8,1.0
1216521,JR Hazlewood,Mumbai Indians,0,1.3333333333333333,0.0,0.3333333333333333,1.0
1216521,KA Pollard,Chennai Super Kings,0,0.7570093457943925,0.6,0.9375,0.0
1216521,KH Pandya,Chennai Super Kings,0,0.6837606837606838,0.2,0.75,0.0
1216521,NM Coulter-Nile,Chennai Super Kings,1,1.368421052631579,1.0,2.0,1.0
1216521,RA Jadeja,Mumbai Indians,0,0.8009478672985783,0.4,0.6451612903225806,0.0
1216521,RD Chahar,Chennai Super Kings,2,0.987012987012987,1.8,1.1538461538461537,2.0
1216521,SN Thakur,Mumbai Indians,0,1.0869565217391304,1.0,0.9230769230769231,2.0
1216521,TA Boult,Chennai Super Kings,4,1.2427184466019416,2.0,1.25,1.0
1216522,CH Morris,Rajasthan Royals,4,1.3209876543209877,1.2,1.2,3.0
1216522,I Udana,Rajasthan Royals,0,0.8,0.8,1.0,1.0
1216522,JC Archer,Royal Challengers Bangalore,0,1.225,1.0,0.4,0.0
1216522,JD Unadkat,Royal Challengers Bangalore,0,1.0480769230769231,0.6,0.8181818181818182,0.0
1216522,Kartik Tyagi,Royal Challengers Bangalore,1,0.8,0.8,0.5,2.0
1216522,Navdeep Saini,Rajasthan Royals,0,0.8387096774193549,0.4,0.25,1.0
1216522,R Tewatia,Royal Challengers Bangalore,1,0.6923076923076923,0.2,0.3333333333333333,0.0
1216522,S Gopal,Royal Challengers Bangalore,1,1.0392156862745099,0.8,2.0,0.0
1216522,Shahbaz Ahmed,Rajasthan Royals,0,0.5,1.0,0.8333333333333334,0.0
1216522,Washington Sundar,Rajasthan Royals,0,0.6724137931034483,0.2,0.16666666666666666,2.0
1216522,YS Chahal,Rajasthan Royals,2,1.3396226415094339,1.2,1.5,1.0
1216523,Arshdeep Singh,Kolkata Knight Riders,2,1.2923076923076924,1.6,1.3333333333333333,1.0
1216523,CJ Jordan,Kolkata Knight Riders,1,1.0588235294117647,1.2,0.8,1.0
1216523,CV Varun,Kings XI Punjab,0,1.2142857142857142,1.0,0.5,1.0
1216523,KL Nagarkoti,Kings XI Punjab,0,0.45454545454545453,0.8,0.0,1.0
1216523,M Prasidh Krishna,Kings XI Punjab,3,1.0588235294117647,0.8,1.25,0.0
1216523,Mohammed Shami,Kolkata Knight Riders,2,1.309090909090909,1.8,1.2857142857142858,3.0
1216523,Mujeeb Ur Rahman,Kolkata Knight Riders,0,1.0526315789473684,0.2,0.6666666666666666,0.0
1216523,N Rana,Kings XI Punjab,0,0.4166666666666667,0.6,0.3333333333333333,0.0
1216523,PJ Cummins,Kings XI Punjab,0,1.1379310344827587,0.2,0.6666666666666666,0.0
1216523,Ravi Bishnoi,Kolkata Knight Riders,1,1.0461538461538462,1.4,1.2222222222222223,0.0
1216523,SP Narine,Kings XI Punjab,2,1.1428571428571428,1.0,1.631578947368421,0.0
1216524,A Nortje,Sunrisers Hyderabad,1,1.3478260869565217,2.4,0.75,0.0
1216524,AR Patel,Sunrisers Hyderabad,0,0.8851351351351351,0.6,0.8947368421052632,1.0
1216524,JO Holder,Delhi Capitals,1,1.2826086956521738,2.2,0.3333333333333333,3.0
1216524,K Rabada,Sunrisers Hyderabad,0,1.575,1.6,1.5454545454545454,2.0
1216524,MP Stoinis,Sunrisers Hyderabad,0,0.7258064516129032,1.0,0.5,1.0
1216524,R Ashwin,Sunrisers Hyderabad,1,0.9519230769230769,0.6,0.65,1.0
1216524,Rashid Khan,Delhi Capitals,3,1.2975206611570247,1.4,1.4615384615384615,0.0
1216524,S Nadeem,Delhi Capitals,1,0.7714285714285715,1.0,0.5,0.0
1216524,Sandeep Sharma,Delhi Capitals,2,1.2142857142857142,0.8,1.0,2.0
1216524,T Natarajan,Delhi Capitals,2,1.2459016393442623,1.6,1.6666666666666667,2.0
1216524,TU Deshpande,Sunrisers Hyderabad,0,1.2777777777777777,0.3333333333333333,1.0,2.0
1216524,V Shankar,Delhi Capitals,1,0.5454545454545454,0.6,0.5,1.0
1216525,CH Morris,Chennai Super Kings,3,1.3209876543209877,1.6,1.8333333333333333,0.0
1216525,DJ Bravo,Royal Challengers Bangalore,0,1.3101265822784811,1.0,1.0434782608695652,2.0
1216525,DL Chahar,Royal Challengers Bangalore,1,0.9753086419753086,1.0,0.75,0.0
1216525,I Udana,Chennai Super Kings,1,0.8,0.8,1.0,0.0
1216525,KV Sharma,Royal Challengers Bangalore,0,1.0,0.8,0.8571428571428571,2.0
1216525,Navdeep Saini,Chennai Super Kings,1,0.8387096774193549,0.4,0.5,0.0
1216525,RA Jadeja,Royal Challengers Bangalore,0,0.8009478672985783,0.2,1.037037037037037,1.0
1216525,S Dube,Chennai Super Kings,0,0.42857142857142855,0.4,0.0,3.0
1216525,SM Curran,Royal Challengers Bangalore,1,1.0689655172413792,0.4,1.0,2.0
1216525,SN Thakur,Royal Challengers Bangalore,2,1.0869565217391304,1.2,1.4444444444444444,1.0
1216525,Washington Sundar,Chennai Super Kings,2,0.6724137931034483,0.4,0.6666666666666666,0.0
1216525,YS Chahal,Chennai Super Kings,1,1.3396226415094339,1.4,1.1176470588235294,2.0
1216526,AD Russell,Mumbai Indians,0,1.1160714285714286,0.8,1.0555555555555556,1.0
1216526,CV Varun,Mumbai Indians,1,1.2142857142857142,0.8,1.125,2.0
1216526,JJ Bumrah,Kolkata Knight Riders,1,1.368421052631579,2.8,1.5,0.0
1216526,KH Pandya,Kolkata Knight Riders,0,0.6837606837606838,0.0,0.6,2.0
1216526,M Prasidh Krishna,Mumbai Indians,0,1.0588235294117647,0.6,1.0,1.0
1216526,NM Coulter-Nile,Kolkata Knight Riders,1,1.368421052631579,0.6,1.0,1.0
1216526,PJ Cummins,Mumbai Indians,0,1.1379310344827587,0.2,1.4444444444444444,4.0
1216526,RD Chahar,Kolkata Knight Riders,2,0.987012987012987,1.8,1.5,1.0
1216526,Shivam Mavi,Mumbai Indians,1,1.03125,1.2,1.5,2.0
1216526,TA Boult,Kolkata Knight Riders,1,1.2427184466019416,2.0,1.4,1.0
1216527,AS Rajpoot,Kings XI Punjab,1,0.8275862068965517,0.4,0.3333333333333333,0.0
1216527,GJ Maxwell,Rajasthan Royals,0,0.5189873417721519,0.4,0.25,0.0
1216527,JC Archer,Kings XI Punjab,0,1.225,0.8,1.1666666666666667,1.0
1216527,JD Unadkat,Kings XI Punjab,0,1.0480769230769231,0.6,0.5454545454545454,2.0
1216527,JDS Neesham,Rajasthan Royals,1,0.6153846153846154,0.2,2.0,1.0
1216527,M Ashwin,Rajasthan Royals,1,0.7954545454545454,1.0,0.6,2.0
1216527,Mohammed Shami,Rajasthan Royals,3,1.309090909090909,2.2,1.5,2.0
1216527,R Tewatia,Kings XI Punjab,0,0.6923076923076923,0.2,0.8333333333333334,3.0
1216527,Ravi Bishnoi,Rajasthan Royals,0,1.0461538461538462,0.8,0.8571428571428571,0.0
1216527,S Gopal,Kings XI Punjab,0,1.0392156862745099,0.8,0.3333333333333333,1.0
1216527,SS Cottrell,Rajasthan Royals,1,1.0,1.2,1.0,0.0
1216527,TK Curran,Kings XI Punjab,1,1.0,0.6,0.5,1.0
1216528,DJ Bravo,Sunrisers Hyderabad,2,1.3101265822784811,0.6,1.375,1.0
1216528,DL Chahar,Sunrisers Hyderabad,0,0.9753086419753086,0.6,0.8333333333333334,2.0
1216528,KK Ahmed,Chennai Super Kings,2,1.368421052631579,1.6,1.0,1.0
1216528,KV Sharma,Sunrisers Hyderabad,2,1.0,1.0,1.0,1.0
1216528,PP Chawla,Sunrisers Hyderabad,0,1.0523560209424083,1.0,0.9473684210526315,0.0
1216528,RA Jadeja,Sunrisers Hyderabad,1,0.8009478672985783,0.4,0.43478260869565216,0.0
1216528,Rashid Khan,Chennai Super Kings,0,1.2975206611570247,1.0,1.0588235294117647,3.0
1216528,S Nadeem,Chennai Super Kings,0,0.7714285714285715,0.8,0.25,2.0
1216528,SM Curran,Sunrisers Hyderabad,2,1.0689655172413792,0.8,0.8333333333333334,0.0
1216528,SN Thakur,Sunrisers Hyderabad,1,1.0869565217391304,1.2,0.9333333333333333,0.0
1216528,Sandeep Sharma,Chennai Super Kings,2,1.2142857142857142,0.8,0.75,0.0
1216528,T Natarajan,Chennai Super Kings,2,1.2459016393442623,1.8,1.8333333333333333,1.0
1216529,A Nortje,Mumbai Indians,0,1.3478260869565217,1.6,1.125,0.0
1216529,AR Patel,Mumbai Indians,1,0.8851351351351351,0.6,0.7142857142857143,0.0
1216529,HV Patel,Mumbai Indians,0,1.4660194174757282,0.8,1.8571428571428572,0.0
1216529,JJ Bumrah,Delhi Capitals,0,1.368421052631579,2.4,1.6666666666666667,4.0
1216529,JL Pattinson,Delhi Capitals,0,1.1,1.2,0.0,2.0
1216529,K Rabada,Mumbai Indians,2,1.575,1.6,1.1666666666666667,2.0
1216529,KA Pollard,Delhi Capitals,0,0.7570093457943925,0.4,0.4,0.0
1216529,KH Pandya,Delhi Capitals,2,0.6837606837606838,0.4,0.4166666666666667,0.0
1216529,MP Stoinis,Mumbai Indians,1,0.7258064516129032,0.8,1.1818181818181819,0.0
1216529,R Ashwin,Mumbai Indians,1,0.9519230769230769,0.6,0.7941176470588235,0.0
1216529,RD Chahar,Delhi Capitals,1,0.987012987012987,1.6,1.0,1.0
1216529,TA Boult,Delhi Capitals,1,1.2427184466019416,1.8,1.4545454545454546,3.0
1216530,BA Stokes,Kolkata Knight Riders,0,0.8157894736842105,0.4,0.8,0.0
1216530,CV Varun,Rajasthan Royals,2,1.2142857142857142,1.0,1.2857142857142858,2.0
1216530,JC Archer,Kolkata Knight Riders,1,1.225,0.8,1.0,1.0
1216530,KL Nagarkoti,Rajasthan Royals,1,0.45454545454545453,1.0,1.5,0.0
1216530,Kartik Tyagi,Kolkata Knight Riders,2,0.8,1.0,1.5,2.0
1216530,PJ Cummins,Rajasthan Royals,4,1.1379310344827587,0.8,1.5,2.0
1216530,R Tewatia,Kolkata Knight Riders,3,0.6923076923076923,0.8,1.25,1.0
1216530,S Gopal,Kolkata Knight Riders,1,1.0392156862745099,0.6,1.0,1.0
1216530,SP Narine,Rajasthan Royals,0,1.1428571428571428,0.8,0.7894736842105263,0.0
1216530,Shivam Mavi,Rajasthan Royals,2,1.03125,1.2,1.75,0.0
1216530,VR Aaron,Kolkata Knight Riders,0,0.92,0.4,1.1111111111111112,0.0
1216531,Arshdeep Singh,Royal Challengers Bangalore,1,1.2923076923076924,1.8,1.0,0.0
1216531,CH Morris,Kings XI Punjab,0,1.3209876543209877,1.4,1.3636363636363635,2.0
1216531,CJ Jordan,Royal Challengers Bangalore,1,1.0588235294117647,1.2,0.75,1.0
1216531,GJ Maxwell,Royal Challengers Bangalore,0,0.5189873417721519,0.4,0.75,0.0
1216531,I Udana,Kings XI Punjab,0,0.8,0.8,0.0,1.0
1216531,M Ashwin,Royal Challengers Bangalore,2,0.7954545454545454,1.4,1.0,1.0
1216531,Mohammed Shami,Royal Challengers Bangalore,2,1.309090909090909,2.6,1.3076923076923077,0.0
1216531,Mohammed Siraj,Kings XI Punjab,0,1.032258064516129,1.0,0.6666666666666666,1.0
1216531,Navdeep Saini,Kings XI Punjab,0,0.8387096774193549,0.4,0.5,2.0
1216531,Ravi Bishnoi,Royal Challengers Bangalore,0,1.0461538461538462,0.8,1.0,1.0
1216531,Washington Sundar,Kings XI Punjab,0,0.6724137931034483,0.4,0.5,0.0
1216531,YS Chahal,Kings XI Punjab,2,1.3396226415094339,1.6,1.6428571428571428,3.0
1216532,A Mishra,Sunrisers Hyderabad,2,1.1296296296296295,1.6,0.9285714285714286,0.0
1216532,A Nortje,Sunrisers Hyderabad,0,1.3478260869565217,1.2,0.75,1.0
1216532,AR Patel,Sunrisers Hyderabad,0,0.8851351351351351,0.6,0.8947368421052632,2.0
1216532,Abhishek Sharma,Delhi Capitals,0,0.4230769230769231,0.2,0.5,1.0
1216532,B Kumar,Delhi Capitals,2,1.1079545454545454,1.6,1.6666666666666667,2.0
1216532,I Sharma,Sunrisers Hyderabad,0,0.8727272727272727,1.4,0.625,1.0
1216532,K Rabada,Sunrisers Hyderabad,2,1.575,1.8,1.5454545454545454,0.0
1216532,KK Ahmed,Delhi Capitals,1,1.368421052631579,1.2,1.6,3.0
1216532,MP Stoinis,Sunrisers Hyderabad,0,0.7258064516129032,0.4,0.5,0.0
1216532,Rashid Khan,Delhi Capitals,3,1.2975206611570247,1.4,1.4615384615384615,0.0
1216532,T Natarajan,Delhi Capitals,1,1.2459016393442623,1.6,1.6666666666666667,1.0
1216533,AS Rajpoot,Chennai Super Kings,0,0.8275862068965517,0.4,1.0,0.0
1216533,BA Stokes,Chennai Super Kings,0,0.8157894736842105,0.4,0.8,2.0
1216533,DL Chahar,Rajasthan Royals,2,0.9753086419753086,1.0,1.5,0.0
1216533,JC Archer,Chennai Super Kings,1,1.225,0.8,1.1666666666666667,2.0
1216533,JR Hazlewood,Rajasthan Royals,1,1.3333333333333333,0.5,1.5,0.0
1216533,Kartik Tyagi,Chennai Super Kings,2,0.8,1.2,1.0,0.0
1216533,PP Chawla,Rajasthan Royals,0,1.0523560209424083,0.8,1.0909090909090908,2.0
1216533,R Tewatia,Chennai Super Kings,1,0.6923076923076923,1.0,1.3333333333333333,0.0
1216533,RA Jadeja,Rajasthan Royals,0,0.8009478672985783,0.2,1.0476190476190477,1.0
1216533,S Gopal,Chennai Super Kings,1,1.0392156862745099,0.6,1.0,0.0
1216533,SM Curran,Rajasthan Royals,0,1.0689655172413792,0.6,1.4444444444444444,0.0
1216533,SN Thakur,Rajasthan Royals,0,1.0869565217391304,0.8,0.9090909090909091,2.0
1216534,Abhishek Sharma,Royal Challengers Bangalore,1,0.4230769230769231,0.2,0.3333333333333333,1.0
1216534,B Kumar,Royal Challengers Bangalore,2,1.1079545454545454,1.8,1.0476190476190477,0.0
1216534,MR Marsh,Royal Challengers Bangalore,0,1.088235294117647,1.2,1.2,1.0
1216534,Navdeep Saini,Sunrisers Hyderabad,2,0.8387096774193549,0.6,1.25,1.0
1216534,Rashid Khan,Royal Challengers Bangalore,0,1.2975206611570247,1.4,1.3076923076923077,1.0
1216534,S Dube,Sunrisers Hyderabad,3,0.42857142857142855,1.0,1.5,0.0
1216534,Sandeep Sharma,Royal Challengers Bangalore,0,1.2142857142857142,0.8,1.6666666666666667,2.0
1216534,T Natarajan,Royal Challengers Bangalore,1,1.2459016393442623,1.2,1.125,0.0
1216534,UT Yadav,Sunrisers Hyderabad,1,1.1088435374149659,0.4,0.8421052631578947,2.0
1216534,V Shankar,Royal Challengers Bangalore,1,0.5454545454545454,0.8,0.6666666666666666,0.0
1216534,Washington Sundar,Sunrisers Hyderabad,0,0.6724137931034483,0.4,0.5714285714285714,3.0
1216534,YS Chahal,Sunrisers Hyderabad,3,1.3396226415094339,1.6,1.3333333333333333,1.0
1216535,A Nortje,Mumbai Indians,1,1.3478260869565217,0.8,1.125,2.0
1216535,HV Patel,Mumbai Indians,0,1.4660194174757282,0.6,1.8571428571428572,6.0
1216535,J Yadav,Delhi Capitals,0,0.45,0.2,0.8,1.0
1216535,JJ Bumrah,Delhi Capitals,4,1.368421052631579,2.4,1.6666666666666667,2.0
1216535,K Rabada,Mumbai Indians,0,1.575,1.6,1.1666666666666667,3.0
1216535,KH Pandya,Delhi Capitals,0,0.6837606837606838,0.4,0.4166666666666667,1.0
1216535,MP Stoinis,Mumbai Indians,0,0.7258064516129032,0.4,1.1818181818181819,0.0
1216535,NM Coulter-Nile,Delhi Capitals,1,1.368421052631579,0.6,1.25,0.0
1216535,P Dubey,Mumbai Indians,0,0.25,0.0,0.0,0.0
1216535,R Ashwin,Mumbai Indians,0,0.9519230769230769,0.6,0.7941176470588235,1.0
1216535,RD Chahar,Delhi Capitals,1,0.987012987012987,1.6,1.0,0.0
1216535,TA Boult,Delhi Capitals,3,1.2427184466019416,2.0,1.4545454545454546,2.0
1216536,CV Varun,Chennai Super Kings,2,1.2142857142857142,1.2,1.1111111111111112,0.0
1216536,DL Chahar,Kolkata Knight Riders,0,0.9753086419753086,0.6,1.3333333333333333,0.0
1216536,KL Nagarkoti,Chennai Super Kings,0,0.45454545454545453,0.8,0.3333333333333333,0.0
1216536,KV Sharma,Kolkata Knight Riders,1,1.0,1.0,1.3333333333333333,2.0
1216536,L Ngidi,Kolkata Knight Riders,2,2.0,2.4,2.0,3.0
1216536,LH Ferguson,Chennai Super Kings,0,1.2666666666666666,1.8,0.6,2.0
1216536,MJ Santner,Kolkata Knight Riders,1,0.8888888888888888,1.0,1.0,1.0
1216536,N Rana,Chennai Super Kings,0,0.4166666666666667,0.4,0.0,0.0
1216536,PJ Cummins,Chennai Super Kings,2,1.1379310344827587,1.2,0.75,0.0
1216536,RA Jadeja,Kolkata Knight Riders,1,0.8009478672985783,0.4,0.8148148148148148,0.0
1216536,SM Curran,Kolkata Knight Riders,0,1.0689655172413792,0.6,0.75,1.0
1216536,SP Narine,Chennai Super Kings,0,1.1428571428571428,0.4,1.25,0.0
1216537,Arshdeep Singh,Rajasthan Royals,0,1.2923076923076924,1.0,1.8888888888888888,2.0
1216537,BA Stokes,Kings XI Punjab,2,0.8157894736842105,0.4,1.1666666666666667,0.0
1216537,CJ Jordan,Rajasthan Royals,1,1.0588235294117647,1.4,1.0,0.0
1216537,JC Archer,Kings XI Punjab,2,1.225,0.8,1.1666666666666667,2.0
1216537,Kartik Tyagi,Kings XI Punjab,0,0.8,1.0,0.0,1.0
1216537,M Ashwin,Rajasthan Royals,1,0.7954545454545454,1.0,0.6,1.0
1216537,Mohammed Shami,Rajasthan Royals,0,1.309090909090909,2.0,1.5,1.0
1216537,R Tewatia,Kings XI Punjab,0,0.6923076923076923,1.0,0.8333333333333334,0.0
1216537,Ravi Bishnoi,Rajasthan Royals,1,1.0461538461538462,0.8,0.8571428571428571,3.0
1216537,S Gopal,Kings XI Punjab,0,1.0392156862745099,0.6,0.3333333333333333,2.0
1216537,VR Aaron,Kings XI Punjab,0,0.92,0.0,0.6666666666666666,2.0
1216538,Abdul Samad,Mumbai Indians,0,0.4,0.5,0.0,0.0
1216538,JJ Bumrah,Sunrisers Hyderabad,2,1.368421052631579,1.8,1.2666666666666666,0.0
1216538,JL Pattinson,Sunrisers Hyderabad,2,1.1,1.6,1.0,2.0
1216538,KA Pollard,Sunrisers Hyderabad,0,0.7570093457943925,0.2,0.42857142857142855,0.0
1216538,KH Pandya,Sunrisers Hyderabad,1,0.6837606837606838,0.6,0.8461538461538461,0.0
1216538,RD Chahar,Sunrisers Hyderabad,0,0.987012987012987,1.2,1.0,0.0
1216538,Rashid Khan,Mumbai Indians,1,1.2975206611570247,1.4,1.4,3.0
1216538,S Kaul,Mumbai Indians,2,1.1454545454545455,1.4,1.7142857142857142,2.0
1216538,Sandeep Sharma,Mumbai Indians,2,1.2142857142857142,1.2,1.5,0.0
1216538,T Natarajan,Mumbai Indians,0,1.2459016393442623,1.2,0.6,3.0
1216538,TA Boult,Sunrisers Hyderabad,2,1.2427184466019416,2.2,1.4166666666666667,0.0
1216539,A Mishra,Chennai Super Kings,0,1.1296296296296295,1.0,0.875,0.0
1216539,A Nortje,Chennai Super Kings,2,1.3478260869565217,0.8,1.4285714285714286,2.0
1216539,AR Patel,Chennai Super Kings,2,0.8851351351351351,1.0,0.7647058823529411,2.0
1216539,Avesh Khan,Chennai Super Kings,0,1.3064516129032258,0.0,1.0,3.0
1216539,DL Chahar,Delhi Capitals,0,0.9753086419753086,0.6,1.0909090909090908,2.0
1216539,JR Hazlewood,Delhi Capitals,0,1.3333333333333333,0.3333333333333333,1.4,0.0
1216539,K Rabada,Chennai Super Kings,3,1.575,1.4,1.0,1.0
1216539,PP Chawla,Delhi Capitals,2,1.0523560209424083,1.0,1.1666666666666667,1.0
1216539,RA Jadeja,Delhi Capitals,0,0.8009478672985783,0.4,1.0909090909090908,0.0
1216539,SM Curran,Delhi Capitals,1,1.0689655172413792,0.8,1.0,3.0
1216540,AD Russell,Royal Challengers Bangalore,1,1.1160714285714286,0.8,0.8571428571428571,2.0
1216540,CH Morris,Kolkata Knight Riders,2,1.3209876543209877,1.8,1.6428571428571428,1.0
1216540,CV Varun,Royal Challengers Bangalore,0,1.2142857142857142,1.0,1.75,1.0
1216540,I Udana,Kolkata Knight Riders,1,0.8,0.6,0.5,2.0
1216540,KL Nagarkoti,Royal Challengers Bangalore,0,0.45454545454545453,0.4,0.0,0.0
1216540,M Prasidh Krishna,Royal Challengers Bangalore,1,1.0588235294117647,0.8,0.8888888888888888,2.0
1216540,Mohammed Siraj,Kolkata Knight Riders,1,1.032258064516129,0.8,1.0714285714285714,0.0
1216540,Navdeep Saini,Kolkata Knight Riders,1,0.8387096774193549,0.8,1.25,0.0
1216540,PJ Cummins,Royal Challengers Bangalore,0,1.1379310344827587,1.2,0.6666666666666666,1.0
1216540,Washington Sundar,Kolkata Knight Riders,3,0.6724137931034483,1.0,1.125,0.0
1216540,YS Chahal,Kolkata Knight Riders,1,1.3396226415094339,1.8,1.3181818181818181,1.0
1216541,JC Archer,Mumbai Indians,2,1.225,1.2,2.0,3.0
1216541,JJ Bumrah,Rajasthan Royals,0,1.368421052631579,1.4,1.2857142857142858,0.0
1216541,JL Pattinson,Rajasthan Royals,2,1.1,1.6,2.0,0.0
1216541,KA Pollard,Rajasthan Royals,0,0.7570093457943925,0.0,0.9285714285714286,0.0
1216541,KH Pandya,Rajasthan Royals,0,0.6837606837606838,0.6,0.4,0.0
1216541,Kartik Tyagi,Mumbai Indians,1,0.8,1.2,0.6666666666666666,1.0
1216541,R Tewatia,Mumbai Indians,0,0.6923076923076923,0.8,0.5714285714285714,0.0
1216541,RD Chahar,Rajasthan Royals,0,0.987012987012987,0.8,1.1111111111111112,1.0
1216541,S Gopal,Mumbai Indians,2,1.0392156862745099,0.8,0.8571428571428571,1.0
1216541,TA Boult,Rajasthan Royals,0,1.2427184466019416,1.4,1.25,2.0
1216542,Abdul Samad,Kings XI Punjab,0,0.4,0.3333333333333333,0.0,1.0
1216542,Abhishek Sharma,Kings XI Punjab,1,0.4230769230769231,0.4,0.5,0.0
1216542,Arshdeep Singh,Sunrisers Hyderabad,2,1.2923076923076924,1.0,1.6,0.0
1216542,GJ Maxwell,Sunrisers Hyderabad,0,0.5189873417721519,0.2,0.5555555555555556,1.0
1216542,KK Ahmed,Kings XI Punjab,3,1.368421052631579,1.6,2.3333333333333335,1.0
1216542,Mohammed Shami,Sunrisers Hyderabad,1,1.309090909090909,1.6,1.2857142857142858,2.0
1216542,Mujeeb Ur Rahman,Sunrisers Hyderabad,0,1.0526315789473684,0.2,0.4,2.0
1216542,Rashid Khan,Kings XI Punjab,3,1.2975206611570247,1.4,2.0,1.0
1216542,Ravi Bishnoi,Sunrisers Hyderabad,3,1.0461538461538462,1.0,1.1428571428571428,0.0
1216542,Sandeep Sharma,Kings XI Punjab,0,1.2142857142857142,1.2,1.6,0.0
1216542,T Natarajan,Kings XI Punjab,3,1.2459016393442623,1.4,1.5,1.0
1216543,A Nortje,Rajasthan Royals,2,1.3478260869565217,1.0,1.3333333333333333,1.0
1216543,AR Patel,Rajasthan Royals,2,0.8851351351351351,1.0,1.0,1.0
1216543,BA Stokes,Delhi Capitals,0,0.8157894736842105,0.4,0.0,0.0
1216543,JC Archer,Delhi Capitals,3,1.225,1.8,2.0,0.0
1216543,JD Unadkat,Delhi Capitals,2,1.0480769230769231,0.8,1.25,3.0
1216543,K Rabada,Rajasthan Royals,1,1.575,1.6,1.875,2.0
1216543,Kartik Tyagi,Delhi Capitals,1,0.8,1.2,0.75,1.0
1216543,R Ashwin,Rajasthan Royals,1,0.9519230769230769,0.8,1.1764705882352942,2.0
1216543,R Tewatia,Delhi Capitals,0,0.6923076923076923,0.8,0.6,0.0
1216543,S Gopal,Delhi Capitals,1,1.0392156862745099,1.0,1.2,0.0
1216543,TU Deshpande,Rajasthan Royals,2,1.2777777777777777,0.75,2.25,0.0
1216544,CH Morris,Chennai Super Kings,1,1.3209876543209877,2.0,1.8333333333333333,2.0
1216544,DL Chahar,Royal Challengers Bangalore,2,0.9753086419753086,0.8,0.75,0.0
1216544,Imran Tahir,Royal Challengers Bangalore,0,1.4576271186440677,0.8,1.5555555555555556,3.0
1216544,MJ Santner,Royal Challengers Bangalore,1,0.8888888888888888,1.2,1.0,1.0
1216544,MM Ali,Chennai Super Kings,0,0.7692307692307693,1.0,0.5,0.0
1216544,Mohammed Siraj,Chennai Super Kings,0,1.032258064516129,0.8,0.2727272727272727,2.0
1216544,Navdeep Saini,Chennai Super Kings,0,0.8387096774193549,0.8,0.5,1.0
1216544,RA Jadeja,Royal Challengers Bangalore,0,0.8009478672985783,0.4,1.037037037037037,0.0
1216544,SM Curran,Royal Challengers Bangalore,3,1.0689655172413792,1.2,1.0,0.0
1216544,Washington Sundar,Chennai Super Kings,0,0.6724137931034483,1.0,0.6666666666666666,1.0
1216544,YS Chahal,Chennai Super Kings,1,1.3396226415094339,1.6,1.1176470588235294,1.0
1216545,AD Russell,Sunrisers Hyderabad,2,1.1160714285714286,1.0,1.3888888888888888,1.0
1216545,Abhishek Sharma,Kolkata Knight Riders,0,0.4230769230769231,0.4,0.0,0.0
1216545,B Kumar,Kolkata Knight Riders,0,1.1079545454545454,1.4,1.1,1.0
1216545,CV Varun,Sunrisers Hyderabad,1,1.2142857142857142,1.2,1.0,0.0
1216545,KK Ahmed,Kolkata Knight Riders,1,1.368421052631579,1.4,1.3333333333333333,1.0
1216545,KL Nagarkoti,Sunrisers Hyderabad,0,0.45454545454545453,0.2,0.0,0.0
1216545,Kuldeep Yadav,Sunrisers Hyderabad,0,1.0975609756097562,0.4,1.2857142857142858,3.0
1216545,Mohammad Nabi,Kolkata Knight Riders,0,0.6521739130434783,0.2,1.0,2.0
1216545,PJ Cummins,Sunrisers Hyderabad,1,1.1379310344827587,1.4,0.8,1.0
1216545,Rashid Khan,Kolkata Knight Riders,1,1.2975206611570247,1.6,1.1333333333333333,0.0
1216545,SP Narine,Sunrisers Hyderabad,0,1.1428571428571428,0.4,0.64,1.0
1216545,Shivam Mavi,Sunrisers Hyderabad,0,1.03125,0.8,0.8,1.0
1216545,T Natarajan,Kolkata Knight Riders,1,1.2459016393442623,1.2,1.6,2.0
1216546,AR Patel,Kings XI Punjab,1,0.8851351351351351,1.2,1.3333333333333333,0.0
1216546,Arshdeep Singh,Delhi Capitals,0,1.2923076923076924,1.0,0.8571428571428571,3.0
1216546,DR Sams,Kings XI Punjab,0,0.9375,0.0,0.0,0.0
1216546,GJ Maxwell,Delhi Capitals,1,0.5189873417721519,0.4,0.25,0.0
1216546,JDS Neesham,Delhi Capitals,1,0.6153846153846154,0.4,1.0,0.0
1216546,K Rabada,Kings XI Punjab,2,1.575,1.6,2.2,0.0
1216546,M Ashwin,Delhi Capitals,1,0.7954545454545454,1.2,0.6,0.0
1216546,MP Stoinis,Kings XI Punjab,0,0.7258064516129032,0.2,1.0,1.0
1216546,Mohammed Shami,Delhi Capitals,2,1.309090909090909,1.6,2.2222222222222223,2.0
1216546,R Ashwin,Kings XI Punjab,2,0.9519230769230769,1.0,1.1764705882352942,3.0
1216546,Ravi Bishnoi,Delhi Capitals,0,1.0461538461538462,0.8,1.125,2.0
1216546,TU Deshpande,Kings XI Punjab,0,1.2777777777777777,0.6,0.0,0.0
1216547,A Zampa,Mumbai Indians,1,1.5,1.0,1.0,1.0
1216547,JJ Bumrah,Royal Challengers Bangalore,0,1.368421052631579,1.2,1.6111111111111112,4.0
1216547,KA Pollard,Royal Challengers Bangalore,0,0.7570093457943925,0.0,0.9333333333333333,1.0
1216547,KH Pandya,Royal Challengers Bangalore,0,0.6837606837606838,0.6,0.75,1.0
1216547,Navdeep Saini,Mumbai Indians,1,0.8387096774193549,0.8,0.75,0.0
1216547,RD Chahar,Royal Challengers Bangalore,1,0.987012987012987,0.6,0.75,0.0
1216547,TA Boult,Royal Challengers Bangalore,2,1.2427184466019416,1.6,1.4545454545454546,2.0
1216547,Washington Sundar,Mumbai Indians,1,0.6724137931034483,0.8,0.7,0.0
1216547,YS Chahal,Mumbai Indians,1,1.3396226415094339,1.6,1.5,1.0
1237177,A Nortje,Mumbai Indians,1,1.3478260869565217,1.2,1.125,0.0
1237177,AR Patel,Mumbai Indians,0,0.8851351351351351,1.0,0.7142857142857143,1.0
1237177,DR Sams,Mumbai Indians,0,0.9375,0.0,0.0,0.0
1237177,JJ Bumrah,Delhi Capitals,4,1.368421052631579,2.0,1.6666666666666667,0.0
1237177,K Rabada,Mumbai Indians,0,1.575,1.2,1.1666666666666667,4.0
1237177,KA Pollard,Delhi Capitals,1,0.7570093457943925,0.2,0.4,0.0
1237177,KH Pandya,Delhi Capitals,1,0.6837606837606838,0.4,0.4166666666666667,0.0
1237177,MP Stoinis,Mumbai Indians,1,0.7258064516129032,0.4,1.1818181818181819,3.0
1237177,NM Coulter-Nile,Delhi Capitals,0,1.368421052631579,0.6,1.25,3.0
1237177,R Ashwin,Mumbai Indians,3,0.9519230769230769,1.4,0.7941176470588235,0.0
1237177,RD Chahar,Delhi Capitals,0,0.987012987012987,0.4,1.0,0.0
1237177,TA Boult,Delhi Capitals,2,1.2427184466019416,1.8,1.4545454545454546,3.0
1237178,A Zampa,Sunrisers Hyderabad,1,1.5,0.8,3.5,1.0
1237178,JO Holder,Royal Challengers Bangalore,3,1.2826086956521738,2.4,1.7142857142857142,1.0
1237178,MM Ali,Sunrisers Hyderabad,0,0.7692307692307693,0.6,0.3333333333333333,0.0
1237178,Mohammed Siraj,Sunrisers Hyderabad,2,1.032258064516129,1.0,0.9090909090909091,0.0
1237178,Navdeep Saini,Sunrisers Hyderabad,0,0.8387096774193549,0.8,1.25,0.0
1237178,Rashid Khan,Royal Challengers Bangalore,0,1.2975206611570247,1.0,1.3076923076923077,1.0
1237178,S Dube,Sunrisers Hyderabad,0,0.42857142857142855,1.0,1.5,0.0
1237178,S Nadeem,Royal Challengers Bangalore,2,0.7714285714285715,0.8,1.0,0.0
1237178,Sandeep Sharma,Royal Challengers Bangalore,0,1.2142857142857142,0.8,1.6666666666666667,1.0
1237178,T Natarajan,Royal Challengers Bangalore,2,1.2459016393442623,1.4,1.125,0.0
1237178,Washington Sundar,Sunrisers Hyderabad,0,0.6724137931034483,0.8,0.5714285714285714,1.0
1237178,YS Chahal,Sunrisers Hyderabad,1,1.3396226415094339,1.4,1.3333333333333333,1.0
1237180,A Nortje,Sunrisers Hyderabad,0,1.3478260869565217,1.2,0.75,2.0
1237180,AR Patel,Sunrisers Hyderabad,1,0.8851351351351351,1.2,0.8947368421052632,0.0
1237180,JO Holder,Delhi Capitals,1,1.2826086956521738,2.2,0.3333333333333333,3.0
1237180,K Rabada,Sunrisers Hyderabad,4,1.575,2.0,1.5454545454545454,1.0
1237180,MP Stoinis,Sunrisers Hyderabad,3,0.7258064516129032,0.8,0.5,1.0
1237180,P Dubey,Sunrisers Hyderabad,0,0.25,0.0,0.0,0.0
1237180,R Ashwin,Sunrisers Hyderabad,0,0.9519230769230769,1.2,0.65,1.0
1237180,Rashid Khan,Delhi Capitals,1,1.2975206611570247,1.2,1.4615384615384615,2.0
1237180,S Nadeem,Delhi Capitals,0,0.7714285714285715,0.6,0.5,1.0
1237180,Sandeep Sharma,Delhi Capitals,1,1.2142857142857142,0.6,1.0,0.0
1237180,T Natarajan,Delhi Capitals,0,1.2459016393442623,1.2,1.6666666666666667,1.0
1237181,A Nortje,Mumbai Indians,2,1.3478260869565217,1.4,1.125,1.0
1237181,AR Patel,Mumbai Indians,0,0.8851351351351351,0.8,0.7142857142857143,2.0
1237181,J Yadav,Delhi Capitals,1,0.45,0.4,0.8,1.0
1237181,JJ Bumrah,Delhi Capitals,0,1.368421052631579,1.2,1.6666666666666667,3.0
1237181,K Rabada,Mumbai Indians,1,1.575,1.6,1.1666666666666667,2.0
1237181,KA Pollard,Delhi Capitals,0,0.7570093457943925,0.2,0.4,0.0
1237181,KH Pandya,Delhi Capitals,0,0.6837606837606838,0.4,0.4166666666666667,1.0
1237181,MP Stoinis,Mumbai Indians,1,0.7258064516129032,1.0,1.1818181818181819,0.0
1237181,NM Coulter-Nile,Delhi Capitals,3,1.368421052631579,1.2,1.25,0.0
1237181,P Dubey,Mumbai Indians,0,0.25,0.0,0.0,1.0
1237181,R Ashwin,Mumbai Indians,1,0.9519230769230769,1.4,0.7941176470588235,1.0
1237181,TA Boult,Delhi Capitals,3,1.2427184466019416,1.8,1.4545454545454546,1.0
1254058,DT Christian,Mumbai Indians,0,0.8163265306122449,0.8,0.5454545454545454,0.0
1254058,HV Patel,Mumbai Indians,6,1.4660194174757282,1.6,1.8571428571428572,3.0
1254058,JJ Bumrah,Royal Challengers Bangalore,3,1.368421052631579,1.4,1.6111111111111112,0.0
1254058,KA Jamieson,Mumbai Indians,1,1.0,1.0,0.5,1.0
1254058,KH Pandya,Royal Challengers Bangalore,1,0.6837606837606838,0.4,0.75,1.0
1254058,M Jansen,Royal Challengers Bangalore,3,1.0476190476190477,3.0,3.0,0.0
1254058,Mohammed Siraj,Mumbai Indians,0,1.032258064516129,0.6,0.75,2.0
1254058,RD Chahar,Royal Challengers Bangalore,0,0.987012987012987,0.2,0.75,4.0
1254058,Shahbaz Ahmed,Mumbai Indians,0,0.5,0.6666666666666666,0.25,3.0
1254058,TA Boult,Royal Challengers Bangalore,1,1.2427184466019416,1.6,1.4545454545454546,2.0
1254058,Washington Sundar,Mumbai Indians,1,0.6724137931034483,1.0,0.7,0.0
1254058,YS Chahal,Mumbai Indians,1,1.3396226415094339,1.0,1.5,0.0
1254059,A Mishra,Chennai Super Kings,0,1.1296296296296295,0.8,0.875,4.0
1254059,Avesh Khan,Chennai Super Kings,3,1.3064516129032258,0.6,1.0,3.0
1254059,CR Woakes,Chennai Super Kings,2,1.4761904761904763,1.4,2.0,2.0
1254059,DJ Bravo,Delhi Capitals,1,1.3101265822784811,0.6,1.5,1.0
1254059,DL Chahar,Delhi Capitals,0,0.9753086419753086,0.8,1.0909090909090908,5.0
1254059,MM Ali,Delhi Capitals,0,0.7692307692307693,0.4,0.8571428571428571,1.0
1254059,MP Stoinis,Chennai Super Kings,0,0.7258064516129032,1.0,0.4,0.0
1254059,R Ashwin,Chennai Super Kings,1,0.9519230769230769,1.4,1.25,0.0
1254059,RA Jadeja,Delhi Capitals,0,0.8009478672985783,0.2,1.0909090909090908,0.0
1254059,SM Curran,Delhi Capitals,0,1.0689655172413792,0.8,1.0,1.0
1254059,SN Thakur,Delhi Capitals,2,1.0869565217391304,1.0,0.8333333333333334,0.0
1254059,TK Curran,Chennai Super Kings,1,1.0,0.6,1.75,0.0
1254060,AD Russell,Sunrisers Hyderabad,1,1.1160714285714286,1.2,1.3888888888888888,5.0
1254060,B Kumar,Kolkata Knight Riders,1,1.1079545454545454,1.2,1.1,1.0
1254060,CV Varun,Sunrisers Hyderabad,0,1.2142857142857142,1.0,1.0,1.0
1254060,Harbhajan Singh,Sunrisers Hyderabad,0,1.00625,1.2,0.6153846153846154,0.0
1254060,M Prasidh Krishna,Sunrisers Hyderabad,2,1.0588235294117647,1.2,2.0,1.0
1254060,Mohammad Nabi,Kolkata Knight Riders,2,0.6521739130434783,0.6,1.0,0.0
1254060,PJ Cummins,Sunrisers Hyderabad,1,1.1379310344827587,1.6,0.8,2.0
1254060,Rashid Khan,Kolkata Knight Riders,2,1.2975206611570247,1.4,1.1333333333333333,2.0
1254060,Sandeep Sharma,Kolkata Knight Riders,0,1.2142857142857142,0.6,0.8571428571428571,0.0
1254060,Shakib Al Hasan,Sunrisers Hyderabad,1,1.0142857142857142,0.6,1.5,1.0
1254060,T Natarajan,Kolkata Knight Riders,1,1.2459016393442623,1.4,1.6,1.0
1254060,V Shankar,Kolkata Knight Riders,0,0.5454545454545454,0.8,0.25,2.0
1254061,Arshdeep Singh,Rajasthan Royals,3,1.2923076923076924,1.2,1.8888888888888888,1.0
1254061,BA Stokes,Punjab Kings,0,0.8157894736842105,0.4,0.0,0.0
1254061,C Sakariya,Punjab Kings,3,1.0526315789473684,3.0,2.0,0.0
1254061,CH Morris,Punjab Kings,2,1.3209876543209877,1.6,1.0,1.0
1254061,JA Richardson,Rajasthan Royals,1,0.75,1.0,1.0,0.0
1254061,M Ashwin,Rajasthan Royals,0,0.7954545454545454,1.0,0.6,1.0
1254061,Mohammed Shami,Rajasthan Royals,2,1.309090909090909,1.4,1.5,2.0
1254061,Mustafizur Rahman,Punjab Kings,0,1.2280701754385965,0.8,0.5,3.0
1254061,R Parag,Punjab Kings,1,0.23809523809523808,0.4,0.5,1.0
1254061,R Tewatia,Punjab Kings,0,0.6923076923076923,0.2,0.3333333333333333,0.0
1254061,RP Meredith,Rajasthan Royals,1,1.1666666666666667,1.0,1.3333333333333333,0.0
1254061,S Dube,Punjab Kings,0,0.42857142857142855,0.6,0.5,0.0
1254061,S Gopal,Punjab Kings,0,1.0392156862745099,0.8,0.5,0.0
1254062,AD Russell,Mumbai Indians,5,1.1160714285714286,1.8,1.0555555555555556,0.0
1254062,CV Varun,Mumbai Indians,1,1.2142857142857142,0.8,1.125,2.0
1254062,Harbhajan Singh,Mumbai Indians,0,1.00625,0.6,0.3333333333333333,0.0
1254062,JJ Bumrah,Kolkata Knight Riders,0,1.368421052631579,1.4,1.5,1.0
1254062,KA Pollard,Kolkata Knight Riders,0,0.7570093457943925,0.2,0.45454545454545453,1.0
1254062,KH Pandya,Kolkata Knight Riders,1,0.6837606837606838,0.6,0.6,1.0
1254062,M Jansen,Kolkata Knight Riders,0,1.0476190476190477,1.5,1.1666666666666667,1.0
1254062,M Prasidh Krishna,Mumbai Indians,1,1.0588235294117647,1.4,1.0,1.0
1254062,PJ Cummins,Mumbai Indians,2,1.1379310344827587,1.2,1.4444444444444444,1.0
1254062,RD Chahar,Kolkata Knight Riders,4,0.987012987012987,1.0,1.5,3.0
1254062,RG Sharma,Kolkata Knight Riders,0,0.5,0.2,0.25,0.0
1254062,Shakib Al Hasan,Mumbai Indians,1,1.0142857142857142,0.8,1.0833333333333333,0.0
1254062,TA Boult,Kolkata Knight Riders,2,1.2427184466019416,2.0,1.4,4.0
1254063,B Kumar,Royal Challengers Bangalore,1,1.1079545454545454,1.2,1.0476190476190477,0.0
1254063,DT Christian,Sunrisers Hyderabad,0,0.8163265306122449,0.6,0.6,0.0
1254063,HV Patel,Sunrisers Hyderabad,3,1.4660194174757282,1.8,1.1538461538461537,2.0
1254063,JO Holder,Royal Challengers Bangalore,3,1.2826086956521738,2.4,1.7142857142857142,4.0
1254063,KA Jamieson,Sunrisers Hyderabad,1,1.0,1.0,1.0,3.0
1254063,Mohammed Siraj,Sunrisers Hyderabad,2,1.032258064516129,1.0,0.9090909090909091,0.0
1254063,Rashid Khan,Royal Challengers Bangalore,2,1.2975206611570247,1.2,1.3076923076923077,0.0
1254063,Shahbaz Ahmed,Sunrisers Hyderabad,3,0.5,1.25,1.0,1.0
1254063,T Natarajan,Royal Challengers Bangalore,1,1.2459016393442623,1.0,1.125,2.0
1254063,Washington Sundar,Sunrisers Hyderabad,0,0.6724137931034483,0.4,0.5714285714285714,1.0
1254063,YS Chahal,Sunrisers Hyderabad,0,1.3396226415094339,0.8,1.3333333333333333,2.0
1254064,Avesh Khan,Rajasthan Royals,3,1.3064516129032258,1.2,1.6666666666666667,1.0
1254064,C Sakariya,Delhi Capitals,0,1.0526315789473684,1.5,1.0,3.0
1254064,CH Morris,Delhi Capitals,1,1.3209876543209877,1.2,0.5,2.0
1254064,CR Woakes,Rajasthan Royals,2,1.4761904761904763,1.4,2.0,1.0
1254064,JD Unadkat,Delhi Capitals,3,1.0480769230769231,1.0,1.25,0.0
1254064,K Rabada,Rajasthan Royals,2,1.575,1.8,1.875,1.0
1254064,MP Stoinis,Rajasthan Royals,0,0.7258064516129032,1.0,0.75,1.0
1254064,Mustafizur Rahman,Delhi Capitals,3,1.2280701754385965,1.4,2.0,3.0
1254064,R Ashwin,Rajasthan Royals,0,0.9519230769230769,1.0,1.1764705882352942,0.0
1254064,R Parag,Delhi Capitals,1,0.23809523809523808,0.4,0.4,0.0
1254064,R Tewatia,Delhi Capitals,0,0.6923076923076923,0.0,0.6,1.0
1254064,TK Curran,Rajasthan Royals,0,1.0,0.4,1.0,3.0
1254065,Arshdeep Singh,Chennai Super Kings,1,1.2923076923076924,1.2,1.4285714285714286,1.0
1254065,DJ Bravo,Punjab Kings,1,1.3101265822784811,0.8,1.25,1.0
1254065,DL Chahar,Punjab Kings,5,0.9753086419753086,1.4,2.0,0.0
1254065,JA Richardson,Chennai Super Kings,0,0.75,0.5,0.0,2.0
1254065,M Ashwin,Chennai Super Kings,1,0.7954545454545454,1.0,0.4,0.0
1254065,MM Ali,Punjab Kings,1,0.7692307692307693,0.4,0.25,3.0
1254065,Mohammed Shami,Chennai Super Kings,2,1.309090909090909,1.4,1.0,0.0
1254065,RA Jadeja,Punjab Kings,0,0.8009478672985783,0.2,0.8571428571428571,2.0
1254065,RP Meredith,Chennai Super Kings,0,1.1666666666666667,0.5,1.3333333333333333,1.0
1254065,SM Curran,Punjab Kings,1,1.0689655172413792,1.0,1.0,2.0
1254065,SN Thakur,Punjab Kings,0,1.0869565217391304,1.0,1.2857142857142858,1.0
1254066,AF Milne,Sunrisers Hyderabad,0,0.9,0.8,0.5,0.0
1254066,Abhishek Sharma,Mumbai Indians,0,0.4230769230769231,0.4,0.6666666666666666,2.0
1254066,B Kumar,Mumbai Indians,0,1.1079545454545454,0.8,1.15,1.0
1254066,JJ Bumrah,Sunrisers Hyderabad,1,1.368421052631579,1.6,1.2666666666666666,1.0
1254066,KA Pollard,Sunrisers Hyderabad,1,0.7570093457943925,0.4,0.42857142857142855,1.0
1254066,KH Pandya,Sunrisers Hyderabad,1,0.6837606837606838,0.8,0.8461538461538461,0.0
1254066,KK Ahmed,Mumbai Indians,1,1.368421052631579,1.6,1.5,3.0
1254066,RD Chahar,Sunrisers Hyderabad,3,0.987012987012987,1.6,1.0,1.0
1254066,Rashid Khan,Mumbai Indians,0,1.2975206611570247,1.0,1.4,1.0
1254066,TA Boult,Sunrisers Hyderabad,4,1.2427184466019416,2.4,1.4166666666666667,0.0
1254066,V Shankar,Mumbai Indians,2,0.5454545454545454,1.0,2.0,1.0
1254067,AD Russell,Royal Challengers Bangalore,0,1.1160714285714286,1.8,0.8571428571428571,1.0
1254067,CV Varun,Royal Challengers Bangalore,2,1.2142857142857142,0.8,1.75,1.0
1254067,GJ Maxwell,Kolkata Knight Riders,0,0.5189873417721519,0.2,0.4,0.0
1254067,HV Patel,Kolkata Knight Riders,2,1.4660194174757282,2.2,1.3076923076923077,3.0
1254067,KA Jamieson,Kolkata Knight Riders,3,1.0,1.6666666666666667,1.5,1.0
1254067,M Prasidh Krishna,Royal Challengers Bangalore,1,1.0588235294117647,1.0,0.8888888888888888,0.0
1254067,Mohammed Siraj,Kolkata Knight Riders,0,1.032258064516129,0.8,1.0714285714285714,3.0
1254067,PJ Cummins,Royal Challengers Bangalore,1,1.1379310344827587,1.0,0.6666666666666666,0.0
1254067,Shakib Al Hasan,Royal Challengers Bangalore,0,1.0142857142857142,0.6,0.6666666666666666,1.0
1254067,Washington Sundar,Kolkata Knight Riders,1,0.6724137931034483,0.6,1.125,1.0
1254067,YS Chahal,Kolkata Knight Riders,2,1.3396226415094339,1.0,1.3181818181818181,0.0
1254068,Arshdeep Singh,Delhi Capitals,1,1.2923076923076924,1.4,0.8571428571428571,0.0
1254068,Avesh Khan,Punjab Kings,1,1.3064516129032258,1.4,0.8571428571428571,2.0
1254068,DJ Hooda,Delhi Capitals,0,0.30303030303030304,0.2,0.2,0.0
1254068,JA Richardson,Delhi Capitals,2,0.75,1.0,2.0,0.0
1254068,K Rabada,Punjab Kings,1,1.575,1.6,2.0,1.0
1254068,Lalit Yadav,Punjab Kings,0,0.5789473684210527,0.0,0.5,1.0
1254068,Mohammed Shami,Delhi Capitals,0,1.309090909090909,1.4,2.2222222222222223,0.0
1254068,R Ashwin,Punjab Kings,0,0.9519230769230769,0.4,0.75,0.0
1254068,RP Meredith,Delhi Capitals,1,1.1666666666666667,0.6666666666666666,1.0,1.0
1254069,C Sakariya,Chennai Super Kings,3,1.0526315789473684,2.0,1.6666666666666667,0.0
1254069,CH Morris,Chennai Super Kings,2,1.3209876543209877,1.6,1.8333333333333333,0.0
1254069,DJ Bravo,Rajasthan Royals,1,1.3101265822784811,1.0,1.3076923076923077,1.0
1254069,DL Chahar,Rajasthan Royals,0,0.9753086419753086,1.4,1.5,4.0
1254069,JD Unadkat,Chennai Super Kings,0,1.0480769230769231,1.0,0.7692307692307693,1.0
1254069,MM Ali,Rajasthan Royals,3,0.7692307692307693,0.8,0.7142857142857143,0.0
1254069,Mustafizur Rahman,Chennai Super Kings,3,1.2280701754385965,1.8,1.3333333333333333,0.0
1254069,R Parag,Chennai Super Kings,0,0.23809523809523808,0.4,0.0,0.0
1254069,R Tewatia,Chennai Super Kings,1,0.6923076923076923,0.2,1.3333333333333333,0.0
1254069,RA Jadeja,Rajasthan Royals,2,0.8009478672985783,0.4,1.0476190476190477,0.0
1254069,SM Curran,Rajasthan Royals,2,1.0689655172413792,1.4,1.4444444444444444,2.0
1254069,SN Thakur,Rajasthan Royals,1,1.0869565217391304,0.8,0.9090909090909091,1.0
1254070,A Mishra,Mumbai Indians,4,1.1296296296296295,1.4,1.1363636363636365,1.0
1254070,Avesh Khan,Mumbai Indians,2,1.3064516129032258,1.8,2.0,3.0
1254070,J Yadav,Delhi Capitals,1,0.45,0.6,0.8,0.0
1254070,JJ Bumrah,Delhi Capitals,1,1.368421052631579,1.0,1.6666666666666667,0.0
1254070,K Rabada,Mumbai Indians,1,1.575,1.8,1.1666666666666667,0.0
1254070,KA Pollard,Delhi Capitals,1,0.7570093457943925,0.6,0.4,0.0
1254070,KH Pandya,Delhi Capitals,0,0.6837606837606838,0.6,0.4166666666666667,0.0
1254070,Lalit Yadav,Mumbai Indians,1,0.5789473684210527,0.5,0.5,2.0
1254070,MP Stoinis,Mumbai Indians,1,0.7258064516129032,1.0,1.1818181818181819,0.0
1254070,R Ashwin,Mumbai Indians,0,0.9519230769230769,0.4,0.7941176470588235,1.0
1254070,RD Chahar,Delhi Capitals,1,0.987012987012987,1.6,1.0,1.0
1254070,TA Boult,Delhi Capitals,0,1.2427184466019416,2.0,1.4545454545454546,0.0
1254071,Abhishek Sharma,Punjab Kings,2,0.4230769230769231,0.8,2.0,0.0
1254071,Arshdeep Singh,Sunrisers Hyderabad,0,1.2923076923076924,1.0,1.6,1.0
1254071,B Kumar,Punjab Kings,1,1.1079545454545454,0.6,1.1428571428571428,0.0
1254071,DJ Hooda,Sunrisers Hyderabad,0,0.30303030303030304,0.2,0.0,1.0
1254071,FA Allen,Sunrisers Hyderabad,1,0.5,1.0,1.0,0.0
1254071,KK Ahmed,Punjab Kings,3,1.368421052631579,1.8,1.2857142857142858,0.0
1254071,M Ashwin,Sunrisers Hyderabad,0,0.7954545454545454,0.6,0.4,2.0
1254071,MC Henriques,Sunrisers Hyderabad,0,0.7666666666666667,0.0,0.6666666666666666,0.0
1254071,Mohammed Shami,Sunrisers Hyderabad,0,1.309090909090909,1.2,1.2857142857142858,2.0
1254071,Rashid Khan,Punjab Kings,1,1.2975206611570247,1.2,1.1428571428571428,1.0
1254071,S Kaul,Punjab Kings,2,1.1454545454545455,1.4,2.0,2.0
1254071,V Shankar,Punjab Kings,1,0.5454545454545454,1.0,1.0,0.0
1254072,AD Russell,Chennai Super Kings,1,1.1160714285714286,1.8,0.6923076923076923,0.0
1254072,CV Varun,Chennai Super Kings,1,1.2142857142857142,1.0,1.1111111111111112,2.0
1254072,DL Chahar,Kolkata Knight Riders,4,0.9753086419753086,2.2,1.3333333333333333,0.0
1254072,KL Nagarkoti,Chennai Super Kings,0,0.45454545454545453,0.2,0.3333333333333333,0.0
1254072,L Ngidi,Kolkata Knight Riders,3,2.0,2.6,2.0,2.0
1254072,M Prasidh Krishna,Chennai Super Kings,0,1.0588235294117647,1.0,0.2,1.0
1254072,PJ Cummins,Chennai Super Kings,0,1.1379310344827587,1.0,0.75,0.0
1254072,RA Jadeja,Kolkata Knight Riders,0,0.8009478672985783,0.4,0.8148148148148148,3.0
1254072,SM Curran,Kolkata Knight Riders,2,1.0689655172413792,1.6,0.75,1.0
1254072,SN Thakur,Kolkata Knight Riders,1,1.0869565217391304,0.8,1.2727272727272727,1.0
1254072,SP Narine,Chennai Super Kings,1,1.1428571428571428,0.6,1.25,0.0
1254073,C Sakariya,Royal Challengers Bangalore,0,1.0526315789473684,1.5,0.0,1.0
1254073,CH Morris,Royal Challengers Bangalore,0,1.3209876543209877,1.2,1.0,5.0
1254073,HV Patel,Rajasthan Royals,3,1.4660194174757282,2.8,1.8333333333333333,3.0
1254073,KA Jamieson,Rajasthan Royals,1,1.0,1.5,1.0,0.0
1254073,Mohammed Siraj,Rajasthan Royals,3,1.032258064516129,1.4,1.0909090909090908,0.0
1254073,Mustafizur Rahman,Royal Challengers Bangalore,0,1.2280701754385965,1.4,0.875,2.0
1254073,R Parag,Royal Challengers Bangalore,0,0.23809523809523808,0.4,0.25,0.0
1254073,R Tewatia,Royal Challengers Bangalore,0,0.6923076923076923,0.2,0.3333333333333333,0.0
1254073,S Gopal,Royal Challengers Bangalore,0,1.0392156862745099,0.6,2.0,0.0
1254073,Washington Sundar,Rajasthan Royals,1,0.6724137931034483,0.6,0.16666666666666666,0.0
1254073,YS Chahal,Rajasthan Royals,0,1.3396226415094339,0.8,1.5,1.0
1254074,Arshdeep Singh,Mumbai Indians,1,1.2923076923076924,1.2,1.2857142857142858,1.0
1254074,DJ Hooda,Mumbai Indians,1,0.30303030303030304,0.4,0.4,1.0
1254074,FA Allen,Mumbai Indians,0,0.5,0.5,0.0,0.0
1254074,J Yadav,Punjab Kings,0,0.45,0.6,0.0,0.0
1254074,JJ Bumrah,Punjab Kings,0,1.368421052631579,1.0,1.5,1.0
1254074,KA Pollard,Punjab Kings,0,0.7570093457943925,0.4,1.0,2.0
1254074,KH Pandya,Punjab Kings,0,0.6837606837606838,0.6,0.6666666666666666,0.0
1254074,MC Henriques,Mumbai Indians,0,0.7666666666666667,0.0,0.3333333333333333,1.0
1254074,Mohammed Shami,Mumbai Indians,2,1.309090909090909,1.2,1.2857142857142858,1.0
1254074,RD Chahar,Punjab Kings,1,0.987012987012987,1.8,1.0,2.0
1254074,Ravi Bishnoi,Mumbai Indians,2,1.0461538461538462,1.2,1.3,1.0
1254074,TA Boult,Punjab Kings,0,1.2427184466019416,1.4,0.42857142857142855,1.0
1254075,C Sakariya,Kolkata Knight Riders,1,1.0526315789473684,1.4,1.0,0.0
1254075,CH Morris,Kolkata Knight Riders,5,1.3209876543209877,2.0,1.6428571428571428,2.0
1254075,CV Varun,Rajasthan Royals,2,1.2142857142857142,1.2,1.2857142857142858,1.0
1254075,JD Unadkat,Kolkata Knight Riders,1,1.0480769230769231,1.2,0.5384615384615384,0.0
1254075,M Prasidh Krishna,Rajasthan Royals,1,1.0588235294117647,1.0,1.2,3.0
1254075,Mustafizur Rahman,Kolkata Knight Riders,2,1.2280701754385965,1.6,1.125,1.0
1254075,PJ Cummins,Rajasthan Royals,0,1.1379310344827587,0.8,1.5,2.0
1254075,R Tewatia,Kolkata Knight Riders,0,0.6923076923076923,0.2,1.25,0.0
1254075,S Dube,Kolkata Knight Riders,0,0.42857142857142855,0.6,0.0,0.0
1254075,SP Narine,Rajasthan Royals,0,1.1428571428571428,0.2,0.7894736842105263,2.0
1254075,Shivam Mavi,Rajasthan Royals,1,1.03125,0.8,1.75,1.0
1254076,DJ Bravo,Royal Challengers Bangalore,1,1.3101265822784811,1.2,1.0434782608695652,2.0
1254076,DL Chahar,Royal Challengers Bangalore,0,0.9753086419753086,1.8,0.75,0.0
1254076,DT Christian,Chennai Super Kings,0,0.8163265306122449,0.2,0.6,0.0
1254076,HV Patel,Chennai Super Kings,3,1.4660194174757282,3.4,1.7,2.0
1254076,KA Jamieson,Chennai Super Kings,0,1.0,1.2,0.0,1.0
1254076,Mohammed Siraj,Chennai Super Kings,0,1.032258064516129,1.0,0.2727272727272727,1.0
1254076,Navdeep Saini,Chennai Super Kings,0,0.8387096774193549,0.4,0.5,0.0
1254076,RA Jadeja,Royal Challengers Bangalore,3,0.8009478672985783,1.0,1.037037037037037,0.0
1254076,SM Curran,Royal Challengers Bangalore,1,1.0689655172413792,1.2,1.0,1.0
1254076,SN Thakur,Royal Challengers Bangalore,1,1.0869565217391304,1.0,1.4444444444444444,0.0
1254076,Washington Sundar,Chennai Super Kings,0,0.6724137931034483,0.6,0.6666666666666666,0.0
1254076,YS Chahal,Chennai Super Kings,1,1.3396226415094339,0.8,1.1176470588235294,0.0
1254077,A Mishra,Sunrisers Hyderabad,1,1.1296296296296295,1.4,0.9285714285714286,1.0
1254077,AR Patel,Sunrisers Hyderabad,2,0.8851351351351351,0.8,0.8947368421052632,1.0
1254077,Abhishek Sharma,Delhi Capitals,0,0.4230769230769231,0.6,0.5,2.0
1254077,Avesh Khan,Sunrisers Hyderabad,3,1.3064516129032258,2.4,2.2857142857142856,1.0
1254077,J Suchith,Delhi Capitals,1,0.9523809523809523,1.2,1.0,0.0
1254077,K Rabada,Sunrisers Hyderabad,0,1.575,1.0,1.5454545454545454,1.0
1254077,KK Ahmed,Delhi Capitals,0,1.368421052631579,1.6,1.6,0.0
1254077,MP Stoinis,Sunrisers Hyderabad,0,0.7258064516129032,0.4,0.5,0.0
1254077,R Ashwin,Sunrisers Hyderabad,1,0.9519230769230769,0.4,0.65,1.0
1254077,Rashid Khan,Delhi Capitals,1,1.2975206611570247,1.2,1.4615384615384615,3.0
1254077,S Kaul,Delhi Capitals,2,1.1454545454545455,1.4,2.0,0.0
1254077,V Shankar,Delhi Capitals,0,0.5454545454545454,0.8,0.5,1.0
1254078,AD Russell,Punjab Kings,0,1.1160714285714286,1.4,0.5,3.0
1254078,Arshdeep Singh,Kolkata Knight Riders,1,1.2923076923076924,0.8,1.3333333333333333,1.0
1254078,CJ Jordan,Kolkata Knight Riders,0,1.0588235294117647,1.0,0.8,1.0
1254078,CV Varun,Punjab Kings,1,1.2142857142857142,1.4,1.1666666666666667,0.0
1254078,DJ Hooda,Kolkata Knight Riders,1,0.30303030303030304,0.4,1.0,0.0
1254078,M Prasidh Krishna,Punjab Kings,3,1.0588235294117647,1.2,2.0,0.0
1254078,MC Henriques,Kolkata Knight Riders,1,0.7666666666666667,0.2,0.8888888888888888,3.0
1254078,Mohammed Shami,Kolkata Knight Riders,1,1.309090909090909,1.0,1.2857142857142858,1.0
1254078,PJ Cummins,Punjab Kings,2,1.1379310344827587,1.0,1.3333333333333333,3.0
1254078,Ravi Bishnoi,Kolkata Knight Riders,1,1.0461538461538462,1.4,1.2222222222222223,2.0
1254078,SP Narine,Punjab Kings,2,1.1428571428571428,0.6,1.0,0.0
1254078,Shivam Mavi,Punjab Kings,1,1.03125,1.0,1.0,0.0
1254079,A Mishra,Royal Challengers Bangalore,1,1.1296296296296295,1.2,1.0555555555555556,2.0
1254079,AR Patel,Royal Challengers Bangalore,1,0.8851351351351351,0.8,1.0555555555555556,2.0
1254079,Avesh Khan,Royal Challengers Bangalore,1,1.3064516129032258,2.0,0.4,1.0
1254079,DR Sams,Delhi Capitals,0,0.9375,0.0,0.3333333333333333,1.0
1254079,HV Patel,Delhi Capitals,2,1.4660194174757282,2.6,1.5,0.0
1254079,I Sharma,Royal Challengers Bangalore,1,0.8727272727272727,1.4,0.7333333333333333,0.0
1254079,K Rabada,Royal Challengers Bangalore,1,1.575,1.0,2.2857142857142856,0.0
1254079,KA Jamieson,Delhi Capitals,1,1.0,1.2,1.0,2.0
1254079,MP Stoinis,Royal Challengers Bangalore,0,0.7258064516129032,0.2,0.0,1.0
1254079,Mohammed Siraj,Delhi Capitals,1,1.032258064516129,1.2,1.4444444444444444,0.0
1254079,Washington Sundar,Delhi Capitals,0,0.6724137931034483,0.4,1.0,0.0
1254079,YS Chahal,Delhi Capitals,0,1.3396226415094339,0.6,1.0,1.0
1254080,DL Chahar,Sunrisers Hyderabad,0,0.9753086419753086,1.8,0.8333333333333334,0.0
1254080,J Suchith,Chennai Super Kings,0,0.9523809523809523,0.8,0.8,1.0
1254080,KK Ahmed,Chennai Super Kings,0,1.368421052631579,1.0,1.0,0.0
1254080,L Ngidi,Sunrisers Hyderabad,2,2.0,2.4,1.6666666666666667,0.0
1254080,MM Ali,Sunrisers Hyderabad,0,0.7692307692307693,0.8,0.3333333333333333,1.0
1254080,RA Jadeja,Sunrisers Hyderabad,0,0.8009478672985783,1.0,0.43478260869565216,1.0
1254080,Rashid Khan,Chennai Super Kings,3,1.2975206611570247,1.4,1.0588235294117647,1.0
1254080,S Kaul,Chennai Super Kings,0,1.1454545454545455,1.2,0.42857142857142855,0.0
1254080,SM Curran,Sunrisers Hyderabad,1,1.0689655172413792,1.4,0.8333333333333334,3.0
1254080,SN Thakur,Sunrisers Hyderabad,0,1.0869565217391304,0.6,0.9333333333333333,1.0
1254080,Sandeep Sharma,Chennai Super Kings,0,1.2142857142857142,0.2,0.75,1.0
1254081,C Sakariya,Mumbai Indians,0,1.0526315789473684,0.8,0.5,0.0
1254081,CH Morris,Mumbai Indians,2,1.3209876543209877,2.0,1.3,3.0
1254081,J Yadav,Rajasthan Royals,0,0.45,0.4,0.0,0.0
1254081,JD Unadkat,Mumbai Indians,0,1.0480769230769231,1.2,1.2666666666666666,0.0
1254081,JJ Bumrah,Rajasthan Royals,1,1.368421052631579,0.6,1.2857142857142858,1.0
1254081,KH Pandya,Rajasthan Royals,0,0.6837606837606838,0.4,0.4,0.0
1254081,Mustafizur Rahman,Mumbai Indians,1,1.2280701754385965,1.8,1.1428571428571428,3.0
1254081,NM Coulter-Nile,Rajasthan Royals,0,1.368421052631579,1.0,1.25,2.0
1254081,R Tewatia,Mumbai Indians,0,0.6923076923076923,0.2,0.5714285714285714,1.0
1254081,RD Chahar,Rajasthan Royals,2,0.987012987012987,2.2,1.1111111111111112,0.0
1254081,S Dube,Mumbai Indians,0,0.42857142857142855,0.6,0.0,0.0
1254081,TA Boult,Rajasthan Royals,1,1.2427184466019416,1.4,1.25,1.0
1254082,AR Patel,Kolkata Knight Riders,2,0.8851351351351351,1.2,0.7619047619047619,2.0
1254082,Avesh Khan,Kolkata Knight Riders,1,1.3064516129032258,1.6,1.7142857142857142,1.0
1254082,CV Varun,Delhi Capitals,0,1.2142857142857142,1.2,1.8888888888888888,4.0
1254082,I Sharma,Kolkata Knight Riders,0,0.8727272727272727,0.8,0.75,0.0
1254082,K Rabada,Kolkata Knight Riders,0,1.575,0.6,1.4,3.0
1254082,Lalit Yadav,Kolkata Knight Riders,2,0.5789473684210527,1.0,1.0,0.0
1254082,M Prasidh Krishna,Delhi Capitals,0,1.0588235294117647,1.0,0.8333333333333334,1.0
1254082,MP Stoinis,Kolkata Knight Riders,1,0.7258064516129032,0.4,0.8888888888888888,0.0
1254082,PJ Cummins,Delhi Capitals,3,1.1379310344827587,1.2,1.2,2.0
1254082,SP Narine,Delhi Capitals,0,1.1428571428571428,0.6,0.8,0.0
1254082,Shivam Mavi,Delhi Capitals,0,1.03125,0.8,0.3333333333333333,1.0
1254083,CJ Jordan,Royal Challengers Bangalore,1,1.0588235294117647,0.8,0.75,1.0
1254083,DJ Hooda,Royal Challengers Bangalore,0,0.30303030303030304,0.4,0.3333333333333333,0.0
1254083,DR Sams,Punjab Kings,1,0.9375,0.2,1.0,0.0
1254083,HV Patel,Punjab Kings,0,1.4660194174757282,2.0,1.6,0.0
1254083,Harpreet Brar,Royal Challengers Bangalore,3,0.6410256410256411,0.75,1.2,1.0
1254083,KA Jamieson,Punjab Kings,2,1.0,1.4,2.0,0.0
1254083,Mohammed Shami,Royal Challengers Bangalore,1,1.309090909090909,0.8,1.3076923076923077,0.0
1254083,Mohammed Siraj,Punjab Kings,0,1.032258064516129,0.8,1.5714285714285714,0.0
1254083,RP Meredith,Royal Challengers Bangalore,1,1.1666666666666667,0.75,1.0,1.0
1254083,Ravi Bishnoi,Royal Challengers Bangalore,2,1.0461538461538462,1.6,1.0,0.0
1254083,Shahbaz Ahmed,Punjab Kings,1,0.5,1.2,0.5,1.0
1254083,YS Chahal,Punjab Kings,1,1.3396226415094339,0.8,1.7142857142857142,1.0
1254084,DL Chahar,Mumbai Indians,0,0.9753086419753086,0.8,1.0,0.0
1254084,JDS Neesham,Chennai Super Kings,0,0.6153846153846154,0.4,0.3333333333333333,2.0
1254084,JJ Bumrah,Chennai Super Kings,1,1.368421052631579,0.8,0.8,2.0
1254084,KA Pollard,Chennai Super Kings,2,0.7570093457943925,0.8,0.9375,0.0
1254084,MM Ali,Mumbai Indians,1,0.7692307692307693,1.0,0.8333333333333334,0.0
1254084,RA Jadeja,Mumbai Indians,1,0.8009478672985783,1.2,0.6451612903225806,0.0
1254084,RD Chahar,Chennai Super Kings,0,0.987012987012987,1.4,1.1538461538461537,0.0
1254084,SM Curran,Mumbai Indians,3,1.0689655172413792,1.8,1.3333333333333333,0.0
1254084,SN Thakur,Mumbai Indians,1,1.0869565217391304,0.8,0.9230769230769231,2.0
1254084,TA Boult,Chennai Super Kings,1,1.2427184466019416,1.2,1.25,1.0
1254085,B Kumar,Rajasthan Royals,0,1.1079545454545454,0.6,1.0555555555555556,0.0
1254085,C Sakariya,Sunrisers Hyderabad,0,1.0526315789473684,0.8,0.5,1.0
1254085,CH Morris,Sunrisers Hyderabad,3,1.3209876543209877,2.4,1.0833333333333333,0.0
1254085,KK Ahmed,Rajasthan Royals,0,1.368421052631579,0.8,1.0,1.0
1254085,Kartik Tyagi,Sunrisers Hyderabad,1,0.8,1.0,0.6666666666666666,1.0
1254085,Mohammad Nabi,Rajasthan Royals,0,0.6521739130434783,0.4,0.0,0.0
1254085,Mustafizur Rahman,Sunrisers Hyderabad,3,1.2280701754385965,1.8,2.2,0.0
1254085,R Tewatia,Sunrisers Hyderabad,1,0.6923076923076923,0.4,0.42857142857142855,3.0
1254085,Rashid Khan,Rajasthan Royals,1,1.2975206611570247,1.2,1.2142857142857142,2.0
1254085,Sandeep Sharma,Rajasthan Royals,1,1.2142857142857142,0.4,0.5555555555555556,0.0
1254085,V Shankar,Rajasthan Royals,1,0.5454545454545454,0.8,0.3333333333333333,1.0
1254086,AR Patel,Punjab Kings,2,0.8851351351351351,1.4,1.3333333333333333,0.0
1254086,Avesh Khan,Punjab Kings,1,1.3064516129032258,1.6,0.8571428571428571,3.0
1254086,CJ Jordan,Delhi Capitals,1,1.0588235294117647,0.8,1.0,2.0
1254086,DJ Hooda,Delhi Capitals,0,0.30303030303030304,0.4,0.2,0.0
1254086,Harpreet Brar,Delhi Capitals,1,0.6410256410256411,0.8,1.0,0.0
1254086,I Sharma,Punjab Kings,0,0.8727272727272727,0.4,1.5,2.0
1254086,K Rabada,Punjab Kings,3,1.575,1.0,2.0,1.0
1254086,Lalit Yadav,Punjab Kings,0,0.5789473684210527,0.75,0.5,1.0
1254086,MP Stoinis,Punjab Kings,0,0.7258064516129032,0.4,0.5,0.0
1254086,Mohammed Shami,Delhi Capitals,0,1.309090909090909,0.8,2.2222222222222223,3.0
1254086,RP Meredith,Delhi Capitals,1,1.1666666666666667,0.8,1.0,1.0
1254086,Ravi Bishnoi,Delhi Capitals,0,1.0461538461538462,1.0,1.125,0.0
1254087,AD Russell,Royal Challengers Bangalore,3,1.1160714285714286,1.8,0.8571428571428571,0.0
1254087,CV Varun,Royal Challengers Bangalore,4,1.2142857142857142,1.6,1.75,0.0
1254087,HV Patel,Kolkata Knight Riders,0,1.4660194174757282,1.6,1.3076923076923077,1.0
1254087,KA Jamieson,Kolkata Knight Riders,0,1.0,0.8,1.5,0.0
1254087,LH Ferguson,Royal Challengers Bangalore,2,1.2666666666666666,1.8,1.4285714285714286,2.0
1254087,M Prasidh Krishna,Royal Challengers Bangalore,1,1.0588235294117647,1.0,0.8888888888888888,2.0
1254087,Mohammed Siraj,Kolkata Knight Riders,0,1.032258064516129,0.8,1.0714285714285714,0.0
1254087,PWH de Silva,Kolkata Knight Riders,0,1.3846153846153846,0.0,2.0,0.0
1254087,SP Narine,Royal Challengers Bangalore,0,1.1428571428571428,0.6,1.2777777777777777,2.0
1254087,YS Chahal,Kolkata Knight Riders,1,1.3396226415094339,0.6,1.3181818181818181,3.0
1254088,Abhishek Sharma,Mumbai Indians,2,0.4230769230769231,0.8,0.6666666666666666,0.0
1254088,JDS Neesham,Sunrisers Hyderabad,2,0.6153846153846154,0.8,2.0,3.0
1254088,JJ Bumrah,Sunrisers Hyderabad,2,1.368421052631579,1.0,1.2666666666666666,2.0
1254088,JO Holder,Mumbai Indians,4,1.2826086956521738,2.4,1.6,3.0
1254088,KH Pandya,Sunrisers Hyderabad,0,0.6837606837606838,0.2,0.8461538461538461,0.0
1254088,Mohammad Nabi,Mumbai Indians,0,0.6521739130434783,0.4,0.8,0.0
1254088,NM Coulter-Nile,Sunrisers Hyderabad,2,1.368421052631579,1.2,1.5555555555555556,4.0
1254088,PP Chawla,Sunrisers Hyderabad,1,1.0523560209424083,1.0,0.9473684210526315,0.0
1254088,Rashid Khan,Mumbai Indians,2,1.2975206611570247,1.6,1.4,1.0
1254088,S Kaul,Mumbai Indians,0,1.1454545454545455,1.2,1.7142857142857142,0.0
1254088,TA Boult,Sunrisers Hyderabad,1,1.2427184466019416,0.6,1.4166666666666667,0.0
1254088,Umran Malik,Mumbai Indians,1,1.1923076923076923,1.0,1.0,1.0
1254089,Akash Singh,Chennai Super Kings,0,0.7142857142857143,0.0,0.0,2.0
1254089,C Sakariya,Chennai Super Kings,1,1.0526315789473684,0.4,1.6666666666666667,1.0
1254089,GD Phillips,Chennai Super Kings,0,0.5,0.0,0.0,1.0
1254089,JR Hazlewood,Rajasthan Royals,0,1.3333333333333333,0.25,1.5,3.0
1254089,KM Asif,Rajasthan Royals,1,1.0,1.3333333333333333,1.0,0.0
1254089,M Markande,Chennai Super Kings,0,1.0,0.4,1.0,0.0
1254089,MM Ali,Rajasthan Royals,0,0.7692307692307693,1.0,0.7142857142857143,0.0
1254089,Mustafizur Rahman,Chennai Super Kings,0,1.2280701754385965,1.2,1.3333333333333333,1.0
1254089,R Tewatia,Chennai Super Kings,3,0.6923076923076923,0.8,1.3333333333333333,1.0
1254089,RA Jadeja,Rajasthan Royals,0,0.8009478672985783,0.8,1.0476190476190477,1.0
1254089,SM Curran,Rajasthan Royals,0,1.0689655172413792,1.4,1.4444444444444444,0.0
1254089,SN Thakur,Rajasthan Royals,2,1.0869565217391304,1.0,0.9090909090909091,1.0
1254090,AK Markram,Royal Challengers Bangalore,0,0.14285714285714285,0.0,0.0,0.0
1254090,Arshdeep Singh,Royal Challengers Bangalore,1,1.2923076923076924,0.8,1.0,2.0
1254090,DT Christian,Punjab Kings,0,0.8163265306122449,0.0,0.0,2.0
1254090,GHS Garton,Punjab Kings,1,0.6,1.0,1.0,1.0
1254090,HV Patel,Punjab Kings,1,1.4660194174757282,1.2,1.6,3.0
1254090,Harpreet Brar,Royal Challengers Bangalore,0,0.6410256410256411,0.8,1.2,0.0
1254090,MC Henriques,Royal Challengers Bangalore,3,0.7666666666666667,0.8,1.3333333333333333,0.0
1254090,Mohammed Shami,Royal Challengers Bangalore,3,1.309090909090909,1.4,1.3076923076923077,1.0
1254090,Mohammed Siraj,Punjab Kings,0,1.032258064516129,0.2,1.5714285714285714,0.0
1254090,Ravi Bishnoi,Royal Challengers Bangalore,0,1.0461538461538462,1.0,1.0,1.0
1254090,Shahbaz Ahmed,Punjab Kings,1,0.5,1.0,0.5,0.0
1254090,YS Chahal,Punjab Kings,3,1.3396226415094339,1.2,1.7142857142857142,1.0
1254091,Abhishek Sharma,Chennai Super Kings,0,0.4230769230769231,0.8,0.0,0.0
1254091,B Kumar,Chennai Super Kings,0,1.1079545454545454,0.4,0.7,1.0
1254091,DJ Bravo,Sunrisers Hyderabad,2,1.3101265822784811,1.2,1.375,0.0
1254091,DL Chahar,Sunrisers Hyderabad,0,0.9753086419753086,0.8,0.8333333333333334,1.0
1254091,JO Holder,Chennai Super Kings,3,1.2826086956521738,2.8,1.0,1.0
1254091,JR Hazlewood,Sunrisers Hyderabad,3,1.3333333333333333,0.8,1.6666666666666667,0.0
1254091,MM Ali,Sunrisers Hyderabad,0,0.7692307692307693,0.8,0.3333333333333333,1.0
1254091,RA Jadeja,Sunrisers Hyderabad,1,0.8009478672985783,1.0,0.43478260869565216,0.0
1254091,Rashid Khan,Chennai Super Kings,1,1.2975206611570247,1.6,1.0588235294117647,2.0
1254091,S Kaul,Chennai Super Kings,0,1.1454545454545455,0.8,0.42857142857142855,1.0
1254091,SN Thakur,Sunrisers Hyderabad,1,1.0869565217391304,1.0,0.9333333333333333,3.0
1254091,Sandeep Sharma,Chennai Super Kings,0,1.2142857142857142,0.4,0.75,1.0
1254092,A Nortje,Kolkata Knight Riders,1,1.3478260869565217,1.2,2.1666666666666665,2.0
1254092,AR Patel,Kolkata Knight Riders,0,0.8851351351351351,1.4,0.7619047619047619,1.0
1254092,Avesh Khan,Kolkata Knight Riders,3,1.3064516129032258,1.8,1.7142857142857142,1.0
1254092,CV Varun,Delhi Capitals,0,1.2142857142857142,1.4,1.8888888888888888,0.0
1254092,K Rabada,Kolkata Knight Riders,1,1.575,1.0,1.4,1.0
1254092,LH Ferguson,Delhi Capitals,2,1.2666666666666666,2.0,1.5714285714285714,3.0
1254092,Lalit Yadav,Kolkata Knight Riders,1,0.5789473684210527,0.8,1.0,0.0
1254092,R Ashwin,Kolkata Knight Riders,1,0.9519230769230769,0.4,0.9230769230769231,1.0
1254092,S Sandeep Warrier,Delhi Capitals,0,0.8,0.4,1.6666666666666667,2.0
1254092,SP Narine,Delhi Capitals,2,1.1428571428571428,0.8,0.8,1.0
1254092,TG Southee,Delhi Capitals,3,1.0555555555555556,1.0,1.3333333333333333,0.0
1254092,VR Iyer,Delhi Capitals,2,0.3333333333333333,2.0,0.5,0.0
1254093,C Sakariya,Mumbai Indians,1,1.0526315789473684,0.6,0.5,2.0
1254093,J Yadav,Rajasthan Royals,0,0.45,0.4,0.0,2.0
1254093,JDS Neesham,Rajasthan Royals,3,0.6153846153846154,1.4,2.0,0.0
1254093,JJ Bumrah,Rajasthan Royals,2,1.368421052631579,1.2,1.2857142857142858,3.0
1254093,K Yadav,Mumbai Indians,0,0.6666666666666666,0.0,0.0,1.0
1254093,KA Pollard,Rajasthan Royals,0,0.7570093457943925,0.8,0.9285714285714286,2.0
1254093,Mustafizur Rahman,Mumbai Indians,1,1.2280701754385965,1.4,1.1428571428571428,2.0
1254093,NM Coulter-Nile,Rajasthan Royals,4,1.368421052631579,1.8,1.25,0.0
1254093,S Gopal,Mumbai Indians,0,1.0392156862745099,0.6,0.8571428571428571,1.0
1254093,TA Boult,Rajasthan Royals,0,1.2427184466019416,0.6,1.25,0.0
1254094,Arshdeep Singh,Chennai Super Kings,2,1.2923076923076924,1.0,1.4285714285714286,0.0
1254094,CJ Jordan,Chennai Super Kings,2,1.0588235294117647,1.0,1.0,3.0
1254094,DJ Bravo,Punjab Kings,0,1.3101265822784811,1.0,1.25,3.0
1254094,DL Chahar,Punjab Kings,1,0.9753086419753086,0.2,2.0,1.0
1254094,Harpreet Brar,Chennai Super Kings,0,0.6410256410256411,0.8,0.4,0.0
1254094,JR Hazlewood,Punjab Kings,0,1.3333333333333333,0.8,0.0,2.0
1254094,Mohammed Shami,Chennai Super Kings,1,1.309090909090909,1.2,1.0,1.0
1254094,RA Jadeja,Punjab Kings,0,0.8009478672985783,0.4,0.8571428571428571,1.0
1254094,Ravi Bishnoi,Chennai Super Kings,1,1.0461538461538462,0.8,1.0,2.0
1254094,SN Thakur,Punjab Kings,3,1.0869565217391304,1.4,1.2857142857142858,2.0
1254095,B Kumar,Royal Challengers Bangalore,1,1.1079545454545454,0.4,1.0476190476190477,1.0
1254095,DT Christian,Sunrisers Hyderabad,2,0.8163265306122449,0.4,0.6,1.0
1254095,GHS Garton,Sunrisers Hyderabad,1,0.6,1.0,1.0,0.0
1254095,HV Patel,Sunrisers Hyderabad,3,1.4660194174757282,1.2,1.1538461538461537,1.0
1254095,JO Holder,Royal Challengers Bangalore,1,1.2826086956521738,2.4,1.7142857142857142,0.0
1254095,Mohammed Siraj,Sunrisers Hyderabad,0,1.032258064516129,0.2,0.9090909090909091,2.0
1254095,Rashid Khan,Royal Challengers Bangalore,2,1.2975206611570247,1.8,1.3076923076923077,1.0
1254095,S Kaul,Royal Challengers Bangalore,1,1.1454545454545455,0.6,1.0,2.0
1254095,Shahbaz Ahmed,Sunrisers Hyderabad,0,0.5,1.0,1.0,2.0
1254095,Umran Malik,Royal Challengers Bangalore,1,1.1923076923076923,1.0,0.6666666666666666,0.0
1254095,YS Chahal,Sunrisers Hyderabad,1,1.3396226415094339,1.2,1.3333333333333333,1.0
1254096,AD Russell,Mumbai Indians,0,1.1160714285714286,0.8,1.0555555555555556,1.0
1254096,AF Milne,Kolkata Knight Riders,0,0.9,0.2,0.0,3.0
1254096,CV Varun,Mumbai Indians,0,1.2142857142857142,1.0,1.125,2.0
1254096,JJ Bumrah,Kolkata Knight Riders,3,1.368421052631579,1.8,1.5,2.0
1254096,KH Pandya,Kolkata Knight Riders,0,0.6837606837606838,0.0,0.6,1.0
1254096,LH Ferguson,Mumbai Indians,3,1.2666666666666666,1.6,1.6,1.0
1254096,M Prasidh Krishna,Mumbai Indians,2,1.0588235294117647,1.4,1.0,1.0
1254096,N Rana,Mumbai Indians,0,0.4166666666666667,0.2,0.0,0.0
1254096,RD Chahar,Kolkata Knight Riders,0,0.987012987012987,0.8,1.5,1.0
1254096,SP Narine,Mumbai Indians,1,1.1428571428571428,1.0,1.2173913043478262,3.0
1254096,TA Boult,Kolkata Knight Riders,0,1.2427184466019416,0.6,1.4,0.0
1254097,A Nortje,Rajasthan Royals,2,1.3478260869565217,1.2,1.3333333333333333,2.0
1254097,AR Patel,Rajasthan Royals,1,0.8851351351351351,1.2,1.0,1.0
1254097,Avesh Khan,Rajasthan Royals,1,1.3064516129032258,1.4,1.6666666666666667,0.0
1254097,C Sakariya,Delhi Capitals,2,1.0526315789473684,0.8,1.0,1.0
1254097,K Rabada,Rajasthan Royals,1,1.575,1.2,1.875,0.0
1254097,Kartik Tyagi,Delhi Capitals,1,0.8,0.8,0.75,0.0
1254097,MK Lomror,Delhi Capitals,0,0.18181818181818182,0.0,0.0,1.0
1254097,Mustafizur Rahman,Delhi Capitals,2,1.2280701754385965,1.4,2.0,1.0
1254097,R Ashwin,Rajasthan Royals,1,0.9519230769230769,0.6,1.1764705882352942,0.0
1254097,R Tewatia,Delhi Capitals,1,0.6923076923076923,1.0,0.6,0.0
1254098,AD Russell,Chennai Super Kings,1,1.1160714285714286,1.0,0.6923076923076923,1.0
1254098,CV Varun,Chennai Super Kings,2,1.2142857142857142,1.2,1.1111111111111112,2.0
1254098,DL Chahar,Kolkata Knight Riders,1,0.9753086419753086,0.4,1.3333333333333333,2.0
1254098,JR Hazlewood,Kolkata Knight Riders,2,1.3333333333333333,1.0,2.0,1.0
1254098,LH Ferguson,Chennai Super Kings,1,1.2666666666666666,1.6,0.6,3.0
1254098,M Prasidh Krishna,Chennai Super Kings,1,1.0588235294117647,1.4,0.2,2.0
1254098,RA Jadeja,Kolkata Knight Riders,1,0.8009478672985783,0.6,0.8148148148148148,0.0
1254098,SM Curran,Kolkata Knight Riders,0,1.0689655172413792,1.0,0.75,1.0
1254098,SN Thakur,Kolkata Knight Riders,2,1.0869565217391304,1.8,1.2727272727272727,1.0
1254098,SP Narine,Chennai Super Kings,3,1.1428571428571428,1.2,1.25,1.0
1254098,VR Iyer,Chennai Super Kings,0,0.3333333333333333,1.0,0.0,1.0
1254099,AK Markram,Mumbai Indians,0,0.14285714285714285,0.0,0.0,1.0
1254099,Arshdeep Singh,Mumbai Indians,0,1.2923076923076924,1.0,1.2857142857142858,3.0
1254099,Harpreet Brar,Mumbai Indians,0,0.6410256410256411,0.8,0.0,0.0
1254099,JJ Bumrah,Punjab Kings,2,1.368421052631579,2.0,1.5,2.0
1254099,KA Pollard,Punjab Kings,2,0.7570093457943925,1.0,1.0,0.0
1254099,KH Pandya,Punjab Kings,1,0.6837606837606838,0.2,0.6666666666666666,0.0
1254099,Mohammed Shami,Mumbai Indians,1,1.309090909090909,1.2,1.2857142857142858,2.0
1254099,NM Coulter-Nile,Punjab Kings,0,1.368421052631579,1.8,0.0,1.0
1254099,NT Ellis,Mumbai Indians,1,1.1875,1.0,1.3333333333333333,0.0
1254099,RD Chahar,Punjab Kings,1,0.987012987012987,0.8,1.0,0.0
1254099,Ravi Bishnoi,Mumbai Indians,2,1.0461538461538462,1.0,1.3,2.0
1254099,TA Boult,Punjab Kings,0,1.2427184466019416,0.4,0.42857142857142855,2.0
1254100,Abhishek Sharma,Rajasthan Royals,0,0.4230769230769231,0.8,0.4,0.0
1254100,B Kumar,Rajasthan Royals,1,1.1079545454545454,0.6,1.0555555555555556,0.0
1254100,C Sakariya,Sunrisers Hyderabad,1,1.0526315789473684,1.0,0.5,0.0
1254100,CH Morris,Sunrisers Hyderabad,0,1.3209876543209877,2.0,1.0833333333333333,1.0
1254100,JD Unadkat,Sunrisers Hyderabad,0,1.0480769230769231,0.8,1.3333333333333333,0.0
1254100,JO Holder,Rajasthan Royals,0,1.2826086956521738,2.2,1.5,0.0
1254100,MK Lomror,Sunrisers Hyderabad,1,0.18181818181818182,0.25,0.25,0.0
1254100,Mustafizur Rahman,Sunrisers Hyderabad,1,1.2280701754385965,1.4,2.2,2.0
1254100,R Tewatia,Sunrisers Hyderabad,0,0.6923076923076923,1.0,0.42857142857142855,0.0
1254100,Rashid Khan,Rajasthan Royals,1,1.2975206611570247,1.4,1.2142857142857142,1.0
1254100,S Kaul,Rajasthan Royals,2,1.1454545454545455,0.6,1.1428571428571428,1.0
1254100,Sandeep Sharma,Rajasthan Royals,1,1.2142857142857142,0.4,0.5555555555555556,0.0
1254101,A Nortje,Royal Challengers Bangalore,2,1.3478260869565217,1.4,2.0,2.0
1254101,AR Patel,Royal Challengers Bangalore,1,0.8851351351351351,1.2,1.0555555555555556,2.0
1254101,Avesh Khan,Royal Challengers Bangalore,0,1.3064516129032258,1.2,0.4,2.0
1254101,DT Christian,Delhi Capitals,1,0.8163265306122449,0.6,1.0,1.0
1254101,GHS Garton,Delhi Capitals,0,0.6,0.6666666666666666,0.0,1.0
1254101,GJ Maxwell,Delhi Capitals,0,0.5189873417721519,0.2,0.25,0.0
1254101,HV Patel,Delhi Capitals,1,1.4660194174757282,1.0,1.5,3.0
1254101,K Rabada,Royal Challengers Bangalore,0,1.575,1.0,2.2857142857142856,3.0
1254101,Mohammed Siraj,Delhi Capitals,2,1.032258064516129,0.4,1.4444444444444444,0.0
1254101,R Ashwin,Royal Challengers Bangalore,0,0.9519230769230769,0.6,0.8461538461538461,0.0
1254101,YS Chahal,Delhi Capitals,1,1.3396226415094339,1.4,1.0,2.0
1254102,Arshdeep Singh,Kolkata Knight Riders,3,1.2923076923076924,1.4,1.3333333333333333,2.0
1254102,CV Varun,Punjab Kings,2,1.2142857142857142,1.6,1.1666666666666667,1.0
1254102,FA Allen,Kolkata Knight Riders,0,0.5,0.3333333333333333,0.0,1.0
1254102,Mohammed Shami,Kolkata Knight Riders,2,1.309090909090909,1.4,1.2857142857142858,2.0
1254102,N Rana,Punjab Kings,0,0.4166666666666667,0.2,0.5,0.0
1254102,NT Ellis,Kolkata Knight Riders,0,1.1875,0.5,0.6666666666666666,0.0
1254102,Ravi Bishnoi,Kolkata Knight Riders,2,1.0461538461538462,1.0,1.2222222222222223,3.0
1254102,SP Narine,Punjab Kings,1,1.1428571428571428,1.4,1.0,1.0
1254102,Shivam Mavi,Punjab Kings,1,1.03125,0.6,1.0,4.0
1254102,TG Southee,Punjab Kings,0,1.0555555555555556,0.8,1.3333333333333333,2.0
1254102,VR Iyer,Punjab Kings,1,0.3333333333333333,1.0,1.0,0.0
1254103,C Sakariya,Royal Challengers Bangalore,0,1.0526315789473684,1.0,0.0,1.0
1254103,CH Morris,Royal Challengers Bangalore,1,1.3209876543209877,2.2,1.0,1.0
1254103,DT Christian,Rajasthan Royals,1,0.8163265306122449,0.8,0.6666666666666666,0.0
1254103,GHS Garton,Rajasthan Royals,1,0.6,0.75,1.0,0.0
1254103,GJ Maxwell,Rajasthan Royals,0,0.5189873417721519,0.2,0.25,2.0
1254103,HV Patel,Rajasthan Royals,3,1.4660194174757282,1.6,1.8333333333333333,4.0
1254103,Kartik Tyagi,Royal Challengers Bangalore,0,0.8,0.8,0.5,2.0
1254103,MK Lomror,Royal Challengers Bangalore,0,0.18181818181818182,0.2,0.0,0.0
1254103,Mohammed Siraj,Rajasthan Royals,0,1.032258064516129,0.4,1.0909090909090908,1.0
1254103,Mustafizur Rahman,Royal Challengers Bangalore,2,1.2280701754385965,1.2,0.875,0.0
1254103,R Parag,Royal Challengers Bangalore,0,0.23809523809523808,0.4,0.25,0.0
1254103,R Tewatia,Royal Challengers Bangalore,0,0.6923076923076923,1.0,0.3333333333333333,1.0
1254103,Shahbaz Ahmed,Rajasthan Royals,2,0.5,1.4,0.8333333333333334,0.0
1254103,YS Chahal,Rajasthan Royals,2,1.3396226415094339,1.6,1.5,3.0
1254104,AF Milne,Chennai Super Kings,3,0.9,0.6,3.0,1.0
1254104,DJ Bravo,Mumbai Indians,3,1.3101265822784811,1.4,1.6363636363636365,1.0
1254104,DL Chahar,Mumbai Indians,2,0.9753086419753086,0.8,1.0,1.0
1254104,JJ Bumrah,Chennai Super Kings,2,1.368421052631579,2.2,0.8,3.0
1254104,JR Hazlewood,Mumbai Indians,1,1.3333333333333333,1.2,0.3333333333333333,1.0
1254104,KA Pollard,Chennai Super Kings,0,0.7570093457943925,0.8,0.9375,0.0
1254104,KH Pandya,Chennai Super Kings,0,0.6837606837606838,0.2,0.75,0.0
1254104,MM Ali,Mumbai Indians,1,0.7692307692307693,0.4,0.8333333333333334,0.0
1254104,RA Jadeja,Mumbai Indians,0,0.8009478672985783,0.4,0.6451612903225806,2.0
1254104,RD Chahar,Chennai Super Kings,0,0.987012987012987,0.6,1.1538461538461537,1.0
1254104,SN Thakur,Mumbai Indians,1,1.0869565217391304,1.8,0.9230769230769231,2.0
1254104,TA Boult,Chennai Super Kings,2,1.2427184466019416,0.6,1.25,1.0
1254105,A Nortje,Sunrisers Hyderabad,2,1.3478260869565217,1.8,0.75,1.0
1254105,AR Patel,Sunrisers Hyderabad,2,0.8851351351351351,1.2,0.8947368421052632,2.0
1254105,Avesh Khan,Sunrisers Hyderabad,2,1.3064516129032258,1.4,2.2857142857142856,1.0
1254105,B Kumar,Delhi Capitals,0,1.1079545454545454,0.4,1.6666666666666667,1.0
1254105,JO Holder,Delhi Capitals,0,1.2826086956521738,1.6,0.3333333333333333,3.0
1254105,K Rabada,Sunrisers Hyderabad,3,1.575,1.6,1.5454545454545454,0.0
1254105,KK Ahmed,Delhi Capitals,1,1.368421052631579,0.8,1.6,0.0
1254105,MP Stoinis,Sunrisers Hyderabad,0,0.7258064516129032,0.2,0.5,1.0
1254105,R Ashwin,Sunrisers Hyderabad,0,0.9519230769230769,0.6,0.65,1.0
1254105,Rashid Khan,Delhi Capitals,1,1.2975206611570247,1.4,1.4615384615384615,1.0
1254105,Sandeep Sharma,Delhi Capitals,0,1.2142857142857142,0.4,1.0,1.0
1254106,C Sakariya,Kolkata Knight Riders,1,1.0526315789473684,1.0,1.0,1.0
1254106,CH Morris,Kolkata Knight Riders,1,1.3209876543209877,1.4,1.6428571428571428,0.0
1254106,CV Varun,Rajasthan Royals,1,1.2142857142857142,1.0,1.2857142857142858,2.0
1254106,GD Phillips,Kolkata Knight Riders,1,0.5,0.5,1.0,1.0
1254106,JD Unadkat,Kolkata Knight Riders,0,1.0480769230769231,0.2,0.5384615384615384,2.0
1254106,LH Ferguson,Rajasthan Royals,3,1.2666666666666666,2.2,2.0,2.0
1254106,Mustafizur Rahman,Kolkata Knight Riders,0,1.2280701754385965,1.2,1.125,0.0
1254106,R Tewatia,Kolkata Knight Riders,1,0.6923076923076923,1.0,1.25,1.0
1254106,S Dube,Kolkata Knight Riders,0,0.42857142857142855,0.0,0.0,0.0
1254106,SP Narine,Rajasthan Royals,1,1.1428571428571428,1.6,0.7894736842105263,0.0
1254106,Shakib Al Hasan,Rajasthan Royals,1,1.0142857142857142,0.8,1.3,2.0
1254106,Shivam Mavi,Rajasthan Royals,4,1.03125,1.4,1.75,2.0
1254107,Abdul Samad,Punjab Kings,1,0.4,0.5,1.0,0.0
1254107,Arshdeep Singh,Sunrisers Hyderabad,2,1.2923076923076924,1.6,1.6,5.0
1254107,B Kumar,Punjab Kings,1,1.1079545454545454,0.6,1.1428571428571428,0.0
1254107,Harpreet Brar,Sunrisers Hyderabad,0,0.6410256410256411,0.2,0.8,1.0
1254107,JO Holder,Punjab Kings,3,1.2826086956521738,1.4,1.6666666666666667,2.0
1254107,KK Ahmed,Punjab Kings,0,1.368421052631579,0.2,1.2857142857142858,2.0
1254107,Mohammed Shami,Sunrisers Hyderabad,2,1.309090909090909,1.8,1.2857142857142858,3.0
1254107,NT Ellis,Sunrisers Hyderabad,0,1.1875,0.3333333333333333,1.3333333333333333,0.0
1254107,Rashid Khan,Punjab Kings,1,1.2975206611570247,1.2,1.1428571428571428,1.0
1254107,Ravi Bishnoi,Sunrisers Hyderabad,3,1.0461538461538462,1.6,1.1428571428571428,0.0
1254107,Sandeep Sharma,Punjab Kings,1,1.2142857142857142,0.6,0.3333333333333333,0.0
1254108,AF Milne,Royal Challengers Bangalore,1,0.9,0.8,1.0,0.0
1254108,DT Christian,Mumbai Indians,0,0.8163265306122449,0.8,0.5454545454545454,0.0
1254108,GJ Maxwell,Mumbai Indians,2,0.5189873417721519,0.6,0.3333333333333333,1.0
1254108,HV Patel,Mumbai Indians,4,1.4660194174757282,2.4,1.8571428571428572,2.0
1254108,JJ Bumrah,Royal Challengers Bangalore,3,1.368421052631579,2.4,1.6111111111111112,1.0
1254108,KH Pandya,Royal Challengers Bangalore,0,0.6837606837606838,0.2,0.75,1.0
1254108,Mohammed Siraj,Mumbai Indians,1,1.032258064516129,0.6,0.75,0.0
1254108,RD Chahar,Royal Challengers Bangalore,1,0.987012987012987,0.4,0.75,1.0
1254108,TA Boult,Royal Challengers Bangalore,1,1.2427184466019416,0.6,1.4545454545454546,1.0
1254108,YS Chahal,Mumbai Indians,3,1.3396226415094339,2.0,1.5,1.0
1254109,B Kumar,Kolkata Knight Riders,0,1.1079545454545454,0.6,1.1,1.0
1254109,CV Varun,Sunrisers Hyderabad,2,1.2142857142857142,1.4,1.0,0.0
1254109,JO Holder,Kolkata Knight Riders,2,1.2826086956521738,1.2,1.75,3.0
1254109,Rashid Khan,Kolkata Knight Riders,1,1.2975206611570247,1.2,1.1333333333333333,1.0
1254109,S Kaul,Kolkata Knight Riders,1,1.1454545454545455,0.8,1.125,0.0
1254109,SP Narine,Sunrisers Hyderabad,0,1.1428571428571428,1.2,0.64,4.0
1254109,Shakib Al Hasan,Sunrisers Hyderabad,2,1.0142857142857142,1.0,1.5,0.0
1254109,Shivam Mavi,Sunrisers Hyderabad,2,1.03125,1.6,0.8,1.0
1254109,TG Southee,Sunrisers Hyderabad,2,1.0555555555555556,1.2,1.8571428571428572,3.0
1254109,Umran Malik,Kolkata Knight Riders,0,1.1923076923076923,0.6666666666666666,1.5,2.0
1254110,A Nortje,Chennai Super Kings,1,1.3478260869565217,1.6,1.4285714285714286,1.0
1254110,AR Patel,Chennai Super Kings,2,0.8851351351351351,1.2,0.7647058823529411,3.0
1254110,Avesh Khan,Chennai Super Kings,1,1.3064516129032258,1.4,1.0,3.0
1254110,DJ Bravo,Delhi Capitals,1,1.3101265822784811,1.4,1.5,3.0
1254110,DL Chahar,Delhi Capitals,1,0.9753086419753086,1.0,1.0909090909090908,1.0
1254110,JR Hazlewood,Delhi Capitals,1,1.3333333333333333,1.4,1.4,0.0
1254110,K Rabada,Chennai Super Kings,0,1.575,1.0,1.0,0.0
1254110,MM Ali,Delhi Capitals,0,0.7692307692307693,0.4,0.8571428571428571,1.0
1254110,R Ashwin,Chennai Super Kings,1,0.9519230769230769,0.6,1.25,1.0
1254110,RA Jadeja,Delhi Capitals,2,0.8009478672985783,0.8,1.0909090909090908,0.0
1254110,SN Thakur,Delhi Capitals,2,1.0869565217391304,1.8,0.8333333333333334,2.0
1254111,AU Rashid,Rajasthan Royals,0,0.6666666666666666,0.0,0.0,0.0
1254111,Arshdeep Singh,Rajasthan Royals,5,1.2923076923076924,2.4,1.8888888888888888,1.0
1254111,C Sakariya,Punjab Kings,1,1.0526315789473684,1.0,2.0,1.0
1254111,DJ Hooda,Rajasthan Royals,0,0.30303030303030304,0.4,0.0,1.0
1254111,Harpreet Brar,Rajasthan Royals,1,0.6410256410256411,0.2,0.25,0.0
1254111,Kartik Tyagi,Punjab Kings,2,0.8,1.0,2.0,0.0
1254111,MK Lomror,Punjab Kings,0,0.18181818181818182,0.2,0.0,0.0
1254111,Mohammed Shami,Rajasthan Royals,3,1.309090909090909,1.8,1.5,3.0
1254111,Mustafizur Rahman,Punjab Kings,0,1.2280701754385965,1.0,0.5,3.0
1254111,R Parag,Punjab Kings,0,0.23809523809523808,0.2,0.5,0.0
1254111,R Tewatia,Punjab Kings,1,0.6923076923076923,0.6,0.3333333333333333,0.0
1254112,A Nortje,Mumbai Indians,1,1.3478260869565217,1.6,1.125,1.0
1254112,AR Patel,Mumbai Indians,3,0.8851351351351351,1.8,0.7142857142857143,0.0
1254112,Avesh Khan,Mumbai Indians,3,1.3064516129032258,1.4,2.0,1.0
1254112,J Yadav,Delhi Capitals,2,0.45,0.6,0.8,0.0
1254112,JJ Bumrah,Delhi Capitals,1,1.368421052631579,2.2,1.6666666666666667,0.0
1254112,K Rabada,Mumbai Indians,0,1.575,0.8,1.1666666666666667,1.0
1254112,KA Pollard,Delhi Capitals,0,0.7570093457943925,0.8,0.4,1.0
1254112,KH Pandya,Delhi Capitals,1,0.6837606837606838,0.4,0.4166666666666667,1.0
1254112,NM Coulter-Nile,Delhi Capitals,1,1.368421052631579,1.4,1.25,0.0
1254112,R Ashwin,Mumbai Indians,1,0.9519230769230769,0.6,0.7941176470588235,0.0
1254112,TA Boult,Delhi Capitals,1,1.2427184466019416,0.8,1.4545454545454546,2.0
1254113,DJ Bravo,Royal Challengers Bangalore,3,1.3101265822784811,1.8,1.0434782608695652,1.0
1254113,DL Chahar,Royal Challengers Bangalore,1,0.9753086419753086,1.2,0.75,0.0
1254113,GJ Maxwell,Chennai Super Kings,1,0.5189873417721519,0.6,0.75,0.0
1254113,HV Patel,Chennai Super Kings,2,1.4660194174757282,2.6,1.7,2.0
1254113,JR Hazlewood,Royal Challengers Bangalore,0,1.3333333333333333,0.8,0.0,2.0
1254113,Mohammed Siraj,Chennai Super Kings,0,1.032258064516129,0.6,0.2727272727272727,2.0
1254113,Navdeep Saini,Chennai Super Kings,0,0.8387096774193549,0.2,0.5,2.0
1254113,PWH de Silva,Chennai Super Kings,0,1.3846153846153846,0.0,1.0,1.0
1254113,RA Jadeja,Royal Challengers Bangalore,0,0.8009478672985783,0.6,1.037037037037037,1.0
1254113,SN Thakur,Royal Challengers Bangalore,2,1.0869565217391304,2.0,1.4444444444444444,0.0
1254113,YS Chahal,Chennai Super Kings,1,1.3396226415094339,1.6,1.1176470588235294,2.0
1254114,A Nortje,Chennai Super Kings,1,1.3478260869565217,1.4,1.4285714285714286,2.0
1254114,AR Patel,Chennai Super Kings,0,0.8851351351351351,1.6,0.7647058823529411,0.0
1254114,Avesh Khan,Chennai Super Kings,1,1.3064516129032258,1.4,1.0,1.0
1254114,DJ Bravo,Delhi Capitals,1,1.3101265822784811,1.6,1.5,1.0
1254114,DL Chahar,Delhi Capitals,0,0.9753086419753086,1.0,1.0909090909090908,1.0
1254114,JR Hazlewood,Delhi Capitals,2,1.3333333333333333,1.2,1.4,2.0
1254114,K Rabada,Chennai Super Kings,1,1.575,0.8,1.0,2.0
1254114,MM Ali,Delhi Capitals,1,0.7692307692307693,0.4,0.8571428571428571,0.0
1254114,R Ashwin,Chennai Super Kings,0,0.9519230769230769,0.4,1.25,2.0
1254114,RA Jadeja,Delhi Capitals,1,0.8009478672985783,0.8,1.0909090909090908,2.0
1254114,SN Thakur,Delhi Capitals,0,1.0869565217391304,1.4,0.8333333333333334,3.0
1254115,CV Varun,Royal Challengers Bangalore,0,1.2142857142857142,1.4,1.75,2.0
1254115,GJ Maxwell,Kolkata Knight Riders,0,0.5189873417721519,0.6,0.4,1.0
1254115,HV Patel,Kolkata Knight Riders,2,1.4660194174757282,2.4,1.3076923076923077,1.0
1254115,LH Ferguson,Royal Challengers Bangalore,2,1.2666666666666666,2.2,1.4285714285714286,1.0
1254115,Mohammed Siraj,Kolkata Knight Riders,2,1.032258064516129,1.0,1.0714285714285714,2.0
1254115,SP Narine,Royal Challengers Bangalore,4,1.1428571428571428,1.8,1.2777777777777777,1.0
1254115,Shakib Al Hasan,Royal Challengers Bangalore,0,1.0142857142857142,0.8,0.6666666666666666,0.0
1254115,Shivam Mavi,Royal Challengers Bangalore,1,1.03125,1.6,0.5,1.0
1254115,YS Chahal,Kolkata Knight Riders,2,1.3396226415094339,1.8,1.3181818181818181,3.0
1254116,A Nortje,Kolkata Knight Riders,2,1.3478260869565217,1.4,2.1666666666666665,0.0
1254116,AR Patel,Kolkata Knight Riders,0,0.8851351351351351,1.4,0.7619047619047619,0.0
1254116,Avesh Khan,Kolkata Knight Riders,1,1.3064516129032258,1.6,1.7142857142857142,1.0
1254116,CV Varun,Delhi Capitals,2,1.2142857142857142,1.4,1.8888888888888888,0.0
1254116,K Rabada,Kolkata Knight Riders,2,1.575,1.2,1.4,1.0
1254116,LH Ferguson,Delhi Capitals,1,1.2666666666666666,2.0,1.5714285714285714,0.0
1254116,R Ashwin,Kolkata Knight Riders,2,0.9519230769230769,0.8,0.9230769230769231,0.0
1254116,SP Narine,Delhi Capitals,1,1.1428571428571428,1.4,0.8,2.0
1254116,Shakib Al Hasan,Delhi Capitals,0,1.0142857142857142,0.6,0.0,0.0
1254116,Shivam Mavi,Delhi Capitals,1,1.03125,1.8,0.3333333333333333,1.0
1254117,CV Varun,Chennai Super Kings,0,1.2142857142857142,1.0,1.1111111111111112,1.0
1254117,DJ Bravo,Kolkata Knight Riders,1,1.3101265822784811,1.8,1.3157894736842106,3.0
1254117,DL Chahar,Kolkata Knight Riders,1,0.9753086419753086,1.0,1.3333333333333333,0.0
1254117,JR Hazlewood,Kolkata Knight Riders,2,1.3333333333333333,1.2,2.0,1.0
1254117,LH Ferguson,Chennai Super Kings,0,1.2666666666666666,1.4,0.6,0.0
1254117,RA Jadeja,Kolkata Knight Riders,2,0.8009478672985783,1.0,0.8148148148148148,0.0
1254117,SN Thakur,Kolkata Knight Riders,3,1.0869565217391304,1.6,1.2727272727272727,0.0
1254117,SP Narine,Chennai Super Kings,2,1.1428571428571428,1.6,1.25,1.0
1254117,Shivam Mavi,Chennai Super Kings,1,1.03125,1.8,0.5,0.0
1254117,VR Iyer,Chennai Super Kings,0,0.3333333333333333,0.75,0.0,0.0
1304047,AD Russell,Chennai Super Kings,1,1.1160714285714286,1.0,0.6923076923076923,0.0
1304047,CV Varun,Chennai Super Kings,1,1.2142857142857142,1.0,1.1111111111111112,1.0
1304047,DJ Bravo,Kolkata Knight Riders,3,1.3101265822784811,1.8,1.3157894736842106,1.0
1304047,MJ Santner,Kolkata Knight Riders,1,0.8888888888888888,1.2,1.0,1.0
1304047,RA Jadeja,Kolkata Knight Riders,0,0.8009478672985783,1.0,0.8148148148148148,0.0
1304047,S Dube,Kolkata Knight Riders,0,0.42857142857142855,0.0,0.0,0.0
1304047,SP Narine,Chennai Super Kings,1,1.1428571428571428,1.6,1.25,1.0
1304047,Shivam Mavi,Chennai Super Kings,0,1.03125,1.0,0.5,1.0
1304047,TU Deshpande,Kolkata Knight Riders,0,1.2777777777777777,0.6,1.0,1.0
1304047,UT Yadav,Chennai Super Kings,2,1.1088435374149659,0.6,1.0555555555555556,2.0
1304048,AR Patel,Mumbai Indians,0,0.8851351351351351,1.0,0.7142857142857143,0.0
1304048,Basil Thampi,Delhi Capitals,3,1.04,0.8,1.5,0.0
1304048,DR Sams,Delhi Capitals,0,0.9375,0.2,0.3333333333333333,0.0
1304048,JJ Bumrah,Delhi Capitals,0,1.368421052631579,1.6,1.6666666666666667,4.0
1304048,KK Ahmed,Mumbai Indians,2,1.368421052631579,0.6,1.5,2.0
1304048,Kuldeep Yadav,Mumbai Indians,3,1.0975609756097562,0.8,0.7,1.0
1304048,Lalit Yadav,Mumbai Indians,0,0.5789473684210527,0.8,0.5,1.0
1304048,M Ashwin,Delhi Capitals,2,0.7954545454545454,0.8,0.6,0.0
1304048,SN Thakur,Mumbai Indians,0,1.0869565217391304,1.4,0.9230769230769231,0.0
1304048,TS Mills,Delhi Capitals,1,1.1,1.0,1.0,3.0
1304049,Akash Deep,Punjab Kings,1,1.0,1.0,1.0,3.0
1304049,Arshdeep Singh,Royal Challengers Bangalore,1,1.2923076923076924,2.2,1.0,0.0
1304049,DJ Willey,Punjab Kings,0,0.6363636363636364,0.5,0.0,0.0
1304049,HV Patel,Punjab Kings,1,1.4660194174757282,2.4,1.6,2.0
1304049,Harpreet Brar,Royal Challengers Bangalore,0,0.6410256410256411,0.2,1.2,0.0
1304049,LS Livingstone,Royal Challengers Bangalore,0,0.5,0.0,0.0,0.0
1304049,Mohammed Siraj,Punjab Kings,2,1.032258064516129,1.0,1.5714285714285714,1.0
1304049,OF Smith,Royal Challengers Bangalore,0,1.1666666666666667,0.0,0.0,1.0
1304049,PWH de Silva,Punjab Kings,1,1.3846153846153846,0.3333333333333333,1.6666666666666667,4.0
1304049,RD Chahar,Royal Challengers Bangalore,1,0.987012987012987,0.6,0.75,2.0
1304049,Sandeep Sharma,Royal Challengers Bangalore,0,1.2142857142857142,0.4,1.6666666666666667,1.0
1304049,Shahbaz Ahmed,Punjab Kings,0,0.5,0.8,0.5,0.0
1304050,Avesh Khan,Gujarat Titans,1,1.3064516129032258,1.4,1.2,2.0
1304050,DJ Hooda,Gujarat Titans,1,0.30303030303030304,0.4,1.0,0.0
1304050,HH Pandya,Lucknow Super Giants,0,0.7526881720430108,1.0,0.5,1.0
1304050,KH Pandya,Gujarat Titans,1,0.6837606837606838,0.6,1.2,0.0
1304050,LH Ferguson,Lucknow Super Giants,0,1.2666666666666666,1.2,0.0,4.0
1304050,Mohammed Shami,Lucknow Super Giants,3,1.309090909090909,2.2,1.25,2.0
1304050,Mohsin Khan,Gujarat Titans,0,1.173913043478261,0.0,0.6666666666666666,1.0
1304050,PVD Chameera,Gujarat Titans,2,0.8461538461538461,2.0,1.0,0.0
1304050,Rashid Khan,Lucknow Super Giants,1,1.2975206611570247,1.0,1.8,1.0
1304050,Ravi Bishnoi,Gujarat Titans,0,1.0461538461538462,1.6,0.25,2.0
1304050,VR Aaron,Lucknow Super Giants,2,0.92,0.4,2.0,0.0
1304051,Abhishek Sharma,Rajasthan Royals,0,0.4230769230769231,0.4,0.4,0.0
1304051,B Kumar,Rajasthan Royals,1,1.1079545454545454,0.6,1.0555555555555556,0.0
1304051,M Prasidh Krishna,Sunrisers Hyderabad,2,1.0588235294117647,1.2,2.0,2.0
1304051,R Ashwin,Sunrisers Hyderabad,0,0.9519230769230769,0.8,0.65,1.0
1304051,R Parag,Sunrisers Hyderabad,0,0.23809523809523808,0.0,0.0,0.0
1304051,R Shepherd,Rajasthan Royals,1,0.75,1.0,1.0,3.0
1304051,T Natarajan,Rajasthan Royals,2,1.2459016393442623,1.2,1.1428571428571428,2.0
1304051,TA Boult,Sunrisers Hyderabad,2,1.2427184466019416,1.2,1.4166666666666667,1.0
1304051,Umran Malik,Rajasthan Royals,2,1.1923076923076923,1.0,1.5,0.0
1304051,Washington Sundar,Rajasthan Royals,0,0.6724137931034483,0.4,0.16666666666666666,2.0
1304051,YS Chahal,Sunrisers Hyderabad,3,1.3396226415094339,2.2,1.3333333333333333,2.0
1304052,AD Russell,Royal Challengers Bangalore,0,1.1160714285714286,1.0,0.8571428571428571,2.0
1304052,Akash Deep,Kolkata Knight Riders,3,1.0,2.0,1.5,0.0
1304052,CV Varun,Royal Challengers Bangalore,1,1.2142857142857142,0.8,1.75,0.0
1304052,DJ Willey,Kolkata Knight Riders,0,0.6363636363636364,0.4,0.6666666666666666,1.0
1304052,HV Patel,Kolkata Knight Riders,2,1.4660194174757282,2.2,1.3076923076923077,1.0
1304052,Mohammed Siraj,Kolkata Knight Riders,1,1.032258064516129,1.2,1.0714285714285714,0.0
1304052,PWH de Silva,Kolkata Knight Riders,4,1.3846153846153846,1.25,2.0,1.0
1304052,SP Narine,Royal Challengers Bangalore,1,1.1428571428571428,1.8,1.2777777777777777,1.0
1304052,Shahbaz Ahmed,Kolkata Knight Riders,0,0.5,0.6,0.2,0.0
1304052,TG Southee,Royal Challengers Bangalore,3,1.0555555555555556,1.6,1.0,2.0
1304052,UT Yadav,Royal Challengers Bangalore,2,1.1088435374149659,1.0,1.0666666666666667,4.0
1304052,VR Iyer,Royal Challengers Bangalore,0,0.3333333333333333,0.6,0.0,0.0
1304053,AJ Tye,Chennai Super Kings,3,1.6,1.2,1.0,0.0
1304053,Avesh Khan,Chennai Super Kings,2,1.3064516129032258,1.6,1.0,4.0
1304053,D Pretorius,Lucknow Super Giants,2,1.0,2.0,2.0,2.0
1304053,DJ Bravo,Lucknow Super Giants,1,1.3101265822784811,1.8,1.0,1.0
1304053,DJ Hooda,Chennai Super Kings,0,0.30303030303030304,0.2,0.0,0.0
1304053,KH Pandya,Chennai Super Kings,0,0.6837606837606838,0.4,0.75,2.0
1304053,MM Ali,Lucknow Super Giants,0,0.7692307692307693,0.4,1.2,0.0
1304053,Mukesh Choudhary,Lucknow Super Giants,0,1.1428571428571428,0.0,0.0,1.0
1304053,PVD Chameera,Chennai Super Kings,0,0.8461538461538461,1.0,0.0,0.0
1304053,RA Jadeja,Lucknow Super Giants,0,0.8009478672985783,0.6,0.2,1.0
1304053,Ravi Bishnoi,Chennai Super Kings,2,1.0461538461538462,1.8,1.0,0.0
1304053,S Dube,Lucknow Super Giants,0,0.42857142857142855,0.0,0.0,1.0
1304053,TU Deshpande,Lucknow Super Giants,1,1.2777777777777777,0.6,0.6,1.0
1304054,AD Russell,Punjab Kings,2,1.1160714285714286,0.8,0.5,0.0
1304054,Arshdeep Singh,Kolkata Knight Riders,0,1.2923076923076924,2.2,1.3333333333333333,1.0
1304054,CV Varun,Punjab Kings,0,1.2142857142857142,0.8,1.1666666666666667,1.0
1304054,Harpreet Brar,Kolkata Knight Riders,0,0.6410256410256411,0.2,0.25,1.0
1304054,K Rabada,Kolkata Knight Riders,1,1.575,0.8,1.4,1.0
1304054,LS Livingstone,Kolkata Knight Riders,0,0.5,0.0,0.0,2.0
1304054,OF Smith,Kolkata Knight Riders,1,1.1666666666666667,0.5,1.0,1.0
1304054,RD Chahar,Kolkata Knight Riders,2,0.987012987012987,1.0,1.5,3.0
1304054,SP Narine,Punjab Kings,1,1.1428571428571428,1.2,1.0,0.0
1304054,Shivam Mavi,Punjab Kings,1,1.03125,0.8,1.0,1.0
1304054,TG Southee,Punjab Kings,2,1.0555555555555556,2.0,1.3333333333333333,3.0
1304054,UT Yadav,Punjab Kings,4,1.1088435374149659,1.8,2.0,1.0
1304055,Basil Thampi,Rajasthan Royals,0,1.04,0.8,0.5,0.0
1304055,DR Sams,Rajasthan Royals,0,0.9375,0.2,0.5,1.0
1304055,JJ Bumrah,Rajasthan Royals,4,1.368421052631579,2.0,1.2857142857142858,0.0
1304055,KA Pollard,Rajasthan Royals,1,0.7570093457943925,0.6,0.9285714285714286,0.0
1304055,M Ashwin,Rajasthan Royals,0,0.7954545454545454,0.6,0.6,2.0
1304055,M Prasidh Krishna,Mumbai Indians,2,1.0588235294117647,1.6,1.0,0.0
1304055,Navdeep Saini,Mumbai Indians,2,0.8387096774193549,0.6,0.75,1.0
1304055,R Ashwin,Mumbai Indians,1,0.9519230769230769,0.8,0.7941176470588235,0.0
1304055,R Parag,Mumbai Indians,0,0.23809523809523808,0.0,0.0,1.0
1304055,TA Boult,Mumbai Indians,1,1.2427184466019416,1.4,1.2727272727272727,2.0
1304055,TS Mills,Rajasthan Royals,3,1.1,1.4,3.0,2.0
1304055,YS Chahal,Mumbai Indians,2,1.3396226415094339,2.2,1.5,3.0
1304056,AR Patel,Gujarat Titans,0,0.8851351351351351,0.6,0.5,0.0
1304056,HH Pandya,Delhi Capitals,1,0.7526881720430108,0.8,0.6666666666666666,1.0
1304056,KK Ahmed,Gujarat Titans,2,1.368421052631579,1.0,1.2,3.0
1304056,Kuldeep Yadav,Gujarat Titans,1,1.0975609756097562,0.8,0.8,2.0
1304056,LH Ferguson,Delhi Capitals,4,1.2666666666666666,1.4,1.5714285714285714,2.0
1304056,Mohammed Shami,Delhi Capitals,2,1.309090909090909,2.4,2.2222222222222223,1.0
1304056,Mustafizur Rahman,Gujarat Titans,3,1.2280701754385965,1.2,2.5,0.0
1304056,R Tewatia,Delhi Capitals,0,0.6923076923076923,0.4,0.6,0.0
1304056,Rashid Khan,Delhi Capitals,1,1.2975206611570247,1.0,1.4615384615384615,3.0
1304056,SN Thakur,Gujarat Titans,0,1.0869565217391304,1.0,0.0,1.0
1304056,V Shankar,Delhi Capitals,1,0.5454545454545454,1.0,0.5,0.0
1304057,Arshdeep Singh,Chennai Super Kings,1,1.2923076923076924,1.8,1.4285714285714286,0.0
1304057,CJ Jordan,Punjab Kings,3,1.0588235294117647,1.4,3.0,0.0
1304057,D Pretorius,Punjab Kings,2,1.0,2.0,1.0,0.0
1304057,DJ Bravo,Punjab Kings,1,1.3101265822784811,1.4,1.25,1.0
1304057,K Rabada,Chennai Super Kings,1,1.575,1.0,1.0,2.0
1304057,LS Livingstone,Chennai Super Kings,2,0.5,0.5,0.6666666666666666,0.0
1304057,MM Ali,Punjab Kings,0,0.7692307692307693,0.4,0.25,0.0
1304057,Mukesh Choudhary,Punjab Kings,1,1.1428571428571428,0.5,0.5,1.0
1304057,OF Smith,Chennai Super Kings,1,1.1666666666666667,0.6666666666666666,1.0,1.0
1304057,RA Jadeja,Punjab Kings,1,0.8009478672985783,0.8,0.8571428571428571,0.0
1304057,RD Chahar,Chennai Super Kings,3,0.987012987012987,1.4,1.1538461538461537,1.0
1304057,VG Arora,Chennai Super Kings,2,1.0,2.0,1.6666666666666667,0.0
1304058,AJ Tye,Sunrisers Hyderabad,0,1.6,1.2,0.6666666666666666,0.0
1304058,Avesh Khan,Sunrisers Hyderabad,4,1.3064516129032258,1.8,2.2857142857142856,0.0
1304058,B Kumar,Lucknow Super Giants,0,1.1079545454545454,0.4,0.75,1.0
1304058,JO Holder,Sunrisers Hyderabad,3,1.2826086956521738,1.6,1.5,0.0
1304058,KH Pandya,Sunrisers Hyderabad,2,0.6837606837606838,0.8,0.8461538461538461,0.0
1304058,R Shepherd,Lucknow Super Giants,3,0.75,2.0,1.5,0.0
1304058,Ravi Bishnoi,Sunrisers Hyderabad,0,1.0461538461538462,1.4,1.1428571428571428,2.0
1304058,T Natarajan,Lucknow Super Giants,2,1.2459016393442623,1.2,0.75,2.0
1304058,Umran Malik,Lucknow Super Giants,0,1.1923076923076923,0.8,0.5,0.0
1304058,Washington Sundar,Lucknow Super Giants,2,0.6724137931034483,0.6,1.0,2.0
1304059,Akash Deep,Rajasthan Royals,0,1.0,1.3333333333333333,0.0,2.0
1304059,DJ Willey,Rajasthan Royals,1,0.6363636363636364,0.4,1.3333333333333333,0.0
1304059,HV Patel,Rajasthan Royals,1,1.4660194174757282,1.6,1.8333333333333333,2.0
1304059,M Prasidh Krishna,Royal Challengers Bangalore,0,1.0588235294117647,1.4,0.8888888888888888,1.0
1304059,Mohammed Siraj,Rajasthan Royals,0,1.032258064516129,1.0,1.0909090909090908,0.0
1304059,Navdeep Saini,Royal Challengers Bangalore,1,0.8387096774193549,0.6,1.0,3.0
1304059,PWH de Silva,Rajasthan Royals,1,1.3846153846153846,1.2,1.0,2.0
1304059,R Ashwin,Royal Challengers Bangalore,0,0.9519230769230769,0.6,0.8461538461538461,0.0
1304059,TA Boult,Royal Challengers Bangalore,2,1.2427184466019416,1.4,1.4545454545454546,2.0
1304059,YS Chahal,Royal Challengers Bangalore,3,1.3396226415094339,2.2,1.2,4.0
1304060,AD Russell,Mumbai Indians,0,1.1160714285714286,0.8,1.0555555555555556,1.0
1304060,Basil Thampi,Kolkata Knight Riders,0,1.04,0.8,1.0,0.0
1304060,CV Varun,Mumbai Indians,1,1.2142857142857142,0.6,1.125,1.0
1304060,DR Sams,Kolkata Knight Riders,1,0.9375,0.4,1.0,4.0
1304060,JJ Bumrah,Kolkata Knight Riders,0,1.368421052631579,1.6,1.5,0.0
1304060,M Ashwin,Kolkata Knight Riders,2,0.7954545454545454,1.0,1.0,0.0
1304060,PJ Cummins,Mumbai Indians,2,1.1379310344827587,1.4,1.4444444444444444,0.0
1304060,Rasikh Salam,Mumbai Indians,0,0.8181818181818182,0.0,1.5,0.0
1304060,SP Narine,Mumbai Indians,0,1.1428571428571428,1.0,1.2173913043478262,2.0
1304060,TS Mills,Kolkata Knight Riders,2,1.1,1.6,2.0,0.0
1304060,Tilak Varma,Kolkata Knight Riders,0,0.0,0.0,0.0,0.0
1304060,UT Yadav,Mumbai Indians,1,1.1088435374149659,2.0,1.0555555555555556,1.0
1304061,A Nortje,Lucknow Super Giants,0,1.3478260869565217,1.0,0.0,1.0
1304061,AR Patel,Lucknow Super Giants,0,0.8851351351351351,0.0,0.4,0.0
1304061,Avesh Khan,Delhi Capitals,0,1.3064516129032258,1.6,0.75,2.0
1304061,JO Holder,Delhi Capitals,0,1.2826086956521738,1.6,0.3333333333333333,2.0
1304061,K Gowtham,Delhi Capitals,1,0.6285714285714286,0.4,0.4,2.0
1304061,KH Pandya,Delhi Capitals,0,0.6837606837606838,0.8,0.4166666666666667,0.0
1304061,Kuldeep Yadav,Lucknow Super Giants,2,1.0975609756097562,1.2,1.4,4.0
1304061,Lalit Yadav,Lucknow Super Giants,1,0.5789473684210527,0.8,0.5,1.0
1304061,Mustafizur Rahman,Lucknow Super Giants,0,1.2280701754385965,1.0,0.5,0.0
1304061,Ravi Bishnoi,Delhi Capitals,2,1.0461538461538462,1.4,1.125,0.0
1304061,SN Thakur,Lucknow Super Giants,1,1.0869565217391304,0.8,1.5,2.0
1304062,Arshdeep Singh,Gujarat Titans,0,1.2923076923076924,1.4,0.6,1.0
1304062,DG Nalkande,Punjab Kings,2,1.0,2.0,1.5,0.0
1304062,HH Pandya,Punjab Kings,1,0.7526881720430108,0.6,1.0,1.0
1304062,K Rabada,Gujarat Titans,2,1.575,1.4,1.8,2.0
1304062,LH Ferguson,Punjab Kings,2,1.2666666666666666,1.4,2.0,0.0
1304062,LS Livingstone,Gujarat Titans,0,0.5,0.4,1.0,0.0
1304062,Mohammed Shami,Punjab Kings,1,1.309090909090909,2.2,1.0,0.0
1304062,OF Smith,Gujarat Titans,1,1.1666666666666667,0.75,1.0,4.0
1304062,R Tewatia,Punjab Kings,0,0.6923076923076923,0.4,0.3333333333333333,1.0
1304062,RD Chahar,Gujarat Titans,1,0.987012987012987,1.6,0.3333333333333333,0.0
1304062,Rashid Khan,Punjab Kings,3,1.2975206611570247,1.4,1.1428571428571428,1.0
1304062,VG Arora,Gujarat Titans,0,1.0,1.0,0.0,2.0
1304063,AK Markram,Chennai Super Kings,1,0.14285714285714285,0.3333333333333333,0.3333333333333333,0.0
1304063,B Kumar,Chennai Super Kings,1,1.1079545454545454,0.6,0.7,2.0
1304063,CJ Jordan,Sunrisers Hyderabad,0,1.0588235294117647,1.4,1.75,0.0
1304063,DJ Bravo,Sunrisers Hyderabad,1,1.3101265822784811,1.4,1.375,1.0
1304063,M Jansen,Chennai Super Kings,1,1.0476190476190477,1.3333333333333333,0.3333333333333333,1.0
1304063,M Theekshana,Sunrisers Hyderabad,0,0.9259259259259259,0.0,0.5,4.0
1304063,MM Ali,Sunrisers Hyderabad,0,0.7692307692307693,0.2,0.3333333333333333,0.0
1304063,Mukesh Choudhary,Sunrisers Hyderabad,1,1.1428571428571428,0.6666666666666666,1.6666666666666667,1.0
1304063,RA Jadeja,Sunrisers Hyderabad,0,0.8009478672985783,0.6,0.43478260869565216,3.0
1304063,T Natarajan,Chennai Super Kings,2,1.2459016393442623,1.6,1.8333333333333333,3.0
1304063,Umran Malik,Chennai Super Kings,0,1.1923076923076923,0.6,0.3333333333333333,1.0
1304063,Washington Sundar,Chennai Super Kings,2,0.6724137931034483,0.8,0.6666666666666666,0.0
1304064,Akash Deep,Mumbai Indians,2,1.0,1.5,1.3333333333333333,0.0
1304064,Basil Thampi,Royal Challengers Bangalore,0,1.04,0.8,0.4,2.0
1304064,DJ Willey,Mumbai Indians,0,0.6363636363636364,0.2,0.0,2.0
1304064,HV Patel,Mumbai Indians,2,1.4660194174757282,1.6,1.8571428571428572,0.0
1304064,JD Unadkat,Royal Challengers Bangalore,2,1.0480769230769231,0.6,0.8181818181818182,1.0
1304064,JJ Bumrah,Royal Challengers Bangalore,0,1.368421052631579,1.0,1.6111111111111112,1.0
1304064,KA Pollard,Royal Challengers Bangalore,0,0.7570093457943925,0.6,0.9333333333333333,2.0
1304064,M Ashwin,Royal Challengers Bangalore,0,0.7954545454545454,0.8,1.0,1.0
1304064,Mohammed Siraj,Mumbai Indians,0,1.032258064516129,1.0,0.75,0.0
1304064,PWH de Silva,Mumbai Indians,2,1.3846153846153846,1.6,2.0,2.0
1304064,Shahbaz Ahmed,Mumbai Indians,0,0.5,0.4,0.25,0.0
1304065,AD Russell,Delhi Capitals,1,1.1160714285714286,0.8,0.875,2.0
1304065,AR Patel,Kolkata Knight Riders,0,0.8851351351351351,0.0,0.7619047619047619,1.0
1304065,CV Varun,Delhi Capitals,1,1.2142857142857142,0.8,1.8888888888888888,0.0
1304065,KK Ahmed,Kolkata Knight Riders,3,1.368421052631579,1.6,1.3333333333333333,1.0
1304065,Kuldeep Yadav,Kolkata Knight Riders,4,1.0975609756097562,2.0,2.5,1.0
1304065,Lalit Yadav,Kolkata Knight Riders,1,0.5789473684210527,0.6,1.0,2.0
1304065,Mustafizur Rahman,Kolkata Knight Riders,0,1.2280701754385965,0.6,1.125,0.0
1304065,PJ Cummins,Delhi Capitals,0,1.1379310344827587,1.4,1.2,1.0
1304065,R Powell,Kolkata Knight Riders,0,0.5,0.0,0.0,1.0
1304065,Rasikh Salam,Delhi Capitals,0,0.8181818181818182,0.0,0.0,0.0
1304065,SN Thakur,Kolkata Knight Riders,2,1.0869565217391304,1.2,1.2727272727272727,2.0
1304065,SP Narine,Delhi Capitals,2,1.1428571428571428,1.0,0.8,0.0
1304065,UT Yadav,Delhi Capitals,1,1.1088435374149659,2.0,1.25,0.0
1304065,VR Iyer,Delhi Capitals,0,0.3333333333333333,0.2,0.5,0.0
1304066,Avesh Khan,Rajasthan Royals,2,1.3064516129032258,1.8,1.6666666666666667,3.0
1304066,JO Holder,Rajasthan Royals,2,1.2826086956521738,2.0,1.5,1.0
1304066,K Gowtham,Rajasthan Royals,2,0.6285714285714286,0.8,2.0,1.0
1304066,KR Sen,Lucknow Super Giants,1,1.1666666666666667,1.0,1.0,1.0
1304066,M Prasidh Krishna,Lucknow Super Giants,1,1.0588235294117647,1.2,1.5,1.0
1304066,PVD Chameera,Rajasthan Royals,0,0.8461538461538461,0.6666666666666666,0.0,3.0
1304066,R Ashwin,Lucknow Super Giants,0,0.9519230769230769,0.6,1.0,0.0
1304066,Ravi Bishnoi,Rajasthan Royals,0,1.0461538461538462,0.8,0.8571428571428571,1.0
1304066,TA Boult,Lucknow Super Giants,2,1.2427184466019416,1.6,1.6,1.0
1304066,YS Chahal,Lucknow Super Giants,4,1.3396226415094339,2.8,1.2,1.0
1304067,AK Markram,Gujarat Titans,0,0.14285714285714285,0.25,0.0,0.0
1304067,B Kumar,Gujarat Titans,2,1.1079545454545454,0.8,2.0,1.0
1304067,DG Nalkande,Sunrisers Hyderabad,0,1.0,1.0,0.0,1.0
1304067,HH Pandya,Sunrisers Hyderabad,1,0.7526881720430108,0.8,0.9090909090909091,1.0
1304067,LH Ferguson,Sunrisers Hyderabad,0,1.2666666666666666,1.2,1.0,4.0
1304067,M Jansen,Gujarat Titans,1,1.0476190476190477,1.25,0.6666666666666666,1.0
1304067,Mohammed Shami,Sunrisers Hyderabad,0,1.309090909090909,1.8,1.2857142857142858,1.0
1304067,R Tewatia,Sunrisers Hyderabad,1,0.6923076923076923,0.6,0.42857142857142855,0.0
1304067,Rashid Khan,Sunrisers Hyderabad,1,1.2975206611570247,1.4,0.5,0.0
1304067,T Natarajan,Gujarat Titans,3,1.2459016393442623,2.0,1.3333333333333333,3.0
1304067,Umran Malik,Gujarat Titans,1,1.1923076923076923,0.6,3.0,2.0
1304067,Washington Sundar,Gujarat Titans,0,0.6724137931034483,0.8,0.0,0.0
1304068,Akash Deep,Chennai Super Kings,0,1.0,1.2,0.0,1.0
1304068,CJ Jordan,Royal Challengers Bangalore,0,1.0588235294117647,1.2,0.75,0.0
1304068,DJ Bravo,Royal Challengers Bangalore,1,1.3101265822784811,1.4,1.0434782608695652,3.0
1304068,GJ Maxwell,Chennai Super Kings,1,0.5189873417721519,0.8,0.75,0.0
1304068,JR Hazlewood,Chennai Super Kings,1,1.3333333333333333,1.2,1.0,3.0
1304068,M Theekshana,Royal Challengers Bangalore,4,0.9259259259259259,2.0,2.6666666666666665,2.0
1304068,MM Ali,Royal Challengers Bangalore,0,0.7692307692307693,0.2,1.0,0.0
1304068,Mohammed Siraj,Chennai Super Kings,0,1.032258064516129,0.6,0.2727272727272727,2.0
1304068,Mukesh Choudhary,Royal Challengers Bangalore,1,1.1428571428571428,0.75,0.5,1.0
1304068,PWH de Silva,Chennai Super Kings,2,1.3846153846153846,2.0,1.0,2.0
1304068,RA Jadeja,Royal Challengers Bangalore,3,0.8009478672985783,0.8,1.037037037037037,1.0
1304068,Shahbaz Ahmed,Chennai Super Kings,0,0.5,0.4,0.5,0.0
1304069,Arshdeep Singh,Mumbai Indians,1,1.2923076923076924,0.6,1.2857142857142858,0.0
1304069,JD Unadkat,Punjab Kings,1,1.0480769230769231,0.6,1.0,2.0
1304069,JJ Bumrah,Punjab Kings,1,1.368421052631579,1.0,1.5,0.0
1304069,K Rabada,Mumbai Indians,2,1.575,1.6,1.1666666666666667,1.0
1304069,LS Livingstone,Mumbai Indians,0,0.5,0.4,0.25,0.0
1304069,M Ashwin,Punjab Kings,1,0.7954545454545454,1.0,1.0,1.0
1304069,OF Smith,Mumbai Indians,4,1.1666666666666667,1.4,4.0,0.0
1304069,RD Chahar,Mumbai Indians,0,0.987012987012987,1.4,0.0,2.0
1304069,TS Mills,Punjab Kings,0,1.1,1.6,0.0,0.0
1304069,VG Arora,Mumbai Indians,2,1.0,1.3333333333333333,0.6666666666666666,0.0
1304070,HH Pandya,Rajasthan Royals,1,0.7526881720430108,0.8,1.2,0.0
1304070,KR Sen,Gujarat Titans,1,1.1666666666666667,1.0,2.0,4.0
1304070,LH Ferguson,Rajasthan Royals,4,1.2666666666666666,2.0,2.0,1.0
1304070,M Prasidh Krishna,Gujarat Titans,1,1.0588235294117647,1.2,0.6666666666666666,1.0
1304070,Mohammed Shami,Rajasthan Royals,1,1.309090909090909,1.4,1.5,1.0
1304070,R Ashwin,Gujarat Titans,0,0.9519230769230769,0.2,0.16666666666666666,1.0
1304070,R Parag,Gujarat Titans,1,0.23809523809523808,0.2,1.0,0.0
1304070,R Tewatia,Rajasthan Royals,0,0.6923076923076923,0.4,0.0,0.0
1304070,Rashid Khan,Rajasthan Royals,0,1.2975206611570247,1.2,1.2142857142857142,0.0
1304070,YS Chahal,Gujarat Titans,1,1.3396226415094339,2.6,1.0,5.0
1304070,Yash Dayal,Rajasthan Royals,3,1.1071428571428572,3.0,1.6,1.0
1304071,AD Russell,Sunrisers Hyderabad,2,1.1160714285714286,1.0,1.3888888888888888,1.0
1304071,B Kumar,Kolkata Knight Riders,1,1.1079545454545454,1.0,1.1,3.0
1304071,CV Varun,Sunrisers Hyderabad,0,1.2142857142857142,0.6,1.0,0.0
1304071,J Suchith,Kolkata Knight Riders,1,0.9523809523809523,0.8,0.6666666666666666,1.0
1304071,M Jansen,Kolkata Knight Riders,1,1.0476190476190477,1.2,1.1666666666666667,0.0
1304071,PJ Cummins,Sunrisers Hyderabad,1,1.1379310344827587,1.6,0.8,1.0
1304071,SP Narine,Sunrisers Hyderabad,0,1.1428571428571428,0.8,0.64,2.0
1304071,Shashank Singh,Kolkata Knight Riders,0,0.3333333333333333,0.0,0.0,0.0
1304071,T Natarajan,Kolkata Knight Riders,3,1.2459016393442623,2.4,1.6,1.0
1304071,UT Yadav,Sunrisers Hyderabad,0,1.1088435374149659,1.6,0.8421052631578947,0.0
1304071,Umran Malik,Kolkata Knight Riders,2,1.1923076923076923,1.0,1.5,5.0
1304072,Avesh Khan,Mumbai Indians,3,1.3064516129032258,2.2,2.0,0.0
1304072,JD Unadkat,Lucknow Super Giants,2,1.0480769230769231,1.0,0.6666666666666666,2.0
1304072,JJ Bumrah,Lucknow Super Giants,0,1.368421052631579,1.0,0.3333333333333333,0.0
1304072,JO Holder,Mumbai Indians,1,1.2826086956521738,1.6,1.6,3.0
1304072,KH Pandya,Mumbai Indians,0,0.6837606837606838,0.6,1.0,1.0
1304072,M Ashwin,Lucknow Super Giants,1,0.7954545454545454,0.8,1.0,2.0
1304072,MP Stoinis,Mumbai Indians,1,0.7258064516129032,0.4,1.1818181818181819,0.0
1304072,PVD Chameera,Mumbai Indians,3,0.8461538461538461,1.25,1.5,2.0
1304072,Ravi Bishnoi,Mumbai Indians,1,1.0461538461538462,1.0,1.3,0.0
1304072,Tilak Varma,Lucknow Super Giants,0,0.0,0.0,0.0,0.0
1304073,AR Patel,Royal Challengers Bangalore,1,0.8851351351351351,0.2,1.0555555555555556,2.0
1304073,GJ Maxwell,Delhi Capitals,0,0.5189873417721519,0.8,0.25,1.0
1304073,HV Patel,Delhi Capitals,0,1.4660194174757282,1.2,1.5,2.0
1304073,JR Hazlewood,Delhi Capitals,3,1.3333333333333333,1.6,1.4,4.0
1304073,KK Ahmed,Royal Challengers Bangalore,1,1.368421052631579,1.6,1.6666666666666667,2.0
1304073,Kuldeep Yadav,Royal Challengers Bangalore,1,1.0975609756097562,2.2,0.8571428571428571,2.0
1304073,Mohammed Siraj,Delhi Capitals,2,1.032258064516129,0.6,1.4444444444444444,1.0
1304073,Mustafizur Rahman,Royal Challengers Bangalore,0,1.2280701754385965,0.6,0.875,2.0
1304073,PWH de Silva,Delhi Capitals,2,1.3846153846153846,2.2,1.0,0.0
1304073,SN Thakur,Royal Challengers Bangalore,2,1.0869565217391304,1.0,1.4444444444444444,0.0
1304073,Shahbaz Ahmed,Delhi Capitals,0,0.5,0.0,0.5,0.0
1304074,Arshdeep Singh,Sunrisers Hyderabad,0,1.2923076923076924,0.4,1.6,0.0
1304074,B Kumar,Punjab Kings,3,1.1079545454545454,1.4,1.1428571428571428,1.0
1304074,J Suchith,Punjab Kings,1,0.9523809523809523,1.0,1.0,2.0
1304074,K Rabada,Sunrisers Hyderabad,1,1.575,1.4,1.5454545454545454,0.0
1304074,LS Livingstone,Sunrisers Hyderabad,0,0.5,0.4,0.0,0.0
1304074,M Jansen,Punjab Kings,0,1.0476190476190477,0.6,1.0,3.0
1304074,RD Chahar,Sunrisers Hyderabad,2,0.987012987012987,1.6,1.0,1.0
1304074,T Natarajan,Punjab Kings,1,1.2459016393442623,2.2,1.0,3.0
1304074,Umran Malik,Punjab Kings,5,1.1923076923076923,1.6,2.6666666666666665,1.0
1304074,VG Arora,Sunrisers Hyderabad,0,1.0,1.0,1.0,0.0
1304075,AS Joseph,Chennai Super Kings,2,1.0,2.0,1.25,1.0
1304075,CJ Jordan,Gujarat Titans,0,1.0588235294117647,1.0,0.0,1.0
1304075,DJ Bravo,Gujarat Titans,3,1.3101265822784811,1.4,3.0,2.0
1304075,LH Ferguson,Chennai Super Kings,1,1.2666666666666666,2.2,0.6,1.0
1304075,M Theekshana,Gujarat Titans,2,0.9259259259259259,2.0,1.3333333333333333,1.0
1304075,MM Ali,Gujarat Titans,0,0.7692307692307693,0.0,0.5,2.0
1304075,Mohammed Shami,Chennai Super Kings,1,1.309090909090909,1.0,1.0,2.0
1304075,Mukesh Choudhary,Gujarat Titans,1,1.1428571428571428,0.8,0.5,3.0
1304075,RA Jadeja,Gujarat Titans,1,0.8009478672985783,1.0,0.8333333333333334,0.0
1304075,Rashid Khan,Chennai Super Kings,0,1.2975206611570247,1.0,1.0588235294117647,2.0
1304075,Yash Dayal,Chennai Super Kings,1,1.1071428571428572,2.0,0.8,2.0
1304076,AD Russell,Rajasthan Royals,1,1.1160714285714286,1.2,1.0,4.0
1304076,CV Varun,Rajasthan Royals,0,1.2142857142857142,0.4,1.2857142857142858,0.0
1304076,M Prasidh Krishna,Kolkata Knight Riders,1,1.0588235294117647,1.0,1.0,3.0
1304076,OC McCoy,Kolkata Knight Riders,2,1.375,2.0,2.0,1.0
1304076,PJ Cummins,Rajasthan Royals,1,1.1379310344827587,1.4,1.5,4.0
1304076,R Ashwin,Kolkata Knight Riders,1,0.9519230769230769,0.4,0.9230769230769231,2.0
1304076,SP Narine,Rajasthan Royals,2,1.1428571428571428,1.0,0.7894736842105263,0.0
1304076,Shivam Mavi,Rajasthan Royals,1,1.03125,0.8,1.75,1.0
1304076,TA Boult,Kolkata Knight Riders,1,1.2427184466019416,1.6,1.4,1.0
1304076,UT Yadav,Rajasthan Royals,0,1.1088435374149659,1.2,0.9285714285714286,1.0
1304076,YS Chahal,Kolkata Knight Riders,5,1.3396226415094339,3.0,1.3181818181818181,1.0
1304077,Avesh Khan,Royal Challengers Bangalore,0,1.3064516129032258,1.8,0.4,0.0
1304077,GJ Maxwell,Lucknow Super Giants,1,0.5189873417721519,0.6,1.3333333333333333,0.0
1304077,HV Patel,Lucknow Super Giants,2,1.4660194174757282,1.4,1.6,1.0
1304077,JO Holder,Royal Challengers Bangalore,3,1.2826086956521738,1.8,1.7142857142857142,1.0
1304077,JR Hazlewood,Lucknow Super Giants,4,1.3333333333333333,2.4,3.0,0.0
1304077,KH Pandya,Royal Challengers Bangalore,1,0.6837606837606838,0.6,0.75,4.0
1304077,MP Stoinis,Royal Challengers Bangalore,0,0.7258064516129032,0.4,0.0,0.0
1304077,Mohammed Siraj,Lucknow Super Giants,1,1.032258064516129,0.6,1.4,0.0
1304077,PVD Chameera,Royal Challengers Bangalore,2,0.8461538461538461,1.4,1.0,0.0
1304077,PWH de Silva,Lucknow Super Giants,0,1.3846153846153846,1.4,0.6666666666666666,0.0
1304077,Ravi Bishnoi,Royal Challengers Bangalore,0,1.0461538461538462,0.6,1.0,1.0
1304077,Shahbaz Ahmed,Lucknow Super Giants,0,0.5,0.0,0.0,0.0
1304078,AR Patel,Punjab Kings,2,0.8851351351351351,0.6,1.3333333333333333,0.0
1304078,Arshdeep Singh,Delhi Capitals,0,1.2923076923076924,0.4,0.8571428571428571,1.0
1304078,K Rabada,Delhi Capitals,0,1.575,1.2,0.5,2.0
1304078,KK Ahmed,Punjab Kings,2,1.368421052631579,2.0,1.2857142857142858,1.0
1304078,Kuldeep Yadav,Punjab Kings,2,1.0975609756097562,2.0,1.4,0.0
1304078,Lalit Yadav,Punjab Kings,2,0.5789473684210527,1.0,0.5,0.0
1304078,Mustafizur Rahman,Punjab Kings,2,1.2280701754385965,1.0,0.5,1.0
1304078,NT Ellis,Delhi Capitals,0,1.1875,0.25,0.6666666666666666,4.0
1304078,RD Chahar,Delhi Capitals,1,0.987012987012987,1.4,1.0,0.0
1304078,SN Thakur,Punjab Kings,0,1.0869565217391304,1.0,1.2857142857142858,0.0
1304078,VG Arora,Delhi Capitals,0,1.0,0.8,1.6666666666666667,0.0
1304079,D Pretorius,Mumbai Indians,0,1.0,1.3333333333333333,0.0,0.0
1304079,DJ Bravo,Mumbai Indians,2,1.3101265822784811,1.6,1.6363636363636365,3.0
1304079,DR Sams,Chennai Super Kings,4,0.9375,1.2,3.5,1.0
1304079,HR Shokeen,Chennai Super Kings,0,0.38461538461538464,0.0,0.0,0.0
1304079,JD Unadkat,Chennai Super Kings,2,1.0480769230769231,1.4,0.7692307692307693,0.0
1304079,JJ Bumrah,Chennai Super Kings,0,1.368421052631579,0.2,0.8,1.0
1304079,M Theekshana,Mumbai Indians,1,0.9259259259259259,1.75,0.3333333333333333,1.0
1304079,MJ Santner,Mumbai Indians,1,0.8888888888888888,1.2,1.6666666666666667,0.0
1304079,Mukesh Choudhary,Mumbai Indians,3,1.1428571428571428,1.4,3.0,0.0
1304079,RA Jadeja,Mumbai Indians,0,0.8009478672985783,1.0,0.6451612903225806,0.0
1304079,RP Meredith,Chennai Super Kings,1,1.1666666666666667,0.8,1.3333333333333333,2.0
1304080,AR Patel,Rajasthan Royals,0,0.8851351351351351,0.6,1.0,1.0
1304080,KK Ahmed,Rajasthan Royals,1,1.368421052631579,1.8,1.0,3.0
1304080,Kuldeep Yadav,Rajasthan Royals,0,1.0975609756097562,1.8,1.1,4.0
1304080,Lalit Yadav,Rajasthan Royals,0,0.5789473684210527,0.8,0.0,0.0
1304080,M Prasidh Krishna,Delhi Capitals,3,1.0588235294117647,1.2,0.8333333333333334,2.0
1304080,Mustafizur Rahman,Rajasthan Royals,1,1.2280701754385965,0.6,1.0,3.0
1304080,OC McCoy,Delhi Capitals,1,1.375,1.5,1.0,2.0
1304080,R Ashwin,Delhi Capitals,2,0.9519230769230769,0.6,1.2857142857142858,3.0
1304080,R Parag,Delhi Capitals,0,0.23809523809523808,0.2,0.4,0.0
1304080,SN Thakur,Rajasthan Royals,0,1.0869565217391304,1.0,0.9090909090909091,0.0
1304080,TA Boult,Delhi Capitals,1,1.2427184466019416,1.4,1.4545454545454546,0.0
1304080,YS Chahal,Delhi Capitals,1,1.3396226415094339,2.8,1.0,1.0
1304081,AD Russell,Gujarat Titans,4,1.1160714285714286,1.6,2.5,1.0
1304081,AS Joseph,Kolkata Knight Riders,1,1.0,1.8,1.0,2.0
1304081,CV Varun,Gujarat Titans,0,1.2142857142857142,0.4,0.0,1.0
1304081,LH Ferguson,Kolkata Knight Riders,1,1.2666666666666666,1.6,1.0,0.0
1304081,Mohammed Shami,Kolkata Knight Riders,2,1.309090909090909,1.0,1.2857142857142858,3.0
1304081,Rashid Khan,Kolkata Knight Riders,2,1.2975206611570247,1.2,1.1333333333333333,0.0
1304081,SP Narine,Gujarat Titans,0,1.1428571428571428,0.8,1.3333333333333333,1.0
1304081,Shivam Mavi,Gujarat Titans,1,1.03125,0.8,1.0,1.0
1304081,TG Southee,Gujarat Titans,3,1.0555555555555556,2.0,3.0,0.0
1304081,UT Yadav,Gujarat Titans,1,1.1088435374149659,0.6,0.5,3.0
1304081,Yash Dayal,Kolkata Knight Riders,2,1.1071428571428572,2.0,1.25,1.0
1304082,B Kumar,Royal Challengers Bangalore,1,1.1079545454545454,1.6,1.0476190476190477,0.0
1304082,HV Patel,Sunrisers Hyderabad,1,1.4660194174757282,1.2,1.1538461538461537,1.0
1304082,J Suchith,Royal Challengers Bangalore,2,0.9523809523809523,1.0,1.3333333333333333,2.0
1304082,JR Hazlewood,Sunrisers Hyderabad,0,1.3333333333333333,2.0,1.6666666666666667,3.0
1304082,M Jansen,Royal Challengers Bangalore,3,1.0476190476190477,1.2,3.0,0.0
1304082,Mohammed Siraj,Sunrisers Hyderabad,0,1.032258064516129,0.6,0.9090909090909091,2.0
1304082,PWH de Silva,Sunrisers Hyderabad,0,1.3846153846153846,1.2,2.5,2.0
1304082,T Natarajan,Royal Challengers Bangalore,3,1.2459016393442623,2.4,1.125,0.0
1304082,Umran Malik,Royal Challengers Bangalore,1,1.1923076923076923,1.8,0.6666666666666666,5.0
1304083,A Badoni,Mumbai Indians,1,0.4,1.0,1.0,1.0
1304083,DR Sams,Lucknow Super Giants,1,0.9375,1.2,1.0,1.0
1304083,HR Shokeen,Lucknow Super Giants,0,0.38461538461538464,0.0,0.0,2.0
1304083,JD Unadkat,Lucknow Super Giants,0,1.0480769230769231,1.4,0.6666666666666666,0.0
1304083,JJ Bumrah,Lucknow Super Giants,1,1.368421052631579,0.4,0.3333333333333333,0.0
1304083,JO Holder,Mumbai Indians,1,1.2826086956521738,1.4,1.6,0.0
1304083,KA Pollard,Lucknow Super Giants,2,0.7570093457943925,0.6,2.0,0.0
1304083,KH Pandya,Mumbai Indians,4,0.6837606837606838,1.4,1.0,2.0
1304083,Mohsin Khan,Mumbai Indians,1,1.173913043478261,0.5,1.2,3.0
1304083,PVD Chameera,Mumbai Indians,0,0.8461538461538461,1.0,1.5,2.0
1304083,RP Meredith,Lucknow Super Giants,2,1.1666666666666667,1.2,2.0,2.0
1304083,Ravi Bishnoi,Mumbai Indians,1,1.0461538461538462,0.8,1.3,1.0
1304084,Arshdeep Singh,Chennai Super Kings,1,1.2923076923076924,0.4,1.4285714285714286,1.0
1304084,D Pretorius,Punjab Kings,0,1.0,1.0,1.0,1.0
1304084,DJ Bravo,Punjab Kings,3,1.3101265822784811,2.0,1.25,2.0
1304084,K Rabada,Chennai Super Kings,2,1.575,1.4,1.0,4.0
1304084,LS Livingstone,Chennai Super Kings,0,0.5,0.4,0.6666666666666666,0.0
1304084,M Theekshana,Punjab Kings,1,0.9259259259259259,1.6,0.5,0.0
1304084,MJ Santner,Punjab Kings,0,0.8888888888888888,0.8,0.5,1.0
1304084,Mukesh Choudhary,Punjab Kings,0,1.1428571428571428,1.2,0.5,4.0
1304084,R Dhawan,Chennai Super Kings,2,0.75,1.0,1.0,0.0
1304084,RA Jadeja,Punjab Kings,0,0.8009478672985783,0.8,0.8571428571428571,0.0
1304084,RD Chahar,Chennai Super Kings,0,0.987012987012987,0.8,1.1538461538461537,2.0
1304084,Sandeep Sharma,Chennai Super Kings,1,1.2142857142857142,0.6,0.75,1.0
1304085,DJ Mitchell,Royal Challengers Bangalore,0,0.25,0.0,0.0,0.0
1304085,GJ Maxwell,Rajasthan Royals,0,0.5189873417721519,0.4,0.25,0.0
1304085,HV Patel,Rajasthan Royals,1,1.4660194174757282,1.2,1.8333333333333333,0.0
1304085,JR Hazlewood,Rajasthan Royals,3,1.3333333333333333,2.2,1.5,0.0
1304085,KR Sen,Royal Challengers Bangalore,4,1.1666666666666667,2.0,4.0,1.0
1304085,M Prasidh Krishna,Royal Challengers Bangalore,2,1.0588235294117647,1.6,0.8888888888888888,1.0
1304085,Mohammed Siraj,Rajasthan Royals,2,1.032258064516129,1.0,1.0909090909090908,0.0
1304085,PWH de Silva,Rajasthan Royals,2,1.3846153846153846,1.2,1.0,2.0
1304085,R Ashwin,Royal Challengers Bangalore,3,0.9519230769230769,1.2,0.8461538461538461,1.0
1304085,Shahbaz Ahmed,Rajasthan Royals,0,0.5,0.0,0.8333333333333334,2.0
1304085,TA Boult,Royal Challengers Bangalore,0,1.2427184466019416,1.2,1.4545454545454546,1.0
1304085,YS Chahal,Royal Challengers Bangalore,1,1.3396226415094339,2.4,1.2,1.0
1304086,AS Joseph,Sunrisers Hyderabad,2,1.0,1.0,4.0,1.0
1304086,B Kumar,Gujarat Titans,0,1.1079545454545454,1.4,2.0,0.0
1304086,LH Ferguson,Sunrisers Hyderabad,0,1.2666666666666666,1.2,1.0,1.0
1304086,M Jansen,Gujarat Titans,0,1.0476190476190477,1.0,0.6666666666666666,0.0
1304086,Mohammed Shami,Sunrisers Hyderabad,3,1.309090909090909,1.4,1.2857142857142858,1.0
1304086,Rashid Khan,Sunrisers Hyderabad,0,1.2975206611570247,0.6,0.5,1.0
1304086,T Natarajan,Gujarat Titans,0,1.2459016393442623,2.0,1.3333333333333333,2.0
1304086,Umran Malik,Gujarat Titans,5,1.1923076923076923,2.8,3.0,0.0
1304086,Washington Sundar,Gujarat Titans,0,0.6724137931034483,0.8,0.0,0.0
1304086,Yash Dayal,Sunrisers Hyderabad,1,1.1071428571428572,1.75,0.75,2.0
1304087,AD Russell,Delhi Capitals,1,1.1160714285714286,1.8,0.875,2.0
1304087,AR Patel,Kolkata Knight Riders,1,0.8851351351351351,0.8,0.7619047619047619,0.0
1304087,C Sakariya,Kolkata Knight Riders,1,1.0526315789473684,0.8,1.0,0.0
1304087,Harshit Rana,Delhi Capitals,1,1.4210526315789473,1.0,1.5,0.0
1304087,Kuldeep Yadav,Kolkata Knight Riders,4,1.0975609756097562,2.2,2.5,0.0
1304087,Lalit Yadav,Kolkata Knight Riders,0,0.5789473684210527,0.8,1.0,0.0
1304087,Mustafizur Rahman,Kolkata Knight Riders,3,1.2280701754385965,1.2,1.125,0.0
1304087,N Rana,Delhi Capitals,0,0.4166666666666667,0.0,0.75,0.0
1304087,SN Thakur,Kolkata Knight Riders,0,1.0869565217391304,0.8,1.2727272727272727,3.0
1304087,SP Narine,Delhi Capitals,1,1.1428571428571428,1.0,0.8,0.0
1304087,TG Southee,Delhi Capitals,0,1.0555555555555556,2.0,1.3333333333333333,2.0
1304087,UT Yadav,Delhi Capitals,3,1.1088435374149659,1.0,1.25,1.0
1304087,VR Iyer,Delhi Capitals,0,0.3333333333333333,0.2,0.5,0.0
1304088,Arshdeep Singh,Lucknow Super Giants,1,1.2923076923076924,0.6,1.25,1.0
1304088,Avesh Khan,Punjab Kings,0,1.3064516129032258,1.0,0.8571428571428571,3.0
1304088,JO Holder,Punjab Kings,0,1.2826086956521738,1.4,1.6666666666666667,0.0
1304088,K Rabada,Lucknow Super Giants,4,1.575,1.8,2.25,4.0
1304088,KH Pandya,Punjab Kings,2,0.6837606837606838,1.4,0.6666666666666666,0.0
1304088,LS Livingstone,Lucknow Super Giants,0,0.5,0.0,0.5,1.0
1304088,Mohsin Khan,Punjab Kings,3,1.173913043478261,1.3333333333333333,2.5,4.0
1304088,PVD Chameera,Punjab Kings,2,0.8461538461538461,1.4,1.0,1.0
1304088,R Dhawan,Lucknow Super Giants,0,0.75,1.0,0.0,1.0
1304088,RD Chahar,Lucknow Super Giants,2,0.987012987012987,1.0,0.75,0.0
1304088,Ravi Bishnoi,Punjab Kings,1,1.0461538461538462,0.6,1.25,1.0
1304088,Sandeep Sharma,Lucknow Super Giants,1,1.2142857142857142,0.6,1.75,1.0
1304089,AS Joseph,Royal Challengers Bangalore,1,1.0,1.2,1.0,0.0
1304089,GJ Maxwell,Gujarat Titans,0,0.5189873417721519,0.4,0.6666666666666666,2.0
1304089,HV Patel,Gujarat Titans,0,1.4660194174757282,0.8,1.2,3.0
1304089,JR Hazlewood,Gujarat Titans,0,1.3333333333333333,2.0,1.0,1.0
1304089,LH Ferguson,Royal Challengers Bangalore,1,1.2666666666666666,1.4,1.4285714285714286,1.0
1304089,Mohammed Shami,Royal Challengers Bangalore,1,1.309090909090909,1.6,1.3076923076923077,1.0
1304089,Mohammed Siraj,Gujarat Titans,0,1.032258064516129,1.0,1.25,0.0
1304089,PJ Sangwan,Royal Challengers Bangalore,2,1.0476190476190477,1.0,1.1666666666666667,0.0
1304089,PWH de Silva,Gujarat Titans,2,1.3846153846153846,1.2,1.5,1.0
1304089,Rashid Khan,Royal Challengers Bangalore,1,1.2975206611570247,0.6,1.3076923076923077,0.0
1304089,Shahbaz Ahmed,Gujarat Titans,2,0.5,0.4,1.0,1.0
1304090,DJ Mitchell,Mumbai Indians,0,0.25,0.0,0.0,1.0
1304090,DR Sams,Rajasthan Royals,1,0.9375,1.4,0.5,1.0
1304090,HR Shokeen,Rajasthan Royals,2,0.38461538461538464,0.6666666666666666,2.0,0.0
1304090,JJ Bumrah,Rajasthan Royals,0,1.368421052631579,0.4,1.2857142857142858,0.0
1304090,K Kartikeya,Rajasthan Royals,1,0.8333333333333334,1.0,0.5,0.0
1304090,KA Pollard,Rajasthan Royals,0,0.7570093457943925,0.6,0.9285714285714286,1.0
1304090,KR Sen,Mumbai Indians,1,1.1666666666666667,1.75,0.5,1.0
1304090,M Prasidh Krishna,Mumbai Indians,1,1.0588235294117647,1.6,1.0,1.0
1304090,R Ashwin,Mumbai Indians,1,0.9519230769230769,1.4,0.7941176470588235,0.0
1304090,RP Meredith,Rajasthan Royals,2,1.1666666666666667,1.4,1.3333333333333333,1.0
1304090,TA Boult,Mumbai Indians,1,1.2427184466019416,1.0,1.2727272727272727,1.0
1304090,YS Chahal,Mumbai Indians,1,1.3396226415094339,1.8,1.5,0.0
1304091,AR Patel,Lucknow Super Giants,0,0.8851351351351351,0.8,0.4,0.0
1304091,C Sakariya,Lucknow Super Giants,0,1.0526315789473684,0.6,1.0,2.0
1304091,JO Holder,Delhi Capitals,0,1.2826086956521738,1.0,0.3333333333333333,4.0
1304091,K Gowtham,Delhi Capitals,1,0.6285714285714286,1.0,0.4,1.0
1304091,KH Pandya,Delhi Capitals,0,0.6837606837606838,1.4,0.4166666666666667,0.0
1304091,Kuldeep Yadav,Lucknow Super Giants,0,1.0975609756097562,1.4,1.4,1.0
1304091,Lalit Yadav,Lucknow Super Giants,0,0.5789473684210527,0.6,0.5,0.0
1304091,MP Stoinis,Delhi Capitals,0,0.7258064516129032,0.2,0.0,0.0
1304091,Mohsin Khan,Delhi Capitals,4,1.173913043478261,2.0,2.0,1.0
1304091,Mustafizur Rahman,Lucknow Super Giants,0,1.2280701754385965,1.2,0.5,1.0
1304091,PVD Chameera,Delhi Capitals,1,0.8461538461538461,1.6,1.0,1.0
1304091,Ravi Bishnoi,Delhi Capitals,1,1.0461538461538462,0.8,1.125,1.0
1304091,SN Thakur,Lucknow Super Giants,3,1.0869565217391304,1.0,1.5,2.0
1304092,AK Markram,Chennai Super Kings,0,0.14285714285714285,0.2,0.3333333333333333,0.0
1304092,B Kumar,Chennai Super Kings,0,1.1079545454545454,1.0,0.7,1.0
1304092,D Pretorius,Sunrisers Hyderabad,1,1.0,1.0,1.0,2.0
1304092,M Jansen,Chennai Super Kings,0,1.0476190476190477,0.8,0.3333333333333333,1.0
1304092,M Theekshana,Sunrisers Hyderabad,0,0.9259259259259259,1.6,0.5,3.0
1304092,MJ Santner,Sunrisers Hyderabad,1,0.8888888888888888,0.8,1.0,0.0
1304092,Mukesh Choudhary,Sunrisers Hyderabad,4,1.1428571428571428,1.8,1.6666666666666667,0.0
1304092,RA Jadeja,Sunrisers Hyderabad,0,0.8009478672985783,0.8,0.43478260869565216,1.0
1304092,Shashank Singh,Chennai Super Kings,0,0.3333333333333333,0.0,0.0,1.0
1304092,Simarjeet Singh,Sunrisers Hyderabad,0,1.0,0.0,0.0,0.0
1304092,T Natarajan,Chennai Super Kings,2,1.2459016393442623,1.8,1.8333333333333333,1.0
1304092,Umran Malik,Chennai Super Kings,0,1.1923076923076923,2.6,0.3333333333333333,0.0
1304093,AS Roy,Rajasthan Royals,1,0.6666666666666666,1.0,0.5,0.0
1304093,KR Sen,Kolkata Knight Riders,1,1.1666666666666667,1.6,1.5,0.0
1304093,M Prasidh Krishna,Kolkata Knight Riders,1,1.0588235294117647,1.6,1.0,1.0
1304093,R Ashwin,Kolkata Knight Riders,0,0.9519230769230769,1.4,0.9230769230769231,1.0
1304093,SP Narine,Rajasthan Royals,0,1.1428571428571428,0.6,0.7894736842105263,1.0
1304093,Shivam Mavi,Rajasthan Royals,1,1.03125,0.8,1.75,1.0
1304093,TA Boult,Kolkata Knight Riders,1,1.2427184466019416,0.8,1.4,0.0
1304093,TG Southee,Rajasthan Royals,2,1.0555555555555556,2.0,1.5,3.0
1304093,UT Yadav,Rajasthan Royals,1,1.1088435374149659,1.0,0.9285714285714286,1.0
1304093,YS Chahal,Kolkata Knight Riders,0,1.3396226415094339,1.6,1.3181818181818181,3.0
1304094,AS Joseph,Punjab Kings,0,1.0,1.2,0.6666666666666666,1.0
1304094,Arshdeep Singh,Gujarat Titans,1,1.2923076923076924,0.6,0.6,2.0
1304094,K Rabada,Gujarat Titans,4,1.575,2.2,1.8,1.0
1304094,LH Ferguson,Punjab Kings,1,1.2666666666666666,0.8,2.0,2.0
1304094,LS Livingstone,Gujarat Titans,1,0.5,0.2,1.0,0.0
1304094,Mohammed Shami,Punjab Kings,1,1.309090909090909,1.6,1.0,0.0
1304094,PJ Sangwan,Punjab Kings,0,1.0476190476190477,0.8,0.0,1.0
1304094,R Dhawan,Gujarat Titans,1,0.75,1.0,1.0,1.0
1304094,RD Chahar,Gujarat Titans,0,0.987012987012987,1.0,0.3333333333333333,0.0
1304094,Rashid Khan,Punjab Kings,0,1.2975206611570247,0.6,1.1428571428571428,2.0
1304094,Sandeep Sharma,Gujarat Titans,1,1.2142857142857142,0.8,1.3333333333333333,0.0
1304095,D Pretorius,Royal Challengers Bangalore,2,1.0,1.0,2.0,0.0
1304095,GJ Maxwell,Chennai Super Kings,2,0.5189873417721519,0.6,0.75,2.0
1304095,HV Patel,Chennai Super Kings,3,1.4660194174757282,1.4,1.7,1.0
1304095,JR Hazlewood,Chennai Super Kings,1,1.3333333333333333,1.6,1.0,2.0
1304095,M Theekshana,Royal Challengers Bangalore,3,0.9259259259259259,1.4,2.6666666666666665,1.0
1304095,MM Ali,Royal Challengers Bangalore,2,0.7692307692307693,0.4,1.0,3.0
1304095,Mohammed Siraj,Chennai Super Kings,0,1.032258064516129,0.6,0.2727272727272727,0.0
1304095,Mukesh Choudhary,Royal Challengers Bangalore,0,1.1428571428571428,1.6,0.5,2.0
1304095,PWH de Silva,Chennai Super Kings,1,1.3846153846153846,1.0,1.0,5.0
1304095,RA Jadeja,Royal Challengers Bangalore,1,0.8009478672985783,0.4,1.037037037037037,1.0
1304095,Shahbaz Ahmed,Chennai Super Kings,1,0.5,0.6,0.5,0.0
1304095,Simarjeet Singh,Royal Challengers Bangalore,0,1.0,0.0,0.0,2.0
1304096,A Nortje,Sunrisers Hyderabad,1,1.3478260869565217,1.0,0.75,3.0
1304096,AK Markram,Delhi Capitals,0,0.14285714285714285,0.2,0.0,0.0
1304096,B Kumar,Delhi Capitals,1,1.1079545454545454,1.0,1.6666666666666667,0.0
1304096,KK Ahmed,Sunrisers Hyderabad,3,1.368421052631579,2.0,1.5,2.0
1304096,Kartik Tyagi,Delhi Capitals,0,0.8,0.8,0.75,1.0
1304096,Kuldeep Yadav,Sunrisers Hyderabad,1,1.0975609756097562,1.4,1.2857142857142858,0.0
1304096,MR Marsh,Sunrisers Hyderabad,1,1.088235294117647,1.0,1.6,1.0
1304096,S Gopal,Delhi Capitals,1,1.0392156862745099,0.4,1.2,1.0
1304096,SN Thakur,Sunrisers Hyderabad,2,1.0869565217391304,1.0,0.9333333333333333,0.0
1304096,Umran Malik,Delhi Capitals,0,1.1923076923076923,2.2,0.0,0.0
1304097,AS Joseph,Mumbai Indians,1,1.0,1.0,0.5,0.0
1304097,DR Sams,Gujarat Titans,1,0.9375,1.6,1.0,1.0
1304097,JJ Bumrah,Gujarat Titans,0,1.368421052631579,0.2,1.5,5.0
1304097,K Kartikeya,Gujarat Titans,0,0.8333333333333334,0.5,0.75,2.0
1304097,KA Pollard,Gujarat Titans,1,0.7570093457943925,0.8,1.0,0.0
1304097,LH Ferguson,Mumbai Indians,2,1.2666666666666666,1.0,1.6,0.0
1304097,M Ashwin,Gujarat Titans,2,0.7954545454545454,1.2,2.0,1.0
1304097,Mohammed Shami,Mumbai Indians,0,1.309090909090909,1.4,1.2857142857142858,1.0
1304097,R Tewatia,Mumbai Indians,0,0.6923076923076923,0.2,0.5714285714285714,0.0
1304097,RP Meredith,Gujarat Titans,1,1.1666666666666667,1.4,1.0,0.0
1304097,Rashid Khan,Mumbai Indians,2,1.2975206611570247,1.0,1.4,5.0
1304098,Arshdeep Singh,Rajasthan Royals,2,1.2923076923076924,1.0,1.8888888888888888,1.0
1304098,K Rabada,Rajasthan Royals,1,1.575,2.2,1.875,3.0
1304098,KR Sen,Punjab Kings,0,1.1666666666666667,1.4,0.5,0.0
1304098,LS Livingstone,Rajasthan Royals,0,0.5,0.2,0.5,3.0
1304098,M Prasidh Krishna,Punjab Kings,1,1.0588235294117647,1.6,2.0,0.0
1304098,R Ashwin,Punjab Kings,1,0.9519230769230769,1.4,0.75,0.0
1304098,R Dhawan,Rajasthan Royals,1,0.75,1.0,0.75,2.0
1304098,RD Chahar,Rajasthan Royals,0,0.987012987012987,0.6,1.1111111111111112,2.0
1304098,Sandeep Sharma,Rajasthan Royals,0,1.2142857142857142,0.6,0.5555555555555556,1.0
1304098,TA Boult,Punjab Kings,0,1.2427184466019416,0.6,0.42857142857142855,1.0
1304098,YS Chahal,Punjab Kings,3,1.3396226415094339,1.2,1.7142857142857142,1.0
1304099,AD Russell,Lucknow Super Giants,2,1.1160714285714286,2.0,1.0,4.0
1304099,AS Roy,Lucknow Super Giants,0,0.6666666666666666,0.6666666666666666,0.0,2.0
1304099,Avesh Khan,Kolkata Knight Riders,3,1.3064516129032258,1.6,1.7142857142857142,2.0
1304099,Harshit Rana,Lucknow Super Giants,0,1.4210526315789473,0.5,1.0,1.0
1304099,JO Holder,Kolkata Knight Riders,4,1.2826086956521738,1.6,1.75,1.0
1304099,Mohsin Khan,Kolkata Knight Riders,1,1.173913043478261,1.8,1.2,1.0
1304099,PVD Chameera,Kolkata Knight Riders,1,0.8461538461538461,1.2,1.0,0.0
1304099,Ravi Bishnoi,Kolkata Knight Riders,1,1.0461538461538462,0.8,1.2222222222222223,3.0
1304099,SP Narine,Lucknow Super Giants,1,1.1428571428571428,0.8,1.0,0.0
1304099,TG Southee,Lucknow Super Giants,3,1.0555555555555556,2.0,1.5,1.0
1304100,Abhishek Sharma,Royal Challengers Bangalore,0,0.4230769230769231,0.4,0.3333333333333333,0.0
1304100,B Kumar,Royal Challengers Bangalore,0,1.1079545454545454,0.4,1.0476190476190477,1.0
1304100,Fazalhaq Farooqi,Royal Challengers Bangalore,0,0.8571428571428571,0.0,0.0,0.0
1304100,GJ Maxwell,Sunrisers Hyderabad,2,0.5189873417721519,1.0,0.5555555555555556,1.0
1304100,HV Patel,Sunrisers Hyderabad,1,1.4660194174757282,1.2,1.1538461538461537,5.0
1304100,J Suchith,Royal Challengers Bangalore,2,0.9523809523809523,1.2,1.3333333333333333,1.0
1304100,JR Hazlewood,Sunrisers Hyderabad,2,1.3333333333333333,1.2,1.6666666666666667,0.0
1304100,Kartik Tyagi,Royal Challengers Bangalore,1,0.8,0.8,0.5,1.0
1304100,MK Lomror,Sunrisers Hyderabad,0,0.18181818181818182,0.2,0.25,0.0
1304100,Mohammed Siraj,Sunrisers Hyderabad,0,1.032258064516129,0.4,0.9090909090909091,0.0
1304100,PWH de Silva,Sunrisers Hyderabad,5,1.3846153846153846,2.0,2.5,2.0
1304100,Shahbaz Ahmed,Sunrisers Hyderabad,0,0.5,0.6,1.0,1.0
1304100,Umran Malik,Royal Challengers Bangalore,0,1.1923076923076923,1.2,0.6666666666666666,3.0
1304101,A Nortje,Chennai Super Kings,3,1.3478260869565217,1.4,1.4285714285714286,2.0
1304101,AR Patel,Chennai Super Kings,0,0.8851351351351351,0.6,0.7647058823529411,0.0
1304101,DJ Bravo,Delhi Capitals,2,1.3101265822784811,2.2,1.5,0.0
1304101,KK Ahmed,Chennai Super Kings,2,1.368421052631579,1.8,1.0,0.0
1304101,Kuldeep Yadav,Chennai Super Kings,0,1.0975609756097562,1.0,0.42857142857142855,0.0
1304101,M Theekshana,Delhi Capitals,1,0.9259259259259259,1.2,1.0,0.0
1304101,MM Ali,Delhi Capitals,3,0.7692307692307693,1.0,0.8571428571428571,1.0
1304101,MR Marsh,Chennai Super Kings,1,1.088235294117647,0.8,1.2,2.0
1304101,Mukesh Choudhary,Delhi Capitals,2,1.1428571428571428,1.8,2.0,3.0
1304101,SN Thakur,Chennai Super Kings,0,1.0869565217391304,1.0,0.5,0.0
1304101,Simarjeet Singh,Delhi Capitals,2,1.0,0.6666666666666666,2.0,1.0
1304102,AD Russell,Mumbai Indians,4,1.1160714285714286,2.4,1.0555555555555556,3.0
1304102,CV Varun,Mumbai Indians,1,1.2142857142857142,0.4,1.125,1.0
1304102,DR Sams,Kolkata Knight Riders,1,0.9375,1.6,1.0,3.0
1304102,JJ Bumrah,Kolkata Knight Riders,5,1.368421052631579,1.2,1.5,1.0
1304102,K Kartikeya,Kolkata Knight Riders,2,0.8333333333333334,1.0,2.0,2.0
1304102,M Ashwin,Kolkata Knight Riders,1,0.7954545454545454,1.0,1.0,0.0
1304102,PJ Cummins,Mumbai Indians,4,1.1379310344827587,1.6,1.4444444444444444,1.0
1304102,RP Meredith,Kolkata Knight Riders,0,1.1666666666666667,1.2,0.5,3.0
1304102,SP Narine,Mumbai Indians,0,1.1428571428571428,0.4,1.2173913043478262,1.0
1304102,TG Southee,Mumbai Indians,1,1.0555555555555556,1.8,1.25,2.0
1304102,VR Iyer,Mumbai Indians,0,0.3333333333333333,0.0,0.0,0.0
1304103,AS Joseph,Lucknow Super Giants,0,1.0,0.8,0.0,1.0
1304103,Avesh Khan,Gujarat Titans,2,1.3064516129032258,1.6,1.2,1.0
1304103,HH Pandya,Lucknow Super Giants,0,0.7526881720430108,0.8,0.5,0.0
1304103,JO Holder,Gujarat Titans,1,1.2826086956521738,1.2,1.0,1.0
1304103,KH Pandya,Gujarat Titans,0,0.6837606837606838,1.4,1.2,0.0
1304103,Mohammed Shami,Lucknow Super Giants,1,1.309090909090909,1.2,1.25,2.0
1304103,Mohsin Khan,Gujarat Titans,1,1.173913043478261,2.0,0.6666666666666666,0.0
1304103,PVD Chameera,Gujarat Titans,0,0.8461538461538461,0.8,1.0,0.0
1304103,R Sai Kishore,Lucknow Super Giants,2,1.3,2.0,2.0,1.0
1304103,Rashid Khan,Lucknow Super Giants,5,1.2975206611570247,1.6,1.8,1.0
1304103,Yash Dayal,Lucknow Super Giants,2,1.1071428571428572,1.8,1.5,0.0
1304104,A Nortje,Rajasthan Royals,2,1.3478260869565217,1.6,1.3333333333333333,1.0
1304104,AR Patel,Rajasthan Royals,0,0.8851351351351351,0.2,1.0,2.0
1304104,C Sakariya,Rajasthan Royals,2,1.0526315789473684,1.0,2.0,2.0
1304104,KR Sen,Delhi Capitals,0,1.1666666666666667,1.2,0.0,0.0
1304104,Kuldeep Yadav,Rajasthan Royals,0,1.0975609756097562,1.0,1.1,2.0
1304104,M Prasidh Krishna,Delhi Capitals,0,1.0588235294117647,1.0,0.8333333333333334,2.0
1304104,MR Marsh,Rajasthan Royals,2,1.088235294117647,1.2,1.0,0.0
1304104,R Ashwin,Delhi Capitals,0,0.9519230769230769,1.0,1.2857142857142858,1.0
1304104,SN Thakur,Rajasthan Royals,0,1.0869565217391304,1.0,0.9090909090909091,4.0
1304104,TA Boult,Delhi Capitals,1,1.2427184466019416,0.6,1.4545454545454546,2.0
1304104,YS Chahal,Delhi Capitals,1,1.3396226415094339,1.2,1.0,1.0
1304105,DR Sams,Chennai Super Kings,3,0.9375,1.4,3.5,1.0
1304105,HR Shokeen,Chennai Super Kings,0,0.38461538461538464,0.5,0.0,0.0
1304105,JJ Bumrah,Chennai Super Kings,1,1.368421052631579,1.4,0.8,1.0
1304105,K Kartikeya,Chennai Super Kings,2,0.8333333333333334,1.25,1.5,1.0
1304105,M Theekshana,Mumbai Indians,0,0.9259259259259259,1.0,0.3333333333333333,0.0
1304105,MM Ali,Mumbai Indians,1,0.7692307692307693,1.2,0.8333333333333334,1.0
1304105,Mukesh Choudhary,Mumbai Indians,3,1.1428571428571428,1.8,3.0,0.0
1304105,RP Meredith,Chennai Super Kings,3,1.1666666666666667,1.6,1.3333333333333333,1.0
1304105,Ramandeep Singh,Chennai Super Kings,1,1.5,1.0,1.0,3.0
1304105,Simarjeet Singh,Mumbai Indians,1,1.0,0.75,1.0,0.0
1304106,Arshdeep Singh,Royal Challengers Bangalore,1,1.2923076923076924,1.2,1.0,3.0
1304106,GJ Maxwell,Punjab Kings,1,0.5189873417721519,1.0,1.0,1.0
1304106,HV Patel,Punjab Kings,5,1.4660194174757282,2.0,1.6,1.0
1304106,Harpreet Brar,Royal Challengers Bangalore,1,0.6410256410256411,0.4,1.2,0.0
1304106,JR Hazlewood,Punjab Kings,0,1.3333333333333333,1.2,0.0,2.0
1304106,K Rabada,Royal Challengers Bangalore,3,1.575,2.8,2.2857142857142856,1.0
1304106,Mohammed Siraj,Punjab Kings,0,1.032258064516129,0.4,1.5714285714285714,1.0
1304106,PWH de Silva,Punjab Kings,2,1.3846153846153846,2.4,1.6666666666666667,1.0
1304106,R Dhawan,Royal Challengers Bangalore,2,0.75,1.2,1.3333333333333333,0.0
1304106,RD Chahar,Royal Challengers Bangalore,2,0.987012987012987,0.8,0.75,0.0
1304106,Shahbaz Ahmed,Punjab Kings,1,0.5,0.8,0.5,0.0
1304107,AD Russell,Sunrisers Hyderabad,3,1.1160714285714286,2.8,1.3888888888888888,0.0
1304107,B Kumar,Kolkata Knight Riders,1,1.1079545454545454,0.4,1.1,2.0
1304107,CV Varun,Sunrisers Hyderabad,1,1.2142857142857142,0.4,1.0,0.0
1304107,M Jansen,Kolkata Knight Riders,1,1.0476190476190477,0.8,1.1666666666666667,2.0
1304107,SP Narine,Sunrisers Hyderabad,1,1.1428571428571428,0.6,0.64,0.0
1304107,T Natarajan,Kolkata Knight Riders,1,1.2459016393442623,1.4,1.6,1.0
1304107,TG Southee,Sunrisers Hyderabad,2,1.0555555555555556,1.6,1.8571428571428572,0.0
1304107,UT Yadav,Sunrisers Hyderabad,1,1.1088435374149659,1.2,0.8421052631578947,0.0
1304107,Umran Malik,Kolkata Knight Riders,3,1.1923076923076923,1.6,1.5,3.0
1304107,Washington Sundar,Kolkata Knight Riders,0,0.6724137931034483,0.8,1.125,1.0
1304108,AS Joseph,Chennai Super Kings,1,1.0,0.6,1.25,0.0
1304108,HH Pandya,Chennai Super Kings,0,0.7526881720430108,0.6,0.9166666666666666,0.0
1304108,M Pathirana,Gujarat Titans,2,1.9,2.0,2.0,0.0
1304108,MJ Santner,Gujarat Titans,0,0.8888888888888888,0.6,0.0,1.0
1304108,MM Ali,Gujarat Titans,1,0.7692307692307693,1.4,0.5,1.0
1304108,Mohammed Shami,Chennai Super Kings,2,1.309090909090909,1.0,1.0,0.0
1304108,Mukesh Choudhary,Gujarat Titans,0,1.1428571428571428,1.8,0.5,0.0
1304108,PH Solanki,Gujarat Titans,0,1.0,0.0,0.0,2.0
1304108,R Sai Kishore,Chennai Super Kings,1,1.3,1.5,1.0,0.0
1304108,Rashid Khan,Chennai Super Kings,1,1.2975206611570247,1.8,1.0588235294117647,2.0
1304108,Simarjeet Singh,Gujarat Titans,0,1.0,0.6,0.5,1.0
1304108,Yash Dayal,Chennai Super Kings,0,1.1071428571428572,1.2,0.8,0.0
1304109,A Badoni,Rajasthan Royals,1,0.4,1.0,0.5,0.0
1304109,Avesh Khan,Rajasthan Royals,1,1.3064516129032258,1.2,1.6666666666666667,0.0
1304109,JO Holder,Rajasthan Royals,1,1.2826086956521738,1.2,1.5,0.0
1304109,KH Pandya,Rajasthan Royals,0,0.6837606837606838,1.2,0.4,1.0
1304109,M Prasidh Krishna,Lucknow Super Giants,2,1.0588235294117647,1.0,1.5,0.0
1304109,MP Stoinis,Rajasthan Royals,0,0.7258064516129032,0.2,0.75,3.0
1304109,Mohsin Khan,Rajasthan Royals,0,1.173913043478261,1.8,0.3333333333333333,3.0
1304109,OC McCoy,Lucknow Super Giants,2,1.375,1.6666666666666667,2.0,2.0
1304109,PVD Chameera,Rajasthan Royals,0,0.8461538461538461,0.8,0.0,0.0
1304109,R Ashwin,Lucknow Super Giants,1,0.9519230769230769,0.6,1.0,1.0
1304109,Ravi Bishnoi,Rajasthan Royals,3,1.0461538461538462,1.4,0.8571428571428571,1.0
1304109,TA Boult,Lucknow Super Giants,2,1.2427184466019416,1.0,1.6,1.0
1304109,YS Chahal,Lucknow Super Giants,1,1.3396226415094339,1.2,1.2,2.0
1304110,A Nortje,Punjab Kings,1,1.3478260869565217,1.4,2.0,2.0
1304110,AR Patel,Punjab Kings,2,0.8851351351351351,0.6,1.3333333333333333,0.0
1304110,Arshdeep Singh,Delhi Capitals,3,1.2923076923076924,1.6,0.8571428571428571,0.0
1304110,Harpreet Brar,Delhi Capitals,0,0.6410256410256411,0.4,1.0,3.0
1304110,K Rabada,Delhi Capitals,1,1.575,2.6,0.5,1.0
1304110,KK Ahmed,Punjab Kings,0,1.368421052631579,1.6,1.2857142857142858,0.0
1304110,Kuldeep Yadav,Punjab Kings,2,1.0975609756097562,0.6,1.4,1.0
1304110,LS Livingstone,Delhi Capitals,3,0.5,0.8,3.0,0.0
1304110,Lalit Yadav,Punjab Kings,0,0.5789473684210527,0.4,0.5,1.0
1304110,R Dhawan,Delhi Capitals,0,0.75,0.8,0.0,0.0
1304110,RD Chahar,Delhi Capitals,0,0.987012987012987,0.8,1.0,1.0
1304110,SN Thakur,Punjab Kings,4,1.0869565217391304,1.8,1.2857142857142858,2.0
1304111,Abhishek Sharma,Mumbai Indians,0,0.4230769230769231,0.0,0.6666666666666666,1.0
1304111,B Kumar,Mumbai Indians,2,1.1079545454545454,0.8,1.15,0.0
1304111,DR Sams,Sunrisers Hyderabad,1,0.9375,1.4,1.0,1.0
1304111,Fazalhaq Farooqi,Mumbai Indians,0,0.8571428571428571,0.0,0.0,2.0
1304111,JJ Bumrah,Sunrisers Hyderabad,1,1.368421052631579,1.4,1.2666666666666666,3.0
1304111,M Markande,Sunrisers Hyderabad,0,1.0,0.2,2.0,1.0
1304111,RP Meredith,Sunrisers Hyderabad,1,1.1666666666666667,1.4,1.5,0.0
1304111,Ramandeep Singh,Sunrisers Hyderabad,3,1.5,2.0,3.0,2.0
1304111,T Natarajan,Mumbai Indians,1,1.2459016393442623,1.4,0.6,2.0
1304111,Umran Malik,Mumbai Indians,3,1.1923076923076923,1.2,1.0,1.0
1304111,Washington Sundar,Mumbai Indians,1,0.6724137931034483,0.6,0.7,1.0
1304112,AD Russell,Lucknow Super Giants,0,1.1160714285714286,2.0,1.0,3.0
1304112,Avesh Khan,Kolkata Knight Riders,0,1.3064516129032258,1.2,1.7142857142857142,1.0
1304112,CV Varun,Lucknow Super Giants,0,1.2142857142857142,0.4,1.25,1.0
1304112,JO Holder,Kolkata Knight Riders,0,1.2826086956521738,1.2,1.75,1.0
1304112,K Gowtham,Kolkata Knight Riders,1,0.6285714285714286,1.2,1.0,0.0
1304112,MP Stoinis,Kolkata Knight Riders,3,0.7258064516129032,0.8,0.8888888888888888,2.0
1304112,Mohsin Khan,Kolkata Knight Riders,3,1.173913043478261,1.8,1.2,1.0
1304112,N Rana,Lucknow Super Giants,0,0.4166666666666667,0.0,0.0,2.0
1304112,Ravi Bishnoi,Kolkata Knight Riders,1,1.0461538461538462,1.4,1.2222222222222223,1.0
1304112,SP Narine,Lucknow Super Giants,0,1.1428571428571428,0.4,1.0,1.0
1304112,TG Southee,Lucknow Super Giants,0,1.0555555555555556,1.6,1.5,2.0
1304112,UT Yadav,Lucknow Super Giants,0,1.1088435374149659,1.2,1.0,1.0
1304113,GJ Maxwell,Gujarat Titans,1,0.5189873417721519,1.2,0.6666666666666666,0.0
1304113,HH Pandya,Royal Challengers Bangalore,0,0.7526881720430108,0.4,0.5,1.0
1304113,HV Patel,Gujarat Titans,1,1.4660194174757282,2.0,1.2,1.0
1304113,JR Hazlewood,Gujarat Titans,2,1.3333333333333333,1.0,1.0,3.0
1304113,LH Ferguson,Royal Challengers Bangalore,0,1.2666666666666666,0.8,1.4285714285714286,0.0
1304113,MK Lomror,Gujarat Titans,0,0.18181818181818182,0.2,0.0,1.0
1304113,Mohammed Shami,Royal Challengers Bangalore,0,1.309090909090909,0.8,1.3076923076923077,1.0
1304113,PWH de Silva,Gujarat Titans,1,1.3846153846153846,2.2,1.5,1.0
1304113,R Sai Kishore,Royal Challengers Bangalore,0,1.3,1.0,0.0,1.0
1304113,Rashid Khan,Royal Challengers Bangalore,2,1.2975206611570247,2.0,1.3076923076923077,0.0
1304113,Shahbaz Ahmed,Gujarat Titans,0,0.5,0.8,1.0,0.0
1304113,Yash Dayal,Royal Challengers Bangalore,0,1.1071428571428572,1.0,0.5,3.0
1304114,M Pathirana,Rajasthan Royals,0,1.9,1.0,0.5,2.0
1304114,M Prasidh Krishna,Chennai Super Kings,0,1.0588235294117647,0.8,0.2,0.0
1304114,MJ Santner,Rajasthan Royals,1,0.8888888888888888,0.6,0.6666666666666666,0.0
1304114,MM Ali,Rajasthan Royals,1,0.7692307692307693,1.6,0.7142857142857143,4.0
1304114,Mukesh Choudhary,Rajasthan Royals,0,1.1428571428571428,1.0,0.0,0.0
1304114,OC McCoy,Chennai Super Kings,2,1.375,1.75,2.0,1.0
1304114,R Ashwin,Chennai Super Kings,1,0.9519230769230769,0.6,1.25,1.0
1304114,Simarjeet Singh,Rajasthan Royals,1,1.0,0.8,2.0,2.0
1304114,TA Boult,Chennai Super Kings,1,1.2427184466019416,1.0,1.25,1.0
1304114,YS Chahal,Chennai Super Kings,2,1.3396226415094339,1.4,1.1176470588235294,0.0
1304115,A Nortje,Mumbai Indians,2,1.3478260869565217,1.8,1.125,2.0
1304115,AR Patel,Mumbai Indians,0,0.8851351351351351,0.4,0.7142857142857143,1.0
1304115,HR Shokeen,Delhi Capitals,0,0.38461538461538464,0.4,0.5,0.0
1304115,JJ Bumrah,Delhi Capitals,3,1.368421052631579,2.0,1.6666666666666667,3.0
1304115,KK Ahmed,Mumbai Indians,0,1.368421052631579,1.2,1.5,2.0
1304115,Kuldeep Yadav,Mumbai Indians,1,1.0975609756097562,0.8,0.7,1.0
1304115,M Markande,Delhi Capitals,1,1.0,0.2,1.25,4.0
1304115,MR Marsh,Mumbai Indians,0,1.088235294117647,0.8,1.0,1.0
1304115,RP Meredith,Delhi Capitals,0,1.1666666666666667,1.0,1.0,2.0
1304115,Ramandeep Singh,Delhi Capitals,2,1.5,2.0,2.0,0.0
1304115,SN Thakur,Mumbai Indians,2,1.0869565217391304,1.6,0.9230769230769231,0.0
1304116,Arshdeep Singh,Sunrisers Hyderabad,0,1.2923076923076924,1.4,1.6,3.0
1304116,B Kumar,Punjab Kings,0,1.1079545454545454,0.8,1.1428571428571428,0.0
1304116,Fazalhaq Farooqi,Punjab Kings,2,0.8571428571428571,0.6666666666666666,2.0,2.0
1304116,Harpreet Brar,Sunrisers Hyderabad,3,0.6410256410256411,0.8,0.8,0.0
1304116,K Rabada,Sunrisers Hyderabad,1,1.575,2.0,1.5454545454545454,1.0
1304116,LS Livingstone,Sunrisers Hyderabad,0,0.5,0.8,0.0,0.0
1304116,NT Ellis,Sunrisers Hyderabad,4,1.1875,1.0,1.3333333333333333,1.0
1304116,R Shepherd,Punjab Kings,0,0.75,1.3333333333333333,0.0,2.0
1304116,Umran Malik,Punjab Kings,1,1.1923076923076923,1.4,2.6666666666666665,1.0
1304116,Washington Sundar,Punjab Kings,1,0.6724137931034483,0.4,0.5,0.0
1312197,AS Joseph,Rajasthan Royals,0,1.0,0.4,0.0,2.0
1312197,HH Pandya,Rajasthan Royals,1,0.7526881720430108,0.4,1.2,3.0
1312197,M Prasidh Krishna,Gujarat Titans,0,1.0588235294117647,0.6,0.6666666666666666,3.0
1312197,Mohammed Shami,Rajasthan Royals,1,1.309090909090909,0.8,1.5,2.0
1312197,OC McCoy,Gujarat Titans,1,1.375,1.6,0.5,3.0
1312197,R Ashwin,Gujarat Titans,1,0.9519230769230769,0.8,0.16666666666666666,1.0
1312197,R Sai Kishore,Rajasthan Royals,1,1.3,1.0,1.5,2.0
1312197,Rashid Khan,Rajasthan Royals,0,1.2975206611570247,2.0,1.2142857142857142,1.0
1312197,TA Boult,Gujarat Titans,1,1.2427184466019416,1.0,0.6,1.0
1312197,YS Chahal,Gujarat Titans,0,1.3396226415094339,1.4,1.0,0.0
1312197,Yash Dayal,Rajasthan Royals,3,1.1071428571428572,1.2,1.6,1.0
1312198,Avesh Khan,Royal Challengers Bangalore,1,1.3064516129032258,1.4,0.4,2.0
1312198,HV Patel,Lucknow Super Giants,1,1.4660194174757282,2.2,1.6,0.0
1312198,JR Hazlewood,Lucknow Super Giants,3,1.3333333333333333,1.6,3.0,2.0
1312198,KH Pandya,Royal Challengers Bangalore,1,0.6837606837606838,0.6,0.75,0.0
1312198,Mohammed Siraj,Lucknow Super Giants,1,1.032258064516129,0.2,1.4,0.0
1312198,Mohsin Khan,Royal Challengers Bangalore,1,1.173913043478261,1.2,1.0,1.0
1312198,PVD Chameera,Royal Challengers Bangalore,0,0.8461538461538461,0.4,1.0,0.0
1312198,PWH de Silva,Lucknow Super Giants,1,1.3846153846153846,2.0,0.6666666666666666,1.0
1312198,Ravi Bishnoi,Royal Challengers Bangalore,1,1.0461538461538462,1.4,1.0,2.0
1312198,Shahbaz Ahmed,Lucknow Super Giants,0,0.5,0.4,0.0,0.0
1312199,GJ Maxwell,Rajasthan Royals,0,0.5189873417721519,1.2,0.25,0.0
1312199,HV Patel,Rajasthan Royals,0,1.4660194174757282,1.6,1.8333333333333333,1.0
1312199,JR Hazlewood,Rajasthan Royals,2,1.3333333333333333,1.8,1.5,2.0
1312199,M Prasidh Krishna,Royal Challengers Bangalore,3,1.0588235294117647,1.0,0.8888888888888888,1.0
1312199,Mohammed Siraj,Rajasthan Royals,0,1.032258064516129,0.2,1.0909090909090908,1.0
1312199,OC McCoy,Royal Challengers Bangalore,3,1.375,1.8,3.0,0.0
1312199,PWH de Silva,Rajasthan Royals,1,1.3846153846153846,2.0,1.0,1.0
1312199,R Ashwin,Royal Challengers Bangalore,1,0.9519230769230769,0.8,0.8461538461538461,0.0
1312199,Shahbaz Ahmed,Rajasthan Royals,0,0.5,0.2,0.8333333333333334,0.0
1312199,TA Boult,Royal Challengers Bangalore,1,1.2427184466019416,1.2,1.4545454545454546,1.0
1312199,YS Chahal,Royal Challengers Bangalore,0,1.3396226415094339,0.8,1.2,1.0
1312200,HH Pandya,Rajasthan Royals,3,0.7526881720430108,0.8,1.2,0.0
1312200,LH Ferguson,Rajasthan Royals,0,1.2666666666666666,0.8,2.0,0.0
1312200,Mohammed Shami,Rajasthan Royals,2,1.309090909090909,1.2,1.5,2.0
1312200,OC McCoy,Gujarat Titans,0,1.375,1.6,0.5,0.0
1312200,R Ashwin,Gujarat Titans,0,0.9519230769230769,0.8,0.16666666666666666,1.0
1312200,R Sai Kishore,Rajasthan Royals,2,1.3,1.2,1.5,1.0
1312200,Rashid Khan,Rajasthan Royals,1,1.2975206611570247,1.8,1.2142857142857142,2.0
1312200,TA Boult,Gujarat Titans,1,1.2427184466019416,1.2,0.6,2.0
1312200,YS Chahal,Gujarat Titans,1,1.3396226415094339,0.8,1.0,4.0
1312200,Yash Dayal,Rajasthan Royals,1,1.1071428571428572,1.2,1.6,0.0
1359475,AS Joseph,Chennai Super Kings,2,1.0,0.8,1.25,2.0
1359475,DL Chahar,Gujarat Titans,0,0.9753086419753086,0.6,1.25,0.0
1359475,HH Pandya,Chennai Super Kings,0,0.7526881720430108,0.8,0.9166666666666666,0.0
1359475,J Little,Chennai Super Kings,1,1.1818181818181819,1.0,0.5,0.0
1359475,MJ Santner,Gujarat Titans,0,0.8888888888888888,0.4,0.0,1.0
1359475,Mohammed Shami,Chennai Super Kings,2,1.309090909090909,1.4,1.0,3.0
1359475,RA Jadeja,Gujarat Titans,1,0.8009478672985783,0.4,0.8333333333333334,0.0
1359475,RS Hangargekar,Gujarat Titans,3,1.5,3.0,3.0,0.0
1359475,Rashid Khan,Chennai Super Kings,2,1.2975206611570247,1.2,1.0588235294117647,3.0
1359475,TU Deshpande,Gujarat Titans,1,1.2777777777777777,0.8,1.2,2.0
1359475,Yash Dayal,Chennai Super Kings,0,1.1071428571428572,0.8,0.8,0.0
1359476,Arshdeep Singh,Kolkata Knight Riders,3,1.2923076923076924,1.8,1.3333333333333333,2.0
1359476,CV Varun,Punjab Kings,1,1.2142857142857142,0.6,1.1666666666666667,4.0
1359476,Harpreet Brar,Kolkata Knight Riders,0,0.6410256410256411,0.8,0.25,0.0
1359476,NT Ellis,Kolkata Knight Riders,1,1.1875,1.0,0.6666666666666666,4.0
1359476,R Dhawan,Kolkata Knight Riders,0,0.75,0.8,0.4,1.0
1359476,RD Chahar,Kolkata Knight Riders,1,0.987012987012987,0.6,1.5,0.0
1359476,SM Curran,Kolkata Knight Riders,1,1.0689655172413792,1.0,0.75,1.0
1359476,SN Thakur,Punjab Kings,0,1.0869565217391304,1.2,1.2857142857142858,1.0
1359476,SP Narine,Punjab Kings,1,1.1428571428571428,0.6,1.0,2.0
1359476,Sikandar Raza,Kolkata Knight Riders,1,0.42857142857142855,1.0,1.0,0.0
1359476,TG Southee,Punjab Kings,2,1.0555555555555556,1.6,1.3333333333333333,0.0
1359476,UT Yadav,Punjab Kings,1,1.1088435374149659,1.2,2.0,0.0
1359477,AR Patel,Lucknow Super Giants,1,0.8851351351351351,0.6,0.4,0.0
1359477,Avesh Khan,Delhi Capitals,2,1.3064516129032258,1.2,0.75,1.0
1359477,C Sakariya,Lucknow Super Giants,2,1.0526315789473684,1.2,1.0,1.0
1359477,JD Unadkat,Delhi Capitals,0,1.0480769230769231,1.0,1.25,1.0
1359477,K Gowtham,Delhi Capitals,0,0.6285714285714286,1.0,0.4,0.0
1359477,KK Ahmed,Lucknow Super Giants,2,1.368421052631579,1.4,1.6666666666666667,1.0
1359477,KR Mayers,Delhi Capitals,0,0.0,0.0,0.0,0.0
1359477,Kuldeep Yadav,Lucknow Super Giants,1,1.0975609756097562,0.8,1.4,0.0
1359477,MA Wood,Delhi Capitals,5,2.2,2.5,5.0,3.0
1359477,Mukesh Kumar,Lucknow Super Giants,0,1.55,0.0,1.0,0.0
1359477,Ravi Bishnoi,Delhi Capitals,2,1.0461538461538462,1.6,1.125,3.0
1359478,AU Rashid,Rajasthan Royals,0,0.6666666666666666,0.0,0.0,2.0
1359478,B Kumar,Rajasthan Royals,0,1.1079545454545454,0.6,1.0555555555555556,1.0
1359478,Fazalhaq Farooqi,Rajasthan Royals,2,0.8571428571428571,1.0,2.0,1.0
1359478,JO Holder,Sunrisers Hyderabad,1,1.2826086956521738,1.4,1.5,2.0
1359478,KM Asif,Sunrisers Hyderabad,0,1.0,1.0,0.0,0.0
1359478,R Ashwin,Sunrisers Hyderabad,1,0.9519230769230769,0.8,0.65,2.0
1359478,T Natarajan,Rajasthan Royals,2,1.2459016393442623,1.2,1.1428571428571428,0.0
1359478,TA Boult,Sunrisers Hyderabad,2,1.2427184466019416,1.2,1.4166666666666667,0.0
1359478,Umran Malik,Rajasthan Royals,1,1.1923076923076923,1.6,1.5,1.0
1359478,Washington Sundar,Rajasthan Royals,0,0.6724137931034483,0.4,0.16666666666666666,0.0
1359478,YS Chahal,Sunrisers Hyderabad,4,1.3396226415094339,1.4,1.3333333333333333,1.0
1359479,Akash Deep,Mumbai Indians,1,1.0,1.2,1.3333333333333333,0.0
1359479,Arshad Khan,Royal Challengers Bangalore,1,0.6666666666666666,1.0,1.0,0.0
1359479,C Green,Royal Challengers Bangalore,1,0.6896551724137931,1.0,1.0,0.0
1359479,GJ Maxwell,Mumbai Indians,0,0.5189873417721519,0.8,0.3333333333333333,1.0
1359479,HR Shokeen,Royal Challengers Bangalore,0,0.38461538461538464,0.4,0.0,0.0
1359479,HV Patel,Mumbai Indians,1,1.4660194174757282,1.6,1.8571428571428572,1.0
1359479,JC Archer,Royal Challengers Bangalore,0,1.225,1.6,0.4,1.0
1359479,JP Behrendorff,Royal Challengers Bangalore,0,1.2941176470588236,0.6,1.3333333333333333,1.0
1359479,KV Sharma,Mumbai Indians,2,1.0,1.0,1.0,2.0
1359479,MG Bracewell,Mumbai Indians,1,1.2,1.0,1.0,1.0
1359479,Mohammed Siraj,Mumbai Indians,1,1.032258064516129,0.4,0.75,1.0
1359479,PP Chawla,Royal Challengers Bangalore,0,1.0523560209424083,0.6,0.8260869565217391,1.0
1359479,RJW Topley,Mumbai Indians,1,1.0,1.0,0.5,1.0
1359480,Avesh Khan,Chennai Super Kings,1,1.3064516129032258,1.0,1.0,0.0
1359480,DL Chahar,Lucknow Super Giants,0,0.9753086419753086,0.4,0.25,0.0
1359480,K Gowtham,Chennai Super Kings,0,0.6285714285714286,0.8,0.0,1.0
1359480,KH Pandya,Chennai Super Kings,0,0.6837606837606838,0.2,0.75,3.0
1359480,KR Mayers,Chennai Super Kings,0,0.0,0.0,0.0,0.0
1359480,MA Wood,Chennai Super Kings,3,2.2,2.6666666666666665,3.0,1.0
1359480,MJ Santner,Lucknow Super Giants,1,0.8888888888888888,0.6,1.0,2.0
1359480,MM Ali,Lucknow Super Giants,4,0.7692307692307693,2.0,1.2,1.0
1359480,RA Jadeja,Lucknow Super Giants,0,0.8009478672985783,0.4,0.2,3.0
1359480,Ravi Bishnoi,Chennai Super Kings,3,1.0461538461538462,2.0,1.0,1.0
1359480,TU Deshpande,Lucknow Super Giants,2,1.2777777777777777,0.8,0.6,2.0
1359480,Yash Thakur,Chennai Super Kings,0,1.4210526315789473,0.0,0.6666666666666666,1.0
1359481,A Nortje,Gujarat Titans,2,1.3478260869565217,2.0,1.3333333333333333,0.0
1359481,AS Joseph,Delhi Capitals,2,1.0,1.0,2.0,2.0
1359481,HH Pandya,Delhi Capitals,0,0.7526881720430108,0.8,0.6666666666666666,1.0
1359481,J Little,Delhi Capitals,0,1.1818181818181819,0.5,0.0,1.0
1359481,KK Ahmed,Gujarat Titans,1,1.368421052631579,1.0,1.2,0.0
1359481,Kuldeep Yadav,Gujarat Titans,0,1.0975609756097562,0.8,0.8,1.0
1359481,MR Marsh,Gujarat Titans,1,1.088235294117647,1.0,1.0,2.0
1359481,Mohammed Shami,Delhi Capitals,3,1.309090909090909,1.6,2.2222222222222223,1.0
1359481,Mukesh Kumar,Gujarat Titans,0,1.55,0.0,1.3333333333333333,2.0
1359481,Rashid Khan,Delhi Capitals,3,1.2975206611570247,1.6,1.4615384615384615,3.0
1359481,Yash Dayal,Delhi Capitals,0,1.1071428571428572,0.8,2.0,0.0
1359482,Arshdeep Singh,Rajasthan Royals,2,1.2923076923076924,1.8,1.8888888888888888,1.0
1359482,Harpreet Brar,Rajasthan Royals,0,0.6410256410256411,0.8,0.25,0.0
1359482,JO Holder,Punjab Kings,2,1.2826086956521738,1.0,1.6666666666666667,0.0
1359482,KM Asif,Punjab Kings,0,1.0,0.8,0.0,1.0
1359482,NT Ellis,Rajasthan Royals,4,1.1875,1.8,2.0,0.0
1359482,R Ashwin,Punjab Kings,2,0.9519230769230769,1.0,0.75,2.0
1359482,RD Chahar,Rajasthan Royals,0,0.987012987012987,0.6,1.1111111111111112,1.0
1359482,SM Curran,Rajasthan Royals,1,1.0689655172413792,1.0,1.4444444444444444,0.0
1359482,Sikandar Raza,Rajasthan Royals,0,0.42857142857142855,0.5,0.0,1.0
1359482,TA Boult,Punjab Kings,0,1.2427184466019416,1.0,0.42857142857142855,3.0
1359482,YS Chahal,Punjab Kings,1,1.3396226415094339,1.2,1.7142857142857142,3.0
1359483,Akash Deep,Kolkata Knight Riders,0,1.0,0.6,1.5,1.0
1359483,CV Varun,Royal Challengers Bangalore,4,1.2142857142857142,1.4,1.75,0.0
1359483,DJ Willey,Kolkata Knight Riders,2,0.6363636363636364,0.6,0.6666666666666666,0.0
1359483,HV Patel,Kolkata Knight Riders,1,1.4660194174757282,0.8,1.3076923076923077,2.0
1359483,KV Sharma,Kolkata Knight Riders,2,1.0,1.4,1.3333333333333333,1.0
1359483,MG Bracewell,Kolkata Knight Riders,1,1.2,1.0,1.0,2.0
1359483,Mohammed Siraj,Kolkata Knight Riders,1,1.032258064516129,0.6,1.0714285714285714,3.0
1359483,SN Thakur,Royal Challengers Bangalore,1,1.0869565217391304,1.4,1.4444444444444444,0.0
1359483,SP Narine,Royal Challengers Bangalore,2,1.1428571428571428,0.8,1.2777777777777777,3.0
1359483,Shahbaz Ahmed,Kolkata Knight Riders,0,0.5,0.2,0.2,0.0
1359483,Suyash Sharma,Royal Challengers Bangalore,3,0.8461538461538461,3.0,3.0,1.0
1359483,UT Yadav,Royal Challengers Bangalore,0,1.1088435374149659,0.6,1.0666666666666667,0.0
1359484,A Mishra,Sunrisers Hyderabad,2,1.1296296296296295,1.6,0.9285714285714286,1.0
1359484,AK Markram,Lucknow Super Giants,0,0.14285714285714285,0.2,0.0,0.0
1359484,B Kumar,Lucknow Super Giants,1,1.1079545454545454,0.8,0.75,1.0
1359484,DJ Hooda,Sunrisers Hyderabad,0,0.30303030303030304,0.2,0.0,0.0
1359484,Fazalhaq Farooqi,Lucknow Super Giants,1,0.8571428571428571,1.0,0.5,0.0
1359484,JD Unadkat,Sunrisers Hyderabad,1,1.0480769230769231,1.0,1.3333333333333333,0.0
1359484,KH Pandya,Sunrisers Hyderabad,3,0.6837606837606838,0.8,0.8461538461538461,0.0
1359484,KR Mayers,Sunrisers Hyderabad,0,0.0,0.0,0.0,0.0
1359484,Ravi Bishnoi,Sunrisers Hyderabad,1,1.0461538461538462,1.6,1.1428571428571428,0.0
1359484,T Natarajan,Lucknow Super Giants,0,1.2459016393442623,1.2,0.75,0.0
1359484,Umran Malik,Lucknow Super Giants,1,1.1923076923076923,1.8,0.5,2.0
1359484,Washington Sundar,Lucknow Super Giants,0,0.6724137931034483,0.4,1.0,0.0
1359484,Yash Thakur,Sunrisers Hyderabad,1,1.4210526315789473,0.5,0.6666666666666666,4.0
1359485,A Nortje,Rajasthan Royals,0,1.3478260869565217,1.4,1.3333333333333333,0.0
1359485,AR Patel,Rajasthan Royals,0,0.8851351351351351,0.6,1.0,0.0
1359485,JO Holder,Delhi Capitals,0,1.2826086956521738,0.8,0.3333333333333333,0.0
1359485,KK Ahmed,Rajasthan Royals,0,1.368421052631579,0.6,1.0,2.0
1359485,Kuldeep Yadav,Rajasthan Royals,1,1.0975609756097562,1.0,1.1,0.0
1359485,M Ashwin,Delhi Capitals,0,0.7954545454545454,1.0,0.6,0.0
1359485,Mukesh Kumar,Rajasthan Royals,2,1.55,0.6666666666666666,1.6666666666666667,2.0
1359485,R Ashwin,Delhi Capitals,2,0.9519230769230769,1.2,1.2857142857142858,2.0
1359485,Sandeep Sharma,Delhi Capitals,1,1.2142857142857142,0.8,1.0,1.0
1359485,TA Boult,Delhi Capitals,3,1.2427184466019416,1.4,1.4545454545454546,1.0
1359485,YS Chahal,Delhi Capitals,3,1.3396226415094339,1.8,1.0,2.0
1359486,Arshad Khan,Chennai Super Kings,0,0.6666666666666666,0.5,0.0,0.0
1359486,C Green,Chennai Super Kings,0,0.6896551724137931,0.5,0.75,0.0
1359486,DL Chahar,Mumbai Indians,0,0.9753086419753086,0.2,1.0,0.0
1359486,HR Shokeen,Chennai Super Kings,0,0.38461538461538464,0.4,0.0,1.0
1359486,JP Behrendorff,Chennai Super Kings,1,1.2941176470588236,0.6,1.5,4.0
1359486,K Kartikeya,Chennai Super Kings,1,0.8333333333333334,1.2,1.5,1.0
1359486,MJ Santner,Mumbai Indians,2,0.8888888888888888,0.8,1.6666666666666667,1.0
1359486,PP Chawla,Chennai Super Kings,1,1.0523560209424083,0.8,1.0,3.0
1359486,RA Jadeja,Mumbai Indians,3,0.8009478672985783,1.0,0.6451612903225806,2.0
1359486,SSB Magala,Mumbai Indians,1,0.5,1.0,1.0,0.0
1359486,TU Deshpande,Mumbai Indians,2,1.2777777777777777,1.2,1.6666666666666667,3.0
1359487,AS Joseph,Kolkata Knight Riders,2,1.0,1.4,1.0,1.0
1359487,CV Varun,Gujarat Titans,0,1.2142857142857142,1.2,0.0,1.0
1359487,J Little,Kolkata Knight Riders,1,1.1818181818181819,0.6666666666666666,1.5,3.0
1359487,LH Ferguson,Gujarat Titans,0,1.2666666666666666,0.6,0.0,0.0
1359487,Mohammed Shami,Kolkata Knight Riders,1,1.309090909090909,1.8,1.2857142857142858,1.0
1359487,Rashid Khan,Kolkata Knight Riders,3,1.2975206611570247,1.8,1.1333333333333333,1.0
1359487,SN Thakur,Gujarat Titans,0,1.0869565217391304,1.4,0.0,0.0
1359487,SP Narine,Gujarat Titans,3,1.1428571428571428,1.4,1.3333333333333333,0.0
1359487,Suyash Sharma,Gujarat Titans,1,0.8461538461538461,2.0,0.5,0.0
1359487,UT Yadav,Gujarat Titans,0,1.1088435374149659,0.4,0.5,0.0
1359487,Yash Dayal,Kolkata Knight Riders,0,1.1071428571428572,0.8,1.25,1.0
1359488,Arshdeep Singh,Sunrisers Hyderabad,1,1.2923076923076924,1.8,1.6,1.0
1359488,B Kumar,Punjab Kings,1,1.1079545454545454,0.8,1.1428571428571428,1.0
1359488,Harpreet Brar,Sunrisers Hyderabad,0,0.6410256410256411,0.6,0.8,1.0
1359488,M Jansen,Punjab Kings,2,1.0476190476190477,1.2,1.0,2.0
1359488,M Markande,Punjab Kings,4,1.0,1.0,4.0,2.0
1359488,NT Ellis,Sunrisers Hyderabad,0,1.1875,1.8,1.3333333333333333,1.0
1359488,RD Chahar,Sunrisers Hyderabad,1,0.987012987012987,0.8,1.0,0.0
1359488,SM Curran,Sunrisers Hyderabad,0,1.0689655172413792,0.4,0.8333333333333334,1.0
1359488,T Natarajan,Punjab Kings,0,1.2459016393442623,0.8,1.0,1.0
1359488,Umran Malik,Punjab Kings,2,1.1923076923076923,1.6,2.6666666666666665,1.0
1359488,Washington Sundar,Punjab Kings,0,0.6724137931034483,0.4,0.5,0.0
1359489,A Mishra,Royal Challengers Bangalore,1,1.1296296296296295,1.8,1.0555555555555556,0.0
1359489,Avesh Khan,Royal Challengers Bangalore,0,1.3064516129032258,0.8,0.4,0.0
1359489,DJ Willey,Lucknow Super Giants,0,0.6363636363636364,0.6,0.0,2.0
1359489,HV Patel,Lucknow Super Giants,2,1.4660194174757282,1.0,1.6,1.0
1359489,JD Unadkat,Royal Challengers Bangalore,0,1.0480769230769231,0.6,0.8181818181818182,2.0
1359489,KH Pandya,Royal Challengers Bangalore,0,0.6837606837606838,0.8,0.75,1.0
1359489,KV Sharma,Lucknow Super Giants,1,1.0,1.6,1.5,2.0
1359489,MA Wood,Royal Challengers Bangalore,1,2.2,2.25,1.0,2.0
1359489,Mohammed Siraj,Lucknow Super Giants,3,1.032258064516129,1.2,1.4,3.0
1359489,Ravi Bishnoi,Royal Challengers Bangalore,0,1.0461538461538462,1.4,1.0,2.0
1359489,Shahbaz Ahmed,Lucknow Super Giants,0,0.5,0.0,0.0,0.0
1359489,WD Parnell,Lucknow Super Giants,3,1.2121212121212122,1.6,3.0,1.0
1359490,A Nortje,Mumbai Indians,0,1.3478260869565217,1.0,1.125,0.0
1359490,AR Patel,Mumbai Indians,0,0.8851351351351351,0.6,0.7142857142857143,1.0
1359490,Arshad Khan,Delhi Capitals,0,0.6666666666666666,0.3333333333333333,0.3333333333333333,3.0
1359490,C Green,Delhi Capitals,0,0.6896551724137931,0.3333333333333333,1.0,1.0
1359490,HR Shokeen,Delhi Capitals,1,0.38461538461538464,0.2,0.5,2.0
1359490,JP Behrendorff,Delhi Capitals,4,1.2941176470588236,1.2,4.0,3.0
1359490,Kuldeep Yadav,Mumbai Indians,0,1.0975609756097562,0.6,0.7,2.0
1359490,Lalit Yadav,Mumbai Indians,1,0.5789473684210527,0.2,0.5,1.0
1359490,Mukesh Kumar,Mumbai Indians,2,1.55,1.0,3.0,2.0
1359490,Mustafizur Rahman,Mumbai Indians,1,1.2280701754385965,1.4,1.1428571428571428,0.0
1359490,PP Chawla,Delhi Capitals,3,1.0523560209424083,1.4,1.1666666666666667,1.0
1359490,RP Meredith,Delhi Capitals,2,1.1666666666666667,1.2,1.0,1.0
1359490,Tilak Varma,Delhi Capitals,0,0.0,0.0,0.0,0.0
1359491,A Zampa,Chennai Super Kings,1,1.5,1.0,2.0,2.0
1359491,Akash Singh,Rajasthan Royals,2,0.7142857142857143,1.0,1.0,1.0
1359491,JO Holder,Chennai Super Kings,0,1.2826086956521738,0.6,1.0,1.0
1359491,KR Sen,Chennai Super Kings,0,1.1666666666666667,0.4,0.0,0.0
1359491,M Theekshana,Rajasthan Royals,0,0.9259259259259259,0.8,0.3333333333333333,1.0
1359491,MM Ali,Rajasthan Royals,1,0.7692307692307693,1.6,0.7142857142857143,1.0
1359491,R Ashwin,Chennai Super Kings,2,0.9519230769230769,1.4,1.25,0.0
1359491,RA Jadeja,Rajasthan Royals,2,0.8009478672985783,1.4,1.0476190476190477,0.0
1359491,Sandeep Sharma,Chennai Super Kings,1,1.2142857142857142,0.8,0.75,3.0
1359491,TU Deshpande,Rajasthan Royals,3,1.2777777777777777,1.8,2.25,3.0
1359491,YS Chahal,Chennai Super Kings,2,1.3396226415094339,2.2,1.1176470588235294,1.0
1359492,AS Joseph,Punjab Kings,1,1.0,1.4,0.6666666666666666,0.0
1359492,Arshdeep Singh,Gujarat Titans,1,1.2923076923076924,1.4,0.6,1.0
1359492,Harpreet Brar,Gujarat Titans,1,0.6410256410256411,0.8,0.6666666666666666,1.0
1359492,J Little,Punjab Kings,3,1.1818181818181819,1.25,3.0,0.0
1359492,K Rabada,Gujarat Titans,1,1.575,1.4,1.8,2.0
1359492,MM Sharma,Punjab Kings,2,1.3243243243243243,1.0,2.0,0.0
1359492,MW Short,Gujarat Titans,0,0.0,0.0,0.0,0.0
1359492,Mohammed Shami,Punjab Kings,1,1.309090909090909,1.8,1.0,3.0
1359492,RD Chahar,Gujarat Titans,0,0.987012987012987,0.4,0.3333333333333333,0.0
1359492,Rashid Khan,Punjab Kings,1,1.2975206611570247,2.0,1.1428571428571428,2.0
1359492,SM Curran,Gujarat Titans,1,1.0689655172413792,0.6,0.6666666666666666,3.0
1359493,AD Russell,Sunrisers Hyderabad,3,1.1160714285714286,2.4,1.3888888888888888,0.0
1359493,B Kumar,Kolkata Knight Riders,1,1.1079545454545454,0.6,1.1,1.0
1359493,CV Varun,Sunrisers Hyderabad,1,1.2142857142857142,1.2,1.0,1.0
1359493,LH Ferguson,Sunrisers Hyderabad,0,1.2666666666666666,0.4,1.0,1.0
1359493,M Jansen,Kolkata Knight Riders,2,1.0476190476190477,1.0,1.1666666666666667,2.0
1359493,M Markande,Kolkata Knight Riders,2,1.0,1.4,1.4,0.0
1359493,SN Thakur,Sunrisers Hyderabad,0,1.0869565217391304,0.6,0.9333333333333333,1.0
1359493,SP Narine,Sunrisers Hyderabad,0,1.1428571428571428,1.2,0.64,0.0
1359493,Suyash Sharma,Sunrisers Hyderabad,0,0.8461538461538461,1.3333333333333333,0.0,2.0
1359493,T Natarajan,Kolkata Knight Riders,1,1.2459016393442623,0.8,1.6,2.0
1359493,UT Yadav,Sunrisers Hyderabad,0,1.1088435374149659,0.2,0.8421052631578947,0.0
1359493,Umran Malik,Kolkata Knight Riders,1,1.1923076923076923,1.2,1.5,1.0
1359493,Washington Sundar,Kolkata Knight Riders,0,0.6724137931034483,0.2,1.125,0.0
1359494,A Nortje,Royal Challengers Bangalore,0,1.3478260869565217,0.8,2.0,2.0
1359494,AR Patel,Royal Challengers Bangalore,1,0.8851351351351351,0.4,1.0555555555555556,2.0
1359494,HV Patel,Delhi Capitals,1,1.4660194174757282,1.0,1.5,1.0
1359494,Kuldeep Yadav,Royal Challengers Bangalore,2,1.0975609756097562,0.8,0.8571428571428571,2.0
1359494,Lalit Yadav,Royal Challengers Bangalore,1,0.5789473684210527,0.4,1.0,1.0
1359494,MR Marsh,Royal Challengers Bangalore,2,1.088235294117647,1.2,1.2,0.0
1359494,Mohammed Siraj,Delhi Capitals,3,1.032258064516129,1.6,1.4444444444444444,1.0
1359494,Mustafizur Rahman,Royal Challengers Bangalore,0,1.2280701754385965,1.0,0.875,4.0
1359494,PWH de Silva,Delhi Capitals,1,1.3846153846153846,1.2,1.0,1.0
1359494,Shahbaz Ahmed,Delhi Capitals,0,0.5,0.0,0.5,0.0
1359494,Vijaykumar Vyshak,Delhi Capitals,3,1.5454545454545454,3.0,3.0,1.0
1359494,WD Parnell,Delhi Capitals,1,1.2121212121212122,1.6,1.0,1.0
1359495,Arshdeep Singh,Lucknow Super Giants,1,1.2923076923076924,1.6,1.25,1.0
1359495,Avesh Khan,Punjab Kings,0,1.3064516129032258,0.8,0.8571428571428571,3.0
1359495,Harpreet Brar,Lucknow Super Giants,1,0.6410256410256411,0.4,0.5,2.0
1359495,K Gowtham,Punjab Kings,1,0.6285714285714286,0.6,1.0,1.0
1359495,K Rabada,Lucknow Super Giants,2,1.575,1.6,2.25,2.0
1359495,KH Pandya,Punjab Kings,1,0.6837606837606838,1.0,0.6666666666666666,2.0
1359495,MW Short,Lucknow Super Giants,0,0.0,0.0,0.0,0.0
1359495,RD Chahar,Lucknow Super Giants,0,0.987012987012987,0.4,0.75,0.0
1359495,Ravi Bishnoi,Punjab Kings,2,1.0461538461538462,1.6,1.25,1.0
1359495,SM Curran,Lucknow Super Giants,3,1.0689655172413792,1.2,2.3333333333333335,0.0
1359495,Sikandar Raza,Lucknow Super Giants,1,0.42857142857142855,0.6666666666666666,0.5,0.0
1359495,Yudhvir Singh,Punjab Kings,2,0.8,2.0,2.0,0.0
1359496,AD Russell,Mumbai Indians,0,1.1160714285714286,2.0,1.0555555555555556,0.0
1359496,Arjun Tendulkar,Kolkata Knight Riders,0,0.8,0.0,0.0,2.0
1359496,C Green,Kolkata Knight Riders,1,0.6896551724137931,0.5,1.0,1.0
1359496,CV Varun,Mumbai Indians,1,1.2142857142857142,1.4,1.125,2.0
1359496,HR Shokeen,Kolkata Knight Riders,2,0.38461538461538464,0.6,2.0,0.0
1359496,LH Ferguson,Mumbai Indians,1,1.2666666666666666,0.2,1.6,2.0
1359496,PP Chawla,Kolkata Knight Riders,1,1.0523560209424083,1.2,1.0,2.0
1359496,RP Meredith,Kolkata Knight Riders,1,1.1666666666666667,1.4,0.5,2.0
1359496,SN Thakur,Mumbai Indians,1,1.0869565217391304,0.4,0.9230769230769231,2.0
1359496,SP Narine,Mumbai Indians,0,1.1428571428571428,1.2,1.2173913043478262,0.0
1359496,Suyash Sharma,Mumbai Indians,2,0.8461538461538461,1.5,2.0,1.0
1359496,UT Yadav,Mumbai Indians,0,1.1088435374149659,0.2,1.0555555555555556,0.0
1359497,A Zampa,Gujarat Titans,2,1.5,1.0,1.0,3.0
1359497,AS Joseph,Rajasthan Royals,0,1.0,1.4,0.0,0.0
1359497,HH Pandya,Rajasthan Royals,1,0.7526881720430108,1.0,1.2,0.0
1359497,MM Sharma,Rajasthan Royals,0,1.3243243243243243,1.0,1.0,4.0
1359497,Mohammed Shami,Rajasthan Royals,3,1.309090909090909,2.0,1.5,0.0
1359497,Noor Ahmad,Rajasthan Royals,1,1.0434782608695652,1.0,1.0,2.0
1359497,R Ashwin,Gujarat Titans,0,0.9519230769230769,1.4,0.16666666666666666,2.0
1359497,Rashid Khan,Rajasthan Royals,2,1.2975206611570247,2.2,1.2142857142857142,1.0
1359497,Sandeep Sharma,Gujarat Titans,3,1.2142857142857142,1.2,1.3333333333333333,3.0
1359497,TA Boult,Gujarat Titans,1,1.2427184466019416,1.4,0.6,1.0
1359497,YS Chahal,Gujarat Titans,1,1.3396226415094339,2.2,1.0,0.0
1359498,Akash Singh,Royal Challengers Bangalore,1,0.7142857142857143,1.0,1.0,1.0
1359498,GJ Maxwell,Chennai Super Kings,1,0.5189873417721519,0.6,0.75,0.0
1359498,HV Patel,Chennai Super Kings,1,1.4660194174757282,1.2,1.7,1.0
1359498,M Pathirana,Royal Challengers Bangalore,2,1.9,1.3333333333333333,2.0,2.0
1359498,M Theekshana,Royal Challengers Bangalore,1,0.9259259259259259,1.0,2.6666666666666665,1.0
1359498,MM Ali,Royal Challengers Bangalore,1,0.7692307692307693,1.6,1.0,0.0
1359498,Mohammed Siraj,Chennai Super Kings,1,1.032258064516129,1.8,0.2727272727272727,4.0
1359498,PWH de Silva,Chennai Super Kings,1,1.3846153846153846,1.0,1.0,2.0
1359498,RA Jadeja,Royal Challengers Bangalore,0,0.8009478672985783,1.2,1.037037037037037,3.0
1359498,TU Deshpande,Royal Challengers Bangalore,3,1.2777777777777777,2.2,3.0,0.0
1359498,Vijaykumar Vyshak,Chennai Super Kings,1,1.5454545454545454,2.0,1.0,2.0
1359498,WD Parnell,Chennai Super Kings,1,1.2121212121212122,1.4,1.0,1.0
1359499,Arjun Tendulkar,Sunrisers Hyderabad,2,0.8,1.0,2.0,1.0
1359499,B Kumar,Mumbai Indians,1,1.1079545454545454,0.8,1.15,0.0
1359499,C Green,Sunrisers Hyderabad,1,0.6896551724137931,0.6,1.0,2.0
1359499,HR Shokeen,Sunrisers Hyderabad,0,0.38461538461538464,0.6,0.0,0.0
1359499,JP Behrendorff,Sunrisers Hyderabad,3,1.2941176470588236,1.8,1.3333333333333333,2.0
1359499,M Jansen,Mumbai Indians,2,1.0476190476190477,1.4,1.5,0.0
1359499,M Markande,Mumbai Indians,0,1.0,1.4,0.0,2.0
1359499,PP Chawla,Sunrisers Hyderabad,2,1.0523560209424083,1.4,0.9473684210526315,2.0
1359499,RP Meredith,Sunrisers Hyderabad,2,1.1666666666666667,1.2,1.5,1.0
1359499,T Natarajan,Mumbai Indians,2,1.2459016393442623,1.0,0.6,2.0
1359499,Washington Sundar,Mumbai Indians,0,0.6724137931034483,0.0,0.7,0.0
1359500,A Mishra,Rajasthan Royals,0,1.1296296296296295,1.0,1.619047619047619,1.0
1359500,Avesh Khan,Rajasthan Royals,3,1.3064516129032258,1.2,1.6666666666666667,0.0
1359500,JO Holder,Lucknow Super Giants,1,1.2826086956521738,0.8,1.0,0.0
1359500,MP Stoinis,Rajasthan Royals,2,0.7258064516129032,1.0,0.75,2.0
1359500,Naveen-ul-Haq,Rajasthan Royals,0,1.5294117647058822,0.0,1.0,1.0
1359500,R Ashwin,Lucknow Super Giants,2,0.9519230769230769,1.6,1.0,1.0
1359500,Ravi Bishnoi,Rajasthan Royals,1,1.0461538461538462,1.4,0.8571428571428571,0.0
1359500,Sandeep Sharma,Lucknow Super Giants,3,1.2142857142857142,1.6,1.75,4.0
1359500,TA Boult,Lucknow Super Giants,1,1.2427184466019416,1.4,1.6,2.0
1359500,YS Chahal,Lucknow Super Giants,0,1.3396226415094339,1.4,1.2,2.0
1359500,Yudhvir Singh,Rajasthan Royals,0,0.8,1.0,0.0,1.0
1359501,Arshdeep Singh,Royal Challengers Bangalore,1,1.2923076923076924,1.2,1.0,4.0
1359501,GJ Maxwell,Punjab Kings,0,0.5189873417721519,0.4,1.0,0.0
1359501,HV Patel,Punjab Kings,1,1.4660194174757282,1.2,1.6,3.0
1359501,Harpreet Brar,Royal Challengers Bangalore,2,0.6410256410256411,0.8,1.2,0.0
1359501,LS Livingstone,Royal Challengers Bangalore,0,0.5,0.8,0.0,1.0
1359501,Mohammed Siraj,Punjab Kings,4,1.032258064516129,2.4,1.5714285714285714,1.0
1359501,NT Ellis,Royal Challengers Bangalore,1,1.1875,2.0,1.0,1.0
1359501,PWH de Silva,Punjab Kings,2,1.3846153846153846,1.2,1.6666666666666667,0.0
1359501,RD Chahar,Royal Challengers Bangalore,0,0.987012987012987,0.2,0.75,0.0
1359501,SM Curran,Royal Challengers Bangalore,0,1.0689655172413792,1.0,1.0,0.0
1359501,Vijaykumar Vyshak,Punjab Kings,2,1.5454545454545454,2.0,2.0,0.0
1359501,WD Parnell,Punjab Kings,1,1.2121212121212122,1.6,1.0,3.0
1359502,A Nortje,Kolkata Knight Riders,2,1.3478260869565217,0.8,2.1666666666666665,2.0
1359502,AD Russell,Delhi Capitals,0,1.1160714285714286,1.2,0.875,0.0
1359502,AR Patel,Kolkata Knight Riders,2,0.8851351351351351,0.8,0.7619047619047619,2.0
1359502,AS Roy,Delhi Capitals,2,0.6666666666666666,1.0,2.0,1.0
1359502,CV Varun,Delhi Capitals,2,1.2142857142857142,1.6,1.8888888888888888,1.0
1359502,I Sharma,Kolkata Knight Riders,2,0.8727272727272727,0.6,0.75,1.0
1359502,K Khejroliya,Delhi Capitals,0,0.7142857142857143,0.6,0.0,2.0
1359502,Kuldeep Yadav,Kolkata Knight Riders,2,1.0975609756097562,1.0,2.5,1.0
1359502,MR Marsh,Kolkata Knight Riders,0,1.088235294117647,1.0,1.0,0.0
1359502,Mukesh Kumar,Kolkata Knight Riders,2,1.55,1.2,2.0,0.0
1359502,N Rana,Delhi Capitals,2,0.4166666666666667,0.4,0.75,0.0
1359502,SP Narine,Delhi Capitals,0,1.1428571428571428,1.0,0.8,0.0
1359502,UT Yadav,Delhi Capitals,0,1.1088435374149659,0.0,1.25,0.0
1359503,AK Markram,Chennai Super Kings,0,0.14285714285714285,0.0,0.3333333333333333,0.0
1359503,Akash Singh,Sunrisers Hyderabad,1,0.7142857142857143,1.0,1.0,1.0
1359503,B Kumar,Chennai Super Kings,0,1.1079545454545454,0.8,0.7,4.0
1359503,M Jansen,Chennai Super Kings,0,1.0476190476190477,1.4,0.3333333333333333,0.0
1359503,M Markande,Chennai Super Kings,2,1.0,1.8,1.0,0.0
1359503,M Pathirana,Sunrisers Hyderabad,2,1.9,1.5,2.0,1.0
1359503,M Theekshana,Sunrisers Hyderabad,1,0.9259259259259259,0.6,0.5,2.0
1359503,MM Ali,Sunrisers Hyderabad,0,0.7692307692307693,1.4,0.3333333333333333,1.0
1359503,Mayank Dagar,Chennai Super Kings,0,0.25,0.0,0.0,0.0
1359503,RA Jadeja,Sunrisers Hyderabad,3,0.8009478672985783,1.6,0.43478260869565216,1.0
1359503,TU Deshpande,Sunrisers Hyderabad,0,1.2777777777777777,2.0,1.0,2.0
1359503,Umran Malik,Chennai Super Kings,1,1.1923076923076923,1.2,0.3333333333333333,0.0
1359503,Washington Sundar,Chennai Super Kings,0,0.6724137931034483,0.0,0.6666666666666666,3.0
1359504,A Mishra,Gujarat Titans,1,1.1296296296296295,1.0,1.0,0.0
1359504,Avesh Khan,Gujarat Titans,0,1.3064516129032258,0.8,1.2,0.0
1359504,HH Pandya,Lucknow Super Giants,0,0.7526881720430108,0.8,0.5,1.0
1359504,KH Pandya,Gujarat Titans,2,0.6837606837606838,1.2,1.2,0.0
1359504,MM Sharma,Lucknow Super Giants,4,1.3243243243243243,1.6,2.6666666666666665,3.0
1359504,MP Stoinis,Gujarat Titans,2,0.7258064516129032,1.4,1.0,1.0
1359504,Mohammed Shami,Lucknow Super Giants,0,1.309090909090909,1.6,1.25,0.0
1359504,Naveen-ul-Haq,Gujarat Titans,1,1.5294117647058822,0.5,1.0,3.0
1359504,Noor Ahmad,Lucknow Super Giants,2,1.0434782608695652,1.5,1.0,3.0
1359504,R Tewatia,Lucknow Super Giants,0,0.6923076923076923,0.2,0.0,0.0
1359504,Rashid Khan,Lucknow Super Giants,1,1.2975206611570247,2.0,1.8,2.0
1359504,Ravi Bishnoi,Gujarat Titans,0,1.0461538461538462,0.8,0.25,2.0
1359505,Arjun Tendulkar,Punjab Kings,1,0.8,1.0,1.0,1.0
1359505,Arshdeep Singh,Mumbai Indians,4,1.2923076923076924,1.6,1.2857142857142858,1.0
1359505,C Green,Punjab Kings,2,0.6896551724137931,0.8,0.5,0.0
1359505,HR Shokeen,Punjab Kings,0,0.38461538461538464,0.6,0.0,0.0
1359505,Harpreet Brar,Mumbai Indians,0,0.6410256410256411,0.8,0.0,0.0
1359505,JC Archer,Punjab Kings,1,1.225,1.6,0.5,1.0
1359505,JP Behrendorff,Punjab Kings,2,1.2941176470588236,2.0,2.0,1.0
1359505,LS Livingstone,Mumbai Indians,1,0.5,0.8,0.25,1.0
1359505,NT Ellis,Mumbai Indians,1,1.1875,1.4,1.3333333333333333,2.0
1359505,PP Chawla,Punjab Kings,2,1.0523560209424083,1.8,2.0,2.0
1359505,RD Chahar,Mumbai Indians,0,0.987012987012987,0.2,0.0,0.0
1359505,SM Curran,Mumbai Indians,0,1.0689655172413792,0.8,1.3333333333333333,1.0
1359506,DJ Willey,Rajasthan Royals,2,0.6363636363636364,1.0,1.3333333333333333,0.0
1359506,GJ Maxwell,Rajasthan Royals,0,0.5189873417721519,0.2,0.25,1.0
1359506,HV Patel,Rajasthan Royals,3,1.4660194174757282,1.6,1.8333333333333333,0.0
1359506,JO Holder,Royal Challengers Bangalore,0,1.2826086956521738,0.6,1.7142857142857142,0.0
1359506,Mohammed Siraj,Rajasthan Royals,1,1.032258064516129,2.4,1.0909090909090908,1.0
1359506,PWH de Silva,Rajasthan Royals,0,1.3846153846153846,1.0,1.0,2.0
1359506,R Ashwin,Royal Challengers Bangalore,1,0.9519230769230769,1.4,0.8461538461538461,2.0
1359506,Sandeep Sharma,Royal Challengers Bangalore,4,1.2142857142857142,2.4,1.6666666666666667,0.0
1359506,TA Boult,Royal Challengers Bangalore,2,1.2427184466019416,1.4,1.4545454545454546,1.0
1359506,Vijaykumar Vyshak,Rajasthan Royals,0,1.5454545454545454,1.5,0.0,2.0
1359506,YS Chahal,Royal Challengers Bangalore,2,1.3396226415094339,1.6,1.2,0.0
1359507,AD Russell,Chennai Super Kings,0,1.1160714285714286,0.6,0.6923076923076923,2.0
1359507,Akash Singh,Kolkata Knight Riders,1,0.7142857142857143,1.0,1.0,0.0
1359507,CV Varun,Chennai Super Kings,1,1.2142857142857142,1.0,1.1111111111111112,3.0
1359507,M Pathirana,Kolkata Knight Riders,1,1.9,1.4,1.0,1.0
1359507,M Theekshana,Kolkata Knight Riders,2,0.9259259259259259,0.8,1.0,1.0
1359507,MM Ali,Kolkata Knight Riders,1,0.7692307692307693,1.4,0.6666666666666666,0.0
1359507,RA Jadeja,Kolkata Knight Riders,1,0.8009478672985783,1.8,0.8148148148148148,1.0
1359507,SP Narine,Chennai Super Kings,0,1.1428571428571428,0.6,1.25,0.0
1359507,Suyash Sharma,Chennai Super Kings,1,0.8461538461538461,1.4,0.5,3.0
1359507,TU Deshpande,Kolkata Knight Riders,2,1.2777777777777777,2.0,1.0,2.0
1359507,UT Yadav,Chennai Super Kings,0,1.1088435374149659,0.0,1.0555555555555556,0.0
1359508,A Nortje,Sunrisers Hyderabad,2,1.3478260869565217,0.8,0.75,0.0
1359508,AK Markram,Delhi Capitals,0,0.14285714285714285,0.0,0.0,1.0
1359508,AR Patel,Sunrisers Hyderabad,2,0.8851351351351351,1.0,0.8947368421052632,1.0
1359508,B Kumar,Delhi Capitals,4,1.1079545454545454,1.4,1.6666666666666667,1.0
1359508,I Sharma,Sunrisers Hyderabad,1,0.8727272727272727,0.8,0.625,1.0
1359508,Kuldeep Yadav,Sunrisers Hyderabad,1,1.0975609756097562,1.2,1.2857142857142858,0.0
1359508,M Jansen,Delhi Capitals,0,1.0476190476190477,1.2,0.0,2.0
1359508,M Markande,Delhi Capitals,0,1.0,1.6,1.25,2.0
1359508,MR Marsh,Sunrisers Hyderabad,0,1.088235294117647,0.6,1.6,4.0
1359508,Mukesh Kumar,Sunrisers Hyderabad,0,1.55,1.2,0.6666666666666666,0.0
1359508,T Natarajan,Delhi Capitals,2,1.2459016393442623,1.0,1.6666666666666667,1.0
1359508,Umran Malik,Delhi Capitals,0,1.1923076923076923,1.0,0.0,0.0
1359508,Washington Sundar,Delhi Capitals,3,0.6724137931034483,0.6,1.0,0.0
1359509,Arjun Tendulkar,Gujarat Titans,1,0.8,1.0,1.0,0.0
1359509,C Green,Gujarat Titans,0,0.6896551724137931,0.8,0.2,0.0
1359509,HH Pandya,Mumbai Indians,1,0.7526881720430108,0.4,0.5,0.0
1359509,J Little,Mumbai Indians,0,1.1818181818181819,1.0,0.5,2.0
1359509,JP Behrendorff,Gujarat Titans,1,1.2941176470588236,2.2,0.6666666666666666,3.0
1359509,K Kartikeya,Gujarat Titans,1,0.8333333333333334,1.2,0.75,0.0
1359509,MM Sharma,Mumbai Indians,3,1.3243243243243243,2.0,1.75,0.0
1359509,Mohammed Shami,Mumbai Indians,0,1.309090909090909,1.0,1.2857142857142858,3.0
1359509,Noor Ahmad,Mumbai Indians,3,1.0434782608695652,2.0,1.0,2.0
1359509,PP Chawla,Gujarat Titans,2,1.0523560209424083,2.0,1.5,2.0
1359509,RP Meredith,Gujarat Titans,1,1.1666666666666667,1.2,1.0,1.0
1359509,Rashid Khan,Mumbai Indians,2,1.2975206611570247,1.8,1.4,0.0
1359510,AD Russell,Royal Challengers Bangalore,2,1.1160714285714286,1.0,0.8571428571428571,1.0
1359510,CV Varun,Royal Challengers Bangalore,3,1.2142857142857142,1.6,1.75,0.0
1359510,HV Patel,Kolkata Knight Riders,0,1.4660194174757282,1.2,1.3076923076923077,2.0
1359510,Mohammed Siraj,Kolkata Knight Riders,1,1.032258064516129,2.0,1.0714285714285714,1.0
1359510,N Rana,Royal Challengers Bangalore,0,0.4166666666666667,0.4,1.0,0.0
1359510,PWH de Silva,Kolkata Knight Riders,2,1.3846153846153846,1.2,2.0,1.0
1359510,SP Narine,Royal Challengers Bangalore,0,1.1428571428571428,0.0,1.2777777777777777,1.0
1359510,Shahbaz Ahmed,Kolkata Knight Riders,0,0.5,0.0,0.2,1.0
1359510,Suyash Sharma,Royal Challengers Bangalore,3,0.8461538461538461,1.4,3.0,0.0
1359510,UT Yadav,Royal Challengers Bangalore,0,1.1088435374149659,0.0,1.0666666666666667,2.0
1359510,VG Arora,Royal Challengers Bangalore,0,1.0,0.4,0.0,2.0
1359510,Vijaykumar Vyshak,Kolkata Knight Riders,2,1.5454545454545454,1.6,1.5,2.0
1359511,A Zampa,Chennai Super Kings,3,1.5,1.6,2.0,0.0
1359511,Akash Singh,Rajasthan Royals,0,0.7142857142857143,1.0,1.0,0.0
1359511,JO Holder,Chennai Super Kings,0,1.2826086956521738,0.2,1.0,0.0
1359511,K Yadav,Chennai Super Kings,1,0.6666666666666666,0.5,1.0,1.0
1359511,M Pathirana,Rajasthan Royals,1,1.9,1.2,0.5,1.0
1359511,M Theekshana,Rajasthan Royals,1,0.9259259259259259,1.0,0.3333333333333333,0.0
1359511,MM Ali,Rajasthan Royals,0,0.7692307692307693,0.6,0.7142857142857143,0.0
1359511,R Ashwin,Chennai Super Kings,2,0.9519230769230769,1.4,1.25,2.0
1359511,RA Jadeja,Rajasthan Royals,1,0.8009478672985783,1.4,1.0476190476190477,2.0
1359511,Sandeep Sharma,Chennai Super Kings,0,1.2142857142857142,2.2,0.75,1.0
1359511,TU Deshpande,Rajasthan Royals,2,1.2777777777777777,2.0,2.25,3.0
1359511,YS Chahal,Chennai Super Kings,0,1.3396226415094339,1.0,1.1176470588235294,0.0
1359512,A Badoni,Punjab Kings,0,0.4,0.6666666666666666,0.0,0.0
1359512,A Mishra,Punjab Kings,0,1.1296296296296295,0.8,0.0,2.0
1359512,Arshdeep Singh,Lucknow Super Giants,1,1.2923076923076924,1.6,1.25,1.0
1359512,Avesh Khan,Punjab Kings,0,1.3064516129032258,0.6,0.8571428571428571,1.0
1359512,K Rabada,Lucknow Super Giants,2,1.575,1.4,2.25,0.0
1359512,KH Pandya,Punjab Kings,0,0.6837606837606838,1.2,0.6666666666666666,0.0
1359512,KR Mayers,Punjab Kings,0,0.0,0.0,0.0,0.0
1359512,LS Livingstone,Lucknow Super Giants,1,0.5,1.0,0.5,0.0
1359512,MP Stoinis,Punjab Kings,1,0.7258064516129032,1.6,0.5,0.0
1359512,Naveen-ul-Haq,Punjab Kings,3,1.5294117647058822,1.3333333333333333,1.5,3.0
1359512,RD Chahar,Lucknow Super Giants,0,0.987012987012987,0.0,0.75,1.0
1359512,Ravi Bishnoi,Punjab Kings,2,1.0461538461538462,1.0,1.25,2.0
1359512,SM Curran,Lucknow Super Giants,1,1.0689655172413792,1.0,2.3333333333333335,1.0
1359512,Sikandar Raza,Lucknow Super Giants,0,0.42857142857142855,0.5,0.5,1.0
1359512,Yash Thakur,Punjab Kings,4,1.4210526315789473,1.6666666666666667,4.0,1.0
1359513,AD Russell,Gujarat Titans,1,1.1160714285714286,0.6,2.5,1.0
1359513,CV Varun,Gujarat Titans,0,1.2142857142857142,1.4,0.0,1.0
1359513,HH Pandya,Kolkata Knight Riders,0,0.7526881720430108,0.4,1.25,1.0
1359513,Harshit Rana,Gujarat Titans,1,1.4210526315789473,0.6666666666666666,1.0,1.0
1359513,J Little,Kolkata Knight Riders,2,1.1818181818181819,1.2,1.5,0.0
1359513,MM Sharma,Kolkata Knight Riders,0,1.3243243243243243,1.8,0.9166666666666666,2.0
1359513,Mohammed Shami,Kolkata Knight Riders,3,1.309090909090909,1.4,1.2857142857142858,4.0
1359513,N Rana,Gujarat Titans,0,0.4166666666666667,0.4,0.0,1.0
1359513,Noor Ahmad,Kolkata Knight Riders,2,1.0434782608695652,2.0,2.0,0.0
1359513,Rashid Khan,Kolkata Knight Riders,0,1.2975206611570247,1.2,1.1333333333333333,1.0
1359513,SP Narine,Gujarat Titans,1,1.1428571428571428,0.2,1.3333333333333333,0.0
1359513,Suyash Sharma,Gujarat Titans,0,0.8461538461538461,1.2,0.5,1.0
1359514,A Nortje,Sunrisers Hyderabad,0,1.3478260869565217,0.8,0.75,1.0
1359514,AR Patel,Sunrisers Hyderabad,1,0.8851351351351351,1.2,0.8947368421052632,0.0
1359514,Abhishek Sharma,Delhi Capitals,1,0.4230769230769231,0.2,0.5,0.0
1359514,B Kumar,Delhi Capitals,1,1.1079545454545454,1.4,1.6666666666666667,1.0
1359514,I Sharma,Sunrisers Hyderabad,1,0.8727272727272727,0.8,0.625,2.0
1359514,Kuldeep Yadav,Sunrisers Hyderabad,0,1.0975609756097562,1.0,1.2857142857142858,1.0
1359514,M Markande,Delhi Capitals,2,1.0,1.2,1.25,1.0
1359514,MR Marsh,Sunrisers Hyderabad,4,1.088235294117647,1.4,1.6,2.0
1359514,Mukesh Kumar,Sunrisers Hyderabad,0,1.55,1.2,0.6666666666666666,1.0
1359514,T Natarajan,Delhi Capitals,1,1.2459016393442623,1.2,1.6666666666666667,3.0
1359514,Umran Malik,Delhi Capitals,0,1.1923076923076923,0.8,0.0,0.0
1359515,Arshdeep Singh,Chennai Super Kings,1,1.2923076923076924,1.6,1.4285714285714286,1.0
1359515,K Rabada,Chennai Super Kings,0,1.575,1.2,1.0,0.0
1359515,LS Livingstone,Chennai Super Kings,0,0.5,0.4,0.6666666666666666,0.0
1359515,M Pathirana,Punjab Kings,1,1.9,1.4,1.0,2.0
1359515,M Theekshana,Punjab Kings,0,0.9259259259259259,1.0,0.5,2.0
1359515,MM Ali,Punjab Kings,0,0.7692307692307693,0.4,0.25,2.0
1359515,RA Jadeja,Punjab Kings,2,0.8009478672985783,1.4,0.8571428571428571,1.0
1359515,RD Chahar,Chennai Super Kings,1,0.987012987012987,0.2,1.1538461538461537,0.0
1359515,SM Curran,Chennai Super Kings,1,1.0689655172413792,1.0,1.0,0.0
1359515,Sikandar Raza,Chennai Super Kings,1,0.42857142857142855,0.6,1.0,0.0
1359515,TU Deshpande,Punjab Kings,3,1.2777777777777777,2.0,2.5,0.0
1359516,Arshad Khan,Rajasthan Royals,3,0.6666666666666666,1.0,3.0,1.0
1359516,C Green,Rajasthan Royals,0,0.6896551724137931,0.8,0.6666666666666666,0.0
1359516,JC Archer,Rajasthan Royals,1,1.225,1.4,1.0,0.0
1359516,K Kartikeya,Rajasthan Royals,0,0.8333333333333334,1.2,0.5,0.0
1359516,KR Sen,Mumbai Indians,0,1.1666666666666667,0.2,0.5,3.0
1359516,PP Chawla,Rajasthan Royals,2,1.0523560209424083,1.8,1.0909090909090908,2.0
1359516,R Ashwin,Mumbai Indians,2,0.9519230769230769,1.4,0.7941176470588235,0.0
1359516,Sandeep Sharma,Mumbai Indians,1,1.2142857142857142,2.2,1.5,0.0
1359516,TA Boult,Mumbai Indians,1,1.2427184466019416,1.6,1.2727272727272727,0.0
1359516,YS Chahal,Mumbai Indians,0,1.3396226415094339,0.6,1.5,1.0
1359517,A Mishra,Royal Challengers Bangalore,2,1.1296296296296295,0.8,1.0555555555555556,1.0
1359517,GJ Maxwell,Lucknow Super Giants,1,0.5189873417721519,0.4,1.3333333333333333,0.0
1359517,HV Patel,Lucknow Super Giants,2,1.4660194174757282,1.4,1.6,1.0
1359517,JR Hazlewood,Lucknow Super Giants,2,1.3333333333333333,1.8,3.0,1.0
1359517,K Gowtham,Royal Challengers Bangalore,1,0.6285714285714286,0.6,0.75,1.0
1359517,KH Pandya,Royal Challengers Bangalore,0,0.6837606837606838,0.6,0.75,0.0
1359517,KV Sharma,Lucknow Super Giants,2,1.0,1.6,1.5,1.0
1359517,MK Lomror,Lucknow Super Giants,1,0.18181818181818182,0.2,1.0,0.0
1359517,MP Stoinis,Royal Challengers Bangalore,0,0.7258064516129032,1.6,0.0,0.0
1359517,Mohammed Siraj,Lucknow Super Giants,1,1.032258064516129,1.6,1.4,0.0
1359517,Naveen-ul-Haq,Royal Challengers Bangalore,3,1.5294117647058822,1.75,3.0,0.0
1359517,PWH de Silva,Lucknow Super Giants,1,1.3846153846153846,1.2,0.6666666666666666,0.0
1359517,Ravi Bishnoi,Royal Challengers Bangalore,2,1.0461538461538462,1.4,1.0,0.0
1359517,Yash Thakur,Royal Challengers Bangalore,1,1.4210526315789473,1.5,1.0,0.0
1359518,A Nortje,Gujarat Titans,1,1.3478260869565217,1.0,1.3333333333333333,3.0
1359518,AR Patel,Gujarat Titans,0,0.8851351351351351,1.2,0.5,0.0
1359518,HH Pandya,Delhi Capitals,1,0.7526881720430108,0.6,0.6666666666666666,1.0
1359518,I Sharma,Gujarat Titans,2,0.8727272727272727,1.2,2.5,0.0
1359518,J Little,Delhi Capitals,0,1.1818181818181819,1.2,0.0,1.0
1359518,KK Ahmed,Gujarat Titans,2,1.368421052631579,1.0,1.2,1.0
1359518,Kuldeep Yadav,Gujarat Titans,1,1.0975609756097562,1.2,0.8,0.0
1359518,MM Sharma,Delhi Capitals,2,1.3243243243243243,1.8,1.0,1.0
1359518,Mohammed Shami,Delhi Capitals,4,1.309090909090909,2.0,2.2222222222222223,1.0
1359518,Noor Ahmad,Delhi Capitals,0,1.0434782608695652,1.6,0.3333333333333333,2.0
1359518,Rashid Khan,Delhi Capitals,1,1.2975206611570247,1.2,1.4615384615384615,4.0
1359519,DL Chahar,Lucknow Super Giants,0,0.9753086419753086,0.2,0.25,2.0
1359519,M Pathirana,Lucknow Super Giants,2,1.9,1.4,1.6666666666666667,3.0
1359519,M Theekshana,Lucknow Super Giants,2,0.9259259259259259,1.2,2.0,0.0
1359519,MM Ali,Lucknow Super Giants,2,0.7692307692307693,0.6,1.2,0.0
1359519,RA Jadeja,Lucknow Super Giants,1,0.8009478672985783,1.6,0.2,1.0
1359519,TU Deshpande,Lucknow Super Giants,0,1.2777777777777777,1.4,0.6,2.0
1359520,Akash Madhwal,Punjab Kings,0,1.6923076923076923,0.0,1.0,1.0
1359520,Arshad Khan,Punjab Kings,1,0.6666666666666666,1.0,1.0,0.0
1359520,Arshdeep Singh,Mumbai Indians,1,1.2923076923076924,1.6,1.2857142857142858,1.0
1359520,C Green,Punjab Kings,0,0.6896551724137931,0.6,0.5,0.0
1359520,Harpreet Brar,Mumbai Indians,0,0.6410256410256411,0.8,0.0,1.0
1359520,JC Archer,Punjab Kings,0,1.225,1.0,0.5,0.0
1359520,K Kartikeya,Punjab Kings,0,0.8333333333333334,0.8,0.0,1.0
1359520,NT Ellis,Mumbai Indians,2,1.1875,1.6,1.3333333333333333,1.0
1359520,PP Chawla,Punjab Kings,2,1.0523560209424083,2.0,2.0,2.0
1359520,R Dhawan,Mumbai Indians,1,0.75,0.8,1.0,0.0
1359520,RD Chahar,Mumbai Indians,0,0.987012987012987,0.2,0.0,2.0
1359520,SM Curran,Mumbai Indians,0,1.0689655172413792,0.4,1.3333333333333333,0.0
1359521,AD Russell,Sunrisers Hyderabad,1,1.1160714285714286,0.8,1.3888888888888888,0.0
1359521,AK Markram,Kolkata Knight Riders,1,0.14285714285714285,0.2,0.5,0.0
1359521,AS Roy,Sunrisers Hyderabad,1,0.6666666666666666,1.0,1.0,0.0
1359521,B Kumar,Kolkata Knight Riders,1,1.1079545454545454,1.4,1.1,1.0
1359521,CV Varun,Sunrisers Hyderabad,1,1.2142857142857142,1.4,1.0,3.0
1359521,Harshit Rana,Sunrisers Hyderabad,1,1.4210526315789473,0.75,1.75,2.0
1359521,Kartik Tyagi,Kolkata Knight Riders,1,0.8,0.8,1.5,0.0
1359521,M Jansen,Kolkata Knight Riders,2,1.0476190476190477,1.2,1.1666666666666667,1.0
1359521,M Markande,Kolkata Knight Riders,1,1.0,1.0,1.4,0.0
1359521,SN Thakur,Sunrisers Hyderabad,2,1.0869565217391304,0.8,0.9333333333333333,0.0
1359521,SP Narine,Sunrisers Hyderabad,0,1.1428571428571428,0.2,0.64,0.0
1359521,T Natarajan,Kolkata Knight Riders,3,1.2459016393442623,1.8,1.6,0.0
1359521,VG Arora,Sunrisers Hyderabad,2,1.0,0.8,1.0,0.0
1359522,A Zampa,Gujarat Titans,0,1.5,1.4,1.0,2.0
1359522,HH Pandya,Rajasthan Royals,1,0.7526881720430108,0.6,1.2,0.0
1359522,J Little,Rajasthan Royals,1,1.1818181818181819,1.2,1.0,1.0
1359522,MM Sharma,Rajasthan Royals,1,1.3243243243243243,2.0,1.0,4.0
1359522,Mohammed Shami,Rajasthan Royals,1,1.309090909090909,1.6,1.5,1.0
1359522,Noor Ahmad,Rajasthan Royals,2,1.0434782608695652,1.8,1.0,1.0
1359522,R Ashwin,Gujarat Titans,0,0.9519230769230769,1.4,0.16666666666666666,1.0
1359522,Rashid Khan,Rajasthan Royals,4,1.2975206611570247,1.6,1.2142857142857142,1.0
1359522,Sandeep Sharma,Gujarat Titans,0,1.2142857142857142,1.6,1.3333333333333333,0.0
1359522,TA Boult,Gujarat Titans,0,1.2427184466019416,1.0,0.6,2.0
1359522,YS Chahal,Gujarat Titans,1,1.3396226415094339,0.6,1.0,4.0
1359523,Akash Madhwal,Chennai Super Kings,1,1.6923076923076923,0.5,0.5,0.0
1359523,Arshad Khan,Chennai Super Kings,0,0.6666666666666666,0.8,0.0,0.0
1359523,C Green,Chennai Super Kings,0,0.6896551724137931,0.4,0.75,1.0
1359523,DL Chahar,Mumbai Indians,2,0.9753086419753086,0.4,1.0,2.0
1359523,M Pathirana,Mumbai Indians,3,1.9,1.6,3.5,3.0
1359523,M Theekshana,Mumbai Indians,0,0.9259259259259259,1.0,0.3333333333333333,0.0
1359523,MM Ali,Mumbai Indians,0,0.7692307692307693,0.6,0.8333333333333334,0.0
1359523,PP Chawla,Chennai Super Kings,2,1.0523560209424083,2.0,1.0,0.0
1359523,RA Jadeja,Mumbai Indians,1,0.8009478672985783,1.2,0.6451612903225806,1.0
1359523,T Stubbs,Chennai Super Kings,1,1.3333333333333333,1.0,1.0,2.0
1359523,TU Deshpande,Mumbai Indians,2,1.2777777777777777,1.8,1.6666666666666667,2.0
1359524,AR Patel,Royal Challengers Bangalore,0,0.8851351351351351,1.0,1.0555555555555556,2.0
1359524,GJ Maxwell,Delhi Capitals,0,0.5189873417721519,0.4,0.25,1.0
1359524,HV Patel,Delhi Capitals,1,1.4660194174757282,1.4,1.5,0.0
1359524,I Sharma,Royal Challengers Bangalore,0,0.8727272727272727,1.2,0.7333333333333333,0.0
1359524,JR Hazlewood,Delhi Capitals,1,1.3333333333333333,2.0,1.4,0.0
1359524,KK Ahmed,Royal Challengers Bangalore,1,1.368421052631579,1.2,1.6666666666666667,1.0
1359524,KV Sharma,Delhi Capitals,1,1.0,1.6,0.3333333333333333,3.0
1359524,Kuldeep Yadav,Royal Challengers Bangalore,0,1.0975609756097562,0.8,0.8571428571428571,1.0
1359524,MK Lomror,Delhi Capitals,0,0.18181818181818182,0.2,0.0,0.0
1359524,MR Marsh,Royal Challengers Bangalore,2,1.088235294117647,1.6,1.2,3.0
1359524,Mohammed Siraj,Delhi Capitals,0,1.032258064516129,1.4,1.4444444444444444,0.0
1359524,Mukesh Kumar,Royal Challengers Bangalore,1,1.55,1.0,1.0,1.0
1359524,PWH de Silva,Delhi Capitals,0,1.3846153846153846,1.0,1.0,2.0
1359525,AS Joseph,Lucknow Super Giants,0,1.0,1.0,0.0,0.0
1359525,Avesh Khan,Gujarat Titans,1,1.3064516129032258,0.8,1.2,1.0
1359525,HH Pandya,Lucknow Super Giants,0,0.7526881720430108,0.6,0.5,0.0
1359525,KH Pandya,Gujarat Titans,0,0.6837606837606838,0.6,1.2,2.0
1359525,KR Mayers,Gujarat Titans,0,0.0,0.0,0.0,0.0
1359525,MM Sharma,Lucknow Super Giants,4,1.3243243243243243,2.0,2.6666666666666665,1.0
1359525,MP Stoinis,Gujarat Titans,0,0.7258064516129032,1.0,1.0,1.0
1359525,Mohammed Shami,Lucknow Super Giants,1,1.309090909090909,1.8,1.25,0.0
1359525,Mohsin Khan,Gujarat Titans,1,1.173913043478261,1.2,0.6666666666666666,1.0
1359525,Noor Ahmad,Lucknow Super Giants,1,1.0434782608695652,1.6,1.0,0.0
1359525,Rashid Khan,Lucknow Super Giants,1,1.2975206611570247,1.6,1.8,4.0
1359525,Ravi Bishnoi,Gujarat Titans,0,1.0461538461538462,1.0,0.25,0.0
1359525,Swapnil Singh,Gujarat Titans,0,0.5,0.2,0.3333333333333333,0.0
1359525,Yash Thakur,Gujarat Titans,0,1.4210526315789473,1.2,2.5,1.0
1359526,Abhishek Sharma,Rajasthan Royals,0,0.4230769230769231,0.2,0.4,1.0
1359526,B Kumar,Rajasthan Royals,1,1.1079545454545454,1.4,1.0555555555555556,0.0
1359526,M Jansen,Rajasthan Royals,1,1.0476190476190477,1.0,0.5,1.0
1359526,M Markande,Rajasthan Royals,0,1.0,1.0,0.0,1.0
1359526,R Ashwin,Sunrisers Hyderabad,1,0.9519230769230769,1.2,0.65,0.0
1359526,Sandeep Sharma,Sunrisers Hyderabad,0,1.2142857142857142,1.0,1.2727272727272727,1.0
1359526,T Natarajan,Rajasthan Royals,0,1.2459016393442623,1.6,1.1428571428571428,0.0
1359526,Vivrant Sharma,Rajasthan Royals,0,0.0,0.0,0.0,0.0
1359526,YS Chahal,Sunrisers Hyderabad,4,1.3396226415094339,1.4,1.3333333333333333,4.0
1359527,AD Russell,Punjab Kings,0,1.1160714285714286,0.8,0.5,0.0
1359527,Arshdeep Singh,Kolkata Knight Riders,1,1.2923076923076924,1.6,1.3333333333333333,0.0
1359527,CV Varun,Punjab Kings,3,1.2142857142857142,1.6,1.1666666666666667,0.0
1359527,Harpreet Brar,Kolkata Knight Riders,1,0.6410256410256411,0.8,0.25,4.0
1359527,Harshit Rana,Punjab Kings,2,1.4210526315789473,1.0,1.0,1.0
1359527,LS Livingstone,Kolkata Knight Riders,0,0.5,0.4,0.0,1.0
1359527,N Rana,Punjab Kings,1,0.4166666666666667,0.6,0.5,0.0
1359527,NT Ellis,Kolkata Knight Riders,1,1.1875,1.0,0.6666666666666666,2.0
1359527,R Dhawan,Kolkata Knight Riders,0,0.75,0.6,0.4,0.0
1359527,RD Chahar,Kolkata Knight Riders,2,0.987012987012987,0.6,1.5,2.0
1359527,SM Curran,Kolkata Knight Riders,0,1.0689655172413792,0.4,0.75,0.0
1359527,SP Narine,Punjab Kings,0,1.1428571428571428,0.2,1.0,0.0
1359527,Suyash Sharma,Punjab Kings,1,0.8461538461538461,1.4,1.0,0.0
1359527,VG Arora,Punjab Kings,0,1.0,0.4,0.0,1.0
1359528,Akash Madhwal,Royal Challengers Bangalore,0,1.6923076923076923,0.3333333333333333,0.0,3.0
1359528,C Green,Royal Challengers Bangalore,1,0.6896551724137931,0.2,1.0,0.0
1359528,CJ Jordan,Royal Challengers Bangalore,1,1.0588235294117647,0.8,0.75,0.0
1359528,HV Patel,Mumbai Indians,0,1.4660194174757282,1.2,1.8571428571428572,1.0
1359528,JP Behrendorff,Royal Challengers Bangalore,3,1.2941176470588236,2.6,1.3333333333333333,1.0
1359528,K Kartikeya,Royal Challengers Bangalore,1,0.8333333333333334,0.6,1.0,2.0
1359528,Mohammed Siraj,Mumbai Indians,0,1.032258064516129,0.6,0.75,1.0
1359528,PP Chawla,Royal Challengers Bangalore,0,1.0523560209424083,1.6,0.8260869565217391,2.0
1359528,Vijaykumar Vyshak,Mumbai Indians,2,1.5454545454545454,1.4,1.5,1.0
1359529,AR Patel,Chennai Super Kings,2,0.8851351351351351,1.0,0.7647058823529411,1.0
1359529,DL Chahar,Delhi Capitals,2,0.9753086419753086,0.8,1.0909090909090908,3.0
1359529,I Sharma,Chennai Super Kings,0,0.8727272727272727,0.8,0.5,2.0
1359529,KK Ahmed,Chennai Super Kings,1,1.368421052631579,1.0,1.0,1.0
1359529,Kuldeep Yadav,Chennai Super Kings,1,1.0975609756097562,0.6,0.42857142857142855,1.0
1359529,Lalit Yadav,Chennai Super Kings,1,0.5789473684210527,0.6,0.5,0.0
1359529,M Pathirana,Delhi Capitals,3,1.9,2.0,2.6666666666666665,1.0
1359529,M Theekshana,Delhi Capitals,0,0.9259259259259259,0.6,1.0,0.0
1359529,MM Ali,Delhi Capitals,0,0.7692307692307693,0.4,0.8571428571428571,0.0
1359529,MR Marsh,Chennai Super Kings,3,1.088235294117647,1.8,1.2,0.0
1359529,RA Jadeja,Delhi Capitals,1,0.8009478672985783,1.2,1.0909090909090908,0.0
1359529,TU Deshpande,Delhi Capitals,2,1.2777777777777777,1.8,1.0,0.0
1359530,AS Roy,Rajasthan Royals,0,0.6666666666666666,0.8,0.5,0.0
1359530,CV Varun,Rajasthan Royals,0,1.2142857142857142,1.4,1.2857142857142858,2.0
1359530,Harshit Rana,Rajasthan Royals,1,1.4210526315789473,1.0,1.5,0.0
1359530,KM Asif,Kolkata Knight Riders,1,1.0,0.6,1.0,2.0
1359530,N Rana,Rajasthan Royals,0,0.4166666666666667,0.6,0.6666666666666666,0.0
1359530,R Ashwin,Kolkata Knight Riders,0,0.9519230769230769,1.0,0.9230769230769231,0.0
1359530,SN Thakur,Rajasthan Royals,0,1.0869565217391304,0.6,0.9090909090909091,1.0
1359530,SP Narine,Rajasthan Royals,0,1.1428571428571428,0.2,0.7894736842105263,2.0
1359530,Sandeep Sharma,Kolkata Knight Riders,1,1.2142857142857142,0.4,0.8571428571428571,1.0
1359530,Suyash Sharma,Rajasthan Royals,0,0.8461538461538461,1.0,0.0,0.0
1359530,TA Boult,Kolkata Knight Riders,2,1.2427184466019416,1.2,1.4,1.0
1359530,YS Chahal,Kolkata Knight Riders,4,1.3396226415094339,1.8,1.3181818181818181,0.0
1359531,AS Joseph,Mumbai Indians,0,1.0,0.6,0.5,0.0
1359531,Akash Madhwal,Gujarat Titans,3,1.6923076923076923,1.0,2.5,0.0
1359531,C Green,Gujarat Titans,0,0.6896551724137931,0.2,0.2,1.0
1359531,CJ Jordan,Gujarat Titans,0,1.0588235294117647,0.2,0.0,0.0
1359531,JP Behrendorff,Gujarat Titans,1,1.2941176470588236,2.0,0.6666666666666666,2.0
1359531,K Kartikeya,Gujarat Titans,2,0.8333333333333334,0.8,0.75,0.0
1359531,MM Sharma,Mumbai Indians,1,1.3243243243243243,1.6,1.75,4.0
1359531,Mohammed Shami,Mumbai Indians,0,1.309090909090909,1.8,1.2857142857142858,4.0
1359531,Noor Ahmad,Mumbai Indians,0,1.0434782608695652,1.0,1.0,0.0
1359531,PP Chawla,Gujarat Titans,2,1.0523560209424083,1.6,1.5,1.0
1359531,Rashid Khan,Mumbai Indians,4,1.2975206611570247,2.0,1.4,0.0
1359532,A Mishra,Sunrisers Hyderabad,1,1.1296296296296295,0.8,0.9285714285714286,1.0
1359532,Abhishek Sharma,Lucknow Super Giants,1,0.4230769230769231,0.4,1.0,0.0
1359532,Avesh Khan,Sunrisers Hyderabad,1,1.3064516129032258,1.0,2.2857142857142856,0.0
1359532,B Kumar,Lucknow Super Giants,0,1.1079545454545454,1.4,0.75,6.0
1359532,Fazalhaq Farooqi,Lucknow Super Giants,0,0.8571428571428571,1.0,0.5,1.0
1359532,GD Phillips,Lucknow Super Giants,1,0.5,0.6666666666666666,1.0,0.0
1359532,KH Pandya,Sunrisers Hyderabad,2,0.6837606837606838,0.8,0.8461538461538461,0.0
1359532,M Markande,Lucknow Super Giants,1,1.0,0.8,1.0,0.0
1359532,Ravi Bishnoi,Sunrisers Hyderabad,0,1.0461538461538462,0.8,1.1428571428571428,2.0
1359532,T Natarajan,Lucknow Super Giants,0,1.2459016393442623,1.2,0.75,1.0
1359532,Yash Thakur,Sunrisers Hyderabad,1,1.4210526315789473,1.4,0.6666666666666666,2.0
1359532,Yudhvir Singh,Sunrisers Hyderabad,1,0.8,1.0,1.0,1.0
1359533,AR Patel,Punjab Kings,1,0.8851351351351351,0.8,1.3333333333333333,1.0
1359533,Arshdeep Singh,Delhi Capitals,0,1.2923076923076924,0.8,0.8571428571428571,0.0
1359533,Harpreet Brar,Delhi Capitals,4,0.6410256410256411,1.4,1.0,0.0
1359533,I Sharma,Punjab Kings,2,0.8727272727272727,1.0,1.5,2.0
1359533,KK Ahmed,Punjab Kings,1,1.368421052631579,1.0,1.2857142857142858,1.0
1359533,Kuldeep Yadav,Punjab Kings,1,1.0975609756097562,0.6,1.4,0.0
1359533,MR Marsh,Punjab Kings,0,1.088235294117647,1.8,0.0,0.0
1359533,Mukesh Kumar,Punjab Kings,1,1.55,0.8,1.0,1.0
1359533,NT Ellis,Delhi Capitals,2,1.1875,1.4,0.6666666666666666,0.0
1359533,R Dhawan,Delhi Capitals,0,0.75,0.2,0.0,0.0
1359533,RD Chahar,Delhi Capitals,2,0.987012987012987,1.0,1.0,0.0
1359533,SM Curran,Delhi Capitals,0,1.0689655172413792,0.4,1.0,2.0
1359533,Sikandar Raza,Delhi Capitals,0,0.42857142857142855,0.4,0.0,0.0
1359534,A Zampa,Royal Challengers Bangalore,2,1.5,1.6,2.0,1.0
1359534,GJ Maxwell,Rajasthan Royals,1,0.5189873417721519,0.4,0.25,0.0
1359534,KV Sharma,Rajasthan Royals,3,1.0,1.8,1.0909090909090908,0.0
1359534,MG Bracewell,Rajasthan Royals,2,1.2,1.3333333333333333,2.0,2.0
1359534,Mohammed Siraj,Rajasthan Royals,1,1.032258064516129,0.6,1.0909090909090908,1.0
1359534,R Ashwin,Royal Challengers Bangalore,0,0.9519230769230769,0.6,0.8461538461538461,1.0
1359534,Sandeep Sharma,Royal Challengers Bangalore,1,1.2142857142857142,0.6,1.6666666666666667,0.0
1359534,WD Parnell,Rajasthan Royals,3,1.2121212121212122,1.8,2.0,0.0
1359534,YS Chahal,Royal Challengers Bangalore,0,1.3396226415094339,1.8,1.2,0.0
1359535,CV Varun,Chennai Super Kings,2,1.2142857142857142,1.2,1.1111111111111112,1.0
1359535,DL Chahar,Kolkata Knight Riders,3,0.9753086419753086,1.4,1.3333333333333333,3.0
1359535,Harshit Rana,Chennai Super Kings,0,1.4210526315789473,1.0,0.0,1.0
1359535,M Pathirana,Kolkata Knight Riders,1,1.9,2.0,1.0,2.0
1359535,M Theekshana,Kolkata Knight Riders,0,0.9259259259259259,0.4,1.0,2.0
1359535,MM Ali,Kolkata Knight Riders,0,0.7692307692307693,0.4,0.6666666666666666,2.0
1359535,RA Jadeja,Kolkata Knight Riders,0,0.8009478672985783,1.0,0.8148148148148148,1.0
1359535,SN Thakur,Chennai Super Kings,1,1.0869565217391304,0.8,0.5,2.0
1359535,SP Narine,Chennai Super Kings,2,1.1428571428571428,0.6,1.25,2.0
1359535,Suyash Sharma,Chennai Super Kings,0,0.8461538461538461,0.8,0.5,0.0
1359535,TU Deshpande,Kolkata Knight Riders,0,1.2777777777777777,1.4,1.0,1.0
1359535,VG Arora,Chennai Super Kings,1,1.0,0.6,1.6666666666666667,2.0
1359536,AK Markram,Gujarat Titans,0,0.14285714285714285,0.2,0.0,0.0
1359536,Abhishek Sharma,Gujarat Titans,0,0.4230769230769231,0.4,0.0,0.0
1359536,B Kumar,Gujarat Titans,6,1.1079545454545454,1.8,2.0,1.0
1359536,M Jansen,Gujarat Titans,1,1.0476190476190477,0.8,0.6666666666666666,1.0
1359536,M Markande,Gujarat Titans,0,1.0,0.8,0.5,2.0
1359536,MM Sharma,Sunrisers Hyderabad,4,1.3243243243243243,2.4,1.7692307692307692,0.0
1359536,Mohammed Shami,Sunrisers Hyderabad,4,1.309090909090909,2.0,1.2857142857142858,1.0
1359536,Noor Ahmad,Sunrisers Hyderabad,0,1.0434782608695652,0.6,0.5,2.0
1359536,Rashid Khan,Sunrisers Hyderabad,0,1.2975206611570247,2.0,0.5,1.0
1359536,T Natarajan,Gujarat Titans,1,1.2459016393442623,1.0,1.3333333333333333,1.0
1359536,Yash Dayal,Sunrisers Hyderabad,1,1.1071428571428572,0.4,0.75,1.0
1359537,Akash Madhwal,Lucknow Super Giants,0,1.6923076923076923,0.8,3.0,4.0
1359537,C Green,Lucknow Super Giants,1,0.6896551724137931,0.4,0.6666666666666666,0.0
1359537,CJ Jordan,Lucknow Super Giants,0,1.0588235294117647,0.2,0.5,1.0
1359537,HR Shokeen,Lucknow Super Giants,0,0.38461538461538464,0.6,0.0,0.0
1359537,JP Behrendorff,Lucknow Super Giants,2,1.2941176470588236,1.8,1.0,0.0
1359537,KH Pandya,Mumbai Indians,0,0.6837606837606838,0.4,1.0,1.0
1359537,Mohsin Khan,Mumbai Indians,1,1.173913043478261,1.2,1.2,0.0
1359537,Naveen-ul-Haq,Mumbai Indians,0,1.5294117647058822,1.4,2.0,0.0
1359537,PP Chawla,Lucknow Super Giants,1,1.0523560209424083,1.4,1.5,0.0
1359537,Ravi Bishnoi,Mumbai Indians,2,1.0461538461538462,1.2,1.3,2.0
1359537,Swapnil Singh,Mumbai Indians,0,0.5,0.0,0.0,2.0
1359537,Yash Thakur,Mumbai Indians,2,1.4210526315789473,1.6,2.5,3.0
1359538,A Nortje,Punjab Kings,3,1.3478260869565217,1.6,2.0,1.0
1359538,AR Patel,Punjab Kings,1,0.8851351351351351,0.8,1.3333333333333333,0.0
1359538,Arshdeep Singh,Delhi Capitals,0,1.2923076923076924,0.6,0.8571428571428571,1.0
1359538,Harpreet Brar,Delhi Capitals,0,0.6410256410256411,1.0,1.0,1.0
1359538,I Sharma,Punjab Kings,2,0.8727272727272727,1.2,1.5,2.0
1359538,K Rabada,Delhi Capitals,0,1.575,1.0,0.5,2.0
1359538,KK Ahmed,Punjab Kings,1,1.368421052631579,1.2,1.2857142857142858,1.0
1359538,Kuldeep Yadav,Punjab Kings,0,1.0975609756097562,0.6,1.4,0.0
1359538,Mukesh Kumar,Punjab Kings,1,1.55,0.6,1.0,1.0
1359538,NT Ellis,Delhi Capitals,0,1.1875,1.2,0.6666666666666666,1.0
1359538,RD Chahar,Delhi Capitals,0,0.987012987012987,1.0,1.0,1.0
1359538,SM Curran,Delhi Capitals,2,1.0689655172413792,0.6,1.0,1.0
1359539,Abhishek Sharma,Royal Challengers Bangalore,0,0.4230769230769231,0.4,0.3333333333333333,0.0
1359539,B Kumar,Royal Challengers Bangalore,1,1.1079545454545454,1.8,1.0476190476190477,1.0
1359539,HV Patel,Sunrisers Hyderabad,1,1.4660194174757282,0.8,1.1538461538461537,1.0
1359539,KV Sharma,Sunrisers Hyderabad,0,1.0,1.4,1.0,1.0
1359539,Kartik Tyagi,Royal Challengers Bangalore,0,0.8,0.8,0.5,0.0
1359539,MG Bracewell,Sunrisers Hyderabad,2,1.2,1.5,2.0,0.0
1359539,Mayank Dagar,Royal Challengers Bangalore,0,0.25,0.0,0.0,1.0
1359539,Mohammed Siraj,Sunrisers Hyderabad,1,1.032258064516129,0.6,0.9090909090909091,2.0
1359539,Nithish Kumar Reddy,Royal Challengers Bangalore,0,0.4444444444444444,0.0,0.0,0.0
1359539,Shahbaz Ahmed,Sunrisers Hyderabad,1,0.5,0.2,1.0,0.0
1359539,T Natarajan,Royal Challengers Bangalore,1,1.2459016393442623,1.0,1.125,3.0
1359539,WD Parnell,Sunrisers Hyderabad,0,1.2121212121212122,1.2,0.0,0.0
1359540,Arshdeep Singh,Rajasthan Royals,1,1.2923076923076924,0.6,1.8888888888888888,2.0
1359540,K Rabada,Rajasthan Royals,2,1.575,1.2,1.875,1.0
1359540,NT Ellis,Rajasthan Royals,1,1.1875,1.2,2.0,1.0
1359540,RD Chahar,Rajasthan Royals,1,0.987012987012987,1.0,1.1111111111111112,1.0
1359540,SM Curran,Rajasthan Royals,1,1.0689655172413792,0.6,1.4444444444444444,0.0
1359540,Sandeep Sharma,Punjab Kings,0,1.2142857142857142,0.4,0.3333333333333333,1.0
1359540,TA Boult,Punjab Kings,1,1.2427184466019416,1.2,0.42857142857142855,2.0
1359540,YS Chahal,Punjab Kings,0,1.3396226415094339,1.8,1.7142857142857142,1.0
1359541,A Nortje,Chennai Super Kings,1,1.3478260869565217,1.4,1.4285714285714286,1.0
1359541,AR Patel,Chennai Super Kings,0,0.8851351351351351,0.8,0.7647058823529411,0.0
1359541,DL Chahar,Delhi Capitals,3,0.9753086419753086,2.0,1.0909090909090908,2.0
1359541,KK Ahmed,Chennai Super Kings,1,1.368421052631579,1.0,1.0,2.0
1359541,Kuldeep Yadav,Chennai Super Kings,0,1.0975609756097562,0.4,0.42857142857142855,2.0
1359541,Lalit Yadav,Chennai Super Kings,0,0.5789473684210527,0.6,0.5,0.0
1359541,M Pathirana,Delhi Capitals,2,1.9,2.2,2.6666666666666665,3.0
1359541,M Theekshana,Delhi Capitals,2,0.9259259259259259,0.8,1.0,2.0
1359541,RA Jadeja,Delhi Capitals,1,0.8009478672985783,0.8,1.0909090909090908,2.0
1359541,TU Deshpande,Delhi Capitals,1,1.2777777777777777,1.0,1.0,1.0
1359542,AD Russell,Lucknow Super Giants,0,1.1160714285714286,0.8,1.0,2.0
1359542,CV Varun,Lucknow Super Giants,1,1.2142857142857142,1.4,1.25,1.0
1359542,Harshit Rana,Lucknow Super Giants,1,1.4210526315789473,1.0,1.0,3.0
1359542,K Gowtham,Kolkata Knight Riders,1,0.6285714285714286,0.6,1.0,0.0
1359542,KH Pandya,Kolkata Knight Riders,1,0.6837606837606838,0.6,0.6,0.0
1359542,Mohsin Khan,Kolkata Knight Riders,0,1.173913043478261,1.2,1.2,1.0
1359542,Naveen-ul-Haq,Kolkata Knight Riders,0,1.5294117647058822,1.4,1.5,4.0
1359542,Ravi Bishnoi,Kolkata Knight Riders,2,1.0461538461538462,1.2,1.2222222222222223,0.0
1359542,SN Thakur,Lucknow Super Giants,2,1.0869565217391304,1.2,1.5,0.0
1359542,SP Narine,Lucknow Super Giants,2,1.1428571428571428,0.8,1.0,1.0
1359542,Suyash Sharma,Lucknow Super Giants,0,0.8461538461538461,0.2,0.0,0.0
1359542,VG Arora,Lucknow Super Giants,2,1.0,1.0,1.0,3.0
1359542,Yash Thakur,Kolkata Knight Riders,3,1.4210526315789473,1.4,1.3333333333333333,3.0
1359543,AK Markram,Mumbai Indians,0,0.14285714285714285,0.2,0.0,0.0
1359543,Akash Madhwal,Sunrisers Hyderabad,4,1.6923076923076923,1.6,4.0,6.0
1359543,B Kumar,Mumbai Indians,1,1.1079545454545454,1.8,1.15,0.0
1359543,C Green,Sunrisers Hyderabad,0,0.6896551724137931,0.4,1.0,1.0
1359543,CJ Jordan,Sunrisers Hyderabad,1,1.0588235294117647,0.4,1.75,1.0
1359543,JP Behrendorff,Sunrisers Hyderabad,0,1.2941176470588236,1.4,1.3333333333333333,0.0
1359543,K Kartikeya,Sunrisers Hyderabad,0,0.8333333333333334,0.6,0.0,0.0
1359543,Kartik Tyagi,Mumbai Indians,0,0.8,0.4,0.6666666666666666,0.0
1359543,Mayank Dagar,Mumbai Indians,1,0.25,0.3333333333333333,1.0,0.0
1359543,Nithish Kumar Reddy,Mumbai Indians,0,0.4444444444444444,0.0,0.0,1.0
1359543,PP Chawla,Sunrisers Hyderabad,0,1.0523560209424083,1.0,0.9473684210526315,2.0
1359543,Umran Malik,Mumbai Indians,0,1.1923076923076923,0.4,1.0,0.0
1359544,H Sharma,Gujarat Titans,0,0.0,0.0,0.0,0.0
1359544,HV Patel,Gujarat Titans,1,1.4660194174757282,1.0,1.2,4.0
1359544,MM Sharma,Royal Challengers Bangalore,0,1.3243243243243243,2.0,0.5,2.0
1359544,Mohammed Shami,Royal Challengers Bangalore,1,1.309090909090909,1.4,1.3076923076923077,2.0
1359544,Mohammed Siraj,Gujarat Titans,2,1.032258064516129,0.8,1.25,0.0
1359544,Noor Ahmad,Royal Challengers Bangalore,2,1.0434782608695652,1.0,2.0,1.0
1359544,Rashid Khan,Royal Challengers Bangalore,1,1.2975206611570247,2.0,1.3076923076923077,1.0
1359544,Vijaykumar Vyshak,Gujarat Titans,1,1.5454545454545454,1.4,2.5,1.0
1359544,Yash Dayal,Royal Challengers Bangalore,1,1.1071428571428572,0.4,0.5,1.0
1370350,DG Nalkande,Chennai Super Kings,1,1.0,1.0,1.0,0.0
1370350,DL Chahar,Gujarat Titans,2,0.9753086419753086,2.4,1.25,1.0
1370350,M Pathirana,Gujarat Titans,3,1.9,2.4,2.0,2.0
1370350,M Theekshana,Gujarat Titans,2,0.9259259259259259,0.8,1.3333333333333333,0.0
1370350,MM Sharma,Chennai Super Kings,2,1.3243243243243243,2.2,2.0,5.0
1370350,Mohammed Shami,Chennai Super Kings,2,1.309090909090909,1.6,1.0,2.0
1370350,Noor Ahmad,Chennai Super Kings,1,1.0434782608695652,0.8,1.0,0.0
1370350,RA Jadeja,Gujarat Titans,2,0.8009478672985783,1.0,0.8333333333333334,1.0
1370350,Rashid Khan,Chennai Super Kings,1,1.2975206611570247,1.4,1.0588235294117647,2.0
1370350,TU Deshpande,Gujarat Titans,1,1.2777777777777777,1.2,1.2,0.0
1370351,Akash Madhwal,Lucknow Super Giants,6,1.6923076923076923,2.6,3.0,2.0
1370351,C Green,Lucknow Super Giants,1,0.6896551724137931,0.6,0.6666666666666666,0.0
1370351,CJ Jordan,Lucknow Super Giants,1,1.0588235294117647,0.6,0.5,0.0
1370351,JP Behrendorff,Lucknow Super Giants,0,1.2941176470588236,1.2,1.0,0.0
1370351,K Gowtham,Mumbai Indians,0,0.6285714285714286,0.6,0.2,0.0
1370351,KH Pandya,Mumbai Indians,0,0.6837606837606838,0.6,1.0,0.0
1370351,Mohsin Khan,Mumbai Indians,1,1.173913043478261,0.8,1.2,1.0
1370351,Naveen-ul-Haq,Mumbai Indians,4,1.5294117647058822,2.0,2.0,2.0
1370351,PP Chawla,Lucknow Super Giants,2,1.0523560209424083,1.0,1.5,1.0
1370351,Ravi Bishnoi,Mumbai Indians,0,1.0461538461538462,0.8,1.3,1.0
1370351,Yash Thakur,Mumbai Indians,3,1.4210526315789473,1.8,2.5,0.0
1370352,Akash Madhwal,Gujarat Titans,2,1.6923076923076923,3.0,2.5,3.0
1370352,C Green,Gujarat Titans,0,0.6896551724137931,0.4,0.2,2.0
1370352,HH Pandya,Mumbai Indians,0,0.7526881720430108,0.4,0.5,0.0
1370352,J Little,Mumbai Indians,1,1.1818181818181819,0.8,0.5,0.0
1370352,MM Sharma,Mumbai Indians,5,1.3243243243243243,2.4,1.75,3.0
1370352,Mohammed Shami,Mumbai Indians,2,1.309090909090909,1.8,1.2857142857142858,0.0
1370352,Noor Ahmad,Mumbai Indians,0,1.0434782608695652,0.6,1.0,2.0
1370352,PP Chawla,Gujarat Titans,1,1.0523560209424083,1.2,1.5,1.0
1370352,Rashid Khan,Mumbai Indians,2,1.2975206611570247,1.6,1.4,0.0
1370353,DL Chahar,Gujarat Titans,1,0.9753086419753086,2.2,1.25,1.0
1370353,HH Pandya,Chennai Super Kings,0,0.7526881720430108,0.4,0.9166666666666666,0.0
1370353,J Little,Chennai Super Kings,0,1.1818181818181819,0.8,0.5,4.0
1370353,M Pathirana,Gujarat Titans,2,1.9,2.2,2.0,1.0
1370353,M Theekshana,Gujarat Titans,0,0.9259259259259259,0.8,1.3333333333333333,0.0
1370353,MM Sharma,Chennai Super Kings,3,1.3243243243243243,2.8,2.0,2.0
1370353,Noor Ahmad,Chennai Super Kings,2,1.0434782608695652,1.0,1.0,1.0
1370353,RA Jadeja,Gujarat Titans,1,0.8009478672985783,1.0,0.8333333333333334,0.0
1370353,Rashid Khan,Chennai Super Kings,0,1.2975206611570247,0.8,1.0588235294117647,0.0
1370353,TU Deshpande,Gujarat Titans,0,1.2777777777777777,0.8,1.2,1.0
1422119,AS Joseph,Chennai Super Kings,0,1.0,0.2,1.25,1.0
1422119,C Green,Chennai Super Kings,2,0.6896551724137931,0.8,0.75,0.0
1422119,DL Chahar,Royal Challengers Bengaluru,1,0.9753086419753086,2.0,1.0,2.0
1422119,GJ Maxwell,Chennai Super Kings,0,0.5189873417721519,0.4,0.75,2.0
1422119,KV Sharma,Chennai Super Kings,1,1.0,1.4,0.625,0.0
1422119,M Theekshana,Royal Challengers Bengaluru,0,0.9259259259259259,0.8,0.0,1.0
1422119,Mayank Dagar,Chennai Super Kings,0,0.25,0.25,0.0,0.0
1422119,Mohammed Siraj,Chennai Super Kings,0,1.032258064516129,0.8,0.2727272727272727,2.0
1422119,Mustafizur Rahman,Royal Challengers Bengaluru,4,1.2280701754385965,1.6,4.0,2.0
1422119,RA Jadeja,Royal Challengers Bengaluru,0,0.8009478672985783,0.8,0.0,0.0
1422119,TU Deshpande,Royal Challengers Bengaluru,1,1.2777777777777777,0.6,1.0,2.0
1422119,Yash Dayal,Chennai Super Kings,1,1.1071428571428572,0.6,0.8,1.0
1422120,AR Patel,Punjab Kings,0,0.8851351351351351,0.8,1.3333333333333333,1.0
1422120,Arshdeep Singh,Delhi Capitals,2,1.2923076923076924,0.8,0.8571428571428571,0.0
1422120,HV Patel,Delhi Capitals,4,1.4660194174757282,1.4,1.5,1.0
1422120,Harpreet Brar,Delhi Capitals,1,0.6410256410256411,1.2,1.0,2.0
1422120,I Sharma,Punjab Kings,2,0.8727272727272727,1.2,1.5,0.0
1422120,K Rabada,Delhi Capitals,1,1.575,1.0,0.5,2.0
1422120,KK Ahmed,Punjab Kings,2,1.368421052631579,1.2,1.2857142857142858,1.0
1422120,Kuldeep Yadav,Punjab Kings,2,1.0975609756097562,0.8,1.4,1.0
1422120,MR Marsh,Punjab Kings,0,1.088235294117647,1.8,0.0,0.0
1422120,RD Chahar,Delhi Capitals,1,0.987012987012987,1.2,1.0,0.0
1422120,SM Curran,Delhi Capitals,0,1.0689655172413792,0.6,1.0,1.0
1422120,Sumit Kumar,Punjab Kings,0,0.0,0.0,0.0,0.0
1422121,AD Russell,Sunrisers Hyderabad,2,1.1160714285714286,0.8,1.3888888888888888,2.0
1422121,B Kumar,Kolkata Knight Riders,0,1.1079545454545454,1.6,1.1,0.0
1422121,CV Varun,Sunrisers Hyderabad,1,1.2142857142857142,1.4,1.0,0.0
1422121,Harshit Rana,Sunrisers Hyderabad,3,1.4210526315789473,1.4,1.75,2.0
1422121,M Jansen,Kolkata Knight Riders,1,1.0476190476190477,1.0,1.1666666666666667,0.0
1422121,M Markande,Kolkata Knight Riders,2,1.0,0.8,1.4,0.0
1422121,MA Starc,Sunrisers Hyderabad,0,1.5128205128205128,0.8,1.3333333333333333,1.0
1422121,PJ Cummins,Kolkata Knight Riders,1,1.1379310344827587,1.4,1.0,2.0
1422121,SP Narine,Sunrisers Hyderabad,1,1.1428571428571428,1.0,0.64,1.0
1422121,Shahbaz Ahmed,Kolkata Knight Riders,0,0.5,0.2,0.2,1.0
1422121,Suyash Sharma,Sunrisers Hyderabad,0,0.8461538461538461,0.2,0.0,0.0
1422121,T Natarajan,Kolkata Knight Riders,3,1.2459016393442623,1.0,1.6,1.0
1422122,A Badoni,Rajasthan Royals,0,0.4,0.5,0.5,0.0
1422122,Avesh Khan,Lucknow Super Giants,0,1.3064516129032258,0.4,0.5,1.0
1422122,KH Pandya,Rajasthan Royals,0,0.6837606837606838,0.6,0.4,0.0
1422122,Mohsin Khan,Rajasthan Royals,1,1.173913043478261,0.8,0.3333333333333333,2.0
1422122,N Burger,Lucknow Super Giants,1,1.4,1.0,1.0,2.0
1422122,Naveen-ul-Haq,Rajasthan Royals,2,1.5294117647058822,1.8,1.0,0.0
1422122,R Ashwin,Lucknow Super Giants,1,0.9519230769230769,0.4,1.0,0.0
1422122,Ravi Bishnoi,Rajasthan Royals,1,1.0461538461538462,1.0,0.8571428571428571,0.0
1422122,Sandeep Sharma,Lucknow Super Giants,1,1.2142857142857142,0.6,1.75,0.0
1422122,TA Boult,Lucknow Super Giants,2,1.2427184466019416,1.2,1.6,0.0
1422122,YS Chahal,Lucknow Super Giants,1,1.3396226415094339,1.8,1.2,2.0
1422122,Yash Thakur,Rajasthan Royals,0,1.4210526315789473,1.8,0.5,2.0
1422123,Azmatullah Omarzai,Mumbai Indians,2,0.5714285714285714,2.0,2.0,0.0
1422123,G Coetzee,Gujarat Titans,2,1.3,2.0,2.0,1.0
1422123,HH Pandya,Gujarat Titans,0,0.7526881720430108,0.2,0.0,1.0
1422123,JJ Bumrah,Gujarat Titans,3,1.368421052631579,2.6,1.5,0.0
1422123,L Wood,Gujarat Titans,0,0.5,0.0,0.0,1.0
1422123,MM Sharma,Mumbai Indians,2,1.3243243243243243,2.4,1.75,2.0
1422123,Naman Dhir,Gujarat Titans,0,0.0,0.0,0.0,0.0
1422123,PP Chawla,Gujarat Titans,1,1.0523560209424083,1.0,1.5,1.0
1422123,R Sai Kishore,Mumbai Indians,1,1.3,1.0,1.0,1.0
1422123,Rashid Khan,Mumbai Indians,0,1.2975206611570247,0.8,1.4,2.0
1422123,SH Johnson,Mumbai Indians,2,0.8,2.0,2.0,1.0
1422123,SZ Mulani,Gujarat Titans,0,0.0,0.0,0.0,0.0
1422123,UT Yadav,Mumbai Indians,2,1.1088435374149659,0.4,1.0555555555555556,0.0
1422124,AS Joseph,Punjab Kings,1,1.0,0.2,0.6666666666666666,0.0
1422124,Arshdeep Singh,Royal Challengers Bengaluru,0,1.2923076923076924,0.6,0.5,2.0
1422124,C Green,Punjab Kings,0,0.6896551724137931,0.6,0.5,0.0
1422124,GJ Maxwell,Punjab Kings,2,0.5189873417721519,0.8,1.0,2.0
1422124,HV Patel,Royal Challengers Bengaluru,1,1.4660194174757282,1.4,2.0,1.0
1422124,Harpreet Brar,Royal Challengers Bengaluru,2,0.6410256410256411,1.6,2.0,0.0
1422124,K Rabada,Royal Challengers Bengaluru,2,1.575,1.0,2.0,1.0
1422124,Mayank Dagar,Punjab Kings,0,0.25,0.2,0.0,1.0
1422124,Mohammed Siraj,Punjab Kings,2,1.032258064516129,1.2,1.5714285714285714,0.0
1422124,RD Chahar,Royal Challengers Bengaluru,0,0.987012987012987,0.8,0.0,1.0
1422124,SM Curran,Royal Challengers Bengaluru,1,1.0689655172413792,0.8,1.0,3.0
1422124,Yash Dayal,Punjab Kings,1,1.1071428571428572,0.8,0.5,1.0
1422125,Azmatullah Omarzai,Chennai Super Kings,0,0.5714285714285714,1.0,0.0,1.0
1422125,DJ Mitchell,Gujarat Titans,1,0.25,0.3333333333333333,0.5,0.0
1422125,DL Chahar,Gujarat Titans,2,0.9753086419753086,1.8,1.25,0.0
1422125,M Pathirana,Gujarat Titans,1,1.9,1.8,2.0,3.0
1422125,MM Sharma,Chennai Super Kings,2,1.3243243243243243,2.8,2.0,4.0
1422125,Mustafizur Rahman,Gujarat Titans,2,1.2280701754385965,1.4,2.5,1.0
1422125,R Sai Kishore,Chennai Super Kings,1,1.3,1.0,1.0,4.0
1422125,RA Jadeja,Gujarat Titans,0,0.8009478672985783,0.8,0.8333333333333334,1.0
1422125,Rashid Khan,Chennai Super Kings,2,1.2975206611570247,1.0,1.0588235294117647,1.0
1422125,SH Johnson,Chennai Super Kings,1,0.8,1.5,1.0,0.0
1422125,TU Deshpande,Gujarat Titans,2,1.2777777777777777,1.0,1.2,0.0
1422125,UT Yadav,Chennai Super Kings,0,1.1088435374149659,0.4,1.0555555555555556,1.0
1422126,B Kumar,Mumbai Indians,0,1.1079545454545454,1.6,1.15,0.0
1422126,G Coetzee,Sunrisers Hyderabad,1,1.3,1.5,1.0,0.0
1422126,HH Pandya,Sunrisers Hyderabad,1,0.7526881720430108,0.2,0.9090909090909091,0.0
1422126,JD Unadkat,Mumbai Indians,2,1.0480769230769231,0.6,1.2666666666666666,0.0
1422126,JJ Bumrah,Sunrisers Hyderabad,0,1.368421052631579,1.6,1.2666666666666666,0.0
1422126,KT Maphaka,Sunrisers Hyderabad,0,0.5,0.0,0.0,1.0
1422126,M Markande,Mumbai Indians,0,1.0,0.6,0.0,1.0
1422126,PJ Cummins,Mumbai Indians,2,1.1379310344827587,1.8,1.4444444444444444,1.0
1422126,PP Chawla,Sunrisers Hyderabad,1,1.0523560209424083,1.0,0.9473684210526315,0.0
1422126,Shahbaz Ahmed,Mumbai Indians,1,0.5,0.4,0.25,1.0
1422127,A Nortje,Rajasthan Royals,1,1.3478260869565217,1.2,1.3333333333333333,0.0
1422127,AR Patel,Rajasthan Royals,1,0.8851351351351351,0.6,1.0,1.0
1422127,Avesh Khan,Delhi Capitals,1,1.3064516129032258,0.6,0.75,1.0
1422127,KK Ahmed,Rajasthan Royals,1,1.368421052631579,1.2,1.0,2.0
1422127,Kuldeep Yadav,Rajasthan Royals,1,1.0975609756097562,0.8,1.1,3.0
1422127,Mukesh Kumar,Rajasthan Royals,1,1.55,0.8,1.6666666666666667,3.0
1422127,N Burger,Delhi Capitals,2,1.4,1.5,2.0,2.0
1422127,R Ashwin,Delhi Capitals,0,0.9519230769230769,0.4,1.2857142857142858,0.0
1422127,Sandeep Sharma,Delhi Capitals,0,1.2142857142857142,0.6,1.0,5.0
1422127,TA Boult,Delhi Capitals,0,1.2427184466019416,1.0,1.4545454545454546,3.0
1422127,YS Chahal,Delhi Capitals,2,1.3396226415094339,1.4,1.0,3.0
1422128,AD Russell,Royal Challengers Bengaluru,2,1.1160714285714286,1.0,2.5,1.0
1422128,AS Roy,Royal Challengers Bengaluru,0,0.6666666666666666,0.6,0.0,0.0
1422128,C Green,Kolkata Knight Riders,0,0.6896551724137931,0.6,1.0,0.0
1422128,CV Varun,Royal Challengers Bengaluru,0,1.2142857142857142,0.8,0.5,3.0
1422128,Harshit Rana,Royal Challengers Bengaluru,2,1.4210526315789473,1.4,2.0,0.0
1422128,MA Starc,Royal Challengers Bengaluru,1,1.5128205128205128,0.8,1.5,2.0
1422128,Mayank Dagar,Kolkata Knight Riders,1,0.25,0.4,1.0,0.0
1422128,Mohammed Siraj,Kolkata Knight Riders,0,1.032258064516129,1.0,1.0714285714285714,1.0
1422128,SP Narine,Royal Challengers Bengaluru,1,1.1428571428571428,1.2,1.5,1.0
1422128,Vijaykumar Vyshak,Kolkata Knight Riders,1,1.5454545454545454,1.2,1.5,1.0
1422128,Yash Dayal,Kolkata Knight Riders,1,1.1071428571428572,1.0,1.25,1.0
1422129,Arshdeep Singh,Lucknow Super Giants,2,1.2923076923076924,1.0,1.25,0.0
1422129,HV Patel,Lucknow Super Giants,1,1.4660194174757282,1.6,1.6,1.0
1422129,Harpreet Brar,Lucknow Super Giants,0,0.6410256410256411,1.4,0.5,1.0
1422129,K Rabada,Lucknow Super Giants,1,1.575,1.2,2.25,2.0
1422129,KH Pandya,Punjab Kings,0,0.6837606837606838,0.2,0.6666666666666666,0.0
1422129,M Siddharth,Punjab Kings,0,0.3333333333333333,0.0,0.0,1.0
1422129,MP Yadav,Punjab Kings,3,2.0,3.0,3.0,4.0
1422129,Mohsin Khan,Punjab Kings,2,1.173913043478261,1.0,2.5,2.0
1422129,Naveen-ul-Haq,Punjab Kings,0,1.5294117647058822,1.2,1.5,2.0
1422129,RD Chahar,Lucknow Super Giants,1,0.987012987012987,0.6,0.75,1.0
1422129,Ravi Bishnoi,Punjab Kings,0,1.0461538461538462,1.0,1.25,0.0
1422129,SM Curran,Lucknow Super Giants,3,1.0689655172413792,1.4,2.3333333333333335,0.0
1422130,Azmatullah Omarzai,Sunrisers Hyderabad,1,0.5714285714285714,1.0,1.0,1.0
1422130,B Kumar,Gujarat Titans,0,1.1079545454545454,0.4,2.0,1.0
1422130,DG Nalkande,Sunrisers Hyderabad,0,1.0,0.75,0.0,1.0
1422130,JD Unadkat,Gujarat Titans,0,1.0480769230769231,0.6,0.0,1.0
1422130,M Markande,Gujarat Titans,1,1.0,0.8,0.5,0.0
1422130,MM Sharma,Sunrisers Hyderabad,4,1.3243243243243243,3.2,1.7692307692307692,1.0
1422130,Noor Ahmad,Sunrisers Hyderabad,1,1.0434782608695652,1.2,0.5,2.0
1422130,PJ Cummins,Gujarat Titans,1,1.1379310344827587,1.8,1.0,1.0
1422130,Rashid Khan,Sunrisers Hyderabad,1,1.2975206611570247,1.0,0.5,1.0
1422130,Shahbaz Ahmed,Gujarat Titans,1,0.5,0.6,1.0,1.0
1422130,UT Yadav,Sunrisers Hyderabad,1,1.1088435374149659,0.6,0.8421052631578947,1.0
1422130,Washington Sundar,Gujarat Titans,0,0.6724137931034483,0.6,0.0,1.0
1422131,A Nortje,Chennai Super Kings,0,1.3478260869565217,1.2,1.4285714285714286,3.0
1422131,AR Patel,Chennai Super Kings,1,0.8851351351351351,0.6,0.7647058823529411,0.0
1422131,DL Chahar,Delhi Capitals,0,0.9753086419753086,1.2,1.0909090909090908,1.0
1422131,I Sharma,Chennai Super Kings,0,0.8727272727272727,1.2,0.5,2.0
1422131,KK Ahmed,Chennai Super Kings,2,1.368421052631579,1.4,1.0,1.0
1422131,M Pathirana,Delhi Capitals,3,1.9,2.2,2.6666666666666665,4.0
1422131,MR Marsh,Chennai Super Kings,0,1.088235294117647,1.0,1.2,1.0
1422131,Mukesh Kumar,Chennai Super Kings,3,1.55,1.4,3.0,1.0
1422131,Mustafizur Rahman,Delhi Capitals,1,1.2280701754385965,1.6,2.0,2.0
1422131,RA Jadeja,Delhi Capitals,1,0.8009478672985783,0.8,1.0909090909090908,0.0
1422131,Rasikh Salam,Chennai Super Kings,0,0.8181818181818182,0.0,0.0,0.0
1422131,TU Deshpande,Delhi Capitals,0,1.2777777777777777,0.8,1.0,0.0
1422132,Akash Madhwal,Rajasthan Royals,3,1.6923076923076923,3.0,3.0,0.0
1422132,Avesh Khan,Mumbai Indians,1,1.3064516129032258,0.8,2.0,0.0
1422132,G Coetzee,Rajasthan Royals,0,1.3,1.0,0.0,4.0
1422132,JJ Bumrah,Rajasthan Royals,0,1.368421052631579,1.4,1.2857142857142858,2.0
1422132,N Burger,Mumbai Indians,2,1.4,1.6666666666666667,2.0,1.0
1422132,PP Chawla,Rajasthan Royals,0,1.0523560209424083,1.0,1.0909090909090908,0.0
1422132,R Ashwin,Mumbai Indians,0,0.9519230769230769,0.2,0.7941176470588235,0.0
1422132,TA Boult,Mumbai Indians,3,1.2427184466019416,1.6,1.2727272727272727,0.0
1422132,YS Chahal,Mumbai Indians,3,1.3396226415094339,1.2,1.5,2.0
1422133,C Green,Lucknow Super Giants,0,0.6896551724137931,0.4,0.6666666666666666,0.0
1422133,GJ Maxwell,Lucknow Super Giants,2,0.5189873417721519,1.0,1.3333333333333333,0.0
1422133,KH Pandya,Royal Challengers Bengaluru,0,0.6837606837606838,0.2,0.0,3.0
1422133,M Siddharth,Royal Challengers Bengaluru,1,0.3333333333333333,0.5,1.0,0.0
1422133,MP Stoinis,Royal Challengers Bengaluru,1,0.7258064516129032,0.8,1.0,0.0
1422133,MP Yadav,Royal Challengers Bengaluru,4,2.0,3.5,4.0,0.0
1422133,Mayank Dagar,Lucknow Super Giants,0,0.25,0.4,0.0,0.0
1422133,Mohammed Siraj,Lucknow Super Giants,1,1.032258064516129,1.0,1.4,1.0
1422133,Naveen-ul-Haq,Royal Challengers Bengaluru,2,1.5294117647058822,1.6,2.0,1.0
1422133,RJW Topley,Lucknow Super Giants,1,1.0,1.0,1.0,2.0
1422133,Ravi Bishnoi,Royal Challengers Bengaluru,0,1.0461538461538462,0.6,0.0,1.0
1422133,Yash Dayal,Lucknow Super Giants,1,1.1071428571428572,1.0,1.5,1.0
1422133,Yash Thakur,Royal Challengers Bengaluru,2,1.4210526315789473,2.0,2.0,5.0
1422134,A Nortje,Kolkata Knight Riders,3,1.3478260869565217,1.6,2.1666666666666665,2.0
1422134,AD Russell,Delhi Capitals,1,1.1160714285714286,1.0,0.875,0.0
1422134,AR Patel,Kolkata Knight Riders,0,0.8851351351351351,0.4,0.7619047619047619,2.0
1422134,CV Varun,Delhi Capitals,3,1.2142857142857142,1.4,1.8888888888888888,0.0
1422134,I Sharma,Kolkata Knight Riders,2,0.8727272727272727,1.6,0.75,0.0
1422134,KK Ahmed,Kolkata Knight Riders,1,1.368421052631579,1.4,1.3333333333333333,1.0
1422134,MA Starc,Delhi Capitals,2,1.5128205128205128,1.2,1.5,0.0
1422134,Rasikh Salam,Kolkata Knight Riders,0,0.8181818181818182,0.0,0.0,3.0
1422134,SP Narine,Delhi Capitals,1,1.1428571428571428,1.4,0.8,1.0
1422134,VG Arora,Delhi Capitals,3,1.0,1.6,1.6666666666666667,2.0
1422135,Arshdeep Singh,Gujarat Titans,0,1.2923076923076924,1.0,0.6,4.0
1422135,Azmatullah Omarzai,Punjab Kings,1,0.5714285714285714,1.0,0.5,0.0
1422135,DG Nalkande,Punjab Kings,1,1.0,0.8,1.5,2.0
1422135,HV Patel,Gujarat Titans,1,1.4660194174757282,1.6,1.2,2.0
1422135,Harpreet Brar,Gujarat Titans,1,0.6410256410256411,0.8,0.6666666666666666,0.0
1422135,K Rabada,Gujarat Titans,2,1.575,1.6,1.8,1.0
1422135,MM Sharma,Punjab Kings,1,1.3243243243243243,2.4,2.0,0.0
1422135,Noor Ahmad,Punjab Kings,2,1.0434782608695652,1.2,2.0,0.0
1422135,Rashid Khan,Punjab Kings,1,1.2975206611570247,0.8,1.1428571428571428,1.0
1422135,SM Curran,Gujarat Titans,0,1.0689655172413792,1.0,0.6666666666666666,2.0
1422135,UT Yadav,Punjab Kings,1,1.1088435374149659,0.8,2.0,2.0
1422136,Abhishek Sharma,Chennai Super Kings,0,0.4230769230769231,0.2,0.0,0.0
1422136,B Kumar,Chennai Super Kings,1,1.1079545454545454,0.4,0.7,2.0
1422136,DL Chahar,Sunrisers Hyderabad,1,0.9753086419753086,1.0,0.8333333333333334,0.0
1422136,JD Unadkat,Chennai Super Kings,1,1.0480769230769231,0.8,0.7692307692307693,1.0
1422136,M Markande,Chennai Super Kings,0,1.0,0.6,1.0,2.0
1422136,M Theekshana,Sunrisers Hyderabad,1,0.9259259259259259,1.0,0.5,1.0
1422136,MM Ali,Sunrisers Hyderabad,2,0.7692307692307693,0.8,0.3333333333333333,0.0
1422136,PJ Cummins,Chennai Super Kings,1,1.1379310344827587,1.8,0.75,1.0
1422136,R Ravindra,Sunrisers Hyderabad,0,0.0,0.0,0.0,0.0
1422136,RA Jadeja,Sunrisers Hyderabad,0,0.8009478672985783,0.4,0.43478260869565216,3.0
1422136,Shahbaz Ahmed,Chennai Super Kings,1,0.5,0.8,0.5,0.0
1422136,T Natarajan,Chennai Super Kings,1,1.2459016393442623,1.2,1.8333333333333333,1.0
1422136,TU Deshpande,Sunrisers Hyderabad,0,1.2777777777777777,0.6,1.0,3.0
1422137,Avesh Khan,Royal Challengers Bengaluru,0,1.3064516129032258,0.6,1.5,2.0
1422137,C Green,Rajasthan Royals,0,0.6896551724137931,0.4,0.6666666666666666,2.0
1422137,Mohammed Siraj,Rajasthan Royals,1,1.032258064516129,0.8,1.0909090909090908,0.0
1422137,N Burger,Royal Challengers Bengaluru,1,1.4,1.5,1.0,1.0
1422137,R Ashwin,Royal Challengers Bengaluru,0,0.9519230769230769,0.2,1.0,0.0
1422137,R Parag,Royal Challengers Bengaluru,0,0.23809523809523808,0.2,0.0,0.0
1422137,RJW Topley,Rajasthan Royals,2,1.0,1.3333333333333333,2.0,0.0
1422137,TA Boult,Royal Challengers Bengaluru,0,1.2427184466019416,1.2,0.5,0.0
1422137,YS Chahal,Royal Challengers Bengaluru,2,1.3396226415094339,1.6,1.5,2.0
1422137,Yash Dayal,Rajasthan Royals,1,1.1071428571428572,1.0,1.6,0.0
1422138,A Nortje,Mumbai Indians,2,1.3478260869565217,1.4,1.125,0.0
1422138,AR Patel,Mumbai Indians,2,0.8851351351351351,0.8,0.7142857142857143,0.0
1422138,Akash Madhwal,Delhi Capitals,0,1.6923076923076923,3.0,0.0,1.0
1422138,G Coetzee,Delhi Capitals,4,1.3,1.75,4.0,1.0
1422138,I Sharma,Mumbai Indians,0,0.8727272727272727,1.2,1.1333333333333333,1.0
1422138,JJ Bumrah,Delhi Capitals,2,1.368421052631579,1.6,1.6666666666666667,5.0
1422138,KK Ahmed,Mumbai Indians,1,1.368421052631579,1.4,1.5,2.0
1422138,Lalit Yadav,Mumbai Indians,0,0.5789473684210527,0.6,0.5,0.0
1422138,Mohammad Nabi,Delhi Capitals,0,0.6521739130434783,0.4,0.75,0.0
1422138,PP Chawla,Delhi Capitals,0,1.0523560209424083,0.6,1.1666666666666667,1.0
1422138,R Shepherd,Delhi Capitals,2,0.75,1.5,2.0,0.0
1422139,KH Pandya,Gujarat Titans,3,0.6837606837606838,0.6,1.2,0.0
1422139,MM Sharma,Lucknow Super Giants,0,1.3243243243243243,1.8,2.6666666666666665,1.0
1422139,MP Yadav,Gujarat Titans,0,2.0,2.3333333333333335,0.0,1.0
1422139,Naveen-ul-Haq,Gujarat Titans,1,1.5294117647058822,1.8,1.0,1.0
1422139,Noor Ahmad,Lucknow Super Giants,0,1.0434782608695652,1.0,1.0,0.0
1422139,Rashid Khan,Lucknow Super Giants,1,1.2975206611570247,1.0,1.8,1.0
1422139,Ravi Bishnoi,Gujarat Titans,1,1.0461538461538462,0.4,0.25,2.0
1422139,SH Johnson,Lucknow Super Giants,0,0.8,1.0,0.0,0.0
1422139,UT Yadav,Lucknow Super Giants,2,1.1088435374149659,1.2,1.0,1.0
1422139,Yash Thakur,Gujarat Titans,5,1.4210526315789473,2.6,2.5,1.0
1426260,AD Russell,Chennai Super Kings,0,1.1160714285714286,1.0,0.6923076923076923,1.0
1426260,AS Roy,Chennai Super Kings,0,0.6666666666666666,0.6,0.5,1.0
1426260,CV Varun,Chennai Super Kings,0,1.2142857142857142,1.0,1.1111111111111112,1.0
1426260,M Theekshana,Kolkata Knight Riders,1,0.9259259259259259,0.8,1.0,0.0
1426260,MA Starc,Chennai Super Kings,0,1.5128205128205128,1.0,1.1666666666666667,3.0
1426260,Mustafizur Rahman,Kolkata Knight Riders,2,1.2280701754385965,1.8,1.125,1.0
1426260,RA Jadeja,Kolkata Knight Riders,3,0.8009478672985783,0.8,0.8148148148148148,0.0
1426260,SN Thakur,Kolkata Knight Riders,0,1.0869565217391304,1.0,1.2727272727272727,0.0
1426260,SP Narine,Chennai Super Kings,1,1.1428571428571428,1.2,1.25,1.0
1426260,TU Deshpande,Kolkata Knight Riders,3,1.2777777777777777,1.2,1.0,1.0
1426260,VG Arora,Chennai Super Kings,2,1.0,1.6,1.6666666666666667,1.0
1426261,Arshdeep Singh,Sunrisers Hyderabad,4,1.2923076923076924,1.6,1.6,1.0
1426261,B Kumar,Punjab Kings,2,1.1079545454545454,0.6,1.1428571428571428,0.0
1426261,HV Patel,Sunrisers Hyderabad,2,1.4660194174757282,1.8,1.1538461538461537,1.0
1426261,Harpreet Brar,Sunrisers Hyderabad,0,0.6410256410256411,0.8,0.8,0.0
1426261,JD Unadkat,Punjab Kings,1,1.0480769230769231,0.8,1.0,1.0
1426261,K Rabada,Sunrisers Hyderabad,1,1.575,1.4,1.5454545454545454,2.0
1426261,Nithish Kumar Reddy,Punjab Kings,1,0.4444444444444444,0.3333333333333333,1.0,2.0
1426261,PJ Cummins,Punjab Kings,1,1.1379310344827587,1.2,1.3333333333333333,3.0
1426261,SM Curran,Sunrisers Hyderabad,2,1.0689655172413792,1.2,0.8333333333333334,2.0
1426261,Shahbaz Ahmed,Punjab Kings,0,0.5,0.6,0.5,0.0
1426261,T Natarajan,Punjab Kings,1,1.2459016393442623,1.4,1.0,1.0
1426262,Avesh Khan,Gujarat Titans,2,1.3064516129032258,0.8,1.2,2.0
1426262,KA Maharaj,Gujarat Titans,0,1.0,0.0,0.0,2.0
1426262,KR Sen,Gujarat Titans,3,1.1666666666666667,0.6,2.0,1.0
1426262,MM Sharma,Rajasthan Royals,1,1.3243243243243243,1.6,1.0,3.0
1426262,Noor Ahmad,Rajasthan Royals,0,1.0434782608695652,1.0,1.0,0.0
1426262,R Ashwin,Gujarat Titans,0,0.9519230769230769,0.2,0.16666666666666666,0.0
1426262,Rashid Khan,Rajasthan Royals,1,1.2975206611570247,1.2,1.2142857142857142,1.0
1426262,SH Johnson,Rajasthan Royals,0,0.8,0.75,0.0,1.0
1426262,TA Boult,Gujarat Titans,0,1.2427184466019416,1.0,0.6,1.0
1426262,UT Yadav,Rajasthan Royals,1,1.1088435374149659,1.0,0.9285714285714286,2.0
1426262,YS Chahal,Gujarat Titans,2,1.3396226415094339,2.0,1.0,2.0
1426263,Akash Madhwal,Royal Challengers Bengaluru,1,1.6923076923076923,2.4,1.0,0.0
1426263,G Coetzee,Royal Challengers Bengaluru,1,1.3,1.6,1.0,1.0
1426263,GJ Maxwell,Mumbai Indians,0,0.5189873417721519,1.0,0.3333333333333333,1.0
1426263,HH Pandya,Royal Challengers Bengaluru,0,0.7526881720430108,0.2,0.0,2.0
1426263,JJ Bumrah,Royal Challengers Bengaluru,5,1.368421052631579,2.0,5.0,0.0
1426263,Mohammad Nabi,Royal Challengers Bengaluru,0,0.6521739130434783,0.4,0.0,0.0
1426263,Mohammed Siraj,Mumbai Indians,0,1.032258064516129,0.8,0.75,1.0
1426263,R Shepherd,Royal Challengers Bengaluru,0,0.75,1.2,0.0,0.0
1426263,RJW Topley,Mumbai Indians,0,1.0,1.0,0.5,1.0
1426263,S Gopal,Royal Challengers Bengaluru,1,1.0392156862745099,0.4,1.0,1.0
1426263,Vijaykumar Vyshak,Mumbai Indians,1,1.5454545454545454,1.4,1.5,0.0
1426263,WG Jacks,Mumbai Indians,1,0.4,1.0,1.0,0.0
1426264,AR Patel,Lucknow Super Giants,0,0.8851351351351351,0.8,0.4,1.0
1426264,Arshad Khan,Delhi Capitals,0,0.6666666666666666,0.8,0.3333333333333333,1.0
1426264,I Sharma,Lucknow Super Giants,1,0.8727272727272727,1.0,2.0,3.0
1426264,KH Pandya,Delhi Capitals,0,0.6837606837606838,0.6,0.4166666666666667,0.0
1426264,KK Ahmed,Lucknow Super Giants,2,1.368421052631579,1.4,1.6666666666666667,1.0
1426264,Kuldeep Yadav,Lucknow Super Giants,3,1.0975609756097562,1.2,1.4,0.0
1426264,MP Stoinis,Delhi Capitals,0,0.7258064516129032,0.4,0.0,1.0
1426264,Mukesh Kumar,Lucknow Super Giants,1,1.55,1.4,1.0,3.0
1426264,Naveen-ul-Haq,Delhi Capitals,1,1.5294117647058822,1.2,1.5,2.0
1426264,Ravi Bishnoi,Delhi Capitals,2,1.0461538461538462,0.8,1.125,0.0
1426264,Yash Thakur,Delhi Capitals,1,1.4210526315789473,2.2,1.0,0.0
1426265,Arshdeep Singh,Rajasthan Royals,1,1.2923076923076924,1.4,1.8888888888888888,0.0
1426265,Avesh Khan,Punjab Kings,2,1.3064516129032258,1.2,0.8571428571428571,2.0
1426265,HV Patel,Rajasthan Royals,1,1.4660194174757282,1.2,1.8333333333333333,4.0
1426265,Harpreet Brar,Rajasthan Royals,0,0.6410256410256411,0.6,0.25,0.0
1426265,K Rabada,Rajasthan Royals,2,1.575,1.6,1.875,1.0
1426265,KR Sen,Punjab Kings,1,1.1666666666666667,0.8,0.5,2.0
1426265,LS Livingstone,Rajasthan Royals,1,0.5,0.6,0.5,0.0
1426265,SM Curran,Rajasthan Royals,2,1.0689655172413792,1.6,1.4444444444444444,2.0
1426265,TA Boult,Punjab Kings,1,1.2427184466019416,0.8,0.42857142857142855,1.0
1426265,YS Chahal,Punjab Kings,2,1.3396226415094339,2.2,1.7142857142857142,1.0
1426266,AD Russell,Lucknow Super Giants,1,1.1160714285714286,1.2,1.0,0.0
1426266,CV Varun,Lucknow Super Giants,1,1.2142857142857142,1.0,1.25,2.0
1426266,Harshit Rana,Lucknow Super Giants,0,1.4210526315789473,1.2,1.0,2.0
1426266,KH Pandya,Kolkata Knight Riders,0,0.6837606837606838,0.6,0.6,2.0
1426266,MA Starc,Lucknow Super Giants,3,1.5128205128205128,1.2,2.0,1.0
1426266,Mohsin Khan,Kolkata Knight Riders,2,1.173913043478261,1.2,1.2,1.0
1426266,Ravi Bishnoi,Kolkata Knight Riders,0,1.0461538461538462,0.6,1.2222222222222223,1.0
1426266,SP Narine,Lucknow Super Giants,1,1.1428571428571428,1.0,1.0,2.0
1426266,VG Arora,Lucknow Super Giants,1,1.0,1.8,1.0,1.0
1426266,Yash Thakur,Kolkata Knight Riders,0,1.4210526315789473,1.6,1.3333333333333333,1.0
1426267,Akash Madhwal,Chennai Super Kings,0,1.6923076923076923,1.2,0.5,2.0
1426267,G Coetzee,Chennai Super Kings,1,1.3,1.4,1.0,3.0
1426267,HH Pandya,Chennai Super Kings,2,0.7526881720430108,0.6,0.9166666666666666,1.0
1426267,JJ Bumrah,Chennai Super Kings,0,1.368421052631579,1.4,0.8,3.0
1426267,M Pathirana,Mumbai Indians,4,1.9,2.6,3.5,1.0
1426267,Mohammad Nabi,Chennai Super Kings,0,0.6521739130434783,0.0,0.0,0.0
1426267,Mustafizur Rahman,Mumbai Indians,1,1.2280701754385965,2.0,1.1428571428571428,1.0
1426267,R Shepherd,Chennai Super Kings,0,0.75,1.0,0.0,0.0
1426267,RA Jadeja,Mumbai Indians,0,0.8009478672985783,0.8,0.6451612903225806,0.0
1426267,S Gopal,Chennai Super Kings,1,1.0392156862745099,0.6,1.0,1.0
1426267,SN Thakur,Mumbai Indians,0,1.0869565217391304,0.6,0.9230769230769231,0.0
1426267,TU Deshpande,Mumbai Indians,1,1.2777777777777777,1.2,1.6666666666666667,0.0
1426268,Abhishek Sharma,Royal Challengers Bengaluru,0,0.4230769230769231,0.2,0.0,0.0
1426268,B Kumar,Royal Challengers Bengaluru,0,1.1079545454545454,0.6,0.0,1.0
1426268,JD Unadkat,Royal Challengers Bengaluru,1,1.0480769230769231,1.0,2.0,3.0
1426268,LH Ferguson,Sunrisers Hyderabad,2,1.2666666666666666,0.6,1.0,1.0
1426268,M Markande,Royal Challengers Bengaluru,2,1.0,1.0,1.5,2.0
1426268,PJ Cummins,Royal Challengers Bengaluru,3,1.1379310344827587,1.6,2.0,0.0
1426268,Shahbaz Ahmed,Royal Challengers Bengaluru,0,0.5,0.6,0.0,0.0
1426268,T Natarajan,Royal Challengers Bengaluru,1,1.2459016393442623,1.4,1.5,4.0
1426268,Vijaykumar Vyshak,Sunrisers Hyderabad,0,1.5454545454545454,1.0,0.0,4.0
1426268,WG Jacks,Sunrisers Hyderabad,0,0.4,0.5,0.5,1.0
1426268,Yash Dayal,Sunrisers Hyderabad,0,1.1071428571428572,0.8,0.75,2.0
1426269,AD Russell,Rajasthan Royals,0,1.1160714285714286,0.8,1.0,3.0
1426269,Avesh Khan,Kolkata Knight Riders,2,1.3064516129032258,1.4,1.7142857142857142,1.0
1426269,CV Varun,Rajasthan Royals,2,1.2142857142857142,1.2,1.2857142857142858,1.0
1426269,Harshit Rana,Rajasthan Royals,2,1.4210526315789473,1.6,1.5,2.0
1426269,MA Starc,Rajasthan Royals,1,1.5128205128205128,1.4,1.4,2.0
1426269,R Ashwin,Kolkata Knight Riders,0,0.9519230769230769,0.0,0.9230769230769231,0.0
1426269,SP Narine,Rajasthan Royals,2,1.1428571428571428,1.2,0.7894736842105263,2.0
1426269,TA Boult,Kolkata Knight Riders,1,1.2427184466019416,1.0,1.4,2.0
1426269,VG Arora,Rajasthan Royals,1,1.0,1.8,1.0,2.0
1426269,YS Chahal,Kolkata Knight Riders,1,1.3396226415094339,2.0,1.3181818181818181,1.0
1426270,AR Patel,Gujarat Titans,1,0.8851351351351351,0.8,0.5,1.0
1426270,I Sharma,Gujarat Titans,3,0.8727272727272727,1.2,2.5,0.0
1426270,KK Ahmed,Gujarat Titans,1,1.368421052631579,1.4,1.2,0.0
1426270,Kuldeep Yadav,Gujarat Titans,0,1.0975609756097562,1.2,0.8,4.0
1426270,Mukesh Kumar,Gujarat Titans,3,1.55,1.8,1.3333333333333333,2.0
1426270,Noor Ahmad,Delhi Capitals,0,1.0434782608695652,0.6,0.3333333333333333,2.0
1426270,Rashid Khan,Delhi Capitals,1,1.2975206611570247,1.0,1.4615384615384615,1.0
1426270,S Sandeep Warrier,Delhi Capitals,2,0.8,0.8,1.6666666666666667,0.0
1426270,T Stubbs,Gujarat Titans,2,1.3333333333333333,1.5,2.0,1.0
1426271,Arshdeep Singh,Mumbai Indians,0,1.2923076923076924,1.4,1.2857142857142858,1.0
1426271,G Coetzee,Punjab Kings,3,1.3,1.8,3.0,0.0
1426271,HH Pandya,Punjab Kings,1,0.7526881720430108,0.8,1.0,0.0
1426271,HV Patel,Mumbai Indians,4,1.4660194174757282,1.8,1.8571428571428572,3.0
1426271,Harpreet Brar,Mumbai Indians,0,0.6410256410256411,0.2,0.0,0.0
1426271,JJ Bumrah,Punjab Kings,3,1.368421052631579,2.0,1.5,0.0
1426271,K Rabada,Mumbai Indians,1,1.575,1.4,1.1666666666666667,0.0
1426271,LS Livingstone,Mumbai Indians,0,0.5,0.4,0.25,2.0
1426271,R Shepherd,Punjab Kings,0,0.75,0.4,0.0,0.0
1426271,SM Curran,Mumbai Indians,2,1.0689655172413792,1.8,1.3333333333333333,1.0
1426272,DL Chahar,Lucknow Super Giants,0,0.9753086419753086,0.8,0.25,1.0
1426272,KH Pandya,Chennai Super Kings,2,0.6837606837606838,1.0,0.75,0.0
1426272,M Pathirana,Lucknow Super Giants,1,1.9,2.2,1.6666666666666667,2.0
1426272,MJ Henry,Chennai Super Kings,0,0.5,0.6666666666666666,0.5,1.0
1426272,MM Ali,Lucknow Super Giants,0,0.7692307692307693,0.4,1.2,0.0
1426272,MP Stoinis,Chennai Super Kings,1,0.7258064516129032,0.4,0.4,1.0
1426272,Mohsin Khan,Chennai Super Kings,1,1.173913043478261,1.4,1.0,1.0
1426272,Mustafizur Rahman,Lucknow Super Giants,1,1.2280701754385965,1.4,0.5,1.0
1426272,RA Jadeja,Lucknow Super Giants,0,0.8009478672985783,0.8,0.2,0.0
1426272,Ravi Bishnoi,Chennai Super Kings,1,1.0461538461538462,0.8,1.0,0.0
1426272,TU Deshpande,Lucknow Super Giants,0,1.2777777777777777,0.8,0.6,0.0
1426272,Yash Thakur,Chennai Super Kings,1,1.4210526315789473,1.8,0.6666666666666666,1.0
1426273,A Nortje,Sunrisers Hyderabad,0,1.3478260869565217,1.2,0.75,1.0
1426273,AR Patel,Sunrisers Hyderabad,1,0.8851351351351351,0.8,0.8947368421052632,1.0
1426273,B Kumar,Delhi Capitals,1,1.1079545454545454,0.8,1.6666666666666667,0.0
1426273,KK Ahmed,Sunrisers Hyderabad,0,1.368421052631579,1.0,1.5,0.0
1426273,Kuldeep Yadav,Sunrisers Hyderabad,4,1.0975609756097562,2.0,1.2857142857142858,2.0
1426273,M Markande,Delhi Capitals,2,1.0,1.0,1.25,1.0
1426273,Mukesh Kumar,Sunrisers Hyderabad,2,1.55,2.0,0.6666666666666666,1.0
1426273,Nithish Kumar Reddy,Delhi Capitals,2,0.4444444444444444,0.75,2.0,0.0
1426273,PJ Cummins,Delhi Capitals,0,1.1379310344827587,1.2,1.2,1.0
1426273,Shahbaz Ahmed,Delhi Capitals,0,0.5,0.4,0.5,0.0
1426273,T Natarajan,Delhi Capitals,4,1.2459016393442623,2.0,1.6666666666666667,2.0
1426274,AD Russell,Royal Challengers Bengaluru,3,1.1160714285714286,1.0,2.5,0.0
1426274,C Green,Kolkata Knight Riders,2,0.6896551724137931,0.4,1.0,2.0
1426274,CV Varun,Royal Challengers Bengaluru,1,1.2142857142857142,1.4,0.5,0.0
1426274,Harshit Rana,Royal Challengers Bengaluru,2,1.4210526315789473,1.8,2.0,0.0
1426274,KV Sharma,Kolkata Knight Riders,0,1.0,1.0,1.3333333333333333,2.0
1426274,LH Ferguson,Kolkata Knight Riders,1,1.2666666666666666,0.8,1.0,0.0
1426274,MA Starc,Royal Challengers Bengaluru,2,1.5128205128205128,1.6,1.5,1.0
1426274,Mohammed Siraj,Kolkata Knight Riders,1,1.032258064516129,0.6,1.0714285714285714,0.0
1426274,SP Narine,Royal Challengers Bengaluru,2,1.1428571428571428,1.4,1.5,1.0
1426274,Yash Dayal,Kolkata Knight Riders,2,1.1071428571428572,1.0,1.25,1.0
1426275,Arshdeep Singh,Gujarat Titans,1,1.2923076923076924,1.2,0.6,2.0
1426275,Azmatullah Omarzai,Punjab Kings,0,0.5714285714285714,0.8,0.5,0.0
1426275,HV Patel,Gujarat Titans,3,1.4660194174757282,2.2,1.2,2.0
1426275,Harpreet Brar,Gujarat Titans,0,0.6410256410256411,0.2,0.6666666666666666,0.0
1426275,K Rabada,Gujarat Titans,0,1.575,1.2,1.8,0.0
1426275,LS Livingstone,Gujarat Titans,2,0.5,0.6,1.0,0.0
1426275,M Shahrukh Khan,Punjab Kings,0,0.0,0.0,0.0,0.0
1426275,MM Sharma,Punjab Kings,3,1.3243243243243243,1.8,2.0,0.0
1426275,Noor Ahmad,Punjab Kings,2,1.0434782608695652,0.8,2.0,1.0
1426275,R Sai Kishore,Punjab Kings,4,1.3,1.8,4.0,0.0
1426275,Rashid Khan,Punjab Kings,1,1.2975206611570247,1.0,1.1428571428571428,0.0
1426275,S Sandeep Warrier,Punjab Kings,0,0.8,0.4,0.0,3.0
1426275,SM Curran,Gujarat Titans,1,1.0689655172413792,1.4,0.6666666666666666,1.0
1426276,Avesh Khan,Mumbai Indians,1,1.3064516129032258,1.4,2.0,1.0
1426276,G Coetzee,Rajasthan Royals,0,1.3,1.8,0.0,1.0
1426276,HH Pandya,Rajasthan Royals,0,0.7526881720430108,0.8,1.2,0.0
1426276,JJ Bumrah,Rajasthan Royals,0,1.368421052631579,2.0,1.2857142857142858,1.0
1426276,Mohammad Nabi,Rajasthan Royals,0,0.6521739130434783,0.0,0.0,1.0
1426276,N Thushara,Rajasthan Royals,0,1.1428571428571428,0.0,0.0,0.0
1426276,PP Chawla,Rajasthan Royals,1,1.0523560209424083,0.6,1.0909090909090908,1.0
1426276,R Ashwin,Mumbai Indians,0,0.9519230769230769,0.0,0.7941176470588235,1.0
1426276,Sandeep Sharma,Mumbai Indians,5,1.2142857142857142,1.4,1.5,2.0
1426276,TA Boult,Mumbai Indians,2,1.2427184466019416,0.8,1.2727272727272727,1.0
1426276,YS Chahal,Mumbai Indians,1,1.3396226415094339,1.6,1.5,0.0
1426277,DL Chahar,Lucknow Super Giants,1,0.9753086419753086,0.8,0.25,0.0
1426277,KH Pandya,Chennai Super Kings,0,0.6837606837606838,1.0,0.75,0.0
1426277,M Pathirana,Lucknow Super Giants,2,1.9,2.2,1.6666666666666667,2.0
1426277,MJ Henry,Chennai Super Kings,1,0.5,0.75,0.5,0.0
1426277,MM Ali,Lucknow Super Giants,0,0.7692307692307693,0.4,1.2,0.0
1426277,MP Stoinis,Chennai Super Kings,1,0.7258064516129032,0.6,0.4,1.0
1426277,Mohsin Khan,Chennai Super Kings,1,1.173913043478261,1.4,1.0,0.0
1426277,Mustafizur Rahman,Lucknow Super Giants,1,1.2280701754385965,1.2,0.5,2.0
1426277,RA Jadeja,Lucknow Super Giants,0,0.8009478672985783,0.6,0.2,1.0
1426277,Ravi Bishnoi,Chennai Super Kings,0,1.0461538461538462,0.8,1.0,0.0
1426277,SN Thakur,Lucknow Super Giants,0,1.0869565217391304,0.6,1.5,1.0
1426277,TU Deshpande,Lucknow Super Giants,0,1.2777777777777777,0.8,0.6,4.0
1426277,Yash Thakur,Chennai Super Kings,1,1.4210526315789473,1.6,0.6666666666666666,1.0
1426278,AR Patel,Gujarat Titans,1,0.8851351351351351,1.0,0.5,0.0
1426278,Azmatullah Omarzai,Delhi Capitals,0,0.5714285714285714,0.4,0.0,0.0
1426278,KK Ahmed,Gujarat Titans,0,1.368421052631579,0.8,1.2,2.0
1426278,Kuldeep Yadav,Gujarat Titans,2,1.0975609756097562,2.0,0.8,0.0
1426278,MM Sharma,Delhi Capitals,0,1.3243243243243243,1.0,1.0,0.0
1426278,Mukesh Kumar,Gujarat Titans,1,1.55,2.0,1.3333333333333333,4.0
1426278,Noor Ahmad,Delhi Capitals,1,1.0434782608695652,0.6,0.3333333333333333,0.0
1426278,R Sai Kishore,Delhi Capitals,0,1.3,1.6,0.0,1.0
1426278,Rashid Khan,Delhi Capitals,0,1.2975206611570247,0.8,1.4615384615384615,0.0
1426278,Rasikh Salam,Gujarat Titans,3,0.8181818181818182,0.6,3.0,3.0
1426278,S Sandeep Warrier,Delhi Capitals,3,0.8,1.0,1.6666666666666667,0.0
1426279,Abhishek Sharma,Royal Challengers Bengaluru,0,0.4230769230769231,0.0,0.0,2.0
1426279,B Kumar,Royal Challengers Bengaluru,0,1.1079545454545454,0.8,0.0,1.0
1426279,C Green,Sunrisers Hyderabad,2,0.6896551724137931,0.8,1.0,0.0
1426279,JD Unadkat,Royal Challengers Bengaluru,3,1.0480769230769231,1.2,2.0,1.0
1426279,KV Sharma,Sunrisers Hyderabad,2,1.0,1.2,1.0,0.0
1426279,LH Ferguson,Sunrisers Hyderabad,0,1.2666666666666666,0.8,1.0,3.0
1426279,Mohammed Siraj,Sunrisers Hyderabad,0,1.032258064516129,0.6,0.9090909090909091,1.0
1426279,PJ Cummins,Royal Challengers Bengaluru,1,1.1379310344827587,1.2,2.0,0.0
1426279,Shahbaz Ahmed,Royal Challengers Bengaluru,0,0.5,0.2,0.0,0.0
1426279,Swapnil Singh,Sunrisers Hyderabad,2,0.5,0.4,2.0,1.0
1426279,T Natarajan,Royal Challengers Bengaluru,2,1.2459016393442623,1.8,1.5,1.0
1426279,WG Jacks,Sunrisers Hyderabad,1,0.4,0.6666666666666666,0.5,0.0
1426279,Yash Dayal,Sunrisers Hyderabad,1,1.1071428571428572,1.0,0.75,0.0
1426280,AD Russell,Punjab Kings,0,1.1160714285714286,0.8,0.5,0.0
1426280,Arshdeep Singh,Kolkata Knight Riders,2,1.2923076923076924,1.6,1.3333333333333333,2.0
1426280,CV Varun,Punjab Kings,0,1.2142857142857142,0.8,1.1666666666666667,3.0
1426280,HV Patel,Kolkata Knight Riders,2,1.4660194174757282,2.4,1.3076923076923077,0.0
1426280,Harpreet Brar,Kolkata Knight Riders,0,0.6410256410256411,0.0,0.25,2.0
1426280,Harshit Rana,Punjab Kings,0,1.4210526315789473,1.2,1.0,2.0
1426280,K Rabada,Kolkata Knight Riders,0,1.575,0.8,1.4,1.0
1426280,RD Chahar,Kolkata Knight Riders,1,0.987012987012987,0.8,1.5,2.0
1426280,SM Curran,Kolkata Knight Riders,1,1.0689655172413792,1.6,0.75,0.0
1426280,SP Narine,Punjab Kings,1,1.1428571428571428,1.4,1.0,1.0
1426281,AR Patel,Mumbai Indians,0,0.8851351351351351,0.6,0.7142857142857143,2.0
1426281,HH Pandya,Delhi Capitals,0,0.7526881720430108,0.6,0.6666666666666666,3.0
1426281,JJ Bumrah,Delhi Capitals,1,1.368421052631579,1.8,1.6666666666666667,0.0
1426281,KK Ahmed,Mumbai Indians,2,1.368421052631579,1.0,1.5,0.0
1426281,Kuldeep Yadav,Mumbai Indians,0,1.0975609756097562,1.8,0.7,0.0
1426281,LB Williams,Mumbai Indians,0,0.5,0.0,0.0,1.0
1426281,Mohammad Nabi,Delhi Capitals,1,0.6521739130434783,0.2,0.75,1.0
1426281,Mukesh Kumar,Mumbai Indians,4,1.55,2.2,3.0,2.0
1426281,N Thushara,Delhi Capitals,0,1.1428571428571428,0.0,0.0,1.0
1426281,PP Chawla,Delhi Capitals,1,1.0523560209424083,0.6,1.1666666666666667,0.0
1426281,Rasikh Salam,Mumbai Indians,3,0.8181818181818182,1.2,1.5,0.0
1426282,Avesh Khan,Lucknow Super Giants,1,1.3064516129032258,1.6,0.5,2.0
1426282,KH Pandya,Rajasthan Royals,0,0.6837606837606838,0.4,0.4,0.0
1426282,MJ Henry,Rajasthan Royals,0,0.5,0.6,0.0,0.0
1426282,MP Stoinis,Rajasthan Royals,1,0.7258064516129032,0.8,0.75,1.0
1426282,Mohsin Khan,Rajasthan Royals,0,1.173913043478261,1.2,0.3333333333333333,2.0
1426282,R Ashwin,Lucknow Super Giants,1,0.9519230769230769,0.2,1.0,0.0
1426282,Ravi Bishnoi,Rajasthan Royals,0,1.0461538461538462,0.6,0.8571428571428571,1.0
1426282,Sandeep Sharma,Lucknow Super Giants,2,1.2142857142857142,1.6,1.75,1.0
1426282,TA Boult,Lucknow Super Giants,1,1.2427184466019416,1.0,1.6,0.0
1426282,YS Chahal,Lucknow Super Giants,0,1.3396226415094339,1.2,1.2,0.0
1426282,Yash Thakur,Rajasthan Royals,1,1.4210526315789473,0.8,0.5,1.0
1426283,C Green,Gujarat Titans,0,0.6896551724137931,0.8,0.2,1.0
1426283,GJ Maxwell,Gujarat Titans,1,0.5189873417721519,1.0,0.6666666666666666,2.0
1426283,KV Sharma,Gujarat Titans,0,1.0,0.6,0.5,1.0
1426283,MM Sharma,Royal Challengers Bengaluru,0,1.3243243243243243,0.8,0.0,0.0
1426283,Mohammed Siraj,Gujarat Titans,1,1.032258064516129,0.6,1.25,2.0
1426283,Noor Ahmad,Royal Challengers Bengaluru,0,1.0434782608695652,0.6,1.0,2.0
1426283,Rashid Khan,Royal Challengers Bengaluru,0,1.2975206611570247,0.6,0.0,0.0
1426283,S Sandeep Warrier,Royal Challengers Bengaluru,0,0.8,1.0,0.0,1.0
1426283,Swapnil Singh,Gujarat Titans,1,0.5,0.6,0.3333333333333333,0.0
1426283,Yash Dayal,Gujarat Titans,0,1.1071428571428572,0.8,1.0,2.0
1426284,B Kumar,Chennai Super Kings,1,1.1079545454545454,0.8,0.7,3.0
1426284,DL Chahar,Sunrisers Hyderabad,0,0.9753086419753086,0.4,0.8333333333333334,0.0
1426284,JD Unadkat,Chennai Super Kings,1,1.0480769230769231,1.4,0.7692307692307693,0.0
1426284,Mustafizur Rahman,Sunrisers Hyderabad,2,1.2280701754385965,1.4,2.2,0.0
1426284,Nithish Kumar Reddy,Chennai Super Kings,0,0.4444444444444444,0.6,0.0,0.0
1426284,PJ Cummins,Chennai Super Kings,0,1.1379310344827587,1.0,0.75,2.0
1426284,RA Jadeja,Sunrisers Hyderabad,1,0.8009478672985783,0.8,0.43478260869565216,0.0
1426284,SN Thakur,Sunrisers Hyderabad,1,1.0869565217391304,0.6,0.9333333333333333,1.0
1426284,Shahbaz Ahmed,Chennai Super Kings,0,0.5,0.0,0.5,0.0
1426284,T Natarajan,Chennai Super Kings,1,1.2459016393442623,1.8,1.8333333333333333,2.0
1426284,TU Deshpande,Sunrisers Hyderabad,4,1.2777777777777777,1.6,1.0,2.0
1426285,AD Russell,Delhi Capitals,0,1.1160714285714286,0.8,0.875,2.0
1426285,AR Patel,Kolkata Knight Riders,2,0.8851351351351351,1.0,0.7619047619047619,1.0
1426285,CV Varun,Delhi Capitals,3,1.2142857142857142,1.4,1.8888888888888888,2.0
1426285,Harshit Rana,Delhi Capitals,2,1.4210526315789473,1.2,1.5,3.0
1426285,KK Ahmed,Kolkata Knight Riders,0,1.368421052631579,0.6,1.3333333333333333,2.0
1426285,Kuldeep Yadav,Kolkata Knight Riders,0,1.0975609756097562,1.2,2.5,2.0
1426285,MA Starc,Delhi Capitals,1,1.5128205128205128,1.4,1.5,4.0
1426285,Rasikh Salam,Kolkata Knight Riders,0,0.8181818181818182,1.2,0.0,1.0
1426285,SP Narine,Delhi Capitals,1,1.1428571428571428,1.4,0.8,2.0
1426285,VG Arora,Delhi Capitals,2,1.0,1.8,1.6666666666666667,0.0
1426286,DJ Hooda,Mumbai Indians,0,0.30303030303030304,0.2,0.4,0.0
1426286,G Coetzee,Lucknow Super Giants,1,1.3,1.2,1.0,0.0
1426286,HH Pandya,Lucknow Super Giants,3,0.7526881720430108,1.2,0.5,3.0
1426286,JJ Bumrah,Lucknow Super Giants,0,1.368421052631579,0.8,0.3333333333333333,3.0
1426286,MP Stoinis,Mumbai Indians,1,0.7258064516129032,0.8,1.1818181818181819,0.0
1426286,Mohsin Khan,Mumbai Indians,2,1.173913043478261,1.2,1.2,0.0
1426286,N Thushara,Lucknow Super Giants,1,1.1428571428571428,0.3333333333333333,2.0,3.0
1426286,Naveen-ul-Haq,Mumbai Indians,2,1.5294117647058822,1.2,2.0,3.0
1426286,PP Chawla,Lucknow Super Giants,0,1.0523560209424083,0.4,1.5,1.0
1426286,Ravi Bishnoi,Mumbai Indians,1,1.0461538461538462,0.4,1.3,1.0
1426287,Arshdeep Singh,Chennai Super Kings,2,1.2923076923076924,1.2,1.4285714285714286,2.0
1426287,HV Patel,Chennai Super Kings,0,1.4660194174757282,2.0,1.7,3.0
1426287,Harpreet Brar,Chennai Super Kings,2,0.6410256410256411,0.4,0.4,0.0
1426287,K Rabada,Chennai Super Kings,1,1.575,0.8,1.0,0.0
1426287,RA Jadeja,Punjab Kings,0,0.8009478672985783,0.2,0.8571428571428571,3.0
1426287,RD Chahar,Chennai Super Kings,2,0.987012987012987,1.0,1.1538461538461537,3.0
1426287,RJ Gleeson,Punjab Kings,1,0.5,1.0,0.5,0.0
1426287,SM Curran,Chennai Super Kings,0,1.0689655172413792,1.2,1.0,1.0
1426287,SN Thakur,Punjab Kings,1,1.0869565217391304,0.4,1.2857142857142858,1.0
1426288,Avesh Khan,Sunrisers Hyderabad,2,1.3064516129032258,1.6,2.2857142857142856,0.0
1426288,B Kumar,Rajasthan Royals,3,1.1079545454545454,1.0,1.0555555555555556,1.0
1426288,JD Unadkat,Rajasthan Royals,0,1.0480769230769231,1.2,0.5714285714285714,0.0
1426288,M Jansen,Rajasthan Royals,0,1.0476190476190477,1.0,0.5,1.0
1426288,Nithish Kumar Reddy,Rajasthan Royals,0,0.4444444444444444,0.6,0.0,0.0
1426288,PJ Cummins,Rajasthan Royals,2,1.1379310344827587,1.2,1.5,1.0
1426288,R Ashwin,Sunrisers Hyderabad,0,0.9519230769230769,0.2,0.65,3.0
1426288,Sandeep Sharma,Sunrisers Hyderabad,1,1.2142857142857142,1.8,1.2727272727272727,3.0
1426288,Shahbaz Ahmed,Rajasthan Royals,0,0.5,0.0,0.8333333333333334,0.0
1426288,T Natarajan,Rajasthan Royals,2,1.2459016393442623,2.0,1.1428571428571428,0.0
1426288,TA Boult,Sunrisers Hyderabad,0,1.2427184466019416,1.0,1.4166666666666667,1.0
1426288,YS Chahal,Sunrisers Hyderabad,0,1.3396226415094339,0.8,1.3333333333333333,1.0
1426289,AD Russell,Mumbai Indians,2,1.1160714285714286,1.0,1.0555555555555556,2.0
1426289,CV Varun,Mumbai Indians,2,1.2142857142857142,1.6,1.125,3.0
1426289,HH Pandya,Kolkata Knight Riders,3,0.7526881720430108,1.4,1.25,3.0
1426289,JJ Bumrah,Kolkata Knight Riders,3,1.368421052631579,1.4,1.5,1.0
1426289,MA Starc,Mumbai Indians,4,1.5128205128205128,2.2,1.8,1.0
1426289,N Thushara,Kolkata Knight Riders,3,1.1428571428571428,1.0,2.0,0.0
1426289,Naman Dhir,Kolkata Knight Riders,0,0.0,0.0,0.0,0.0
1426289,PP Chawla,Kolkata Knight Riders,1,1.0523560209424083,0.6,1.0,3.0
1426289,SP Narine,Mumbai Indians,2,1.1428571428571428,1.6,1.2173913043478262,1.0
1426289,VG Arora,Mumbai Indians,0,1.0,1.2,0.6666666666666666,0.0
1426290,C Green,Gujarat Titans,1,0.6896551724137931,1.0,0.2,0.0
1426290,KV Sharma,Gujarat Titans,1,1.0,0.8,0.5,2.0
1426290,MM Sharma,Royal Challengers Bengaluru,0,1.3243243243243243,0.8,0.0,3.0
1426290,Mohammed Siraj,Gujarat Titans,2,1.032258064516129,0.8,1.25,3.0
1426290,Noor Ahmad,Royal Challengers Bengaluru,2,1.0434782608695652,1.0,1.0,0.0
1426290,Rashid Khan,Royal Challengers Bengaluru,0,1.2975206611570247,0.4,0.0,2.0
1426290,Swapnil Singh,Gujarat Titans,0,0.5,0.6,0.3333333333333333,2.0
1426290,Yash Dayal,Gujarat Titans,2,1.1071428571428572,1.0,1.0,0.0
1426291,Arshdeep Singh,Chennai Super Kings,2,1.2923076923076924,1.4,1.4285714285714286,1.0
1426291,HV Patel,Chennai Super Kings,3,1.4660194174757282,2.4,1.7,3.0
1426291,Harpreet Brar,Chennai Super Kings,0,0.6410256410256411,0.4,0.4,0.0
1426291,MJ Santner,Punjab Kings,1,0.8888888888888888,1.0,0.5,0.0
1426291,RA Jadeja,Punjab Kings,3,0.8009478672985783,0.8,0.8571428571428571,0.0
1426291,RD Chahar,Chennai Super Kings,3,0.987012987012987,1.4,1.1538461538461537,0.0
1426291,SM Curran,Chennai Super Kings,1,1.0689655172413792,1.0,1.0,1.0
1426291,SN Thakur,Punjab Kings,1,1.0869565217391304,0.6,1.2857142857142858,0.0
1426291,Simarjeet Singh,Punjab Kings,2,1.0,1.2,2.0,1.0
1426291,TU Deshpande,Punjab Kings,2,1.2777777777777777,1.4,2.5,2.0
1426292,AD Russell,Lucknow Super Giants,2,1.1160714285714286,1.4,1.0,2.0
1426292,CV Varun,Lucknow Super Giants,3,1.2142857142857142,1.8,1.25,2.0
1426292,Harshit Rana,Lucknow Super Giants,3,1.4210526315789473,1.8,1.0,3.0
1426292,KH Pandya,Kolkata Knight Riders,0,0.6837606837606838,0.4,0.6,0.0
1426292,MA Starc,Lucknow Super Giants,1,1.5128205128205128,1.8,2.0,0.0
1426292,Mohsin Khan,Kolkata Knight Riders,0,1.173913043478261,0.8,1.2,0.0
1426292,Naveen-ul-Haq,Kolkata Knight Riders,3,1.5294117647058822,1.8,1.5,0.0
1426292,Ravi Bishnoi,Kolkata Knight Riders,1,1.0461538461538462,0.6,1.2222222222222223,0.0
1426292,SP Narine,Lucknow Super Giants,1,1.1428571428571428,1.4,1.0,1.0
1426292,VG Arora,Lucknow Super Giants,0,1.0,0.8,1.0,0.0
1426292,Yash Thakur,Kolkata Knight Riders,1,1.4210526315789473,0.8,1.3333333333333333,0.0
1426292,Yudhvir Singh,Kolkata Knight Riders,1,0.8,1.0,1.0,0.0
1426293,A Kamboj,Sunrisers Hyderabad,1,0.6666666666666666,1.0,1.0,1.0
1426293,B Kumar,Mumbai Indians,1,1.1079545454545454,1.2,1.15,2.0
1426293,HH Pandya,Sunrisers Hyderabad,3,0.7526881720430108,1.8,0.9090909090909091,0.0
1426293,JJ Bumrah,Sunrisers Hyderabad,1,1.368421052631579,1.0,1.2666666666666666,3.0
1426293,N Thushara,Sunrisers Hyderabad,0,1.1428571428571428,0.8,0.0,1.0
1426293,Nithish Kumar Reddy,Mumbai Indians,0,0.4444444444444444,0.6,0.0,1.0
1426293,PJ Cummins,Mumbai Indians,1,1.1379310344827587,0.8,1.4444444444444444,1.0
1426293,PP Chawla,Sunrisers Hyderabad,3,1.0523560209424083,1.2,0.9473684210526315,2.0
1426293,Shahbaz Ahmed,Mumbai Indians,0,0.5,0.0,0.25,0.0
1426293,T Natarajan,Mumbai Indians,0,1.2459016393442623,1.8,0.6,1.0
1426294,AR Patel,Rajasthan Royals,1,0.8851351351351351,1.0,1.0,0.0
1426294,Avesh Khan,Delhi Capitals,0,1.3064516129032258,1.2,0.75,1.0
1426294,I Sharma,Rajasthan Royals,0,0.8727272727272727,1.2,1.0,1.0
1426294,KK Ahmed,Rajasthan Royals,2,1.368421052631579,0.8,1.0,2.0
1426294,Kuldeep Yadav,Rajasthan Royals,2,1.0975609756097562,1.6,1.1,1.0
1426294,Mukesh Kumar,Rajasthan Royals,2,1.55,2.4,1.6666666666666667,3.0
1426294,R Ashwin,Delhi Capitals,3,0.9519230769230769,0.8,1.2857142857142858,2.0
1426294,Rasikh Salam,Rajasthan Royals,1,0.8181818181818182,1.4,1.0,2.0
1426294,Sandeep Sharma,Delhi Capitals,3,1.2142857142857142,2.2,1.0,0.0
1426294,TA Boult,Delhi Capitals,1,1.2427184466019416,1.0,1.4545454545454546,0.0
1426294,YS Chahal,Delhi Capitals,1,1.3396226415094339,0.6,1.0,1.0
1426295,B Kumar,Lucknow Super Giants,2,1.1079545454545454,1.4,0.75,0.0
1426295,JD Unadkat,Lucknow Super Giants,0,1.0480769230769231,1.0,0.6666666666666666,0.0
1426295,Naveen-ul-Haq,Sunrisers Hyderabad,0,1.5294117647058822,1.4,0.0,2.0
1426295,PJ Cummins,Lucknow Super Giants,1,1.1379310344827587,1.0,1.0,1.0
1426295,Ravi Bishnoi,Sunrisers Hyderabad,0,1.0461538461538462,0.4,1.1428571428571428,1.0
1426295,Shahbaz Ahmed,Lucknow Super Giants,0,0.5,0.0,0.0,0.0
1426295,T Natarajan,Lucknow Super Giants,1,1.2459016393442623,1.2,0.75,2.0
1426295,V Viyaskanth,Lucknow Super Giants,0,0.3333333333333333,0.0,0.0,1.0
1426296,Arshdeep Singh,Royal Challengers Bengaluru,1,1.2923076923076924,1.6,0.5,1.0
1426296,C Green,Punjab Kings,0,0.6896551724137931,1.0,0.5,2.0
1426296,HV Patel,Royal Challengers Bengaluru,3,1.4660194174757282,2.2,2.0,3.0
1426296,KV Sharma,Punjab Kings,2,1.0,1.0,2.0,0.0
1426296,LH Ferguson,Punjab Kings,3,1.2666666666666666,1.4,2.0,2.0
1426296,Mohammed Siraj,Punjab Kings,3,1.032258064516129,1.4,1.5714285714285714,1.0
1426296,RD Chahar,Royal Challengers Bengaluru,0,0.987012987012987,1.4,0.0,2.0
1426296,SM Curran,Royal Challengers Bengaluru,1,1.0689655172413792,0.8,1.0,2.0
1426296,Swapnil Singh,Punjab Kings,2,0.5,1.0,2.0,1.0
1426296,WG Jacks,Punjab Kings,0,0.4,0.5,0.0,0.0
1426296,Yash Dayal,Punjab Kings,0,1.1071428571428572,1.0,0.5,4.0
1426297,MJ Santner,Gujarat Titans,0,0.8888888888888888,0.8,0.0,2.0
1426297,RA Jadeja,Gujarat Titans,0,0.8009478672985783,0.8,0.8333333333333334,0.0
1426297,SN Thakur,Gujarat Titans,0,1.0869565217391304,0.6,0.0,0.0
1426297,Simarjeet Singh,Gujarat Titans,1,1.0,1.0,0.5,3.0
1426297,TU Deshpande,Gujarat Titans,2,1.2777777777777777,1.6,1.2,2.0
1426298,A Kamboj,Kolkata Knight Riders,1,0.6666666666666666,1.0,1.0,0.0
1426298,AD Russell,Mumbai Indians,2,1.1160714285714286,1.2,1.0555555555555556,1.0
1426298,CV Varun,Mumbai Indians,2,1.2142857142857142,2.0,1.125,2.0
1426298,HH Pandya,Kolkata Knight Riders,0,0.7526881720430108,1.8,1.25,0.0
1426298,Harshit Rana,Mumbai Indians,3,1.4210526315789473,2.0,3.0,1.0
1426298,MA Starc,Mumbai Indians,0,1.5128205128205128,1.6,1.8,3.0
1426298,N Thushara,Kolkata Knight Riders,1,1.1428571428571428,1.0,2.0,3.0
1426298,PP Chawla,Kolkata Knight Riders,2,1.0523560209424083,1.4,1.0,3.0
1426298,SP Narine,Mumbai Indians,1,1.1428571428571428,1.2,1.2173913043478262,2.0
1426298,VG Arora,Mumbai Indians,0,1.0,0.6,0.6666666666666666,1.0
1426299,Avesh Khan,Chennai Super Kings,1,1.3064516129032258,1.0,1.0,2.0
1426299,M Theekshana,Rajasthan Royals,0,0.9259259259259259,0.4,0.3333333333333333,0.0
1426299,R Ashwin,Chennai Super Kings,2,0.9519230769230769,1.2,1.25,0.0
1426299,RA Jadeja,Rajasthan Royals,0,0.8009478672985783,0.8,1.0476190476190477,0.0
1426299,SN Thakur,Rajasthan Royals,0,1.0869565217391304,0.6,0.9090909090909091,2.0
1426299,Sandeep Sharma,Chennai Super Kings,0,1.2142857142857142,2.2,0.75,0.0
1426299,Simarjeet Singh,Rajasthan Royals,3,1.0,1.4,2.0,0.0
1426299,TA Boult,Chennai Super Kings,0,1.2427184466019416,0.8,1.25,1.0
1426299,TU Deshpande,Rajasthan Royals,2,1.2777777777777777,2.0,2.25,1.0
1426299,YS Chahal,Chennai Super Kings,1,1.3396226415094339,0.6,1.1176470588235294,2.0
1426300,AR Patel,Royal Challengers Bengaluru,0,0.8851351351351351,0.8,0.0,1.0
1426300,C Green,Delhi Capitals,2,0.6896551724137931,1.0,1.0,1.0
1426300,I Sharma,Royal Challengers Bengaluru,1,0.8727272727272727,1.0,1.0,3.0
1426300,KK Ahmed,Royal Challengers Bengaluru,2,1.368421052631579,1.2,2.0,1.0
1426300,KV Sharma,Delhi Capitals,0,1.0,1.0,0.3333333333333333,0.0
1426300,Kuldeep Yadav,Royal Challengers Bengaluru,1,1.0975609756097562,1.0,1.0,1.0
1426300,LH Ferguson,Delhi Capitals,2,1.2666666666666666,1.6,1.5714285714285714,1.0
1426300,Mohammed Siraj,Delhi Capitals,1,1.032258064516129,1.4,1.4444444444444444,1.0
1426300,Mukesh Kumar,Royal Challengers Bengaluru,3,1.55,2.4,3.0,2.0
1426300,Rasikh Salam,Royal Challengers Bengaluru,2,0.8181818181818182,1.8,2.0,0.0
1426300,Swapnil Singh,Delhi Capitals,1,0.5,1.2,1.0,0.0
1426300,Yash Dayal,Delhi Capitals,4,1.1071428571428572,1.4,2.0,2.0
1426302,Arshad Khan,Delhi Capitals,1,0.6666666666666666,1.0,0.3333333333333333,0.0
1426302,KH Pandya,Delhi Capitals,0,0.6837606837606838,0.4,0.4166666666666667,1.0
1426302,Mohsin Khan,Delhi Capitals,0,1.173913043478261,0.6,2.0,1.0
1426302,Naveen-ul-Haq,Delhi Capitals,2,1.5294117647058822,1.6,1.5,2.0
1426302,Ravi Bishnoi,Delhi Capitals,1,1.0461538461538462,0.6,1.125,2.0
1426303,Arshdeep Singh,Rajasthan Royals,1,1.2923076923076924,1.6,1.8888888888888888,2.0
1426303,Avesh Khan,Punjab Kings,2,1.3064516129032258,1.2,0.8571428571428571,3.0
1426303,HV Patel,Rajasthan Royals,3,1.4660194174757282,2.2,1.8333333333333333,2.0
1426303,Harpreet Brar,Rajasthan Royals,0,0.6410256410256411,0.4,0.25,1.0
1426303,R Ashwin,Punjab Kings,0,0.9519230769230769,1.2,0.75,2.0
1426303,RD Chahar,Rajasthan Royals,2,0.987012987012987,1.6,1.1111111111111112,0.0
1426303,Sandeep Sharma,Punjab Kings,0,1.2142857142857142,1.2,0.3333333333333333,1.0
1426303,TA Boult,Punjab Kings,1,1.2427184466019416,0.6,0.42857142857142855,1.0
1426303,YS Chahal,Punjab Kings,2,1.3396226415094339,0.8,1.7142857142857142,1.0
1426306,C Green,Chennai Super Kings,1,0.6896551724137931,0.8,0.75,2.0
1426306,KV Sharma,Chennai Super Kings,0,1.0,0.6,0.625,1.0
1426306,LH Ferguson,Chennai Super Kings,1,1.2666666666666666,1.4,0.6,1.0
1426306,Mohammed Siraj,Chennai Super Kings,1,1.032258064516129,1.6,0.2727272727272727,2.0
1426306,Swapnil Singh,Chennai Super Kings,0,0.5,0.8,0.0,0.0
1426306,Yash Dayal,Chennai Super Kings,2,1.1071428571428572,1.6,0.8,0.0
1426307,B Kumar,Punjab Kings,0,1.1079545454545454,1.4,1.1428571428571428,0.0
1426307,Nithish Kumar Reddy,Punjab Kings,1,0.4444444444444444,0.6,1.0,0.0
1426307,PJ Cummins,Punjab Kings,1,1.1379310344827587,1.0,1.3333333333333333,1.0
1426307,Shahbaz Ahmed,Punjab Kings,0,0.5,0.0,0.5,3.0
1426307,T Natarajan,Punjab Kings,2,1.2459016393442623,1.2,1.0,1.0
1426307,V Viyaskanth,Punjab Kings,1,0.3333333333333333,0.5,1.0,0.0
1426309,AD Russell,Sunrisers Hyderabad,1,1.1160714285714286,1.4,1.3888888888888888,3.0
1426309,B Kumar,Kolkata Knight Riders,0,1.1079545454545454,1.2,1.1,0.0
1426309,CV Varun,Sunrisers Hyderabad,2,1.2142857142857142,2.4,1.0,1.0
1426309,Harshit Rana,Sunrisers Hyderabad,1,1.4210526315789473,1.8,1.75,2.0
1426309,MA Starc,Sunrisers Hyderabad,3,1.5128205128205128,1.8,1.3333333333333333,2.0
1426309,PJ Cummins,Kolkata Knight Riders,1,1.1379310344827587,1.2,1.0,1.0
1426309,SP Narine,Sunrisers Hyderabad,2,1.1428571428571428,1.4,0.64,1.0
1426309,T Natarajan,Kolkata Knight Riders,1,1.2459016393442623,1.2,1.6,1.0
1426309,VG Arora,Sunrisers Hyderabad,1,1.0,0.6,1.0,1.0
1426310,Avesh Khan,Royal Challengers Bengaluru,3,1.3064516129032258,1.6,1.5,4.0
1426310,R Ashwin,Royal Challengers Bengaluru,2,0.9519230769230769,1.4,1.0,0.0
1426310,Sandeep Sharma,Royal Challengers Bengaluru,1,1.2142857142857142,1.0,1.0,2.0
1426310,TA Boult,Royal Challengers Bengaluru,1,1.2427184466019416,0.6,0.5,3.0
1426310,YS Chahal,Royal Challengers Bengaluru,1,1.3396226415094339,1.0,1.5,0.0
1426311,AK Markram,Rajasthan Royals,0,0.14285714285714285,0.2,0.0,0.0
1426311,B Kumar,Rajasthan Royals,0,1.1079545454545454,0.6,1.0555555555555556,0.0
1426311,JD Unadkat,Rajasthan Royals,0,1.0480769230769231,0.8,0.5714285714285714,0.0
1426311,PJ Cummins,Rajasthan Royals,1,1.1379310344827587,1.0,1.5,1.0
1426311,Shahbaz Ahmed,Rajasthan Royals,3,0.5,0.6,0.8333333333333334,1.0
1426311,T Natarajan,Rajasthan Royals,1,1.2459016393442623,1.0,1.1428571428571428,0.0
